"search-number","evaluation","evals-requested-so-far","number_of_agents*","number_of_opinion_dimensions*","model*","boundary_mean*","set-seed?*","boundary_distribution*","conformity_mean*","conformity_distribution*","boundary_std*","network_type*","scale_free_degree*","scale_free_selection-mu*","scale_free_selection-sigma*","scale_free_selection-distribution*","media_house_distribution*","number_of_media_houses*","media_house_distribution_normal_mean*","media_house_distribution_normal_std*","opinion_distribution*","opinion_mean*","opinion_std*","save_end_sim_data*","endsimdirectory*","use_media_influence_factor?*","media_influence_factor*","silence_alpha*","silence_tau*","silence_delta0*","classify_proponents_by_boundary?*","use_silence?*","random-seed","min-result","max-result","mean-result","stdev-result","final-step-result"
"1","1","120","1000","1","""HK""","0.17","false","""normal""","1","""constant""","0.5","""Scale-free""","4","0","1","""uniform""","""deterministic-normal""","5","1","0.2","""normal""","-0.19999999999999996","0.6000000000000001","false","""/home/ramaswamy.51/Documents/github/Spirals/Media/data/cluster/endsim/BehaviorSearch/Step6_Trial""","true","0.8","0.30000000000000004","2","-1","true","true","""346646442""","0.3469237454157695","0.3469237454157695","0.3469237454157695","0","0.3469237454157695"
"1","2","120","1000","1","""HK""","0.17","false","""normal""","1","""constant""","0.5","""Scale-free""","4","0","1","""uniform""","""deterministic-normal""","5","1","0.2","""normal""","-0.19999999999999996","0.6000000000000001","false","""/home/ramaswamy.51/Documents/github/Spirals/Media/data/cluster/endsim/BehaviorSearch/Step6_Trial""","true","0.8","0.30000000000000004","2","-1","true","true","""-1546673549""","0.33626984073973926","0.33626984073973926","0.33626984073973926","0","0.33626984073973926"
"1","3","120","1000","1","""HK""","0.17","false","""normal""","1","""constant""","0.5","""Scale-free""","4","0","1","""uniform""","""deterministic-normal""","5","1","0.2","""normal""","-0.19999999999999996","0.6000000000000001","false","""/home/ramaswamy.51/Documents/github/Spirals/Media/data/cluster/endsim/BehaviorSearch/Step6_Trial""","true","0.8","0.30000000000000004","2","-1","true","true","""-1708829527""","0.3341442513634001","0.3341442513634001","0.3341442513634001","0","0.3341442513634001"
"1","4","120","1000","1","""HK""","0.17","false","""normal""","1","""constant""","0.5","""Scale-free""","4","0","1","""uniform""","""deterministic-normal""","5","1","0.2","""normal""","-0.19999999999999996","0.6000000000000001","false","""/home/ramaswamy.51/Documents/github/Spirals/Media/data/cluster/endsim/BehaviorSearch/Step6_Trial""","true","0.8","0.30000000000000004","2","-1","true","true","""1044336419""","0.3293979810277228","0.3293979810277228","0.3293979810277228","0","0.3293979810277228"
"1","5","120","1000","1","""HK""","0.060000000000000005","false","""normal""","1","""constant""","0.2","""Scale-free""","1","0","1","""uniform""","""deterministic-normal""","10","-0.7","0.6000000000000001","""normal""","-0.29999999999999993","0.9","false","""/home/ramaswamy.51/Documents/github/Spirals/Media/data/cluster/endsim/BehaviorSearch/Step6_Trial""","true","0.6000000000000001","1","4","-0.9","true","true","""-83660773""","0.15269092421639768","0.15269092421639768","0.15269092421639768","0","0.15269092421639768"
"1","6","120","1000","1","""HK""","0.060000000000000005","false","""normal""","1","""constant""","0.2","""Scale-free""","1","0","1","""uniform""","""deterministic-normal""","10","-0.7","0.6000000000000001","""normal""","-0.29999999999999993","0.9","false","""/home/ramaswamy.51/Documents/github/Spirals/Media/data/cluster/endsim/BehaviorSearch/Step6_Trial""","true","0.6000000000000001","1","4","-0.9","true","true","""1994872336""","0.14703438872407845","0.14703438872407845","0.14703438872407845","0","0.14703438872407845"
"1","7","120","1000","1","""HK""","0.060000000000000005","false","""normal""","1","""constant""","0.2","""Scale-free""","1","0","1","""uniform""","""deterministic-normal""","10","-0.7","0.6000000000000001","""normal""","-0.29999999999999993","0.9","false","""/home/ramaswamy.51/Documents/github/Spirals/Media/data/cluster/endsim/BehaviorSearch/Step6_Trial""","true","0.6000000000000001","1","4","-0.9","true","true","""-2042492300""","0.13282221076062162","0.13282221076062162","0.13282221076062162","0","0.13282221076062162"
"1","8","120","1000","1","""HK""","0.060000000000000005","false","""normal""","1","""constant""","0.2","""Scale-free""","1","0","1","""uniform""","""deterministic-normal""","10","-0.7","0.6000000000000001","""normal""","-0.29999999999999993","0.9","false","""/home/ramaswamy.51/Documents/github/Spirals/Media/data/cluster/endsim/BehaviorSearch/Step6_Trial""","true","0.6000000000000001","1","4","-0.9","true","true","""-933152907""","0.15310093257641905","0.15310093257641905","0.15310093257641905","0","0.15310093257641905"
"1","9","120","1000","1","""HK""","0.03","false","""normal""","1","""constant""","0.4","""Scale-free""","2","0","1","""uniform""","""deterministic-normal""","35","-0.7","0","""normal""","1","0.7000000000000001","false","""/home/ramaswamy.51/Documents/github/Spirals/Media/data/cluster/endsim/BehaviorSearch/Step6_Trial""","true","0.7000000000000001","0.4","0","-0.9","true","true","""-190950875""","0.3343259006132664","0.3343259006132664","0.3343259006132664","0","0.3343259006132664"
"1","10","120","1000","1","""HK""","0.03","false","""normal""","1","""constant""","0.4","""Scale-free""","2","0","1","""uniform""","""deterministic-normal""","35","-0.7","0","""normal""","1","0.7000000000000001","false","""/home/ramaswamy.51/Documents/github/Spirals/Media/data/cluster/endsim/BehaviorSearch/Step6_Trial""","true","0.7000000000000001","0.4","0","-0.9","true","true","""-1350227067""","0.3438323880522426","0.3438323880522426","0.3438323880522426","0","0.3438323880522426"
"1","11","120","1000","1","""HK""","0.03","false","""normal""","1","""constant""","0.4","""Scale-free""","2","0","1","""uniform""","""deterministic-normal""","35","-0.7","0","""normal""","1","0.7000000000000001","false","""/home/ramaswamy.51/Documents/github/Spirals/Media/data/cluster/endsim/BehaviorSearch/Step6_Trial""","true","0.7000000000000001","0.4","0","-0.9","true","true","""-309409569""","0.35886405165756735","0.35886405165756735","0.35886405165756735","0","0.35886405165756735"
"1","12","120","1000","1","""HK""","0.03","false","""normal""","1","""constant""","0.4","""Scale-free""","2","0","1","""uniform""","""deterministic-normal""","35","-0.7","0","""normal""","1","0.7000000000000001","false","""/home/ramaswamy.51/Documents/github/Spirals/Media/data/cluster/endsim/BehaviorSearch/Step6_Trial""","true","0.7000000000000001","0.4","0","-0.9","true","true","""833609924""","0.3238622863756914","0.3238622863756914","0.3238622863756914","0","0.3238622863756914"
"1","13","120","1000","1","""HK""","0.03","false","""normal""","1","""constant""","0.1","""Scale-free""","1","0","1","""uniform""","""deterministic-normal""","40","-0.3999999999999999","0.2","""normal""","0","0.6000000000000001","false","""/home/ramaswamy.51/Documents/github/Spirals/Media/data/cluster/endsim/BehaviorSearch/Step6_Trial""","true","0","1","7","0.10000000000000009","true","true","""1036309483""","0.12297116515348233","0.12297116515348233","0.12297116515348233","0","0.12297116515348233"
"1","14","120","1000","1","""HK""","0.03","false","""normal""","1","""constant""","0.1","""Scale-free""","1","0","1","""uniform""","""deterministic-normal""","40","-0.3999999999999999","0.2","""normal""","0","0.6000000000000001","false","""/home/ramaswamy.51/Documents/github/Spirals/Media/data/cluster/endsim/BehaviorSearch/Step6_Trial""","true","0","1","7","0.10000000000000009","true","true","""-203767838""","0.12361568344082481","0.12361568344082481","0.12361568344082481","0","0.12361568344082481"
"1","15","120","1000","1","""HK""","0.03","false","""normal""","1","""constant""","0.1","""Scale-free""","1","0","1","""uniform""","""deterministic-normal""","40","-0.3999999999999999","0.2","""normal""","0","0.6000000000000001","false","""/home/ramaswamy.51/Documents/github/Spirals/Media/data/cluster/endsim/BehaviorSearch/Step6_Trial""","true","0","1","7","0.10000000000000009","true","true","""28184103""","0.14045895180344153","0.14045895180344153","0.14045895180344153","0","0.14045895180344153"
"1","16","120","1000","1","""HK""","0.03","false","""normal""","1","""constant""","0.1","""Scale-free""","1","0","1","""uniform""","""deterministic-normal""","40","-0.3999999999999999","0.2","""normal""","0","0.6000000000000001","false","""/home/ramaswamy.51/Documents/github/Spirals/Media/data/cluster/endsim/BehaviorSearch/Step6_Trial""","true","0","1","7","0.10000000000000009","true","true","""-983237252""","0.1179339742224957","0.1179339742224957","0.1179339742224957","0","0.1179339742224957"
"1","17","120","1000","1","""HK""","0.24000000000000002","false","""normal""","1","""constant""","0.2","""Scale-free""","2","0","1","""uniform""","""deterministic-normal""","25","0","0.30000000000000004","""normal""","-0.6","0.4","false","""/home/ramaswamy.51/Documents/github/Spirals/Media/data/cluster/endsim/BehaviorSearch/Step6_Trial""","true","0.5","0.8","7","-0.6","true","true","""-1236991575""","0.42331423527837275","0.42331423527837275","0.42331423527837275","0","0.42331423527837275"
"1","18","120","1000","1","""HK""","0.24000000000000002","false","""normal""","1","""constant""","0.2","""Scale-free""","2","0","1","""uniform""","""deterministic-normal""","25","0","0.30000000000000004","""normal""","-0.6","0.4","false","""/home/ramaswamy.51/Documents/github/Spirals/Media/data/cluster/endsim/BehaviorSearch/Step6_Trial""","true","0.5","0.8","7","-0.6","true","true","""780512804""","0.42597435936355804","0.42597435936355804","0.42597435936355804","0","0.42597435936355804"
"1","19","120","1000","1","""HK""","0.24000000000000002","false","""normal""","1","""constant""","0.2","""Scale-free""","2","0","1","""uniform""","""deterministic-normal""","25","0","0.30000000000000004","""normal""","-0.6","0.4","false","""/home/ramaswamy.51/Documents/github/Spirals/Media/data/cluster/endsim/BehaviorSearch/Step6_Trial""","true","0.5","0.8","7","-0.6","true","true","""-1533532329""","0.41460293701937195","0.41460293701937195","0.41460293701937195","0","0.41460293701937195"
"1","20","120","1000","1","""HK""","0.24000000000000002","false","""normal""","1","""constant""","0.2","""Scale-free""","2","0","1","""uniform""","""deterministic-normal""","25","0","0.30000000000000004","""normal""","-0.6","0.4","false","""/home/ramaswamy.51/Documents/github/Spirals/Media/data/cluster/endsim/BehaviorSearch/Step6_Trial""","true","0.5","0.8","7","-0.6","true","true","""2145469917""","0.4274102462289446","0.4274102462289446","0.4274102462289446","0","0.4274102462289446"
"1","21","120","1000","1","""HK""","0.09","false","""normal""","1","""constant""","0.1","""Scale-free""","4","0","1","""uniform""","""deterministic-normal""","20","-0.3999999999999999","0.2","""normal""","0.30000000000000004","0.5","false","""/home/ramaswamy.51/Documents/github/Spirals/Media/data/cluster/endsim/BehaviorSearch/Step6_Trial""","true","0.7000000000000001","0.8","8","0.20000000000000018","true","true","""-1841295562""","0.2517276820189154","0.2517276820189154","0.2517276820189154","0","0.2517276820189154"
"1","22","120","1000","1","""HK""","0.09","false","""normal""","1","""constant""","0.1","""Scale-free""","4","0","1","""uniform""","""deterministic-normal""","20","-0.3999999999999999","0.2","""normal""","0.30000000000000004","0.5","false","""/home/ramaswamy.51/Documents/github/Spirals/Media/data/cluster/endsim/BehaviorSearch/Step6_Trial""","true","0.7000000000000001","0.8","8","0.20000000000000018","true","true","""1283666549""","0.2526390372544141","0.2526390372544141","0.2526390372544141","0","0.2526390372544141"
"1","23","120","1000","1","""HK""","0.09","false","""normal""","1","""constant""","0.1","""Scale-free""","4","0","1","""uniform""","""deterministic-normal""","20","-0.3999999999999999","0.2","""normal""","0.30000000000000004","0.5","false","""/home/ramaswamy.51/Documents/github/Spirals/Media/data/cluster/endsim/BehaviorSearch/Step6_Trial""","true","0.7000000000000001","0.8","8","0.20000000000000018","true","true","""1325974810""","0.24143137278179033","0.24143137278179033","0.24143137278179033","0","0.24143137278179033"
"1","24","120","1000","1","""HK""","0.09","false","""normal""","1","""constant""","0.1","""Scale-free""","4","0","1","""uniform""","""deterministic-normal""","20","-0.3999999999999999","0.2","""normal""","0.30000000000000004","0.5","false","""/home/ramaswamy.51/Documents/github/Spirals/Media/data/cluster/endsim/BehaviorSearch/Step6_Trial""","true","0.7000000000000001","0.8","8","0.20000000000000018","true","true","""850829911""","0.2501278769068893","0.2501278769068893","0.2501278769068893","0","0.2501278769068893"
"1","25","120","1000","1","""HK""","0.05","false","""normal""","1","""constant""","0.30000000000000004","""Scale-free""","2","0","1","""uniform""","""deterministic-normal""","40","-0.19999999999999996","0.5","""normal""","-1","0.30000000000000004","false","""/home/ramaswamy.51/Documents/github/Spirals/Media/data/cluster/endsim/BehaviorSearch/Step6_Trial""","true","0.2","0.5","5","-0.19999999999999996","true","true","""155830129""","0.3859000468676724","0.3859000468676724","0.3859000468676724","0","0.3859000468676724"
"1","26","120","1000","1","""HK""","0.05","false","""normal""","1","""constant""","0.30000000000000004","""Scale-free""","2","0","1","""uniform""","""deterministic-normal""","40","-0.19999999999999996","0.5","""normal""","-1","0.30000000000000004","false","""/home/ramaswamy.51/Documents/github/Spirals/Media/data/cluster/endsim/BehaviorSearch/Step6_Trial""","true","0.2","0.5","5","-0.19999999999999996","true","true","""409816829""","0.3729722521298891","0.3729722521298891","0.3729722521298891","0","0.3729722521298891"
"1","27","120","1000","1","""HK""","0.05","false","""normal""","1","""constant""","0.30000000000000004","""Scale-free""","2","0","1","""uniform""","""deterministic-normal""","40","-0.19999999999999996","0.5","""normal""","-1","0.30000000000000004","false","""/home/ramaswamy.51/Documents/github/Spirals/Media/data/cluster/endsim/BehaviorSearch/Step6_Trial""","true","0.2","0.5","5","-0.19999999999999996","true","true","""25491709""","0.37561150828145395","0.37561150828145395","0.37561150828145395","0","0.37561150828145395"
"1","28","120","1000","1","""HK""","0.05","false","""normal""","1","""constant""","0.30000000000000004","""Scale-free""","2","0","1","""uniform""","""deterministic-normal""","40","-0.19999999999999996","0.5","""normal""","-1","0.30000000000000004","false","""/home/ramaswamy.51/Documents/github/Spirals/Media/data/cluster/endsim/BehaviorSearch/Step6_Trial""","true","0.2","0.5","5","-0.19999999999999996","true","true","""140173250""","0.37778279959059996","0.37778279959059996","0.37778279959059996","0","0.37778279959059996"
"1","29","120","1000","1","""HK""","0.04","false","""normal""","1","""constant""","0","""Scale-free""","1","0","1","""uniform""","""deterministic-normal""","40","-0.7","0.8","""normal""","0.6000000000000001","1","false","""/home/ramaswamy.51/Documents/github/Spirals/Media/data/cluster/endsim/BehaviorSearch/Step6_Trial""","true","0.7000000000000001","0.4","0","-0.19999999999999996","true","true","""-220491095""","0.232649228541247","0.232649228541247","0.232649228541247","0","0.232649228541247"
"1","30","120","1000","1","""HK""","0.04","false","""normal""","1","""constant""","0","""Scale-free""","1","0","1","""uniform""","""deterministic-normal""","40","-0.7","0.8","""normal""","0.6000000000000001","1","false","""/home/ramaswamy.51/Documents/github/Spirals/Media/data/cluster/endsim/BehaviorSearch/Step6_Trial""","true","0.7000000000000001","0.4","0","-0.19999999999999996","true","true","""610203595""","0.23685414739046096","0.23685414739046096","0.23685414739046096","0","0.23685414739046096"
"1","31","120","1000","1","""HK""","0.04","false","""normal""","1","""constant""","0","""Scale-free""","1","0","1","""uniform""","""deterministic-normal""","40","-0.7","0.8","""normal""","0.6000000000000001","1","false","""/home/ramaswamy.51/Documents/github/Spirals/Media/data/cluster/endsim/BehaviorSearch/Step6_Trial""","true","0.7000000000000001","0.4","0","-0.19999999999999996","true","true","""-1049028379""","0.21136390803340854","0.21136390803340854","0.21136390803340854","0","0.21136390803340854"
"1","32","120","1000","1","""HK""","0.04","false","""normal""","1","""constant""","0","""Scale-free""","1","0","1","""uniform""","""deterministic-normal""","40","-0.7","0.8","""normal""","0.6000000000000001","1","false","""/home/ramaswamy.51/Documents/github/Spirals/Media/data/cluster/endsim/BehaviorSearch/Step6_Trial""","true","0.7000000000000001","0.4","0","-0.19999999999999996","true","true","""-281973873""","0.22459975062781323","0.22459975062781323","0.22459975062781323","0","0.22459975062781323"
"1","33","120","1000","1","""HK""","0.01","false","""normal""","1","""constant""","0","""Scale-free""","5","0","1","""uniform""","""deterministic-normal""","45","-0.5","0","""normal""","-1","0.1","false","""/home/ramaswamy.51/Documents/github/Spirals/Media/data/cluster/endsim/BehaviorSearch/Step6_Trial""","true","0.30000000000000004","0","5","0.20000000000000018","true","true","""-22264317""","0.7431595932413152","0.7431595932413152","0.7431595932413152","0","0.7431595932413152"
"1","34","120","1000","1","""HK""","0.01","false","""normal""","1","""constant""","0","""Scale-free""","5","0","1","""uniform""","""deterministic-normal""","45","-0.5","0","""normal""","-1","0.1","false","""/home/ramaswamy.51/Documents/github/Spirals/Media/data/cluster/endsim/BehaviorSearch/Step6_Trial""","true","0.30000000000000004","0","5","0.20000000000000018","true","true","""613000422""","0.7489240855911801","0.7489240855911801","0.7489240855911801","0","0.7489240855911801"
"1","35","120","1000","1","""HK""","0.01","false","""normal""","1","""constant""","0","""Scale-free""","5","0","1","""uniform""","""deterministic-normal""","45","-0.5","0","""normal""","-1","0.1","false","""/home/ramaswamy.51/Documents/github/Spirals/Media/data/cluster/endsim/BehaviorSearch/Step6_Trial""","true","0.30000000000000004","0","5","0.20000000000000018","true","true","""-1796807372""","0.7461029691025205","0.7461029691025205","0.7461029691025205","0","0.7461029691025205"
"1","36","120","1000","1","""HK""","0.01","false","""normal""","1","""constant""","0","""Scale-free""","5","0","1","""uniform""","""deterministic-normal""","45","-0.5","0","""normal""","-1","0.1","false","""/home/ramaswamy.51/Documents/github/Spirals/Media/data/cluster/endsim/BehaviorSearch/Step6_Trial""","true","0.30000000000000004","0","5","0.20000000000000018","true","true","""195218327""","0.7468331350930698","0.7468331350930698","0.7468331350930698","0","0.7468331350930698"
"1","37","120","1000","1","""HK""","0.18000000000000002","false","""normal""","1","""constant""","0.1","""Scale-free""","1","0","1","""uniform""","""deterministic-normal""","20","-0.29999999999999993","0.7000000000000001","""normal""","0.6000000000000001","0.8","false","""/home/ramaswamy.51/Documents/github/Spirals/Media/data/cluster/endsim/BehaviorSearch/Step6_Trial""","true","0.5","1","8","-0.29999999999999993","true","true","""1720445216""","0.26579066625869147","0.26579066625869147","0.26579066625869147","0","0.26579066625869147"
"1","38","120","1000","1","""HK""","0.18000000000000002","false","""normal""","1","""constant""","0.1","""Scale-free""","1","0","1","""uniform""","""deterministic-normal""","20","-0.29999999999999993","0.7000000000000001","""normal""","0.6000000000000001","0.8","false","""/home/ramaswamy.51/Documents/github/Spirals/Media/data/cluster/endsim/BehaviorSearch/Step6_Trial""","true","0.5","1","8","-0.29999999999999993","true","true","""-343584338""","0.28228263827786365","0.28228263827786365","0.28228263827786365","0","0.28228263827786365"
"1","39","120","1000","1","""HK""","0.18000000000000002","false","""normal""","1","""constant""","0.1","""Scale-free""","1","0","1","""uniform""","""deterministic-normal""","20","-0.29999999999999993","0.7000000000000001","""normal""","0.6000000000000001","0.8","false","""/home/ramaswamy.51/Documents/github/Spirals/Media/data/cluster/endsim/BehaviorSearch/Step6_Trial""","true","0.5","1","8","-0.29999999999999993","true","true","""744801324""","0.2931307254633883","0.2931307254633883","0.2931307254633883","0","0.2931307254633883"
"1","40","120","1000","1","""HK""","0.18000000000000002","false","""normal""","1","""constant""","0.1","""Scale-free""","1","0","1","""uniform""","""deterministic-normal""","20","-0.29999999999999993","0.7000000000000001","""normal""","0.6000000000000001","0.8","false","""/home/ramaswamy.51/Documents/github/Spirals/Media/data/cluster/endsim/BehaviorSearch/Step6_Trial""","true","0.5","1","8","-0.29999999999999993","true","true","""205097405""","0.29319296754497304","0.29319296754497304","0.29319296754497304","0","0.29319296754497304"
"1","41","120","1000","1","""HK""","0.09","false","""normal""","1","""constant""","0.1","""Scale-free""","3","0","1","""uniform""","""deterministic-normal""","40","0.40000000000000013","0.30000000000000004","""normal""","-0.29999999999999993","0.5","false","""/home/ramaswamy.51/Documents/github/Spirals/Media/data/cluster/endsim/BehaviorSearch/Step6_Trial""","true","0.4","0.8","2","0.40000000000000013","true","true","""1756049251""","0.2104261277261684","0.2104261277261684","0.2104261277261684","0","0.2104261277261684"
"1","42","120","1000","1","""HK""","0.09","false","""normal""","1","""constant""","0.1","""Scale-free""","3","0","1","""uniform""","""deterministic-normal""","40","0.40000000000000013","0.30000000000000004","""normal""","-0.29999999999999993","0.5","false","""/home/ramaswamy.51/Documents/github/Spirals/Media/data/cluster/endsim/BehaviorSearch/Step6_Trial""","true","0.4","0.8","2","0.40000000000000013","true","true","""264043322""","0.2059834376734975","0.2059834376734975","0.2059834376734975","0","0.2059834376734975"
"1","43","120","1000","1","""HK""","0.09","false","""normal""","1","""constant""","0.1","""Scale-free""","3","0","1","""uniform""","""deterministic-normal""","40","0.40000000000000013","0.30000000000000004","""normal""","-0.29999999999999993","0.5","false","""/home/ramaswamy.51/Documents/github/Spirals/Media/data/cluster/endsim/BehaviorSearch/Step6_Trial""","true","0.4","0.8","2","0.40000000000000013","true","true","""-425806427""","0.19229357772123676","0.19229357772123676","0.19229357772123676","0","0.19229357772123676"
"1","44","120","1000","1","""HK""","0.09","false","""normal""","1","""constant""","0.1","""Scale-free""","3","0","1","""uniform""","""deterministic-normal""","40","0.40000000000000013","0.30000000000000004","""normal""","-0.29999999999999993","0.5","false","""/home/ramaswamy.51/Documents/github/Spirals/Media/data/cluster/endsim/BehaviorSearch/Step6_Trial""","true","0.4","0.8","2","0.40000000000000013","true","true","""2145836640""","0.20697276596901648","0.20697276596901648","0.20697276596901648","0","0.20697276596901648"
"1","45","120","1000","1","""HK""","0.24000000000000002","false","""normal""","1","""constant""","0.1","""Scale-free""","1","0","1","""uniform""","""deterministic-normal""","45","0.30000000000000004","0.8","""normal""","0.10000000000000009","0.5","false","""/home/ramaswamy.51/Documents/github/Spirals/Media/data/cluster/endsim/BehaviorSearch/Step6_Trial""","true","0","0.9","2","-0.5","true","true","""-155759934""","0.3889845682862509","0.3889845682862509","0.3889845682862509","0","0.3889845682862509"
"1","46","120","1000","1","""HK""","0.24000000000000002","false","""normal""","1","""constant""","0.1","""Scale-free""","1","0","1","""uniform""","""deterministic-normal""","45","0.30000000000000004","0.8","""normal""","0.10000000000000009","0.5","false","""/home/ramaswamy.51/Documents/github/Spirals/Media/data/cluster/endsim/BehaviorSearch/Step6_Trial""","true","0","0.9","2","-0.5","true","true","""802059242""","0.3919115406277851","0.3919115406277851","0.3919115406277851","0","0.3919115406277851"
"1","47","120","1000","1","""HK""","0.24000000000000002","false","""normal""","1","""constant""","0.1","""Scale-free""","1","0","1","""uniform""","""deterministic-normal""","45","0.30000000000000004","0.8","""normal""","0.10000000000000009","0.5","false","""/home/ramaswamy.51/Documents/github/Spirals/Media/data/cluster/endsim/BehaviorSearch/Step6_Trial""","true","0","0.9","2","-0.5","true","true","""1158160838""","0.39333376707204937","0.39333376707204937","0.39333376707204937","0","0.39333376707204937"
"1","48","120","1000","1","""HK""","0.24000000000000002","false","""normal""","1","""constant""","0.1","""Scale-free""","1","0","1","""uniform""","""deterministic-normal""","45","0.30000000000000004","0.8","""normal""","0.10000000000000009","0.5","false","""/home/ramaswamy.51/Documents/github/Spirals/Media/data/cluster/endsim/BehaviorSearch/Step6_Trial""","true","0","0.9","2","-0.5","true","true","""-1414757647""","0.3990228722081356","0.3990228722081356","0.3990228722081356","0","0.3990228722081356"
"1","49","120","1000","1","""HK""","0.01","false","""normal""","1","""constant""","0.1","""Scale-free""","1","0","1","""uniform""","""deterministic-normal""","10","-0.3999999999999999","0.30000000000000004","""normal""","-0.19999999999999996","0.6000000000000001","false","""/home/ramaswamy.51/Documents/github/Spirals/Media/data/cluster/endsim/BehaviorSearch/Step6_Trial""","true","1","0.2","10","0","true","true","""-964820338""","0.22511294086999098","0.22511294086999098","0.22511294086999098","0","0.22511294086999098"
"1","50","120","1000","1","""HK""","0.01","false","""normal""","1","""constant""","0.1","""Scale-free""","1","0","1","""uniform""","""deterministic-normal""","10","-0.3999999999999999","0.30000000000000004","""normal""","-0.19999999999999996","0.6000000000000001","false","""/home/ramaswamy.51/Documents/github/Spirals/Media/data/cluster/endsim/BehaviorSearch/Step6_Trial""","true","1","0.2","10","0","true","true","""844717653""","0.1862482963479131","0.1862482963479131","0.1862482963479131","0","0.1862482963479131"
"1","51","120","1000","1","""HK""","0.01","false","""normal""","1","""constant""","0.1","""Scale-free""","1","0","1","""uniform""","""deterministic-normal""","10","-0.3999999999999999","0.30000000000000004","""normal""","-0.19999999999999996","0.6000000000000001","false","""/home/ramaswamy.51/Documents/github/Spirals/Media/data/cluster/endsim/BehaviorSearch/Step6_Trial""","true","1","0.2","10","0","true","true","""345781305""","0.23068402350512646","0.23068402350512646","0.23068402350512646","0","0.23068402350512646"
"1","52","120","1000","1","""HK""","0.01","false","""normal""","1","""constant""","0.1","""Scale-free""","1","0","1","""uniform""","""deterministic-normal""","10","-0.3999999999999999","0.30000000000000004","""normal""","-0.19999999999999996","0.6000000000000001","false","""/home/ramaswamy.51/Documents/github/Spirals/Media/data/cluster/endsim/BehaviorSearch/Step6_Trial""","true","1","0.2","10","0","true","true","""1135376131""","0.24916197437286683","0.24916197437286683","0.24916197437286683","0","0.24916197437286683"
"1","53","120","1000","1","""HK""","0.21000000000000002","false","""normal""","1","""constant""","0.1","""Scale-free""","3","0","1","""uniform""","""deterministic-normal""","20","0.9000000000000001","0.2","""normal""","0","1","false","""/home/ramaswamy.51/Documents/github/Spirals/Media/data/cluster/endsim/BehaviorSearch/Step6_Trial""","true","0.7000000000000001","0.1","0","0.8","true","true","""-1482278438""","0.2839790827419686","0.2839790827419686","0.2839790827419686","0","0.2839790827419686"
"1","54","120","1000","1","""HK""","0.21000000000000002","false","""normal""","1","""constant""","0.1","""Scale-free""","3","0","1","""uniform""","""deterministic-normal""","20","0.9000000000000001","0.2","""normal""","0","1","false","""/home/ramaswamy.51/Documents/github/Spirals/Media/data/cluster/endsim/BehaviorSearch/Step6_Trial""","true","0.7000000000000001","0.1","0","0.8","true","true","""2077212091""","0.2938051771900302","0.2938051771900302","0.2938051771900302","0","0.2938051771900302"
"1","55","120","1000","1","""HK""","0.21000000000000002","false","""normal""","1","""constant""","0.1","""Scale-free""","3","0","1","""uniform""","""deterministic-normal""","20","0.9000000000000001","0.2","""normal""","0","1","false","""/home/ramaswamy.51/Documents/github/Spirals/Media/data/cluster/endsim/BehaviorSearch/Step6_Trial""","true","0.7000000000000001","0.1","0","0.8","true","true","""1772391334""","0.26872379912748906","0.26872379912748906","0.26872379912748906","0","0.26872379912748906"
"1","56","120","1000","1","""HK""","0.21000000000000002","false","""normal""","1","""constant""","0.1","""Scale-free""","3","0","1","""uniform""","""deterministic-normal""","20","0.9000000000000001","0.2","""normal""","0","1","false","""/home/ramaswamy.51/Documents/github/Spirals/Media/data/cluster/endsim/BehaviorSearch/Step6_Trial""","true","0.7000000000000001","0.1","0","0.8","true","true","""1862502259""","0.2862564667996496","0.2862564667996496","0.2862564667996496","0","0.2862564667996496"
"1","57","120","1000","1","""HK""","0.23","false","""normal""","1","""constant""","0.2","""Scale-free""","4","0","1","""uniform""","""deterministic-normal""","45","0.30000000000000004","0.2","""normal""","-0.9","0.7000000000000001","false","""/home/ramaswamy.51/Documents/github/Spirals/Media/data/cluster/endsim/BehaviorSearch/Step6_Trial""","true","0.9","0.5","1","0.8","true","true","""498021833""","0.37715658456000206","0.37715658456000206","0.37715658456000206","0","0.37715658456000206"
"1","58","120","1000","1","""HK""","0.23","false","""normal""","1","""constant""","0.2","""Scale-free""","4","0","1","""uniform""","""deterministic-normal""","45","0.30000000000000004","0.2","""normal""","-0.9","0.7000000000000001","false","""/home/ramaswamy.51/Documents/github/Spirals/Media/data/cluster/endsim/BehaviorSearch/Step6_Trial""","true","0.9","0.5","1","0.8","true","true","""-777298054""","0.36846652036549776","0.36846652036549776","0.36846652036549776","0","0.36846652036549776"
"1","59","120","1000","1","""HK""","0.23","false","""normal""","1","""constant""","0.2","""Scale-free""","4","0","1","""uniform""","""deterministic-normal""","45","0.30000000000000004","0.2","""normal""","-0.9","0.7000000000000001","false","""/home/ramaswamy.51/Documents/github/Spirals/Media/data/cluster/endsim/BehaviorSearch/Step6_Trial""","true","0.9","0.5","1","0.8","true","true","""1973410121""","0.3765427976381515","0.3765427976381515","0.3765427976381515","0","0.3765427976381515"
"1","60","120","1000","1","""HK""","0.23","false","""normal""","1","""constant""","0.2","""Scale-free""","4","0","1","""uniform""","""deterministic-normal""","45","0.30000000000000004","0.2","""normal""","-0.9","0.7000000000000001","false","""/home/ramaswamy.51/Documents/github/Spirals/Media/data/cluster/endsim/BehaviorSearch/Step6_Trial""","true","0.9","0.5","1","0.8","true","true","""-1509643770""","0.35695039703779574","0.35695039703779574","0.35695039703779574","0","0.35695039703779574"
"1","61","120","1000","1","""HK""","0.21000000000000002","false","""normal""","1","""constant""","0.30000000000000004","""Scale-free""","3","0","1","""uniform""","""deterministic-normal""","45","-0.6","0","""normal""","-0.8","1","false","""/home/ramaswamy.51/Documents/github/Spirals/Media/data/cluster/endsim/BehaviorSearch/Step6_Trial""","true","0","0","4","1","true","true","""-777403846""","0.3167318963171872","0.3167318963171872","0.3167318963171872","0","0.3167318963171872"
"1","62","120","1000","1","""HK""","0.21000000000000002","false","""normal""","1","""constant""","0.30000000000000004","""Scale-free""","3","0","1","""uniform""","""deterministic-normal""","45","-0.6","0","""normal""","-0.8","1","false","""/home/ramaswamy.51/Documents/github/Spirals/Media/data/cluster/endsim/BehaviorSearch/Step6_Trial""","true","0","0","4","1","true","true","""-869169095""","0.3289122408797667","0.3289122408797667","0.3289122408797667","0","0.3289122408797667"
"1","63","120","1000","1","""HK""","0.21000000000000002","false","""normal""","1","""constant""","0.30000000000000004","""Scale-free""","3","0","1","""uniform""","""deterministic-normal""","45","-0.6","0","""normal""","-0.8","1","false","""/home/ramaswamy.51/Documents/github/Spirals/Media/data/cluster/endsim/BehaviorSearch/Step6_Trial""","true","0","0","4","1","true","true","""-1788375089""","0.3324613131762066","0.3324613131762066","0.3324613131762066","0","0.3324613131762066"
"1","64","120","1000","1","""HK""","0.21000000000000002","false","""normal""","1","""constant""","0.30000000000000004","""Scale-free""","3","0","1","""uniform""","""deterministic-normal""","45","-0.6","0","""normal""","-0.8","1","false","""/home/ramaswamy.51/Documents/github/Spirals/Media/data/cluster/endsim/BehaviorSearch/Step6_Trial""","true","0","0","4","1","true","true","""314985188""","0.3355735426248462","0.3355735426248462","0.3355735426248462","0","0.3355735426248462"
"1","65","120","1000","1","""HK""","0.09","false","""normal""","1","""constant""","0","""Scale-free""","2","0","1","""uniform""","""deterministic-normal""","50","0.40000000000000013","0.9","""normal""","0.9000000000000001","0.6000000000000001","false","""/home/ramaswamy.51/Documents/github/Spirals/Media/data/cluster/endsim/BehaviorSearch/Step6_Trial""","true","0.6000000000000001","0.2","6","0","true","true","""1295845655""","0.4609499191774317","0.4609499191774317","0.4609499191774317","0","0.4609499191774317"
"1","66","120","1000","1","""HK""","0.09","false","""normal""","1","""constant""","0","""Scale-free""","2","0","1","""uniform""","""deterministic-normal""","50","0.40000000000000013","0.9","""normal""","0.9000000000000001","0.6000000000000001","false","""/home/ramaswamy.51/Documents/github/Spirals/Media/data/cluster/endsim/BehaviorSearch/Step6_Trial""","true","0.6000000000000001","0.2","6","0","true","true","""391616448""","0.4430319271787533","0.4430319271787533","0.4430319271787533","0","0.4430319271787533"
"1","67","120","1000","1","""HK""","0.09","false","""normal""","1","""constant""","0","""Scale-free""","2","0","1","""uniform""","""deterministic-normal""","50","0.40000000000000013","0.9","""normal""","0.9000000000000001","0.6000000000000001","false","""/home/ramaswamy.51/Documents/github/Spirals/Media/data/cluster/endsim/BehaviorSearch/Step6_Trial""","true","0.6000000000000001","0.2","6","0","true","true","""1335630044""","0.42418911518876035","0.42418911518876035","0.42418911518876035","0","0.42418911518876035"
"1","68","120","1000","1","""HK""","0.09","false","""normal""","1","""constant""","0","""Scale-free""","2","0","1","""uniform""","""deterministic-normal""","50","0.40000000000000013","0.9","""normal""","0.9000000000000001","0.6000000000000001","false","""/home/ramaswamy.51/Documents/github/Spirals/Media/data/cluster/endsim/BehaviorSearch/Step6_Trial""","true","0.6000000000000001","0.2","6","0","true","true","""-1020274966""","0.44713022939312946","0.44713022939312946","0.44713022939312946","0","0.44713022939312946"
"1","69","120","1000","1","""HK""","0.060000000000000005","false","""normal""","1","""constant""","0.5","""Scale-free""","1","0","1","""uniform""","""deterministic-normal""","50","0.8","0.8","""normal""","1","0.9","false","""/home/ramaswamy.51/Documents/github/Spirals/Media/data/cluster/endsim/BehaviorSearch/Step6_Trial""","true","0","0","2","-0.5","true","true","""1218670827""","0.3156251815250222","0.3156251815250222","0.3156251815250222","0","0.3156251815250222"
"1","70","120","1000","1","""HK""","0.060000000000000005","false","""normal""","1","""constant""","0.5","""Scale-free""","1","0","1","""uniform""","""deterministic-normal""","50","0.8","0.8","""normal""","1","0.9","false","""/home/ramaswamy.51/Documents/github/Spirals/Media/data/cluster/endsim/BehaviorSearch/Step6_Trial""","true","0","0","2","-0.5","true","true","""-1518613143""","0.3142237283973825","0.3142237283973825","0.3142237283973825","0","0.3142237283973825"
"1","71","120","1000","1","""HK""","0.060000000000000005","false","""normal""","1","""constant""","0.5","""Scale-free""","1","0","1","""uniform""","""deterministic-normal""","50","0.8","0.8","""normal""","1","0.9","false","""/home/ramaswamy.51/Documents/github/Spirals/Media/data/cluster/endsim/BehaviorSearch/Step6_Trial""","true","0","0","2","-0.5","true","true","""-1685327827""","0.32471968377630556","0.32471968377630556","0.32471968377630556","0","0.32471968377630556"
"1","72","120","1000","1","""HK""","0.060000000000000005","false","""normal""","1","""constant""","0.5","""Scale-free""","1","0","1","""uniform""","""deterministic-normal""","50","0.8","0.8","""normal""","1","0.9","false","""/home/ramaswamy.51/Documents/github/Spirals/Media/data/cluster/endsim/BehaviorSearch/Step6_Trial""","true","0","0","2","-0.5","true","true","""935103401""","0.33945388402049054","0.33945388402049054","0.33945388402049054","0","0.33945388402049054"
"1","73","120","1000","1","""HK""","0.27","false","""normal""","1","""constant""","0.2","""Scale-free""","2","0","1","""uniform""","""deterministic-normal""","25","-0.6","0.9","""normal""","0.40000000000000013","0","false","""/home/ramaswamy.51/Documents/github/Spirals/Media/data/cluster/endsim/BehaviorSearch/Step6_Trial""","true","0.7000000000000001","0.2","5","-0.5","true","true","""2014441774""","0.4587298606429424","0.4587298606429424","0.4587298606429424","0","0.4587298606429424"
"1","74","120","1000","1","""HK""","0.27","false","""normal""","1","""constant""","0.2","""Scale-free""","2","0","1","""uniform""","""deterministic-normal""","25","-0.6","0.9","""normal""","0.40000000000000013","0","false","""/home/ramaswamy.51/Documents/github/Spirals/Media/data/cluster/endsim/BehaviorSearch/Step6_Trial""","true","0.7000000000000001","0.2","5","-0.5","true","true","""-568908712""","0.4607726169285468","0.4607726169285468","0.4607726169285468","0","0.4607726169285468"
"1","75","120","1000","1","""HK""","0.27","false","""normal""","1","""constant""","0.2","""Scale-free""","2","0","1","""uniform""","""deterministic-normal""","25","-0.6","0.9","""normal""","0.40000000000000013","0","false","""/home/ramaswamy.51/Documents/github/Spirals/Media/data/cluster/endsim/BehaviorSearch/Step6_Trial""","true","0.7000000000000001","0.2","5","-0.5","true","true","""-759708949""","0.46031852540492346","0.46031852540492346","0.46031852540492346","0","0.46031852540492346"
"1","76","120","1000","1","""HK""","0.27","false","""normal""","1","""constant""","0.2","""Scale-free""","2","0","1","""uniform""","""deterministic-normal""","25","-0.6","0.9","""normal""","0.40000000000000013","0","false","""/home/ramaswamy.51/Documents/github/Spirals/Media/data/cluster/endsim/BehaviorSearch/Step6_Trial""","true","0.7000000000000001","0.2","5","-0.5","true","true","""2013108408""","0.4648768795708505","0.4648768795708505","0.4648768795708505","0","0.4648768795708505"
"1","77","120","1000","1","""HK""","0.29000000000000004","false","""normal""","1","""constant""","0.4","""Scale-free""","4","0","1","""uniform""","""deterministic-normal""","15","-0.8","0.9","""normal""","1","0.8","false","""/home/ramaswamy.51/Documents/github/Spirals/Media/data/cluster/endsim/BehaviorSearch/Step6_Trial""","true","0.8","0.8","7","0.20000000000000018","true","true","""888259409""","0.390132608548685","0.390132608548685","0.390132608548685","0","0.390132608548685"
"1","78","120","1000","1","""HK""","0.29000000000000004","false","""normal""","1","""constant""","0.4","""Scale-free""","4","0","1","""uniform""","""deterministic-normal""","15","-0.8","0.9","""normal""","1","0.8","false","""/home/ramaswamy.51/Documents/github/Spirals/Media/data/cluster/endsim/BehaviorSearch/Step6_Trial""","true","0.8","0.8","7","0.20000000000000018","true","true","""648793912""","0.3803364232038005","0.3803364232038005","0.3803364232038005","0","0.3803364232038005"
"1","79","120","1000","1","""HK""","0.29000000000000004","false","""normal""","1","""constant""","0.4","""Scale-free""","4","0","1","""uniform""","""deterministic-normal""","15","-0.8","0.9","""normal""","1","0.8","false","""/home/ramaswamy.51/Documents/github/Spirals/Media/data/cluster/endsim/BehaviorSearch/Step6_Trial""","true","0.8","0.8","7","0.20000000000000018","true","true","""-1457689133""","0.37557770594212697","0.37557770594212697","0.37557770594212697","0","0.37557770594212697"
"1","80","120","1000","1","""HK""","0.29000000000000004","false","""normal""","1","""constant""","0.4","""Scale-free""","4","0","1","""uniform""","""deterministic-normal""","15","-0.8","0.9","""normal""","1","0.8","false","""/home/ramaswamy.51/Documents/github/Spirals/Media/data/cluster/endsim/BehaviorSearch/Step6_Trial""","true","0.8","0.8","7","0.20000000000000018","true","true","""1192820156""","0.380169544226078","0.380169544226078","0.380169544226078","0","0.380169544226078"
"1","81","120","1000","1","""HK""","0.11","false","""normal""","1","""constant""","0.4","""Scale-free""","2","0","1","""uniform""","""deterministic-normal""","50","-0.9","0.1","""normal""","-0.19999999999999996","0.6000000000000001","false","""/home/ramaswamy.51/Documents/github/Spirals/Media/data/cluster/endsim/BehaviorSearch/Step6_Trial""","true","0.2","0.4","4","-0.5","true","true","""867369625""","0.3476397423982637","0.3476397423982637","0.3476397423982637","0","0.3476397423982637"
"1","82","120","1000","1","""HK""","0.11","false","""normal""","1","""constant""","0.4","""Scale-free""","2","0","1","""uniform""","""deterministic-normal""","50","-0.9","0.1","""normal""","-0.19999999999999996","0.6000000000000001","false","""/home/ramaswamy.51/Documents/github/Spirals/Media/data/cluster/endsim/BehaviorSearch/Step6_Trial""","true","0.2","0.4","4","-0.5","true","true","""-765006117""","0.33199651958490534","0.33199651958490534","0.33199651958490534","0","0.33199651958490534"
"1","83","120","1000","1","""HK""","0.11","false","""normal""","1","""constant""","0.4","""Scale-free""","2","0","1","""uniform""","""deterministic-normal""","50","-0.9","0.1","""normal""","-0.19999999999999996","0.6000000000000001","false","""/home/ramaswamy.51/Documents/github/Spirals/Media/data/cluster/endsim/BehaviorSearch/Step6_Trial""","true","0.2","0.4","4","-0.5","true","true","""672501637""","0.32947568068274846","0.32947568068274846","0.32947568068274846","0","0.32947568068274846"
"1","84","120","1000","1","""HK""","0.11","false","""normal""","1","""constant""","0.4","""Scale-free""","2","0","1","""uniform""","""deterministic-normal""","50","-0.9","0.1","""normal""","-0.19999999999999996","0.6000000000000001","false","""/home/ramaswamy.51/Documents/github/Spirals/Media/data/cluster/endsim/BehaviorSearch/Step6_Trial""","true","0.2","0.4","4","-0.5","true","true","""526132032""","0.32497243832224987","0.32497243832224987","0.32497243832224987","0","0.32497243832224987"
"1","85","120","1000","1","""HK""","0.12","false","""normal""","1","""constant""","0.4","""Scale-free""","3","0","1","""uniform""","""deterministic-normal""","45","-0.29999999999999993","0.5","""normal""","-0.3999999999999999","0.2","false","""/home/ramaswamy.51/Documents/github/Spirals/Media/data/cluster/endsim/BehaviorSearch/Step6_Trial""","true","1","0","4","0.10000000000000009","true","true","""1530746140""","0.3883013418053941","0.3883013418053941","0.3883013418053941","0","0.3883013418053941"
"1","86","120","1000","1","""HK""","0.12","false","""normal""","1","""constant""","0.4","""Scale-free""","3","0","1","""uniform""","""deterministic-normal""","45","-0.29999999999999993","0.5","""normal""","-0.3999999999999999","0.2","false","""/home/ramaswamy.51/Documents/github/Spirals/Media/data/cluster/endsim/BehaviorSearch/Step6_Trial""","true","1","0","4","0.10000000000000009","true","true","""1169012680""","0.39388139039625375","0.39388139039625375","0.39388139039625375","0","0.39388139039625375"
"1","87","120","1000","1","""HK""","0.12","false","""normal""","1","""constant""","0.4","""Scale-free""","3","0","1","""uniform""","""deterministic-normal""","45","-0.29999999999999993","0.5","""normal""","-0.3999999999999999","0.2","false","""/home/ramaswamy.51/Documents/github/Spirals/Media/data/cluster/endsim/BehaviorSearch/Step6_Trial""","true","1","0","4","0.10000000000000009","true","true","""1563316056""","0.3827431491097456","0.3827431491097456","0.3827431491097456","0","0.3827431491097456"
"1","88","120","1000","1","""HK""","0.12","false","""normal""","1","""constant""","0.4","""Scale-free""","3","0","1","""uniform""","""deterministic-normal""","45","-0.29999999999999993","0.5","""normal""","-0.3999999999999999","0.2","false","""/home/ramaswamy.51/Documents/github/Spirals/Media/data/cluster/endsim/BehaviorSearch/Step6_Trial""","true","1","0","4","0.10000000000000009","true","true","""-100689266""","0.39441838686139075","0.39441838686139075","0.39441838686139075","0","0.39441838686139075"
"1","89","120","1000","1","""HK""","0.03","false","""normal""","1","""constant""","0.30000000000000004","""Scale-free""","1","0","1","""uniform""","""deterministic-normal""","20","-0.5","0.1","""normal""","-0.09999999999999998","0.7000000000000001","false","""/home/ramaswamy.51/Documents/github/Spirals/Media/data/cluster/endsim/BehaviorSearch/Step6_Trial""","true","0.2","1","5","0.5","true","true","""2004523460""","0.24887805003792163","0.24887805003792163","0.24887805003792163","0","0.24887805003792163"
"1","90","120","1000","1","""HK""","0.03","false","""normal""","1","""constant""","0.30000000000000004","""Scale-free""","1","0","1","""uniform""","""deterministic-normal""","20","-0.5","0.1","""normal""","-0.09999999999999998","0.7000000000000001","false","""/home/ramaswamy.51/Documents/github/Spirals/Media/data/cluster/endsim/BehaviorSearch/Step6_Trial""","true","0.2","1","5","0.5","true","true","""307315950""","0.24244419540445336","0.24244419540445336","0.24244419540445336","0","0.24244419540445336"
"1","91","120","1000","1","""HK""","0.03","false","""normal""","1","""constant""","0.30000000000000004","""Scale-free""","1","0","1","""uniform""","""deterministic-normal""","20","-0.5","0.1","""normal""","-0.09999999999999998","0.7000000000000001","false","""/home/ramaswamy.51/Documents/github/Spirals/Media/data/cluster/endsim/BehaviorSearch/Step6_Trial""","true","0.2","1","5","0.5","true","true","""1518058001""","0.23925244252425198","0.23925244252425198","0.23925244252425198","0","0.23925244252425198"
"1","92","120","1000","1","""HK""","0.03","false","""normal""","1","""constant""","0.30000000000000004","""Scale-free""","1","0","1","""uniform""","""deterministic-normal""","20","-0.5","0.1","""normal""","-0.09999999999999998","0.7000000000000001","false","""/home/ramaswamy.51/Documents/github/Spirals/Media/data/cluster/endsim/BehaviorSearch/Step6_Trial""","true","0.2","1","5","0.5","true","true","""1797837990""","0.256413857198799","0.256413857198799","0.256413857198799","0","0.256413857198799"
"1","93","120","1000","1","""HK""","0.19","false","""normal""","1","""constant""","0.30000000000000004","""Scale-free""","1","0","1","""uniform""","""deterministic-normal""","10","-0.7","1","""normal""","-1","0.9","false","""/home/ramaswamy.51/Documents/github/Spirals/Media/data/cluster/endsim/BehaviorSearch/Step6_Trial""","true","0.8","0.30000000000000004","10","0.5","true","true","""1955791771""","0.2483989063681806","0.2483989063681806","0.2483989063681806","0","0.2483989063681806"
"1","94","120","1000","1","""HK""","0.19","false","""normal""","1","""constant""","0.30000000000000004","""Scale-free""","1","0","1","""uniform""","""deterministic-normal""","10","-0.7","1","""normal""","-1","0.9","false","""/home/ramaswamy.51/Documents/github/Spirals/Media/data/cluster/endsim/BehaviorSearch/Step6_Trial""","true","0.8","0.30000000000000004","10","0.5","true","true","""-2119452436""","0.2182485841377684","0.2182485841377684","0.2182485841377684","0","0.2182485841377684"
"1","95","120","1000","1","""HK""","0.19","false","""normal""","1","""constant""","0.30000000000000004","""Scale-free""","1","0","1","""uniform""","""deterministic-normal""","10","-0.7","1","""normal""","-1","0.9","false","""/home/ramaswamy.51/Documents/github/Spirals/Media/data/cluster/endsim/BehaviorSearch/Step6_Trial""","true","0.8","0.30000000000000004","10","0.5","true","true","""1385426384""","0.2359729819072274","0.2359729819072274","0.2359729819072274","0","0.2359729819072274"
"1","96","120","1000","1","""HK""","0.19","false","""normal""","1","""constant""","0.30000000000000004","""Scale-free""","1","0","1","""uniform""","""deterministic-normal""","10","-0.7","1","""normal""","-1","0.9","false","""/home/ramaswamy.51/Documents/github/Spirals/Media/data/cluster/endsim/BehaviorSearch/Step6_Trial""","true","0.8","0.30000000000000004","10","0.5","true","true","""1256804355""","0.23719548225935563","0.23719548225935563","0.23719548225935563","0","0.23719548225935563"
"1","97","120","1000","1","""HK""","0.03","false","""normal""","1","""constant""","0.1","""Scale-free""","5","0","1","""uniform""","""deterministic-normal""","15","0.5","0.2","""normal""","0.7000000000000002","0","false","""/home/ramaswamy.51/Documents/github/Spirals/Media/data/cluster/endsim/BehaviorSearch/Step6_Trial""","true","0.9","0.4","9","0","true","true","""454381240""","0.7917356968255502","0.7917356968255502","0.7917356968255502","0","0.7917356968255502"
"1","98","120","1000","1","""HK""","0.03","false","""normal""","1","""constant""","0.1","""Scale-free""","5","0","1","""uniform""","""deterministic-normal""","15","0.5","0.2","""normal""","0.7000000000000002","0","false","""/home/ramaswamy.51/Documents/github/Spirals/Media/data/cluster/endsim/BehaviorSearch/Step6_Trial""","true","0.9","0.4","9","0","true","true","""-514580199""","0.7917356968255502","0.7917356968255502","0.7917356968255502","0","0.7917356968255502"
"1","99","120","1000","1","""HK""","0.03","false","""normal""","1","""constant""","0.1","""Scale-free""","5","0","1","""uniform""","""deterministic-normal""","15","0.5","0.2","""normal""","0.7000000000000002","0","false","""/home/ramaswamy.51/Documents/github/Spirals/Media/data/cluster/endsim/BehaviorSearch/Step6_Trial""","true","0.9","0.4","9","0","true","true","""-691234952""","0.7896077928851474","0.7896077928851474","0.7896077928851474","0","0.7896077928851474"
"1","100","120","1000","1","""HK""","0.03","false","""normal""","1","""constant""","0.1","""Scale-free""","5","0","1","""uniform""","""deterministic-normal""","15","0.5","0.2","""normal""","0.7000000000000002","0","false","""/home/ramaswamy.51/Documents/github/Spirals/Media/data/cluster/endsim/BehaviorSearch/Step6_Trial""","true","0.9","0.4","9","0","true","true","""-1553005653""","0.7906205436707949","0.7906205436707949","0.7906205436707949","0","0.7906205436707949"
"1","101","120","1000","1","""HK""","0.28","false","""normal""","1","""constant""","0.30000000000000004","""Scale-free""","3","0","1","""uniform""","""deterministic-normal""","5","1","0","""normal""","-0.09999999999999998","0.8","false","""/home/ramaswamy.51/Documents/github/Spirals/Media/data/cluster/endsim/BehaviorSearch/Step6_Trial""","true","0.9","0.5","9","0.7000000000000002","true","true","""1481593471""","0.27110050294854277","0.27110050294854277","0.27110050294854277","0","0.27110050294854277"
"1","102","120","1000","1","""HK""","0.28","false","""normal""","1","""constant""","0.30000000000000004","""Scale-free""","3","0","1","""uniform""","""deterministic-normal""","5","1","0","""normal""","-0.09999999999999998","0.8","false","""/home/ramaswamy.51/Documents/github/Spirals/Media/data/cluster/endsim/BehaviorSearch/Step6_Trial""","true","0.9","0.5","9","0.7000000000000002","true","true","""-1874256021""","0.2474502536513462","0.2474502536513462","0.2474502536513462","0","0.2474502536513462"
"1","103","120","1000","1","""HK""","0.28","false","""normal""","1","""constant""","0.30000000000000004","""Scale-free""","3","0","1","""uniform""","""deterministic-normal""","5","1","0","""normal""","-0.09999999999999998","0.8","false","""/home/ramaswamy.51/Documents/github/Spirals/Media/data/cluster/endsim/BehaviorSearch/Step6_Trial""","true","0.9","0.5","9","0.7000000000000002","true","true","""-914612056""","0.274664935450065","0.274664935450065","0.274664935450065","0","0.274664935450065"
"1","104","120","1000","1","""HK""","0.28","false","""normal""","1","""constant""","0.30000000000000004","""Scale-free""","3","0","1","""uniform""","""deterministic-normal""","5","1","0","""normal""","-0.09999999999999998","0.8","false","""/home/ramaswamy.51/Documents/github/Spirals/Media/data/cluster/endsim/BehaviorSearch/Step6_Trial""","true","0.9","0.5","9","0.7000000000000002","true","true","""1086118174""","0.2584162937933649","0.2584162937933649","0.2584162937933649","0","0.2584162937933649"
"1","105","120","1000","1","""HK""","0.26","false","""normal""","1","""constant""","0.30000000000000004","""Scale-free""","1","0","1","""uniform""","""deterministic-normal""","35","0.8","0.2","""normal""","-0.8","0.7000000000000001","false","""/home/ramaswamy.51/Documents/github/Spirals/Media/data/cluster/endsim/BehaviorSearch/Step6_Trial""","true","0.4","0","5","0.10000000000000009","true","true","""-936627365""","0.32555902886556626","0.32555902886556626","0.32555902886556626","0","0.32555902886556626"
"1","106","120","1000","1","""HK""","0.26","false","""normal""","1","""constant""","0.30000000000000004","""Scale-free""","1","0","1","""uniform""","""deterministic-normal""","35","0.8","0.2","""normal""","-0.8","0.7000000000000001","false","""/home/ramaswamy.51/Documents/github/Spirals/Media/data/cluster/endsim/BehaviorSearch/Step6_Trial""","true","0.4","0","5","0.10000000000000009","true","true","""1323879935""","0.34191287322248237","0.34191287322248237","0.34191287322248237","0","0.34191287322248237"
"1","107","120","1000","1","""HK""","0.26","false","""normal""","1","""constant""","0.30000000000000004","""Scale-free""","1","0","1","""uniform""","""deterministic-normal""","35","0.8","0.2","""normal""","-0.8","0.7000000000000001","false","""/home/ramaswamy.51/Documents/github/Spirals/Media/data/cluster/endsim/BehaviorSearch/Step6_Trial""","true","0.4","0","5","0.10000000000000009","true","true","""1315309276""","0.3314016004187031","0.3314016004187031","0.3314016004187031","0","0.3314016004187031"
"1","108","120","1000","1","""HK""","0.26","false","""normal""","1","""constant""","0.30000000000000004","""Scale-free""","1","0","1","""uniform""","""deterministic-normal""","35","0.8","0.2","""normal""","-0.8","0.7000000000000001","false","""/home/ramaswamy.51/Documents/github/Spirals/Media/data/cluster/endsim/BehaviorSearch/Step6_Trial""","true","0.4","0","5","0.10000000000000009","true","true","""-995882691""","0.3414828944310669","0.3414828944310669","0.3414828944310669","0","0.3414828944310669"
"1","109","120","1000","1","""HK""","0.19","false","""normal""","1","""constant""","0.4","""Scale-free""","3","0","1","""uniform""","""deterministic-normal""","30","-0.7","0.30000000000000004","""normal""","0.30000000000000004","0.2","false","""/home/ramaswamy.51/Documents/github/Spirals/Media/data/cluster/endsim/BehaviorSearch/Step6_Trial""","true","0.30000000000000004","0.8","7","-0.09999999999999998","true","true","""1055265917""","0.4429360645167187","0.4429360645167187","0.4429360645167187","0","0.4429360645167187"
"1","110","120","1000","1","""HK""","0.19","false","""normal""","1","""constant""","0.4","""Scale-free""","3","0","1","""uniform""","""deterministic-normal""","30","-0.7","0.30000000000000004","""normal""","0.30000000000000004","0.2","false","""/home/ramaswamy.51/Documents/github/Spirals/Media/data/cluster/endsim/BehaviorSearch/Step6_Trial""","true","0.30000000000000004","0.8","7","-0.09999999999999998","true","true","""-343704164""","0.44200750457172877","0.44200750457172877","0.44200750457172877","0","0.44200750457172877"
"1","111","120","1000","1","""HK""","0.19","false","""normal""","1","""constant""","0.4","""Scale-free""","3","0","1","""uniform""","""deterministic-normal""","30","-0.7","0.30000000000000004","""normal""","0.30000000000000004","0.2","false","""/home/ramaswamy.51/Documents/github/Spirals/Media/data/cluster/endsim/BehaviorSearch/Step6_Trial""","true","0.30000000000000004","0.8","7","-0.09999999999999998","true","true","""-1899096179""","0.4529190066417629","0.4529190066417629","0.4529190066417629","0","0.4529190066417629"
"1","112","120","1000","1","""HK""","0.19","false","""normal""","1","""constant""","0.4","""Scale-free""","3","0","1","""uniform""","""deterministic-normal""","30","-0.7","0.30000000000000004","""normal""","0.30000000000000004","0.2","false","""/home/ramaswamy.51/Documents/github/Spirals/Media/data/cluster/endsim/BehaviorSearch/Step6_Trial""","true","0.30000000000000004","0.8","7","-0.09999999999999998","true","true","""42431061""","0.4493726888063803","0.4493726888063803","0.4493726888063803","0","0.4493726888063803"
"1","113","120","1000","1","""HK""","0.26","false","""normal""","1","""constant""","0","""Scale-free""","5","0","1","""uniform""","""deterministic-normal""","30","0.10000000000000009","0.6000000000000001","""normal""","0.9000000000000001","0","false","""/home/ramaswamy.51/Documents/github/Spirals/Media/data/cluster/endsim/BehaviorSearch/Step6_Trial""","true","1","0.30000000000000004","1","-0.09999999999999998","true","true","""471931626""","0.7947160251998175","0.7947160251998175","0.7947160251998175","0","0.7947160251998175"
"1","114","120","1000","1","""HK""","0.26","false","""normal""","1","""constant""","0","""Scale-free""","5","0","1","""uniform""","""deterministic-normal""","30","0.10000000000000009","0.6000000000000001","""normal""","0.9000000000000001","0","false","""/home/ramaswamy.51/Documents/github/Spirals/Media/data/cluster/endsim/BehaviorSearch/Step6_Trial""","true","1","0.30000000000000004","1","-0.09999999999999998","true","true","""890099667""","0.7947160251998175","0.7947160251998175","0.7947160251998175","0","0.7947160251998175"
"1","115","120","1000","1","""HK""","0.26","false","""normal""","1","""constant""","0","""Scale-free""","5","0","1","""uniform""","""deterministic-normal""","30","0.10000000000000009","0.6000000000000001","""normal""","0.9000000000000001","0","false","""/home/ramaswamy.51/Documents/github/Spirals/Media/data/cluster/endsim/BehaviorSearch/Step6_Trial""","true","1","0.30000000000000004","1","-0.09999999999999998","true","true","""-912581963""","0.7947160251998175","0.7947160251998175","0.7947160251998175","0","0.7947160251998175"
"1","116","120","1000","1","""HK""","0.26","false","""normal""","1","""constant""","0","""Scale-free""","5","0","1","""uniform""","""deterministic-normal""","30","0.10000000000000009","0.6000000000000001","""normal""","0.9000000000000001","0","false","""/home/ramaswamy.51/Documents/github/Spirals/Media/data/cluster/endsim/BehaviorSearch/Step6_Trial""","true","1","0.30000000000000004","1","-0.09999999999999998","true","true","""1107014200""","0.7947160251998175","0.7947160251998175","0.7947160251998175","0","0.7947160251998175"
"1","117","120","1000","1","""HK""","0.13","false","""normal""","1","""constant""","0.4","""Scale-free""","2","0","1","""uniform""","""deterministic-normal""","45","0.30000000000000004","1","""normal""","0.9000000000000001","0.4","false","""/home/ramaswamy.51/Documents/github/Spirals/Media/data/cluster/endsim/BehaviorSearch/Step6_Trial""","true","0.9","0.7000000000000001","2","0.10000000000000009","true","true","""-1990058407""","0.4193287507130503","0.4193287507130503","0.4193287507130503","0","0.4193287507130503"
"1","118","120","1000","1","""HK""","0.13","false","""normal""","1","""constant""","0.4","""Scale-free""","2","0","1","""uniform""","""deterministic-normal""","45","0.30000000000000004","1","""normal""","0.9000000000000001","0.4","false","""/home/ramaswamy.51/Documents/github/Spirals/Media/data/cluster/endsim/BehaviorSearch/Step6_Trial""","true","0.9","0.7000000000000001","2","0.10000000000000009","true","true","""1543064152""","0.40024984235902045","0.40024984235902045","0.40024984235902045","0","0.40024984235902045"
"1","119","120","1000","1","""HK""","0.13","false","""normal""","1","""constant""","0.4","""Scale-free""","2","0","1","""uniform""","""deterministic-normal""","45","0.30000000000000004","1","""normal""","0.9000000000000001","0.4","false","""/home/ramaswamy.51/Documents/github/Spirals/Media/data/cluster/endsim/BehaviorSearch/Step6_Trial""","true","0.9","0.7000000000000001","2","0.10000000000000009","true","true","""-1035350060""","0.4217008179797646","0.4217008179797646","0.4217008179797646","0","0.4217008179797646"
"1","120","120","1000","1","""HK""","0.13","false","""normal""","1","""constant""","0.4","""Scale-free""","2","0","1","""uniform""","""deterministic-normal""","45","0.30000000000000004","1","""normal""","0.9000000000000001","0.4","false","""/home/ramaswamy.51/Documents/github/Spirals/Media/data/cluster/endsim/BehaviorSearch/Step6_Trial""","true","0.9","0.7000000000000001","2","0.10000000000000009","true","true","""645657129""","0.4113487670218336","0.4113487670218336","0.4113487670218336","0","0.4113487670218336"
"1","121","128","1000","1","""HK""","0.03","false","""normal""","1","""constant""","0.1","""Scale-free""","1","0","1","""uniform""","""deterministic-normal""","20","-0.29999999999999993","0.2","""normal""","0.30000000000000004","0.4","false","""/home/ramaswamy.51/Documents/github/Spirals/Media/data/cluster/endsim/BehaviorSearch/Step6_Trial""","true","0.7000000000000001","0.8","8","0.20000000000000018","true","true","""603541074""","0.2726184219267242","0.2726184219267242","0.2726184219267242","0","0.2726184219267242"
"1","122","128","1000","1","""HK""","0.03","false","""normal""","1","""constant""","0.1","""Scale-free""","1","0","1","""uniform""","""deterministic-normal""","20","-0.29999999999999993","0.2","""normal""","0.30000000000000004","0.4","false","""/home/ramaswamy.51/Documents/github/Spirals/Media/data/cluster/endsim/BehaviorSearch/Step6_Trial""","true","0.7000000000000001","0.8","8","0.20000000000000018","true","true","""1973653760""","0.27567553376568976","0.27567553376568976","0.27567553376568976","0","0.27567553376568976"
"1","123","128","1000","1","""HK""","0.03","false","""normal""","1","""constant""","0.1","""Scale-free""","1","0","1","""uniform""","""deterministic-normal""","20","-0.29999999999999993","0.2","""normal""","0.30000000000000004","0.4","false","""/home/ramaswamy.51/Documents/github/Spirals/Media/data/cluster/endsim/BehaviorSearch/Step6_Trial""","true","0.7000000000000001","0.8","8","0.20000000000000018","true","true","""1656234540""","0.2582412960194612","0.2582412960194612","0.2582412960194612","0","0.2582412960194612"
"1","124","128","1000","1","""HK""","0.03","false","""normal""","1","""constant""","0.1","""Scale-free""","1","0","1","""uniform""","""deterministic-normal""","20","-0.29999999999999993","0.2","""normal""","0.30000000000000004","0.4","false","""/home/ramaswamy.51/Documents/github/Spirals/Media/data/cluster/endsim/BehaviorSearch/Step6_Trial""","true","0.7000000000000001","0.8","8","0.20000000000000018","true","true","""2019979527""","0.28494043789361634","0.28494043789361634","0.28494043789361634","0","0.28494043789361634"
"1","125","132","1000","1","""HK""","0.19","false","""normal""","1","""constant""","0.30000000000000004","""Scale-free""","1","0","1","""uniform""","""deterministic-normal""","15","-0.7","1","""normal""","0.40000000000000013","0","false","""/home/ramaswamy.51/Documents/github/Spirals/Media/data/cluster/endsim/BehaviorSearch/Step6_Trial""","true","0.7000000000000001","0.2","5","-0.5","true","true","""-259763916""","0.4079443247866371","0.4079443247866371","0.4079443247866371","0","0.4079443247866371"
"1","126","132","1000","1","""HK""","0.19","false","""normal""","1","""constant""","0.30000000000000004","""Scale-free""","1","0","1","""uniform""","""deterministic-normal""","15","-0.7","1","""normal""","0.40000000000000013","0","false","""/home/ramaswamy.51/Documents/github/Spirals/Media/data/cluster/endsim/BehaviorSearch/Step6_Trial""","true","0.7000000000000001","0.2","5","-0.5","true","true","""938411189""","0.4116259941992858","0.4116259941992858","0.4116259941992858","0","0.4116259941992858"
"1","127","132","1000","1","""HK""","0.19","false","""normal""","1","""constant""","0.30000000000000004","""Scale-free""","1","0","1","""uniform""","""deterministic-normal""","15","-0.7","1","""normal""","0.40000000000000013","0","false","""/home/ramaswamy.51/Documents/github/Spirals/Media/data/cluster/endsim/BehaviorSearch/Step6_Trial""","true","0.7000000000000001","0.2","5","-0.5","true","true","""580555645""","0.41505571338162056","0.41505571338162056","0.41505571338162056","0","0.41505571338162056"
"1","128","132","1000","1","""HK""","0.19","false","""normal""","1","""constant""","0.30000000000000004","""Scale-free""","1","0","1","""uniform""","""deterministic-normal""","15","-0.7","1","""normal""","0.40000000000000013","0","false","""/home/ramaswamy.51/Documents/github/Spirals/Media/data/cluster/endsim/BehaviorSearch/Step6_Trial""","true","0.7000000000000001","0.2","5","-0.5","true","true","""1109865051""","0.4090191731489736","0.4090191731489736","0.4090191731489736","0","0.4090191731489736"
"1","129","136","1000","1","""HK""","0.15000000000000002","false","""normal""","1","""constant""","0.2","""Scale-free""","1","0","1","""uniform""","""deterministic-normal""","20","-0.5","0","""normal""","-0.09999999999999998","0.8","false","""/home/ramaswamy.51/Documents/github/Spirals/Media/data/cluster/endsim/BehaviorSearch/Step6_Trial""","true","0.30000000000000004","1","5","0.8","true","true","""-453426227""","0.2429203850530044","0.2429203850530044","0.2429203850530044","0","0.2429203850530044"
"1","130","136","1000","1","""HK""","0.15000000000000002","false","""normal""","1","""constant""","0.2","""Scale-free""","1","0","1","""uniform""","""deterministic-normal""","20","-0.5","0","""normal""","-0.09999999999999998","0.8","false","""/home/ramaswamy.51/Documents/github/Spirals/Media/data/cluster/endsim/BehaviorSearch/Step6_Trial""","true","0.30000000000000004","1","5","0.8","true","true","""-1975094128""","0.24112739148140422","0.24112739148140422","0.24112739148140422","0","0.24112739148140422"
"1","131","136","1000","1","""HK""","0.15000000000000002","false","""normal""","1","""constant""","0.2","""Scale-free""","1","0","1","""uniform""","""deterministic-normal""","20","-0.5","0","""normal""","-0.09999999999999998","0.8","false","""/home/ramaswamy.51/Documents/github/Spirals/Media/data/cluster/endsim/BehaviorSearch/Step6_Trial""","true","0.30000000000000004","1","5","0.8","true","true","""-190784698""","0.23821534555661794","0.23821534555661794","0.23821534555661794","0","0.23821534555661794"
"1","132","136","1000","1","""HK""","0.15000000000000002","false","""normal""","1","""constant""","0.2","""Scale-free""","1","0","1","""uniform""","""deterministic-normal""","20","-0.5","0","""normal""","-0.09999999999999998","0.8","false","""/home/ramaswamy.51/Documents/github/Spirals/Media/data/cluster/endsim/BehaviorSearch/Step6_Trial""","true","0.30000000000000004","1","5","0.8","true","true","""2096541158""","0.2429306741293908","0.2429306741293908","0.2429306741293908","0","0.2429306741293908"
"1","133","140","1000","1","""HK""","0.18000000000000002","false","""normal""","1","""constant""","0.1","""Scale-free""","1","0","1","""uniform""","""deterministic-normal""","20","-0.29999999999999993","0.7000000000000001","""normal""","0.40000000000000013","0.7000000000000001","false","""/home/ramaswamy.51/Documents/github/Spirals/Media/data/cluster/endsim/BehaviorSearch/Step6_Trial""","true","0.9","0.5","1","0.8","true","true","""-55007393""","0.3570239690455254","0.3570239690455254","0.3570239690455254","0","0.3570239690455254"
"1","134","140","1000","1","""HK""","0.18000000000000002","false","""normal""","1","""constant""","0.1","""Scale-free""","1","0","1","""uniform""","""deterministic-normal""","20","-0.29999999999999993","0.7000000000000001","""normal""","0.40000000000000013","0.7000000000000001","false","""/home/ramaswamy.51/Documents/github/Spirals/Media/data/cluster/endsim/BehaviorSearch/Step6_Trial""","true","0.9","0.5","1","0.8","true","true","""-715152410""","0.34084099393437695","0.34084099393437695","0.34084099393437695","0","0.34084099393437695"
"1","135","140","1000","1","""HK""","0.18000000000000002","false","""normal""","1","""constant""","0.1","""Scale-free""","1","0","1","""uniform""","""deterministic-normal""","20","-0.29999999999999993","0.7000000000000001","""normal""","0.40000000000000013","0.7000000000000001","false","""/home/ramaswamy.51/Documents/github/Spirals/Media/data/cluster/endsim/BehaviorSearch/Step6_Trial""","true","0.9","0.5","1","0.8","true","true","""1857937077""","0.35413951988303505","0.35413951988303505","0.35413951988303505","0","0.35413951988303505"
"1","136","140","1000","1","""HK""","0.18000000000000002","false","""normal""","1","""constant""","0.1","""Scale-free""","1","0","1","""uniform""","""deterministic-normal""","20","-0.29999999999999993","0.7000000000000001","""normal""","0.40000000000000013","0.7000000000000001","false","""/home/ramaswamy.51/Documents/github/Spirals/Media/data/cluster/endsim/BehaviorSearch/Step6_Trial""","true","0.9","0.5","1","0.8","true","true","""-1237716294""","0.3442854244357929","0.3442854244357929","0.3442854244357929","0","0.3442854244357929"
"1","137","144","1000","1","""HK""","0.060000000000000005","false","""normal""","1","""constant""","0.1","""Scale-free""","4","0","1","""uniform""","""deterministic-normal""","20","-0.3999999999999999","0.2","""normal""","0.30000000000000004","0.5","false","""/home/ramaswamy.51/Documents/github/Spirals/Media/data/cluster/endsim/BehaviorSearch/Step6_Trial""","true","0.7000000000000001","0.8","9","0","true","true","""957855873""","0.23632103902314502","0.23632103902314502","0.23632103902314502","0","0.23632103902314502"
"1","138","144","1000","1","""HK""","0.060000000000000005","false","""normal""","1","""constant""","0.1","""Scale-free""","4","0","1","""uniform""","""deterministic-normal""","20","-0.3999999999999999","0.2","""normal""","0.30000000000000004","0.5","false","""/home/ramaswamy.51/Documents/github/Spirals/Media/data/cluster/endsim/BehaviorSearch/Step6_Trial""","true","0.7000000000000001","0.8","9","0","true","true","""-1505370281""","0.24120114438100207","0.24120114438100207","0.24120114438100207","0","0.24120114438100207"
"1","139","144","1000","1","""HK""","0.060000000000000005","false","""normal""","1","""constant""","0.1","""Scale-free""","4","0","1","""uniform""","""deterministic-normal""","20","-0.3999999999999999","0.2","""normal""","0.30000000000000004","0.5","false","""/home/ramaswamy.51/Documents/github/Spirals/Media/data/cluster/endsim/BehaviorSearch/Step6_Trial""","true","0.7000000000000001","0.8","9","0","true","true","""223340050""","0.22028865385819918","0.22028865385819918","0.22028865385819918","0","0.22028865385819918"
"1","140","144","1000","1","""HK""","0.060000000000000005","false","""normal""","1","""constant""","0.1","""Scale-free""","4","0","1","""uniform""","""deterministic-normal""","20","-0.3999999999999999","0.2","""normal""","0.30000000000000004","0.5","false","""/home/ramaswamy.51/Documents/github/Spirals/Media/data/cluster/endsim/BehaviorSearch/Step6_Trial""","true","0.7000000000000001","0.8","9","0","true","true","""-1785002300""","0.22529016751627062","0.22529016751627062","0.22529016751627062","0","0.22529016751627062"
"1","141","152","1000","1","""HK""","0.09","false","""normal""","1","""constant""","0.2","""Scale-free""","1","0","1","""uniform""","""deterministic-normal""","10","-0.7","0.5","""normal""","-0.29999999999999993","0.9","false","""/home/ramaswamy.51/Documents/github/Spirals/Media/data/cluster/endsim/BehaviorSearch/Step6_Trial""","true","0.6000000000000001","1","4","-0.9","true","true","""-339912749""","0.16526320307553008","0.16526320307553008","0.16526320307553008","0","0.16526320307553008"
"1","142","152","1000","1","""HK""","0.09","false","""normal""","1","""constant""","0.2","""Scale-free""","1","0","1","""uniform""","""deterministic-normal""","10","-0.7","0.5","""normal""","-0.29999999999999993","0.9","false","""/home/ramaswamy.51/Documents/github/Spirals/Media/data/cluster/endsim/BehaviorSearch/Step6_Trial""","true","0.6000000000000001","1","4","-0.9","true","true","""620355492""","0.17436172726954813","0.17436172726954813","0.17436172726954813","0","0.17436172726954813"
"1","143","152","1000","1","""HK""","0.09","false","""normal""","1","""constant""","0.2","""Scale-free""","1","0","1","""uniform""","""deterministic-normal""","10","-0.7","0.5","""normal""","-0.29999999999999993","0.9","false","""/home/ramaswamy.51/Documents/github/Spirals/Media/data/cluster/endsim/BehaviorSearch/Step6_Trial""","true","0.6000000000000001","1","4","-0.9","true","true","""2032528355""","0.18178409496463177","0.18178409496463177","0.18178409496463177","0","0.18178409496463177"
"1","144","152","1000","1","""HK""","0.09","false","""normal""","1","""constant""","0.2","""Scale-free""","1","0","1","""uniform""","""deterministic-normal""","10","-0.7","0.5","""normal""","-0.29999999999999993","0.9","false","""/home/ramaswamy.51/Documents/github/Spirals/Media/data/cluster/endsim/BehaviorSearch/Step6_Trial""","true","0.6000000000000001","1","4","-0.9","true","true","""1742433919""","0.18057044312836257","0.18057044312836257","0.18057044312836257","0","0.18057044312836257"
"1","145","156","1000","1","""HK""","0.06999999999999999","false","""normal""","1","""constant""","0.2","""Scale-free""","1","0","1","""uniform""","""deterministic-normal""","10","-0.7","0.6000000000000001","""normal""","-0.29999999999999993","0.9","false","""/home/ramaswamy.51/Documents/github/Spirals/Media/data/cluster/endsim/BehaviorSearch/Step6_Trial""","true","0.6000000000000001","1","4","-0.9","true","true","""-1805213868""","0.15059370780461392","0.15059370780461392","0.15059370780461392","0","0.15059370780461392"
"1","146","156","1000","1","""HK""","0.06999999999999999","false","""normal""","1","""constant""","0.2","""Scale-free""","1","0","1","""uniform""","""deterministic-normal""","10","-0.7","0.6000000000000001","""normal""","-0.29999999999999993","0.9","false","""/home/ramaswamy.51/Documents/github/Spirals/Media/data/cluster/endsim/BehaviorSearch/Step6_Trial""","true","0.6000000000000001","1","4","-0.9","true","true","""-1290105448""","0.17951136950749605","0.17951136950749605","0.17951136950749605","0","0.17951136950749605"
"1","147","156","1000","1","""HK""","0.06999999999999999","false","""normal""","1","""constant""","0.2","""Scale-free""","1","0","1","""uniform""","""deterministic-normal""","10","-0.7","0.6000000000000001","""normal""","-0.29999999999999993","0.9","false","""/home/ramaswamy.51/Documents/github/Spirals/Media/data/cluster/endsim/BehaviorSearch/Step6_Trial""","true","0.6000000000000001","1","4","-0.9","true","true","""2121587748""","0.16189617144905383","0.16189617144905383","0.16189617144905383","0","0.16189617144905383"
"1","148","156","1000","1","""HK""","0.06999999999999999","false","""normal""","1","""constant""","0.2","""Scale-free""","1","0","1","""uniform""","""deterministic-normal""","10","-0.7","0.6000000000000001","""normal""","-0.29999999999999993","0.9","false","""/home/ramaswamy.51/Documents/github/Spirals/Media/data/cluster/endsim/BehaviorSearch/Step6_Trial""","true","0.6000000000000001","1","4","-0.9","true","true","""-1508847917""","0.14207327760015911","0.14207327760015911","0.14207327760015911","0","0.14207327760015911"
"1","149","160","1000","1","""HK""","0.13","false","""normal""","1","""constant""","0.2","""Scale-free""","1","0","1","""uniform""","""deterministic-normal""","15","-0.5","0","""normal""","-0.09999999999999998","0.9","false","""/home/ramaswamy.51/Documents/github/Spirals/Media/data/cluster/endsim/BehaviorSearch/Step6_Trial""","true","0.30000000000000004","0.9","5","0.8","true","true","""-1620199251""","0.2199035331326943","0.2199035331326943","0.2199035331326943","0","0.2199035331326943"
"1","150","160","1000","1","""HK""","0.13","false","""normal""","1","""constant""","0.2","""Scale-free""","1","0","1","""uniform""","""deterministic-normal""","15","-0.5","0","""normal""","-0.09999999999999998","0.9","false","""/home/ramaswamy.51/Documents/github/Spirals/Media/data/cluster/endsim/BehaviorSearch/Step6_Trial""","true","0.30000000000000004","0.9","5","0.8","true","true","""-1281119824""","0.21332986775689275","0.21332986775689275","0.21332986775689275","0","0.21332986775689275"
"1","151","160","1000","1","""HK""","0.13","false","""normal""","1","""constant""","0.2","""Scale-free""","1","0","1","""uniform""","""deterministic-normal""","15","-0.5","0","""normal""","-0.09999999999999998","0.9","false","""/home/ramaswamy.51/Documents/github/Spirals/Media/data/cluster/endsim/BehaviorSearch/Step6_Trial""","true","0.30000000000000004","0.9","5","0.8","true","true","""632659728""","0.21788741570614356","0.21788741570614356","0.21788741570614356","0","0.21788741570614356"
"1","152","160","1000","1","""HK""","0.13","false","""normal""","1","""constant""","0.2","""Scale-free""","1","0","1","""uniform""","""deterministic-normal""","15","-0.5","0","""normal""","-0.09999999999999998","0.9","false","""/home/ramaswamy.51/Documents/github/Spirals/Media/data/cluster/endsim/BehaviorSearch/Step6_Trial""","true","0.30000000000000004","0.9","5","0.8","true","true","""-1541499051""","0.22394041400013004","0.22394041400013004","0.22394041400013004","0","0.22394041400013004"
"1","153","164","1000","1","""HK""","0.09","false","""normal""","1","""constant""","0.2","""Scale-free""","1","0","1","""uniform""","""deterministic-normal""","10","-0.7","0.6000000000000001","""normal""","-0.29999999999999993","0.9","false","""/home/ramaswamy.51/Documents/github/Spirals/Media/data/cluster/endsim/BehaviorSearch/Step6_Trial""","true","0.6000000000000001","1","4","-1","true","true","""-289090160""","0.17182638791989516","0.17182638791989516","0.17182638791989516","0","0.17182638791989516"
"1","154","164","1000","1","""HK""","0.09","false","""normal""","1","""constant""","0.2","""Scale-free""","1","0","1","""uniform""","""deterministic-normal""","10","-0.7","0.6000000000000001","""normal""","-0.29999999999999993","0.9","false","""/home/ramaswamy.51/Documents/github/Spirals/Media/data/cluster/endsim/BehaviorSearch/Step6_Trial""","true","0.6000000000000001","1","4","-1","true","true","""-2143534075""","0.165260375264764","0.165260375264764","0.165260375264764","0","0.165260375264764"
"1","155","164","1000","1","""HK""","0.09","false","""normal""","1","""constant""","0.2","""Scale-free""","1","0","1","""uniform""","""deterministic-normal""","10","-0.7","0.6000000000000001","""normal""","-0.29999999999999993","0.9","false","""/home/ramaswamy.51/Documents/github/Spirals/Media/data/cluster/endsim/BehaviorSearch/Step6_Trial""","true","0.6000000000000001","1","4","-1","true","true","""523504773""","0.15258571125953704","0.15258571125953704","0.15258571125953704","0","0.15258571125953704"
"1","156","164","1000","1","""HK""","0.09","false","""normal""","1","""constant""","0.2","""Scale-free""","1","0","1","""uniform""","""deterministic-normal""","10","-0.7","0.6000000000000001","""normal""","-0.29999999999999993","0.9","false","""/home/ramaswamy.51/Documents/github/Spirals/Media/data/cluster/endsim/BehaviorSearch/Step6_Trial""","true","0.6000000000000001","1","4","-1","true","true","""-1428325009""","0.17782082472729413","0.17782082472729413","0.17782082472729413","0","0.17782082472729413"
"1","157","168","1000","1","""HK""","0.06999999999999999","false","""normal""","1","""constant""","0.2","""Scale-free""","1","0","1","""uniform""","""deterministic-normal""","10","-0.7","0.5","""normal""","-0.29999999999999993","0.9","false","""/home/ramaswamy.51/Documents/github/Spirals/Media/data/cluster/endsim/BehaviorSearch/Step6_Trial""","true","0.6000000000000001","1","3","-0.9","true","true","""201666678""","0.15302663701232042","0.15302663701232042","0.15302663701232042","0","0.15302663701232042"
"1","158","168","1000","1","""HK""","0.06999999999999999","false","""normal""","1","""constant""","0.2","""Scale-free""","1","0","1","""uniform""","""deterministic-normal""","10","-0.7","0.5","""normal""","-0.29999999999999993","0.9","false","""/home/ramaswamy.51/Documents/github/Spirals/Media/data/cluster/endsim/BehaviorSearch/Step6_Trial""","true","0.6000000000000001","1","3","-0.9","true","true","""1631539756""","0.15095169114544596","0.15095169114544596","0.15095169114544596","0","0.15095169114544596"
"1","159","168","1000","1","""HK""","0.06999999999999999","false","""normal""","1","""constant""","0.2","""Scale-free""","1","0","1","""uniform""","""deterministic-normal""","10","-0.7","0.5","""normal""","-0.29999999999999993","0.9","false","""/home/ramaswamy.51/Documents/github/Spirals/Media/data/cluster/endsim/BehaviorSearch/Step6_Trial""","true","0.6000000000000001","1","3","-0.9","true","true","""-913353290""","0.15009334879920314","0.15009334879920314","0.15009334879920314","0","0.15009334879920314"
"1","160","168","1000","1","""HK""","0.06999999999999999","false","""normal""","1","""constant""","0.2","""Scale-free""","1","0","1","""uniform""","""deterministic-normal""","10","-0.7","0.5","""normal""","-0.29999999999999993","0.9","false","""/home/ramaswamy.51/Documents/github/Spirals/Media/data/cluster/endsim/BehaviorSearch/Step6_Trial""","true","0.6000000000000001","1","3","-0.9","true","true","""1847362566""","0.13643760524504575","0.13643760524504575","0.13643760524504575","0","0.13643760524504575"
"1","161","172","1000","1","""HK""","0.060000000000000005","false","""normal""","1","""constant""","0.2","""Scale-free""","1","0","1","""uniform""","""deterministic-normal""","20","-0.5","0","""normal""","-0.29999999999999993","0.8","false","""/home/ramaswamy.51/Documents/github/Spirals/Media/data/cluster/endsim/BehaviorSearch/Step6_Trial""","true","0.30000000000000004","1","5","0.8","true","true","""802840578""","0.1901928296090995","0.1901928296090995","0.1901928296090995","0","0.1901928296090995"
"1","162","172","1000","1","""HK""","0.060000000000000005","false","""normal""","1","""constant""","0.2","""Scale-free""","1","0","1","""uniform""","""deterministic-normal""","20","-0.5","0","""normal""","-0.29999999999999993","0.8","false","""/home/ramaswamy.51/Documents/github/Spirals/Media/data/cluster/endsim/BehaviorSearch/Step6_Trial""","true","0.30000000000000004","1","5","0.8","true","true","""-1320246334""","0.18603321341719972","0.18603321341719972","0.18603321341719972","0","0.18603321341719972"
"1","163","172","1000","1","""HK""","0.060000000000000005","false","""normal""","1","""constant""","0.2","""Scale-free""","1","0","1","""uniform""","""deterministic-normal""","20","-0.5","0","""normal""","-0.29999999999999993","0.8","false","""/home/ramaswamy.51/Documents/github/Spirals/Media/data/cluster/endsim/BehaviorSearch/Step6_Trial""","true","0.30000000000000004","1","5","0.8","true","true","""-498707221""","0.16739294417098957","0.16739294417098957","0.16739294417098957","0","0.16739294417098957"
"1","164","172","1000","1","""HK""","0.060000000000000005","false","""normal""","1","""constant""","0.2","""Scale-free""","1","0","1","""uniform""","""deterministic-normal""","20","-0.5","0","""normal""","-0.29999999999999993","0.8","false","""/home/ramaswamy.51/Documents/github/Spirals/Media/data/cluster/endsim/BehaviorSearch/Step6_Trial""","true","0.30000000000000004","1","5","0.8","true","true","""-1820529931""","0.1811875683730213","0.1811875683730213","0.1811875683730213","0","0.1811875683730213"
"1","165","176","1000","1","""HK""","0.06999999999999999","false","""normal""","1","""constant""","0.2","""Scale-free""","1","0","1","""uniform""","""deterministic-normal""","10","-0.6","0.5","""normal""","-0.19999999999999996","0.9","false","""/home/ramaswamy.51/Documents/github/Spirals/Media/data/cluster/endsim/BehaviorSearch/Step6_Trial""","true","0.6000000000000001","1","3","-0.9","true","true","""1517253116""","0.13138002474684762","0.13138002474684762","0.13138002474684762","0","0.13138002474684762"
"1","166","176","1000","1","""HK""","0.06999999999999999","false","""normal""","1","""constant""","0.2","""Scale-free""","1","0","1","""uniform""","""deterministic-normal""","10","-0.6","0.5","""normal""","-0.19999999999999996","0.9","false","""/home/ramaswamy.51/Documents/github/Spirals/Media/data/cluster/endsim/BehaviorSearch/Step6_Trial""","true","0.6000000000000001","1","3","-0.9","true","true","""1847874345""","0.1443637782410254","0.1443637782410254","0.1443637782410254","0","0.1443637782410254"
"1","167","176","1000","1","""HK""","0.06999999999999999","false","""normal""","1","""constant""","0.2","""Scale-free""","1","0","1","""uniform""","""deterministic-normal""","10","-0.6","0.5","""normal""","-0.19999999999999996","0.9","false","""/home/ramaswamy.51/Documents/github/Spirals/Media/data/cluster/endsim/BehaviorSearch/Step6_Trial""","true","0.6000000000000001","1","3","-0.9","true","true","""98079837""","0.13511070355978846","0.13511070355978846","0.13511070355978846","0","0.13511070355978846"
"1","168","176","1000","1","""HK""","0.06999999999999999","false","""normal""","1","""constant""","0.2","""Scale-free""","1","0","1","""uniform""","""deterministic-normal""","10","-0.6","0.5","""normal""","-0.19999999999999996","0.9","false","""/home/ramaswamy.51/Documents/github/Spirals/Media/data/cluster/endsim/BehaviorSearch/Step6_Trial""","true","0.6000000000000001","1","3","-0.9","true","true","""1053391380""","0.14013473821969413","0.14013473821969413","0.14013473821969413","0","0.14013473821969413"
"1","169","180","1000","1","""HK""","0.060000000000000005","false","""normal""","1","""constant""","0.1","""Scale-free""","4","0","1","""uniform""","""deterministic-normal""","20","-0.3999999999999999","0.1","""normal""","0.20000000000000018","0.5","false","""/home/ramaswamy.51/Documents/github/Spirals/Media/data/cluster/endsim/BehaviorSearch/Step6_Trial""","true","0.7000000000000001","0.8","9","0","true","true","""-1660669820""","0.20371229426633283","0.20371229426633283","0.20371229426633283","0","0.20371229426633283"
"1","170","180","1000","1","""HK""","0.060000000000000005","false","""normal""","1","""constant""","0.1","""Scale-free""","4","0","1","""uniform""","""deterministic-normal""","20","-0.3999999999999999","0.1","""normal""","0.20000000000000018","0.5","false","""/home/ramaswamy.51/Documents/github/Spirals/Media/data/cluster/endsim/BehaviorSearch/Step6_Trial""","true","0.7000000000000001","0.8","9","0","true","true","""-1586895205""","0.19903001474891507","0.19903001474891507","0.19903001474891507","0","0.19903001474891507"
"1","171","180","1000","1","""HK""","0.060000000000000005","false","""normal""","1","""constant""","0.1","""Scale-free""","4","0","1","""uniform""","""deterministic-normal""","20","-0.3999999999999999","0.1","""normal""","0.20000000000000018","0.5","false","""/home/ramaswamy.51/Documents/github/Spirals/Media/data/cluster/endsim/BehaviorSearch/Step6_Trial""","true","0.7000000000000001","0.8","9","0","true","true","""1340782833""","0.18348139018527462","0.18348139018527462","0.18348139018527462","0","0.18348139018527462"
"1","172","180","1000","1","""HK""","0.060000000000000005","false","""normal""","1","""constant""","0.1","""Scale-free""","4","0","1","""uniform""","""deterministic-normal""","20","-0.3999999999999999","0.1","""normal""","0.20000000000000018","0.5","false","""/home/ramaswamy.51/Documents/github/Spirals/Media/data/cluster/endsim/BehaviorSearch/Step6_Trial""","true","0.7000000000000001","0.8","9","0","true","true","""-1254015782""","0.20296979188998024","0.20296979188998024","0.20296979188998024","0","0.20296979188998024"
"1","173","184","1000","1","""HK""","0.08","false","""normal""","1","""constant""","0.1","""Scale-free""","4","0","1","""uniform""","""deterministic-normal""","20","-0.3999999999999999","0.30000000000000004","""normal""","-0.09999999999999998","0.9","false","""/home/ramaswamy.51/Documents/github/Spirals/Media/data/cluster/endsim/BehaviorSearch/Step6_Trial""","true","0.6000000000000001","1","4","-1","true","true","""664983519""","0.2908522673913394","0.2908522673913394","0.2908522673913394","0","0.2908522673913394"
"1","174","184","1000","1","""HK""","0.08","false","""normal""","1","""constant""","0.1","""Scale-free""","4","0","1","""uniform""","""deterministic-normal""","20","-0.3999999999999999","0.30000000000000004","""normal""","-0.09999999999999998","0.9","false","""/home/ramaswamy.51/Documents/github/Spirals/Media/data/cluster/endsim/BehaviorSearch/Step6_Trial""","true","0.6000000000000001","1","4","-1","true","true","""-1312900375""","0.25516019905273074","0.25516019905273074","0.25516019905273074","0","0.25516019905273074"
"1","175","184","1000","1","""HK""","0.08","false","""normal""","1","""constant""","0.1","""Scale-free""","4","0","1","""uniform""","""deterministic-normal""","20","-0.3999999999999999","0.30000000000000004","""normal""","-0.09999999999999998","0.9","false","""/home/ramaswamy.51/Documents/github/Spirals/Media/data/cluster/endsim/BehaviorSearch/Step6_Trial""","true","0.6000000000000001","1","4","-1","true","true","""572219833""","0.2645861451860415","0.2645861451860415","0.2645861451860415","0","0.2645861451860415"
"1","176","184","1000","1","""HK""","0.08","false","""normal""","1","""constant""","0.1","""Scale-free""","4","0","1","""uniform""","""deterministic-normal""","20","-0.3999999999999999","0.30000000000000004","""normal""","-0.09999999999999998","0.9","false","""/home/ramaswamy.51/Documents/github/Spirals/Media/data/cluster/endsim/BehaviorSearch/Step6_Trial""","true","0.6000000000000001","1","4","-1","true","true","""362734515""","0.24422553012685883","0.24422553012685883","0.24422553012685883","0","0.24422553012685883"
"1","177","188","1000","1","""HK""","0.16","false","""normal""","1","""constant""","0.2","""Scale-free""","1","0","1","""uniform""","""deterministic-normal""","15","-0.3999999999999999","0","""normal""","-0.09999999999999998","1","false","""/home/ramaswamy.51/Documents/github/Spirals/Media/data/cluster/endsim/BehaviorSearch/Step6_Trial""","true","0.2","0.9","4","0.8","true","true","""1740710162""","0.24014823339703933","0.24014823339703933","0.24014823339703933","0","0.24014823339703933"
"1","178","188","1000","1","""HK""","0.16","false","""normal""","1","""constant""","0.2","""Scale-free""","1","0","1","""uniform""","""deterministic-normal""","15","-0.3999999999999999","0","""normal""","-0.09999999999999998","1","false","""/home/ramaswamy.51/Documents/github/Spirals/Media/data/cluster/endsim/BehaviorSearch/Step6_Trial""","true","0.2","0.9","4","0.8","true","true","""118360705""","0.2402105266271707","0.2402105266271707","0.2402105266271707","0","0.2402105266271707"
"1","179","188","1000","1","""HK""","0.16","false","""normal""","1","""constant""","0.2","""Scale-free""","1","0","1","""uniform""","""deterministic-normal""","15","-0.3999999999999999","0","""normal""","-0.09999999999999998","1","false","""/home/ramaswamy.51/Documents/github/Spirals/Media/data/cluster/endsim/BehaviorSearch/Step6_Trial""","true","0.2","0.9","4","0.8","true","true","""-1286115976""","0.23509599498405834","0.23509599498405834","0.23509599498405834","0","0.23509599498405834"
"1","180","188","1000","1","""HK""","0.16","false","""normal""","1","""constant""","0.2","""Scale-free""","1","0","1","""uniform""","""deterministic-normal""","15","-0.3999999999999999","0","""normal""","-0.09999999999999998","1","false","""/home/ramaswamy.51/Documents/github/Spirals/Media/data/cluster/endsim/BehaviorSearch/Step6_Trial""","true","0.2","0.9","4","0.8","true","true","""1305877148""","0.24668426484372055","0.24668426484372055","0.24668426484372055","0","0.24668426484372055"
"1","181","192","1000","1","""HK""","0.03","false","""normal""","1","""constant""","0","""Scale-free""","1","0","1","""uniform""","""deterministic-normal""","40","-0.6","0.1","""normal""","0","0.6000000000000001","false","""/home/ramaswamy.51/Documents/github/Spirals/Media/data/cluster/endsim/BehaviorSearch/Step6_Trial""","true","0.2","1","8","0.10000000000000009","true","true","""307824343""","0.11046254770216257","0.11046254770216257","0.11046254770216257","0","0.11046254770216257"
"1","182","192","1000","1","""HK""","0.03","false","""normal""","1","""constant""","0","""Scale-free""","1","0","1","""uniform""","""deterministic-normal""","40","-0.6","0.1","""normal""","0","0.6000000000000001","false","""/home/ramaswamy.51/Documents/github/Spirals/Media/data/cluster/endsim/BehaviorSearch/Step6_Trial""","true","0.2","1","8","0.10000000000000009","true","true","""1801587091""","0.0901562207581506","0.0901562207581506","0.0901562207581506","0","0.0901562207581506"
"1","183","192","1000","1","""HK""","0.03","false","""normal""","1","""constant""","0","""Scale-free""","1","0","1","""uniform""","""deterministic-normal""","40","-0.6","0.1","""normal""","0","0.6000000000000001","false","""/home/ramaswamy.51/Documents/github/Spirals/Media/data/cluster/endsim/BehaviorSearch/Step6_Trial""","true","0.2","1","8","0.10000000000000009","true","true","""-1623285227""","0.11316894700648521","0.11316894700648521","0.11316894700648521","0","0.11316894700648521"
"1","184","192","1000","1","""HK""","0.03","false","""normal""","1","""constant""","0","""Scale-free""","1","0","1","""uniform""","""deterministic-normal""","40","-0.6","0.1","""normal""","0","0.6000000000000001","false","""/home/ramaswamy.51/Documents/github/Spirals/Media/data/cluster/endsim/BehaviorSearch/Step6_Trial""","true","0.2","1","8","0.10000000000000009","true","true","""-775978177""","0.11269628788380767","0.11269628788380767","0.11269628788380767","0","0.11269628788380767"
"1","185","196","1000","1","""HK""","0.060000000000000005","false","""normal""","1","""constant""","0.1","""Scale-free""","1","0","1","""uniform""","""deterministic-normal""","35","-0.3999999999999999","0.1","""normal""","0","0.6000000000000001","false","""/home/ramaswamy.51/Documents/github/Spirals/Media/data/cluster/endsim/BehaviorSearch/Step6_Trial""","true","0","1","6","0.10000000000000009","true","true","""632029764""","0.16249952271829635","0.16249952271829635","0.16249952271829635","0","0.16249952271829635"
"1","186","196","1000","1","""HK""","0.060000000000000005","false","""normal""","1","""constant""","0.1","""Scale-free""","1","0","1","""uniform""","""deterministic-normal""","35","-0.3999999999999999","0.1","""normal""","0","0.6000000000000001","false","""/home/ramaswamy.51/Documents/github/Spirals/Media/data/cluster/endsim/BehaviorSearch/Step6_Trial""","true","0","1","6","0.10000000000000009","true","true","""-807410900""","0.1285405709874052","0.1285405709874052","0.1285405709874052","0","0.1285405709874052"
"1","187","196","1000","1","""HK""","0.060000000000000005","false","""normal""","1","""constant""","0.1","""Scale-free""","1","0","1","""uniform""","""deterministic-normal""","35","-0.3999999999999999","0.1","""normal""","0","0.6000000000000001","false","""/home/ramaswamy.51/Documents/github/Spirals/Media/data/cluster/endsim/BehaviorSearch/Step6_Trial""","true","0","1","6","0.10000000000000009","true","true","""1550169830""","0.1529403241221429","0.1529403241221429","0.1529403241221429","0","0.1529403241221429"
"1","188","196","1000","1","""HK""","0.060000000000000005","false","""normal""","1","""constant""","0.1","""Scale-free""","1","0","1","""uniform""","""deterministic-normal""","35","-0.3999999999999999","0.1","""normal""","0","0.6000000000000001","false","""/home/ramaswamy.51/Documents/github/Spirals/Media/data/cluster/endsim/BehaviorSearch/Step6_Trial""","true","0","1","6","0.10000000000000009","true","true","""-1555297548""","0.1446226070343704","0.1446226070343704","0.1446226070343704","0","0.1446226070343704"
"1","189","200","1000","1","""HK""","0.01","false","""normal""","1","""constant""","0","""Scale-free""","1","0","1","""uniform""","""deterministic-normal""","40","-0.6","0.2","""normal""","0","0.7000000000000001","false","""/home/ramaswamy.51/Documents/github/Spirals/Media/data/cluster/endsim/BehaviorSearch/Step6_Trial""","true","0","1","7","0.10000000000000009","true","true","""1299872143""","0.13579671933338106","0.13579671933338106","0.13579671933338106","0","0.13579671933338106"
"1","190","200","1000","1","""HK""","0.01","false","""normal""","1","""constant""","0","""Scale-free""","1","0","1","""uniform""","""deterministic-normal""","40","-0.6","0.2","""normal""","0","0.7000000000000001","false","""/home/ramaswamy.51/Documents/github/Spirals/Media/data/cluster/endsim/BehaviorSearch/Step6_Trial""","true","0","1","7","0.10000000000000009","true","true","""-1473216465""","0.1370235546421257","0.1370235546421257","0.1370235546421257","0","0.1370235546421257"
"1","191","200","1000","1","""HK""","0.01","false","""normal""","1","""constant""","0","""Scale-free""","1","0","1","""uniform""","""deterministic-normal""","40","-0.6","0.2","""normal""","0","0.7000000000000001","false","""/home/ramaswamy.51/Documents/github/Spirals/Media/data/cluster/endsim/BehaviorSearch/Step6_Trial""","true","0","1","7","0.10000000000000009","true","true","""686310710""","0.13570453366993487","0.13570453366993487","0.13570453366993487","0","0.13570453366993487"
"1","192","200","1000","1","""HK""","0.01","false","""normal""","1","""constant""","0","""Scale-free""","1","0","1","""uniform""","""deterministic-normal""","40","-0.6","0.2","""normal""","0","0.7000000000000001","false","""/home/ramaswamy.51/Documents/github/Spirals/Media/data/cluster/endsim/BehaviorSearch/Step6_Trial""","true","0","1","7","0.10000000000000009","true","true","""135420182""","0.1268258043072693","0.1268258043072693","0.1268258043072693","0","0.1268258043072693"
"1","193","204","1000","1","""HK""","0.06999999999999999","false","""normal""","1","""constant""","0.2","""Scale-free""","1","0","1","""uniform""","""deterministic-normal""","40","-0.6","0.1","""normal""","0","0.6000000000000001","false","""/home/ramaswamy.51/Documents/github/Spirals/Media/data/cluster/endsim/BehaviorSearch/Step6_Trial""","true","0.2","1","7","0.30000000000000004","true","true","""-933251911""","0.23040539878904917","0.23040539878904917","0.23040539878904917","0","0.23040539878904917"
"1","194","204","1000","1","""HK""","0.06999999999999999","false","""normal""","1","""constant""","0.2","""Scale-free""","1","0","1","""uniform""","""deterministic-normal""","40","-0.6","0.1","""normal""","0","0.6000000000000001","false","""/home/ramaswamy.51/Documents/github/Spirals/Media/data/cluster/endsim/BehaviorSearch/Step6_Trial""","true","0.2","1","7","0.30000000000000004","true","true","""280549510""","0.20349914592709342","0.20349914592709342","0.20349914592709342","0","0.20349914592709342"
"1","195","204","1000","1","""HK""","0.06999999999999999","false","""normal""","1","""constant""","0.2","""Scale-free""","1","0","1","""uniform""","""deterministic-normal""","40","-0.6","0.1","""normal""","0","0.6000000000000001","false","""/home/ramaswamy.51/Documents/github/Spirals/Media/data/cluster/endsim/BehaviorSearch/Step6_Trial""","true","0.2","1","7","0.30000000000000004","true","true","""-363049391""","0.1952870915249935","0.1952870915249935","0.1952870915249935","0","0.1952870915249935"
"1","196","204","1000","1","""HK""","0.06999999999999999","false","""normal""","1","""constant""","0.2","""Scale-free""","1","0","1","""uniform""","""deterministic-normal""","40","-0.6","0.1","""normal""","0","0.6000000000000001","false","""/home/ramaswamy.51/Documents/github/Spirals/Media/data/cluster/endsim/BehaviorSearch/Step6_Trial""","true","0.2","1","7","0.30000000000000004","true","true","""-1260925690""","0.20108570019607117","0.20108570019607117","0.20108570019607117","0","0.20108570019607117"
"1","197","208","1000","1","""HK""","0.13","false","""normal""","1","""constant""","0.2","""Scale-free""","1","0","1","""uniform""","""deterministic-normal""","15","-0.09999999999999998","0","""normal""","0.10000000000000009","0.9","false","""/home/ramaswamy.51/Documents/github/Spirals/Media/data/cluster/endsim/BehaviorSearch/Step6_Trial""","true","0.30000000000000004","0.9","5","0.9000000000000001","true","true","""-1269648960""","0.20267772257479907","0.20267772257479907","0.20267772257479907","0","0.20267772257479907"
"1","198","208","1000","1","""HK""","0.13","false","""normal""","1","""constant""","0.2","""Scale-free""","1","0","1","""uniform""","""deterministic-normal""","15","-0.09999999999999998","0","""normal""","0.10000000000000009","0.9","false","""/home/ramaswamy.51/Documents/github/Spirals/Media/data/cluster/endsim/BehaviorSearch/Step6_Trial""","true","0.30000000000000004","0.9","5","0.9000000000000001","true","true","""113565856""","0.20700243009641264","0.20700243009641264","0.20700243009641264","0","0.20700243009641264"
"1","199","208","1000","1","""HK""","0.13","false","""normal""","1","""constant""","0.2","""Scale-free""","1","0","1","""uniform""","""deterministic-normal""","15","-0.09999999999999998","0","""normal""","0.10000000000000009","0.9","false","""/home/ramaswamy.51/Documents/github/Spirals/Media/data/cluster/endsim/BehaviorSearch/Step6_Trial""","true","0.30000000000000004","0.9","5","0.9000000000000001","true","true","""-330003348""","0.20878028476368263","0.20878028476368263","0.20878028476368263","0","0.20878028476368263"
"1","200","208","1000","1","""HK""","0.13","false","""normal""","1","""constant""","0.2","""Scale-free""","1","0","1","""uniform""","""deterministic-normal""","15","-0.09999999999999998","0","""normal""","0.10000000000000009","0.9","false","""/home/ramaswamy.51/Documents/github/Spirals/Media/data/cluster/endsim/BehaviorSearch/Step6_Trial""","true","0.30000000000000004","0.9","5","0.9000000000000001","true","true","""38321017""","0.21357424712372156","0.21357424712372156","0.21357424712372156","0","0.21357424712372156"
"1","201","216","1000","1","""HK""","0.060000000000000005","false","""normal""","1","""constant""","0.2","""Scale-free""","1","0","1","""uniform""","""deterministic-normal""","10","-1","0.6000000000000001","""normal""","-0.29999999999999993","0.9","false","""/home/ramaswamy.51/Documents/github/Spirals/Media/data/cluster/endsim/BehaviorSearch/Step6_Trial""","true","0.6000000000000001","1","3","-0.9","true","true","""-106200140""","0.14780836770830125","0.14780836770830125","0.14780836770830125","0","0.14780836770830125"
"1","202","216","1000","1","""HK""","0.060000000000000005","false","""normal""","1","""constant""","0.2","""Scale-free""","1","0","1","""uniform""","""deterministic-normal""","10","-1","0.6000000000000001","""normal""","-0.29999999999999993","0.9","false","""/home/ramaswamy.51/Documents/github/Spirals/Media/data/cluster/endsim/BehaviorSearch/Step6_Trial""","true","0.6000000000000001","1","3","-0.9","true","true","""-1931943355""","0.1577727840619789","0.1577727840619789","0.1577727840619789","0","0.1577727840619789"
"1","203","216","1000","1","""HK""","0.060000000000000005","false","""normal""","1","""constant""","0.2","""Scale-free""","1","0","1","""uniform""","""deterministic-normal""","10","-1","0.6000000000000001","""normal""","-0.29999999999999993","0.9","false","""/home/ramaswamy.51/Documents/github/Spirals/Media/data/cluster/endsim/BehaviorSearch/Step6_Trial""","true","0.6000000000000001","1","3","-0.9","true","true","""-1168275728""","0.14521816514165028","0.14521816514165028","0.14521816514165028","0","0.14521816514165028"
"1","204","216","1000","1","""HK""","0.060000000000000005","false","""normal""","1","""constant""","0.2","""Scale-free""","1","0","1","""uniform""","""deterministic-normal""","10","-1","0.6000000000000001","""normal""","-0.29999999999999993","0.9","false","""/home/ramaswamy.51/Documents/github/Spirals/Media/data/cluster/endsim/BehaviorSearch/Step6_Trial""","true","0.6000000000000001","1","3","-0.9","true","true","""-419526199""","0.15314866615092582","0.15314866615092582","0.15314866615092582","0","0.15314866615092582"
"1","205","220","1000","1","""HK""","0.08","false","""normal""","1","""constant""","0.2","""Scale-free""","1","0","1","""uniform""","""deterministic-normal""","20","-0.5","0","""normal""","-0.29999999999999993","0.8","false","""/home/ramaswamy.51/Documents/github/Spirals/Media/data/cluster/endsim/BehaviorSearch/Step6_Trial""","true","0.30000000000000004","1","5","0.8","true","true","""1789259653""","0.20179341913305596","0.20179341913305596","0.20179341913305596","0","0.20179341913305596"
"1","206","220","1000","1","""HK""","0.08","false","""normal""","1","""constant""","0.2","""Scale-free""","1","0","1","""uniform""","""deterministic-normal""","20","-0.5","0","""normal""","-0.29999999999999993","0.8","false","""/home/ramaswamy.51/Documents/github/Spirals/Media/data/cluster/endsim/BehaviorSearch/Step6_Trial""","true","0.30000000000000004","1","5","0.8","true","true","""989496363""","0.19208161553673667","0.19208161553673667","0.19208161553673667","0","0.19208161553673667"
"1","207","220","1000","1","""HK""","0.08","false","""normal""","1","""constant""","0.2","""Scale-free""","1","0","1","""uniform""","""deterministic-normal""","20","-0.5","0","""normal""","-0.29999999999999993","0.8","false","""/home/ramaswamy.51/Documents/github/Spirals/Media/data/cluster/endsim/BehaviorSearch/Step6_Trial""","true","0.30000000000000004","1","5","0.8","true","true","""-298382020""","0.1781093958527215","0.1781093958527215","0.1781093958527215","0","0.1781093958527215"
"1","208","220","1000","1","""HK""","0.08","false","""normal""","1","""constant""","0.2","""Scale-free""","1","0","1","""uniform""","""deterministic-normal""","20","-0.5","0","""normal""","-0.29999999999999993","0.8","false","""/home/ramaswamy.51/Documents/github/Spirals/Media/data/cluster/endsim/BehaviorSearch/Step6_Trial""","true","0.30000000000000004","1","5","0.8","true","true","""-996684823""","0.18782562286154797","0.18782562286154797","0.18782562286154797","0","0.18782562286154797"
"1","209","224","1000","1","""HK""","0.060000000000000005","false","""normal""","1","""constant""","0.2","""Scale-free""","1","0","1","""uniform""","""deterministic-normal""","20","-0.3999999999999999","0","""normal""","-0.29999999999999993","0.8","false","""/home/ramaswamy.51/Documents/github/Spirals/Media/data/cluster/endsim/BehaviorSearch/Step6_Trial""","true","0.2","1","5","0.8","true","true","""789191788""","0.19456482700761","0.19456482700761","0.19456482700761","0","0.19456482700761"
"1","210","224","1000","1","""HK""","0.060000000000000005","false","""normal""","1","""constant""","0.2","""Scale-free""","1","0","1","""uniform""","""deterministic-normal""","20","-0.3999999999999999","0","""normal""","-0.29999999999999993","0.8","false","""/home/ramaswamy.51/Documents/github/Spirals/Media/data/cluster/endsim/BehaviorSearch/Step6_Trial""","true","0.2","1","5","0.8","true","true","""1632954006""","0.2075677354907538","0.2075677354907538","0.2075677354907538","0","0.2075677354907538"
"1","211","224","1000","1","""HK""","0.060000000000000005","false","""normal""","1","""constant""","0.2","""Scale-free""","1","0","1","""uniform""","""deterministic-normal""","20","-0.3999999999999999","0","""normal""","-0.29999999999999993","0.8","false","""/home/ramaswamy.51/Documents/github/Spirals/Media/data/cluster/endsim/BehaviorSearch/Step6_Trial""","true","0.2","1","5","0.8","true","true","""-1231451194""","0.1864790494460555","0.1864790494460555","0.1864790494460555","0","0.1864790494460555"
"1","212","224","1000","1","""HK""","0.060000000000000005","false","""normal""","1","""constant""","0.2","""Scale-free""","1","0","1","""uniform""","""deterministic-normal""","20","-0.3999999999999999","0","""normal""","-0.29999999999999993","0.8","false","""/home/ramaswamy.51/Documents/github/Spirals/Media/data/cluster/endsim/BehaviorSearch/Step6_Trial""","true","0.2","1","5","0.8","true","true","""1930164803""","0.18901487662082975","0.18901487662082975","0.18901487662082975","0","0.18901487662082975"
"1","213","228","1000","1","""HK""","0.060000000000000005","false","""normal""","1","""constant""","0.2","""Scale-free""","1","0","1","""uniform""","""deterministic-normal""","40","-0.3999999999999999","0.2","""normal""","0.20000000000000018","0.6000000000000001","false","""/home/ramaswamy.51/Documents/github/Spirals/Media/data/cluster/endsim/BehaviorSearch/Step6_Trial""","true","0","1","7","-0.09999999999999998","true","true","""1032060524""","0.21939223896718038","0.21939223896718038","0.21939223896718038","0","0.21939223896718038"
"1","214","228","1000","1","""HK""","0.060000000000000005","false","""normal""","1","""constant""","0.2","""Scale-free""","1","0","1","""uniform""","""deterministic-normal""","40","-0.3999999999999999","0.2","""normal""","0.20000000000000018","0.6000000000000001","false","""/home/ramaswamy.51/Documents/github/Spirals/Media/data/cluster/endsim/BehaviorSearch/Step6_Trial""","true","0","1","7","-0.09999999999999998","true","true","""1618486315""","0.24404626526199205","0.24404626526199205","0.24404626526199205","0","0.24404626526199205"
"1","215","228","1000","1","""HK""","0.060000000000000005","false","""normal""","1","""constant""","0.2","""Scale-free""","1","0","1","""uniform""","""deterministic-normal""","40","-0.3999999999999999","0.2","""normal""","0.20000000000000018","0.6000000000000001","false","""/home/ramaswamy.51/Documents/github/Spirals/Media/data/cluster/endsim/BehaviorSearch/Step6_Trial""","true","0","1","7","-0.09999999999999998","true","true","""-2047033830""","0.22969954218712757","0.22969954218712757","0.22969954218712757","0","0.22969954218712757"
"1","216","228","1000","1","""HK""","0.060000000000000005","false","""normal""","1","""constant""","0.2","""Scale-free""","1","0","1","""uniform""","""deterministic-normal""","40","-0.3999999999999999","0.2","""normal""","0.20000000000000018","0.6000000000000001","false","""/home/ramaswamy.51/Documents/github/Spirals/Media/data/cluster/endsim/BehaviorSearch/Step6_Trial""","true","0","1","7","-0.09999999999999998","true","true","""1437952364""","0.2360418096558135","0.2360418096558135","0.2360418096558135","0","0.2360418096558135"
"1","217","232","1000","1","""HK""","0.03","false","""normal""","1","""constant""","0.1","""Scale-free""","1","0","1","""uniform""","""deterministic-normal""","40","-0.3999999999999999","0.2","""normal""","-0.19999999999999996","0.6000000000000001","false","""/home/ramaswamy.51/Documents/github/Spirals/Media/data/cluster/endsim/BehaviorSearch/Step6_Trial""","true","0","1","7","0.10000000000000009","true","true","""1036242014""","0.12698084242894678","0.12698084242894678","0.12698084242894678","0","0.12698084242894678"
"1","218","232","1000","1","""HK""","0.03","false","""normal""","1","""constant""","0.1","""Scale-free""","1","0","1","""uniform""","""deterministic-normal""","40","-0.3999999999999999","0.2","""normal""","-0.19999999999999996","0.6000000000000001","false","""/home/ramaswamy.51/Documents/github/Spirals/Media/data/cluster/endsim/BehaviorSearch/Step6_Trial""","true","0","1","7","0.10000000000000009","true","true","""2069945440""","0.12624944221548684","0.12624944221548684","0.12624944221548684","0","0.12624944221548684"
"1","219","232","1000","1","""HK""","0.03","false","""normal""","1","""constant""","0.1","""Scale-free""","1","0","1","""uniform""","""deterministic-normal""","40","-0.3999999999999999","0.2","""normal""","-0.19999999999999996","0.6000000000000001","false","""/home/ramaswamy.51/Documents/github/Spirals/Media/data/cluster/endsim/BehaviorSearch/Step6_Trial""","true","0","1","7","0.10000000000000009","true","true","""2144837623""","0.1414422276417489","0.1414422276417489","0.1414422276417489","0","0.1414422276417489"
"1","220","232","1000","1","""HK""","0.03","false","""normal""","1","""constant""","0.1","""Scale-free""","1","0","1","""uniform""","""deterministic-normal""","40","-0.3999999999999999","0.2","""normal""","-0.19999999999999996","0.6000000000000001","false","""/home/ramaswamy.51/Documents/github/Spirals/Media/data/cluster/endsim/BehaviorSearch/Step6_Trial""","true","0","1","7","0.10000000000000009","true","true","""-320233295""","0.1535984620079035","0.1535984620079035","0.1535984620079035","0","0.1535984620079035"
"1","221","236","1000","1","""HK""","0.03","false","""normal""","1","""constant""","0.1","""Scale-free""","1","0","1","""uniform""","""deterministic-normal""","40","-0.3999999999999999","0.2","""normal""","0","0.7000000000000001","false","""/home/ramaswamy.51/Documents/github/Spirals/Media/data/cluster/endsim/BehaviorSearch/Step6_Trial""","true","0","1","7","0.10000000000000009","true","true","""1784733972""","0.11297781087189183","0.11297781087189183","0.11297781087189183","0","0.11297781087189183"
"1","222","236","1000","1","""HK""","0.03","false","""normal""","1","""constant""","0.1","""Scale-free""","1","0","1","""uniform""","""deterministic-normal""","40","-0.3999999999999999","0.2","""normal""","0","0.7000000000000001","false","""/home/ramaswamy.51/Documents/github/Spirals/Media/data/cluster/endsim/BehaviorSearch/Step6_Trial""","true","0","1","7","0.10000000000000009","true","true","""288281306""","0.1171255076170573","0.1171255076170573","0.1171255076170573","0","0.1171255076170573"
"1","223","236","1000","1","""HK""","0.03","false","""normal""","1","""constant""","0.1","""Scale-free""","1","0","1","""uniform""","""deterministic-normal""","40","-0.3999999999999999","0.2","""normal""","0","0.7000000000000001","false","""/home/ramaswamy.51/Documents/github/Spirals/Media/data/cluster/endsim/BehaviorSearch/Step6_Trial""","true","0","1","7","0.10000000000000009","true","true","""-954180075""","0.12167175374094584","0.12167175374094584","0.12167175374094584","0","0.12167175374094584"
"1","224","236","1000","1","""HK""","0.03","false","""normal""","1","""constant""","0.1","""Scale-free""","1","0","1","""uniform""","""deterministic-normal""","40","-0.3999999999999999","0.2","""normal""","0","0.7000000000000001","false","""/home/ramaswamy.51/Documents/github/Spirals/Media/data/cluster/endsim/BehaviorSearch/Step6_Trial""","true","0","1","7","0.10000000000000009","true","true","""-450167174""","0.1114612470929956","0.1114612470929956","0.1114612470929956","0","0.1114612470929956"
"1","225","240","1000","1","""HK""","0.03","false","""normal""","1","""constant""","0.1","""Scale-free""","1","0","1","""uniform""","""deterministic-normal""","10","-1","0.6000000000000001","""normal""","-0.09999999999999998","0.9","false","""/home/ramaswamy.51/Documents/github/Spirals/Media/data/cluster/endsim/BehaviorSearch/Step6_Trial""","true","0.7000000000000001","1","4","-0.9","true","true","""632935697""","0.17987731905531879","0.17987731905531879","0.17987731905531879","0","0.17987731905531879"
"1","226","240","1000","1","""HK""","0.03","false","""normal""","1","""constant""","0.1","""Scale-free""","1","0","1","""uniform""","""deterministic-normal""","10","-1","0.6000000000000001","""normal""","-0.09999999999999998","0.9","false","""/home/ramaswamy.51/Documents/github/Spirals/Media/data/cluster/endsim/BehaviorSearch/Step6_Trial""","true","0.7000000000000001","1","4","-0.9","true","true","""191696464""","0.19674312540741762","0.19674312540741762","0.19674312540741762","0","0.19674312540741762"
"1","227","240","1000","1","""HK""","0.03","false","""normal""","1","""constant""","0.1","""Scale-free""","1","0","1","""uniform""","""deterministic-normal""","10","-1","0.6000000000000001","""normal""","-0.09999999999999998","0.9","false","""/home/ramaswamy.51/Documents/github/Spirals/Media/data/cluster/endsim/BehaviorSearch/Step6_Trial""","true","0.7000000000000001","1","4","-0.9","true","true","""1713667042""","0.19368243199180277","0.19368243199180277","0.19368243199180277","0","0.19368243199180277"
"1","228","240","1000","1","""HK""","0.03","false","""normal""","1","""constant""","0.1","""Scale-free""","1","0","1","""uniform""","""deterministic-normal""","10","-1","0.6000000000000001","""normal""","-0.09999999999999998","0.9","false","""/home/ramaswamy.51/Documents/github/Spirals/Media/data/cluster/endsim/BehaviorSearch/Step6_Trial""","true","0.7000000000000001","1","4","-0.9","true","true","""1629410404""","0.1811207447131132","0.1811207447131132","0.1811207447131132","0","0.1811207447131132"
"1","229","244","1000","1","""HK""","0.03","false","""normal""","1","""constant""","0.1","""Scale-free""","1","0","1","""uniform""","""deterministic-normal""","40","-0.3999999999999999","0.2","""normal""","0","0.6000000000000001","false","""/home/ramaswamy.51/Documents/github/Spirals/Media/data/cluster/endsim/BehaviorSearch/Step6_Trial""","true","0.30000000000000004","1","5","0.8","true","true","""-1271950007""","0.10503075738471619","0.10503075738471619","0.10503075738471619","0","0.10503075738471619"
"1","230","244","1000","1","""HK""","0.03","false","""normal""","1","""constant""","0.1","""Scale-free""","1","0","1","""uniform""","""deterministic-normal""","40","-0.3999999999999999","0.2","""normal""","0","0.6000000000000001","false","""/home/ramaswamy.51/Documents/github/Spirals/Media/data/cluster/endsim/BehaviorSearch/Step6_Trial""","true","0.30000000000000004","1","5","0.8","true","true","""-989599558""","0.1270232253473218","0.1270232253473218","0.1270232253473218","0","0.1270232253473218"
"1","231","244","1000","1","""HK""","0.03","false","""normal""","1","""constant""","0.1","""Scale-free""","1","0","1","""uniform""","""deterministic-normal""","40","-0.3999999999999999","0.2","""normal""","0","0.6000000000000001","false","""/home/ramaswamy.51/Documents/github/Spirals/Media/data/cluster/endsim/BehaviorSearch/Step6_Trial""","true","0.30000000000000004","1","5","0.8","true","true","""2040123148""","0.10702245323551401","0.10702245323551401","0.10702245323551401","0","0.10702245323551401"
"1","232","244","1000","1","""HK""","0.03","false","""normal""","1","""constant""","0.1","""Scale-free""","1","0","1","""uniform""","""deterministic-normal""","40","-0.3999999999999999","0.2","""normal""","0","0.6000000000000001","false","""/home/ramaswamy.51/Documents/github/Spirals/Media/data/cluster/endsim/BehaviorSearch/Step6_Trial""","true","0.30000000000000004","1","5","0.8","true","true","""-54934070""","0.1159163025027083","0.1159163025027083","0.1159163025027083","0","0.1159163025027083"
"1","233","248","1000","1","""HK""","0.01","false","""normal""","1","""constant""","0","""Scale-free""","1","0","1","""uniform""","""deterministic-normal""","40","-0.7","0.4","""normal""","0","0.7000000000000001","false","""/home/ramaswamy.51/Documents/github/Spirals/Media/data/cluster/endsim/BehaviorSearch/Step6_Trial""","true","0","1","7","0.10000000000000009","true","true","""1456632180""","0.12919837184880742","0.12919837184880742","0.12919837184880742","0","0.12919837184880742"
"1","234","248","1000","1","""HK""","0.01","false","""normal""","1","""constant""","0","""Scale-free""","1","0","1","""uniform""","""deterministic-normal""","40","-0.7","0.4","""normal""","0","0.7000000000000001","false","""/home/ramaswamy.51/Documents/github/Spirals/Media/data/cluster/endsim/BehaviorSearch/Step6_Trial""","true","0","1","7","0.10000000000000009","true","true","""-1813569240""","0.14364307778217997","0.14364307778217997","0.14364307778217997","0","0.14364307778217997"
"1","235","248","1000","1","""HK""","0.01","false","""normal""","1","""constant""","0","""Scale-free""","1","0","1","""uniform""","""deterministic-normal""","40","-0.7","0.4","""normal""","0","0.7000000000000001","false","""/home/ramaswamy.51/Documents/github/Spirals/Media/data/cluster/endsim/BehaviorSearch/Step6_Trial""","true","0","1","7","0.10000000000000009","true","true","""-239086962""","0.14209575481523815","0.14209575481523815","0.14209575481523815","0","0.14209575481523815"
"1","236","248","1000","1","""HK""","0.01","false","""normal""","1","""constant""","0","""Scale-free""","1","0","1","""uniform""","""deterministic-normal""","40","-0.7","0.4","""normal""","0","0.7000000000000001","false","""/home/ramaswamy.51/Documents/github/Spirals/Media/data/cluster/endsim/BehaviorSearch/Step6_Trial""","true","0","1","7","0.10000000000000009","true","true","""781405616""","0.12304629745610685","0.12304629745610685","0.12304629745610685","0","0.12304629745610685"
"1","237","256","1000","1","""HK""","0.03","false","""normal""","1","""constant""","0.1","""Scale-free""","1","0","1","""uniform""","""deterministic-normal""","40","-0.3999999999999999","0.2","""normal""","0","0.6000000000000001","false","""/home/ramaswamy.51/Documents/github/Spirals/Media/data/cluster/endsim/BehaviorSearch/Step6_Trial""","true","0.30000000000000004","1","5","1","true","true","""2064544278""","0.0983283999305951","0.0983283999305951","0.0983283999305951","0","0.0983283999305951"
"1","238","256","1000","1","""HK""","0.03","false","""normal""","1","""constant""","0.1","""Scale-free""","1","0","1","""uniform""","""deterministic-normal""","40","-0.3999999999999999","0.2","""normal""","0","0.6000000000000001","false","""/home/ramaswamy.51/Documents/github/Spirals/Media/data/cluster/endsim/BehaviorSearch/Step6_Trial""","true","0.30000000000000004","1","5","1","true","true","""172412183""","0.10894467337095956","0.10894467337095956","0.10894467337095956","0","0.10894467337095956"
"1","239","256","1000","1","""HK""","0.03","false","""normal""","1","""constant""","0.1","""Scale-free""","1","0","1","""uniform""","""deterministic-normal""","40","-0.3999999999999999","0.2","""normal""","0","0.6000000000000001","false","""/home/ramaswamy.51/Documents/github/Spirals/Media/data/cluster/endsim/BehaviorSearch/Step6_Trial""","true","0.30000000000000004","1","5","1","true","true","""-1778241787""","0.10136558946748503","0.10136558946748503","0.10136558946748503","0","0.10136558946748503"
"1","240","256","1000","1","""HK""","0.03","false","""normal""","1","""constant""","0.1","""Scale-free""","1","0","1","""uniform""","""deterministic-normal""","40","-0.3999999999999999","0.2","""normal""","0","0.6000000000000001","false","""/home/ramaswamy.51/Documents/github/Spirals/Media/data/cluster/endsim/BehaviorSearch/Step6_Trial""","true","0.30000000000000004","1","5","1","true","true","""690036497""","0.10482729696157395","0.10482729696157395","0.10482729696157395","0","0.10482729696157395"
"1","241","260","1000","1","""HK""","0.03","false","""normal""","1","""constant""","0.1","""Scale-free""","1","0","1","""uniform""","""deterministic-normal""","40","-0.5","0.2","""normal""","0","0.8","false","""/home/ramaswamy.51/Documents/github/Spirals/Media/data/cluster/endsim/BehaviorSearch/Step6_Trial""","true","0.30000000000000004","1","5","1","true","true","""1842409957""","0.09595831536074684","0.09595831536074684","0.09595831536074684","0","0.09595831536074684"
"1","242","260","1000","1","""HK""","0.03","false","""normal""","1","""constant""","0.1","""Scale-free""","1","0","1","""uniform""","""deterministic-normal""","40","-0.5","0.2","""normal""","0","0.8","false","""/home/ramaswamy.51/Documents/github/Spirals/Media/data/cluster/endsim/BehaviorSearch/Step6_Trial""","true","0.30000000000000004","1","5","1","true","true","""-1483875136""","0.09677434445264987","0.09677434445264987","0.09677434445264987","0","0.09677434445264987"
"1","243","260","1000","1","""HK""","0.03","false","""normal""","1","""constant""","0.1","""Scale-free""","1","0","1","""uniform""","""deterministic-normal""","40","-0.5","0.2","""normal""","0","0.8","false","""/home/ramaswamy.51/Documents/github/Spirals/Media/data/cluster/endsim/BehaviorSearch/Step6_Trial""","true","0.30000000000000004","1","5","1","true","true","""1899348599""","0.09559439327242453","0.09559439327242453","0.09559439327242453","0","0.09559439327242453"
"1","244","260","1000","1","""HK""","0.03","false","""normal""","1","""constant""","0.1","""Scale-free""","1","0","1","""uniform""","""deterministic-normal""","40","-0.5","0.2","""normal""","0","0.8","false","""/home/ramaswamy.51/Documents/github/Spirals/Media/data/cluster/endsim/BehaviorSearch/Step6_Trial""","true","0.30000000000000004","1","5","1","true","true","""-1831820229""","0.10437846113643198","0.10437846113643198","0.10437846113643198","0","0.10437846113643198"
"1","245","264","1000","1","""HK""","0.03","false","""normal""","1","""constant""","0.1","""Scale-free""","1","0","1","""uniform""","""deterministic-normal""","40","-0.3999999999999999","0.2","""normal""","-0.29999999999999993","0.7000000000000001","false","""/home/ramaswamy.51/Documents/github/Spirals/Media/data/cluster/endsim/BehaviorSearch/Step6_Trial""","true","0","1","7","0.10000000000000009","true","true","""-1927368814""","0.14467106443354336","0.14467106443354336","0.14467106443354336","0","0.14467106443354336"
"1","246","264","1000","1","""HK""","0.03","false","""normal""","1","""constant""","0.1","""Scale-free""","1","0","1","""uniform""","""deterministic-normal""","40","-0.3999999999999999","0.2","""normal""","-0.29999999999999993","0.7000000000000001","false","""/home/ramaswamy.51/Documents/github/Spirals/Media/data/cluster/endsim/BehaviorSearch/Step6_Trial""","true","0","1","7","0.10000000000000009","true","true","""-1989783511""","0.1456922708262856","0.1456922708262856","0.1456922708262856","0","0.1456922708262856"
"1","247","264","1000","1","""HK""","0.03","false","""normal""","1","""constant""","0.1","""Scale-free""","1","0","1","""uniform""","""deterministic-normal""","40","-0.3999999999999999","0.2","""normal""","-0.29999999999999993","0.7000000000000001","false","""/home/ramaswamy.51/Documents/github/Spirals/Media/data/cluster/endsim/BehaviorSearch/Step6_Trial""","true","0","1","7","0.10000000000000009","true","true","""-1463287463""","0.1313990916956631","0.1313990916956631","0.1313990916956631","0","0.1313990916956631"
"1","248","264","1000","1","""HK""","0.03","false","""normal""","1","""constant""","0.1","""Scale-free""","1","0","1","""uniform""","""deterministic-normal""","40","-0.3999999999999999","0.2","""normal""","-0.29999999999999993","0.7000000000000001","false","""/home/ramaswamy.51/Documents/github/Spirals/Media/data/cluster/endsim/BehaviorSearch/Step6_Trial""","true","0","1","7","0.10000000000000009","true","true","""204988478""","0.13404320554158528","0.13404320554158528","0.13404320554158528","0","0.13404320554158528"
"1","249","268","1000","1","""HK""","0.03","false","""normal""","1","""constant""","0.1","""Scale-free""","1","0","1","""uniform""","""deterministic-normal""","40","-0.3999999999999999","0.1","""normal""","-0.19999999999999996","0.7000000000000001","false","""/home/ramaswamy.51/Documents/github/Spirals/Media/data/cluster/endsim/BehaviorSearch/Step6_Trial""","true","0.4","1","5","0.8","true","true","""-2101222542""","0.12105698529484471","0.12105698529484471","0.12105698529484471","0","0.12105698529484471"
"1","250","268","1000","1","""HK""","0.03","false","""normal""","1","""constant""","0.1","""Scale-free""","1","0","1","""uniform""","""deterministic-normal""","40","-0.3999999999999999","0.1","""normal""","-0.19999999999999996","0.7000000000000001","false","""/home/ramaswamy.51/Documents/github/Spirals/Media/data/cluster/endsim/BehaviorSearch/Step6_Trial""","true","0.4","1","5","0.8","true","true","""1604499824""","0.117829798438127","0.117829798438127","0.117829798438127","0","0.117829798438127"
"1","251","268","1000","1","""HK""","0.03","false","""normal""","1","""constant""","0.1","""Scale-free""","1","0","1","""uniform""","""deterministic-normal""","40","-0.3999999999999999","0.1","""normal""","-0.19999999999999996","0.7000000000000001","false","""/home/ramaswamy.51/Documents/github/Spirals/Media/data/cluster/endsim/BehaviorSearch/Step6_Trial""","true","0.4","1","5","0.8","true","true","""-641254754""","0.1273288155704589","0.1273288155704589","0.1273288155704589","0","0.1273288155704589"
"1","252","268","1000","1","""HK""","0.03","false","""normal""","1","""constant""","0.1","""Scale-free""","1","0","1","""uniform""","""deterministic-normal""","40","-0.3999999999999999","0.1","""normal""","-0.19999999999999996","0.7000000000000001","false","""/home/ramaswamy.51/Documents/github/Spirals/Media/data/cluster/endsim/BehaviorSearch/Step6_Trial""","true","0.4","1","5","0.8","true","true","""1333651896""","0.10233621300502717","0.10233621300502717","0.10233621300502717","0","0.10233621300502717"
"1","253","280","1000","1","""HK""","0.06999999999999999","false","""normal""","1","""constant""","0.2","""Scale-free""","1","0","1","""uniform""","""deterministic-normal""","10","-0.8","0.5","""normal""","-0.19999999999999996","0.9","false","""/home/ramaswamy.51/Documents/github/Spirals/Media/data/cluster/endsim/BehaviorSearch/Step6_Trial""","true","0.5","0.9","4","-0.9","true","true","""1065172984""","0.21937316575903423","0.21937316575903423","0.21937316575903423","0","0.21937316575903423"
"1","254","280","1000","1","""HK""","0.06999999999999999","false","""normal""","1","""constant""","0.2","""Scale-free""","1","0","1","""uniform""","""deterministic-normal""","10","-0.8","0.5","""normal""","-0.19999999999999996","0.9","false","""/home/ramaswamy.51/Documents/github/Spirals/Media/data/cluster/endsim/BehaviorSearch/Step6_Trial""","true","0.5","0.9","4","-0.9","true","true","""-1147142176""","0.20366049259717114","0.20366049259717114","0.20366049259717114","0","0.20366049259717114"
"1","255","280","1000","1","""HK""","0.06999999999999999","false","""normal""","1","""constant""","0.2","""Scale-free""","1","0","1","""uniform""","""deterministic-normal""","10","-0.8","0.5","""normal""","-0.19999999999999996","0.9","false","""/home/ramaswamy.51/Documents/github/Spirals/Media/data/cluster/endsim/BehaviorSearch/Step6_Trial""","true","0.5","0.9","4","-0.9","true","true","""1211622198""","0.22379597936653356","0.22379597936653356","0.22379597936653356","0","0.22379597936653356"
"1","256","280","1000","1","""HK""","0.06999999999999999","false","""normal""","1","""constant""","0.2","""Scale-free""","1","0","1","""uniform""","""deterministic-normal""","10","-0.8","0.5","""normal""","-0.19999999999999996","0.9","false","""/home/ramaswamy.51/Documents/github/Spirals/Media/data/cluster/endsim/BehaviorSearch/Step6_Trial""","true","0.5","0.9","4","-0.9","true","true","""-1551546893""","0.24260953445251995","0.24260953445251995","0.24260953445251995","0","0.24260953445251995"
"1","257","284","1000","1","""HK""","0.03","false","""normal""","1","""constant""","0.1","""Scale-free""","2","0","1","""uniform""","""deterministic-normal""","40","-0.3999999999999999","0.2","""normal""","0","0.7000000000000001","false","""/home/ramaswamy.51/Documents/github/Spirals/Media/data/cluster/endsim/BehaviorSearch/Step6_Trial""","true","0.30000000000000004","1","5","1","true","true","""-1254762491""","0.08362391815831544","0.08362391815831544","0.08362391815831544","0","0.08362391815831544"
"1","258","284","1000","1","""HK""","0.03","false","""normal""","1","""constant""","0.1","""Scale-free""","2","0","1","""uniform""","""deterministic-normal""","40","-0.3999999999999999","0.2","""normal""","0","0.7000000000000001","false","""/home/ramaswamy.51/Documents/github/Spirals/Media/data/cluster/endsim/BehaviorSearch/Step6_Trial""","true","0.30000000000000004","1","5","1","true","true","""-2122716266""","0.10360485643096168","0.10360485643096168","0.10360485643096168","0","0.10360485643096168"
"1","259","284","1000","1","""HK""","0.03","false","""normal""","1","""constant""","0.1","""Scale-free""","2","0","1","""uniform""","""deterministic-normal""","40","-0.3999999999999999","0.2","""normal""","0","0.7000000000000001","false","""/home/ramaswamy.51/Documents/github/Spirals/Media/data/cluster/endsim/BehaviorSearch/Step6_Trial""","true","0.30000000000000004","1","5","1","true","true","""-1401655709""","0.09572630118097843","0.09572630118097843","0.09572630118097843","0","0.09572630118097843"
"1","260","284","1000","1","""HK""","0.03","false","""normal""","1","""constant""","0.1","""Scale-free""","2","0","1","""uniform""","""deterministic-normal""","40","-0.3999999999999999","0.2","""normal""","0","0.7000000000000001","false","""/home/ramaswamy.51/Documents/github/Spirals/Media/data/cluster/endsim/BehaviorSearch/Step6_Trial""","true","0.30000000000000004","1","5","1","true","true","""161890890""","0.09781089838289375","0.09781089838289375","0.09781089838289375","0","0.09781089838289375"
"1","261","288","1000","1","""HK""","0.01","false","""normal""","1","""constant""","0.1","""Scale-free""","1","0","1","""uniform""","""deterministic-normal""","40","-0.3999999999999999","0.2","""normal""","0.20000000000000018","0.6000000000000001","false","""/home/ramaswamy.51/Documents/github/Spirals/Media/data/cluster/endsim/BehaviorSearch/Step6_Trial""","true","0.30000000000000004","1","5","0.8","true","true","""-1831879829""","0.14334361461155462","0.14334361461155462","0.14334361461155462","0","0.14334361461155462"
"1","262","288","1000","1","""HK""","0.01","false","""normal""","1","""constant""","0.1","""Scale-free""","1","0","1","""uniform""","""deterministic-normal""","40","-0.3999999999999999","0.2","""normal""","0.20000000000000018","0.6000000000000001","false","""/home/ramaswamy.51/Documents/github/Spirals/Media/data/cluster/endsim/BehaviorSearch/Step6_Trial""","true","0.30000000000000004","1","5","0.8","true","true","""-201594364""","0.13760476378507394","0.13760476378507394","0.13760476378507394","0","0.13760476378507394"
"1","263","288","1000","1","""HK""","0.01","false","""normal""","1","""constant""","0.1","""Scale-free""","1","0","1","""uniform""","""deterministic-normal""","40","-0.3999999999999999","0.2","""normal""","0.20000000000000018","0.6000000000000001","false","""/home/ramaswamy.51/Documents/github/Spirals/Media/data/cluster/endsim/BehaviorSearch/Step6_Trial""","true","0.30000000000000004","1","5","0.8","true","true","""1412900449""","0.16710597865088908","0.16710597865088908","0.16710597865088908","0","0.16710597865088908"
"1","264","288","1000","1","""HK""","0.01","false","""normal""","1","""constant""","0.1","""Scale-free""","1","0","1","""uniform""","""deterministic-normal""","40","-0.3999999999999999","0.2","""normal""","0.20000000000000018","0.6000000000000001","false","""/home/ramaswamy.51/Documents/github/Spirals/Media/data/cluster/endsim/BehaviorSearch/Step6_Trial""","true","0.30000000000000004","1","5","0.8","true","true","""382727304""","0.13274245207826146","0.13274245207826146","0.13274245207826146","0","0.13274245207826146"
"1","265","292","1000","1","""HK""","0.060000000000000005","false","""normal""","1","""constant""","0.2","""Scale-free""","2","0","1","""uniform""","""deterministic-normal""","30","-0.3999999999999999","0.2","""normal""","0","0.7000000000000001","false","""/home/ramaswamy.51/Documents/github/Spirals/Media/data/cluster/endsim/BehaviorSearch/Step6_Trial""","true","0.30000000000000004","1","6","1","true","true","""1069273718""","0.1739846078665958","0.1739846078665958","0.1739846078665958","0","0.1739846078665958"
"1","266","292","1000","1","""HK""","0.060000000000000005","false","""normal""","1","""constant""","0.2","""Scale-free""","2","0","1","""uniform""","""deterministic-normal""","30","-0.3999999999999999","0.2","""normal""","0","0.7000000000000001","false","""/home/ramaswamy.51/Documents/github/Spirals/Media/data/cluster/endsim/BehaviorSearch/Step6_Trial""","true","0.30000000000000004","1","6","1","true","true","""89592914""","0.1916535148084491","0.1916535148084491","0.1916535148084491","0","0.1916535148084491"
"1","267","292","1000","1","""HK""","0.060000000000000005","false","""normal""","1","""constant""","0.2","""Scale-free""","2","0","1","""uniform""","""deterministic-normal""","30","-0.3999999999999999","0.2","""normal""","0","0.7000000000000001","false","""/home/ramaswamy.51/Documents/github/Spirals/Media/data/cluster/endsim/BehaviorSearch/Step6_Trial""","true","0.30000000000000004","1","6","1","true","true","""1067508454""","0.1782660910157812","0.1782660910157812","0.1782660910157812","0","0.1782660910157812"
"1","268","292","1000","1","""HK""","0.060000000000000005","false","""normal""","1","""constant""","0.2","""Scale-free""","2","0","1","""uniform""","""deterministic-normal""","30","-0.3999999999999999","0.2","""normal""","0","0.7000000000000001","false","""/home/ramaswamy.51/Documents/github/Spirals/Media/data/cluster/endsim/BehaviorSearch/Step6_Trial""","true","0.30000000000000004","1","6","1","true","true","""-1270116440""","0.17936614318155866","0.17936614318155866","0.17936614318155866","0","0.17936614318155866"
"1","269","296","1000","1","""HK""","0.03","false","""normal""","1","""constant""","0.1","""Scale-free""","1","0","1","""uniform""","""deterministic-normal""","40","-0.7","0.5","""normal""","0.20000000000000018","0.7000000000000001","false","""/home/ramaswamy.51/Documents/github/Spirals/Media/data/cluster/endsim/BehaviorSearch/Step6_Trial""","true","0.1","1","7","0.10000000000000009","true","true","""2066954926""","0.12639835879601233","0.12639835879601233","0.12639835879601233","0","0.12639835879601233"
"1","270","296","1000","1","""HK""","0.03","false","""normal""","1","""constant""","0.1","""Scale-free""","1","0","1","""uniform""","""deterministic-normal""","40","-0.7","0.5","""normal""","0.20000000000000018","0.7000000000000001","false","""/home/ramaswamy.51/Documents/github/Spirals/Media/data/cluster/endsim/BehaviorSearch/Step6_Trial""","true","0.1","1","7","0.10000000000000009","true","true","""-1220845268""","0.12738761272353308","0.12738761272353308","0.12738761272353308","0","0.12738761272353308"
"1","271","296","1000","1","""HK""","0.03","false","""normal""","1","""constant""","0.1","""Scale-free""","1","0","1","""uniform""","""deterministic-normal""","40","-0.7","0.5","""normal""","0.20000000000000018","0.7000000000000001","false","""/home/ramaswamy.51/Documents/github/Spirals/Media/data/cluster/endsim/BehaviorSearch/Step6_Trial""","true","0.1","1","7","0.10000000000000009","true","true","""2031299399""","0.12442058206946481","0.12442058206946481","0.12442058206946481","0","0.12442058206946481"
"1","272","296","1000","1","""HK""","0.03","false","""normal""","1","""constant""","0.1","""Scale-free""","1","0","1","""uniform""","""deterministic-normal""","40","-0.7","0.5","""normal""","0.20000000000000018","0.7000000000000001","false","""/home/ramaswamy.51/Documents/github/Spirals/Media/data/cluster/endsim/BehaviorSearch/Step6_Trial""","true","0.1","1","7","0.10000000000000009","true","true","""-1873392173""","0.1410454530766962","0.1410454530766962","0.1410454530766962","0","0.1410454530766962"
"1","273","300","1000","1","""HK""","0.060000000000000005","false","""normal""","1","""constant""","0.2","""Scale-free""","1","0","1","""uniform""","""deterministic-normal""","10","-0.7","0.6000000000000001","""normal""","-0.29999999999999993","1","false","""/home/ramaswamy.51/Documents/github/Spirals/Media/data/cluster/endsim/BehaviorSearch/Step6_Trial""","true","0.7000000000000001","1","4","-0.9","true","true","""-350828750""","0.09340226198514116","0.09340226198514116","0.09340226198514116","0","0.09340226198514116"
"1","274","300","1000","1","""HK""","0.060000000000000005","false","""normal""","1","""constant""","0.2","""Scale-free""","1","0","1","""uniform""","""deterministic-normal""","10","-0.7","0.6000000000000001","""normal""","-0.29999999999999993","1","false","""/home/ramaswamy.51/Documents/github/Spirals/Media/data/cluster/endsim/BehaviorSearch/Step6_Trial""","true","0.7000000000000001","1","4","-0.9","true","true","""-1177849776""","0.11377114515043932","0.11377114515043932","0.11377114515043932","0","0.11377114515043932"
"1","275","300","1000","1","""HK""","0.060000000000000005","false","""normal""","1","""constant""","0.2","""Scale-free""","1","0","1","""uniform""","""deterministic-normal""","10","-0.7","0.6000000000000001","""normal""","-0.29999999999999993","1","false","""/home/ramaswamy.51/Documents/github/Spirals/Media/data/cluster/endsim/BehaviorSearch/Step6_Trial""","true","0.7000000000000001","1","4","-0.9","true","true","""-55022273""","0.12799914984376348","0.12799914984376348","0.12799914984376348","0","0.12799914984376348"
"1","276","300","1000","1","""HK""","0.060000000000000005","false","""normal""","1","""constant""","0.2","""Scale-free""","1","0","1","""uniform""","""deterministic-normal""","10","-0.7","0.6000000000000001","""normal""","-0.29999999999999993","1","false","""/home/ramaswamy.51/Documents/github/Spirals/Media/data/cluster/endsim/BehaviorSearch/Step6_Trial""","true","0.7000000000000001","1","4","-0.9","true","true","""1126334669""","0.13915925592565173","0.13915925592565173","0.13915925592565173","0","0.13915925592565173"
"1","277","304","1000","1","""HK""","0.05","false","""normal""","1","""constant""","0.2","""Scale-free""","2","0","1","""uniform""","""deterministic-normal""","40","-0.29999999999999993","0.2","""normal""","0","0.7000000000000001","false","""/home/ramaswamy.51/Documents/github/Spirals/Media/data/cluster/endsim/BehaviorSearch/Step6_Trial""","true","0.30000000000000004","1","5","0.8","true","true","""-227393292""","0.19297720549694114","0.19297720549694114","0.19297720549694114","0","0.19297720549694114"
"1","278","304","1000","1","""HK""","0.05","false","""normal""","1","""constant""","0.2","""Scale-free""","2","0","1","""uniform""","""deterministic-normal""","40","-0.29999999999999993","0.2","""normal""","0","0.7000000000000001","false","""/home/ramaswamy.51/Documents/github/Spirals/Media/data/cluster/endsim/BehaviorSearch/Step6_Trial""","true","0.30000000000000004","1","5","0.8","true","true","""1582608869""","0.19345352958075895","0.19345352958075895","0.19345352958075895","0","0.19345352958075895"
"1","279","304","1000","1","""HK""","0.05","false","""normal""","1","""constant""","0.2","""Scale-free""","2","0","1","""uniform""","""deterministic-normal""","40","-0.29999999999999993","0.2","""normal""","0","0.7000000000000001","false","""/home/ramaswamy.51/Documents/github/Spirals/Media/data/cluster/endsim/BehaviorSearch/Step6_Trial""","true","0.30000000000000004","1","5","0.8","true","true","""-229136032""","0.18036932843061454","0.18036932843061454","0.18036932843061454","0","0.18036932843061454"
"1","280","304","1000","1","""HK""","0.05","false","""normal""","1","""constant""","0.2","""Scale-free""","2","0","1","""uniform""","""deterministic-normal""","40","-0.29999999999999993","0.2","""normal""","0","0.7000000000000001","false","""/home/ramaswamy.51/Documents/github/Spirals/Media/data/cluster/endsim/BehaviorSearch/Step6_Trial""","true","0.30000000000000004","1","5","0.8","true","true","""-830524571""","0.18944821802957254","0.18944821802957254","0.18944821802957254","0","0.18944821802957254"
"1","281","308","1000","1","""HK""","0.01","false","""normal""","1","""constant""","0.1","""Scale-free""","1","0","1","""uniform""","""deterministic-normal""","40","-0.09999999999999998","0.2","""normal""","0","0.6000000000000001","false","""/home/ramaswamy.51/Documents/github/Spirals/Media/data/cluster/endsim/BehaviorSearch/Step6_Trial""","true","0.30000000000000004","1","5","0.8","true","true","""618103617""","0.1021734415371803","0.1021734415371803","0.1021734415371803","0","0.1021734415371803"
"1","282","308","1000","1","""HK""","0.01","false","""normal""","1","""constant""","0.1","""Scale-free""","1","0","1","""uniform""","""deterministic-normal""","40","-0.09999999999999998","0.2","""normal""","0","0.6000000000000001","false","""/home/ramaswamy.51/Documents/github/Spirals/Media/data/cluster/endsim/BehaviorSearch/Step6_Trial""","true","0.30000000000000004","1","5","0.8","true","true","""-1955567004""","0.10646375390178238","0.10646375390178238","0.10646375390178238","0","0.10646375390178238"
"1","283","308","1000","1","""HK""","0.01","false","""normal""","1","""constant""","0.1","""Scale-free""","1","0","1","""uniform""","""deterministic-normal""","40","-0.09999999999999998","0.2","""normal""","0","0.6000000000000001","false","""/home/ramaswamy.51/Documents/github/Spirals/Media/data/cluster/endsim/BehaviorSearch/Step6_Trial""","true","0.30000000000000004","1","5","0.8","true","true","""1690877900""","0.11159117674395096","0.11159117674395096","0.11159117674395096","0","0.11159117674395096"
"1","284","308","1000","1","""HK""","0.01","false","""normal""","1","""constant""","0.1","""Scale-free""","1","0","1","""uniform""","""deterministic-normal""","40","-0.09999999999999998","0.2","""normal""","0","0.6000000000000001","false","""/home/ramaswamy.51/Documents/github/Spirals/Media/data/cluster/endsim/BehaviorSearch/Step6_Trial""","true","0.30000000000000004","1","5","0.8","true","true","""-306269411""","0.10941094507506306","0.10941094507506306","0.10941094507506306","0","0.10941094507506306"
"1","285","312","1000","1","""HK""","0.03","false","""normal""","1","""constant""","0","""Scale-free""","1","0","1","""uniform""","""deterministic-normal""","45","-0.7","0.5","""normal""","-0.29999999999999993","1","false","""/home/ramaswamy.51/Documents/github/Spirals/Media/data/cluster/endsim/BehaviorSearch/Step6_Trial""","true","0.7000000000000001","1","3","-0.9","true","true","""-223986788""","0.16888608689442","0.16888608689442","0.16888608689442","0","0.16888608689442"
"1","286","312","1000","1","""HK""","0.03","false","""normal""","1","""constant""","0","""Scale-free""","1","0","1","""uniform""","""deterministic-normal""","45","-0.7","0.5","""normal""","-0.29999999999999993","1","false","""/home/ramaswamy.51/Documents/github/Spirals/Media/data/cluster/endsim/BehaviorSearch/Step6_Trial""","true","0.7000000000000001","1","3","-0.9","true","true","""583322354""","0.19545613981121326","0.19545613981121326","0.19545613981121326","0","0.19545613981121326"
"1","287","312","1000","1","""HK""","0.03","false","""normal""","1","""constant""","0","""Scale-free""","1","0","1","""uniform""","""deterministic-normal""","45","-0.7","0.5","""normal""","-0.29999999999999993","1","false","""/home/ramaswamy.51/Documents/github/Spirals/Media/data/cluster/endsim/BehaviorSearch/Step6_Trial""","true","0.7000000000000001","1","3","-0.9","true","true","""-1587787476""","0.1592532066619584","0.1592532066619584","0.1592532066619584","0","0.1592532066619584"
"1","288","312","1000","1","""HK""","0.03","false","""normal""","1","""constant""","0","""Scale-free""","1","0","1","""uniform""","""deterministic-normal""","45","-0.7","0.5","""normal""","-0.29999999999999993","1","false","""/home/ramaswamy.51/Documents/github/Spirals/Media/data/cluster/endsim/BehaviorSearch/Step6_Trial""","true","0.7000000000000001","1","3","-0.9","true","true","""-664816348""","0.16983628468793538","0.16983628468793538","0.16983628468793538","0","0.16983628468793538"
"1","289","316","1000","1","""HK""","0.03","false","""normal""","1","""constant""","0","""Scale-free""","2","0","1","""uniform""","""deterministic-normal""","40","-0.3999999999999999","0.2","""normal""","0","0.7000000000000001","false","""/home/ramaswamy.51/Documents/github/Spirals/Media/data/cluster/endsim/BehaviorSearch/Step6_Trial""","true","0.30000000000000004","1","7","0.10000000000000009","true","true","""-1282254081""","0.12229860237531291","0.12229860237531291","0.12229860237531291","0","0.12229860237531291"
"1","290","316","1000","1","""HK""","0.03","false","""normal""","1","""constant""","0","""Scale-free""","2","0","1","""uniform""","""deterministic-normal""","40","-0.3999999999999999","0.2","""normal""","0","0.7000000000000001","false","""/home/ramaswamy.51/Documents/github/Spirals/Media/data/cluster/endsim/BehaviorSearch/Step6_Trial""","true","0.30000000000000004","1","7","0.10000000000000009","true","true","""1676594301""","0.15087695274540416","0.15087695274540416","0.15087695274540416","0","0.15087695274540416"
"1","291","316","1000","1","""HK""","0.03","false","""normal""","1","""constant""","0","""Scale-free""","2","0","1","""uniform""","""deterministic-normal""","40","-0.3999999999999999","0.2","""normal""","0","0.7000000000000001","false","""/home/ramaswamy.51/Documents/github/Spirals/Media/data/cluster/endsim/BehaviorSearch/Step6_Trial""","true","0.30000000000000004","1","7","0.10000000000000009","true","true","""-474560530""","0.1395369457605208","0.1395369457605208","0.1395369457605208","0","0.1395369457605208"
"1","292","316","1000","1","""HK""","0.03","false","""normal""","1","""constant""","0","""Scale-free""","2","0","1","""uniform""","""deterministic-normal""","40","-0.3999999999999999","0.2","""normal""","0","0.7000000000000001","false","""/home/ramaswamy.51/Documents/github/Spirals/Media/data/cluster/endsim/BehaviorSearch/Step6_Trial""","true","0.30000000000000004","1","7","0.10000000000000009","true","true","""-1188340868""","0.1281895280579999","0.1281895280579999","0.1281895280579999","0","0.1281895280579999"
"1","293","320","1000","1","""HK""","0.03","false","""normal""","1","""constant""","0.2","""Scale-free""","1","0","1","""uniform""","""deterministic-normal""","40","-0.09999999999999998","0.2","""normal""","0","0.6000000000000001","false","""/home/ramaswamy.51/Documents/github/Spirals/Media/data/cluster/endsim/BehaviorSearch/Step6_Trial""","true","0.30000000000000004","1","5","0.8","true","true","""1757378113""","0.18171367861951804","0.18171367861951804","0.18171367861951804","0","0.18171367861951804"
"1","294","320","1000","1","""HK""","0.03","false","""normal""","1","""constant""","0.2","""Scale-free""","1","0","1","""uniform""","""deterministic-normal""","40","-0.09999999999999998","0.2","""normal""","0","0.6000000000000001","false","""/home/ramaswamy.51/Documents/github/Spirals/Media/data/cluster/endsim/BehaviorSearch/Step6_Trial""","true","0.30000000000000004","1","5","0.8","true","true","""381143231""","0.1746113282277856","0.1746113282277856","0.1746113282277856","0","0.1746113282277856"
"1","295","320","1000","1","""HK""","0.03","false","""normal""","1","""constant""","0.2","""Scale-free""","1","0","1","""uniform""","""deterministic-normal""","40","-0.09999999999999998","0.2","""normal""","0","0.6000000000000001","false","""/home/ramaswamy.51/Documents/github/Spirals/Media/data/cluster/endsim/BehaviorSearch/Step6_Trial""","true","0.30000000000000004","1","5","0.8","true","true","""1802774493""","0.17166211197916365","0.17166211197916365","0.17166211197916365","0","0.17166211197916365"
"1","296","320","1000","1","""HK""","0.03","false","""normal""","1","""constant""","0.2","""Scale-free""","1","0","1","""uniform""","""deterministic-normal""","40","-0.09999999999999998","0.2","""normal""","0","0.6000000000000001","false","""/home/ramaswamy.51/Documents/github/Spirals/Media/data/cluster/endsim/BehaviorSearch/Step6_Trial""","true","0.30000000000000004","1","5","0.8","true","true","""-1803634043""","0.18848558624621045","0.18848558624621045","0.18848558624621045","0","0.18848558624621045"
"1","297","324","1000","1","""HK""","0.06999999999999999","false","""normal""","1","""constant""","0.2","""Scale-free""","1","0","1","""uniform""","""deterministic-normal""","10","-0.5","0.5","""normal""","-0.19999999999999996","0.9","false","""/home/ramaswamy.51/Documents/github/Spirals/Media/data/cluster/endsim/BehaviorSearch/Step6_Trial""","true","0.8","1","5","-0.9","true","true","""1239698713""","0.1281223297272682","0.1281223297272682","0.1281223297272682","0","0.1281223297272682"
"1","298","324","1000","1","""HK""","0.06999999999999999","false","""normal""","1","""constant""","0.2","""Scale-free""","1","0","1","""uniform""","""deterministic-normal""","10","-0.5","0.5","""normal""","-0.19999999999999996","0.9","false","""/home/ramaswamy.51/Documents/github/Spirals/Media/data/cluster/endsim/BehaviorSearch/Step6_Trial""","true","0.8","1","5","-0.9","true","true","""1013483369""","0.15015094654236483","0.15015094654236483","0.15015094654236483","0","0.15015094654236483"
"1","299","324","1000","1","""HK""","0.06999999999999999","false","""normal""","1","""constant""","0.2","""Scale-free""","1","0","1","""uniform""","""deterministic-normal""","10","-0.5","0.5","""normal""","-0.19999999999999996","0.9","false","""/home/ramaswamy.51/Documents/github/Spirals/Media/data/cluster/endsim/BehaviorSearch/Step6_Trial""","true","0.8","1","5","-0.9","true","true","""305879562""","0.17042559352257158","0.17042559352257158","0.17042559352257158","0","0.17042559352257158"
"1","300","324","1000","1","""HK""","0.06999999999999999","false","""normal""","1","""constant""","0.2","""Scale-free""","1","0","1","""uniform""","""deterministic-normal""","10","-0.5","0.5","""normal""","-0.19999999999999996","0.9","false","""/home/ramaswamy.51/Documents/github/Spirals/Media/data/cluster/endsim/BehaviorSearch/Step6_Trial""","true","0.8","1","5","-0.9","true","true","""-2092498248""","0.12223581250794475","0.12223581250794475","0.12223581250794475","0","0.12223581250794475"
"1","301","328","1000","1","""HK""","0.01","false","""normal""","1","""constant""","0.1","""Scale-free""","1","0","1","""uniform""","""deterministic-normal""","40","-0.3999999999999999","0.2","""normal""","0","0.7000000000000001","false","""/home/ramaswamy.51/Documents/github/Spirals/Media/data/cluster/endsim/BehaviorSearch/Step6_Trial""","true","0.30000000000000004","1","5","1","true","true","""-845832522""","0.11922909971246078","0.11922909971246078","0.11922909971246078","0","0.11922909971246078"
"1","302","328","1000","1","""HK""","0.01","false","""normal""","1","""constant""","0.1","""Scale-free""","1","0","1","""uniform""","""deterministic-normal""","40","-0.3999999999999999","0.2","""normal""","0","0.7000000000000001","false","""/home/ramaswamy.51/Documents/github/Spirals/Media/data/cluster/endsim/BehaviorSearch/Step6_Trial""","true","0.30000000000000004","1","5","1","true","true","""-729138056""","0.09963640380006415","0.09963640380006415","0.09963640380006415","0","0.09963640380006415"
"1","303","328","1000","1","""HK""","0.01","false","""normal""","1","""constant""","0.1","""Scale-free""","1","0","1","""uniform""","""deterministic-normal""","40","-0.3999999999999999","0.2","""normal""","0","0.7000000000000001","false","""/home/ramaswamy.51/Documents/github/Spirals/Media/data/cluster/endsim/BehaviorSearch/Step6_Trial""","true","0.30000000000000004","1","5","1","true","true","""1522985188""","0.10144946775984744","0.10144946775984744","0.10144946775984744","0","0.10144946775984744"
"1","304","328","1000","1","""HK""","0.01","false","""normal""","1","""constant""","0.1","""Scale-free""","1","0","1","""uniform""","""deterministic-normal""","40","-0.3999999999999999","0.2","""normal""","0","0.7000000000000001","false","""/home/ramaswamy.51/Documents/github/Spirals/Media/data/cluster/endsim/BehaviorSearch/Step6_Trial""","true","0.30000000000000004","1","5","1","true","true","""-1399211268""","0.11679581861415737","0.11679581861415737","0.11679581861415737","0","0.11679581861415737"
"1","305","332","1000","1","""HK""","0.03","false","""normal""","1","""constant""","0.1","""Scale-free""","1","0","1","""uniform""","""deterministic-normal""","45","-0.3999999999999999","0.2","""normal""","0","0.7000000000000001","false","""/home/ramaswamy.51/Documents/github/Spirals/Media/data/cluster/endsim/BehaviorSearch/Step6_Trial""","true","0","1","7","0.10000000000000009","true","true","""-131381223""","0.13025778669929278","0.13025778669929278","0.13025778669929278","0","0.13025778669929278"
"1","306","332","1000","1","""HK""","0.03","false","""normal""","1","""constant""","0.1","""Scale-free""","1","0","1","""uniform""","""deterministic-normal""","45","-0.3999999999999999","0.2","""normal""","0","0.7000000000000001","false","""/home/ramaswamy.51/Documents/github/Spirals/Media/data/cluster/endsim/BehaviorSearch/Step6_Trial""","true","0","1","7","0.10000000000000009","true","true","""-740111735""","0.11192259979202046","0.11192259979202046","0.11192259979202046","0","0.11192259979202046"
"1","307","332","1000","1","""HK""","0.03","false","""normal""","1","""constant""","0.1","""Scale-free""","1","0","1","""uniform""","""deterministic-normal""","45","-0.3999999999999999","0.2","""normal""","0","0.7000000000000001","false","""/home/ramaswamy.51/Documents/github/Spirals/Media/data/cluster/endsim/BehaviorSearch/Step6_Trial""","true","0","1","7","0.10000000000000009","true","true","""923911144""","0.12337431197481717","0.12337431197481717","0.12337431197481717","0","0.12337431197481717"
"1","308","332","1000","1","""HK""","0.03","false","""normal""","1","""constant""","0.1","""Scale-free""","1","0","1","""uniform""","""deterministic-normal""","45","-0.3999999999999999","0.2","""normal""","0","0.7000000000000001","false","""/home/ramaswamy.51/Documents/github/Spirals/Media/data/cluster/endsim/BehaviorSearch/Step6_Trial""","true","0","1","7","0.10000000000000009","true","true","""-215140122""","0.1251268486675675","0.1251268486675675","0.1251268486675675","0","0.1251268486675675"
"1","309","336","1000","1","""HK""","0.05","false","""normal""","1","""constant""","0.1","""Scale-free""","1","0","1","""uniform""","""deterministic-normal""","40","-0.3999999999999999","0.2","""normal""","0","0.7000000000000001","false","""/home/ramaswamy.51/Documents/github/Spirals/Media/data/cluster/endsim/BehaviorSearch/Step6_Trial""","true","0.30000000000000004","1","8","0","true","true","""-96350482""","0.10713616141529614","0.10713616141529614","0.10713616141529614","0","0.10713616141529614"
"1","310","336","1000","1","""HK""","0.05","false","""normal""","1","""constant""","0.1","""Scale-free""","1","0","1","""uniform""","""deterministic-normal""","40","-0.3999999999999999","0.2","""normal""","0","0.7000000000000001","false","""/home/ramaswamy.51/Documents/github/Spirals/Media/data/cluster/endsim/BehaviorSearch/Step6_Trial""","true","0.30000000000000004","1","8","0","true","true","""158348519""","0.11021674074753605","0.11021674074753605","0.11021674074753605","0","0.11021674074753605"
"1","311","336","1000","1","""HK""","0.05","false","""normal""","1","""constant""","0.1","""Scale-free""","1","0","1","""uniform""","""deterministic-normal""","40","-0.3999999999999999","0.2","""normal""","0","0.7000000000000001","false","""/home/ramaswamy.51/Documents/github/Spirals/Media/data/cluster/endsim/BehaviorSearch/Step6_Trial""","true","0.30000000000000004","1","8","0","true","true","""-1201918286""","0.11730758268324355","0.11730758268324355","0.11730758268324355","0","0.11730758268324355"
"1","312","336","1000","1","""HK""","0.05","false","""normal""","1","""constant""","0.1","""Scale-free""","1","0","1","""uniform""","""deterministic-normal""","40","-0.3999999999999999","0.2","""normal""","0","0.7000000000000001","false","""/home/ramaswamy.51/Documents/github/Spirals/Media/data/cluster/endsim/BehaviorSearch/Step6_Trial""","true","0.30000000000000004","1","8","0","true","true","""-2081746293""","0.09329925645270801","0.09329925645270801","0.09329925645270801","0","0.09329925645270801"
"1","313","340","1000","1","""HK""","0.03","false","""normal""","1","""constant""","0.1","""Scale-free""","1","0","1","""uniform""","""deterministic-normal""","40","-0.5","0","""normal""","0","0.8","false","""/home/ramaswamy.51/Documents/github/Spirals/Media/data/cluster/endsim/BehaviorSearch/Step6_Trial""","true","0.30000000000000004","1","5","1","true","true","""-1013534254""","0.10675896345086963","0.10675896345086963","0.10675896345086963","0","0.10675896345086963"
"1","314","340","1000","1","""HK""","0.03","false","""normal""","1","""constant""","0.1","""Scale-free""","1","0","1","""uniform""","""deterministic-normal""","40","-0.5","0","""normal""","0","0.8","false","""/home/ramaswamy.51/Documents/github/Spirals/Media/data/cluster/endsim/BehaviorSearch/Step6_Trial""","true","0.30000000000000004","1","5","1","true","true","""-1121644153""","0.11084996955109688","0.11084996955109688","0.11084996955109688","0","0.11084996955109688"
"1","315","340","1000","1","""HK""","0.03","false","""normal""","1","""constant""","0.1","""Scale-free""","1","0","1","""uniform""","""deterministic-normal""","40","-0.5","0","""normal""","0","0.8","false","""/home/ramaswamy.51/Documents/github/Spirals/Media/data/cluster/endsim/BehaviorSearch/Step6_Trial""","true","0.30000000000000004","1","5","1","true","true","""2076337426""","0.10034123662145472","0.10034123662145472","0.10034123662145472","0","0.10034123662145472"
"1","316","340","1000","1","""HK""","0.03","false","""normal""","1","""constant""","0.1","""Scale-free""","1","0","1","""uniform""","""deterministic-normal""","40","-0.5","0","""normal""","0","0.8","false","""/home/ramaswamy.51/Documents/github/Spirals/Media/data/cluster/endsim/BehaviorSearch/Step6_Trial""","true","0.30000000000000004","1","5","1","true","true","""980353284""","0.11226630425169497","0.11226630425169497","0.11226630425169497","0","0.11226630425169497"
"1","317","344","1000","1","""HK""","0.01","false","""normal""","1","""constant""","0","""Scale-free""","1","0","1","""uniform""","""deterministic-normal""","40","-0.8","0.4","""normal""","0.20000000000000018","0.5","false","""/home/ramaswamy.51/Documents/github/Spirals/Media/data/cluster/endsim/BehaviorSearch/Step6_Trial""","true","0","1","7","0.10000000000000009","true","true","""1667544880""","0.15657244666769846","0.15657244666769846","0.15657244666769846","0","0.15657244666769846"
"1","318","344","1000","1","""HK""","0.01","false","""normal""","1","""constant""","0","""Scale-free""","1","0","1","""uniform""","""deterministic-normal""","40","-0.8","0.4","""normal""","0.20000000000000018","0.5","false","""/home/ramaswamy.51/Documents/github/Spirals/Media/data/cluster/endsim/BehaviorSearch/Step6_Trial""","true","0","1","7","0.10000000000000009","true","true","""-414157548""","0.17537188840786774","0.17537188840786774","0.17537188840786774","0","0.17537188840786774"
"1","319","344","1000","1","""HK""","0.01","false","""normal""","1","""constant""","0","""Scale-free""","1","0","1","""uniform""","""deterministic-normal""","40","-0.8","0.4","""normal""","0.20000000000000018","0.5","false","""/home/ramaswamy.51/Documents/github/Spirals/Media/data/cluster/endsim/BehaviorSearch/Step6_Trial""","true","0","1","7","0.10000000000000009","true","true","""598569020""","0.1734621408667842","0.1734621408667842","0.1734621408667842","0","0.1734621408667842"
"1","320","344","1000","1","""HK""","0.01","false","""normal""","1","""constant""","0","""Scale-free""","1","0","1","""uniform""","""deterministic-normal""","40","-0.8","0.4","""normal""","0.20000000000000018","0.5","false","""/home/ramaswamy.51/Documents/github/Spirals/Media/data/cluster/endsim/BehaviorSearch/Step6_Trial""","true","0","1","7","0.10000000000000009","true","true","""-698562172""","0.1636358040939855","0.1636358040939855","0.1636358040939855","0","0.1636358040939855"
"1","321","348","1000","1","""HK""","0.03","false","""normal""","1","""constant""","0.1","""Scale-free""","1","0","1","""uniform""","""deterministic-normal""","40","-0.29999999999999993","0.2","""normal""","0","0.6000000000000001","false","""/home/ramaswamy.51/Documents/github/Spirals/Media/data/cluster/endsim/BehaviorSearch/Step6_Trial""","true","0.4","1","5","1","true","true","""-1136685143""","0.11014194227804995","0.11014194227804995","0.11014194227804995","0","0.11014194227804995"
"1","322","348","1000","1","""HK""","0.03","false","""normal""","1","""constant""","0.1","""Scale-free""","1","0","1","""uniform""","""deterministic-normal""","40","-0.29999999999999993","0.2","""normal""","0","0.6000000000000001","false","""/home/ramaswamy.51/Documents/github/Spirals/Media/data/cluster/endsim/BehaviorSearch/Step6_Trial""","true","0.4","1","5","1","true","true","""864504102""","0.11114281899823047","0.11114281899823047","0.11114281899823047","0","0.11114281899823047"
"1","323","348","1000","1","""HK""","0.03","false","""normal""","1","""constant""","0.1","""Scale-free""","1","0","1","""uniform""","""deterministic-normal""","40","-0.29999999999999993","0.2","""normal""","0","0.6000000000000001","false","""/home/ramaswamy.51/Documents/github/Spirals/Media/data/cluster/endsim/BehaviorSearch/Step6_Trial""","true","0.4","1","5","1","true","true","""-411695002""","0.13001594657654375","0.13001594657654375","0.13001594657654375","0","0.13001594657654375"
"1","324","348","1000","1","""HK""","0.03","false","""normal""","1","""constant""","0.1","""Scale-free""","1","0","1","""uniform""","""deterministic-normal""","40","-0.29999999999999993","0.2","""normal""","0","0.6000000000000001","false","""/home/ramaswamy.51/Documents/github/Spirals/Media/data/cluster/endsim/BehaviorSearch/Step6_Trial""","true","0.4","1","5","1","true","true","""492365553""","0.10886234701048723","0.10886234701048723","0.10886234701048723","0","0.10886234701048723"
"1","325","352","1000","1","""HK""","0.01","false","""normal""","1","""constant""","0","""Scale-free""","2","0","1","""uniform""","""deterministic-normal""","45","-0.3999999999999999","0.2","""normal""","-0.09999999999999998","0.7000000000000001","false","""/home/ramaswamy.51/Documents/github/Spirals/Media/data/cluster/endsim/BehaviorSearch/Step6_Trial""","true","0.30000000000000004","0.9","7","0.10000000000000009","true","true","""-616834376""","0.1236547914897861","0.1236547914897861","0.1236547914897861","0","0.1236547914897861"
"1","326","352","1000","1","""HK""","0.01","false","""normal""","1","""constant""","0","""Scale-free""","2","0","1","""uniform""","""deterministic-normal""","45","-0.3999999999999999","0.2","""normal""","-0.09999999999999998","0.7000000000000001","false","""/home/ramaswamy.51/Documents/github/Spirals/Media/data/cluster/endsim/BehaviorSearch/Step6_Trial""","true","0.30000000000000004","0.9","7","0.10000000000000009","true","true","""-218850050""","0.1358909321701097","0.1358909321701097","0.1358909321701097","0","0.1358909321701097"
"1","327","352","1000","1","""HK""","0.01","false","""normal""","1","""constant""","0","""Scale-free""","2","0","1","""uniform""","""deterministic-normal""","45","-0.3999999999999999","0.2","""normal""","-0.09999999999999998","0.7000000000000001","false","""/home/ramaswamy.51/Documents/github/Spirals/Media/data/cluster/endsim/BehaviorSearch/Step6_Trial""","true","0.30000000000000004","0.9","7","0.10000000000000009","true","true","""1795697029""","0.11856497679987957","0.11856497679987957","0.11856497679987957","0","0.11856497679987957"
"1","328","352","1000","1","""HK""","0.01","false","""normal""","1","""constant""","0","""Scale-free""","2","0","1","""uniform""","""deterministic-normal""","45","-0.3999999999999999","0.2","""normal""","-0.09999999999999998","0.7000000000000001","false","""/home/ramaswamy.51/Documents/github/Spirals/Media/data/cluster/endsim/BehaviorSearch/Step6_Trial""","true","0.30000000000000004","0.9","7","0.10000000000000009","true","true","""234570261""","0.1466646123720629","0.1466646123720629","0.1466646123720629","0","0.1466646123720629"
"1","329","356","1000","1","""HK""","0.03","false","""normal""","1","""constant""","0.1","""Scale-free""","1","0","1","""uniform""","""deterministic-normal""","45","-0.3999999999999999","0.2","""normal""","0.10000000000000009","0.5","false","""/home/ramaswamy.51/Documents/github/Spirals/Media/data/cluster/endsim/BehaviorSearch/Step6_Trial""","true","0","1","9","0","true","true","""-1376623788""","0.1461727216339202","0.1461727216339202","0.1461727216339202","0","0.1461727216339202"
"1","330","356","1000","1","""HK""","0.03","false","""normal""","1","""constant""","0.1","""Scale-free""","1","0","1","""uniform""","""deterministic-normal""","45","-0.3999999999999999","0.2","""normal""","0.10000000000000009","0.5","false","""/home/ramaswamy.51/Documents/github/Spirals/Media/data/cluster/endsim/BehaviorSearch/Step6_Trial""","true","0","1","9","0","true","true","""400041091""","0.16212727379591788","0.16212727379591788","0.16212727379591788","0","0.16212727379591788"
"1","331","356","1000","1","""HK""","0.03","false","""normal""","1","""constant""","0.1","""Scale-free""","1","0","1","""uniform""","""deterministic-normal""","45","-0.3999999999999999","0.2","""normal""","0.10000000000000009","0.5","false","""/home/ramaswamy.51/Documents/github/Spirals/Media/data/cluster/endsim/BehaviorSearch/Step6_Trial""","true","0","1","9","0","true","true","""-1130867399""","0.15994759694523641","0.15994759694523641","0.15994759694523641","0","0.15994759694523641"
"1","332","356","1000","1","""HK""","0.03","false","""normal""","1","""constant""","0.1","""Scale-free""","1","0","1","""uniform""","""deterministic-normal""","45","-0.3999999999999999","0.2","""normal""","0.10000000000000009","0.5","false","""/home/ramaswamy.51/Documents/github/Spirals/Media/data/cluster/endsim/BehaviorSearch/Step6_Trial""","true","0","1","9","0","true","true","""1678927120""","0.14965513968429225","0.14965513968429225","0.14965513968429225","0","0.14965513968429225"
"1","333","360","1000","1","""HK""","0.03","false","""normal""","1","""constant""","0","""Scale-free""","1","0","1","""uniform""","""deterministic-normal""","40","0","0.2","""normal""","0","0.5","false","""/home/ramaswamy.51/Documents/github/Spirals/Media/data/cluster/endsim/BehaviorSearch/Step6_Trial""","true","0.30000000000000004","1","5","0.8","true","true","""1414901819""","0.09320430726634678","0.09320430726634678","0.09320430726634678","0","0.09320430726634678"
"1","334","360","1000","1","""HK""","0.03","false","""normal""","1","""constant""","0","""Scale-free""","1","0","1","""uniform""","""deterministic-normal""","40","0","0.2","""normal""","0","0.5","false","""/home/ramaswamy.51/Documents/github/Spirals/Media/data/cluster/endsim/BehaviorSearch/Step6_Trial""","true","0.30000000000000004","1","5","0.8","true","true","""686575353""","0.13664238417606653","0.13664238417606653","0.13664238417606653","0","0.13664238417606653"
"1","335","360","1000","1","""HK""","0.03","false","""normal""","1","""constant""","0","""Scale-free""","1","0","1","""uniform""","""deterministic-normal""","40","0","0.2","""normal""","0","0.5","false","""/home/ramaswamy.51/Documents/github/Spirals/Media/data/cluster/endsim/BehaviorSearch/Step6_Trial""","true","0.30000000000000004","1","5","0.8","true","true","""405738139""","0.12067428547321159","0.12067428547321159","0.12067428547321159","0","0.12067428547321159"
"1","336","360","1000","1","""HK""","0.03","false","""normal""","1","""constant""","0","""Scale-free""","1","0","1","""uniform""","""deterministic-normal""","40","0","0.2","""normal""","0","0.5","false","""/home/ramaswamy.51/Documents/github/Spirals/Media/data/cluster/endsim/BehaviorSearch/Step6_Trial""","true","0.30000000000000004","1","5","0.8","true","true","""1899593868""","0.12590953889708303","0.12590953889708303","0.12590953889708303","0","0.12590953889708303"
"1","337","364","1000","1","""HK""","0.03","false","""normal""","1","""constant""","0.1","""Scale-free""","1","0","1","""uniform""","""deterministic-normal""","40","-0.3999999999999999","0.2","""normal""","0","0.6000000000000001","false","""/home/ramaswamy.51/Documents/github/Spirals/Media/data/cluster/endsim/BehaviorSearch/Step6_Trial""","true","0","1","5","0.10000000000000009","true","true","""-927974308""","0.12258738280608641","0.12258738280608641","0.12258738280608641","0","0.12258738280608641"
"1","338","364","1000","1","""HK""","0.03","false","""normal""","1","""constant""","0.1","""Scale-free""","1","0","1","""uniform""","""deterministic-normal""","40","-0.3999999999999999","0.2","""normal""","0","0.6000000000000001","false","""/home/ramaswamy.51/Documents/github/Spirals/Media/data/cluster/endsim/BehaviorSearch/Step6_Trial""","true","0","1","5","0.10000000000000009","true","true","""-1494548670""","0.12975127423810895","0.12975127423810895","0.12975127423810895","0","0.12975127423810895"
"1","339","364","1000","1","""HK""","0.03","false","""normal""","1","""constant""","0.1","""Scale-free""","1","0","1","""uniform""","""deterministic-normal""","40","-0.3999999999999999","0.2","""normal""","0","0.6000000000000001","false","""/home/ramaswamy.51/Documents/github/Spirals/Media/data/cluster/endsim/BehaviorSearch/Step6_Trial""","true","0","1","5","0.10000000000000009","true","true","""-1984190639""","0.13457309965497885","0.13457309965497885","0.13457309965497885","0","0.13457309965497885"
"1","340","364","1000","1","""HK""","0.03","false","""normal""","1","""constant""","0.1","""Scale-free""","1","0","1","""uniform""","""deterministic-normal""","40","-0.3999999999999999","0.2","""normal""","0","0.6000000000000001","false","""/home/ramaswamy.51/Documents/github/Spirals/Media/data/cluster/endsim/BehaviorSearch/Step6_Trial""","true","0","1","5","0.10000000000000009","true","true","""1023667220""","0.1343696680159673","0.1343696680159673","0.1343696680159673","0","0.1343696680159673"
"1","341","368","1000","1","""HK""","0.03","false","""normal""","1","""constant""","0.1","""Scale-free""","1","0","1","""uniform""","""deterministic-normal""","45","-0.3999999999999999","0.2","""normal""","0","0.6000000000000001","false","""/home/ramaswamy.51/Documents/github/Spirals/Media/data/cluster/endsim/BehaviorSearch/Step6_Trial""","true","0.30000000000000004","1","5","0.8","true","true","""1293051864""","0.10418184717297027","0.10418184717297027","0.10418184717297027","0","0.10418184717297027"
"1","342","368","1000","1","""HK""","0.03","false","""normal""","1","""constant""","0.1","""Scale-free""","1","0","1","""uniform""","""deterministic-normal""","45","-0.3999999999999999","0.2","""normal""","0","0.6000000000000001","false","""/home/ramaswamy.51/Documents/github/Spirals/Media/data/cluster/endsim/BehaviorSearch/Step6_Trial""","true","0.30000000000000004","1","5","0.8","true","true","""663247015""","0.1272465341380837","0.1272465341380837","0.1272465341380837","0","0.1272465341380837"
"1","343","368","1000","1","""HK""","0.03","false","""normal""","1","""constant""","0.1","""Scale-free""","1","0","1","""uniform""","""deterministic-normal""","45","-0.3999999999999999","0.2","""normal""","0","0.6000000000000001","false","""/home/ramaswamy.51/Documents/github/Spirals/Media/data/cluster/endsim/BehaviorSearch/Step6_Trial""","true","0.30000000000000004","1","5","0.8","true","true","""-237651539""","0.10998051286410518","0.10998051286410518","0.10998051286410518","0","0.10998051286410518"
"1","344","368","1000","1","""HK""","0.03","false","""normal""","1","""constant""","0.1","""Scale-free""","1","0","1","""uniform""","""deterministic-normal""","45","-0.3999999999999999","0.2","""normal""","0","0.6000000000000001","false","""/home/ramaswamy.51/Documents/github/Spirals/Media/data/cluster/endsim/BehaviorSearch/Step6_Trial""","true","0.30000000000000004","1","5","0.8","true","true","""516056922""","0.121573059507508","0.121573059507508","0.121573059507508","0","0.121573059507508"
"1","345","372","1000","1","""HK""","0.03","false","""normal""","1","""constant""","0.1","""Scale-free""","2","0","1","""uniform""","""deterministic-normal""","40","-0.3999999999999999","0.2","""normal""","0","0.9","false","""/home/ramaswamy.51/Documents/github/Spirals/Media/data/cluster/endsim/BehaviorSearch/Step6_Trial""","true","0.30000000000000004","1","6","0.8","true","true","""-1931341762""","0.09263433265432701","0.09263433265432701","0.09263433265432701","0","0.09263433265432701"
"1","346","372","1000","1","""HK""","0.03","false","""normal""","1","""constant""","0.1","""Scale-free""","2","0","1","""uniform""","""deterministic-normal""","40","-0.3999999999999999","0.2","""normal""","0","0.9","false","""/home/ramaswamy.51/Documents/github/Spirals/Media/data/cluster/endsim/BehaviorSearch/Step6_Trial""","true","0.30000000000000004","1","6","0.8","true","true","""-980457486""","0.09900025913326006","0.09900025913326006","0.09900025913326006","0","0.09900025913326006"
"1","347","372","1000","1","""HK""","0.03","false","""normal""","1","""constant""","0.1","""Scale-free""","2","0","1","""uniform""","""deterministic-normal""","40","-0.3999999999999999","0.2","""normal""","0","0.9","false","""/home/ramaswamy.51/Documents/github/Spirals/Media/data/cluster/endsim/BehaviorSearch/Step6_Trial""","true","0.30000000000000004","1","6","0.8","true","true","""-1115887251""","0.09454645686277413","0.09454645686277413","0.09454645686277413","0","0.09454645686277413"
"1","348","372","1000","1","""HK""","0.03","false","""normal""","1","""constant""","0.1","""Scale-free""","2","0","1","""uniform""","""deterministic-normal""","40","-0.3999999999999999","0.2","""normal""","0","0.9","false","""/home/ramaswamy.51/Documents/github/Spirals/Media/data/cluster/endsim/BehaviorSearch/Step6_Trial""","true","0.30000000000000004","1","6","0.8","true","true","""-221735079""","0.08400488057476989","0.08400488057476989","0.08400488057476989","0","0.08400488057476989"
"1","349","376","1000","1","""HK""","0.03","false","""normal""","1","""constant""","0.1","""Scale-free""","1","0","1","""uniform""","""deterministic-normal""","40","-0.3999999999999999","0.2","""normal""","0.20000000000000018","0.6000000000000001","false","""/home/ramaswamy.51/Documents/github/Spirals/Media/data/cluster/endsim/BehaviorSearch/Step6_Trial""","true","0","1","4","0.10000000000000009","true","true","""-411754479""","0.14685876696955338","0.14685876696955338","0.14685876696955338","0","0.14685876696955338"
"1","350","376","1000","1","""HK""","0.03","false","""normal""","1","""constant""","0.1","""Scale-free""","1","0","1","""uniform""","""deterministic-normal""","40","-0.3999999999999999","0.2","""normal""","0.20000000000000018","0.6000000000000001","false","""/home/ramaswamy.51/Documents/github/Spirals/Media/data/cluster/endsim/BehaviorSearch/Step6_Trial""","true","0","1","4","0.10000000000000009","true","true","""1302156974""","0.14617948640156153","0.14617948640156153","0.14617948640156153","0","0.14617948640156153"
"1","351","376","1000","1","""HK""","0.03","false","""normal""","1","""constant""","0.1","""Scale-free""","1","0","1","""uniform""","""deterministic-normal""","40","-0.3999999999999999","0.2","""normal""","0.20000000000000018","0.6000000000000001","false","""/home/ramaswamy.51/Documents/github/Spirals/Media/data/cluster/endsim/BehaviorSearch/Step6_Trial""","true","0","1","4","0.10000000000000009","true","true","""-2069051340""","0.1599014297624174","0.1599014297624174","0.1599014297624174","0","0.1599014297624174"
"1","352","376","1000","1","""HK""","0.03","false","""normal""","1","""constant""","0.1","""Scale-free""","1","0","1","""uniform""","""deterministic-normal""","40","-0.3999999999999999","0.2","""normal""","0.20000000000000018","0.6000000000000001","false","""/home/ramaswamy.51/Documents/github/Spirals/Media/data/cluster/endsim/BehaviorSearch/Step6_Trial""","true","0","1","4","0.10000000000000009","true","true","""1450979924""","0.16320463970773963","0.16320463970773963","0.16320463970773963","0","0.16320463970773963"
"1","353","380","1000","1","""HK""","0.03","false","""normal""","1","""constant""","0.1","""Scale-free""","1","0","1","""uniform""","""deterministic-normal""","45","-0.5","0.2","""normal""","0","0.6000000000000001","false","""/home/ramaswamy.51/Documents/github/Spirals/Media/data/cluster/endsim/BehaviorSearch/Step6_Trial""","true","0.5","1","5","0.7000000000000002","true","true","""-472844507""","0.12911875982216767","0.12911875982216767","0.12911875982216767","0","0.12911875982216767"
"1","354","380","1000","1","""HK""","0.03","false","""normal""","1","""constant""","0.1","""Scale-free""","1","0","1","""uniform""","""deterministic-normal""","45","-0.5","0.2","""normal""","0","0.6000000000000001","false","""/home/ramaswamy.51/Documents/github/Spirals/Media/data/cluster/endsim/BehaviorSearch/Step6_Trial""","true","0.5","1","5","0.7000000000000002","true","true","""1492661911""","0.11449316377218553","0.11449316377218553","0.11449316377218553","0","0.11449316377218553"
"1","355","380","1000","1","""HK""","0.03","false","""normal""","1","""constant""","0.1","""Scale-free""","1","0","1","""uniform""","""deterministic-normal""","45","-0.5","0.2","""normal""","0","0.6000000000000001","false","""/home/ramaswamy.51/Documents/github/Spirals/Media/data/cluster/endsim/BehaviorSearch/Step6_Trial""","true","0.5","1","5","0.7000000000000002","true","true","""-460059407""","0.10951647466145067","0.10951647466145067","0.10951647466145067","0","0.10951647466145067"
"1","356","380","1000","1","""HK""","0.03","false","""normal""","1","""constant""","0.1","""Scale-free""","1","0","1","""uniform""","""deterministic-normal""","45","-0.5","0.2","""normal""","0","0.6000000000000001","false","""/home/ramaswamy.51/Documents/github/Spirals/Media/data/cluster/endsim/BehaviorSearch/Step6_Trial""","true","0.5","1","5","0.7000000000000002","true","true","""-172525551""","0.11250234841724864","0.11250234841724864","0.11250234841724864","0","0.11250234841724864"
"1","357","384","1000","1","""HK""","0.09999999999999999","false","""normal""","1","""constant""","0.1","""Scale-free""","1","0","1","""uniform""","""deterministic-normal""","40","-0.3999999999999999","0.2","""normal""","0","0.7000000000000001","false","""/home/ramaswamy.51/Documents/github/Spirals/Media/data/cluster/endsim/BehaviorSearch/Step6_Trial""","true","0.2","1","8","0","true","true","""-440520356""","0.15768633322117226","0.15768633322117226","0.15768633322117226","0","0.15768633322117226"
"1","358","384","1000","1","""HK""","0.09999999999999999","false","""normal""","1","""constant""","0.1","""Scale-free""","1","0","1","""uniform""","""deterministic-normal""","40","-0.3999999999999999","0.2","""normal""","0","0.7000000000000001","false","""/home/ramaswamy.51/Documents/github/Spirals/Media/data/cluster/endsim/BehaviorSearch/Step6_Trial""","true","0.2","1","8","0","true","true","""-2114317168""","0.16312238705912854","0.16312238705912854","0.16312238705912854","0","0.16312238705912854"
"1","359","384","1000","1","""HK""","0.09999999999999999","false","""normal""","1","""constant""","0.1","""Scale-free""","1","0","1","""uniform""","""deterministic-normal""","40","-0.3999999999999999","0.2","""normal""","0","0.7000000000000001","false","""/home/ramaswamy.51/Documents/github/Spirals/Media/data/cluster/endsim/BehaviorSearch/Step6_Trial""","true","0.2","1","8","0","true","true","""-1727737792""","0.14449488879371408","0.14449488879371408","0.14449488879371408","0","0.14449488879371408"
"1","360","384","1000","1","""HK""","0.09999999999999999","false","""normal""","1","""constant""","0.1","""Scale-free""","1","0","1","""uniform""","""deterministic-normal""","40","-0.3999999999999999","0.2","""normal""","0","0.7000000000000001","false","""/home/ramaswamy.51/Documents/github/Spirals/Media/data/cluster/endsim/BehaviorSearch/Step6_Trial""","true","0.2","1","8","0","true","true","""-765171827""","0.15445836323839157","0.15445836323839157","0.15445836323839157","0","0.15445836323839157"
"1","361","392","1000","1","""HK""","0.03","false","""normal""","1","""constant""","0.1","""Scale-free""","1","0","1","""uniform""","""deterministic-normal""","40","-0.3999999999999999","0.2","""normal""","0","0.7000000000000001","false","""/home/ramaswamy.51/Documents/github/Spirals/Media/data/cluster/endsim/BehaviorSearch/Step6_Trial""","true","0.30000000000000004","1","5","0.8","true","true","""-835441027""","0.10173967094045992","0.10173967094045992","0.10173967094045992","0","0.10173967094045992"
"1","362","392","1000","1","""HK""","0.03","false","""normal""","1","""constant""","0.1","""Scale-free""","1","0","1","""uniform""","""deterministic-normal""","40","-0.3999999999999999","0.2","""normal""","0","0.7000000000000001","false","""/home/ramaswamy.51/Documents/github/Spirals/Media/data/cluster/endsim/BehaviorSearch/Step6_Trial""","true","0.30000000000000004","1","5","0.8","true","true","""72454038""","0.1170019594023825","0.1170019594023825","0.1170019594023825","0","0.1170019594023825"
"1","363","392","1000","1","""HK""","0.03","false","""normal""","1","""constant""","0.1","""Scale-free""","1","0","1","""uniform""","""deterministic-normal""","40","-0.3999999999999999","0.2","""normal""","0","0.7000000000000001","false","""/home/ramaswamy.51/Documents/github/Spirals/Media/data/cluster/endsim/BehaviorSearch/Step6_Trial""","true","0.30000000000000004","1","5","0.8","true","true","""434979725""","0.11309837375848159","0.11309837375848159","0.11309837375848159","0","0.11309837375848159"
"1","364","392","1000","1","""HK""","0.03","false","""normal""","1","""constant""","0.1","""Scale-free""","1","0","1","""uniform""","""deterministic-normal""","40","-0.3999999999999999","0.2","""normal""","0","0.7000000000000001","false","""/home/ramaswamy.51/Documents/github/Spirals/Media/data/cluster/endsim/BehaviorSearch/Step6_Trial""","true","0.30000000000000004","1","5","0.8","true","true","""-1815920548""","0.11241120629027737","0.11241120629027737","0.11241120629027737","0","0.11241120629027737"
"1","365","396","1000","1","""HK""","0.01","false","""normal""","1","""constant""","0.1","""Scale-free""","2","0","1","""uniform""","""deterministic-normal""","40","-0.6","0.2","""normal""","0","0.9","false","""/home/ramaswamy.51/Documents/github/Spirals/Media/data/cluster/endsim/BehaviorSearch/Step6_Trial""","true","0.30000000000000004","1","8","0.8","true","true","""1663102601""","0.10375531171733089","0.10375531171733089","0.10375531171733089","0","0.10375531171733089"
"1","366","396","1000","1","""HK""","0.01","false","""normal""","1","""constant""","0.1","""Scale-free""","2","0","1","""uniform""","""deterministic-normal""","40","-0.6","0.2","""normal""","0","0.9","false","""/home/ramaswamy.51/Documents/github/Spirals/Media/data/cluster/endsim/BehaviorSearch/Step6_Trial""","true","0.30000000000000004","1","8","0.8","true","true","""-1021269209""","0.09411978826102488","0.09411978826102488","0.09411978826102488","0","0.09411978826102488"
"1","367","396","1000","1","""HK""","0.01","false","""normal""","1","""constant""","0.1","""Scale-free""","2","0","1","""uniform""","""deterministic-normal""","40","-0.6","0.2","""normal""","0","0.9","false","""/home/ramaswamy.51/Documents/github/Spirals/Media/data/cluster/endsim/BehaviorSearch/Step6_Trial""","true","0.30000000000000004","1","8","0.8","true","true","""-1305486070""","0.09891873224851816","0.09891873224851816","0.09891873224851816","0","0.09891873224851816"
"1","368","396","1000","1","""HK""","0.01","false","""normal""","1","""constant""","0.1","""Scale-free""","2","0","1","""uniform""","""deterministic-normal""","40","-0.6","0.2","""normal""","0","0.9","false","""/home/ramaswamy.51/Documents/github/Spirals/Media/data/cluster/endsim/BehaviorSearch/Step6_Trial""","true","0.30000000000000004","1","8","0.8","true","true","""1326431507""","0.1050858543664357","0.1050858543664357","0.1050858543664357","0","0.1050858543664357"
"1","369","400","1000","1","""HK""","0.02","false","""normal""","1","""constant""","0.1","""Scale-free""","1","0","1","""uniform""","""deterministic-normal""","40","-0.29999999999999993","0.2","""normal""","0.30000000000000004","0.5","false","""/home/ramaswamy.51/Documents/github/Spirals/Media/data/cluster/endsim/BehaviorSearch/Step6_Trial""","true","0.1","1","5","0.8","true","true","""-220327604""","0.20262955784310702","0.20262955784310702","0.20262955784310702","0","0.20262955784310702"
"1","370","400","1000","1","""HK""","0.02","false","""normal""","1","""constant""","0.1","""Scale-free""","1","0","1","""uniform""","""deterministic-normal""","40","-0.29999999999999993","0.2","""normal""","0.30000000000000004","0.5","false","""/home/ramaswamy.51/Documents/github/Spirals/Media/data/cluster/endsim/BehaviorSearch/Step6_Trial""","true","0.1","1","5","0.8","true","true","""643991736""","0.187447532346341","0.187447532346341","0.187447532346341","0","0.187447532346341"
"1","371","400","1000","1","""HK""","0.02","false","""normal""","1","""constant""","0.1","""Scale-free""","1","0","1","""uniform""","""deterministic-normal""","40","-0.29999999999999993","0.2","""normal""","0.30000000000000004","0.5","false","""/home/ramaswamy.51/Documents/github/Spirals/Media/data/cluster/endsim/BehaviorSearch/Step6_Trial""","true","0.1","1","5","0.8","true","true","""1548497610""","0.1929782440378387","0.1929782440378387","0.1929782440378387","0","0.1929782440378387"
"1","372","400","1000","1","""HK""","0.02","false","""normal""","1","""constant""","0.1","""Scale-free""","1","0","1","""uniform""","""deterministic-normal""","40","-0.29999999999999993","0.2","""normal""","0.30000000000000004","0.5","false","""/home/ramaswamy.51/Documents/github/Spirals/Media/data/cluster/endsim/BehaviorSearch/Step6_Trial""","true","0.1","1","5","0.8","true","true","""-7167390""","0.21524311288649317","0.21524311288649317","0.21524311288649317","0","0.21524311288649317"
"1","373","404","1000","1","""HK""","0.03","false","""normal""","1","""constant""","0.1","""Scale-free""","1","0","1","""uniform""","""deterministic-normal""","40","-0.3999999999999999","0.30000000000000004","""normal""","-0.19999999999999996","0.9","false","""/home/ramaswamy.51/Documents/github/Spirals/Media/data/cluster/endsim/BehaviorSearch/Step6_Trial""","true","0.30000000000000004","1","6","0.9000000000000001","true","true","""-815241493""","0.10167319882729686","0.10167319882729686","0.10167319882729686","0","0.10167319882729686"
"1","374","404","1000","1","""HK""","0.03","false","""normal""","1","""constant""","0.1","""Scale-free""","1","0","1","""uniform""","""deterministic-normal""","40","-0.3999999999999999","0.30000000000000004","""normal""","-0.19999999999999996","0.9","false","""/home/ramaswamy.51/Documents/github/Spirals/Media/data/cluster/endsim/BehaviorSearch/Step6_Trial""","true","0.30000000000000004","1","6","0.9000000000000001","true","true","""1663674704""","0.10456736293016848","0.10456736293016848","0.10456736293016848","0","0.10456736293016848"
"1","375","404","1000","1","""HK""","0.03","false","""normal""","1","""constant""","0.1","""Scale-free""","1","0","1","""uniform""","""deterministic-normal""","40","-0.3999999999999999","0.30000000000000004","""normal""","-0.19999999999999996","0.9","false","""/home/ramaswamy.51/Documents/github/Spirals/Media/data/cluster/endsim/BehaviorSearch/Step6_Trial""","true","0.30000000000000004","1","6","0.9000000000000001","true","true","""-1974351470""","0.09520942917844794","0.09520942917844794","0.09520942917844794","0","0.09520942917844794"
"1","376","404","1000","1","""HK""","0.03","false","""normal""","1","""constant""","0.1","""Scale-free""","1","0","1","""uniform""","""deterministic-normal""","40","-0.3999999999999999","0.30000000000000004","""normal""","-0.19999999999999996","0.9","false","""/home/ramaswamy.51/Documents/github/Spirals/Media/data/cluster/endsim/BehaviorSearch/Step6_Trial""","true","0.30000000000000004","1","6","0.9000000000000001","true","true","""701284427""","0.10173629109120692","0.10173629109120692","0.10173629109120692","0","0.10173629109120692"
"1","377","408","1000","1","""HK""","0.03","false","""normal""","1","""constant""","0.2","""Scale-free""","1","0","1","""uniform""","""deterministic-normal""","40","-0.5","0.1","""normal""","0","0.6000000000000001","false","""/home/ramaswamy.51/Documents/github/Spirals/Media/data/cluster/endsim/BehaviorSearch/Step6_Trial""","true","0.30000000000000004","1","5","0.8","true","true","""1785697493""","0.1843340477542739","0.1843340477542739","0.1843340477542739","0","0.1843340477542739"
"1","378","408","1000","1","""HK""","0.03","false","""normal""","1","""constant""","0.2","""Scale-free""","1","0","1","""uniform""","""deterministic-normal""","40","-0.5","0.1","""normal""","0","0.6000000000000001","false","""/home/ramaswamy.51/Documents/github/Spirals/Media/data/cluster/endsim/BehaviorSearch/Step6_Trial""","true","0.30000000000000004","1","5","0.8","true","true","""1293889830""","0.16226745974780876","0.16226745974780876","0.16226745974780876","0","0.16226745974780876"
"1","379","408","1000","1","""HK""","0.03","false","""normal""","1","""constant""","0.2","""Scale-free""","1","0","1","""uniform""","""deterministic-normal""","40","-0.5","0.1","""normal""","0","0.6000000000000001","false","""/home/ramaswamy.51/Documents/github/Spirals/Media/data/cluster/endsim/BehaviorSearch/Step6_Trial""","true","0.30000000000000004","1","5","0.8","true","true","""-434561122""","0.16259408147413643","0.16259408147413643","0.16259408147413643","0","0.16259408147413643"
"1","380","408","1000","1","""HK""","0.03","false","""normal""","1","""constant""","0.2","""Scale-free""","1","0","1","""uniform""","""deterministic-normal""","40","-0.5","0.1","""normal""","0","0.6000000000000001","false","""/home/ramaswamy.51/Documents/github/Spirals/Media/data/cluster/endsim/BehaviorSearch/Step6_Trial""","true","0.30000000000000004","1","5","0.8","true","true","""1128319118""","0.18395054700490862","0.18395054700490862","0.18395054700490862","0","0.18395054700490862"
"1","381","412","1000","1","""HK""","0.03","false","""normal""","1","""constant""","0","""Scale-free""","1","0","1","""uniform""","""deterministic-normal""","40","-0.29999999999999993","0.1","""normal""","0","0.6000000000000001","false","""/home/ramaswamy.51/Documents/github/Spirals/Media/data/cluster/endsim/BehaviorSearch/Step6_Trial""","true","0.30000000000000004","1","3","0.8","true","true","""-820890928""","0.11247156834150107","0.11247156834150107","0.11247156834150107","0","0.11247156834150107"
"1","382","412","1000","1","""HK""","0.03","false","""normal""","1","""constant""","0","""Scale-free""","1","0","1","""uniform""","""deterministic-normal""","40","-0.29999999999999993","0.1","""normal""","0","0.6000000000000001","false","""/home/ramaswamy.51/Documents/github/Spirals/Media/data/cluster/endsim/BehaviorSearch/Step6_Trial""","true","0.30000000000000004","1","3","0.8","true","true","""-628371656""","0.13426555617805502","0.13426555617805502","0.13426555617805502","0","0.13426555617805502"
"1","383","412","1000","1","""HK""","0.03","false","""normal""","1","""constant""","0","""Scale-free""","1","0","1","""uniform""","""deterministic-normal""","40","-0.29999999999999993","0.1","""normal""","0","0.6000000000000001","false","""/home/ramaswamy.51/Documents/github/Spirals/Media/data/cluster/endsim/BehaviorSearch/Step6_Trial""","true","0.30000000000000004","1","3","0.8","true","true","""-354841849""","0.13729926894936365","0.13729926894936365","0.13729926894936365","0","0.13729926894936365"
"1","384","412","1000","1","""HK""","0.03","false","""normal""","1","""constant""","0","""Scale-free""","1","0","1","""uniform""","""deterministic-normal""","40","-0.29999999999999993","0.1","""normal""","0","0.6000000000000001","false","""/home/ramaswamy.51/Documents/github/Spirals/Media/data/cluster/endsim/BehaviorSearch/Step6_Trial""","true","0.30000000000000004","1","3","0.8","true","true","""-1167255590""","0.13889185678102653","0.13889185678102653","0.13889185678102653","0","0.13889185678102653"
"1","385","416","1000","1","""HK""","0.03","false","""normal""","1","""constant""","0.1","""Scale-free""","2","0","1","""uniform""","""deterministic-normal""","40","-0.3999999999999999","0.2","""normal""","0","0.6000000000000001","false","""/home/ramaswamy.51/Documents/github/Spirals/Media/data/cluster/endsim/BehaviorSearch/Step6_Trial""","true","0.2","1","5","0.8","true","true","""-1076236679""","0.13705018558750015","0.13705018558750015","0.13705018558750015","0","0.13705018558750015"
"1","386","416","1000","1","""HK""","0.03","false","""normal""","1","""constant""","0.1","""Scale-free""","2","0","1","""uniform""","""deterministic-normal""","40","-0.3999999999999999","0.2","""normal""","0","0.6000000000000001","false","""/home/ramaswamy.51/Documents/github/Spirals/Media/data/cluster/endsim/BehaviorSearch/Step6_Trial""","true","0.2","1","5","0.8","true","true","""-1951317662""","0.10915507741589195","0.10915507741589195","0.10915507741589195","0","0.10915507741589195"
"1","387","416","1000","1","""HK""","0.03","false","""normal""","1","""constant""","0.1","""Scale-free""","2","0","1","""uniform""","""deterministic-normal""","40","-0.3999999999999999","0.2","""normal""","0","0.6000000000000001","false","""/home/ramaswamy.51/Documents/github/Spirals/Media/data/cluster/endsim/BehaviorSearch/Step6_Trial""","true","0.2","1","5","0.8","true","true","""-329946790""","0.12625085613766907","0.12625085613766907","0.12625085613766907","0","0.12625085613766907"
"1","388","416","1000","1","""HK""","0.03","false","""normal""","1","""constant""","0.1","""Scale-free""","2","0","1","""uniform""","""deterministic-normal""","40","-0.3999999999999999","0.2","""normal""","0","0.6000000000000001","false","""/home/ramaswamy.51/Documents/github/Spirals/Media/data/cluster/endsim/BehaviorSearch/Step6_Trial""","true","0.2","1","5","0.8","true","true","""-1135460854""","0.10762988800097115","0.10762988800097115","0.10762988800097115","0","0.10762988800097115"
"1","389","420","1000","1","""HK""","0.03","false","""normal""","1","""constant""","0.1","""Scale-free""","1","0","1","""uniform""","""deterministic-normal""","40","-0.09999999999999998","0.2","""normal""","0","0.6000000000000001","false","""/home/ramaswamy.51/Documents/github/Spirals/Media/data/cluster/endsim/BehaviorSearch/Step6_Trial""","true","0.30000000000000004","1","5","0.8","true","true","""995987736""","0.1097953039331371","0.1097953039331371","0.1097953039331371","0","0.1097953039331371"
"1","390","420","1000","1","""HK""","0.03","false","""normal""","1","""constant""","0.1","""Scale-free""","1","0","1","""uniform""","""deterministic-normal""","40","-0.09999999999999998","0.2","""normal""","0","0.6000000000000001","false","""/home/ramaswamy.51/Documents/github/Spirals/Media/data/cluster/endsim/BehaviorSearch/Step6_Trial""","true","0.30000000000000004","1","5","0.8","true","true","""2070945754""","0.11236897638921037","0.11236897638921037","0.11236897638921037","0","0.11236897638921037"
"1","391","420","1000","1","""HK""","0.03","false","""normal""","1","""constant""","0.1","""Scale-free""","1","0","1","""uniform""","""deterministic-normal""","40","-0.09999999999999998","0.2","""normal""","0","0.6000000000000001","false","""/home/ramaswamy.51/Documents/github/Spirals/Media/data/cluster/endsim/BehaviorSearch/Step6_Trial""","true","0.30000000000000004","1","5","0.8","true","true","""-1511130988""","0.11194469361571452","0.11194469361571452","0.11194469361571452","0","0.11194469361571452"
"1","392","420","1000","1","""HK""","0.03","false","""normal""","1","""constant""","0.1","""Scale-free""","1","0","1","""uniform""","""deterministic-normal""","40","-0.09999999999999998","0.2","""normal""","0","0.6000000000000001","false","""/home/ramaswamy.51/Documents/github/Spirals/Media/data/cluster/endsim/BehaviorSearch/Step6_Trial""","true","0.30000000000000004","1","5","0.8","true","true","""166055935""","0.12000907725699583","0.12000907725699583","0.12000907725699583","0","0.12000907725699583"
"1","393","428","1000","1","""HK""","0.01","false","""normal""","1","""constant""","0.1","""Scale-free""","2","0","1","""uniform""","""deterministic-normal""","40","-0.3999999999999999","0.2","""normal""","0","1","false","""/home/ramaswamy.51/Documents/github/Spirals/Media/data/cluster/endsim/BehaviorSearch/Step6_Trial""","true","0.30000000000000004","1","8","1","true","true","""-1201215889""","0.11268645381099963","0.11268645381099963","0.11268645381099963","0","0.11268645381099963"
"1","394","428","1000","1","""HK""","0.01","false","""normal""","1","""constant""","0.1","""Scale-free""","2","0","1","""uniform""","""deterministic-normal""","40","-0.3999999999999999","0.2","""normal""","0","1","false","""/home/ramaswamy.51/Documents/github/Spirals/Media/data/cluster/endsim/BehaviorSearch/Step6_Trial""","true","0.30000000000000004","1","8","1","true","true","""174555212""","0.09598578992527318","0.09598578992527318","0.09598578992527318","0","0.09598578992527318"
"1","395","428","1000","1","""HK""","0.01","false","""normal""","1","""constant""","0.1","""Scale-free""","2","0","1","""uniform""","""deterministic-normal""","40","-0.3999999999999999","0.2","""normal""","0","1","false","""/home/ramaswamy.51/Documents/github/Spirals/Media/data/cluster/endsim/BehaviorSearch/Step6_Trial""","true","0.30000000000000004","1","8","1","true","true","""1972895528""","0.10525216281130192","0.10525216281130192","0.10525216281130192","0","0.10525216281130192"
"1","396","428","1000","1","""HK""","0.01","false","""normal""","1","""constant""","0.1","""Scale-free""","2","0","1","""uniform""","""deterministic-normal""","40","-0.3999999999999999","0.2","""normal""","0","1","false","""/home/ramaswamy.51/Documents/github/Spirals/Media/data/cluster/endsim/BehaviorSearch/Step6_Trial""","true","0.30000000000000004","1","8","1","true","true","""112142686""","0.10485657956749317","0.10485657956749317","0.10485657956749317","0","0.10485657956749317"
"1","397","432","1000","1","""HK""","0.03","false","""normal""","1","""constant""","0","""Scale-free""","1","0","1","""uniform""","""deterministic-normal""","40","-0.6","0.1","""normal""","0","0.9","false","""/home/ramaswamy.51/Documents/github/Spirals/Media/data/cluster/endsim/BehaviorSearch/Step6_Trial""","true","0.30000000000000004","0.9","6","1","true","true","""-1904191904""","0.16692005590848072","0.16692005590848072","0.16692005590848072","0","0.16692005590848072"
"1","398","432","1000","1","""HK""","0.03","false","""normal""","1","""constant""","0","""Scale-free""","1","0","1","""uniform""","""deterministic-normal""","40","-0.6","0.1","""normal""","0","0.9","false","""/home/ramaswamy.51/Documents/github/Spirals/Media/data/cluster/endsim/BehaviorSearch/Step6_Trial""","true","0.30000000000000004","0.9","6","1","true","true","""698005310""","0.16503270830847638","0.16503270830847638","0.16503270830847638","0","0.16503270830847638"
"1","399","432","1000","1","""HK""","0.03","false","""normal""","1","""constant""","0","""Scale-free""","1","0","1","""uniform""","""deterministic-normal""","40","-0.6","0.1","""normal""","0","0.9","false","""/home/ramaswamy.51/Documents/github/Spirals/Media/data/cluster/endsim/BehaviorSearch/Step6_Trial""","true","0.30000000000000004","0.9","6","1","true","true","""-307501333""","0.15806506750768923","0.15806506750768923","0.15806506750768923","0","0.15806506750768923"
"1","400","432","1000","1","""HK""","0.03","false","""normal""","1","""constant""","0","""Scale-free""","1","0","1","""uniform""","""deterministic-normal""","40","-0.6","0.1","""normal""","0","0.9","false","""/home/ramaswamy.51/Documents/github/Spirals/Media/data/cluster/endsim/BehaviorSearch/Step6_Trial""","true","0.30000000000000004","0.9","6","1","true","true","""538969376""","0.14769082014306106","0.14769082014306106","0.14769082014306106","0","0.14769082014306106"
"1","401","436","1000","1","""HK""","0.01","false","""normal""","1","""constant""","0.1","""Scale-free""","2","0","1","""uniform""","""deterministic-normal""","40","-0.29999999999999993","0.2","""normal""","0.20000000000000018","0.9","false","""/home/ramaswamy.51/Documents/github/Spirals/Media/data/cluster/endsim/BehaviorSearch/Step6_Trial""","true","0.30000000000000004","1","8","0.8","true","true","""-368766519""","0.10768210678461092","0.10768210678461092","0.10768210678461092","0","0.10768210678461092"
"1","402","436","1000","1","""HK""","0.01","false","""normal""","1","""constant""","0.1","""Scale-free""","2","0","1","""uniform""","""deterministic-normal""","40","-0.29999999999999993","0.2","""normal""","0.20000000000000018","0.9","false","""/home/ramaswamy.51/Documents/github/Spirals/Media/data/cluster/endsim/BehaviorSearch/Step6_Trial""","true","0.30000000000000004","1","8","0.8","true","true","""-1957077274""","0.111081416563684","0.111081416563684","0.111081416563684","0","0.111081416563684"
"1","403","436","1000","1","""HK""","0.01","false","""normal""","1","""constant""","0.1","""Scale-free""","2","0","1","""uniform""","""deterministic-normal""","40","-0.29999999999999993","0.2","""normal""","0.20000000000000018","0.9","false","""/home/ramaswamy.51/Documents/github/Spirals/Media/data/cluster/endsim/BehaviorSearch/Step6_Trial""","true","0.30000000000000004","1","8","0.8","true","true","""369542129""","0.11030805926543717","0.11030805926543717","0.11030805926543717","0","0.11030805926543717"
"1","404","436","1000","1","""HK""","0.01","false","""normal""","1","""constant""","0.1","""Scale-free""","2","0","1","""uniform""","""deterministic-normal""","40","-0.29999999999999993","0.2","""normal""","0.20000000000000018","0.9","false","""/home/ramaswamy.51/Documents/github/Spirals/Media/data/cluster/endsim/BehaviorSearch/Step6_Trial""","true","0.30000000000000004","1","8","0.8","true","true","""-12957530""","0.10890068367139609","0.10890068367139609","0.10890068367139609","0","0.10890068367139609"
"1","405","440","1000","1","""HK""","0.01","false","""normal""","1","""constant""","0.1","""Scale-free""","3","0","1","""uniform""","""deterministic-normal""","40","-0.29999999999999993","0.2","""normal""","0.40000000000000013","0.9","false","""/home/ramaswamy.51/Documents/github/Spirals/Media/data/cluster/endsim/BehaviorSearch/Step6_Trial""","true","0.30000000000000004","1","8","0.10000000000000009","true","true","""433674542""","0.1390954722094144","0.1390954722094144","0.1390954722094144","0","0.1390954722094144"
"1","406","440","1000","1","""HK""","0.01","false","""normal""","1","""constant""","0.1","""Scale-free""","3","0","1","""uniform""","""deterministic-normal""","40","-0.29999999999999993","0.2","""normal""","0.40000000000000013","0.9","false","""/home/ramaswamy.51/Documents/github/Spirals/Media/data/cluster/endsim/BehaviorSearch/Step6_Trial""","true","0.30000000000000004","1","8","0.10000000000000009","true","true","""-1886210739""","0.1421641000036944","0.1421641000036944","0.1421641000036944","0","0.1421641000036944"
"1","407","440","1000","1","""HK""","0.01","false","""normal""","1","""constant""","0.1","""Scale-free""","3","0","1","""uniform""","""deterministic-normal""","40","-0.29999999999999993","0.2","""normal""","0.40000000000000013","0.9","false","""/home/ramaswamy.51/Documents/github/Spirals/Media/data/cluster/endsim/BehaviorSearch/Step6_Trial""","true","0.30000000000000004","1","8","0.10000000000000009","true","true","""-118660258""","0.13230954433454908","0.13230954433454908","0.13230954433454908","0","0.13230954433454908"
"1","408","440","1000","1","""HK""","0.01","false","""normal""","1","""constant""","0.1","""Scale-free""","3","0","1","""uniform""","""deterministic-normal""","40","-0.29999999999999993","0.2","""normal""","0.40000000000000013","0.9","false","""/home/ramaswamy.51/Documents/github/Spirals/Media/data/cluster/endsim/BehaviorSearch/Step6_Trial""","true","0.30000000000000004","1","8","0.10000000000000009","true","true","""-1878152970""","0.148564881134296","0.148564881134296","0.148564881134296","0","0.148564881134296"
"1","409","444","1000","1","""HK""","0.03","false","""normal""","1","""constant""","0.1","""Scale-free""","2","0","1","""uniform""","""deterministic-normal""","40","-0.3999999999999999","0.2","""normal""","0.10000000000000009","0.6000000000000001","false","""/home/ramaswamy.51/Documents/github/Spirals/Media/data/cluster/endsim/BehaviorSearch/Step6_Trial""","true","0.30000000000000004","1","5","1","true","true","""-545725728""","0.12560271135117404","0.12560271135117404","0.12560271135117404","0","0.12560271135117404"
"1","410","444","1000","1","""HK""","0.03","false","""normal""","1","""constant""","0.1","""Scale-free""","2","0","1","""uniform""","""deterministic-normal""","40","-0.3999999999999999","0.2","""normal""","0.10000000000000009","0.6000000000000001","false","""/home/ramaswamy.51/Documents/github/Spirals/Media/data/cluster/endsim/BehaviorSearch/Step6_Trial""","true","0.30000000000000004","1","5","1","true","true","""-732913054""","0.14242973665530095","0.14242973665530095","0.14242973665530095","0","0.14242973665530095"
"1","411","444","1000","1","""HK""","0.03","false","""normal""","1","""constant""","0.1","""Scale-free""","2","0","1","""uniform""","""deterministic-normal""","40","-0.3999999999999999","0.2","""normal""","0.10000000000000009","0.6000000000000001","false","""/home/ramaswamy.51/Documents/github/Spirals/Media/data/cluster/endsim/BehaviorSearch/Step6_Trial""","true","0.30000000000000004","1","5","1","true","true","""-224293251""","0.11671150487646437","0.11671150487646437","0.11671150487646437","0","0.11671150487646437"
"1","412","444","1000","1","""HK""","0.03","false","""normal""","1","""constant""","0.1","""Scale-free""","2","0","1","""uniform""","""deterministic-normal""","40","-0.3999999999999999","0.2","""normal""","0.10000000000000009","0.6000000000000001","false","""/home/ramaswamy.51/Documents/github/Spirals/Media/data/cluster/endsim/BehaviorSearch/Step6_Trial""","true","0.30000000000000004","1","5","1","true","true","""-833309127""","0.120890158929396","0.120890158929396","0.120890158929396","0","0.120890158929396"
"1","413","448","1000","1","""HK""","0.01","false","""normal""","1","""constant""","0.1","""Scale-free""","1","0","1","""uniform""","""deterministic-normal""","40","-0.3999999999999999","0.30000000000000004","""normal""","-0.19999999999999996","0.9","false","""/home/ramaswamy.51/Documents/github/Spirals/Media/data/cluster/endsim/BehaviorSearch/Step6_Trial""","true","0.5","0.9","6","0.9000000000000001","true","true","""-1662287643""","0.13945699592362584","0.13945699592362584","0.13945699592362584","0","0.13945699592362584"
"1","414","448","1000","1","""HK""","0.01","false","""normal""","1","""constant""","0.1","""Scale-free""","1","0","1","""uniform""","""deterministic-normal""","40","-0.3999999999999999","0.30000000000000004","""normal""","-0.19999999999999996","0.9","false","""/home/ramaswamy.51/Documents/github/Spirals/Media/data/cluster/endsim/BehaviorSearch/Step6_Trial""","true","0.5","0.9","6","0.9000000000000001","true","true","""399630235""","0.1288588488560566","0.1288588488560566","0.1288588488560566","0","0.1288588488560566"
"1","415","448","1000","1","""HK""","0.01","false","""normal""","1","""constant""","0.1","""Scale-free""","1","0","1","""uniform""","""deterministic-normal""","40","-0.3999999999999999","0.30000000000000004","""normal""","-0.19999999999999996","0.9","false","""/home/ramaswamy.51/Documents/github/Spirals/Media/data/cluster/endsim/BehaviorSearch/Step6_Trial""","true","0.5","0.9","6","0.9000000000000001","true","true","""-1948085566""","0.1491474319315105","0.1491474319315105","0.1491474319315105","0","0.1491474319315105"
"1","416","448","1000","1","""HK""","0.01","false","""normal""","1","""constant""","0.1","""Scale-free""","1","0","1","""uniform""","""deterministic-normal""","40","-0.3999999999999999","0.30000000000000004","""normal""","-0.19999999999999996","0.9","false","""/home/ramaswamy.51/Documents/github/Spirals/Media/data/cluster/endsim/BehaviorSearch/Step6_Trial""","true","0.5","0.9","6","0.9000000000000001","true","true","""31484941""","0.12818367819644283","0.12818367819644283","0.12818367819644283","0","0.12818367819644283"
"1","417","452","1000","1","""HK""","0.01","false","""normal""","1","""constant""","0","""Scale-free""","1","0","1","""uniform""","""deterministic-normal""","40","-0.29999999999999993","0","""normal""","0","0.8","false","""/home/ramaswamy.51/Documents/github/Spirals/Media/data/cluster/endsim/BehaviorSearch/Step6_Trial""","true","0.30000000000000004","1","5","1","true","true","""1713424944""","0.15049428678342602","0.15049428678342602","0.15049428678342602","0","0.15049428678342602"
"1","418","452","1000","1","""HK""","0.01","false","""normal""","1","""constant""","0","""Scale-free""","1","0","1","""uniform""","""deterministic-normal""","40","-0.29999999999999993","0","""normal""","0","0.8","false","""/home/ramaswamy.51/Documents/github/Spirals/Media/data/cluster/endsim/BehaviorSearch/Step6_Trial""","true","0.30000000000000004","1","5","1","true","true","""-1337602463""","0.16679366432620074","0.16679366432620074","0.16679366432620074","0","0.16679366432620074"
"1","419","452","1000","1","""HK""","0.01","false","""normal""","1","""constant""","0","""Scale-free""","1","0","1","""uniform""","""deterministic-normal""","40","-0.29999999999999993","0","""normal""","0","0.8","false","""/home/ramaswamy.51/Documents/github/Spirals/Media/data/cluster/endsim/BehaviorSearch/Step6_Trial""","true","0.30000000000000004","1","5","1","true","true","""-1549902659""","0.1464075313410679","0.1464075313410679","0.1464075313410679","0","0.1464075313410679"
"1","420","452","1000","1","""HK""","0.01","false","""normal""","1","""constant""","0","""Scale-free""","1","0","1","""uniform""","""deterministic-normal""","40","-0.29999999999999993","0","""normal""","0","0.8","false","""/home/ramaswamy.51/Documents/github/Spirals/Media/data/cluster/endsim/BehaviorSearch/Step6_Trial""","true","0.30000000000000004","1","5","1","true","true","""-1223777714""","0.14383863022025287","0.14383863022025287","0.14383863022025287","0","0.14383863022025287"
"1","421","456","1000","1","""HK""","0.060000000000000005","false","""normal""","1","""constant""","0.1","""Scale-free""","1","0","1","""uniform""","""deterministic-normal""","40","-0.8","0.2","""normal""","0","0.7000000000000001","false","""/home/ramaswamy.51/Documents/github/Spirals/Media/data/cluster/endsim/BehaviorSearch/Step6_Trial""","true","0.30000000000000004","1","5","1","true","true","""-2058048212""","0.11206663687384406","0.11206663687384406","0.11206663687384406","0","0.11206663687384406"
"1","422","456","1000","1","""HK""","0.060000000000000005","false","""normal""","1","""constant""","0.1","""Scale-free""","1","0","1","""uniform""","""deterministic-normal""","40","-0.8","0.2","""normal""","0","0.7000000000000001","false","""/home/ramaswamy.51/Documents/github/Spirals/Media/data/cluster/endsim/BehaviorSearch/Step6_Trial""","true","0.30000000000000004","1","5","1","true","true","""1334107392""","0.11855844104283943","0.11855844104283943","0.11855844104283943","0","0.11855844104283943"
"1","423","456","1000","1","""HK""","0.060000000000000005","false","""normal""","1","""constant""","0.1","""Scale-free""","1","0","1","""uniform""","""deterministic-normal""","40","-0.8","0.2","""normal""","0","0.7000000000000001","false","""/home/ramaswamy.51/Documents/github/Spirals/Media/data/cluster/endsim/BehaviorSearch/Step6_Trial""","true","0.30000000000000004","1","5","1","true","true","""1495347645""","0.1204827471313571","0.1204827471313571","0.1204827471313571","0","0.1204827471313571"
"1","424","456","1000","1","""HK""","0.060000000000000005","false","""normal""","1","""constant""","0.1","""Scale-free""","1","0","1","""uniform""","""deterministic-normal""","40","-0.8","0.2","""normal""","0","0.7000000000000001","false","""/home/ramaswamy.51/Documents/github/Spirals/Media/data/cluster/endsim/BehaviorSearch/Step6_Trial""","true","0.30000000000000004","1","5","1","true","true","""286066362""","0.12473058562115028","0.12473058562115028","0.12473058562115028","0","0.12473058562115028"
"1","425","460","1000","1","""HK""","0.03","false","""normal""","1","""constant""","0.1","""Scale-free""","1","0","1","""uniform""","""deterministic-normal""","40","-0.3999999999999999","0.2","""normal""","-0.29999999999999993","0.7000000000000001","false","""/home/ramaswamy.51/Documents/github/Spirals/Media/data/cluster/endsim/BehaviorSearch/Step6_Trial""","true","0.30000000000000004","1","5","1","true","true","""-216946945""","0.13613957160450144","0.13613957160450144","0.13613957160450144","0","0.13613957160450144"
"1","426","460","1000","1","""HK""","0.03","false","""normal""","1","""constant""","0.1","""Scale-free""","1","0","1","""uniform""","""deterministic-normal""","40","-0.3999999999999999","0.2","""normal""","-0.29999999999999993","0.7000000000000001","false","""/home/ramaswamy.51/Documents/github/Spirals/Media/data/cluster/endsim/BehaviorSearch/Step6_Trial""","true","0.30000000000000004","1","5","1","true","true","""-1615799602""","0.1263711265446999","0.1263711265446999","0.1263711265446999","0","0.1263711265446999"
"1","427","460","1000","1","""HK""","0.03","false","""normal""","1","""constant""","0.1","""Scale-free""","1","0","1","""uniform""","""deterministic-normal""","40","-0.3999999999999999","0.2","""normal""","-0.29999999999999993","0.7000000000000001","false","""/home/ramaswamy.51/Documents/github/Spirals/Media/data/cluster/endsim/BehaviorSearch/Step6_Trial""","true","0.30000000000000004","1","5","1","true","true","""-826103791""","0.11327361883078274","0.11327361883078274","0.11327361883078274","0","0.11327361883078274"
"1","428","460","1000","1","""HK""","0.03","false","""normal""","1","""constant""","0.1","""Scale-free""","1","0","1","""uniform""","""deterministic-normal""","40","-0.3999999999999999","0.2","""normal""","-0.29999999999999993","0.7000000000000001","false","""/home/ramaswamy.51/Documents/github/Spirals/Media/data/cluster/endsim/BehaviorSearch/Step6_Trial""","true","0.30000000000000004","1","5","1","true","true","""-1848237751""","0.12349067856709904","0.12349067856709904","0.12349067856709904","0","0.12349067856709904"
"1","429","464","1000","1","""HK""","0.01","false","""normal""","1","""constant""","0.1","""Scale-free""","1","0","1","""uniform""","""deterministic-normal""","40","-0.3999999999999999","0.2","""normal""","0.10000000000000009","0.7000000000000001","false","""/home/ramaswamy.51/Documents/github/Spirals/Media/data/cluster/endsim/BehaviorSearch/Step6_Trial""","true","0.30000000000000004","1","8","0","true","true","""968678597""","0.10691417174933229","0.10691417174933229","0.10691417174933229","0","0.10691417174933229"
"1","430","464","1000","1","""HK""","0.01","false","""normal""","1","""constant""","0.1","""Scale-free""","1","0","1","""uniform""","""deterministic-normal""","40","-0.3999999999999999","0.2","""normal""","0.10000000000000009","0.7000000000000001","false","""/home/ramaswamy.51/Documents/github/Spirals/Media/data/cluster/endsim/BehaviorSearch/Step6_Trial""","true","0.30000000000000004","1","8","0","true","true","""535007773""","0.12825334030581684","0.12825334030581684","0.12825334030581684","0","0.12825334030581684"
"1","431","464","1000","1","""HK""","0.01","false","""normal""","1","""constant""","0.1","""Scale-free""","1","0","1","""uniform""","""deterministic-normal""","40","-0.3999999999999999","0.2","""normal""","0.10000000000000009","0.7000000000000001","false","""/home/ramaswamy.51/Documents/github/Spirals/Media/data/cluster/endsim/BehaviorSearch/Step6_Trial""","true","0.30000000000000004","1","8","0","true","true","""-1307224393""","0.11490222514727862","0.11490222514727862","0.11490222514727862","0","0.11490222514727862"
"1","432","464","1000","1","""HK""","0.01","false","""normal""","1","""constant""","0.1","""Scale-free""","1","0","1","""uniform""","""deterministic-normal""","40","-0.3999999999999999","0.2","""normal""","0.10000000000000009","0.7000000000000001","false","""/home/ramaswamy.51/Documents/github/Spirals/Media/data/cluster/endsim/BehaviorSearch/Step6_Trial""","true","0.30000000000000004","1","8","0","true","true","""-1126570973""","0.0958279252691041","0.0958279252691041","0.0958279252691041","0","0.0958279252691041"
"1","433","468","1000","1","""HK""","0.01","false","""normal""","1","""constant""","0.1","""Scale-free""","1","0","1","""uniform""","""deterministic-normal""","40","-0.5","0","""normal""","0","0.8","false","""/home/ramaswamy.51/Documents/github/Spirals/Media/data/cluster/endsim/BehaviorSearch/Step6_Trial""","true","0.30000000000000004","1","5","1","true","true","""-2040189115""","0.09325937866670242","0.09325937866670242","0.09325937866670242","0","0.09325937866670242"
"1","434","468","1000","1","""HK""","0.01","false","""normal""","1","""constant""","0.1","""Scale-free""","1","0","1","""uniform""","""deterministic-normal""","40","-0.5","0","""normal""","0","0.8","false","""/home/ramaswamy.51/Documents/github/Spirals/Media/data/cluster/endsim/BehaviorSearch/Step6_Trial""","true","0.30000000000000004","1","5","1","true","true","""400711723""","0.08767794652869124","0.08767794652869124","0.08767794652869124","0","0.08767794652869124"
"1","435","468","1000","1","""HK""","0.01","false","""normal""","1","""constant""","0.1","""Scale-free""","1","0","1","""uniform""","""deterministic-normal""","40","-0.5","0","""normal""","0","0.8","false","""/home/ramaswamy.51/Documents/github/Spirals/Media/data/cluster/endsim/BehaviorSearch/Step6_Trial""","true","0.30000000000000004","1","5","1","true","true","""-287843627""","0.09044702714905525","0.09044702714905525","0.09044702714905525","0","0.09044702714905525"
"1","436","468","1000","1","""HK""","0.01","false","""normal""","1","""constant""","0.1","""Scale-free""","1","0","1","""uniform""","""deterministic-normal""","40","-0.5","0","""normal""","0","0.8","false","""/home/ramaswamy.51/Documents/github/Spirals/Media/data/cluster/endsim/BehaviorSearch/Step6_Trial""","true","0.30000000000000004","1","5","1","true","true","""773653805""","0.0989501264680908","0.0989501264680908","0.0989501264680908","0","0.0989501264680908"
"1","437","472","1000","1","""HK""","0.03","false","""normal""","1","""constant""","0.2","""Scale-free""","1","0","1","""uniform""","""deterministic-normal""","40","-0.29999999999999993","0.2","""normal""","0","0.6000000000000001","false","""/home/ramaswamy.51/Documents/github/Spirals/Media/data/cluster/endsim/BehaviorSearch/Step6_Trial""","true","0.4","1","5","1","true","true","""-1298615225""","0.1816902556834335","0.1816902556834335","0.1816902556834335","0","0.1816902556834335"
"1","438","472","1000","1","""HK""","0.03","false","""normal""","1","""constant""","0.2","""Scale-free""","1","0","1","""uniform""","""deterministic-normal""","40","-0.29999999999999993","0.2","""normal""","0","0.6000000000000001","false","""/home/ramaswamy.51/Documents/github/Spirals/Media/data/cluster/endsim/BehaviorSearch/Step6_Trial""","true","0.4","1","5","1","true","true","""2001647670""","0.1640535022063071","0.1640535022063071","0.1640535022063071","0","0.1640535022063071"
"1","439","472","1000","1","""HK""","0.03","false","""normal""","1","""constant""","0.2","""Scale-free""","1","0","1","""uniform""","""deterministic-normal""","40","-0.29999999999999993","0.2","""normal""","0","0.6000000000000001","false","""/home/ramaswamy.51/Documents/github/Spirals/Media/data/cluster/endsim/BehaviorSearch/Step6_Trial""","true","0.4","1","5","1","true","true","""-618030802""","0.20031616329580765","0.20031616329580765","0.20031616329580765","0","0.20031616329580765"
"1","440","472","1000","1","""HK""","0.03","false","""normal""","1","""constant""","0.2","""Scale-free""","1","0","1","""uniform""","""deterministic-normal""","40","-0.29999999999999993","0.2","""normal""","0","0.6000000000000001","false","""/home/ramaswamy.51/Documents/github/Spirals/Media/data/cluster/endsim/BehaviorSearch/Step6_Trial""","true","0.4","1","5","1","true","true","""-2051777378""","0.15767658747988572","0.15767658747988572","0.15767658747988572","0","0.15767658747988572"
"1","441","476","1000","1","""HK""","0.01","false","""normal""","1","""constant""","0.2","""Scale-free""","1","0","1","""uniform""","""deterministic-normal""","35","-0.3999999999999999","0.1","""normal""","0","0.7000000000000001","false","""/home/ramaswamy.51/Documents/github/Spirals/Media/data/cluster/endsim/BehaviorSearch/Step6_Trial""","true","0.30000000000000004","1","5","1","true","true","""1703950987""","0.15549021018426867","0.15549021018426867","0.15549021018426867","0","0.15549021018426867"
"1","442","476","1000","1","""HK""","0.01","false","""normal""","1","""constant""","0.2","""Scale-free""","1","0","1","""uniform""","""deterministic-normal""","35","-0.3999999999999999","0.1","""normal""","0","0.7000000000000001","false","""/home/ramaswamy.51/Documents/github/Spirals/Media/data/cluster/endsim/BehaviorSearch/Step6_Trial""","true","0.30000000000000004","1","5","1","true","true","""-947209705""","0.17281439784204636","0.17281439784204636","0.17281439784204636","0","0.17281439784204636"
"1","443","476","1000","1","""HK""","0.01","false","""normal""","1","""constant""","0.2","""Scale-free""","1","0","1","""uniform""","""deterministic-normal""","35","-0.3999999999999999","0.1","""normal""","0","0.7000000000000001","false","""/home/ramaswamy.51/Documents/github/Spirals/Media/data/cluster/endsim/BehaviorSearch/Step6_Trial""","true","0.30000000000000004","1","5","1","true","true","""-2094515448""","0.1415543844627007","0.1415543844627007","0.1415543844627007","0","0.1415543844627007"
"1","444","476","1000","1","""HK""","0.01","false","""normal""","1","""constant""","0.2","""Scale-free""","1","0","1","""uniform""","""deterministic-normal""","35","-0.3999999999999999","0.1","""normal""","0","0.7000000000000001","false","""/home/ramaswamy.51/Documents/github/Spirals/Media/data/cluster/endsim/BehaviorSearch/Step6_Trial""","true","0.30000000000000004","1","5","1","true","true","""326841317""","0.16015597259140815","0.16015597259140815","0.16015597259140815","0","0.16015597259140815"
"1","445","480","1000","1","""HK""","0.03","false","""normal""","1","""constant""","0.1","""Scale-free""","1","0","1","""uniform""","""deterministic-normal""","40","-0.3999999999999999","0.2","""normal""","0","0.6000000000000001","false","""/home/ramaswamy.51/Documents/github/Spirals/Media/data/cluster/endsim/BehaviorSearch/Step6_Trial""","true","0.4","1","6","1","true","true","""-1568420951""","0.1233874836218125","0.1233874836218125","0.1233874836218125","0","0.1233874836218125"
"1","446","480","1000","1","""HK""","0.03","false","""normal""","1","""constant""","0.1","""Scale-free""","1","0","1","""uniform""","""deterministic-normal""","40","-0.3999999999999999","0.2","""normal""","0","0.6000000000000001","false","""/home/ramaswamy.51/Documents/github/Spirals/Media/data/cluster/endsim/BehaviorSearch/Step6_Trial""","true","0.4","1","6","1","true","true","""-1068097279""","0.11941192177997213","0.11941192177997213","0.11941192177997213","0","0.11941192177997213"
"1","447","480","1000","1","""HK""","0.03","false","""normal""","1","""constant""","0.1","""Scale-free""","1","0","1","""uniform""","""deterministic-normal""","40","-0.3999999999999999","0.2","""normal""","0","0.6000000000000001","false","""/home/ramaswamy.51/Documents/github/Spirals/Media/data/cluster/endsim/BehaviorSearch/Step6_Trial""","true","0.4","1","6","1","true","true","""1630987362""","0.11484276820829166","0.11484276820829166","0.11484276820829166","0","0.11484276820829166"
"1","448","480","1000","1","""HK""","0.03","false","""normal""","1","""constant""","0.1","""Scale-free""","1","0","1","""uniform""","""deterministic-normal""","40","-0.3999999999999999","0.2","""normal""","0","0.6000000000000001","false","""/home/ramaswamy.51/Documents/github/Spirals/Media/data/cluster/endsim/BehaviorSearch/Step6_Trial""","true","0.4","1","6","1","true","true","""422324924""","0.10939938904093585","0.10939938904093585","0.10939938904093585","0","0.10939938904093585"
"1","449","484","1000","1","""HK""","0.01","false","""normal""","1","""constant""","0.1","""Scale-free""","1","0","1","""uniform""","""deterministic-normal""","40","-0.5","0.2","""normal""","0","0.8","false","""/home/ramaswamy.51/Documents/github/Spirals/Media/data/cluster/endsim/BehaviorSearch/Step6_Trial""","true","0.30000000000000004","1","5","1","true","true","""-457162103""","0.11744493570972833","0.11744493570972833","0.11744493570972833","0","0.11744493570972833"
"1","450","484","1000","1","""HK""","0.01","false","""normal""","1","""constant""","0.1","""Scale-free""","1","0","1","""uniform""","""deterministic-normal""","40","-0.5","0.2","""normal""","0","0.8","false","""/home/ramaswamy.51/Documents/github/Spirals/Media/data/cluster/endsim/BehaviorSearch/Step6_Trial""","true","0.30000000000000004","1","5","1","true","true","""663707792""","0.12723013693178248","0.12723013693178248","0.12723013693178248","0","0.12723013693178248"
"1","451","484","1000","1","""HK""","0.01","false","""normal""","1","""constant""","0.1","""Scale-free""","1","0","1","""uniform""","""deterministic-normal""","40","-0.5","0.2","""normal""","0","0.8","false","""/home/ramaswamy.51/Documents/github/Spirals/Media/data/cluster/endsim/BehaviorSearch/Step6_Trial""","true","0.30000000000000004","1","5","1","true","true","""684725028""","0.10177355189552809","0.10177355189552809","0.10177355189552809","0","0.10177355189552809"
"1","452","484","1000","1","""HK""","0.01","false","""normal""","1","""constant""","0.1","""Scale-free""","1","0","1","""uniform""","""deterministic-normal""","40","-0.5","0.2","""normal""","0","0.8","false","""/home/ramaswamy.51/Documents/github/Spirals/Media/data/cluster/endsim/BehaviorSearch/Step6_Trial""","true","0.30000000000000004","1","5","1","true","true","""1283871662""","0.09083465867445346","0.09083465867445346","0.09083465867445346","0","0.09083465867445346"
"1","453","488","1000","1","""HK""","0.05","false","""normal""","1","""constant""","0.1","""Scale-free""","1","0","1","""uniform""","""deterministic-normal""","40","-0.5","0","""normal""","-0.29999999999999993","1","false","""/home/ramaswamy.51/Documents/github/Spirals/Media/data/cluster/endsim/BehaviorSearch/Step6_Trial""","true","0.30000000000000004","1","4","1","true","true","""-726835309""","0.12333889598837577","0.12333889598837577","0.12333889598837577","0","0.12333889598837577"
"1","454","488","1000","1","""HK""","0.05","false","""normal""","1","""constant""","0.1","""Scale-free""","1","0","1","""uniform""","""deterministic-normal""","40","-0.5","0","""normal""","-0.29999999999999993","1","false","""/home/ramaswamy.51/Documents/github/Spirals/Media/data/cluster/endsim/BehaviorSearch/Step6_Trial""","true","0.30000000000000004","1","4","1","true","true","""1069938529""","0.10740083186962668","0.10740083186962668","0.10740083186962668","0","0.10740083186962668"
"1","455","488","1000","1","""HK""","0.05","false","""normal""","1","""constant""","0.1","""Scale-free""","1","0","1","""uniform""","""deterministic-normal""","40","-0.5","0","""normal""","-0.29999999999999993","1","false","""/home/ramaswamy.51/Documents/github/Spirals/Media/data/cluster/endsim/BehaviorSearch/Step6_Trial""","true","0.30000000000000004","1","4","1","true","true","""-925209251""","0.10991586879278502","0.10991586879278502","0.10991586879278502","0","0.10991586879278502"
"1","456","488","1000","1","""HK""","0.05","false","""normal""","1","""constant""","0.1","""Scale-free""","1","0","1","""uniform""","""deterministic-normal""","40","-0.5","0","""normal""","-0.29999999999999993","1","false","""/home/ramaswamy.51/Documents/github/Spirals/Media/data/cluster/endsim/BehaviorSearch/Step6_Trial""","true","0.30000000000000004","1","4","1","true","true","""-1989551629""","0.09691067425840658","0.09691067425840658","0.09691067425840658","0","0.09691067425840658"
"1","457","492","1000","1","""HK""","0.03","false","""normal""","1","""constant""","0.1","""Scale-free""","1","0","1","""uniform""","""deterministic-normal""","40","-0.6","0.2","""normal""","-0.09999999999999998","0.9","false","""/home/ramaswamy.51/Documents/github/Spirals/Media/data/cluster/endsim/BehaviorSearch/Step6_Trial""","true","0.4","1","8","0.8","true","true","""1007964817""","0.0985751865888909","0.0985751865888909","0.0985751865888909","0","0.0985751865888909"
"1","458","492","1000","1","""HK""","0.03","false","""normal""","1","""constant""","0.1","""Scale-free""","1","0","1","""uniform""","""deterministic-normal""","40","-0.6","0.2","""normal""","-0.09999999999999998","0.9","false","""/home/ramaswamy.51/Documents/github/Spirals/Media/data/cluster/endsim/BehaviorSearch/Step6_Trial""","true","0.4","1","8","0.8","true","true","""615746076""","0.11925514409720037","0.11925514409720037","0.11925514409720037","0","0.11925514409720037"
"1","459","492","1000","1","""HK""","0.03","false","""normal""","1","""constant""","0.1","""Scale-free""","1","0","1","""uniform""","""deterministic-normal""","40","-0.6","0.2","""normal""","-0.09999999999999998","0.9","false","""/home/ramaswamy.51/Documents/github/Spirals/Media/data/cluster/endsim/BehaviorSearch/Step6_Trial""","true","0.4","1","8","0.8","true","true","""1043906745""","0.09850140794972327","0.09850140794972327","0.09850140794972327","0","0.09850140794972327"
"1","460","492","1000","1","""HK""","0.03","false","""normal""","1","""constant""","0.1","""Scale-free""","1","0","1","""uniform""","""deterministic-normal""","40","-0.6","0.2","""normal""","-0.09999999999999998","0.9","false","""/home/ramaswamy.51/Documents/github/Spirals/Media/data/cluster/endsim/BehaviorSearch/Step6_Trial""","true","0.4","1","8","0.8","true","true","""-158108652""","0.11621387670644223","0.11621387670644223","0.11621387670644223","0","0.11621387670644223"
"1","461","496","1000","1","""HK""","0.06999999999999999","false","""normal""","1","""constant""","0.1","""Scale-free""","1","0","1","""uniform""","""deterministic-normal""","40","-0.3999999999999999","0.2","""normal""","0","0.6000000000000001","false","""/home/ramaswamy.51/Documents/github/Spirals/Media/data/cluster/endsim/BehaviorSearch/Step6_Trial""","true","0.30000000000000004","1","5","1","true","true","""-272465994""","0.13079478535576214","0.13079478535576214","0.13079478535576214","0","0.13079478535576214"
"1","462","496","1000","1","""HK""","0.06999999999999999","false","""normal""","1","""constant""","0.1","""Scale-free""","1","0","1","""uniform""","""deterministic-normal""","40","-0.3999999999999999","0.2","""normal""","0","0.6000000000000001","false","""/home/ramaswamy.51/Documents/github/Spirals/Media/data/cluster/endsim/BehaviorSearch/Step6_Trial""","true","0.30000000000000004","1","5","1","true","true","""-475384961""","0.12996208022120223","0.12996208022120223","0.12996208022120223","0","0.12996208022120223"
"1","463","496","1000","1","""HK""","0.06999999999999999","false","""normal""","1","""constant""","0.1","""Scale-free""","1","0","1","""uniform""","""deterministic-normal""","40","-0.3999999999999999","0.2","""normal""","0","0.6000000000000001","false","""/home/ramaswamy.51/Documents/github/Spirals/Media/data/cluster/endsim/BehaviorSearch/Step6_Trial""","true","0.30000000000000004","1","5","1","true","true","""-881943220""","0.1313698966660772","0.1313698966660772","0.1313698966660772","0","0.1313698966660772"
"1","464","496","1000","1","""HK""","0.06999999999999999","false","""normal""","1","""constant""","0.1","""Scale-free""","1","0","1","""uniform""","""deterministic-normal""","40","-0.3999999999999999","0.2","""normal""","0","0.6000000000000001","false","""/home/ramaswamy.51/Documents/github/Spirals/Media/data/cluster/endsim/BehaviorSearch/Step6_Trial""","true","0.30000000000000004","1","5","1","true","true","""2020694310""","0.1213817500611871","0.1213817500611871","0.1213817500611871","0","0.1213817500611871"
"1","465","500","1000","1","""HK""","0.03","false","""normal""","1","""constant""","0.1","""Scale-free""","1","0","1","""uniform""","""deterministic-normal""","40","-0.6","0.2","""normal""","0","0.9","false","""/home/ramaswamy.51/Documents/github/Spirals/Media/data/cluster/endsim/BehaviorSearch/Step6_Trial""","true","0.30000000000000004","1","6","0.8","true","true","""-131242469""","0.09693167296989504","0.09693167296989504","0.09693167296989504","0","0.09693167296989504"
"1","466","500","1000","1","""HK""","0.03","false","""normal""","1","""constant""","0.1","""Scale-free""","1","0","1","""uniform""","""deterministic-normal""","40","-0.6","0.2","""normal""","0","0.9","false","""/home/ramaswamy.51/Documents/github/Spirals/Media/data/cluster/endsim/BehaviorSearch/Step6_Trial""","true","0.30000000000000004","1","6","0.8","true","true","""-1507071490""","0.11226558508694029","0.11226558508694029","0.11226558508694029","0","0.11226558508694029"
"1","467","500","1000","1","""HK""","0.03","false","""normal""","1","""constant""","0.1","""Scale-free""","1","0","1","""uniform""","""deterministic-normal""","40","-0.6","0.2","""normal""","0","0.9","false","""/home/ramaswamy.51/Documents/github/Spirals/Media/data/cluster/endsim/BehaviorSearch/Step6_Trial""","true","0.30000000000000004","1","6","0.8","true","true","""1034070634""","0.08998548561348846","0.08998548561348846","0.08998548561348846","0","0.08998548561348846"
"1","468","500","1000","1","""HK""","0.03","false","""normal""","1","""constant""","0.1","""Scale-free""","1","0","1","""uniform""","""deterministic-normal""","40","-0.6","0.2","""normal""","0","0.9","false","""/home/ramaswamy.51/Documents/github/Spirals/Media/data/cluster/endsim/BehaviorSearch/Step6_Trial""","true","0.30000000000000004","1","6","0.8","true","true","""1511181750""","0.10250218019646055","0.10250218019646055","0.10250218019646055","0","0.10250218019646055"
"1","469","504","1000","1","""HK""","0.03","false","""normal""","1","""constant""","0.1","""Scale-free""","1","0","1","""uniform""","""deterministic-normal""","40","-0.6","0.1","""normal""","0.10000000000000009","0.6000000000000001","false","""/home/ramaswamy.51/Documents/github/Spirals/Media/data/cluster/endsim/BehaviorSearch/Step6_Trial""","true","0.2","1","8","0.40000000000000013","true","true","""543125847""","0.11724820012680325","0.11724820012680325","0.11724820012680325","0","0.11724820012680325"
"1","470","504","1000","1","""HK""","0.03","false","""normal""","1","""constant""","0.1","""Scale-free""","1","0","1","""uniform""","""deterministic-normal""","40","-0.6","0.1","""normal""","0.10000000000000009","0.6000000000000001","false","""/home/ramaswamy.51/Documents/github/Spirals/Media/data/cluster/endsim/BehaviorSearch/Step6_Trial""","true","0.2","1","8","0.40000000000000013","true","true","""235701694""","0.13285915144248012","0.13285915144248012","0.13285915144248012","0","0.13285915144248012"
"1","471","504","1000","1","""HK""","0.03","false","""normal""","1","""constant""","0.1","""Scale-free""","1","0","1","""uniform""","""deterministic-normal""","40","-0.6","0.1","""normal""","0.10000000000000009","0.6000000000000001","false","""/home/ramaswamy.51/Documents/github/Spirals/Media/data/cluster/endsim/BehaviorSearch/Step6_Trial""","true","0.2","1","8","0.40000000000000013","true","true","""848814220""","0.1334431942118622","0.1334431942118622","0.1334431942118622","0","0.1334431942118622"
"1","472","504","1000","1","""HK""","0.03","false","""normal""","1","""constant""","0.1","""Scale-free""","1","0","1","""uniform""","""deterministic-normal""","40","-0.6","0.1","""normal""","0.10000000000000009","0.6000000000000001","false","""/home/ramaswamy.51/Documents/github/Spirals/Media/data/cluster/endsim/BehaviorSearch/Step6_Trial""","true","0.2","1","8","0.40000000000000013","true","true","""1861477779""","0.09036499383659036","0.09036499383659036","0.09036499383659036","0","0.09036499383659036"
"1","473","508","1000","1","""HK""","0.03","false","""normal""","1","""constant""","0.1","""Scale-free""","2","0","1","""uniform""","""deterministic-normal""","40","-0.5","0.1","""normal""","0","0.8","false","""/home/ramaswamy.51/Documents/github/Spirals/Media/data/cluster/endsim/BehaviorSearch/Step6_Trial""","true","0.30000000000000004","1","5","1","true","true","""34789006""","0.08481624858163529","0.08481624858163529","0.08481624858163529","0","0.08481624858163529"
"1","474","508","1000","1","""HK""","0.03","false","""normal""","1","""constant""","0.1","""Scale-free""","2","0","1","""uniform""","""deterministic-normal""","40","-0.5","0.1","""normal""","0","0.8","false","""/home/ramaswamy.51/Documents/github/Spirals/Media/data/cluster/endsim/BehaviorSearch/Step6_Trial""","true","0.30000000000000004","1","5","1","true","true","""1510974013""","0.09647711377844798","0.09647711377844798","0.09647711377844798","0","0.09647711377844798"
"1","475","508","1000","1","""HK""","0.03","false","""normal""","1","""constant""","0.1","""Scale-free""","2","0","1","""uniform""","""deterministic-normal""","40","-0.5","0.1","""normal""","0","0.8","false","""/home/ramaswamy.51/Documents/github/Spirals/Media/data/cluster/endsim/BehaviorSearch/Step6_Trial""","true","0.30000000000000004","1","5","1","true","true","""-1998145869""","0.11620412938925463","0.11620412938925463","0.11620412938925463","0","0.11620412938925463"
"1","476","508","1000","1","""HK""","0.03","false","""normal""","1","""constant""","0.1","""Scale-free""","2","0","1","""uniform""","""deterministic-normal""","40","-0.5","0.1","""normal""","0","0.8","false","""/home/ramaswamy.51/Documents/github/Spirals/Media/data/cluster/endsim/BehaviorSearch/Step6_Trial""","true","0.30000000000000004","1","5","1","true","true","""-82060526""","0.08769347105258453","0.08769347105258453","0.08769347105258453","0","0.08769347105258453"
"1","477","520","1000","1","""HK""","0.01","false","""normal""","1","""constant""","0.1","""Scale-free""","1","0","1","""uniform""","""deterministic-normal""","40","-0.3999999999999999","0.2","""normal""","0","0.9","false","""/home/ramaswamy.51/Documents/github/Spirals/Media/data/cluster/endsim/BehaviorSearch/Step6_Trial""","true","0.30000000000000004","0.9","6","0.8","true","true","""12013540""","0.12212252842047283","0.12212252842047283","0.12212252842047283","0","0.12212252842047283"
"1","478","520","1000","1","""HK""","0.01","false","""normal""","1","""constant""","0.1","""Scale-free""","1","0","1","""uniform""","""deterministic-normal""","40","-0.3999999999999999","0.2","""normal""","0","0.9","false","""/home/ramaswamy.51/Documents/github/Spirals/Media/data/cluster/endsim/BehaviorSearch/Step6_Trial""","true","0.30000000000000004","0.9","6","0.8","true","true","""1305079812""","0.10998567857042102","0.10998567857042102","0.10998567857042102","0","0.10998567857042102"
"1","479","520","1000","1","""HK""","0.01","false","""normal""","1","""constant""","0.1","""Scale-free""","1","0","1","""uniform""","""deterministic-normal""","40","-0.3999999999999999","0.2","""normal""","0","0.9","false","""/home/ramaswamy.51/Documents/github/Spirals/Media/data/cluster/endsim/BehaviorSearch/Step6_Trial""","true","0.30000000000000004","0.9","6","0.8","true","true","""255311898""","0.0890996277103624","0.0890996277103624","0.0890996277103624","0","0.0890996277103624"
"1","480","520","1000","1","""HK""","0.01","false","""normal""","1","""constant""","0.1","""Scale-free""","1","0","1","""uniform""","""deterministic-normal""","40","-0.3999999999999999","0.2","""normal""","0","0.9","false","""/home/ramaswamy.51/Documents/github/Spirals/Media/data/cluster/endsim/BehaviorSearch/Step6_Trial""","true","0.30000000000000004","0.9","6","0.8","true","true","""-1869086579""","0.11878969701439657","0.11878969701439657","0.11878969701439657","0","0.11878969701439657"
"1","481","524","1000","1","""HK""","0.03","false","""normal""","1","""constant""","0.1","""Scale-free""","2","0","1","""uniform""","""deterministic-normal""","40","-0.5","0.1","""normal""","0","0.8","false","""/home/ramaswamy.51/Documents/github/Spirals/Media/data/cluster/endsim/BehaviorSearch/Step6_Trial""","true","0.30000000000000004","0.9","5","1","true","true","""1047657197""","0.0865418748455761","0.0865418748455761","0.0865418748455761","0","0.0865418748455761"
"1","482","524","1000","1","""HK""","0.03","false","""normal""","1","""constant""","0.1","""Scale-free""","2","0","1","""uniform""","""deterministic-normal""","40","-0.5","0.1","""normal""","0","0.8","false","""/home/ramaswamy.51/Documents/github/Spirals/Media/data/cluster/endsim/BehaviorSearch/Step6_Trial""","true","0.30000000000000004","0.9","5","1","true","true","""873554847""","0.08856168035045917","0.08856168035045917","0.08856168035045917","0","0.08856168035045917"
"1","483","524","1000","1","""HK""","0.03","false","""normal""","1","""constant""","0.1","""Scale-free""","2","0","1","""uniform""","""deterministic-normal""","40","-0.5","0.1","""normal""","0","0.8","false","""/home/ramaswamy.51/Documents/github/Spirals/Media/data/cluster/endsim/BehaviorSearch/Step6_Trial""","true","0.30000000000000004","0.9","5","1","true","true","""253451097""","0.09933005245818353","0.09933005245818353","0.09933005245818353","0","0.09933005245818353"
"1","484","524","1000","1","""HK""","0.03","false","""normal""","1","""constant""","0.1","""Scale-free""","2","0","1","""uniform""","""deterministic-normal""","40","-0.5","0.1","""normal""","0","0.8","false","""/home/ramaswamy.51/Documents/github/Spirals/Media/data/cluster/endsim/BehaviorSearch/Step6_Trial""","true","0.30000000000000004","0.9","5","1","true","true","""1460485109""","0.10263678744047947","0.10263678744047947","0.10263678744047947","0","0.10263678744047947"
"1","485","528","1000","1","""HK""","0.01","false","""normal""","1","""constant""","0.1","""Scale-free""","1","0","1","""uniform""","""deterministic-normal""","40","-0.5","0.2","""normal""","0.10000000000000009","0.8","false","""/home/ramaswamy.51/Documents/github/Spirals/Media/data/cluster/endsim/BehaviorSearch/Step6_Trial""","true","0.30000000000000004","1","4","1","true","true","""-1750393796""","0.10451828747847235","0.10451828747847235","0.10451828747847235","0","0.10451828747847235"
"1","486","528","1000","1","""HK""","0.01","false","""normal""","1","""constant""","0.1","""Scale-free""","1","0","1","""uniform""","""deterministic-normal""","40","-0.5","0.2","""normal""","0.10000000000000009","0.8","false","""/home/ramaswamy.51/Documents/github/Spirals/Media/data/cluster/endsim/BehaviorSearch/Step6_Trial""","true","0.30000000000000004","1","4","1","true","true","""1364590350""","0.0900767905480607","0.0900767905480607","0.0900767905480607","0","0.0900767905480607"
"1","487","528","1000","1","""HK""","0.01","false","""normal""","1","""constant""","0.1","""Scale-free""","1","0","1","""uniform""","""deterministic-normal""","40","-0.5","0.2","""normal""","0.10000000000000009","0.8","false","""/home/ramaswamy.51/Documents/github/Spirals/Media/data/cluster/endsim/BehaviorSearch/Step6_Trial""","true","0.30000000000000004","1","4","1","true","true","""506704776""","0.12393588681711493","0.12393588681711493","0.12393588681711493","0","0.12393588681711493"
"1","488","528","1000","1","""HK""","0.01","false","""normal""","1","""constant""","0.1","""Scale-free""","1","0","1","""uniform""","""deterministic-normal""","40","-0.5","0.2","""normal""","0.10000000000000009","0.8","false","""/home/ramaswamy.51/Documents/github/Spirals/Media/data/cluster/endsim/BehaviorSearch/Step6_Trial""","true","0.30000000000000004","1","4","1","true","true","""1855190753""","0.12530681125524953","0.12530681125524953","0.12530681125524953","0","0.12530681125524953"
"1","489","532","1000","1","""HK""","0.03","false","""normal""","1","""constant""","0.1","""Scale-free""","2","0","1","""uniform""","""deterministic-normal""","40","-0.3999999999999999","0.2","""normal""","0","0.9","false","""/home/ramaswamy.51/Documents/github/Spirals/Media/data/cluster/endsim/BehaviorSearch/Step6_Trial""","true","0.4","1","6","0.8","true","true","""-233040935""","0.10504841693952466","0.10504841693952466","0.10504841693952466","0","0.10504841693952466"
"1","490","532","1000","1","""HK""","0.03","false","""normal""","1","""constant""","0.1","""Scale-free""","2","0","1","""uniform""","""deterministic-normal""","40","-0.3999999999999999","0.2","""normal""","0","0.9","false","""/home/ramaswamy.51/Documents/github/Spirals/Media/data/cluster/endsim/BehaviorSearch/Step6_Trial""","true","0.4","1","6","0.8","true","true","""1853268605""","0.09570778017836234","0.09570778017836234","0.09570778017836234","0","0.09570778017836234"
"1","491","532","1000","1","""HK""","0.03","false","""normal""","1","""constant""","0.1","""Scale-free""","2","0","1","""uniform""","""deterministic-normal""","40","-0.3999999999999999","0.2","""normal""","0","0.9","false","""/home/ramaswamy.51/Documents/github/Spirals/Media/data/cluster/endsim/BehaviorSearch/Step6_Trial""","true","0.4","1","6","0.8","true","true","""107862934""","0.0902415237960977","0.0902415237960977","0.0902415237960977","0","0.0902415237960977"
"1","492","532","1000","1","""HK""","0.03","false","""normal""","1","""constant""","0.1","""Scale-free""","2","0","1","""uniform""","""deterministic-normal""","40","-0.3999999999999999","0.2","""normal""","0","0.9","false","""/home/ramaswamy.51/Documents/github/Spirals/Media/data/cluster/endsim/BehaviorSearch/Step6_Trial""","true","0.4","1","6","0.8","true","true","""1747332085""","0.11339908463135229","0.11339908463135229","0.11339908463135229","0","0.11339908463135229"
"1","493","536","1000","1","""HK""","0.01","false","""normal""","1","""constant""","0.1","""Scale-free""","1","0","1","""uniform""","""deterministic-normal""","40","-0.5","0.2","""normal""","0","0.8","false","""/home/ramaswamy.51/Documents/github/Spirals/Media/data/cluster/endsim/BehaviorSearch/Step6_Trial""","true","0.30000000000000004","1","6","0.8","true","true","""274102511""","0.10280292972300807","0.10280292972300807","0.10280292972300807","0","0.10280292972300807"
"1","494","536","1000","1","""HK""","0.01","false","""normal""","1","""constant""","0.1","""Scale-free""","1","0","1","""uniform""","""deterministic-normal""","40","-0.5","0.2","""normal""","0","0.8","false","""/home/ramaswamy.51/Documents/github/Spirals/Media/data/cluster/endsim/BehaviorSearch/Step6_Trial""","true","0.30000000000000004","1","6","0.8","true","true","""2051479692""","0.1179920756994017","0.1179920756994017","0.1179920756994017","0","0.1179920756994017"
"1","495","536","1000","1","""HK""","0.01","false","""normal""","1","""constant""","0.1","""Scale-free""","1","0","1","""uniform""","""deterministic-normal""","40","-0.5","0.2","""normal""","0","0.8","false","""/home/ramaswamy.51/Documents/github/Spirals/Media/data/cluster/endsim/BehaviorSearch/Step6_Trial""","true","0.30000000000000004","1","6","0.8","true","true","""-866351962""","0.10311813390939012","0.10311813390939012","0.10311813390939012","0","0.10311813390939012"
"1","496","536","1000","1","""HK""","0.01","false","""normal""","1","""constant""","0.1","""Scale-free""","1","0","1","""uniform""","""deterministic-normal""","40","-0.5","0.2","""normal""","0","0.8","false","""/home/ramaswamy.51/Documents/github/Spirals/Media/data/cluster/endsim/BehaviorSearch/Step6_Trial""","true","0.30000000000000004","1","6","0.8","true","true","""-1044979533""","0.11172865393044443","0.11172865393044443","0.11172865393044443","0","0.11172865393044443"
"1","497","540","1000","1","""HK""","0.01","false","""normal""","1","""constant""","0.1","""Scale-free""","2","0","1","""uniform""","""deterministic-normal""","40","-0.3999999999999999","0.2","""normal""","0","0.9","false","""/home/ramaswamy.51/Documents/github/Spirals/Media/data/cluster/endsim/BehaviorSearch/Step6_Trial""","true","0.4","1","5","0.8","true","true","""1790417352""","0.11125213933066884","0.11125213933066884","0.11125213933066884","0","0.11125213933066884"
"1","498","540","1000","1","""HK""","0.01","false","""normal""","1","""constant""","0.1","""Scale-free""","2","0","1","""uniform""","""deterministic-normal""","40","-0.3999999999999999","0.2","""normal""","0","0.9","false","""/home/ramaswamy.51/Documents/github/Spirals/Media/data/cluster/endsim/BehaviorSearch/Step6_Trial""","true","0.4","1","5","0.8","true","true","""-942434231""","0.12733598230704174","0.12733598230704174","0.12733598230704174","0","0.12733598230704174"
"1","499","540","1000","1","""HK""","0.01","false","""normal""","1","""constant""","0.1","""Scale-free""","2","0","1","""uniform""","""deterministic-normal""","40","-0.3999999999999999","0.2","""normal""","0","0.9","false","""/home/ramaswamy.51/Documents/github/Spirals/Media/data/cluster/endsim/BehaviorSearch/Step6_Trial""","true","0.4","1","5","0.8","true","true","""-1845698787""","0.1245558449156664","0.1245558449156664","0.1245558449156664","0","0.1245558449156664"
"1","500","540","1000","1","""HK""","0.01","false","""normal""","1","""constant""","0.1","""Scale-free""","2","0","1","""uniform""","""deterministic-normal""","40","-0.3999999999999999","0.2","""normal""","0","0.9","false","""/home/ramaswamy.51/Documents/github/Spirals/Media/data/cluster/endsim/BehaviorSearch/Step6_Trial""","true","0.4","1","5","0.8","true","true","""-1496777609""","0.11718152722450947","0.11718152722450947","0.11718152722450947","0","0.11718152722450947"
"1","501","544","1000","1","""HK""","0.02","false","""normal""","1","""constant""","0.1","""Scale-free""","1","0","1","""uniform""","""deterministic-normal""","40","-0.29999999999999993","0.2","""normal""","0","0.9","false","""/home/ramaswamy.51/Documents/github/Spirals/Media/data/cluster/endsim/BehaviorSearch/Step6_Trial""","true","0.4","1","6","0.8","true","true","""901192652""","0.1163198799854766","0.1163198799854766","0.1163198799854766","0","0.1163198799854766"
"1","502","544","1000","1","""HK""","0.02","false","""normal""","1","""constant""","0.1","""Scale-free""","1","0","1","""uniform""","""deterministic-normal""","40","-0.29999999999999993","0.2","""normal""","0","0.9","false","""/home/ramaswamy.51/Documents/github/Spirals/Media/data/cluster/endsim/BehaviorSearch/Step6_Trial""","true","0.4","1","6","0.8","true","true","""726159226""","0.10037089030184902","0.10037089030184902","0.10037089030184902","0","0.10037089030184902"
"1","503","544","1000","1","""HK""","0.02","false","""normal""","1","""constant""","0.1","""Scale-free""","1","0","1","""uniform""","""deterministic-normal""","40","-0.29999999999999993","0.2","""normal""","0","0.9","false","""/home/ramaswamy.51/Documents/github/Spirals/Media/data/cluster/endsim/BehaviorSearch/Step6_Trial""","true","0.4","1","6","0.8","true","true","""-11624350""","0.12144949241950535","0.12144949241950535","0.12144949241950535","0","0.12144949241950535"
"1","504","544","1000","1","""HK""","0.02","false","""normal""","1","""constant""","0.1","""Scale-free""","1","0","1","""uniform""","""deterministic-normal""","40","-0.29999999999999993","0.2","""normal""","0","0.9","false","""/home/ramaswamy.51/Documents/github/Spirals/Media/data/cluster/endsim/BehaviorSearch/Step6_Trial""","true","0.4","1","6","0.8","true","true","""798374744""","0.11558625393619018","0.11558625393619018","0.11558625393619018","0","0.11558625393619018"
"1","505","548","1000","1","""HK""","0.03","false","""normal""","1","""constant""","0.1","""Scale-free""","3","0","1","""uniform""","""deterministic-normal""","40","-0.5","0.1","""normal""","0","0.9","false","""/home/ramaswamy.51/Documents/github/Spirals/Media/data/cluster/endsim/BehaviorSearch/Step6_Trial""","true","0.30000000000000004","0.9","5","0.9000000000000001","true","true","""588387666""","0.09838162237217006","0.09838162237217006","0.09838162237217006","0","0.09838162237217006"
"1","506","548","1000","1","""HK""","0.03","false","""normal""","1","""constant""","0.1","""Scale-free""","3","0","1","""uniform""","""deterministic-normal""","40","-0.5","0.1","""normal""","0","0.9","false","""/home/ramaswamy.51/Documents/github/Spirals/Media/data/cluster/endsim/BehaviorSearch/Step6_Trial""","true","0.30000000000000004","0.9","5","0.9000000000000001","true","true","""1352322461""","0.09746500237655763","0.09746500237655763","0.09746500237655763","0","0.09746500237655763"
"1","507","548","1000","1","""HK""","0.03","false","""normal""","1","""constant""","0.1","""Scale-free""","3","0","1","""uniform""","""deterministic-normal""","40","-0.5","0.1","""normal""","0","0.9","false","""/home/ramaswamy.51/Documents/github/Spirals/Media/data/cluster/endsim/BehaviorSearch/Step6_Trial""","true","0.30000000000000004","0.9","5","0.9000000000000001","true","true","""1320651546""","0.08204090324230996","0.08204090324230996","0.08204090324230996","0","0.08204090324230996"
"1","508","548","1000","1","""HK""","0.03","false","""normal""","1","""constant""","0.1","""Scale-free""","3","0","1","""uniform""","""deterministic-normal""","40","-0.5","0.1","""normal""","0","0.9","false","""/home/ramaswamy.51/Documents/github/Spirals/Media/data/cluster/endsim/BehaviorSearch/Step6_Trial""","true","0.30000000000000004","0.9","5","0.9000000000000001","true","true","""-753501107""","0.09858936406895198","0.09858936406895198","0.09858936406895198","0","0.09858936406895198"
"1","509","552","1000","1","""HK""","0.03","false","""normal""","1","""constant""","0.1","""Scale-free""","2","0","1","""uniform""","""deterministic-normal""","45","-0.5","0.1","""normal""","0","0.8","false","""/home/ramaswamy.51/Documents/github/Spirals/Media/data/cluster/endsim/BehaviorSearch/Step6_Trial""","true","0.2","1","5","1","true","true","""1569003446""","0.10584778337995651","0.10584778337995651","0.10584778337995651","0","0.10584778337995651"
"1","510","552","1000","1","""HK""","0.03","false","""normal""","1","""constant""","0.1","""Scale-free""","2","0","1","""uniform""","""deterministic-normal""","45","-0.5","0.1","""normal""","0","0.8","false","""/home/ramaswamy.51/Documents/github/Spirals/Media/data/cluster/endsim/BehaviorSearch/Step6_Trial""","true","0.2","1","5","1","true","true","""-1002785748""","0.10179225814897885","0.10179225814897885","0.10179225814897885","0","0.10179225814897885"
"1","511","552","1000","1","""HK""","0.03","false","""normal""","1","""constant""","0.1","""Scale-free""","2","0","1","""uniform""","""deterministic-normal""","45","-0.5","0.1","""normal""","0","0.8","false","""/home/ramaswamy.51/Documents/github/Spirals/Media/data/cluster/endsim/BehaviorSearch/Step6_Trial""","true","0.2","1","5","1","true","true","""-180907509""","0.10752830892347402","0.10752830892347402","0.10752830892347402","0","0.10752830892347402"
"1","512","552","1000","1","""HK""","0.03","false","""normal""","1","""constant""","0.1","""Scale-free""","2","0","1","""uniform""","""deterministic-normal""","45","-0.5","0.1","""normal""","0","0.8","false","""/home/ramaswamy.51/Documents/github/Spirals/Media/data/cluster/endsim/BehaviorSearch/Step6_Trial""","true","0.2","1","5","1","true","true","""1260271117""","0.10983609519730998","0.10983609519730998","0.10983609519730998","0","0.10983609519730998"
"1","513","556","1000","1","""HK""","0.05","false","""normal""","1","""constant""","0.1","""Scale-free""","2","0","1","""uniform""","""deterministic-normal""","40","-0.8","0","""normal""","0","0.9","false","""/home/ramaswamy.51/Documents/github/Spirals/Media/data/cluster/endsim/BehaviorSearch/Step6_Trial""","true","0.30000000000000004","0.9","4","0.9000000000000001","true","true","""-420957981""","0.08153838028276647","0.08153838028276647","0.08153838028276647","0","0.08153838028276647"
"1","514","556","1000","1","""HK""","0.05","false","""normal""","1","""constant""","0.1","""Scale-free""","2","0","1","""uniform""","""deterministic-normal""","40","-0.8","0","""normal""","0","0.9","false","""/home/ramaswamy.51/Documents/github/Spirals/Media/data/cluster/endsim/BehaviorSearch/Step6_Trial""","true","0.30000000000000004","0.9","4","0.9000000000000001","true","true","""48467782""","0.09074988470225374","0.09074988470225374","0.09074988470225374","0","0.09074988470225374"
"1","515","556","1000","1","""HK""","0.05","false","""normal""","1","""constant""","0.1","""Scale-free""","2","0","1","""uniform""","""deterministic-normal""","40","-0.8","0","""normal""","0","0.9","false","""/home/ramaswamy.51/Documents/github/Spirals/Media/data/cluster/endsim/BehaviorSearch/Step6_Trial""","true","0.30000000000000004","0.9","4","0.9000000000000001","true","true","""1872052814""","0.079371949971139","0.079371949971139","0.079371949971139","0","0.079371949971139"
"1","516","556","1000","1","""HK""","0.05","false","""normal""","1","""constant""","0.1","""Scale-free""","2","0","1","""uniform""","""deterministic-normal""","40","-0.8","0","""normal""","0","0.9","false","""/home/ramaswamy.51/Documents/github/Spirals/Media/data/cluster/endsim/BehaviorSearch/Step6_Trial""","true","0.30000000000000004","0.9","4","0.9000000000000001","true","true","""-924771410""","0.09842101817155034","0.09842101817155034","0.09842101817155034","0","0.09842101817155034"
"1","517","560","1000","1","""HK""","0.03","false","""normal""","1","""constant""","0.1","""Scale-free""","2","0","1","""uniform""","""deterministic-normal""","40","-0.6","0.2","""normal""","0","0.7000000000000001","false","""/home/ramaswamy.51/Documents/github/Spirals/Media/data/cluster/endsim/BehaviorSearch/Step6_Trial""","true","0.30000000000000004","1","4","0.8","true","true","""-347352661""","0.10423929873201807","0.10423929873201807","0.10423929873201807","0","0.10423929873201807"
"1","518","560","1000","1","""HK""","0.03","false","""normal""","1","""constant""","0.1","""Scale-free""","2","0","1","""uniform""","""deterministic-normal""","40","-0.6","0.2","""normal""","0","0.7000000000000001","false","""/home/ramaswamy.51/Documents/github/Spirals/Media/data/cluster/endsim/BehaviorSearch/Step6_Trial""","true","0.30000000000000004","1","4","0.8","true","true","""1217162100""","0.07921185413726757","0.07921185413726757","0.07921185413726757","0","0.07921185413726757"
"1","519","560","1000","1","""HK""","0.03","false","""normal""","1","""constant""","0.1","""Scale-free""","2","0","1","""uniform""","""deterministic-normal""","40","-0.6","0.2","""normal""","0","0.7000000000000001","false","""/home/ramaswamy.51/Documents/github/Spirals/Media/data/cluster/endsim/BehaviorSearch/Step6_Trial""","true","0.30000000000000004","1","4","0.8","true","true","""-1173842244""","0.1055105139247774","0.1055105139247774","0.1055105139247774","0","0.1055105139247774"
"1","520","560","1000","1","""HK""","0.03","false","""normal""","1","""constant""","0.1","""Scale-free""","2","0","1","""uniform""","""deterministic-normal""","40","-0.6","0.2","""normal""","0","0.7000000000000001","false","""/home/ramaswamy.51/Documents/github/Spirals/Media/data/cluster/endsim/BehaviorSearch/Step6_Trial""","true","0.30000000000000004","1","4","0.8","true","true","""-1076843057""","0.11500680408201902","0.11500680408201902","0.11500680408201902","0","0.11500680408201902"
"1","521","564","1000","1","""HK""","0.03","false","""normal""","1","""constant""","0.1","""Scale-free""","2","0","1","""uniform""","""deterministic-normal""","40","-0.3999999999999999","0.2","""normal""","0","1","false","""/home/ramaswamy.51/Documents/github/Spirals/Media/data/cluster/endsim/BehaviorSearch/Step6_Trial""","true","0.5","1","6","0.7000000000000002","true","true","""-1952890245""","0.12433050039315946","0.12433050039315946","0.12433050039315946","0","0.12433050039315946"
"1","522","564","1000","1","""HK""","0.03","false","""normal""","1","""constant""","0.1","""Scale-free""","2","0","1","""uniform""","""deterministic-normal""","40","-0.3999999999999999","0.2","""normal""","0","1","false","""/home/ramaswamy.51/Documents/github/Spirals/Media/data/cluster/endsim/BehaviorSearch/Step6_Trial""","true","0.5","1","6","0.7000000000000002","true","true","""272662993""","0.12145879761517389","0.12145879761517389","0.12145879761517389","0","0.12145879761517389"
"1","523","564","1000","1","""HK""","0.03","false","""normal""","1","""constant""","0.1","""Scale-free""","2","0","1","""uniform""","""deterministic-normal""","40","-0.3999999999999999","0.2","""normal""","0","1","false","""/home/ramaswamy.51/Documents/github/Spirals/Media/data/cluster/endsim/BehaviorSearch/Step6_Trial""","true","0.5","1","6","0.7000000000000002","true","true","""-2107198655""","0.10727700300151904","0.10727700300151904","0.10727700300151904","0","0.10727700300151904"
"1","524","564","1000","1","""HK""","0.03","false","""normal""","1","""constant""","0.1","""Scale-free""","2","0","1","""uniform""","""deterministic-normal""","40","-0.3999999999999999","0.2","""normal""","0","1","false","""/home/ramaswamy.51/Documents/github/Spirals/Media/data/cluster/endsim/BehaviorSearch/Step6_Trial""","true","0.5","1","6","0.7000000000000002","true","true","""1906929086""","0.14309896483283135","0.14309896483283135","0.14309896483283135","0","0.14309896483283135"
"1","525","568","1000","1","""HK""","0.03","false","""normal""","1","""constant""","0.1","""Scale-free""","1","0","1","""uniform""","""deterministic-normal""","40","-0.6","0.2","""normal""","0","0.8","false","""/home/ramaswamy.51/Documents/github/Spirals/Media/data/cluster/endsim/BehaviorSearch/Step6_Trial""","true","0.30000000000000004","1","6","0.8","true","true","""1392271168""","0.0966935998336854","0.0966935998336854","0.0966935998336854","0","0.0966935998336854"
"1","526","568","1000","1","""HK""","0.03","false","""normal""","1","""constant""","0.1","""Scale-free""","1","0","1","""uniform""","""deterministic-normal""","40","-0.6","0.2","""normal""","0","0.8","false","""/home/ramaswamy.51/Documents/github/Spirals/Media/data/cluster/endsim/BehaviorSearch/Step6_Trial""","true","0.30000000000000004","1","6","0.8","true","true","""429684923""","0.1005729510234991","0.1005729510234991","0.1005729510234991","0","0.1005729510234991"
"1","527","568","1000","1","""HK""","0.03","false","""normal""","1","""constant""","0.1","""Scale-free""","1","0","1","""uniform""","""deterministic-normal""","40","-0.6","0.2","""normal""","0","0.8","false","""/home/ramaswamy.51/Documents/github/Spirals/Media/data/cluster/endsim/BehaviorSearch/Step6_Trial""","true","0.30000000000000004","1","6","0.8","true","true","""1138467384""","0.1058903793433725","0.1058903793433725","0.1058903793433725","0","0.1058903793433725"
"1","528","568","1000","1","""HK""","0.03","false","""normal""","1","""constant""","0.1","""Scale-free""","1","0","1","""uniform""","""deterministic-normal""","40","-0.6","0.2","""normal""","0","0.8","false","""/home/ramaswamy.51/Documents/github/Spirals/Media/data/cluster/endsim/BehaviorSearch/Step6_Trial""","true","0.30000000000000004","1","6","0.8","true","true","""1765522815""","0.09521671484920996","0.09521671484920996","0.09521671484920996","0","0.09521671484920996"
"1","529","572","1000","1","""HK""","0.01","false","""normal""","1","""constant""","0.1","""Scale-free""","2","0","1","""uniform""","""deterministic-normal""","45","-0.5","0.1","""normal""","0.10000000000000009","1","false","""/home/ramaswamy.51/Documents/github/Spirals/Media/data/cluster/endsim/BehaviorSearch/Step6_Trial""","true","0.2","1","5","1","true","true","""-622617018""","0.12091521657972298","0.12091521657972298","0.12091521657972298","0","0.12091521657972298"
"1","530","572","1000","1","""HK""","0.01","false","""normal""","1","""constant""","0.1","""Scale-free""","2","0","1","""uniform""","""deterministic-normal""","45","-0.5","0.1","""normal""","0.10000000000000009","1","false","""/home/ramaswamy.51/Documents/github/Spirals/Media/data/cluster/endsim/BehaviorSearch/Step6_Trial""","true","0.2","1","5","1","true","true","""-196198782""","0.11021483997127102","0.11021483997127102","0.11021483997127102","0","0.11021483997127102"
"1","531","572","1000","1","""HK""","0.01","false","""normal""","1","""constant""","0.1","""Scale-free""","2","0","1","""uniform""","""deterministic-normal""","45","-0.5","0.1","""normal""","0.10000000000000009","1","false","""/home/ramaswamy.51/Documents/github/Spirals/Media/data/cluster/endsim/BehaviorSearch/Step6_Trial""","true","0.2","1","5","1","true","true","""114131746""","0.10016528001049278","0.10016528001049278","0.10016528001049278","0","0.10016528001049278"
"1","532","572","1000","1","""HK""","0.01","false","""normal""","1","""constant""","0.1","""Scale-free""","2","0","1","""uniform""","""deterministic-normal""","45","-0.5","0.1","""normal""","0.10000000000000009","1","false","""/home/ramaswamy.51/Documents/github/Spirals/Media/data/cluster/endsim/BehaviorSearch/Step6_Trial""","true","0.2","1","5","1","true","true","""-5259861""","0.10501553631431657","0.10501553631431657","0.10501553631431657","0","0.10501553631431657"
"1","533","576","1000","1","""HK""","0.03","false","""normal""","1","""constant""","0.1","""Scale-free""","3","0","1","""uniform""","""deterministic-normal""","40","-0.29999999999999993","0.2","""normal""","0","0.9","false","""/home/ramaswamy.51/Documents/github/Spirals/Media/data/cluster/endsim/BehaviorSearch/Step6_Trial""","true","0.30000000000000004","1","6","0.8","true","true","""-651654284""","0.09120782494073597","0.09120782494073597","0.09120782494073597","0","0.09120782494073597"
"1","534","576","1000","1","""HK""","0.03","false","""normal""","1","""constant""","0.1","""Scale-free""","3","0","1","""uniform""","""deterministic-normal""","40","-0.29999999999999993","0.2","""normal""","0","0.9","false","""/home/ramaswamy.51/Documents/github/Spirals/Media/data/cluster/endsim/BehaviorSearch/Step6_Trial""","true","0.30000000000000004","1","6","0.8","true","true","""766019515""","0.09611816751094644","0.09611816751094644","0.09611816751094644","0","0.09611816751094644"
"1","535","576","1000","1","""HK""","0.03","false","""normal""","1","""constant""","0.1","""Scale-free""","3","0","1","""uniform""","""deterministic-normal""","40","-0.29999999999999993","0.2","""normal""","0","0.9","false","""/home/ramaswamy.51/Documents/github/Spirals/Media/data/cluster/endsim/BehaviorSearch/Step6_Trial""","true","0.30000000000000004","1","6","0.8","true","true","""-1772171155""","0.1122512258220641","0.1122512258220641","0.1122512258220641","0","0.1122512258220641"
"1","536","576","1000","1","""HK""","0.03","false","""normal""","1","""constant""","0.1","""Scale-free""","3","0","1","""uniform""","""deterministic-normal""","40","-0.29999999999999993","0.2","""normal""","0","0.9","false","""/home/ramaswamy.51/Documents/github/Spirals/Media/data/cluster/endsim/BehaviorSearch/Step6_Trial""","true","0.30000000000000004","1","6","0.8","true","true","""-1440501947""","0.10649282980151024","0.10649282980151024","0.10649282980151024","0","0.10649282980151024"
"1","537","580","1000","1","""HK""","0.03","false","""normal""","1","""constant""","0.1","""Scale-free""","2","0","1","""uniform""","""deterministic-normal""","40","-0.6","0.2","""normal""","0.40000000000000013","0.7000000000000001","false","""/home/ramaswamy.51/Documents/github/Spirals/Media/data/cluster/endsim/BehaviorSearch/Step6_Trial""","true","0.30000000000000004","1","4","1","true","true","""-1618548251""","0.16464934183827198","0.16464934183827198","0.16464934183827198","0","0.16464934183827198"
"1","538","580","1000","1","""HK""","0.03","false","""normal""","1","""constant""","0.1","""Scale-free""","2","0","1","""uniform""","""deterministic-normal""","40","-0.6","0.2","""normal""","0.40000000000000013","0.7000000000000001","false","""/home/ramaswamy.51/Documents/github/Spirals/Media/data/cluster/endsim/BehaviorSearch/Step6_Trial""","true","0.30000000000000004","1","4","1","true","true","""1080559216""","0.1744682509503469","0.1744682509503469","0.1744682509503469","0","0.1744682509503469"
"1","539","580","1000","1","""HK""","0.03","false","""normal""","1","""constant""","0.1","""Scale-free""","2","0","1","""uniform""","""deterministic-normal""","40","-0.6","0.2","""normal""","0.40000000000000013","0.7000000000000001","false","""/home/ramaswamy.51/Documents/github/Spirals/Media/data/cluster/endsim/BehaviorSearch/Step6_Trial""","true","0.30000000000000004","1","4","1","true","true","""-1096411063""","0.17729314585420297","0.17729314585420297","0.17729314585420297","0","0.17729314585420297"
"1","540","580","1000","1","""HK""","0.03","false","""normal""","1","""constant""","0.1","""Scale-free""","2","0","1","""uniform""","""deterministic-normal""","40","-0.6","0.2","""normal""","0.40000000000000013","0.7000000000000001","false","""/home/ramaswamy.51/Documents/github/Spirals/Media/data/cluster/endsim/BehaviorSearch/Step6_Trial""","true","0.30000000000000004","1","4","1","true","true","""-7417829""","0.15025386279354855","0.15025386279354855","0.15025386279354855","0","0.15025386279354855"
"1","541","588","1000","1","""HK""","0.03","false","""normal""","1","""constant""","0.1","""Scale-free""","3","0","1","""uniform""","""deterministic-normal""","50","-0.3999999999999999","0.1","""normal""","0","0.9","false","""/home/ramaswamy.51/Documents/github/Spirals/Media/data/cluster/endsim/BehaviorSearch/Step6_Trial""","true","0.30000000000000004","0.7000000000000001","5","0.9000000000000001","true","true","""2125486935""","0.11167412920778706","0.11167412920778706","0.11167412920778706","0","0.11167412920778706"
"1","542","588","1000","1","""HK""","0.03","false","""normal""","1","""constant""","0.1","""Scale-free""","3","0","1","""uniform""","""deterministic-normal""","50","-0.3999999999999999","0.1","""normal""","0","0.9","false","""/home/ramaswamy.51/Documents/github/Spirals/Media/data/cluster/endsim/BehaviorSearch/Step6_Trial""","true","0.30000000000000004","0.7000000000000001","5","0.9000000000000001","true","true","""1653597140""","0.10674853955673606","0.10674853955673606","0.10674853955673606","0","0.10674853955673606"
"1","543","588","1000","1","""HK""","0.03","false","""normal""","1","""constant""","0.1","""Scale-free""","3","0","1","""uniform""","""deterministic-normal""","50","-0.3999999999999999","0.1","""normal""","0","0.9","false","""/home/ramaswamy.51/Documents/github/Spirals/Media/data/cluster/endsim/BehaviorSearch/Step6_Trial""","true","0.30000000000000004","0.7000000000000001","5","0.9000000000000001","true","true","""-130884974""","0.11638311413030508","0.11638311413030508","0.11638311413030508","0","0.11638311413030508"
"1","544","588","1000","1","""HK""","0.03","false","""normal""","1","""constant""","0.1","""Scale-free""","3","0","1","""uniform""","""deterministic-normal""","50","-0.3999999999999999","0.1","""normal""","0","0.9","false","""/home/ramaswamy.51/Documents/github/Spirals/Media/data/cluster/endsim/BehaviorSearch/Step6_Trial""","true","0.30000000000000004","0.7000000000000001","5","0.9000000000000001","true","true","""-20464214""","0.08643324039255955","0.08643324039255955","0.08643324039255955","0","0.08643324039255955"
"1","545","592","1000","1","""HK""","0.04","false","""normal""","1","""constant""","0.1","""Scale-free""","1","0","1","""uniform""","""deterministic-normal""","40","-1","0","""normal""","0","0.9","false","""/home/ramaswamy.51/Documents/github/Spirals/Media/data/cluster/endsim/BehaviorSearch/Step6_Trial""","true","0.1","0.9","4","0.9000000000000001","true","true","""653014871""","0.10080485779242465","0.10080485779242465","0.10080485779242465","0","0.10080485779242465"
"1","546","592","1000","1","""HK""","0.04","false","""normal""","1","""constant""","0.1","""Scale-free""","1","0","1","""uniform""","""deterministic-normal""","40","-1","0","""normal""","0","0.9","false","""/home/ramaswamy.51/Documents/github/Spirals/Media/data/cluster/endsim/BehaviorSearch/Step6_Trial""","true","0.1","0.9","4","0.9000000000000001","true","true","""772058544""","0.10473028976114632","0.10473028976114632","0.10473028976114632","0","0.10473028976114632"
"1","547","592","1000","1","""HK""","0.04","false","""normal""","1","""constant""","0.1","""Scale-free""","1","0","1","""uniform""","""deterministic-normal""","40","-1","0","""normal""","0","0.9","false","""/home/ramaswamy.51/Documents/github/Spirals/Media/data/cluster/endsim/BehaviorSearch/Step6_Trial""","true","0.1","0.9","4","0.9000000000000001","true","true","""-89643314""","0.09859885598914066","0.09859885598914066","0.09859885598914066","0","0.09859885598914066"
"1","548","592","1000","1","""HK""","0.04","false","""normal""","1","""constant""","0.1","""Scale-free""","1","0","1","""uniform""","""deterministic-normal""","40","-1","0","""normal""","0","0.9","false","""/home/ramaswamy.51/Documents/github/Spirals/Media/data/cluster/endsim/BehaviorSearch/Step6_Trial""","true","0.1","0.9","4","0.9000000000000001","true","true","""891550082""","0.10264973676387969","0.10264973676387969","0.10264973676387969","0","0.10264973676387969"
"1","549","600","1000","1","""HK""","0.03","false","""normal""","1","""constant""","0.1","""Scale-free""","2","0","1","""uniform""","""deterministic-normal""","50","-0.7","0.2","""normal""","-0.09999999999999998","0.7000000000000001","false","""/home/ramaswamy.51/Documents/github/Spirals/Media/data/cluster/endsim/BehaviorSearch/Step6_Trial""","true","0.30000000000000004","0.9","6","0.8","true","true","""528796731""","0.0911739992457114","0.0911739992457114","0.0911739992457114","0","0.0911739992457114"
"1","550","600","1000","1","""HK""","0.03","false","""normal""","1","""constant""","0.1","""Scale-free""","2","0","1","""uniform""","""deterministic-normal""","50","-0.7","0.2","""normal""","-0.09999999999999998","0.7000000000000001","false","""/home/ramaswamy.51/Documents/github/Spirals/Media/data/cluster/endsim/BehaviorSearch/Step6_Trial""","true","0.30000000000000004","0.9","6","0.8","true","true","""-1273299086""","0.09875744141499904","0.09875744141499904","0.09875744141499904","0","0.09875744141499904"
"1","551","600","1000","1","""HK""","0.03","false","""normal""","1","""constant""","0.1","""Scale-free""","2","0","1","""uniform""","""deterministic-normal""","50","-0.7","0.2","""normal""","-0.09999999999999998","0.7000000000000001","false","""/home/ramaswamy.51/Documents/github/Spirals/Media/data/cluster/endsim/BehaviorSearch/Step6_Trial""","true","0.30000000000000004","0.9","6","0.8","true","true","""-613547276""","0.1144471721274301","0.1144471721274301","0.1144471721274301","0","0.1144471721274301"
"1","552","600","1000","1","""HK""","0.03","false","""normal""","1","""constant""","0.1","""Scale-free""","2","0","1","""uniform""","""deterministic-normal""","50","-0.7","0.2","""normal""","-0.09999999999999998","0.7000000000000001","false","""/home/ramaswamy.51/Documents/github/Spirals/Media/data/cluster/endsim/BehaviorSearch/Step6_Trial""","true","0.30000000000000004","0.9","6","0.8","true","true","""1508112884""","0.11694791184564626","0.11694791184564626","0.11694791184564626","0","0.11694791184564626"
"1","553","604","1000","1","""HK""","0.03","false","""normal""","1","""constant""","0.1","""Scale-free""","2","0","1","""uniform""","""deterministic-normal""","40","-0.3999999999999999","0.2","""normal""","0","1","false","""/home/ramaswamy.51/Documents/github/Spirals/Media/data/cluster/endsim/BehaviorSearch/Step6_Trial""","true","0.4","1","6","0.8","true","true","""-346866482""","0.11820681141288772","0.11820681141288772","0.11820681141288772","0","0.11820681141288772"
"1","554","604","1000","1","""HK""","0.03","false","""normal""","1","""constant""","0.1","""Scale-free""","2","0","1","""uniform""","""deterministic-normal""","40","-0.3999999999999999","0.2","""normal""","0","1","false","""/home/ramaswamy.51/Documents/github/Spirals/Media/data/cluster/endsim/BehaviorSearch/Step6_Trial""","true","0.4","1","6","0.8","true","true","""465235496""","0.11456374828590613","0.11456374828590613","0.11456374828590613","0","0.11456374828590613"
"1","555","604","1000","1","""HK""","0.03","false","""normal""","1","""constant""","0.1","""Scale-free""","2","0","1","""uniform""","""deterministic-normal""","40","-0.3999999999999999","0.2","""normal""","0","1","false","""/home/ramaswamy.51/Documents/github/Spirals/Media/data/cluster/endsim/BehaviorSearch/Step6_Trial""","true","0.4","1","6","0.8","true","true","""347178557""","0.09118474713954065","0.09118474713954065","0.09118474713954065","0","0.09118474713954065"
"1","556","604","1000","1","""HK""","0.03","false","""normal""","1","""constant""","0.1","""Scale-free""","2","0","1","""uniform""","""deterministic-normal""","40","-0.3999999999999999","0.2","""normal""","0","1","false","""/home/ramaswamy.51/Documents/github/Spirals/Media/data/cluster/endsim/BehaviorSearch/Step6_Trial""","true","0.4","1","6","0.8","true","true","""-1927003279""","0.12579458264260412","0.12579458264260412","0.12579458264260412","0","0.12579458264260412"
"1","557","608","1000","1","""HK""","0.01","false","""normal""","1","""constant""","0.1","""Scale-free""","2","0","1","""uniform""","""deterministic-normal""","35","-0.7","0.1","""normal""","0","0.7000000000000001","false","""/home/ramaswamy.51/Documents/github/Spirals/Media/data/cluster/endsim/BehaviorSearch/Step6_Trial""","true","0.30000000000000004","1","5","1","true","true","""1919612337""","0.11575420259152026","0.11575420259152026","0.11575420259152026","0","0.11575420259152026"
"1","558","608","1000","1","""HK""","0.01","false","""normal""","1","""constant""","0.1","""Scale-free""","2","0","1","""uniform""","""deterministic-normal""","35","-0.7","0.1","""normal""","0","0.7000000000000001","false","""/home/ramaswamy.51/Documents/github/Spirals/Media/data/cluster/endsim/BehaviorSearch/Step6_Trial""","true","0.30000000000000004","1","5","1","true","true","""-1926719910""","0.10983362282086304","0.10983362282086304","0.10983362282086304","0","0.10983362282086304"
"1","559","608","1000","1","""HK""","0.01","false","""normal""","1","""constant""","0.1","""Scale-free""","2","0","1","""uniform""","""deterministic-normal""","35","-0.7","0.1","""normal""","0","0.7000000000000001","false","""/home/ramaswamy.51/Documents/github/Spirals/Media/data/cluster/endsim/BehaviorSearch/Step6_Trial""","true","0.30000000000000004","1","5","1","true","true","""-1495771681""","0.09285964368369122","0.09285964368369122","0.09285964368369122","0","0.09285964368369122"
"1","560","608","1000","1","""HK""","0.01","false","""normal""","1","""constant""","0.1","""Scale-free""","2","0","1","""uniform""","""deterministic-normal""","35","-0.7","0.1","""normal""","0","0.7000000000000001","false","""/home/ramaswamy.51/Documents/github/Spirals/Media/data/cluster/endsim/BehaviorSearch/Step6_Trial""","true","0.30000000000000004","1","5","1","true","true","""-1448136975""","0.1101761809654882","0.1101761809654882","0.1101761809654882","0","0.1101761809654882"
"1","561","616","1000","1","""HK""","0.05","false","""normal""","1","""constant""","0","""Scale-free""","2","0","1","""uniform""","""deterministic-normal""","40","-0.3999999999999999","0.2","""normal""","0","0.9","false","""/home/ramaswamy.51/Documents/github/Spirals/Media/data/cluster/endsim/BehaviorSearch/Step6_Trial""","true","0.4","0.8","6","0.8","true","true","""1553600157""","0.24404181626279228","0.24404181626279228","0.24404181626279228","0","0.24404181626279228"
"1","562","616","1000","1","""HK""","0.05","false","""normal""","1","""constant""","0","""Scale-free""","2","0","1","""uniform""","""deterministic-normal""","40","-0.3999999999999999","0.2","""normal""","0","0.9","false","""/home/ramaswamy.51/Documents/github/Spirals/Media/data/cluster/endsim/BehaviorSearch/Step6_Trial""","true","0.4","0.8","6","0.8","true","true","""-892491282""","0.23073793602087317","0.23073793602087317","0.23073793602087317","0","0.23073793602087317"
"1","563","616","1000","1","""HK""","0.05","false","""normal""","1","""constant""","0","""Scale-free""","2","0","1","""uniform""","""deterministic-normal""","40","-0.3999999999999999","0.2","""normal""","0","0.9","false","""/home/ramaswamy.51/Documents/github/Spirals/Media/data/cluster/endsim/BehaviorSearch/Step6_Trial""","true","0.4","0.8","6","0.8","true","true","""-256230441""","0.2521063815480064","0.2521063815480064","0.2521063815480064","0","0.2521063815480064"
"1","564","616","1000","1","""HK""","0.05","false","""normal""","1","""constant""","0","""Scale-free""","2","0","1","""uniform""","""deterministic-normal""","40","-0.3999999999999999","0.2","""normal""","0","0.9","false","""/home/ramaswamy.51/Documents/github/Spirals/Media/data/cluster/endsim/BehaviorSearch/Step6_Trial""","true","0.4","0.8","6","0.8","true","true","""2086252496""","0.23873160582142927","0.23873160582142927","0.23873160582142927","0","0.23873160582142927"
"1","565","624","1000","1","""HK""","0.03","false","""normal""","1","""constant""","0.1","""Scale-free""","1","0","1","""uniform""","""deterministic-normal""","40","-0.09999999999999998","0.2","""normal""","0","0.9","false","""/home/ramaswamy.51/Documents/github/Spirals/Media/data/cluster/endsim/BehaviorSearch/Step6_Trial""","true","0.5","1","6","0.8","true","true","""927468609""","0.12615200632335707","0.12615200632335707","0.12615200632335707","0","0.12615200632335707"
"1","566","624","1000","1","""HK""","0.03","false","""normal""","1","""constant""","0.1","""Scale-free""","1","0","1","""uniform""","""deterministic-normal""","40","-0.09999999999999998","0.2","""normal""","0","0.9","false","""/home/ramaswamy.51/Documents/github/Spirals/Media/data/cluster/endsim/BehaviorSearch/Step6_Trial""","true","0.5","1","6","0.8","true","true","""555595980""","0.11814514288545754","0.11814514288545754","0.11814514288545754","0","0.11814514288545754"
"1","567","624","1000","1","""HK""","0.03","false","""normal""","1","""constant""","0.1","""Scale-free""","1","0","1","""uniform""","""deterministic-normal""","40","-0.09999999999999998","0.2","""normal""","0","0.9","false","""/home/ramaswamy.51/Documents/github/Spirals/Media/data/cluster/endsim/BehaviorSearch/Step6_Trial""","true","0.5","1","6","0.8","true","true","""841523043""","0.12561853858001162","0.12561853858001162","0.12561853858001162","0","0.12561853858001162"
"1","568","624","1000","1","""HK""","0.03","false","""normal""","1","""constant""","0.1","""Scale-free""","1","0","1","""uniform""","""deterministic-normal""","40","-0.09999999999999998","0.2","""normal""","0","0.9","false","""/home/ramaswamy.51/Documents/github/Spirals/Media/data/cluster/endsim/BehaviorSearch/Step6_Trial""","true","0.5","1","6","0.8","true","true","""1359825439""","0.1013781227135997","0.1013781227135997","0.1013781227135997","0","0.1013781227135997"
"1","569","628","1000","1","""HK""","0.03","false","""normal""","1","""constant""","0.1","""Scale-free""","2","0","1","""uniform""","""deterministic-normal""","40","-0.8","0","""normal""","0","0.8","false","""/home/ramaswamy.51/Documents/github/Spirals/Media/data/cluster/endsim/BehaviorSearch/Step6_Trial""","true","0.30000000000000004","0.9","4","0.9000000000000001","true","true","""-1155247960""","0.08938396710010013","0.08938396710010013","0.08938396710010013","0","0.08938396710010013"
"1","570","628","1000","1","""HK""","0.03","false","""normal""","1","""constant""","0.1","""Scale-free""","2","0","1","""uniform""","""deterministic-normal""","40","-0.8","0","""normal""","0","0.8","false","""/home/ramaswamy.51/Documents/github/Spirals/Media/data/cluster/endsim/BehaviorSearch/Step6_Trial""","true","0.30000000000000004","0.9","4","0.9000000000000001","true","true","""1571447438""","0.08998547377153436","0.08998547377153436","0.08998547377153436","0","0.08998547377153436"
"1","571","628","1000","1","""HK""","0.03","false","""normal""","1","""constant""","0.1","""Scale-free""","2","0","1","""uniform""","""deterministic-normal""","40","-0.8","0","""normal""","0","0.8","false","""/home/ramaswamy.51/Documents/github/Spirals/Media/data/cluster/endsim/BehaviorSearch/Step6_Trial""","true","0.30000000000000004","0.9","4","0.9000000000000001","true","true","""1855009493""","0.08388893254800406","0.08388893254800406","0.08388893254800406","0","0.08388893254800406"
"1","572","628","1000","1","""HK""","0.03","false","""normal""","1","""constant""","0.1","""Scale-free""","2","0","1","""uniform""","""deterministic-normal""","40","-0.8","0","""normal""","0","0.8","false","""/home/ramaswamy.51/Documents/github/Spirals/Media/data/cluster/endsim/BehaviorSearch/Step6_Trial""","true","0.30000000000000004","0.9","4","0.9000000000000001","true","true","""478089522""","0.09357618127558695","0.09357618127558695","0.09357618127558695","0","0.09357618127558695"
"1","573","632","1000","1","""HK""","0.01","false","""normal""","1","""constant""","0.1","""Scale-free""","1","0","1","""uniform""","""deterministic-normal""","40","-0.6","0","""normal""","0","0.8","false","""/home/ramaswamy.51/Documents/github/Spirals/Media/data/cluster/endsim/BehaviorSearch/Step6_Trial""","true","0.30000000000000004","0.9","6","1","true","true","""-707865750""","0.11243844832131224","0.11243844832131224","0.11243844832131224","0","0.11243844832131224"
"1","574","632","1000","1","""HK""","0.01","false","""normal""","1","""constant""","0.1","""Scale-free""","1","0","1","""uniform""","""deterministic-normal""","40","-0.6","0","""normal""","0","0.8","false","""/home/ramaswamy.51/Documents/github/Spirals/Media/data/cluster/endsim/BehaviorSearch/Step6_Trial""","true","0.30000000000000004","0.9","6","1","true","true","""-1390198241""","0.08763223206480084","0.08763223206480084","0.08763223206480084","0","0.08763223206480084"
"1","575","632","1000","1","""HK""","0.01","false","""normal""","1","""constant""","0.1","""Scale-free""","1","0","1","""uniform""","""deterministic-normal""","40","-0.6","0","""normal""","0","0.8","false","""/home/ramaswamy.51/Documents/github/Spirals/Media/data/cluster/endsim/BehaviorSearch/Step6_Trial""","true","0.30000000000000004","0.9","6","1","true","true","""-1202811291""","0.09503313312568867","0.09503313312568867","0.09503313312568867","0","0.09503313312568867"
"1","576","632","1000","1","""HK""","0.01","false","""normal""","1","""constant""","0.1","""Scale-free""","1","0","1","""uniform""","""deterministic-normal""","40","-0.6","0","""normal""","0","0.8","false","""/home/ramaswamy.51/Documents/github/Spirals/Media/data/cluster/endsim/BehaviorSearch/Step6_Trial""","true","0.30000000000000004","0.9","6","1","true","true","""1092906068""","0.09444066039136215","0.09444066039136215","0.09444066039136215","0","0.09444066039136215"
"1","577","636","1000","1","""HK""","0.02","false","""normal""","1","""constant""","0.1","""Scale-free""","2","0","1","""uniform""","""deterministic-normal""","40","-0.6","0","""normal""","0","0.9","false","""/home/ramaswamy.51/Documents/github/Spirals/Media/data/cluster/endsim/BehaviorSearch/Step6_Trial""","true","0.30000000000000004","0.9","4","1","true","true","""1568328962""","0.11482514574846289","0.11482514574846289","0.11482514574846289","0","0.11482514574846289"
"1","578","636","1000","1","""HK""","0.02","false","""normal""","1","""constant""","0.1","""Scale-free""","2","0","1","""uniform""","""deterministic-normal""","40","-0.6","0","""normal""","0","0.9","false","""/home/ramaswamy.51/Documents/github/Spirals/Media/data/cluster/endsim/BehaviorSearch/Step6_Trial""","true","0.30000000000000004","0.9","4","1","true","true","""-2102311546""","0.10739836385530262","0.10739836385530262","0.10739836385530262","0","0.10739836385530262"
"1","579","636","1000","1","""HK""","0.02","false","""normal""","1","""constant""","0.1","""Scale-free""","2","0","1","""uniform""","""deterministic-normal""","40","-0.6","0","""normal""","0","0.9","false","""/home/ramaswamy.51/Documents/github/Spirals/Media/data/cluster/endsim/BehaviorSearch/Step6_Trial""","true","0.30000000000000004","0.9","4","1","true","true","""-1484680880""","0.10153476525241775","0.10153476525241775","0.10153476525241775","0","0.10153476525241775"
"1","580","636","1000","1","""HK""","0.02","false","""normal""","1","""constant""","0.1","""Scale-free""","2","0","1","""uniform""","""deterministic-normal""","40","-0.6","0","""normal""","0","0.9","false","""/home/ramaswamy.51/Documents/github/Spirals/Media/data/cluster/endsim/BehaviorSearch/Step6_Trial""","true","0.30000000000000004","0.9","4","1","true","true","""-2011153636""","0.08881026400059404","0.08881026400059404","0.08881026400059404","0","0.08881026400059404"
"1","581","640","1000","1","""HK""","0.04","false","""normal""","1","""constant""","0.2","""Scale-free""","1","0","1","""uniform""","""deterministic-normal""","40","-0.6","0","""normal""","0","0.8","false","""/home/ramaswamy.51/Documents/github/Spirals/Media/data/cluster/endsim/BehaviorSearch/Step6_Trial""","true","0.4","1","4","0.8","true","true","""-1274304209""","0.154059717747955","0.154059717747955","0.154059717747955","0","0.154059717747955"
"1","582","640","1000","1","""HK""","0.04","false","""normal""","1","""constant""","0.2","""Scale-free""","1","0","1","""uniform""","""deterministic-normal""","40","-0.6","0","""normal""","0","0.8","false","""/home/ramaswamy.51/Documents/github/Spirals/Media/data/cluster/endsim/BehaviorSearch/Step6_Trial""","true","0.4","1","4","0.8","true","true","""-1263561976""","0.14858050505427958","0.14858050505427958","0.14858050505427958","0","0.14858050505427958"
"1","583","640","1000","1","""HK""","0.04","false","""normal""","1","""constant""","0.2","""Scale-free""","1","0","1","""uniform""","""deterministic-normal""","40","-0.6","0","""normal""","0","0.8","false","""/home/ramaswamy.51/Documents/github/Spirals/Media/data/cluster/endsim/BehaviorSearch/Step6_Trial""","true","0.4","1","4","0.8","true","true","""-785113095""","0.1618150403119266","0.1618150403119266","0.1618150403119266","0","0.1618150403119266"
"1","584","640","1000","1","""HK""","0.04","false","""normal""","1","""constant""","0.2","""Scale-free""","1","0","1","""uniform""","""deterministic-normal""","40","-0.6","0","""normal""","0","0.8","false","""/home/ramaswamy.51/Documents/github/Spirals/Media/data/cluster/endsim/BehaviorSearch/Step6_Trial""","true","0.4","1","4","0.8","true","true","""131661773""","0.1507243611487204","0.1507243611487204","0.1507243611487204","0","0.1507243611487204"
"1","585","644","1000","1","""HK""","0.03","false","""normal""","1","""constant""","0.1","""Scale-free""","2","0","1","""uniform""","""deterministic-normal""","35","-0.29999999999999993","0.2","""normal""","-0.19999999999999996","0.9","false","""/home/ramaswamy.51/Documents/github/Spirals/Media/data/cluster/endsim/BehaviorSearch/Step6_Trial""","true","0.30000000000000004","0.9","5","1","true","true","""-1926135945""","0.08349491434023527","0.08349491434023527","0.08349491434023527","0","0.08349491434023527"
"1","586","644","1000","1","""HK""","0.03","false","""normal""","1","""constant""","0.1","""Scale-free""","2","0","1","""uniform""","""deterministic-normal""","35","-0.29999999999999993","0.2","""normal""","-0.19999999999999996","0.9","false","""/home/ramaswamy.51/Documents/github/Spirals/Media/data/cluster/endsim/BehaviorSearch/Step6_Trial""","true","0.30000000000000004","0.9","5","1","true","true","""721253985""","0.1096989262481209","0.1096989262481209","0.1096989262481209","0","0.1096989262481209"
"1","587","644","1000","1","""HK""","0.03","false","""normal""","1","""constant""","0.1","""Scale-free""","2","0","1","""uniform""","""deterministic-normal""","35","-0.29999999999999993","0.2","""normal""","-0.19999999999999996","0.9","false","""/home/ramaswamy.51/Documents/github/Spirals/Media/data/cluster/endsim/BehaviorSearch/Step6_Trial""","true","0.30000000000000004","0.9","5","1","true","true","""741792404""","0.10326330092687112","0.10326330092687112","0.10326330092687112","0","0.10326330092687112"
"1","588","644","1000","1","""HK""","0.03","false","""normal""","1","""constant""","0.1","""Scale-free""","2","0","1","""uniform""","""deterministic-normal""","35","-0.29999999999999993","0.2","""normal""","-0.19999999999999996","0.9","false","""/home/ramaswamy.51/Documents/github/Spirals/Media/data/cluster/endsim/BehaviorSearch/Step6_Trial""","true","0.30000000000000004","0.9","5","1","true","true","""-272473288""","0.10822166716785898","0.10822166716785898","0.10822166716785898","0","0.10822166716785898"
"1","589","648","1000","1","""HK""","0.01","false","""normal""","1","""constant""","0.1","""Scale-free""","1","0","1","""uniform""","""deterministic-normal""","40","-0.5","0.2","""normal""","0.40000000000000013","0.9","false","""/home/ramaswamy.51/Documents/github/Spirals/Media/data/cluster/endsim/BehaviorSearch/Step6_Trial""","true","0.30000000000000004","1","6","1","true","true","""409333979""","0.13256180139350626","0.13256180139350626","0.13256180139350626","0","0.13256180139350626"
"1","590","648","1000","1","""HK""","0.01","false","""normal""","1","""constant""","0.1","""Scale-free""","1","0","1","""uniform""","""deterministic-normal""","40","-0.5","0.2","""normal""","0.40000000000000013","0.9","false","""/home/ramaswamy.51/Documents/github/Spirals/Media/data/cluster/endsim/BehaviorSearch/Step6_Trial""","true","0.30000000000000004","1","6","1","true","true","""-5783934""","0.13980039895471644","0.13980039895471644","0.13980039895471644","0","0.13980039895471644"
"1","591","648","1000","1","""HK""","0.01","false","""normal""","1","""constant""","0.1","""Scale-free""","1","0","1","""uniform""","""deterministic-normal""","40","-0.5","0.2","""normal""","0.40000000000000013","0.9","false","""/home/ramaswamy.51/Documents/github/Spirals/Media/data/cluster/endsim/BehaviorSearch/Step6_Trial""","true","0.30000000000000004","1","6","1","true","true","""2147461040""","0.130077001991552","0.130077001991552","0.130077001991552","0","0.130077001991552"
"1","592","648","1000","1","""HK""","0.01","false","""normal""","1","""constant""","0.1","""Scale-free""","1","0","1","""uniform""","""deterministic-normal""","40","-0.5","0.2","""normal""","0.40000000000000013","0.9","false","""/home/ramaswamy.51/Documents/github/Spirals/Media/data/cluster/endsim/BehaviorSearch/Step6_Trial""","true","0.30000000000000004","1","6","1","true","true","""985498896""","0.1360886396156445","0.1360886396156445","0.1360886396156445","0","0.1360886396156445"
"1","593","652","1000","1","""HK""","0.01","false","""normal""","1","""constant""","0.1","""Scale-free""","1","0","1","""uniform""","""deterministic-normal""","40","-0.5","0","""normal""","-0.19999999999999996","0.9","false","""/home/ramaswamy.51/Documents/github/Spirals/Media/data/cluster/endsim/BehaviorSearch/Step6_Trial""","true","0.30000000000000004","0.9","5","1","true","true","""-280834450""","0.09707225368024966","0.09707225368024966","0.09707225368024966","0","0.09707225368024966"
"1","594","652","1000","1","""HK""","0.01","false","""normal""","1","""constant""","0.1","""Scale-free""","1","0","1","""uniform""","""deterministic-normal""","40","-0.5","0","""normal""","-0.19999999999999996","0.9","false","""/home/ramaswamy.51/Documents/github/Spirals/Media/data/cluster/endsim/BehaviorSearch/Step6_Trial""","true","0.30000000000000004","0.9","5","1","true","true","""-1913740534""","0.0811843758790443","0.0811843758790443","0.0811843758790443","0","0.0811843758790443"
"1","595","652","1000","1","""HK""","0.01","false","""normal""","1","""constant""","0.1","""Scale-free""","1","0","1","""uniform""","""deterministic-normal""","40","-0.5","0","""normal""","-0.19999999999999996","0.9","false","""/home/ramaswamy.51/Documents/github/Spirals/Media/data/cluster/endsim/BehaviorSearch/Step6_Trial""","true","0.30000000000000004","0.9","5","1","true","true","""-2146681927""","0.10425334072379412","0.10425334072379412","0.10425334072379412","0","0.10425334072379412"
"1","596","652","1000","1","""HK""","0.01","false","""normal""","1","""constant""","0.1","""Scale-free""","1","0","1","""uniform""","""deterministic-normal""","40","-0.5","0","""normal""","-0.19999999999999996","0.9","false","""/home/ramaswamy.51/Documents/github/Spirals/Media/data/cluster/endsim/BehaviorSearch/Step6_Trial""","true","0.30000000000000004","0.9","5","1","true","true","""793124377""","0.08874397887849583","0.08874397887849583","0.08874397887849583","0","0.08874397887849583"
"1","597","656","1000","1","""HK""","0.01","false","""normal""","1","""constant""","0.1","""Scale-free""","2","0","1","""uniform""","""deterministic-normal""","40","-0.3999999999999999","0.2","""normal""","-0.09999999999999998","0.9","false","""/home/ramaswamy.51/Documents/github/Spirals/Media/data/cluster/endsim/BehaviorSearch/Step6_Trial""","true","0.30000000000000004","1","6","0.8","true","true","""1393803158""","0.09761758199725117","0.09761758199725117","0.09761758199725117","0","0.09761758199725117"
"1","598","656","1000","1","""HK""","0.01","false","""normal""","1","""constant""","0.1","""Scale-free""","2","0","1","""uniform""","""deterministic-normal""","40","-0.3999999999999999","0.2","""normal""","-0.09999999999999998","0.9","false","""/home/ramaswamy.51/Documents/github/Spirals/Media/data/cluster/endsim/BehaviorSearch/Step6_Trial""","true","0.30000000000000004","1","6","0.8","true","true","""663303566""","0.10387541014335988","0.10387541014335988","0.10387541014335988","0","0.10387541014335988"
"1","599","656","1000","1","""HK""","0.01","false","""normal""","1","""constant""","0.1","""Scale-free""","2","0","1","""uniform""","""deterministic-normal""","40","-0.3999999999999999","0.2","""normal""","-0.09999999999999998","0.9","false","""/home/ramaswamy.51/Documents/github/Spirals/Media/data/cluster/endsim/BehaviorSearch/Step6_Trial""","true","0.30000000000000004","1","6","0.8","true","true","""-213696041""","0.09408875700539383","0.09408875700539383","0.09408875700539383","0","0.09408875700539383"
"1","600","656","1000","1","""HK""","0.01","false","""normal""","1","""constant""","0.1","""Scale-free""","2","0","1","""uniform""","""deterministic-normal""","40","-0.3999999999999999","0.2","""normal""","-0.09999999999999998","0.9","false","""/home/ramaswamy.51/Documents/github/Spirals/Media/data/cluster/endsim/BehaviorSearch/Step6_Trial""","true","0.30000000000000004","1","6","0.8","true","true","""468551304""","0.09340655823197339","0.09340655823197339","0.09340655823197339","0","0.09340655823197339"
"1","601","660","1000","1","""HK""","0.03","false","""normal""","1","""constant""","0.1","""Scale-free""","2","0","1","""uniform""","""deterministic-normal""","40","-0.19999999999999996","0.2","""normal""","0","0.7000000000000001","false","""/home/ramaswamy.51/Documents/github/Spirals/Media/data/cluster/endsim/BehaviorSearch/Step6_Trial""","true","0.30000000000000004","1","4","0.8","true","true","""-2125964860""","0.11898318984726583","0.11898318984726583","0.11898318984726583","0","0.11898318984726583"
"1","602","660","1000","1","""HK""","0.03","false","""normal""","1","""constant""","0.1","""Scale-free""","2","0","1","""uniform""","""deterministic-normal""","40","-0.19999999999999996","0.2","""normal""","0","0.7000000000000001","false","""/home/ramaswamy.51/Documents/github/Spirals/Media/data/cluster/endsim/BehaviorSearch/Step6_Trial""","true","0.30000000000000004","1","4","0.8","true","true","""1355765419""","0.09271516611132291","0.09271516611132291","0.09271516611132291","0","0.09271516611132291"
"1","603","660","1000","1","""HK""","0.03","false","""normal""","1","""constant""","0.1","""Scale-free""","2","0","1","""uniform""","""deterministic-normal""","40","-0.19999999999999996","0.2","""normal""","0","0.7000000000000001","false","""/home/ramaswamy.51/Documents/github/Spirals/Media/data/cluster/endsim/BehaviorSearch/Step6_Trial""","true","0.30000000000000004","1","4","0.8","true","true","""1787440770""","0.09699276992292884","0.09699276992292884","0.09699276992292884","0","0.09699276992292884"
"1","604","660","1000","1","""HK""","0.03","false","""normal""","1","""constant""","0.1","""Scale-free""","2","0","1","""uniform""","""deterministic-normal""","40","-0.19999999999999996","0.2","""normal""","0","0.7000000000000001","false","""/home/ramaswamy.51/Documents/github/Spirals/Media/data/cluster/endsim/BehaviorSearch/Step6_Trial""","true","0.30000000000000004","1","4","0.8","true","true","""-998642120""","0.11053013747244794","0.11053013747244794","0.11053013747244794","0","0.11053013747244794"
"1","605","664","1000","1","""HK""","0.060000000000000005","false","""normal""","1","""constant""","0.1","""Scale-free""","2","0","1","""uniform""","""deterministic-normal""","40","-0.3999999999999999","0.2","""normal""","0","1","false","""/home/ramaswamy.51/Documents/github/Spirals/Media/data/cluster/endsim/BehaviorSearch/Step6_Trial""","true","0.2","1","5","0.8","true","true","""138233927""","0.08461521112586562","0.08461521112586562","0.08461521112586562","0","0.08461521112586562"
"1","606","664","1000","1","""HK""","0.060000000000000005","false","""normal""","1","""constant""","0.1","""Scale-free""","2","0","1","""uniform""","""deterministic-normal""","40","-0.3999999999999999","0.2","""normal""","0","1","false","""/home/ramaswamy.51/Documents/github/Spirals/Media/data/cluster/endsim/BehaviorSearch/Step6_Trial""","true","0.2","1","5","0.8","true","true","""-280782750""","0.10487570225940492","0.10487570225940492","0.10487570225940492","0","0.10487570225940492"
"1","607","664","1000","1","""HK""","0.060000000000000005","false","""normal""","1","""constant""","0.1","""Scale-free""","2","0","1","""uniform""","""deterministic-normal""","40","-0.3999999999999999","0.2","""normal""","0","1","false","""/home/ramaswamy.51/Documents/github/Spirals/Media/data/cluster/endsim/BehaviorSearch/Step6_Trial""","true","0.2","1","5","0.8","true","true","""1613368682""","0.11356063660169778","0.11356063660169778","0.11356063660169778","0","0.11356063660169778"
"1","608","664","1000","1","""HK""","0.060000000000000005","false","""normal""","1","""constant""","0.1","""Scale-free""","2","0","1","""uniform""","""deterministic-normal""","40","-0.3999999999999999","0.2","""normal""","0","1","false","""/home/ramaswamy.51/Documents/github/Spirals/Media/data/cluster/endsim/BehaviorSearch/Step6_Trial""","true","0.2","1","5","0.8","true","true","""1195185794""","0.0950141337914828","0.0950141337914828","0.0950141337914828","0","0.0950141337914828"
"1","609","668","1000","1","""HK""","0.05","false","""normal""","1","""constant""","0.1","""Scale-free""","2","0","1","""uniform""","""deterministic-normal""","45","-0.3999999999999999","0.2","""normal""","0","0.8","false","""/home/ramaswamy.51/Documents/github/Spirals/Media/data/cluster/endsim/BehaviorSearch/Step6_Trial""","true","0.30000000000000004","1","6","0.8","true","true","""-339152455""","0.09011727366776948","0.09011727366776948","0.09011727366776948","0","0.09011727366776948"
"1","610","668","1000","1","""HK""","0.05","false","""normal""","1","""constant""","0.1","""Scale-free""","2","0","1","""uniform""","""deterministic-normal""","45","-0.3999999999999999","0.2","""normal""","0","0.8","false","""/home/ramaswamy.51/Documents/github/Spirals/Media/data/cluster/endsim/BehaviorSearch/Step6_Trial""","true","0.30000000000000004","1","6","0.8","true","true","""1074946296""","0.11148758607445297","0.11148758607445297","0.11148758607445297","0","0.11148758607445297"
"1","611","668","1000","1","""HK""","0.05","false","""normal""","1","""constant""","0.1","""Scale-free""","2","0","1","""uniform""","""deterministic-normal""","45","-0.3999999999999999","0.2","""normal""","0","0.8","false","""/home/ramaswamy.51/Documents/github/Spirals/Media/data/cluster/endsim/BehaviorSearch/Step6_Trial""","true","0.30000000000000004","1","6","0.8","true","true","""619102556""","0.12090037323066556","0.12090037323066556","0.12090037323066556","0","0.12090037323066556"
"1","612","668","1000","1","""HK""","0.05","false","""normal""","1","""constant""","0.1","""Scale-free""","2","0","1","""uniform""","""deterministic-normal""","45","-0.3999999999999999","0.2","""normal""","0","0.8","false","""/home/ramaswamy.51/Documents/github/Spirals/Media/data/cluster/endsim/BehaviorSearch/Step6_Trial""","true","0.30000000000000004","1","6","0.8","true","true","""1698552943""","0.10961133918003184","0.10961133918003184","0.10961133918003184","0","0.10961133918003184"
"1","613","676","1000","1","""HK""","0.03","false","""normal""","1","""constant""","0.1","""Scale-free""","2","0","1","""uniform""","""deterministic-normal""","35","-0.8","0.1","""normal""","0","0.9","false","""/home/ramaswamy.51/Documents/github/Spirals/Media/data/cluster/endsim/BehaviorSearch/Step6_Trial""","true","0.30000000000000004","0.9","4","0.9000000000000001","true","true","""-69062119""","0.09035142477087904","0.09035142477087904","0.09035142477087904","0","0.09035142477087904"
"1","614","676","1000","1","""HK""","0.03","false","""normal""","1","""constant""","0.1","""Scale-free""","2","0","1","""uniform""","""deterministic-normal""","35","-0.8","0.1","""normal""","0","0.9","false","""/home/ramaswamy.51/Documents/github/Spirals/Media/data/cluster/endsim/BehaviorSearch/Step6_Trial""","true","0.30000000000000004","0.9","4","0.9000000000000001","true","true","""588174860""","0.09939807836180062","0.09939807836180062","0.09939807836180062","0","0.09939807836180062"
"1","615","676","1000","1","""HK""","0.03","false","""normal""","1","""constant""","0.1","""Scale-free""","2","0","1","""uniform""","""deterministic-normal""","35","-0.8","0.1","""normal""","0","0.9","false","""/home/ramaswamy.51/Documents/github/Spirals/Media/data/cluster/endsim/BehaviorSearch/Step6_Trial""","true","0.30000000000000004","0.9","4","0.9000000000000001","true","true","""-1568523336""","0.1039069494785676","0.1039069494785676","0.1039069494785676","0","0.1039069494785676"
"1","616","676","1000","1","""HK""","0.03","false","""normal""","1","""constant""","0.1","""Scale-free""","2","0","1","""uniform""","""deterministic-normal""","35","-0.8","0.1","""normal""","0","0.9","false","""/home/ramaswamy.51/Documents/github/Spirals/Media/data/cluster/endsim/BehaviorSearch/Step6_Trial""","true","0.30000000000000004","0.9","4","0.9000000000000001","true","true","""248297460""","0.10787395560235526","0.10787395560235526","0.10787395560235526","0","0.10787395560235526"
"1","617","680","1000","1","""HK""","0.01","false","""normal""","1","""constant""","0.1","""Scale-free""","1","0","1","""uniform""","""deterministic-normal""","40","-0.5","0.2","""normal""","0","0.8","false","""/home/ramaswamy.51/Documents/github/Spirals/Media/data/cluster/endsim/BehaviorSearch/Step6_Trial""","true","0.4","0.9","4","0.9000000000000001","true","true","""-1146165405""","0.12158209896459951","0.12158209896459951","0.12158209896459951","0","0.12158209896459951"
"1","618","680","1000","1","""HK""","0.01","false","""normal""","1","""constant""","0.1","""Scale-free""","1","0","1","""uniform""","""deterministic-normal""","40","-0.5","0.2","""normal""","0","0.8","false","""/home/ramaswamy.51/Documents/github/Spirals/Media/data/cluster/endsim/BehaviorSearch/Step6_Trial""","true","0.4","0.9","4","0.9000000000000001","true","true","""1505054934""","0.10905176219006323","0.10905176219006323","0.10905176219006323","0","0.10905176219006323"
"1","619","680","1000","1","""HK""","0.01","false","""normal""","1","""constant""","0.1","""Scale-free""","1","0","1","""uniform""","""deterministic-normal""","40","-0.5","0.2","""normal""","0","0.8","false","""/home/ramaswamy.51/Documents/github/Spirals/Media/data/cluster/endsim/BehaviorSearch/Step6_Trial""","true","0.4","0.9","4","0.9000000000000001","true","true","""-948647507""","0.10232592010295961","0.10232592010295961","0.10232592010295961","0","0.10232592010295961"
"1","620","680","1000","1","""HK""","0.01","false","""normal""","1","""constant""","0.1","""Scale-free""","1","0","1","""uniform""","""deterministic-normal""","40","-0.5","0.2","""normal""","0","0.8","false","""/home/ramaswamy.51/Documents/github/Spirals/Media/data/cluster/endsim/BehaviorSearch/Step6_Trial""","true","0.4","0.9","4","0.9000000000000001","true","true","""-40430320""","0.10974876525268387","0.10974876525268387","0.10974876525268387","0","0.10974876525268387"
"1","621","684","1000","1","""HK""","0.01","false","""normal""","1","""constant""","0","""Scale-free""","2","0","1","""uniform""","""deterministic-normal""","40","-0.5","0.1","""normal""","0","1","false","""/home/ramaswamy.51/Documents/github/Spirals/Media/data/cluster/endsim/BehaviorSearch/Step6_Trial""","true","0.30000000000000004","1","6","1","true","true","""-2024692427""","0.17001800366493974","0.17001800366493974","0.17001800366493974","0","0.17001800366493974"
"1","622","684","1000","1","""HK""","0.01","false","""normal""","1","""constant""","0","""Scale-free""","2","0","1","""uniform""","""deterministic-normal""","40","-0.5","0.1","""normal""","0","1","false","""/home/ramaswamy.51/Documents/github/Spirals/Media/data/cluster/endsim/BehaviorSearch/Step6_Trial""","true","0.30000000000000004","1","6","1","true","true","""1792528542""","0.15572721285176397","0.15572721285176397","0.15572721285176397","0","0.15572721285176397"
"1","623","684","1000","1","""HK""","0.01","false","""normal""","1","""constant""","0","""Scale-free""","2","0","1","""uniform""","""deterministic-normal""","40","-0.5","0.1","""normal""","0","1","false","""/home/ramaswamy.51/Documents/github/Spirals/Media/data/cluster/endsim/BehaviorSearch/Step6_Trial""","true","0.30000000000000004","1","6","1","true","true","""1723613041""","0.1588929631111058","0.1588929631111058","0.1588929631111058","0","0.1588929631111058"
"1","624","684","1000","1","""HK""","0.01","false","""normal""","1","""constant""","0","""Scale-free""","2","0","1","""uniform""","""deterministic-normal""","40","-0.5","0.1","""normal""","0","1","false","""/home/ramaswamy.51/Documents/github/Spirals/Media/data/cluster/endsim/BehaviorSearch/Step6_Trial""","true","0.30000000000000004","1","6","1","true","true","""-1254541604""","0.15447521593611435","0.15447521593611435","0.15447521593611435","0","0.15447521593611435"
"1","625","688","1000","1","""HK""","0.01","false","""normal""","1","""constant""","0.1","""Scale-free""","2","0","1","""uniform""","""deterministic-normal""","40","-0.3999999999999999","0.2","""normal""","0.10000000000000009","0.9","false","""/home/ramaswamy.51/Documents/github/Spirals/Media/data/cluster/endsim/BehaviorSearch/Step6_Trial""","true","0.30000000000000004","0.9","4","0.9000000000000001","true","true","""-1122366009""","0.09162231799954082","0.09162231799954082","0.09162231799954082","0","0.09162231799954082"
"1","626","688","1000","1","""HK""","0.01","false","""normal""","1","""constant""","0.1","""Scale-free""","2","0","1","""uniform""","""deterministic-normal""","40","-0.3999999999999999","0.2","""normal""","0.10000000000000009","0.9","false","""/home/ramaswamy.51/Documents/github/Spirals/Media/data/cluster/endsim/BehaviorSearch/Step6_Trial""","true","0.30000000000000004","0.9","4","0.9000000000000001","true","true","""-175320052""","0.11082318298119093","0.11082318298119093","0.11082318298119093","0","0.11082318298119093"
"1","627","688","1000","1","""HK""","0.01","false","""normal""","1","""constant""","0.1","""Scale-free""","2","0","1","""uniform""","""deterministic-normal""","40","-0.3999999999999999","0.2","""normal""","0.10000000000000009","0.9","false","""/home/ramaswamy.51/Documents/github/Spirals/Media/data/cluster/endsim/BehaviorSearch/Step6_Trial""","true","0.30000000000000004","0.9","4","0.9000000000000001","true","true","""-1112148696""","0.09253353279697872","0.09253353279697872","0.09253353279697872","0","0.09253353279697872"
"1","628","688","1000","1","""HK""","0.01","false","""normal""","1","""constant""","0.1","""Scale-free""","2","0","1","""uniform""","""deterministic-normal""","40","-0.3999999999999999","0.2","""normal""","0.10000000000000009","0.9","false","""/home/ramaswamy.51/Documents/github/Spirals/Media/data/cluster/endsim/BehaviorSearch/Step6_Trial""","true","0.30000000000000004","0.9","4","0.9000000000000001","true","true","""1815480679""","0.10255757124322261","0.10255757124322261","0.10255757124322261","0","0.10255757124322261"
"1","629","692","1000","1","""HK""","0.01","false","""normal""","1","""constant""","0.1","""Scale-free""","1","0","1","""uniform""","""deterministic-normal""","40","-0.3999999999999999","0","""normal""","-0.19999999999999996","0.8","false","""/home/ramaswamy.51/Documents/github/Spirals/Media/data/cluster/endsim/BehaviorSearch/Step6_Trial""","true","0.30000000000000004","1","6","1","true","true","""267995313""","0.10612716843612578","0.10612716843612578","0.10612716843612578","0","0.10612716843612578"
"1","630","692","1000","1","""HK""","0.01","false","""normal""","1","""constant""","0.1","""Scale-free""","1","0","1","""uniform""","""deterministic-normal""","40","-0.3999999999999999","0","""normal""","-0.19999999999999996","0.8","false","""/home/ramaswamy.51/Documents/github/Spirals/Media/data/cluster/endsim/BehaviorSearch/Step6_Trial""","true","0.30000000000000004","1","6","1","true","true","""-108746009""","0.12434233714558308","0.12434233714558308","0.12434233714558308","0","0.12434233714558308"
"1","631","692","1000","1","""HK""","0.01","false","""normal""","1","""constant""","0.1","""Scale-free""","1","0","1","""uniform""","""deterministic-normal""","40","-0.3999999999999999","0","""normal""","-0.19999999999999996","0.8","false","""/home/ramaswamy.51/Documents/github/Spirals/Media/data/cluster/endsim/BehaviorSearch/Step6_Trial""","true","0.30000000000000004","1","6","1","true","true","""-492973461""","0.10426778679696484","0.10426778679696484","0.10426778679696484","0","0.10426778679696484"
"1","632","692","1000","1","""HK""","0.01","false","""normal""","1","""constant""","0.1","""Scale-free""","1","0","1","""uniform""","""deterministic-normal""","40","-0.3999999999999999","0","""normal""","-0.19999999999999996","0.8","false","""/home/ramaswamy.51/Documents/github/Spirals/Media/data/cluster/endsim/BehaviorSearch/Step6_Trial""","true","0.30000000000000004","1","6","1","true","true","""-736695632""","0.11917863056135358","0.11917863056135358","0.11917863056135358","0","0.11917863056135358"
"1","633","696","1000","1","""HK""","0.03","false","""normal""","1","""constant""","0.1","""Scale-free""","3","0","1","""uniform""","""deterministic-normal""","40","-0.3999999999999999","0.2","""normal""","0","0.9","false","""/home/ramaswamy.51/Documents/github/Spirals/Media/data/cluster/endsim/BehaviorSearch/Step6_Trial""","true","0.30000000000000004","0.9","5","1","true","true","""347649547""","0.08224948888983334","0.08224948888983334","0.08224948888983334","0","0.08224948888983334"
"1","634","696","1000","1","""HK""","0.03","false","""normal""","1","""constant""","0.1","""Scale-free""","3","0","1","""uniform""","""deterministic-normal""","40","-0.3999999999999999","0.2","""normal""","0","0.9","false","""/home/ramaswamy.51/Documents/github/Spirals/Media/data/cluster/endsim/BehaviorSearch/Step6_Trial""","true","0.30000000000000004","0.9","5","1","true","true","""1606162667""","0.10624237156339313","0.10624237156339313","0.10624237156339313","0","0.10624237156339313"
"1","635","696","1000","1","""HK""","0.03","false","""normal""","1","""constant""","0.1","""Scale-free""","3","0","1","""uniform""","""deterministic-normal""","40","-0.3999999999999999","0.2","""normal""","0","0.9","false","""/home/ramaswamy.51/Documents/github/Spirals/Media/data/cluster/endsim/BehaviorSearch/Step6_Trial""","true","0.30000000000000004","0.9","5","1","true","true","""980773059""","0.09744819873283203","0.09744819873283203","0.09744819873283203","0","0.09744819873283203"
"1","636","696","1000","1","""HK""","0.03","false","""normal""","1","""constant""","0.1","""Scale-free""","3","0","1","""uniform""","""deterministic-normal""","40","-0.3999999999999999","0.2","""normal""","0","0.9","false","""/home/ramaswamy.51/Documents/github/Spirals/Media/data/cluster/endsim/BehaviorSearch/Step6_Trial""","true","0.30000000000000004","0.9","5","1","true","true","""-18578090""","0.09957611358501613","0.09957611358501613","0.09957611358501613","0","0.09957611358501613"
"1","637","700","1000","1","""HK""","0.03","false","""normal""","1","""constant""","0.1","""Scale-free""","2","0","1","""uniform""","""deterministic-normal""","40","-0.3999999999999999","0.2","""normal""","0","0.8","false","""/home/ramaswamy.51/Documents/github/Spirals/Media/data/cluster/endsim/BehaviorSearch/Step6_Trial""","true","0.30000000000000004","1","5","1","true","true","""623389122""","0.0842107237103425","0.0842107237103425","0.0842107237103425","0","0.0842107237103425"
"1","638","700","1000","1","""HK""","0.03","false","""normal""","1","""constant""","0.1","""Scale-free""","2","0","1","""uniform""","""deterministic-normal""","40","-0.3999999999999999","0.2","""normal""","0","0.8","false","""/home/ramaswamy.51/Documents/github/Spirals/Media/data/cluster/endsim/BehaviorSearch/Step6_Trial""","true","0.30000000000000004","1","5","1","true","true","""244295595""","0.10330580413915436","0.10330580413915436","0.10330580413915436","0","0.10330580413915436"
"1","639","700","1000","1","""HK""","0.03","false","""normal""","1","""constant""","0.1","""Scale-free""","2","0","1","""uniform""","""deterministic-normal""","40","-0.3999999999999999","0.2","""normal""","0","0.8","false","""/home/ramaswamy.51/Documents/github/Spirals/Media/data/cluster/endsim/BehaviorSearch/Step6_Trial""","true","0.30000000000000004","1","5","1","true","true","""546647065""","0.11833936367670178","0.11833936367670178","0.11833936367670178","0","0.11833936367670178"
"1","640","700","1000","1","""HK""","0.03","false","""normal""","1","""constant""","0.1","""Scale-free""","2","0","1","""uniform""","""deterministic-normal""","40","-0.3999999999999999","0.2","""normal""","0","0.8","false","""/home/ramaswamy.51/Documents/github/Spirals/Media/data/cluster/endsim/BehaviorSearch/Step6_Trial""","true","0.30000000000000004","1","5","1","true","true","""-259453458""","0.08203733349548942","0.08203733349548942","0.08203733349548942","0","0.08203733349548942"
"1","641","704","1000","1","""HK""","0.02","false","""normal""","1","""constant""","0","""Scale-free""","1","0","1","""uniform""","""deterministic-normal""","40","-0.5","0","""normal""","0","1","false","""/home/ramaswamy.51/Documents/github/Spirals/Media/data/cluster/endsim/BehaviorSearch/Step6_Trial""","true","0.30000000000000004","0.9","5","1","true","true","""767185085""","0.1743992956170435","0.1743992956170435","0.1743992956170435","0","0.1743992956170435"
"1","642","704","1000","1","""HK""","0.02","false","""normal""","1","""constant""","0","""Scale-free""","1","0","1","""uniform""","""deterministic-normal""","40","-0.5","0","""normal""","0","1","false","""/home/ramaswamy.51/Documents/github/Spirals/Media/data/cluster/endsim/BehaviorSearch/Step6_Trial""","true","0.30000000000000004","0.9","5","1","true","true","""1779865982""","0.15121591603852963","0.15121591603852963","0.15121591603852963","0","0.15121591603852963"
"1","643","704","1000","1","""HK""","0.02","false","""normal""","1","""constant""","0","""Scale-free""","1","0","1","""uniform""","""deterministic-normal""","40","-0.5","0","""normal""","0","1","false","""/home/ramaswamy.51/Documents/github/Spirals/Media/data/cluster/endsim/BehaviorSearch/Step6_Trial""","true","0.30000000000000004","0.9","5","1","true","true","""-487240727""","0.16328209280963749","0.16328209280963749","0.16328209280963749","0","0.16328209280963749"
"1","644","704","1000","1","""HK""","0.02","false","""normal""","1","""constant""","0","""Scale-free""","1","0","1","""uniform""","""deterministic-normal""","40","-0.5","0","""normal""","0","1","false","""/home/ramaswamy.51/Documents/github/Spirals/Media/data/cluster/endsim/BehaviorSearch/Step6_Trial""","true","0.30000000000000004","0.9","5","1","true","true","""1197521239""","0.1587589772478754","0.1587589772478754","0.1587589772478754","0","0.1587589772478754"
"1","645","708","1000","1","""HK""","0.03","false","""normal""","1","""constant""","0.1","""Scale-free""","2","0","1","""uniform""","""deterministic-normal""","40","-0.8","0","""normal""","0.10000000000000009","0.9","false","""/home/ramaswamy.51/Documents/github/Spirals/Media/data/cluster/endsim/BehaviorSearch/Step6_Trial""","true","0.30000000000000004","0.9","4","0.9000000000000001","true","true","""-400103860""","0.08085866489584226","0.08085866489584226","0.08085866489584226","0","0.08085866489584226"
"1","646","708","1000","1","""HK""","0.03","false","""normal""","1","""constant""","0.1","""Scale-free""","2","0","1","""uniform""","""deterministic-normal""","40","-0.8","0","""normal""","0.10000000000000009","0.9","false","""/home/ramaswamy.51/Documents/github/Spirals/Media/data/cluster/endsim/BehaviorSearch/Step6_Trial""","true","0.30000000000000004","0.9","4","0.9000000000000001","true","true","""-160182632""","0.09056240982636835","0.09056240982636835","0.09056240982636835","0","0.09056240982636835"
"1","647","708","1000","1","""HK""","0.03","false","""normal""","1","""constant""","0.1","""Scale-free""","2","0","1","""uniform""","""deterministic-normal""","40","-0.8","0","""normal""","0.10000000000000009","0.9","false","""/home/ramaswamy.51/Documents/github/Spirals/Media/data/cluster/endsim/BehaviorSearch/Step6_Trial""","true","0.30000000000000004","0.9","4","0.9000000000000001","true","true","""-871630626""","0.10181504520542604","0.10181504520542604","0.10181504520542604","0","0.10181504520542604"
"1","648","708","1000","1","""HK""","0.03","false","""normal""","1","""constant""","0.1","""Scale-free""","2","0","1","""uniform""","""deterministic-normal""","40","-0.8","0","""normal""","0.10000000000000009","0.9","false","""/home/ramaswamy.51/Documents/github/Spirals/Media/data/cluster/endsim/BehaviorSearch/Step6_Trial""","true","0.30000000000000004","0.9","4","0.9000000000000001","true","true","""-534070479""","0.1256205739019326","0.1256205739019326","0.1256205739019326","0","0.1256205739019326"
"1","649","712","1000","1","""HK""","0.03","false","""normal""","1","""constant""","0.1","""Scale-free""","2","0","1","""uniform""","""deterministic-normal""","40","-0.8","0","""normal""","0","0.8","false","""/home/ramaswamy.51/Documents/github/Spirals/Media/data/cluster/endsim/BehaviorSearch/Step6_Trial""","true","0.30000000000000004","0.7000000000000001","4","0.9000000000000001","true","true","""2085394752""","0.11721904413125538","0.11721904413125538","0.11721904413125538","0","0.11721904413125538"
"1","650","712","1000","1","""HK""","0.03","false","""normal""","1","""constant""","0.1","""Scale-free""","2","0","1","""uniform""","""deterministic-normal""","40","-0.8","0","""normal""","0","0.8","false","""/home/ramaswamy.51/Documents/github/Spirals/Media/data/cluster/endsim/BehaviorSearch/Step6_Trial""","true","0.30000000000000004","0.7000000000000001","4","0.9000000000000001","true","true","""-672562094""","0.09642367396871906","0.09642367396871906","0.09642367396871906","0","0.09642367396871906"
"1","651","712","1000","1","""HK""","0.03","false","""normal""","1","""constant""","0.1","""Scale-free""","2","0","1","""uniform""","""deterministic-normal""","40","-0.8","0","""normal""","0","0.8","false","""/home/ramaswamy.51/Documents/github/Spirals/Media/data/cluster/endsim/BehaviorSearch/Step6_Trial""","true","0.30000000000000004","0.7000000000000001","4","0.9000000000000001","true","true","""-42290892""","0.10388792346533303","0.10388792346533303","0.10388792346533303","0","0.10388792346533303"
"1","652","712","1000","1","""HK""","0.03","false","""normal""","1","""constant""","0.1","""Scale-free""","2","0","1","""uniform""","""deterministic-normal""","40","-0.8","0","""normal""","0","0.8","false","""/home/ramaswamy.51/Documents/github/Spirals/Media/data/cluster/endsim/BehaviorSearch/Step6_Trial""","true","0.30000000000000004","0.7000000000000001","4","0.9000000000000001","true","true","""1875514640""","0.0945824693749201","0.0945824693749201","0.0945824693749201","0","0.0945824693749201"
"1","653","716","1000","1","""HK""","0.03","false","""normal""","1","""constant""","0.1","""Scale-free""","1","0","1","""uniform""","""deterministic-normal""","40","-0.5","0","""normal""","-0.19999999999999996","0.8","false","""/home/ramaswamy.51/Documents/github/Spirals/Media/data/cluster/endsim/BehaviorSearch/Step6_Trial""","true","0.30000000000000004","0.8","4","1","true","true","""-822817693""","0.10888409475119207","0.10888409475119207","0.10888409475119207","0","0.10888409475119207"
"1","654","716","1000","1","""HK""","0.03","false","""normal""","1","""constant""","0.1","""Scale-free""","1","0","1","""uniform""","""deterministic-normal""","40","-0.5","0","""normal""","-0.19999999999999996","0.8","false","""/home/ramaswamy.51/Documents/github/Spirals/Media/data/cluster/endsim/BehaviorSearch/Step6_Trial""","true","0.30000000000000004","0.8","4","1","true","true","""-54432145""","0.09789450160692453","0.09789450160692453","0.09789450160692453","0","0.09789450160692453"
"1","655","716","1000","1","""HK""","0.03","false","""normal""","1","""constant""","0.1","""Scale-free""","1","0","1","""uniform""","""deterministic-normal""","40","-0.5","0","""normal""","-0.19999999999999996","0.8","false","""/home/ramaswamy.51/Documents/github/Spirals/Media/data/cluster/endsim/BehaviorSearch/Step6_Trial""","true","0.30000000000000004","0.8","4","1","true","true","""-1281280341""","0.11317317690382327","0.11317317690382327","0.11317317690382327","0","0.11317317690382327"
"1","656","716","1000","1","""HK""","0.03","false","""normal""","1","""constant""","0.1","""Scale-free""","1","0","1","""uniform""","""deterministic-normal""","40","-0.5","0","""normal""","-0.19999999999999996","0.8","false","""/home/ramaswamy.51/Documents/github/Spirals/Media/data/cluster/endsim/BehaviorSearch/Step6_Trial""","true","0.30000000000000004","0.8","4","1","true","true","""37453288""","0.10948107727611402","0.10948107727611402","0.10948107727611402","0","0.10948107727611402"
"1","657","720","1000","1","""HK""","0.03","false","""normal""","1","""constant""","0.1","""Scale-free""","2","0","1","""uniform""","""deterministic-normal""","40","-0.8","0.2","""normal""","0","0.9","false","""/home/ramaswamy.51/Documents/github/Spirals/Media/data/cluster/endsim/BehaviorSearch/Step6_Trial""","true","0.30000000000000004","0.9","5","1","true","true","""1061861343""","0.09632685327471302","0.09632685327471302","0.09632685327471302","0","0.09632685327471302"
"1","658","720","1000","1","""HK""","0.03","false","""normal""","1","""constant""","0.1","""Scale-free""","2","0","1","""uniform""","""deterministic-normal""","40","-0.8","0.2","""normal""","0","0.9","false","""/home/ramaswamy.51/Documents/github/Spirals/Media/data/cluster/endsim/BehaviorSearch/Step6_Trial""","true","0.30000000000000004","0.9","5","1","true","true","""-1790025032""","0.1053763547840256","0.1053763547840256","0.1053763547840256","0","0.1053763547840256"
"1","659","720","1000","1","""HK""","0.03","false","""normal""","1","""constant""","0.1","""Scale-free""","2","0","1","""uniform""","""deterministic-normal""","40","-0.8","0.2","""normal""","0","0.9","false","""/home/ramaswamy.51/Documents/github/Spirals/Media/data/cluster/endsim/BehaviorSearch/Step6_Trial""","true","0.30000000000000004","0.9","5","1","true","true","""-674893129""","0.08892349813435901","0.08892349813435901","0.08892349813435901","0","0.08892349813435901"
"1","660","720","1000","1","""HK""","0.03","false","""normal""","1","""constant""","0.1","""Scale-free""","2","0","1","""uniform""","""deterministic-normal""","40","-0.8","0.2","""normal""","0","0.9","false","""/home/ramaswamy.51/Documents/github/Spirals/Media/data/cluster/endsim/BehaviorSearch/Step6_Trial""","true","0.30000000000000004","0.9","5","1","true","true","""1607812941""","0.09475094862685714","0.09475094862685714","0.09475094862685714","0","0.09475094862685714"
"1","661","724","1000","1","""HK""","0.03","false","""normal""","1","""constant""","0.1","""Scale-free""","1","0","1","""uniform""","""deterministic-normal""","40","-0.5","0","""normal""","-0.19999999999999996","0.9","false","""/home/ramaswamy.51/Documents/github/Spirals/Media/data/cluster/endsim/BehaviorSearch/Step6_Trial""","true","0.30000000000000004","0.9","5","1","true","true","""617557038""","0.10163130144403815","0.10163130144403815","0.10163130144403815","0","0.10163130144403815"
"1","662","724","1000","1","""HK""","0.03","false","""normal""","1","""constant""","0.1","""Scale-free""","1","0","1","""uniform""","""deterministic-normal""","40","-0.5","0","""normal""","-0.19999999999999996","0.9","false","""/home/ramaswamy.51/Documents/github/Spirals/Media/data/cluster/endsim/BehaviorSearch/Step6_Trial""","true","0.30000000000000004","0.9","5","1","true","true","""-760524503""","0.09133348026064578","0.09133348026064578","0.09133348026064578","0","0.09133348026064578"
"1","663","724","1000","1","""HK""","0.03","false","""normal""","1","""constant""","0.1","""Scale-free""","1","0","1","""uniform""","""deterministic-normal""","40","-0.5","0","""normal""","-0.19999999999999996","0.9","false","""/home/ramaswamy.51/Documents/github/Spirals/Media/data/cluster/endsim/BehaviorSearch/Step6_Trial""","true","0.30000000000000004","0.9","5","1","true","true","""75214774""","0.09105955593422957","0.09105955593422957","0.09105955593422957","0","0.09105955593422957"
"1","664","724","1000","1","""HK""","0.03","false","""normal""","1","""constant""","0.1","""Scale-free""","1","0","1","""uniform""","""deterministic-normal""","40","-0.5","0","""normal""","-0.19999999999999996","0.9","false","""/home/ramaswamy.51/Documents/github/Spirals/Media/data/cluster/endsim/BehaviorSearch/Step6_Trial""","true","0.30000000000000004","0.9","5","1","true","true","""1963536598""","0.10214707594065903","0.10214707594065903","0.10214707594065903","0","0.10214707594065903"
"1","665","728","1000","1","""HK""","0.03","false","""normal""","1","""constant""","0.1","""Scale-free""","2","0","1","""uniform""","""deterministic-normal""","45","-0.3999999999999999","0.2","""normal""","-0.19999999999999996","0.9","false","""/home/ramaswamy.51/Documents/github/Spirals/Media/data/cluster/endsim/BehaviorSearch/Step6_Trial""","true","0.30000000000000004","0.9","4","0.9000000000000001","true","true","""-1730722047""","0.10898616426736657","0.10898616426736657","0.10898616426736657","0","0.10898616426736657"
"1","666","728","1000","1","""HK""","0.03","false","""normal""","1","""constant""","0.1","""Scale-free""","2","0","1","""uniform""","""deterministic-normal""","45","-0.3999999999999999","0.2","""normal""","-0.19999999999999996","0.9","false","""/home/ramaswamy.51/Documents/github/Spirals/Media/data/cluster/endsim/BehaviorSearch/Step6_Trial""","true","0.30000000000000004","0.9","4","0.9000000000000001","true","true","""569993498""","0.09662017758152841","0.09662017758152841","0.09662017758152841","0","0.09662017758152841"
"1","667","728","1000","1","""HK""","0.03","false","""normal""","1","""constant""","0.1","""Scale-free""","2","0","1","""uniform""","""deterministic-normal""","45","-0.3999999999999999","0.2","""normal""","-0.19999999999999996","0.9","false","""/home/ramaswamy.51/Documents/github/Spirals/Media/data/cluster/endsim/BehaviorSearch/Step6_Trial""","true","0.30000000000000004","0.9","4","0.9000000000000001","true","true","""643592335""","0.09986886943264887","0.09986886943264887","0.09986886943264887","0","0.09986886943264887"
"1","668","728","1000","1","""HK""","0.03","false","""normal""","1","""constant""","0.1","""Scale-free""","2","0","1","""uniform""","""deterministic-normal""","45","-0.3999999999999999","0.2","""normal""","-0.19999999999999996","0.9","false","""/home/ramaswamy.51/Documents/github/Spirals/Media/data/cluster/endsim/BehaviorSearch/Step6_Trial""","true","0.30000000000000004","0.9","4","0.9000000000000001","true","true","""1626851885""","0.08978221120961338","0.08978221120961338","0.08978221120961338","0","0.08978221120961338"
"1","669","732","1000","1","""HK""","0.060000000000000005","false","""normal""","1","""constant""","0.1","""Scale-free""","2","0","1","""uniform""","""deterministic-normal""","40","-0.29999999999999993","0.2","""normal""","-0.09999999999999998","0.9","false","""/home/ramaswamy.51/Documents/github/Spirals/Media/data/cluster/endsim/BehaviorSearch/Step6_Trial""","true","0.2","0.9","7","0.7000000000000002","true","true","""-1596083682""","0.07833554050057595","0.07833554050057595","0.07833554050057595","0","0.07833554050057595"
"1","670","732","1000","1","""HK""","0.060000000000000005","false","""normal""","1","""constant""","0.1","""Scale-free""","2","0","1","""uniform""","""deterministic-normal""","40","-0.29999999999999993","0.2","""normal""","-0.09999999999999998","0.9","false","""/home/ramaswamy.51/Documents/github/Spirals/Media/data/cluster/endsim/BehaviorSearch/Step6_Trial""","true","0.2","0.9","7","0.7000000000000002","true","true","""775530927""","0.098868218096588","0.098868218096588","0.098868218096588","0","0.098868218096588"
"1","671","732","1000","1","""HK""","0.060000000000000005","false","""normal""","1","""constant""","0.1","""Scale-free""","2","0","1","""uniform""","""deterministic-normal""","40","-0.29999999999999993","0.2","""normal""","-0.09999999999999998","0.9","false","""/home/ramaswamy.51/Documents/github/Spirals/Media/data/cluster/endsim/BehaviorSearch/Step6_Trial""","true","0.2","0.9","7","0.7000000000000002","true","true","""1570547777""","0.08026087441840143","0.08026087441840143","0.08026087441840143","0","0.08026087441840143"
"1","672","732","1000","1","""HK""","0.060000000000000005","false","""normal""","1","""constant""","0.1","""Scale-free""","2","0","1","""uniform""","""deterministic-normal""","40","-0.29999999999999993","0.2","""normal""","-0.09999999999999998","0.9","false","""/home/ramaswamy.51/Documents/github/Spirals/Media/data/cluster/endsim/BehaviorSearch/Step6_Trial""","true","0.2","0.9","7","0.7000000000000002","true","true","""-1785026961""","0.10700376890173599","0.10700376890173599","0.10700376890173599","0","0.10700376890173599"
"1","673","736","1000","1","""HK""","0.03","false","""normal""","1","""constant""","0.1","""Scale-free""","2","0","1","""uniform""","""deterministic-normal""","40","-0.3999999999999999","0","""normal""","0","0.9","false","""/home/ramaswamy.51/Documents/github/Spirals/Media/data/cluster/endsim/BehaviorSearch/Step6_Trial""","true","0.30000000000000004","0.9","4","0.9000000000000001","true","true","""277557188""","0.09690734105153183","0.09690734105153183","0.09690734105153183","0","0.09690734105153183"
"1","674","736","1000","1","""HK""","0.03","false","""normal""","1","""constant""","0.1","""Scale-free""","2","0","1","""uniform""","""deterministic-normal""","40","-0.3999999999999999","0","""normal""","0","0.9","false","""/home/ramaswamy.51/Documents/github/Spirals/Media/data/cluster/endsim/BehaviorSearch/Step6_Trial""","true","0.30000000000000004","0.9","4","0.9000000000000001","true","true","""-383293904""","0.08389241324287929","0.08389241324287929","0.08389241324287929","0","0.08389241324287929"
"1","675","736","1000","1","""HK""","0.03","false","""normal""","1","""constant""","0.1","""Scale-free""","2","0","1","""uniform""","""deterministic-normal""","40","-0.3999999999999999","0","""normal""","0","0.9","false","""/home/ramaswamy.51/Documents/github/Spirals/Media/data/cluster/endsim/BehaviorSearch/Step6_Trial""","true","0.30000000000000004","0.9","4","0.9000000000000001","true","true","""-146222284""","0.09703758480993749","0.09703758480993749","0.09703758480993749","0","0.09703758480993749"
"1","676","736","1000","1","""HK""","0.03","false","""normal""","1","""constant""","0.1","""Scale-free""","2","0","1","""uniform""","""deterministic-normal""","40","-0.3999999999999999","0","""normal""","0","0.9","false","""/home/ramaswamy.51/Documents/github/Spirals/Media/data/cluster/endsim/BehaviorSearch/Step6_Trial""","true","0.30000000000000004","0.9","4","0.9000000000000001","true","true","""957275039""","0.09966991263276419","0.09966991263276419","0.09966991263276419","0","0.09966991263276419"
"1","677","740","1000","1","""HK""","0.06999999999999999","false","""normal""","1","""constant""","0.1","""Scale-free""","2","0","1","""uniform""","""deterministic-normal""","40","-0.6","0.2","""normal""","-0.09999999999999998","0.9","false","""/home/ramaswamy.51/Documents/github/Spirals/Media/data/cluster/endsim/BehaviorSearch/Step6_Trial""","true","0.30000000000000004","0.9","4","0.9000000000000001","true","true","""1973272433""","0.08318138082692225","0.08318138082692225","0.08318138082692225","0","0.08318138082692225"
"1","678","740","1000","1","""HK""","0.06999999999999999","false","""normal""","1","""constant""","0.1","""Scale-free""","2","0","1","""uniform""","""deterministic-normal""","40","-0.6","0.2","""normal""","-0.09999999999999998","0.9","false","""/home/ramaswamy.51/Documents/github/Spirals/Media/data/cluster/endsim/BehaviorSearch/Step6_Trial""","true","0.30000000000000004","0.9","4","0.9000000000000001","true","true","""585679277""","0.10471185664562205","0.10471185664562205","0.10471185664562205","0","0.10471185664562205"
"1","679","740","1000","1","""HK""","0.06999999999999999","false","""normal""","1","""constant""","0.1","""Scale-free""","2","0","1","""uniform""","""deterministic-normal""","40","-0.6","0.2","""normal""","-0.09999999999999998","0.9","false","""/home/ramaswamy.51/Documents/github/Spirals/Media/data/cluster/endsim/BehaviorSearch/Step6_Trial""","true","0.30000000000000004","0.9","4","0.9000000000000001","true","true","""162393518""","0.09445257089738028","0.09445257089738028","0.09445257089738028","0","0.09445257089738028"
"1","680","740","1000","1","""HK""","0.06999999999999999","false","""normal""","1","""constant""","0.1","""Scale-free""","2","0","1","""uniform""","""deterministic-normal""","40","-0.6","0.2","""normal""","-0.09999999999999998","0.9","false","""/home/ramaswamy.51/Documents/github/Spirals/Media/data/cluster/endsim/BehaviorSearch/Step6_Trial""","true","0.30000000000000004","0.9","4","0.9000000000000001","true","true","""-1283088839""","0.10804223407661702","0.10804223407661702","0.10804223407661702","0","0.10804223407661702"
"1","681","748","1000","1","""HK""","0.03","false","""normal""","1","""constant""","0.1","""Scale-free""","2","0","1","""uniform""","""deterministic-normal""","40","-0.3999999999999999","0","""normal""","0","0.9","false","""/home/ramaswamy.51/Documents/github/Spirals/Media/data/cluster/endsim/BehaviorSearch/Step6_Trial""","true","0.4","1","5","1","true","true","""-293378328""","0.10667847500377689","0.10667847500377689","0.10667847500377689","0","0.10667847500377689"
"1","682","748","1000","1","""HK""","0.03","false","""normal""","1","""constant""","0.1","""Scale-free""","2","0","1","""uniform""","""deterministic-normal""","40","-0.3999999999999999","0","""normal""","0","0.9","false","""/home/ramaswamy.51/Documents/github/Spirals/Media/data/cluster/endsim/BehaviorSearch/Step6_Trial""","true","0.4","1","5","1","true","true","""-1774811114""","0.10314455360069456","0.10314455360069456","0.10314455360069456","0","0.10314455360069456"
"1","683","748","1000","1","""HK""","0.03","false","""normal""","1","""constant""","0.1","""Scale-free""","2","0","1","""uniform""","""deterministic-normal""","40","-0.3999999999999999","0","""normal""","0","0.9","false","""/home/ramaswamy.51/Documents/github/Spirals/Media/data/cluster/endsim/BehaviorSearch/Step6_Trial""","true","0.4","1","5","1","true","true","""130849096""","0.10943482973832343","0.10943482973832343","0.10943482973832343","0","0.10943482973832343"
"1","684","748","1000","1","""HK""","0.03","false","""normal""","1","""constant""","0.1","""Scale-free""","2","0","1","""uniform""","""deterministic-normal""","40","-0.3999999999999999","0","""normal""","0","0.9","false","""/home/ramaswamy.51/Documents/github/Spirals/Media/data/cluster/endsim/BehaviorSearch/Step6_Trial""","true","0.4","1","5","1","true","true","""-8207517""","0.12792099935286386","0.12792099935286386","0.12792099935286386","0","0.12792099935286386"
"1","685","752","1000","1","""HK""","0.02","false","""normal""","1","""constant""","0.1","""Scale-free""","2","0","1","""uniform""","""deterministic-normal""","35","-0.8","0","""normal""","0.30000000000000004","0.9","false","""/home/ramaswamy.51/Documents/github/Spirals/Media/data/cluster/endsim/BehaviorSearch/Step6_Trial""","true","0.2","1","6","0.8","true","true","""2038501014""","0.12377966645632636","0.12377966645632636","0.12377966645632636","0","0.12377966645632636"
"1","686","752","1000","1","""HK""","0.02","false","""normal""","1","""constant""","0.1","""Scale-free""","2","0","1","""uniform""","""deterministic-normal""","35","-0.8","0","""normal""","0.30000000000000004","0.9","false","""/home/ramaswamy.51/Documents/github/Spirals/Media/data/cluster/endsim/BehaviorSearch/Step6_Trial""","true","0.2","1","6","0.8","true","true","""1121968556""","0.12203639549538656","0.12203639549538656","0.12203639549538656","0","0.12203639549538656"
"1","687","752","1000","1","""HK""","0.02","false","""normal""","1","""constant""","0.1","""Scale-free""","2","0","1","""uniform""","""deterministic-normal""","35","-0.8","0","""normal""","0.30000000000000004","0.9","false","""/home/ramaswamy.51/Documents/github/Spirals/Media/data/cluster/endsim/BehaviorSearch/Step6_Trial""","true","0.2","1","6","0.8","true","true","""-1789482563""","0.11861446292292019","0.11861446292292019","0.11861446292292019","0","0.11861446292292019"
"1","688","752","1000","1","""HK""","0.02","false","""normal""","1","""constant""","0.1","""Scale-free""","2","0","1","""uniform""","""deterministic-normal""","35","-0.8","0","""normal""","0.30000000000000004","0.9","false","""/home/ramaswamy.51/Documents/github/Spirals/Media/data/cluster/endsim/BehaviorSearch/Step6_Trial""","true","0.2","1","6","0.8","true","true","""1708174647""","0.13487127877321384","0.13487127877321384","0.13487127877321384","0","0.13487127877321384"
"1","689","756","1000","1","""HK""","0.03","false","""normal""","1","""constant""","0.1","""Scale-free""","2","0","1","""uniform""","""deterministic-normal""","40","-0.3999999999999999","0.2","""normal""","0","0.9","false","""/home/ramaswamy.51/Documents/github/Spirals/Media/data/cluster/endsim/BehaviorSearch/Step6_Trial""","true","0.2","0.8","7","0.7000000000000002","true","true","""-1651911060""","0.07737656922942913","0.07737656922942913","0.07737656922942913","0","0.07737656922942913"
"1","690","756","1000","1","""HK""","0.03","false","""normal""","1","""constant""","0.1","""Scale-free""","2","0","1","""uniform""","""deterministic-normal""","40","-0.3999999999999999","0.2","""normal""","0","0.9","false","""/home/ramaswamy.51/Documents/github/Spirals/Media/data/cluster/endsim/BehaviorSearch/Step6_Trial""","true","0.2","0.8","7","0.7000000000000002","true","true","""1902318198""","0.10650122710531368","0.10650122710531368","0.10650122710531368","0","0.10650122710531368"
"1","691","756","1000","1","""HK""","0.03","false","""normal""","1","""constant""","0.1","""Scale-free""","2","0","1","""uniform""","""deterministic-normal""","40","-0.3999999999999999","0.2","""normal""","0","0.9","false","""/home/ramaswamy.51/Documents/github/Spirals/Media/data/cluster/endsim/BehaviorSearch/Step6_Trial""","true","0.2","0.8","7","0.7000000000000002","true","true","""-1986138700""","0.09794013426461487","0.09794013426461487","0.09794013426461487","0","0.09794013426461487"
"1","692","756","1000","1","""HK""","0.03","false","""normal""","1","""constant""","0.1","""Scale-free""","2","0","1","""uniform""","""deterministic-normal""","40","-0.3999999999999999","0.2","""normal""","0","0.9","false","""/home/ramaswamy.51/Documents/github/Spirals/Media/data/cluster/endsim/BehaviorSearch/Step6_Trial""","true","0.2","0.8","7","0.7000000000000002","true","true","""1986055255""","0.09286956653360069","0.09286956653360069","0.09286956653360069","0","0.09286956653360069"
"1","693","760","1000","1","""HK""","0.05","false","""normal""","1","""constant""","0.1","""Scale-free""","1","0","1","""uniform""","""deterministic-normal""","40","-0.5","0","""normal""","-0.19999999999999996","0.8","false","""/home/ramaswamy.51/Documents/github/Spirals/Media/data/cluster/endsim/BehaviorSearch/Step6_Trial""","true","0.30000000000000004","0.9","5","1","true","true","""-385040304""","0.0886070970484918","0.0886070970484918","0.0886070970484918","0","0.0886070970484918"
"1","694","760","1000","1","""HK""","0.05","false","""normal""","1","""constant""","0.1","""Scale-free""","1","0","1","""uniform""","""deterministic-normal""","40","-0.5","0","""normal""","-0.19999999999999996","0.8","false","""/home/ramaswamy.51/Documents/github/Spirals/Media/data/cluster/endsim/BehaviorSearch/Step6_Trial""","true","0.30000000000000004","0.9","5","1","true","true","""1268054284""","0.10684139836772553","0.10684139836772553","0.10684139836772553","0","0.10684139836772553"
"1","695","760","1000","1","""HK""","0.05","false","""normal""","1","""constant""","0.1","""Scale-free""","1","0","1","""uniform""","""deterministic-normal""","40","-0.5","0","""normal""","-0.19999999999999996","0.8","false","""/home/ramaswamy.51/Documents/github/Spirals/Media/data/cluster/endsim/BehaviorSearch/Step6_Trial""","true","0.30000000000000004","0.9","5","1","true","true","""1162494089""","0.0878536082970754","0.0878536082970754","0.0878536082970754","0","0.0878536082970754"
"1","696","760","1000","1","""HK""","0.05","false","""normal""","1","""constant""","0.1","""Scale-free""","1","0","1","""uniform""","""deterministic-normal""","40","-0.5","0","""normal""","-0.19999999999999996","0.8","false","""/home/ramaswamy.51/Documents/github/Spirals/Media/data/cluster/endsim/BehaviorSearch/Step6_Trial""","true","0.30000000000000004","0.9","5","1","true","true","""-1269377877""","0.10330299039029227","0.10330299039029227","0.10330299039029227","0","0.10330299039029227"
"1","697","764","1000","1","""HK""","0.01","false","""normal""","1","""constant""","0.1","""Scale-free""","1","0","1","""uniform""","""deterministic-normal""","45","-0.5","0","""normal""","0","0.8","false","""/home/ramaswamy.51/Documents/github/Spirals/Media/data/cluster/endsim/BehaviorSearch/Step6_Trial""","true","0.30000000000000004","1","6","1","true","true","""1459700227""","0.09708103040925307","0.09708103040925307","0.09708103040925307","0","0.09708103040925307"
"1","698","764","1000","1","""HK""","0.01","false","""normal""","1","""constant""","0.1","""Scale-free""","1","0","1","""uniform""","""deterministic-normal""","45","-0.5","0","""normal""","0","0.8","false","""/home/ramaswamy.51/Documents/github/Spirals/Media/data/cluster/endsim/BehaviorSearch/Step6_Trial""","true","0.30000000000000004","1","6","1","true","true","""605220403""","0.1101212466194804","0.1101212466194804","0.1101212466194804","0","0.1101212466194804"
"1","699","764","1000","1","""HK""","0.01","false","""normal""","1","""constant""","0.1","""Scale-free""","1","0","1","""uniform""","""deterministic-normal""","45","-0.5","0","""normal""","0","0.8","false","""/home/ramaswamy.51/Documents/github/Spirals/Media/data/cluster/endsim/BehaviorSearch/Step6_Trial""","true","0.30000000000000004","1","6","1","true","true","""-1378680078""","0.11110100698566461","0.11110100698566461","0.11110100698566461","0","0.11110100698566461"
"1","700","764","1000","1","""HK""","0.01","false","""normal""","1","""constant""","0.1","""Scale-free""","1","0","1","""uniform""","""deterministic-normal""","45","-0.5","0","""normal""","0","0.8","false","""/home/ramaswamy.51/Documents/github/Spirals/Media/data/cluster/endsim/BehaviorSearch/Step6_Trial""","true","0.30000000000000004","1","6","1","true","true","""1160351014""","0.09893660118798517","0.09893660118798517","0.09893660118798517","0","0.09893660118798517"
"1","701","768","1000","1","""HK""","0.01","false","""normal""","1","""constant""","0.2","""Scale-free""","1","0","1","""uniform""","""deterministic-normal""","40","-0.3999999999999999","0.1","""normal""","0","0.9","false","""/home/ramaswamy.51/Documents/github/Spirals/Media/data/cluster/endsim/BehaviorSearch/Step6_Trial""","true","0.30000000000000004","0.8","6","1","true","true","""-1921109955""","0.12926593345565093","0.12926593345565093","0.12926593345565093","0","0.12926593345565093"
"1","702","768","1000","1","""HK""","0.01","false","""normal""","1","""constant""","0.2","""Scale-free""","1","0","1","""uniform""","""deterministic-normal""","40","-0.3999999999999999","0.1","""normal""","0","0.9","false","""/home/ramaswamy.51/Documents/github/Spirals/Media/data/cluster/endsim/BehaviorSearch/Step6_Trial""","true","0.30000000000000004","0.8","6","1","true","true","""-1725215900""","0.11651632042878622","0.11651632042878622","0.11651632042878622","0","0.11651632042878622"
"1","703","768","1000","1","""HK""","0.01","false","""normal""","1","""constant""","0.2","""Scale-free""","1","0","1","""uniform""","""deterministic-normal""","40","-0.3999999999999999","0.1","""normal""","0","0.9","false","""/home/ramaswamy.51/Documents/github/Spirals/Media/data/cluster/endsim/BehaviorSearch/Step6_Trial""","true","0.30000000000000004","0.8","6","1","true","true","""927169347""","0.16404172698304048","0.16404172698304048","0.16404172698304048","0","0.16404172698304048"
"1","704","768","1000","1","""HK""","0.01","false","""normal""","1","""constant""","0.2","""Scale-free""","1","0","1","""uniform""","""deterministic-normal""","40","-0.3999999999999999","0.1","""normal""","0","0.9","false","""/home/ramaswamy.51/Documents/github/Spirals/Media/data/cluster/endsim/BehaviorSearch/Step6_Trial""","true","0.30000000000000004","0.8","6","1","true","true","""763799334""","0.14884225054100728","0.14884225054100728","0.14884225054100728","0","0.14884225054100728"
"1","705","772","1000","1","""HK""","0.03","false","""normal""","1","""constant""","0.1","""Scale-free""","2","0","1","""uniform""","""deterministic-normal""","40","-0.3999999999999999","0.2","""normal""","0","0.7000000000000001","false","""/home/ramaswamy.51/Documents/github/Spirals/Media/data/cluster/endsim/BehaviorSearch/Step6_Trial""","true","0.30000000000000004","1","6","0.8","true","true","""772133683""","0.09626993901945013","0.09626993901945013","0.09626993901945013","0","0.09626993901945013"
"1","706","772","1000","1","""HK""","0.03","false","""normal""","1","""constant""","0.1","""Scale-free""","2","0","1","""uniform""","""deterministic-normal""","40","-0.3999999999999999","0.2","""normal""","0","0.7000000000000001","false","""/home/ramaswamy.51/Documents/github/Spirals/Media/data/cluster/endsim/BehaviorSearch/Step6_Trial""","true","0.30000000000000004","1","6","0.8","true","true","""-2097242674""","0.11093914734843434","0.11093914734843434","0.11093914734843434","0","0.11093914734843434"
"1","707","772","1000","1","""HK""","0.03","false","""normal""","1","""constant""","0.1","""Scale-free""","2","0","1","""uniform""","""deterministic-normal""","40","-0.3999999999999999","0.2","""normal""","0","0.7000000000000001","false","""/home/ramaswamy.51/Documents/github/Spirals/Media/data/cluster/endsim/BehaviorSearch/Step6_Trial""","true","0.30000000000000004","1","6","0.8","true","true","""-625865153""","0.09706022834753596","0.09706022834753596","0.09706022834753596","0","0.09706022834753596"
"1","708","772","1000","1","""HK""","0.03","false","""normal""","1","""constant""","0.1","""Scale-free""","2","0","1","""uniform""","""deterministic-normal""","40","-0.3999999999999999","0.2","""normal""","0","0.7000000000000001","false","""/home/ramaswamy.51/Documents/github/Spirals/Media/data/cluster/endsim/BehaviorSearch/Step6_Trial""","true","0.30000000000000004","1","6","0.8","true","true","""-260586797""","0.09844917532745205","0.09844917532745205","0.09844917532745205","0","0.09844917532745205"
"1","709","776","1000","1","""HK""","0.03","false","""normal""","1","""constant""","0.1","""Scale-free""","2","0","1","""uniform""","""deterministic-normal""","40","-0.8","0.1","""normal""","0","0.9","false","""/home/ramaswamy.51/Documents/github/Spirals/Media/data/cluster/endsim/BehaviorSearch/Step6_Trial""","true","0.1","0.9","5","1","true","true","""-1725197967""","0.07708212486866212","0.07708212486866212","0.07708212486866212","0","0.07708212486866212"
"1","710","776","1000","1","""HK""","0.03","false","""normal""","1","""constant""","0.1","""Scale-free""","2","0","1","""uniform""","""deterministic-normal""","40","-0.8","0.1","""normal""","0","0.9","false","""/home/ramaswamy.51/Documents/github/Spirals/Media/data/cluster/endsim/BehaviorSearch/Step6_Trial""","true","0.1","0.9","5","1","true","true","""-2012611077""","0.07930674377059502","0.07930674377059502","0.07930674377059502","0","0.07930674377059502"
"1","711","776","1000","1","""HK""","0.03","false","""normal""","1","""constant""","0.1","""Scale-free""","2","0","1","""uniform""","""deterministic-normal""","40","-0.8","0.1","""normal""","0","0.9","false","""/home/ramaswamy.51/Documents/github/Spirals/Media/data/cluster/endsim/BehaviorSearch/Step6_Trial""","true","0.1","0.9","5","1","true","true","""-1510335693""","0.09077546401709106","0.09077546401709106","0.09077546401709106","0","0.09077546401709106"
"1","712","776","1000","1","""HK""","0.03","false","""normal""","1","""constant""","0.1","""Scale-free""","2","0","1","""uniform""","""deterministic-normal""","40","-0.8","0.1","""normal""","0","0.9","false","""/home/ramaswamy.51/Documents/github/Spirals/Media/data/cluster/endsim/BehaviorSearch/Step6_Trial""","true","0.1","0.9","5","1","true","true","""1968813149""","0.1160413169606671","0.1160413169606671","0.1160413169606671","0","0.1160413169606671"
"1","713","780","1000","1","""HK""","0.01","false","""normal""","1","""constant""","0.1","""Scale-free""","1","0","1","""uniform""","""deterministic-normal""","40","-0.5","0","""normal""","-0.29999999999999993","0.9","false","""/home/ramaswamy.51/Documents/github/Spirals/Media/data/cluster/endsim/BehaviorSearch/Step6_Trial""","true","0.30000000000000004","0.9","5","1","true","true","""-1467473449""","0.11479791061591615","0.11479791061591615","0.11479791061591615","0","0.11479791061591615"
"1","714","780","1000","1","""HK""","0.01","false","""normal""","1","""constant""","0.1","""Scale-free""","1","0","1","""uniform""","""deterministic-normal""","40","-0.5","0","""normal""","-0.29999999999999993","0.9","false","""/home/ramaswamy.51/Documents/github/Spirals/Media/data/cluster/endsim/BehaviorSearch/Step6_Trial""","true","0.30000000000000004","0.9","5","1","true","true","""1106512696""","0.10671425929901135","0.10671425929901135","0.10671425929901135","0","0.10671425929901135"
"1","715","780","1000","1","""HK""","0.01","false","""normal""","1","""constant""","0.1","""Scale-free""","1","0","1","""uniform""","""deterministic-normal""","40","-0.5","0","""normal""","-0.29999999999999993","0.9","false","""/home/ramaswamy.51/Documents/github/Spirals/Media/data/cluster/endsim/BehaviorSearch/Step6_Trial""","true","0.30000000000000004","0.9","5","1","true","true","""1723752477""","0.10391240522987646","0.10391240522987646","0.10391240522987646","0","0.10391240522987646"
"1","716","780","1000","1","""HK""","0.01","false","""normal""","1","""constant""","0.1","""Scale-free""","1","0","1","""uniform""","""deterministic-normal""","40","-0.5","0","""normal""","-0.29999999999999993","0.9","false","""/home/ramaswamy.51/Documents/github/Spirals/Media/data/cluster/endsim/BehaviorSearch/Step6_Trial""","true","0.30000000000000004","0.9","5","1","true","true","""303368461""","0.11842085576112547","0.11842085576112547","0.11842085576112547","0","0.11842085576112547"
"1","717","784","1000","1","""HK""","0.08","false","""normal""","1","""constant""","0.1","""Scale-free""","1","0","1","""uniform""","""deterministic-normal""","40","-0.29999999999999993","0.2","""normal""","-0.09999999999999998","0.9","false","""/home/ramaswamy.51/Documents/github/Spirals/Media/data/cluster/endsim/BehaviorSearch/Step6_Trial""","true","0.1","1","6","0.8","true","true","""1938725358""","0.11354062163335123","0.11354062163335123","0.11354062163335123","0","0.11354062163335123"
"1","718","784","1000","1","""HK""","0.08","false","""normal""","1","""constant""","0.1","""Scale-free""","1","0","1","""uniform""","""deterministic-normal""","40","-0.29999999999999993","0.2","""normal""","-0.09999999999999998","0.9","false","""/home/ramaswamy.51/Documents/github/Spirals/Media/data/cluster/endsim/BehaviorSearch/Step6_Trial""","true","0.1","1","6","0.8","true","true","""-1304454081""","0.12021288600988747","0.12021288600988747","0.12021288600988747","0","0.12021288600988747"
"1","719","784","1000","1","""HK""","0.08","false","""normal""","1","""constant""","0.1","""Scale-free""","1","0","1","""uniform""","""deterministic-normal""","40","-0.29999999999999993","0.2","""normal""","-0.09999999999999998","0.9","false","""/home/ramaswamy.51/Documents/github/Spirals/Media/data/cluster/endsim/BehaviorSearch/Step6_Trial""","true","0.1","1","6","0.8","true","true","""-1721917044""","0.13627726486371045","0.13627726486371045","0.13627726486371045","0","0.13627726486371045"
"1","720","784","1000","1","""HK""","0.08","false","""normal""","1","""constant""","0.1","""Scale-free""","1","0","1","""uniform""","""deterministic-normal""","40","-0.29999999999999993","0.2","""normal""","-0.09999999999999998","0.9","false","""/home/ramaswamy.51/Documents/github/Spirals/Media/data/cluster/endsim/BehaviorSearch/Step6_Trial""","true","0.1","1","6","0.8","true","true","""841418008""","0.12157874178085525","0.12157874178085525","0.12157874178085525","0","0.12157874178085525"
"1","721","788","1000","1","""HK""","0.04","false","""normal""","1","""constant""","0.1","""Scale-free""","2","0","1","""uniform""","""deterministic-normal""","40","-0.5","0","""normal""","0","0.8","false","""/home/ramaswamy.51/Documents/github/Spirals/Media/data/cluster/endsim/BehaviorSearch/Step6_Trial""","true","0.30000000000000004","1","5","1","true","true","""1701257195""","0.10621460294063198","0.10621460294063198","0.10621460294063198","0","0.10621460294063198"
"1","722","788","1000","1","""HK""","0.04","false","""normal""","1","""constant""","0.1","""Scale-free""","2","0","1","""uniform""","""deterministic-normal""","40","-0.5","0","""normal""","0","0.8","false","""/home/ramaswamy.51/Documents/github/Spirals/Media/data/cluster/endsim/BehaviorSearch/Step6_Trial""","true","0.30000000000000004","1","5","1","true","true","""684078099""","0.10528960138647002","0.10528960138647002","0.10528960138647002","0","0.10528960138647002"
"1","723","788","1000","1","""HK""","0.04","false","""normal""","1","""constant""","0.1","""Scale-free""","2","0","1","""uniform""","""deterministic-normal""","40","-0.5","0","""normal""","0","0.8","false","""/home/ramaswamy.51/Documents/github/Spirals/Media/data/cluster/endsim/BehaviorSearch/Step6_Trial""","true","0.30000000000000004","1","5","1","true","true","""-170569920""","0.10042436738339054","0.10042436738339054","0.10042436738339054","0","0.10042436738339054"
"1","724","788","1000","1","""HK""","0.04","false","""normal""","1","""constant""","0.1","""Scale-free""","2","0","1","""uniform""","""deterministic-normal""","40","-0.5","0","""normal""","0","0.8","false","""/home/ramaswamy.51/Documents/github/Spirals/Media/data/cluster/endsim/BehaviorSearch/Step6_Trial""","true","0.30000000000000004","1","5","1","true","true","""860466325""","0.09918960655026333","0.09918960655026333","0.09918960655026333","0","0.09918960655026333"
"1","725","792","1000","1","""HK""","0.03","false","""normal""","1","""constant""","0.1","""Scale-free""","2","0","1","""uniform""","""deterministic-normal""","40","-0.3999999999999999","0","""normal""","0","0.8","false","""/home/ramaswamy.51/Documents/github/Spirals/Media/data/cluster/endsim/BehaviorSearch/Step6_Trial""","true","0.30000000000000004","0.9","4","0.9000000000000001","true","true","""1862883440""","0.09913175730728294","0.09913175730728294","0.09913175730728294","0","0.09913175730728294"
"1","726","792","1000","1","""HK""","0.03","false","""normal""","1","""constant""","0.1","""Scale-free""","2","0","1","""uniform""","""deterministic-normal""","40","-0.3999999999999999","0","""normal""","0","0.8","false","""/home/ramaswamy.51/Documents/github/Spirals/Media/data/cluster/endsim/BehaviorSearch/Step6_Trial""","true","0.30000000000000004","0.9","4","0.9000000000000001","true","true","""-1662863927""","0.09380002700061824","0.09380002700061824","0.09380002700061824","0","0.09380002700061824"
"1","727","792","1000","1","""HK""","0.03","false","""normal""","1","""constant""","0.1","""Scale-free""","2","0","1","""uniform""","""deterministic-normal""","40","-0.3999999999999999","0","""normal""","0","0.8","false","""/home/ramaswamy.51/Documents/github/Spirals/Media/data/cluster/endsim/BehaviorSearch/Step6_Trial""","true","0.30000000000000004","0.9","4","0.9000000000000001","true","true","""-1662372195""","0.10187269588952524","0.10187269588952524","0.10187269588952524","0","0.10187269588952524"
"1","728","792","1000","1","""HK""","0.03","false","""normal""","1","""constant""","0.1","""Scale-free""","2","0","1","""uniform""","""deterministic-normal""","40","-0.3999999999999999","0","""normal""","0","0.8","false","""/home/ramaswamy.51/Documents/github/Spirals/Media/data/cluster/endsim/BehaviorSearch/Step6_Trial""","true","0.30000000000000004","0.9","4","0.9000000000000001","true","true","""-124691522""","0.11103133076060963","0.11103133076060963","0.11103133076060963","0","0.11103133076060963"
"1","729","796","1000","1","""HK""","0.03","false","""normal""","1","""constant""","0.1","""Scale-free""","2","0","1","""uniform""","""deterministic-normal""","40","-0.3999999999999999","0.2","""normal""","-0.19999999999999996","0.8","false","""/home/ramaswamy.51/Documents/github/Spirals/Media/data/cluster/endsim/BehaviorSearch/Step6_Trial""","true","0.1","0.9","5","0.8","true","true","""-694272547""","0.1010818998870267","0.1010818998870267","0.1010818998870267","0","0.1010818998870267"
"1","730","796","1000","1","""HK""","0.03","false","""normal""","1","""constant""","0.1","""Scale-free""","2","0","1","""uniform""","""deterministic-normal""","40","-0.3999999999999999","0.2","""normal""","-0.19999999999999996","0.8","false","""/home/ramaswamy.51/Documents/github/Spirals/Media/data/cluster/endsim/BehaviorSearch/Step6_Trial""","true","0.1","0.9","5","0.8","true","true","""-1137816706""","0.09574968046184654","0.09574968046184654","0.09574968046184654","0","0.09574968046184654"
"1","731","796","1000","1","""HK""","0.03","false","""normal""","1","""constant""","0.1","""Scale-free""","2","0","1","""uniform""","""deterministic-normal""","40","-0.3999999999999999","0.2","""normal""","-0.19999999999999996","0.8","false","""/home/ramaswamy.51/Documents/github/Spirals/Media/data/cluster/endsim/BehaviorSearch/Step6_Trial""","true","0.1","0.9","5","0.8","true","true","""993641046""","0.11640183176781721","0.11640183176781721","0.11640183176781721","0","0.11640183176781721"
"1","732","796","1000","1","""HK""","0.03","false","""normal""","1","""constant""","0.1","""Scale-free""","2","0","1","""uniform""","""deterministic-normal""","40","-0.3999999999999999","0.2","""normal""","-0.19999999999999996","0.8","false","""/home/ramaswamy.51/Documents/github/Spirals/Media/data/cluster/endsim/BehaviorSearch/Step6_Trial""","true","0.1","0.9","5","0.8","true","true","""-44702791""","0.09782910366808723","0.09782910366808723","0.09782910366808723","0","0.09782910366808723"
"1","733","800","1000","1","""HK""","0.01","false","""normal""","1","""constant""","0.1","""Scale-free""","1","0","1","""uniform""","""deterministic-normal""","40","-0.3999999999999999","0.2","""normal""","0","0.9","false","""/home/ramaswamy.51/Documents/github/Spirals/Media/data/cluster/endsim/BehaviorSearch/Step6_Trial""","true","0.30000000000000004","1","6","0.8","true","true","""-1399234694""","0.09627418126578374","0.09627418126578374","0.09627418126578374","0","0.09627418126578374"
"1","734","800","1000","1","""HK""","0.01","false","""normal""","1","""constant""","0.1","""Scale-free""","1","0","1","""uniform""","""deterministic-normal""","40","-0.3999999999999999","0.2","""normal""","0","0.9","false","""/home/ramaswamy.51/Documents/github/Spirals/Media/data/cluster/endsim/BehaviorSearch/Step6_Trial""","true","0.30000000000000004","1","6","0.8","true","true","""1780786078""","0.12008442392399313","0.12008442392399313","0.12008442392399313","0","0.12008442392399313"
"1","735","800","1000","1","""HK""","0.01","false","""normal""","1","""constant""","0.1","""Scale-free""","1","0","1","""uniform""","""deterministic-normal""","40","-0.3999999999999999","0.2","""normal""","0","0.9","false","""/home/ramaswamy.51/Documents/github/Spirals/Media/data/cluster/endsim/BehaviorSearch/Step6_Trial""","true","0.30000000000000004","1","6","0.8","true","true","""-240499624""","0.10830501943955065","0.10830501943955065","0.10830501943955065","0","0.10830501943955065"
"1","736","800","1000","1","""HK""","0.01","false","""normal""","1","""constant""","0.1","""Scale-free""","1","0","1","""uniform""","""deterministic-normal""","40","-0.3999999999999999","0.2","""normal""","0","0.9","false","""/home/ramaswamy.51/Documents/github/Spirals/Media/data/cluster/endsim/BehaviorSearch/Step6_Trial""","true","0.30000000000000004","1","6","0.8","true","true","""1790468456""","0.10316016162982718","0.10316016162982718","0.10316016162982718","0","0.10316016162982718"
"1","737","804","1000","1","""HK""","0.06999999999999999","false","""normal""","1","""constant""","0.1","""Scale-free""","2","0","1","""uniform""","""deterministic-normal""","40","-0.3999999999999999","0.2","""normal""","0","0.9","false","""/home/ramaswamy.51/Documents/github/Spirals/Media/data/cluster/endsim/BehaviorSearch/Step6_Trial""","true","0.30000000000000004","1","6","0.7000000000000002","true","true","""787333347""","0.09721392798553811","0.09721392798553811","0.09721392798553811","0","0.09721392798553811"
"1","738","804","1000","1","""HK""","0.06999999999999999","false","""normal""","1","""constant""","0.1","""Scale-free""","2","0","1","""uniform""","""deterministic-normal""","40","-0.3999999999999999","0.2","""normal""","0","0.9","false","""/home/ramaswamy.51/Documents/github/Spirals/Media/data/cluster/endsim/BehaviorSearch/Step6_Trial""","true","0.30000000000000004","1","6","0.7000000000000002","true","true","""2007864893""","0.10682326067588029","0.10682326067588029","0.10682326067588029","0","0.10682326067588029"
"1","739","804","1000","1","""HK""","0.06999999999999999","false","""normal""","1","""constant""","0.1","""Scale-free""","2","0","1","""uniform""","""deterministic-normal""","40","-0.3999999999999999","0.2","""normal""","0","0.9","false","""/home/ramaswamy.51/Documents/github/Spirals/Media/data/cluster/endsim/BehaviorSearch/Step6_Trial""","true","0.30000000000000004","1","6","0.7000000000000002","true","true","""-324163515""","0.08869941621453353","0.08869941621453353","0.08869941621453353","0","0.08869941621453353"
"1","740","804","1000","1","""HK""","0.06999999999999999","false","""normal""","1","""constant""","0.1","""Scale-free""","2","0","1","""uniform""","""deterministic-normal""","40","-0.3999999999999999","0.2","""normal""","0","0.9","false","""/home/ramaswamy.51/Documents/github/Spirals/Media/data/cluster/endsim/BehaviorSearch/Step6_Trial""","true","0.30000000000000004","1","6","0.7000000000000002","true","true","""-153114852""","0.11487547142121685","0.11487547142121685","0.11487547142121685","0","0.11487547142121685"
"1","741","808","1000","1","""HK""","0.05","false","""normal""","1","""constant""","0.1","""Scale-free""","2","0","1","""uniform""","""deterministic-normal""","40","-0.8","0.1","""normal""","0","0.9","false","""/home/ramaswamy.51/Documents/github/Spirals/Media/data/cluster/endsim/BehaviorSearch/Step6_Trial""","true","0.1","0.8","5","1","true","true","""1790353971""","0.07241098781136092","0.07241098781136092","0.07241098781136092","0","0.07241098781136092"
"1","742","808","1000","1","""HK""","0.05","false","""normal""","1","""constant""","0.1","""Scale-free""","2","0","1","""uniform""","""deterministic-normal""","40","-0.8","0.1","""normal""","0","0.9","false","""/home/ramaswamy.51/Documents/github/Spirals/Media/data/cluster/endsim/BehaviorSearch/Step6_Trial""","true","0.1","0.8","5","1","true","true","""1716618727""","0.08894775856912275","0.08894775856912275","0.08894775856912275","0","0.08894775856912275"
"1","743","808","1000","1","""HK""","0.05","false","""normal""","1","""constant""","0.1","""Scale-free""","2","0","1","""uniform""","""deterministic-normal""","40","-0.8","0.1","""normal""","0","0.9","false","""/home/ramaswamy.51/Documents/github/Spirals/Media/data/cluster/endsim/BehaviorSearch/Step6_Trial""","true","0.1","0.8","5","1","true","true","""-1026423158""","0.10622920496437124","0.10622920496437124","0.10622920496437124","0","0.10622920496437124"
"1","744","808","1000","1","""HK""","0.05","false","""normal""","1","""constant""","0.1","""Scale-free""","2","0","1","""uniform""","""deterministic-normal""","40","-0.8","0.1","""normal""","0","0.9","false","""/home/ramaswamy.51/Documents/github/Spirals/Media/data/cluster/endsim/BehaviorSearch/Step6_Trial""","true","0.1","0.8","5","1","true","true","""-163574959""","0.1256592989525031","0.1256592989525031","0.1256592989525031","0","0.1256592989525031"
"1","745","812","1000","1","""HK""","0.03","false","""normal""","1","""constant""","0.1","""Scale-free""","2","0","1","""uniform""","""deterministic-normal""","40","-0.29999999999999993","0.2","""normal""","0","0.9","false","""/home/ramaswamy.51/Documents/github/Spirals/Media/data/cluster/endsim/BehaviorSearch/Step6_Trial""","true","0.2","0.9","7","0.7000000000000002","true","true","""1662465058""","0.06837928283960933","0.06837928283960933","0.06837928283960933","0","0.06837928283960933"
"1","746","812","1000","1","""HK""","0.03","false","""normal""","1","""constant""","0.1","""Scale-free""","2","0","1","""uniform""","""deterministic-normal""","40","-0.29999999999999993","0.2","""normal""","0","0.9","false","""/home/ramaswamy.51/Documents/github/Spirals/Media/data/cluster/endsim/BehaviorSearch/Step6_Trial""","true","0.2","0.9","7","0.7000000000000002","true","true","""-1580900438""","0.09794627902004202","0.09794627902004202","0.09794627902004202","0","0.09794627902004202"
"1","747","812","1000","1","""HK""","0.03","false","""normal""","1","""constant""","0.1","""Scale-free""","2","0","1","""uniform""","""deterministic-normal""","40","-0.29999999999999993","0.2","""normal""","0","0.9","false","""/home/ramaswamy.51/Documents/github/Spirals/Media/data/cluster/endsim/BehaviorSearch/Step6_Trial""","true","0.2","0.9","7","0.7000000000000002","true","true","""-423540354""","0.09409147909213954","0.09409147909213954","0.09409147909213954","0","0.09409147909213954"
"1","748","812","1000","1","""HK""","0.03","false","""normal""","1","""constant""","0.1","""Scale-free""","2","0","1","""uniform""","""deterministic-normal""","40","-0.29999999999999993","0.2","""normal""","0","0.9","false","""/home/ramaswamy.51/Documents/github/Spirals/Media/data/cluster/endsim/BehaviorSearch/Step6_Trial""","true","0.2","0.9","7","0.7000000000000002","true","true","""-1922032169""","0.08764712961341652","0.08764712961341652","0.08764712961341652","0","0.08764712961341652"
"1","749","816","1000","1","""HK""","0.03","false","""normal""","1","""constant""","0.1","""Scale-free""","3","0","1","""uniform""","""deterministic-normal""","35","-0.3999999999999999","0.2","""normal""","0","0.9","false","""/home/ramaswamy.51/Documents/github/Spirals/Media/data/cluster/endsim/BehaviorSearch/Step6_Trial""","true","0.30000000000000004","1","6","0.8","true","true","""1122915548""","0.09009536138708163","0.09009536138708163","0.09009536138708163","0","0.09009536138708163"
"1","750","816","1000","1","""HK""","0.03","false","""normal""","1","""constant""","0.1","""Scale-free""","3","0","1","""uniform""","""deterministic-normal""","35","-0.3999999999999999","0.2","""normal""","0","0.9","false","""/home/ramaswamy.51/Documents/github/Spirals/Media/data/cluster/endsim/BehaviorSearch/Step6_Trial""","true","0.30000000000000004","1","6","0.8","true","true","""-385250516""","0.08654051153737098","0.08654051153737098","0.08654051153737098","0","0.08654051153737098"
"1","751","816","1000","1","""HK""","0.03","false","""normal""","1","""constant""","0.1","""Scale-free""","3","0","1","""uniform""","""deterministic-normal""","35","-0.3999999999999999","0.2","""normal""","0","0.9","false","""/home/ramaswamy.51/Documents/github/Spirals/Media/data/cluster/endsim/BehaviorSearch/Step6_Trial""","true","0.30000000000000004","1","6","0.8","true","true","""-1086332404""","0.10747815064309903","0.10747815064309903","0.10747815064309903","0","0.10747815064309903"
"1","752","816","1000","1","""HK""","0.03","false","""normal""","1","""constant""","0.1","""Scale-free""","3","0","1","""uniform""","""deterministic-normal""","35","-0.3999999999999999","0.2","""normal""","0","0.9","false","""/home/ramaswamy.51/Documents/github/Spirals/Media/data/cluster/endsim/BehaviorSearch/Step6_Trial""","true","0.30000000000000004","1","6","0.8","true","true","""-690185963""","0.1131557997777864","0.1131557997777864","0.1131557997777864","0","0.1131557997777864"
"1","753","820","1000","1","""HK""","0.01","false","""normal""","1","""constant""","0.1","""Scale-free""","1","0","1","""uniform""","""deterministic-normal""","40","-0.5","0","""normal""","0","0.8","false","""/home/ramaswamy.51/Documents/github/Spirals/Media/data/cluster/endsim/BehaviorSearch/Step6_Trial""","true","0.4","0.9","5","1","true","true","""-869469331""","0.11858495539549715","0.11858495539549715","0.11858495539549715","0","0.11858495539549715"
"1","754","820","1000","1","""HK""","0.01","false","""normal""","1","""constant""","0.1","""Scale-free""","1","0","1","""uniform""","""deterministic-normal""","40","-0.5","0","""normal""","0","0.8","false","""/home/ramaswamy.51/Documents/github/Spirals/Media/data/cluster/endsim/BehaviorSearch/Step6_Trial""","true","0.4","0.9","5","1","true","true","""1473191849""","0.10560034470955242","0.10560034470955242","0.10560034470955242","0","0.10560034470955242"
"1","755","820","1000","1","""HK""","0.01","false","""normal""","1","""constant""","0.1","""Scale-free""","1","0","1","""uniform""","""deterministic-normal""","40","-0.5","0","""normal""","0","0.8","false","""/home/ramaswamy.51/Documents/github/Spirals/Media/data/cluster/endsim/BehaviorSearch/Step6_Trial""","true","0.4","0.9","5","1","true","true","""-249641489""","0.10787635342484406","0.10787635342484406","0.10787635342484406","0","0.10787635342484406"
"1","756","820","1000","1","""HK""","0.01","false","""normal""","1","""constant""","0.1","""Scale-free""","1","0","1","""uniform""","""deterministic-normal""","40","-0.5","0","""normal""","0","0.8","false","""/home/ramaswamy.51/Documents/github/Spirals/Media/data/cluster/endsim/BehaviorSearch/Step6_Trial""","true","0.4","0.9","5","1","true","true","""2115809492""","0.09650755174475993","0.09650755174475993","0.09650755174475993","0","0.09650755174475993"
"1","757","824","1000","1","""HK""","0.01","false","""normal""","1","""constant""","0","""Scale-free""","1","0","1","""uniform""","""deterministic-normal""","40","-0.5","0","""normal""","0","0.9","false","""/home/ramaswamy.51/Documents/github/Spirals/Media/data/cluster/endsim/BehaviorSearch/Step6_Trial""","true","0.30000000000000004","1","6","0.8","true","true","""1655421050""","0.18286781911157915","0.18286781911157915","0.18286781911157915","0","0.18286781911157915"
"1","758","824","1000","1","""HK""","0.01","false","""normal""","1","""constant""","0","""Scale-free""","1","0","1","""uniform""","""deterministic-normal""","40","-0.5","0","""normal""","0","0.9","false","""/home/ramaswamy.51/Documents/github/Spirals/Media/data/cluster/endsim/BehaviorSearch/Step6_Trial""","true","0.30000000000000004","1","6","0.8","true","true","""9463559""","0.16284509418984155","0.16284509418984155","0.16284509418984155","0","0.16284509418984155"
"1","759","824","1000","1","""HK""","0.01","false","""normal""","1","""constant""","0","""Scale-free""","1","0","1","""uniform""","""deterministic-normal""","40","-0.5","0","""normal""","0","0.9","false","""/home/ramaswamy.51/Documents/github/Spirals/Media/data/cluster/endsim/BehaviorSearch/Step6_Trial""","true","0.30000000000000004","1","6","0.8","true","true","""1898657293""","0.157405599103933","0.157405599103933","0.157405599103933","0","0.157405599103933"
"1","760","824","1000","1","""HK""","0.01","false","""normal""","1","""constant""","0","""Scale-free""","1","0","1","""uniform""","""deterministic-normal""","40","-0.5","0","""normal""","0","0.9","false","""/home/ramaswamy.51/Documents/github/Spirals/Media/data/cluster/endsim/BehaviorSearch/Step6_Trial""","true","0.30000000000000004","1","6","0.8","true","true","""1270956710""","0.1417806191739525","0.1417806191739525","0.1417806191739525","0","0.1417806191739525"
"1","761","828","1000","1","""HK""","0.03","false","""normal""","1","""constant""","0","""Scale-free""","2","0","1","""uniform""","""deterministic-normal""","40","-0.3999999999999999","0.2","""normal""","0","0.9","false","""/home/ramaswamy.51/Documents/github/Spirals/Media/data/cluster/endsim/BehaviorSearch/Step6_Trial""","true","0.30000000000000004","1","6","0.8","true","true","""-2031714720""","0.16352465333321953","0.16352465333321953","0.16352465333321953","0","0.16352465333321953"
"1","762","828","1000","1","""HK""","0.03","false","""normal""","1","""constant""","0","""Scale-free""","2","0","1","""uniform""","""deterministic-normal""","40","-0.3999999999999999","0.2","""normal""","0","0.9","false","""/home/ramaswamy.51/Documents/github/Spirals/Media/data/cluster/endsim/BehaviorSearch/Step6_Trial""","true","0.30000000000000004","1","6","0.8","true","true","""-455305781""","0.17692277605615855","0.17692277605615855","0.17692277605615855","0","0.17692277605615855"
"1","763","828","1000","1","""HK""","0.03","false","""normal""","1","""constant""","0","""Scale-free""","2","0","1","""uniform""","""deterministic-normal""","40","-0.3999999999999999","0.2","""normal""","0","0.9","false","""/home/ramaswamy.51/Documents/github/Spirals/Media/data/cluster/endsim/BehaviorSearch/Step6_Trial""","true","0.30000000000000004","1","6","0.8","true","true","""-415105905""","0.15966127816552492","0.15966127816552492","0.15966127816552492","0","0.15966127816552492"
"1","764","828","1000","1","""HK""","0.03","false","""normal""","1","""constant""","0","""Scale-free""","2","0","1","""uniform""","""deterministic-normal""","40","-0.3999999999999999","0.2","""normal""","0","0.9","false","""/home/ramaswamy.51/Documents/github/Spirals/Media/data/cluster/endsim/BehaviorSearch/Step6_Trial""","true","0.30000000000000004","1","6","0.8","true","true","""1418627372""","0.16264393164768978","0.16264393164768978","0.16264393164768978","0","0.16264393164768978"
"1","765","832","1000","1","""HK""","0.01","false","""normal""","1","""constant""","0.1","""Scale-free""","2","0","1","""uniform""","""deterministic-normal""","40","-0.8","0.2","""normal""","0","0.9","false","""/home/ramaswamy.51/Documents/github/Spirals/Media/data/cluster/endsim/BehaviorSearch/Step6_Trial""","true","0.30000000000000004","0.9","5","1","true","true","""-390045342""","0.08148054358694956","0.08148054358694956","0.08148054358694956","0","0.08148054358694956"
"1","766","832","1000","1","""HK""","0.01","false","""normal""","1","""constant""","0.1","""Scale-free""","2","0","1","""uniform""","""deterministic-normal""","40","-0.8","0.2","""normal""","0","0.9","false","""/home/ramaswamy.51/Documents/github/Spirals/Media/data/cluster/endsim/BehaviorSearch/Step6_Trial""","true","0.30000000000000004","0.9","5","1","true","true","""-1946190976""","0.0980261529269876","0.0980261529269876","0.0980261529269876","0","0.0980261529269876"
"1","767","832","1000","1","""HK""","0.01","false","""normal""","1","""constant""","0.1","""Scale-free""","2","0","1","""uniform""","""deterministic-normal""","40","-0.8","0.2","""normal""","0","0.9","false","""/home/ramaswamy.51/Documents/github/Spirals/Media/data/cluster/endsim/BehaviorSearch/Step6_Trial""","true","0.30000000000000004","0.9","5","1","true","true","""1741817801""","0.09887784093178419","0.09887784093178419","0.09887784093178419","0","0.09887784093178419"
"1","768","832","1000","1","""HK""","0.01","false","""normal""","1","""constant""","0.1","""Scale-free""","2","0","1","""uniform""","""deterministic-normal""","40","-0.8","0.2","""normal""","0","0.9","false","""/home/ramaswamy.51/Documents/github/Spirals/Media/data/cluster/endsim/BehaviorSearch/Step6_Trial""","true","0.30000000000000004","0.9","5","1","true","true","""-372242164""","0.1010752753674119","0.1010752753674119","0.1010752753674119","0","0.1010752753674119"
"1","769","836","1000","1","""HK""","0.03","false","""normal""","1","""constant""","0.1","""Scale-free""","2","0","1","""uniform""","""deterministic-normal""","45","-0.29999999999999993","0.2","""normal""","0","0.9","false","""/home/ramaswamy.51/Documents/github/Spirals/Media/data/cluster/endsim/BehaviorSearch/Step6_Trial""","true","0.2","0.9","7","0.8","true","true","""-1997019983""","0.11365239803769894","0.11365239803769894","0.11365239803769894","0","0.11365239803769894"
"1","770","836","1000","1","""HK""","0.03","false","""normal""","1","""constant""","0.1","""Scale-free""","2","0","1","""uniform""","""deterministic-normal""","45","-0.29999999999999993","0.2","""normal""","0","0.9","false","""/home/ramaswamy.51/Documents/github/Spirals/Media/data/cluster/endsim/BehaviorSearch/Step6_Trial""","true","0.2","0.9","7","0.8","true","true","""-212761908""","0.1102074747683536","0.1102074747683536","0.1102074747683536","0","0.1102074747683536"
"1","771","836","1000","1","""HK""","0.03","false","""normal""","1","""constant""","0.1","""Scale-free""","2","0","1","""uniform""","""deterministic-normal""","45","-0.29999999999999993","0.2","""normal""","0","0.9","false","""/home/ramaswamy.51/Documents/github/Spirals/Media/data/cluster/endsim/BehaviorSearch/Step6_Trial""","true","0.2","0.9","7","0.8","true","true","""1667914013""","0.10606285728417215","0.10606285728417215","0.10606285728417215","0","0.10606285728417215"
"1","772","836","1000","1","""HK""","0.03","false","""normal""","1","""constant""","0.1","""Scale-free""","2","0","1","""uniform""","""deterministic-normal""","45","-0.29999999999999993","0.2","""normal""","0","0.9","false","""/home/ramaswamy.51/Documents/github/Spirals/Media/data/cluster/endsim/BehaviorSearch/Step6_Trial""","true","0.2","0.9","7","0.8","true","true","""-1078983817""","0.09218082438652546","0.09218082438652546","0.09218082438652546","0","0.09218082438652546"
"1","773","840","1000","1","""HK""","0.03","false","""normal""","1","""constant""","0.1","""Scale-free""","1","0","1","""uniform""","""deterministic-normal""","40","-0.5","0","""normal""","-0.29999999999999993","0.8","false","""/home/ramaswamy.51/Documents/github/Spirals/Media/data/cluster/endsim/BehaviorSearch/Step6_Trial""","true","0.30000000000000004","1","5","1","true","true","""-133665499""","0.12452092803549389","0.12452092803549389","0.12452092803549389","0","0.12452092803549389"
"1","774","840","1000","1","""HK""","0.03","false","""normal""","1","""constant""","0.1","""Scale-free""","1","0","1","""uniform""","""deterministic-normal""","40","-0.5","0","""normal""","-0.29999999999999993","0.8","false","""/home/ramaswamy.51/Documents/github/Spirals/Media/data/cluster/endsim/BehaviorSearch/Step6_Trial""","true","0.30000000000000004","1","5","1","true","true","""1231256102""","0.11941968091249566","0.11941968091249566","0.11941968091249566","0","0.11941968091249566"
"1","775","840","1000","1","""HK""","0.03","false","""normal""","1","""constant""","0.1","""Scale-free""","1","0","1","""uniform""","""deterministic-normal""","40","-0.5","0","""normal""","-0.29999999999999993","0.8","false","""/home/ramaswamy.51/Documents/github/Spirals/Media/data/cluster/endsim/BehaviorSearch/Step6_Trial""","true","0.30000000000000004","1","5","1","true","true","""-264835105""","0.11524926195746481","0.11524926195746481","0.11524926195746481","0","0.11524926195746481"
"1","776","840","1000","1","""HK""","0.03","false","""normal""","1","""constant""","0.1","""Scale-free""","1","0","1","""uniform""","""deterministic-normal""","40","-0.5","0","""normal""","-0.29999999999999993","0.8","false","""/home/ramaswamy.51/Documents/github/Spirals/Media/data/cluster/endsim/BehaviorSearch/Step6_Trial""","true","0.30000000000000004","1","5","1","true","true","""-83641571""","0.12991953187375438","0.12991953187375438","0.12991953187375438","0","0.12991953187375438"
"1","777","844","1000","1","""HK""","0.03","false","""normal""","1","""constant""","0.1","""Scale-free""","2","0","1","""uniform""","""deterministic-normal""","40","-0.5","0.1","""normal""","0","0.8","false","""/home/ramaswamy.51/Documents/github/Spirals/Media/data/cluster/endsim/BehaviorSearch/Step6_Trial""","true","0.4","1","5","1","true","true","""-357209934""","0.12273830908733903","0.12273830908733903","0.12273830908733903","0","0.12273830908733903"
"1","778","844","1000","1","""HK""","0.03","false","""normal""","1","""constant""","0.1","""Scale-free""","2","0","1","""uniform""","""deterministic-normal""","40","-0.5","0.1","""normal""","0","0.8","false","""/home/ramaswamy.51/Documents/github/Spirals/Media/data/cluster/endsim/BehaviorSearch/Step6_Trial""","true","0.4","1","5","1","true","true","""-155416277""","0.10303444206977924","0.10303444206977924","0.10303444206977924","0","0.10303444206977924"
"1","779","844","1000","1","""HK""","0.03","false","""normal""","1","""constant""","0.1","""Scale-free""","2","0","1","""uniform""","""deterministic-normal""","40","-0.5","0.1","""normal""","0","0.8","false","""/home/ramaswamy.51/Documents/github/Spirals/Media/data/cluster/endsim/BehaviorSearch/Step6_Trial""","true","0.4","1","5","1","true","true","""-1187151062""","0.12457543395417067","0.12457543395417067","0.12457543395417067","0","0.12457543395417067"
"1","780","844","1000","1","""HK""","0.03","false","""normal""","1","""constant""","0.1","""Scale-free""","2","0","1","""uniform""","""deterministic-normal""","40","-0.5","0.1","""normal""","0","0.8","false","""/home/ramaswamy.51/Documents/github/Spirals/Media/data/cluster/endsim/BehaviorSearch/Step6_Trial""","true","0.4","1","5","1","true","true","""-1833785505""","0.11820770820966307","0.11820770820966307","0.11820770820966307","0","0.11820770820966307"
"1","781","848","1000","1","""HK""","0.01","false","""normal""","1","""constant""","0.1","""Scale-free""","1","0","1","""uniform""","""deterministic-normal""","40","-0.5","0.2","""normal""","0","0.9","false","""/home/ramaswamy.51/Documents/github/Spirals/Media/data/cluster/endsim/BehaviorSearch/Step6_Trial""","true","0.30000000000000004","1","6","0.7000000000000002","true","true","""-327586414""","0.10704019542773699","0.10704019542773699","0.10704019542773699","0","0.10704019542773699"
"1","782","848","1000","1","""HK""","0.01","false","""normal""","1","""constant""","0.1","""Scale-free""","1","0","1","""uniform""","""deterministic-normal""","40","-0.5","0.2","""normal""","0","0.9","false","""/home/ramaswamy.51/Documents/github/Spirals/Media/data/cluster/endsim/BehaviorSearch/Step6_Trial""","true","0.30000000000000004","1","6","0.7000000000000002","true","true","""-1334396132""","0.1084444613309869","0.1084444613309869","0.1084444613309869","0","0.1084444613309869"
"1","783","848","1000","1","""HK""","0.01","false","""normal""","1","""constant""","0.1","""Scale-free""","1","0","1","""uniform""","""deterministic-normal""","40","-0.5","0.2","""normal""","0","0.9","false","""/home/ramaswamy.51/Documents/github/Spirals/Media/data/cluster/endsim/BehaviorSearch/Step6_Trial""","true","0.30000000000000004","1","6","0.7000000000000002","true","true","""247350204""","0.10596146710538708","0.10596146710538708","0.10596146710538708","0","0.10596146710538708"
"1","784","848","1000","1","""HK""","0.01","false","""normal""","1","""constant""","0.1","""Scale-free""","1","0","1","""uniform""","""deterministic-normal""","40","-0.5","0.2","""normal""","0","0.9","false","""/home/ramaswamy.51/Documents/github/Spirals/Media/data/cluster/endsim/BehaviorSearch/Step6_Trial""","true","0.30000000000000004","1","6","0.7000000000000002","true","true","""1461217272""","0.11647860297031566","0.11647860297031566","0.11647860297031566","0","0.11647860297031566"
"1","785","852","1000","1","""HK""","0.03","false","""normal""","1","""constant""","0.1","""Scale-free""","2","0","1","""uniform""","""deterministic-normal""","40","-0.3999999999999999","0.30000000000000004","""normal""","0","0.8","false","""/home/ramaswamy.51/Documents/github/Spirals/Media/data/cluster/endsim/BehaviorSearch/Step6_Trial""","true","0.30000000000000004","1","4","0.9000000000000001","true","true","""-1850525966""","0.10723343612897142","0.10723343612897142","0.10723343612897142","0","0.10723343612897142"
"1","786","852","1000","1","""HK""","0.03","false","""normal""","1","""constant""","0.1","""Scale-free""","2","0","1","""uniform""","""deterministic-normal""","40","-0.3999999999999999","0.30000000000000004","""normal""","0","0.8","false","""/home/ramaswamy.51/Documents/github/Spirals/Media/data/cluster/endsim/BehaviorSearch/Step6_Trial""","true","0.30000000000000004","1","4","0.9000000000000001","true","true","""-1748405832""","0.09398718529050824","0.09398718529050824","0.09398718529050824","0","0.09398718529050824"
"1","787","852","1000","1","""HK""","0.03","false","""normal""","1","""constant""","0.1","""Scale-free""","2","0","1","""uniform""","""deterministic-normal""","40","-0.3999999999999999","0.30000000000000004","""normal""","0","0.8","false","""/home/ramaswamy.51/Documents/github/Spirals/Media/data/cluster/endsim/BehaviorSearch/Step6_Trial""","true","0.30000000000000004","1","4","0.9000000000000001","true","true","""-1357041283""","0.08681241553841589","0.08681241553841589","0.08681241553841589","0","0.08681241553841589"
"1","788","852","1000","1","""HK""","0.03","false","""normal""","1","""constant""","0.1","""Scale-free""","2","0","1","""uniform""","""deterministic-normal""","40","-0.3999999999999999","0.30000000000000004","""normal""","0","0.8","false","""/home/ramaswamy.51/Documents/github/Spirals/Media/data/cluster/endsim/BehaviorSearch/Step6_Trial""","true","0.30000000000000004","1","4","0.9000000000000001","true","true","""-1692095315""","0.10434412710772546","0.10434412710772546","0.10434412710772546","0","0.10434412710772546"
"1","789","856","1000","1","""HK""","0.03","false","""normal""","1","""constant""","0.1","""Scale-free""","2","0","1","""uniform""","""deterministic-normal""","40","-0.29999999999999993","0.30000000000000004","""normal""","0","0.9","false","""/home/ramaswamy.51/Documents/github/Spirals/Media/data/cluster/endsim/BehaviorSearch/Step6_Trial""","true","0.1","1","7","0.8","true","true","""726125919""","0.0984700059406443","0.0984700059406443","0.0984700059406443","0","0.0984700059406443"
"1","790","856","1000","1","""HK""","0.03","false","""normal""","1","""constant""","0.1","""Scale-free""","2","0","1","""uniform""","""deterministic-normal""","40","-0.29999999999999993","0.30000000000000004","""normal""","0","0.9","false","""/home/ramaswamy.51/Documents/github/Spirals/Media/data/cluster/endsim/BehaviorSearch/Step6_Trial""","true","0.1","1","7","0.8","true","true","""-1520901076""","0.09469607282529331","0.09469607282529331","0.09469607282529331","0","0.09469607282529331"
"1","791","856","1000","1","""HK""","0.03","false","""normal""","1","""constant""","0.1","""Scale-free""","2","0","1","""uniform""","""deterministic-normal""","40","-0.29999999999999993","0.30000000000000004","""normal""","0","0.9","false","""/home/ramaswamy.51/Documents/github/Spirals/Media/data/cluster/endsim/BehaviorSearch/Step6_Trial""","true","0.1","1","7","0.8","true","true","""195711797""","0.10375644002080678","0.10375644002080678","0.10375644002080678","0","0.10375644002080678"
"1","792","856","1000","1","""HK""","0.03","false","""normal""","1","""constant""","0.1","""Scale-free""","2","0","1","""uniform""","""deterministic-normal""","40","-0.29999999999999993","0.30000000000000004","""normal""","0","0.9","false","""/home/ramaswamy.51/Documents/github/Spirals/Media/data/cluster/endsim/BehaviorSearch/Step6_Trial""","true","0.1","1","7","0.8","true","true","""-1774053834""","0.09181454794026127","0.09181454794026127","0.09181454794026127","0","0.09181454794026127"
"1","793","860","1000","1","""HK""","0.03","false","""normal""","1","""constant""","0.1","""Scale-free""","2","0","1","""uniform""","""deterministic-normal""","40","-0.19999999999999996","0.2","""normal""","0","0.9","false","""/home/ramaswamy.51/Documents/github/Spirals/Media/data/cluster/endsim/BehaviorSearch/Step6_Trial""","true","0.2","0.9","7","0.7000000000000002","true","true","""-597970703""","0.09648479855005149","0.09648479855005149","0.09648479855005149","0","0.09648479855005149"
"1","794","860","1000","1","""HK""","0.03","false","""normal""","1","""constant""","0.1","""Scale-free""","2","0","1","""uniform""","""deterministic-normal""","40","-0.19999999999999996","0.2","""normal""","0","0.9","false","""/home/ramaswamy.51/Documents/github/Spirals/Media/data/cluster/endsim/BehaviorSearch/Step6_Trial""","true","0.2","0.9","7","0.7000000000000002","true","true","""717317586""","0.12653040126405643","0.12653040126405643","0.12653040126405643","0","0.12653040126405643"
"1","795","860","1000","1","""HK""","0.03","false","""normal""","1","""constant""","0.1","""Scale-free""","2","0","1","""uniform""","""deterministic-normal""","40","-0.19999999999999996","0.2","""normal""","0","0.9","false","""/home/ramaswamy.51/Documents/github/Spirals/Media/data/cluster/endsim/BehaviorSearch/Step6_Trial""","true","0.2","0.9","7","0.7000000000000002","true","true","""-12309961""","0.10260059520450214","0.10260059520450214","0.10260059520450214","0","0.10260059520450214"
"1","796","860","1000","1","""HK""","0.03","false","""normal""","1","""constant""","0.1","""Scale-free""","2","0","1","""uniform""","""deterministic-normal""","40","-0.19999999999999996","0.2","""normal""","0","0.9","false","""/home/ramaswamy.51/Documents/github/Spirals/Media/data/cluster/endsim/BehaviorSearch/Step6_Trial""","true","0.2","0.9","7","0.7000000000000002","true","true","""-728846838""","0.09315648517867489","0.09315648517867489","0.09315648517867489","0","0.09315648517867489"
"1","797","864","1000","1","""HK""","0.03","false","""normal""","1","""constant""","0.1","""Scale-free""","2","0","1","""uniform""","""deterministic-normal""","40","-0.8","0.1","""normal""","0","0.9","false","""/home/ramaswamy.51/Documents/github/Spirals/Media/data/cluster/endsim/BehaviorSearch/Step6_Trial""","true","0","0.9","4","1","true","true","""1630724823""","0.12392049441214327","0.12392049441214327","0.12392049441214327","0","0.12392049441214327"
"1","798","864","1000","1","""HK""","0.03","false","""normal""","1","""constant""","0.1","""Scale-free""","2","0","1","""uniform""","""deterministic-normal""","40","-0.8","0.1","""normal""","0","0.9","false","""/home/ramaswamy.51/Documents/github/Spirals/Media/data/cluster/endsim/BehaviorSearch/Step6_Trial""","true","0","0.9","4","1","true","true","""426600236""","0.10993626444717491","0.10993626444717491","0.10993626444717491","0","0.10993626444717491"
"1","799","864","1000","1","""HK""","0.03","false","""normal""","1","""constant""","0.1","""Scale-free""","2","0","1","""uniform""","""deterministic-normal""","40","-0.8","0.1","""normal""","0","0.9","false","""/home/ramaswamy.51/Documents/github/Spirals/Media/data/cluster/endsim/BehaviorSearch/Step6_Trial""","true","0","0.9","4","1","true","true","""934156237""","0.10154478719309298","0.10154478719309298","0.10154478719309298","0","0.10154478719309298"
"1","800","864","1000","1","""HK""","0.03","false","""normal""","1","""constant""","0.1","""Scale-free""","2","0","1","""uniform""","""deterministic-normal""","40","-0.8","0.1","""normal""","0","0.9","false","""/home/ramaswamy.51/Documents/github/Spirals/Media/data/cluster/endsim/BehaviorSearch/Step6_Trial""","true","0","0.9","4","1","true","true","""-145566772""","0.1266905505822853","0.1266905505822853","0.1266905505822853","0","0.1266905505822853"
"1","801","868","1000","1","""HK""","0.05","false","""normal""","1","""constant""","0.2","""Scale-free""","2","0","1","""uniform""","""deterministic-normal""","30","-0.8","0","""normal""","0","0.9","false","""/home/ramaswamy.51/Documents/github/Spirals/Media/data/cluster/endsim/BehaviorSearch/Step6_Trial""","true","0.30000000000000004","0.9","4","0.9000000000000001","true","true","""-958667933""","0.1842408811086858","0.1842408811086858","0.1842408811086858","0","0.1842408811086858"
"1","802","868","1000","1","""HK""","0.05","false","""normal""","1","""constant""","0.2","""Scale-free""","2","0","1","""uniform""","""deterministic-normal""","30","-0.8","0","""normal""","0","0.9","false","""/home/ramaswamy.51/Documents/github/Spirals/Media/data/cluster/endsim/BehaviorSearch/Step6_Trial""","true","0.30000000000000004","0.9","4","0.9000000000000001","true","true","""1899651962""","0.1751148842248078","0.1751148842248078","0.1751148842248078","0","0.1751148842248078"
"1","803","868","1000","1","""HK""","0.05","false","""normal""","1","""constant""","0.2","""Scale-free""","2","0","1","""uniform""","""deterministic-normal""","30","-0.8","0","""normal""","0","0.9","false","""/home/ramaswamy.51/Documents/github/Spirals/Media/data/cluster/endsim/BehaviorSearch/Step6_Trial""","true","0.30000000000000004","0.9","4","0.9000000000000001","true","true","""-775556200""","0.1706178202838841","0.1706178202838841","0.1706178202838841","0","0.1706178202838841"
"1","804","868","1000","1","""HK""","0.05","false","""normal""","1","""constant""","0.2","""Scale-free""","2","0","1","""uniform""","""deterministic-normal""","30","-0.8","0","""normal""","0","0.9","false","""/home/ramaswamy.51/Documents/github/Spirals/Media/data/cluster/endsim/BehaviorSearch/Step6_Trial""","true","0.30000000000000004","0.9","4","0.9000000000000001","true","true","""-1580400026""","0.15624699991177993","0.15624699991177993","0.15624699991177993","0","0.15624699991177993"
"1","805","872","1000","1","""HK""","0.06999999999999999","false","""normal""","1","""constant""","0.1","""Scale-free""","2","0","1","""uniform""","""deterministic-normal""","40","-0.3999999999999999","0.2","""normal""","0","0.9","false","""/home/ramaswamy.51/Documents/github/Spirals/Media/data/cluster/endsim/BehaviorSearch/Step6_Trial""","true","0.30000000000000004","0.9","6","0.8","true","true","""-1864814014""","0.11383830980253144","0.11383830980253144","0.11383830980253144","0","0.11383830980253144"
"1","806","872","1000","1","""HK""","0.06999999999999999","false","""normal""","1","""constant""","0.1","""Scale-free""","2","0","1","""uniform""","""deterministic-normal""","40","-0.3999999999999999","0.2","""normal""","0","0.9","false","""/home/ramaswamy.51/Documents/github/Spirals/Media/data/cluster/endsim/BehaviorSearch/Step6_Trial""","true","0.30000000000000004","0.9","6","0.8","true","true","""-975687573""","0.11192821442803046","0.11192821442803046","0.11192821442803046","0","0.11192821442803046"
"1","807","872","1000","1","""HK""","0.06999999999999999","false","""normal""","1","""constant""","0.1","""Scale-free""","2","0","1","""uniform""","""deterministic-normal""","40","-0.3999999999999999","0.2","""normal""","0","0.9","false","""/home/ramaswamy.51/Documents/github/Spirals/Media/data/cluster/endsim/BehaviorSearch/Step6_Trial""","true","0.30000000000000004","0.9","6","0.8","true","true","""244635591""","0.09328423875528619","0.09328423875528619","0.09328423875528619","0","0.09328423875528619"
"1","808","872","1000","1","""HK""","0.06999999999999999","false","""normal""","1","""constant""","0.1","""Scale-free""","2","0","1","""uniform""","""deterministic-normal""","40","-0.3999999999999999","0.2","""normal""","0","0.9","false","""/home/ramaswamy.51/Documents/github/Spirals/Media/data/cluster/endsim/BehaviorSearch/Step6_Trial""","true","0.30000000000000004","0.9","6","0.8","true","true","""1841269972""","0.08229094911656301","0.08229094911656301","0.08229094911656301","0","0.08229094911656301"
"1","809","876","1000","1","""HK""","0.03","false","""normal""","1","""constant""","0.1","""Scale-free""","2","0","1","""uniform""","""deterministic-normal""","35","-0.09999999999999998","0.2","""normal""","-0.09999999999999998","0.8","false","""/home/ramaswamy.51/Documents/github/Spirals/Media/data/cluster/endsim/BehaviorSearch/Step6_Trial""","true","0.2","0.9","6","0.7000000000000002","true","true","""-136958538""","0.10060339622738672","0.10060339622738672","0.10060339622738672","0","0.10060339622738672"
"1","810","876","1000","1","""HK""","0.03","false","""normal""","1","""constant""","0.1","""Scale-free""","2","0","1","""uniform""","""deterministic-normal""","35","-0.09999999999999998","0.2","""normal""","-0.09999999999999998","0.8","false","""/home/ramaswamy.51/Documents/github/Spirals/Media/data/cluster/endsim/BehaviorSearch/Step6_Trial""","true","0.2","0.9","6","0.7000000000000002","true","true","""795434769""","0.10518593835665525","0.10518593835665525","0.10518593835665525","0","0.10518593835665525"
"1","811","876","1000","1","""HK""","0.03","false","""normal""","1","""constant""","0.1","""Scale-free""","2","0","1","""uniform""","""deterministic-normal""","35","-0.09999999999999998","0.2","""normal""","-0.09999999999999998","0.8","false","""/home/ramaswamy.51/Documents/github/Spirals/Media/data/cluster/endsim/BehaviorSearch/Step6_Trial""","true","0.2","0.9","6","0.7000000000000002","true","true","""-316092539""","0.10717592653883891","0.10717592653883891","0.10717592653883891","0","0.10717592653883891"
"1","812","876","1000","1","""HK""","0.03","false","""normal""","1","""constant""","0.1","""Scale-free""","2","0","1","""uniform""","""deterministic-normal""","35","-0.09999999999999998","0.2","""normal""","-0.09999999999999998","0.8","false","""/home/ramaswamy.51/Documents/github/Spirals/Media/data/cluster/endsim/BehaviorSearch/Step6_Trial""","true","0.2","0.9","6","0.7000000000000002","true","true","""680445192""","0.11542263089218517","0.11542263089218517","0.11542263089218517","0","0.11542263089218517"
"1","813","880","1000","1","""HK""","0.03","false","""normal""","1","""constant""","0.1","""Scale-free""","2","0","1","""uniform""","""deterministic-normal""","40","-0.3999999999999999","0.2","""normal""","0","0.9","false","""/home/ramaswamy.51/Documents/github/Spirals/Media/data/cluster/endsim/BehaviorSearch/Step6_Trial""","true","0.2","1","7","0.7000000000000002","true","true","""-2051406487""","0.08198410581268248","0.08198410581268248","0.08198410581268248","0","0.08198410581268248"
"1","814","880","1000","1","""HK""","0.03","false","""normal""","1","""constant""","0.1","""Scale-free""","2","0","1","""uniform""","""deterministic-normal""","40","-0.3999999999999999","0.2","""normal""","0","0.9","false","""/home/ramaswamy.51/Documents/github/Spirals/Media/data/cluster/endsim/BehaviorSearch/Step6_Trial""","true","0.2","1","7","0.7000000000000002","true","true","""-1161427253""","0.10608906473027276","0.10608906473027276","0.10608906473027276","0","0.10608906473027276"
"1","815","880","1000","1","""HK""","0.03","false","""normal""","1","""constant""","0.1","""Scale-free""","2","0","1","""uniform""","""deterministic-normal""","40","-0.3999999999999999","0.2","""normal""","0","0.9","false","""/home/ramaswamy.51/Documents/github/Spirals/Media/data/cluster/endsim/BehaviorSearch/Step6_Trial""","true","0.2","1","7","0.7000000000000002","true","true","""1448779382""","0.08436222902076321","0.08436222902076321","0.08436222902076321","0","0.08436222902076321"
"1","816","880","1000","1","""HK""","0.03","false","""normal""","1","""constant""","0.1","""Scale-free""","2","0","1","""uniform""","""deterministic-normal""","40","-0.3999999999999999","0.2","""normal""","0","0.9","false","""/home/ramaswamy.51/Documents/github/Spirals/Media/data/cluster/endsim/BehaviorSearch/Step6_Trial""","true","0.2","1","7","0.7000000000000002","true","true","""-395692104""","0.08999596353520536","0.08999596353520536","0.08999596353520536","0","0.08999596353520536"
"1","817","884","1000","1","""HK""","0.03","false","""normal""","1","""constant""","0.1","""Scale-free""","2","0","1","""uniform""","""deterministic-normal""","45","-0.8","0","""normal""","-0.09999999999999998","0.9","false","""/home/ramaswamy.51/Documents/github/Spirals/Media/data/cluster/endsim/BehaviorSearch/Step6_Trial""","true","0","0.9","4","1","true","true","""1905850297""","0.09958668759045018","0.09958668759045018","0.09958668759045018","0","0.09958668759045018"
"1","818","884","1000","1","""HK""","0.03","false","""normal""","1","""constant""","0.1","""Scale-free""","2","0","1","""uniform""","""deterministic-normal""","45","-0.8","0","""normal""","-0.09999999999999998","0.9","false","""/home/ramaswamy.51/Documents/github/Spirals/Media/data/cluster/endsim/BehaviorSearch/Step6_Trial""","true","0","0.9","4","1","true","true","""941006605""","0.11131470365591604","0.11131470365591604","0.11131470365591604","0","0.11131470365591604"
"1","819","884","1000","1","""HK""","0.03","false","""normal""","1","""constant""","0.1","""Scale-free""","2","0","1","""uniform""","""deterministic-normal""","45","-0.8","0","""normal""","-0.09999999999999998","0.9","false","""/home/ramaswamy.51/Documents/github/Spirals/Media/data/cluster/endsim/BehaviorSearch/Step6_Trial""","true","0","0.9","4","1","true","true","""1983593133""","0.12362886467948471","0.12362886467948471","0.12362886467948471","0","0.12362886467948471"
"1","820","884","1000","1","""HK""","0.03","false","""normal""","1","""constant""","0.1","""Scale-free""","2","0","1","""uniform""","""deterministic-normal""","45","-0.8","0","""normal""","-0.09999999999999998","0.9","false","""/home/ramaswamy.51/Documents/github/Spirals/Media/data/cluster/endsim/BehaviorSearch/Step6_Trial""","true","0","0.9","4","1","true","true","""341880091""","0.10046266831214792","0.10046266831214792","0.10046266831214792","0","0.10046266831214792"
"1","821","888","1000","1","""HK""","0.01","false","""normal""","1","""constant""","0.2","""Scale-free""","2","0","1","""uniform""","""deterministic-normal""","35","-0.8","0.1","""normal""","0","0.9","false","""/home/ramaswamy.51/Documents/github/Spirals/Media/data/cluster/endsim/BehaviorSearch/Step6_Trial""","true","0.2","0.9","5","1","true","true","""2120943323""","0.13347727020012498","0.13347727020012498","0.13347727020012498","0","0.13347727020012498"
"1","822","888","1000","1","""HK""","0.01","false","""normal""","1","""constant""","0.2","""Scale-free""","2","0","1","""uniform""","""deterministic-normal""","35","-0.8","0.1","""normal""","0","0.9","false","""/home/ramaswamy.51/Documents/github/Spirals/Media/data/cluster/endsim/BehaviorSearch/Step6_Trial""","true","0.2","0.9","5","1","true","true","""-1321230928""","0.16841393722628828","0.16841393722628828","0.16841393722628828","0","0.16841393722628828"
"1","823","888","1000","1","""HK""","0.01","false","""normal""","1","""constant""","0.2","""Scale-free""","2","0","1","""uniform""","""deterministic-normal""","35","-0.8","0.1","""normal""","0","0.9","false","""/home/ramaswamy.51/Documents/github/Spirals/Media/data/cluster/endsim/BehaviorSearch/Step6_Trial""","true","0.2","0.9","5","1","true","true","""789465871""","0.1501379355937335","0.1501379355937335","0.1501379355937335","0","0.1501379355937335"
"1","824","888","1000","1","""HK""","0.01","false","""normal""","1","""constant""","0.2","""Scale-free""","2","0","1","""uniform""","""deterministic-normal""","35","-0.8","0.1","""normal""","0","0.9","false","""/home/ramaswamy.51/Documents/github/Spirals/Media/data/cluster/endsim/BehaviorSearch/Step6_Trial""","true","0.2","0.9","5","1","true","true","""-387378373""","0.12963885058399444","0.12963885058399444","0.12963885058399444","0","0.12963885058399444"
"1","825","892","1000","1","""HK""","0.02","false","""normal""","1","""constant""","0.1","""Scale-free""","2","0","1","""uniform""","""deterministic-normal""","40","-0.5","0","""normal""","-0.09999999999999998","0.8","false","""/home/ramaswamy.51/Documents/github/Spirals/Media/data/cluster/endsim/BehaviorSearch/Step6_Trial""","true","0.2","1","5","1","true","true","""-567525949""","0.09217005899815006","0.09217005899815006","0.09217005899815006","0","0.09217005899815006"
"1","826","892","1000","1","""HK""","0.02","false","""normal""","1","""constant""","0.1","""Scale-free""","2","0","1","""uniform""","""deterministic-normal""","40","-0.5","0","""normal""","-0.09999999999999998","0.8","false","""/home/ramaswamy.51/Documents/github/Spirals/Media/data/cluster/endsim/BehaviorSearch/Step6_Trial""","true","0.2","1","5","1","true","true","""494914329""","0.0957023998126325","0.0957023998126325","0.0957023998126325","0","0.0957023998126325"
"1","827","892","1000","1","""HK""","0.02","false","""normal""","1","""constant""","0.1","""Scale-free""","2","0","1","""uniform""","""deterministic-normal""","40","-0.5","0","""normal""","-0.09999999999999998","0.8","false","""/home/ramaswamy.51/Documents/github/Spirals/Media/data/cluster/endsim/BehaviorSearch/Step6_Trial""","true","0.2","1","5","1","true","true","""201301372""","0.10899559196901054","0.10899559196901054","0.10899559196901054","0","0.10899559196901054"
"1","828","892","1000","1","""HK""","0.02","false","""normal""","1","""constant""","0.1","""Scale-free""","2","0","1","""uniform""","""deterministic-normal""","40","-0.5","0","""normal""","-0.09999999999999998","0.8","false","""/home/ramaswamy.51/Documents/github/Spirals/Media/data/cluster/endsim/BehaviorSearch/Step6_Trial""","true","0.2","1","5","1","true","true","""-1528182566""","0.08874278773404548","0.08874278773404548","0.08874278773404548","0","0.08874278773404548"
"1","829","896","1000","1","""HK""","0.03","false","""normal""","1","""constant""","0.1","""Scale-free""","2","0","1","""uniform""","""deterministic-normal""","35","-0.3999999999999999","0.2","""normal""","0","0.9","false","""/home/ramaswamy.51/Documents/github/Spirals/Media/data/cluster/endsim/BehaviorSearch/Step6_Trial""","true","0.2","0.8","6","0.7000000000000002","true","true","""415933707""","0.09235624647040791","0.09235624647040791","0.09235624647040791","0","0.09235624647040791"
"1","830","896","1000","1","""HK""","0.03","false","""normal""","1","""constant""","0.1","""Scale-free""","2","0","1","""uniform""","""deterministic-normal""","35","-0.3999999999999999","0.2","""normal""","0","0.9","false","""/home/ramaswamy.51/Documents/github/Spirals/Media/data/cluster/endsim/BehaviorSearch/Step6_Trial""","true","0.2","0.8","6","0.7000000000000002","true","true","""-1969437492""","0.08356998923116084","0.08356998923116084","0.08356998923116084","0","0.08356998923116084"
"1","831","896","1000","1","""HK""","0.03","false","""normal""","1","""constant""","0.1","""Scale-free""","2","0","1","""uniform""","""deterministic-normal""","35","-0.3999999999999999","0.2","""normal""","0","0.9","false","""/home/ramaswamy.51/Documents/github/Spirals/Media/data/cluster/endsim/BehaviorSearch/Step6_Trial""","true","0.2","0.8","6","0.7000000000000002","true","true","""1161108364""","0.09532330327840179","0.09532330327840179","0.09532330327840179","0","0.09532330327840179"
"1","832","896","1000","1","""HK""","0.03","false","""normal""","1","""constant""","0.1","""Scale-free""","2","0","1","""uniform""","""deterministic-normal""","35","-0.3999999999999999","0.2","""normal""","0","0.9","false","""/home/ramaswamy.51/Documents/github/Spirals/Media/data/cluster/endsim/BehaviorSearch/Step6_Trial""","true","0.2","0.8","6","0.7000000000000002","true","true","""114938134""","0.09473920443673894","0.09473920443673894","0.09473920443673894","0","0.09473920443673894"
"1","833","900","1000","1","""HK""","0.03","false","""normal""","1","""constant""","0.1","""Scale-free""","2","0","1","""uniform""","""deterministic-normal""","30","-0.3999999999999999","0.1","""normal""","0.10000000000000009","1","false","""/home/ramaswamy.51/Documents/github/Spirals/Media/data/cluster/endsim/BehaviorSearch/Step6_Trial""","true","0.2","0.8","5","0.9000000000000001","true","true","""1416526085""","0.09927760292155496","0.09927760292155496","0.09927760292155496","0","0.09927760292155496"
"1","834","900","1000","1","""HK""","0.03","false","""normal""","1","""constant""","0.1","""Scale-free""","2","0","1","""uniform""","""deterministic-normal""","30","-0.3999999999999999","0.1","""normal""","0.10000000000000009","1","false","""/home/ramaswamy.51/Documents/github/Spirals/Media/data/cluster/endsim/BehaviorSearch/Step6_Trial""","true","0.2","0.8","5","0.9000000000000001","true","true","""-444083720""","0.08048068252736645","0.08048068252736645","0.08048068252736645","0","0.08048068252736645"
"1","835","900","1000","1","""HK""","0.03","false","""normal""","1","""constant""","0.1","""Scale-free""","2","0","1","""uniform""","""deterministic-normal""","30","-0.3999999999999999","0.1","""normal""","0.10000000000000009","1","false","""/home/ramaswamy.51/Documents/github/Spirals/Media/data/cluster/endsim/BehaviorSearch/Step6_Trial""","true","0.2","0.8","5","0.9000000000000001","true","true","""-1757022956""","0.10711230609645465","0.10711230609645465","0.10711230609645465","0","0.10711230609645465"
"1","836","900","1000","1","""HK""","0.03","false","""normal""","1","""constant""","0.1","""Scale-free""","2","0","1","""uniform""","""deterministic-normal""","30","-0.3999999999999999","0.1","""normal""","0.10000000000000009","1","false","""/home/ramaswamy.51/Documents/github/Spirals/Media/data/cluster/endsim/BehaviorSearch/Step6_Trial""","true","0.2","0.8","5","0.9000000000000001","true","true","""-1941282686""","0.10016023318982085","0.10016023318982085","0.10016023318982085","0","0.10016023318982085"
"1","837","904","1000","1","""HK""","0.060000000000000005","false","""normal""","1","""constant""","0.1","""Scale-free""","2","0","1","""uniform""","""deterministic-normal""","40","-0.8","0","""normal""","0","0.9","false","""/home/ramaswamy.51/Documents/github/Spirals/Media/data/cluster/endsim/BehaviorSearch/Step6_Trial""","true","0.30000000000000004","0.8","4","0.9000000000000001","true","true","""953756776""","0.09309106931412156","0.09309106931412156","0.09309106931412156","0","0.09309106931412156"
"1","838","904","1000","1","""HK""","0.060000000000000005","false","""normal""","1","""constant""","0.1","""Scale-free""","2","0","1","""uniform""","""deterministic-normal""","40","-0.8","0","""normal""","0","0.9","false","""/home/ramaswamy.51/Documents/github/Spirals/Media/data/cluster/endsim/BehaviorSearch/Step6_Trial""","true","0.30000000000000004","0.8","4","0.9000000000000001","true","true","""1896478608""","0.10918291882426494","0.10918291882426494","0.10918291882426494","0","0.10918291882426494"
"1","839","904","1000","1","""HK""","0.060000000000000005","false","""normal""","1","""constant""","0.1","""Scale-free""","2","0","1","""uniform""","""deterministic-normal""","40","-0.8","0","""normal""","0","0.9","false","""/home/ramaswamy.51/Documents/github/Spirals/Media/data/cluster/endsim/BehaviorSearch/Step6_Trial""","true","0.30000000000000004","0.8","4","0.9000000000000001","true","true","""-1651276388""","0.08893149718582859","0.08893149718582859","0.08893149718582859","0","0.08893149718582859"
"1","840","904","1000","1","""HK""","0.060000000000000005","false","""normal""","1","""constant""","0.1","""Scale-free""","2","0","1","""uniform""","""deterministic-normal""","40","-0.8","0","""normal""","0","0.9","false","""/home/ramaswamy.51/Documents/github/Spirals/Media/data/cluster/endsim/BehaviorSearch/Step6_Trial""","true","0.30000000000000004","0.8","4","0.9000000000000001","true","true","""-147760121""","0.11230727671484607","0.11230727671484607","0.11230727671484607","0","0.11230727671484607"
"1","841","908","1000","1","""HK""","0.03","false","""normal""","1","""constant""","0.1","""Scale-free""","2","0","1","""uniform""","""deterministic-normal""","40","-0.3999999999999999","0.2","""normal""","0","0.9","false","""/home/ramaswamy.51/Documents/github/Spirals/Media/data/cluster/endsim/BehaviorSearch/Step6_Trial""","true","0.4","1","5","0.8","true","true","""-483278055""","0.11054838977970079","0.11054838977970079","0.11054838977970079","0","0.11054838977970079"
"1","842","908","1000","1","""HK""","0.03","false","""normal""","1","""constant""","0.1","""Scale-free""","2","0","1","""uniform""","""deterministic-normal""","40","-0.3999999999999999","0.2","""normal""","0","0.9","false","""/home/ramaswamy.51/Documents/github/Spirals/Media/data/cluster/endsim/BehaviorSearch/Step6_Trial""","true","0.4","1","5","0.8","true","true","""-1628348238""","0.11736731204933022","0.11736731204933022","0.11736731204933022","0","0.11736731204933022"
"1","843","908","1000","1","""HK""","0.03","false","""normal""","1","""constant""","0.1","""Scale-free""","2","0","1","""uniform""","""deterministic-normal""","40","-0.3999999999999999","0.2","""normal""","0","0.9","false","""/home/ramaswamy.51/Documents/github/Spirals/Media/data/cluster/endsim/BehaviorSearch/Step6_Trial""","true","0.4","1","5","0.8","true","true","""906042848""","0.13621825434256662","0.13621825434256662","0.13621825434256662","0","0.13621825434256662"
"1","844","908","1000","1","""HK""","0.03","false","""normal""","1","""constant""","0.1","""Scale-free""","2","0","1","""uniform""","""deterministic-normal""","40","-0.3999999999999999","0.2","""normal""","0","0.9","false","""/home/ramaswamy.51/Documents/github/Spirals/Media/data/cluster/endsim/BehaviorSearch/Step6_Trial""","true","0.4","1","5","0.8","true","true","""-508466416""","0.11422133748141966","0.11422133748141966","0.11422133748141966","0","0.11422133748141966"
"1","845","912","1000","1","""HK""","0.03","false","""normal""","1","""constant""","0.1","""Scale-free""","2","0","1","""uniform""","""deterministic-normal""","40","-0.29999999999999993","0.2","""normal""","0","0.8","false","""/home/ramaswamy.51/Documents/github/Spirals/Media/data/cluster/endsim/BehaviorSearch/Step6_Trial""","true","0.30000000000000004","1","4","0.9000000000000001","true","true","""-1596227845""","0.09283555309269156","0.09283555309269156","0.09283555309269156","0","0.09283555309269156"
"1","846","912","1000","1","""HK""","0.03","false","""normal""","1","""constant""","0.1","""Scale-free""","2","0","1","""uniform""","""deterministic-normal""","40","-0.29999999999999993","0.2","""normal""","0","0.8","false","""/home/ramaswamy.51/Documents/github/Spirals/Media/data/cluster/endsim/BehaviorSearch/Step6_Trial""","true","0.30000000000000004","1","4","0.9000000000000001","true","true","""162421435""","0.09867916109257413","0.09867916109257413","0.09867916109257413","0","0.09867916109257413"
"1","847","912","1000","1","""HK""","0.03","false","""normal""","1","""constant""","0.1","""Scale-free""","2","0","1","""uniform""","""deterministic-normal""","40","-0.29999999999999993","0.2","""normal""","0","0.8","false","""/home/ramaswamy.51/Documents/github/Spirals/Media/data/cluster/endsim/BehaviorSearch/Step6_Trial""","true","0.30000000000000004","1","4","0.9000000000000001","true","true","""1534496858""","0.10903437602507073","0.10903437602507073","0.10903437602507073","0","0.10903437602507073"
"1","848","912","1000","1","""HK""","0.03","false","""normal""","1","""constant""","0.1","""Scale-free""","2","0","1","""uniform""","""deterministic-normal""","40","-0.29999999999999993","0.2","""normal""","0","0.8","false","""/home/ramaswamy.51/Documents/github/Spirals/Media/data/cluster/endsim/BehaviorSearch/Step6_Trial""","true","0.30000000000000004","1","4","0.9000000000000001","true","true","""1049326429""","0.11104686827470746","0.11104686827470746","0.11104686827470746","0","0.11104686827470746"
"1","849","916","1000","1","""HK""","0.05","false","""normal""","1","""constant""","0.1","""Scale-free""","2","0","1","""uniform""","""deterministic-normal""","40","-0.5","0.1","""normal""","-0.19999999999999996","1","false","""/home/ramaswamy.51/Documents/github/Spirals/Media/data/cluster/endsim/BehaviorSearch/Step6_Trial""","true","0.4","0.9","5","1","true","true","""-1609645651""","0.10818639482598097","0.10818639482598097","0.10818639482598097","0","0.10818639482598097"
"1","850","916","1000","1","""HK""","0.05","false","""normal""","1","""constant""","0.1","""Scale-free""","2","0","1","""uniform""","""deterministic-normal""","40","-0.5","0.1","""normal""","-0.19999999999999996","1","false","""/home/ramaswamy.51/Documents/github/Spirals/Media/data/cluster/endsim/BehaviorSearch/Step6_Trial""","true","0.4","0.9","5","1","true","true","""-292257006""","0.10196469742413274","0.10196469742413274","0.10196469742413274","0","0.10196469742413274"
"1","851","916","1000","1","""HK""","0.05","false","""normal""","1","""constant""","0.1","""Scale-free""","2","0","1","""uniform""","""deterministic-normal""","40","-0.5","0.1","""normal""","-0.19999999999999996","1","false","""/home/ramaswamy.51/Documents/github/Spirals/Media/data/cluster/endsim/BehaviorSearch/Step6_Trial""","true","0.4","0.9","5","1","true","true","""759199869""","0.09270183830975366","0.09270183830975366","0.09270183830975366","0","0.09270183830975366"
"1","852","916","1000","1","""HK""","0.05","false","""normal""","1","""constant""","0.1","""Scale-free""","2","0","1","""uniform""","""deterministic-normal""","40","-0.5","0.1","""normal""","-0.19999999999999996","1","false","""/home/ramaswamy.51/Documents/github/Spirals/Media/data/cluster/endsim/BehaviorSearch/Step6_Trial""","true","0.4","0.9","5","1","true","true","""1833509801""","0.09787240922504477","0.09787240922504477","0.09787240922504477","0","0.09787240922504477"
"1","853","920","1000","1","""HK""","0.03","false","""normal""","1","""constant""","0.1","""Scale-free""","2","0","1","""uniform""","""deterministic-normal""","40","-0.9","0.1","""normal""","0","0.8","false","""/home/ramaswamy.51/Documents/github/Spirals/Media/data/cluster/endsim/BehaviorSearch/Step6_Trial""","true","0.5","0.9","7","1","true","true","""-1045206769""","0.1289897173204172","0.1289897173204172","0.1289897173204172","0","0.1289897173204172"
"1","854","920","1000","1","""HK""","0.03","false","""normal""","1","""constant""","0.1","""Scale-free""","2","0","1","""uniform""","""deterministic-normal""","40","-0.9","0.1","""normal""","0","0.8","false","""/home/ramaswamy.51/Documents/github/Spirals/Media/data/cluster/endsim/BehaviorSearch/Step6_Trial""","true","0.5","0.9","7","1","true","true","""1505091818""","0.11749070789633836","0.11749070789633836","0.11749070789633836","0","0.11749070789633836"
"1","855","920","1000","1","""HK""","0.03","false","""normal""","1","""constant""","0.1","""Scale-free""","2","0","1","""uniform""","""deterministic-normal""","40","-0.9","0.1","""normal""","0","0.8","false","""/home/ramaswamy.51/Documents/github/Spirals/Media/data/cluster/endsim/BehaviorSearch/Step6_Trial""","true","0.5","0.9","7","1","true","true","""134929268""","0.11759869244545681","0.11759869244545681","0.11759869244545681","0","0.11759869244545681"
"1","856","920","1000","1","""HK""","0.03","false","""normal""","1","""constant""","0.1","""Scale-free""","2","0","1","""uniform""","""deterministic-normal""","40","-0.9","0.1","""normal""","0","0.8","false","""/home/ramaswamy.51/Documents/github/Spirals/Media/data/cluster/endsim/BehaviorSearch/Step6_Trial""","true","0.5","0.9","7","1","true","true","""-108944490""","0.11719831830804275","0.11719831830804275","0.11719831830804275","0","0.11719831830804275"
"1","857","924","1000","1","""HK""","0.03","false","""normal""","1","""constant""","0.1","""Scale-free""","2","0","1","""uniform""","""deterministic-normal""","40","-0.6","0","""normal""","0","1","false","""/home/ramaswamy.51/Documents/github/Spirals/Media/data/cluster/endsim/BehaviorSearch/Step6_Trial""","true","0.2","0.9","4","1","true","true","""-1615658321""","0.08831371762151148","0.08831371762151148","0.08831371762151148","0","0.08831371762151148"
"1","858","924","1000","1","""HK""","0.03","false","""normal""","1","""constant""","0.1","""Scale-free""","2","0","1","""uniform""","""deterministic-normal""","40","-0.6","0","""normal""","0","1","false","""/home/ramaswamy.51/Documents/github/Spirals/Media/data/cluster/endsim/BehaviorSearch/Step6_Trial""","true","0.2","0.9","4","1","true","true","""1374162094""","0.11178305346544315","0.11178305346544315","0.11178305346544315","0","0.11178305346544315"
"1","859","924","1000","1","""HK""","0.03","false","""normal""","1","""constant""","0.1","""Scale-free""","2","0","1","""uniform""","""deterministic-normal""","40","-0.6","0","""normal""","0","1","false","""/home/ramaswamy.51/Documents/github/Spirals/Media/data/cluster/endsim/BehaviorSearch/Step6_Trial""","true","0.2","0.9","4","1","true","true","""-23314240""","0.1002149931593104","0.1002149931593104","0.1002149931593104","0","0.1002149931593104"
"1","860","924","1000","1","""HK""","0.03","false","""normal""","1","""constant""","0.1","""Scale-free""","2","0","1","""uniform""","""deterministic-normal""","40","-0.6","0","""normal""","0","1","false","""/home/ramaswamy.51/Documents/github/Spirals/Media/data/cluster/endsim/BehaviorSearch/Step6_Trial""","true","0.2","0.9","4","1","true","true","""-787249457""","0.0857396871969526","0.0857396871969526","0.0857396871969526","0","0.0857396871969526"
"1","861","928","1000","1","""HK""","0.01","false","""normal""","1","""constant""","0.1","""Scale-free""","2","0","1","""uniform""","""deterministic-normal""","40","-0.3999999999999999","0.2","""normal""","0","1","false","""/home/ramaswamy.51/Documents/github/Spirals/Media/data/cluster/endsim/BehaviorSearch/Step6_Trial""","true","0.30000000000000004","1","6","0.8","true","true","""-1290802972""","0.091157376272936","0.091157376272936","0.091157376272936","0","0.091157376272936"
"1","862","928","1000","1","""HK""","0.01","false","""normal""","1","""constant""","0.1","""Scale-free""","2","0","1","""uniform""","""deterministic-normal""","40","-0.3999999999999999","0.2","""normal""","0","1","false","""/home/ramaswamy.51/Documents/github/Spirals/Media/data/cluster/endsim/BehaviorSearch/Step6_Trial""","true","0.30000000000000004","1","6","0.8","true","true","""1963396057""","0.09712946890266952","0.09712946890266952","0.09712946890266952","0","0.09712946890266952"
"1","863","928","1000","1","""HK""","0.01","false","""normal""","1","""constant""","0.1","""Scale-free""","2","0","1","""uniform""","""deterministic-normal""","40","-0.3999999999999999","0.2","""normal""","0","1","false","""/home/ramaswamy.51/Documents/github/Spirals/Media/data/cluster/endsim/BehaviorSearch/Step6_Trial""","true","0.30000000000000004","1","6","0.8","true","true","""2101093050""","0.09857965288341441","0.09857965288341441","0.09857965288341441","0","0.09857965288341441"
"1","864","928","1000","1","""HK""","0.01","false","""normal""","1","""constant""","0.1","""Scale-free""","2","0","1","""uniform""","""deterministic-normal""","40","-0.3999999999999999","0.2","""normal""","0","1","false","""/home/ramaswamy.51/Documents/github/Spirals/Media/data/cluster/endsim/BehaviorSearch/Step6_Trial""","true","0.30000000000000004","1","6","0.8","true","true","""859426873""","0.10353859133090057","0.10353859133090057","0.10353859133090057","0","0.10353859133090057"
"1","865","932","1000","1","""HK""","0.03","false","""normal""","1","""constant""","0.1","""Scale-free""","2","0","1","""uniform""","""deterministic-normal""","40","-0.6","0.2","""normal""","0","0.7000000000000001","false","""/home/ramaswamy.51/Documents/github/Spirals/Media/data/cluster/endsim/BehaviorSearch/Step6_Trial""","true","0.30000000000000004","1","6","0.8","true","true","""-1116033365""","0.10403185774701866","0.10403185774701866","0.10403185774701866","0","0.10403185774701866"
"1","866","932","1000","1","""HK""","0.03","false","""normal""","1","""constant""","0.1","""Scale-free""","2","0","1","""uniform""","""deterministic-normal""","40","-0.6","0.2","""normal""","0","0.7000000000000001","false","""/home/ramaswamy.51/Documents/github/Spirals/Media/data/cluster/endsim/BehaviorSearch/Step6_Trial""","true","0.30000000000000004","1","6","0.8","true","true","""-365214663""","0.08829748408904671","0.08829748408904671","0.08829748408904671","0","0.08829748408904671"
"1","867","932","1000","1","""HK""","0.03","false","""normal""","1","""constant""","0.1","""Scale-free""","2","0","1","""uniform""","""deterministic-normal""","40","-0.6","0.2","""normal""","0","0.7000000000000001","false","""/home/ramaswamy.51/Documents/github/Spirals/Media/data/cluster/endsim/BehaviorSearch/Step6_Trial""","true","0.30000000000000004","1","6","0.8","true","true","""230591485""","0.09355908060824952","0.09355908060824952","0.09355908060824952","0","0.09355908060824952"
"1","868","932","1000","1","""HK""","0.03","false","""normal""","1","""constant""","0.1","""Scale-free""","2","0","1","""uniform""","""deterministic-normal""","40","-0.6","0.2","""normal""","0","0.7000000000000001","false","""/home/ramaswamy.51/Documents/github/Spirals/Media/data/cluster/endsim/BehaviorSearch/Step6_Trial""","true","0.30000000000000004","1","6","0.8","true","true","""-564693688""","0.09844543073055206","0.09844543073055206","0.09844543073055206","0","0.09844543073055206"
"1","869","936","1000","1","""HK""","0.01","false","""normal""","1","""constant""","0.1","""Scale-free""","1","0","1","""uniform""","""deterministic-normal""","40","-0.5","0","""normal""","0","0.9","false","""/home/ramaswamy.51/Documents/github/Spirals/Media/data/cluster/endsim/BehaviorSearch/Step6_Trial""","true","0.30000000000000004","1","5","1","true","true","""1109291253""","0.10920102993049076","0.10920102993049076","0.10920102993049076","0","0.10920102993049076"
"1","870","936","1000","1","""HK""","0.01","false","""normal""","1","""constant""","0.1","""Scale-free""","1","0","1","""uniform""","""deterministic-normal""","40","-0.5","0","""normal""","0","0.9","false","""/home/ramaswamy.51/Documents/github/Spirals/Media/data/cluster/endsim/BehaviorSearch/Step6_Trial""","true","0.30000000000000004","1","5","1","true","true","""-1023097627""","0.0953220074874204","0.0953220074874204","0.0953220074874204","0","0.0953220074874204"
"1","871","936","1000","1","""HK""","0.01","false","""normal""","1","""constant""","0.1","""Scale-free""","1","0","1","""uniform""","""deterministic-normal""","40","-0.5","0","""normal""","0","0.9","false","""/home/ramaswamy.51/Documents/github/Spirals/Media/data/cluster/endsim/BehaviorSearch/Step6_Trial""","true","0.30000000000000004","1","5","1","true","true","""2101652607""","0.1149197248131485","0.1149197248131485","0.1149197248131485","0","0.1149197248131485"
"1","872","936","1000","1","""HK""","0.01","false","""normal""","1","""constant""","0.1","""Scale-free""","1","0","1","""uniform""","""deterministic-normal""","40","-0.5","0","""normal""","0","0.9","false","""/home/ramaswamy.51/Documents/github/Spirals/Media/data/cluster/endsim/BehaviorSearch/Step6_Trial""","true","0.30000000000000004","1","5","1","true","true","""1976014400""","0.10363993433223942","0.10363993433223942","0.10363993433223942","0","0.10363993433223942"
"1","873","940","1000","1","""HK""","0.03","false","""normal""","1","""constant""","0.1","""Scale-free""","2","0","1","""uniform""","""deterministic-normal""","35","-0.3999999999999999","0.2","""normal""","0","0.9","false","""/home/ramaswamy.51/Documents/github/Spirals/Media/data/cluster/endsim/BehaviorSearch/Step6_Trial""","true","0.2","0.9","6","0.7000000000000002","true","true","""-336263848""","0.09847795709423608","0.09847795709423608","0.09847795709423608","0","0.09847795709423608"
"1","874","940","1000","1","""HK""","0.03","false","""normal""","1","""constant""","0.1","""Scale-free""","2","0","1","""uniform""","""deterministic-normal""","35","-0.3999999999999999","0.2","""normal""","0","0.9","false","""/home/ramaswamy.51/Documents/github/Spirals/Media/data/cluster/endsim/BehaviorSearch/Step6_Trial""","true","0.2","0.9","6","0.7000000000000002","true","true","""5161313""","0.09407808755181861","0.09407808755181861","0.09407808755181861","0","0.09407808755181861"
"1","875","940","1000","1","""HK""","0.03","false","""normal""","1","""constant""","0.1","""Scale-free""","2","0","1","""uniform""","""deterministic-normal""","35","-0.3999999999999999","0.2","""normal""","0","0.9","false","""/home/ramaswamy.51/Documents/github/Spirals/Media/data/cluster/endsim/BehaviorSearch/Step6_Trial""","true","0.2","0.9","6","0.7000000000000002","true","true","""-1873185389""","0.0787571384836281","0.0787571384836281","0.0787571384836281","0","0.0787571384836281"
"1","876","940","1000","1","""HK""","0.03","false","""normal""","1","""constant""","0.1","""Scale-free""","2","0","1","""uniform""","""deterministic-normal""","35","-0.3999999999999999","0.2","""normal""","0","0.9","false","""/home/ramaswamy.51/Documents/github/Spirals/Media/data/cluster/endsim/BehaviorSearch/Step6_Trial""","true","0.2","0.9","6","0.7000000000000002","true","true","""-146401834""","0.09202034625835395","0.09202034625835395","0.09202034625835395","0","0.09202034625835395"
"1","877","944","1000","1","""HK""","0.03","false","""normal""","1","""constant""","0.1","""Scale-free""","2","0","1","""uniform""","""deterministic-normal""","40","-0.8","0","""normal""","-0.19999999999999996","0.8","false","""/home/ramaswamy.51/Documents/github/Spirals/Media/data/cluster/endsim/BehaviorSearch/Step6_Trial""","true","0.2","0.9","4","0.8","true","true","""-538510209""","0.09629238018251507","0.09629238018251507","0.09629238018251507","0","0.09629238018251507"
"1","878","944","1000","1","""HK""","0.03","false","""normal""","1","""constant""","0.1","""Scale-free""","2","0","1","""uniform""","""deterministic-normal""","40","-0.8","0","""normal""","-0.19999999999999996","0.8","false","""/home/ramaswamy.51/Documents/github/Spirals/Media/data/cluster/endsim/BehaviorSearch/Step6_Trial""","true","0.2","0.9","4","0.8","true","true","""-1679838075""","0.08789425508115319","0.08789425508115319","0.08789425508115319","0","0.08789425508115319"
"1","879","944","1000","1","""HK""","0.03","false","""normal""","1","""constant""","0.1","""Scale-free""","2","0","1","""uniform""","""deterministic-normal""","40","-0.8","0","""normal""","-0.19999999999999996","0.8","false","""/home/ramaswamy.51/Documents/github/Spirals/Media/data/cluster/endsim/BehaviorSearch/Step6_Trial""","true","0.2","0.9","4","0.8","true","true","""1405727633""","0.11525646665998539","0.11525646665998539","0.11525646665998539","0","0.11525646665998539"
"1","880","944","1000","1","""HK""","0.03","false","""normal""","1","""constant""","0.1","""Scale-free""","2","0","1","""uniform""","""deterministic-normal""","40","-0.8","0","""normal""","-0.19999999999999996","0.8","false","""/home/ramaswamy.51/Documents/github/Spirals/Media/data/cluster/endsim/BehaviorSearch/Step6_Trial""","true","0.2","0.9","4","0.8","true","true","""-617064168""","0.09188388994107771","0.09188388994107771","0.09188388994107771","0","0.09188388994107771"
"1","881","948","1000","1","""HK""","0.03","false","""normal""","1","""constant""","0.1","""Scale-free""","2","0","1","""uniform""","""deterministic-normal""","35","-0.29999999999999993","0.2","""normal""","-0.09999999999999998","0.9","false","""/home/ramaswamy.51/Documents/github/Spirals/Media/data/cluster/endsim/BehaviorSearch/Step6_Trial""","true","0.2","0.9","7","0.7000000000000002","true","true","""-120645781""","0.0857626618683053","0.0857626618683053","0.0857626618683053","0","0.0857626618683053"
"1","882","948","1000","1","""HK""","0.03","false","""normal""","1","""constant""","0.1","""Scale-free""","2","0","1","""uniform""","""deterministic-normal""","35","-0.29999999999999993","0.2","""normal""","-0.09999999999999998","0.9","false","""/home/ramaswamy.51/Documents/github/Spirals/Media/data/cluster/endsim/BehaviorSearch/Step6_Trial""","true","0.2","0.9","7","0.7000000000000002","true","true","""-1526256555""","0.08593852286866675","0.08593852286866675","0.08593852286866675","0","0.08593852286866675"
"1","883","948","1000","1","""HK""","0.03","false","""normal""","1","""constant""","0.1","""Scale-free""","2","0","1","""uniform""","""deterministic-normal""","35","-0.29999999999999993","0.2","""normal""","-0.09999999999999998","0.9","false","""/home/ramaswamy.51/Documents/github/Spirals/Media/data/cluster/endsim/BehaviorSearch/Step6_Trial""","true","0.2","0.9","7","0.7000000000000002","true","true","""-1422927207""","0.11754238935552955","0.11754238935552955","0.11754238935552955","0","0.11754238935552955"
"1","884","948","1000","1","""HK""","0.03","false","""normal""","1","""constant""","0.1","""Scale-free""","2","0","1","""uniform""","""deterministic-normal""","35","-0.29999999999999993","0.2","""normal""","-0.09999999999999998","0.9","false","""/home/ramaswamy.51/Documents/github/Spirals/Media/data/cluster/endsim/BehaviorSearch/Step6_Trial""","true","0.2","0.9","7","0.7000000000000002","true","true","""-1360190188""","0.10889772954512646","0.10889772954512646","0.10889772954512646","0","0.10889772954512646"
"1","885","952","1000","1","""HK""","0.060000000000000005","false","""normal""","1","""constant""","0.1","""Scale-free""","2","0","1","""uniform""","""deterministic-normal""","40","-0.29999999999999993","0.2","""normal""","-0.09999999999999998","0.9","false","""/home/ramaswamy.51/Documents/github/Spirals/Media/data/cluster/endsim/BehaviorSearch/Step6_Trial""","true","0.2","0.9","6","0.7000000000000002","true","true","""1792967048""","0.07199651648070798","0.07199651648070798","0.07199651648070798","0","0.07199651648070798"
"1","886","952","1000","1","""HK""","0.060000000000000005","false","""normal""","1","""constant""","0.1","""Scale-free""","2","0","1","""uniform""","""deterministic-normal""","40","-0.29999999999999993","0.2","""normal""","-0.09999999999999998","0.9","false","""/home/ramaswamy.51/Documents/github/Spirals/Media/data/cluster/endsim/BehaviorSearch/Step6_Trial""","true","0.2","0.9","6","0.7000000000000002","true","true","""-950714506""","0.09675081006295388","0.09675081006295388","0.09675081006295388","0","0.09675081006295388"
"1","887","952","1000","1","""HK""","0.060000000000000005","false","""normal""","1","""constant""","0.1","""Scale-free""","2","0","1","""uniform""","""deterministic-normal""","40","-0.29999999999999993","0.2","""normal""","-0.09999999999999998","0.9","false","""/home/ramaswamy.51/Documents/github/Spirals/Media/data/cluster/endsim/BehaviorSearch/Step6_Trial""","true","0.2","0.9","6","0.7000000000000002","true","true","""426031972""","0.09763746300171329","0.09763746300171329","0.09763746300171329","0","0.09763746300171329"
"1","888","952","1000","1","""HK""","0.060000000000000005","false","""normal""","1","""constant""","0.1","""Scale-free""","2","0","1","""uniform""","""deterministic-normal""","40","-0.29999999999999993","0.2","""normal""","-0.09999999999999998","0.9","false","""/home/ramaswamy.51/Documents/github/Spirals/Media/data/cluster/endsim/BehaviorSearch/Step6_Trial""","true","0.2","0.9","6","0.7000000000000002","true","true","""2050795061""","0.10666262576060884","0.10666262576060884","0.10666262576060884","0","0.10666262576060884"
"1","889","956","1000","1","""HK""","0.03","false","""normal""","1","""constant""","0.1","""Scale-free""","2","0","1","""uniform""","""deterministic-normal""","40","-0.3999999999999999","0.2","""normal""","0.10000000000000009","1","false","""/home/ramaswamy.51/Documents/github/Spirals/Media/data/cluster/endsim/BehaviorSearch/Step6_Trial""","true","0.2","0.9","7","0.8","true","true","""225547356""","0.09053153124217476","0.09053153124217476","0.09053153124217476","0","0.09053153124217476"
"1","890","956","1000","1","""HK""","0.03","false","""normal""","1","""constant""","0.1","""Scale-free""","2","0","1","""uniform""","""deterministic-normal""","40","-0.3999999999999999","0.2","""normal""","0.10000000000000009","1","false","""/home/ramaswamy.51/Documents/github/Spirals/Media/data/cluster/endsim/BehaviorSearch/Step6_Trial""","true","0.2","0.9","7","0.8","true","true","""-880156989""","0.09120294087336939","0.09120294087336939","0.09120294087336939","0","0.09120294087336939"
"1","891","956","1000","1","""HK""","0.03","false","""normal""","1","""constant""","0.1","""Scale-free""","2","0","1","""uniform""","""deterministic-normal""","40","-0.3999999999999999","0.2","""normal""","0.10000000000000009","1","false","""/home/ramaswamy.51/Documents/github/Spirals/Media/data/cluster/endsim/BehaviorSearch/Step6_Trial""","true","0.2","0.9","7","0.8","true","true","""736132326""","0.10596189177231802","0.10596189177231802","0.10596189177231802","0","0.10596189177231802"
"1","892","956","1000","1","""HK""","0.03","false","""normal""","1","""constant""","0.1","""Scale-free""","2","0","1","""uniform""","""deterministic-normal""","40","-0.3999999999999999","0.2","""normal""","0.10000000000000009","1","false","""/home/ramaswamy.51/Documents/github/Spirals/Media/data/cluster/endsim/BehaviorSearch/Step6_Trial""","true","0.2","0.9","7","0.8","true","true","""1275699871""","0.11102318216822123","0.11102318216822123","0.11102318216822123","0","0.11102318216822123"
"1","893","960","1000","1","""HK""","0.03","false","""normal""","1","""constant""","0.1","""Scale-free""","2","0","1","""uniform""","""deterministic-normal""","40","-0.29999999999999993","0.2","""normal""","0.20000000000000018","0.9","false","""/home/ramaswamy.51/Documents/github/Spirals/Media/data/cluster/endsim/BehaviorSearch/Step6_Trial""","true","0.2","0.9","7","0.7000000000000002","true","true","""-1667405989""","0.10118025394837404","0.10118025394837404","0.10118025394837404","0","0.10118025394837404"
"1","894","960","1000","1","""HK""","0.03","false","""normal""","1","""constant""","0.1","""Scale-free""","2","0","1","""uniform""","""deterministic-normal""","40","-0.29999999999999993","0.2","""normal""","0.20000000000000018","0.9","false","""/home/ramaswamy.51/Documents/github/Spirals/Media/data/cluster/endsim/BehaviorSearch/Step6_Trial""","true","0.2","0.9","7","0.7000000000000002","true","true","""-1826091024""","0.11084942562642484","0.11084942562642484","0.11084942562642484","0","0.11084942562642484"
"1","895","960","1000","1","""HK""","0.03","false","""normal""","1","""constant""","0.1","""Scale-free""","2","0","1","""uniform""","""deterministic-normal""","40","-0.29999999999999993","0.2","""normal""","0.20000000000000018","0.9","false","""/home/ramaswamy.51/Documents/github/Spirals/Media/data/cluster/endsim/BehaviorSearch/Step6_Trial""","true","0.2","0.9","7","0.7000000000000002","true","true","""-1570549131""","0.11484559098194745","0.11484559098194745","0.11484559098194745","0","0.11484559098194745"
"1","896","960","1000","1","""HK""","0.03","false","""normal""","1","""constant""","0.1","""Scale-free""","2","0","1","""uniform""","""deterministic-normal""","40","-0.29999999999999993","0.2","""normal""","0.20000000000000018","0.9","false","""/home/ramaswamy.51/Documents/github/Spirals/Media/data/cluster/endsim/BehaviorSearch/Step6_Trial""","true","0.2","0.9","7","0.7000000000000002","true","true","""-2029244553""","0.10456073806434553","0.10456073806434553","0.10456073806434553","0","0.10456073806434553"
"1","897","964","1000","1","""HK""","0.01","false","""normal""","1","""constant""","0.1","""Scale-free""","2","0","1","""uniform""","""deterministic-normal""","40","-0.6","0.1","""normal""","0","0.9","false","""/home/ramaswamy.51/Documents/github/Spirals/Media/data/cluster/endsim/BehaviorSearch/Step6_Trial""","true","0.30000000000000004","0.9","5","0.9000000000000001","true","true","""244116497""","0.1196425504044405","0.1196425504044405","0.1196425504044405","0","0.1196425504044405"
"1","898","964","1000","1","""HK""","0.01","false","""normal""","1","""constant""","0.1","""Scale-free""","2","0","1","""uniform""","""deterministic-normal""","40","-0.6","0.1","""normal""","0","0.9","false","""/home/ramaswamy.51/Documents/github/Spirals/Media/data/cluster/endsim/BehaviorSearch/Step6_Trial""","true","0.30000000000000004","0.9","5","0.9000000000000001","true","true","""-1936380719""","0.09052733221184835","0.09052733221184835","0.09052733221184835","0","0.09052733221184835"
"1","899","964","1000","1","""HK""","0.01","false","""normal""","1","""constant""","0.1","""Scale-free""","2","0","1","""uniform""","""deterministic-normal""","40","-0.6","0.1","""normal""","0","0.9","false","""/home/ramaswamy.51/Documents/github/Spirals/Media/data/cluster/endsim/BehaviorSearch/Step6_Trial""","true","0.30000000000000004","0.9","5","0.9000000000000001","true","true","""-2142153162""","0.12493272593574059","0.12493272593574059","0.12493272593574059","0","0.12493272593574059"
"1","900","964","1000","1","""HK""","0.01","false","""normal""","1","""constant""","0.1","""Scale-free""","2","0","1","""uniform""","""deterministic-normal""","40","-0.6","0.1","""normal""","0","0.9","false","""/home/ramaswamy.51/Documents/github/Spirals/Media/data/cluster/endsim/BehaviorSearch/Step6_Trial""","true","0.30000000000000004","0.9","5","0.9000000000000001","true","true","""-325739917""","0.10857254656939726","0.10857254656939726","0.10857254656939726","0","0.10857254656939726"
"1","901","968","1000","1","""HK""","0.04","false","""normal""","1","""constant""","0.1","""Scale-free""","2","0","1","""uniform""","""deterministic-normal""","40","-0.8","0.1","""normal""","0.30000000000000004","0.9","false","""/home/ramaswamy.51/Documents/github/Spirals/Media/data/cluster/endsim/BehaviorSearch/Step6_Trial""","true","0.1","0.9","5","1","true","true","""-1806276250""","0.12756709212979137","0.12756709212979137","0.12756709212979137","0","0.12756709212979137"
"1","902","968","1000","1","""HK""","0.04","false","""normal""","1","""constant""","0.1","""Scale-free""","2","0","1","""uniform""","""deterministic-normal""","40","-0.8","0.1","""normal""","0.30000000000000004","0.9","false","""/home/ramaswamy.51/Documents/github/Spirals/Media/data/cluster/endsim/BehaviorSearch/Step6_Trial""","true","0.1","0.9","5","1","true","true","""-1424078460""","0.10779741786629696","0.10779741786629696","0.10779741786629696","0","0.10779741786629696"
"1","903","968","1000","1","""HK""","0.04","false","""normal""","1","""constant""","0.1","""Scale-free""","2","0","1","""uniform""","""deterministic-normal""","40","-0.8","0.1","""normal""","0.30000000000000004","0.9","false","""/home/ramaswamy.51/Documents/github/Spirals/Media/data/cluster/endsim/BehaviorSearch/Step6_Trial""","true","0.1","0.9","5","1","true","true","""-823956499""","0.11599727071019776","0.11599727071019776","0.11599727071019776","0","0.11599727071019776"
"1","904","968","1000","1","""HK""","0.04","false","""normal""","1","""constant""","0.1","""Scale-free""","2","0","1","""uniform""","""deterministic-normal""","40","-0.8","0.1","""normal""","0.30000000000000004","0.9","false","""/home/ramaswamy.51/Documents/github/Spirals/Media/data/cluster/endsim/BehaviorSearch/Step6_Trial""","true","0.1","0.9","5","1","true","true","""568186297""","0.12624977949240862","0.12624977949240862","0.12624977949240862","0","0.12624977949240862"
"1","905","972","1000","1","""HK""","0.060000000000000005","false","""normal""","1","""constant""","0.1","""Scale-free""","2","0","1","""uniform""","""deterministic-normal""","40","-0.3999999999999999","0.30000000000000004","""normal""","0","0.8","false","""/home/ramaswamy.51/Documents/github/Spirals/Media/data/cluster/endsim/BehaviorSearch/Step6_Trial""","true","0.2","0.8","7","0.7000000000000002","true","true","""-2067013706""","0.09761395056231123","0.09761395056231123","0.09761395056231123","0","0.09761395056231123"
"1","906","972","1000","1","""HK""","0.060000000000000005","false","""normal""","1","""constant""","0.1","""Scale-free""","2","0","1","""uniform""","""deterministic-normal""","40","-0.3999999999999999","0.30000000000000004","""normal""","0","0.8","false","""/home/ramaswamy.51/Documents/github/Spirals/Media/data/cluster/endsim/BehaviorSearch/Step6_Trial""","true","0.2","0.8","7","0.7000000000000002","true","true","""228287354""","0.10507221916636149","0.10507221916636149","0.10507221916636149","0","0.10507221916636149"
"1","907","972","1000","1","""HK""","0.060000000000000005","false","""normal""","1","""constant""","0.1","""Scale-free""","2","0","1","""uniform""","""deterministic-normal""","40","-0.3999999999999999","0.30000000000000004","""normal""","0","0.8","false","""/home/ramaswamy.51/Documents/github/Spirals/Media/data/cluster/endsim/BehaviorSearch/Step6_Trial""","true","0.2","0.8","7","0.7000000000000002","true","true","""804199001""","0.1133016636855105","0.1133016636855105","0.1133016636855105","0","0.1133016636855105"
"1","908","972","1000","1","""HK""","0.060000000000000005","false","""normal""","1","""constant""","0.1","""Scale-free""","2","0","1","""uniform""","""deterministic-normal""","40","-0.3999999999999999","0.30000000000000004","""normal""","0","0.8","false","""/home/ramaswamy.51/Documents/github/Spirals/Media/data/cluster/endsim/BehaviorSearch/Step6_Trial""","true","0.2","0.8","7","0.7000000000000002","true","true","""-1785219422""","0.09233483899379563","0.09233483899379563","0.09233483899379563","0","0.09233483899379563"
"1","909","976","1000","1","""HK""","0.05","false","""normal""","1","""constant""","0.1","""Scale-free""","3","0","1","""uniform""","""deterministic-normal""","40","-0.5","0.2","""normal""","0","0.9","false","""/home/ramaswamy.51/Documents/github/Spirals/Media/data/cluster/endsim/BehaviorSearch/Step6_Trial""","true","0.2","0.9","7","0.30000000000000004","true","true","""-1242157157""","0.08427300874156753","0.08427300874156753","0.08427300874156753","0","0.08427300874156753"
"1","910","976","1000","1","""HK""","0.05","false","""normal""","1","""constant""","0.1","""Scale-free""","3","0","1","""uniform""","""deterministic-normal""","40","-0.5","0.2","""normal""","0","0.9","false","""/home/ramaswamy.51/Documents/github/Spirals/Media/data/cluster/endsim/BehaviorSearch/Step6_Trial""","true","0.2","0.9","7","0.30000000000000004","true","true","""1172257242""","0.10047218704402504","0.10047218704402504","0.10047218704402504","0","0.10047218704402504"
"1","911","976","1000","1","""HK""","0.05","false","""normal""","1","""constant""","0.1","""Scale-free""","3","0","1","""uniform""","""deterministic-normal""","40","-0.5","0.2","""normal""","0","0.9","false","""/home/ramaswamy.51/Documents/github/Spirals/Media/data/cluster/endsim/BehaviorSearch/Step6_Trial""","true","0.2","0.9","7","0.30000000000000004","true","true","""1025872877""","0.10036027544829874","0.10036027544829874","0.10036027544829874","0","0.10036027544829874"
"1","912","976","1000","1","""HK""","0.05","false","""normal""","1","""constant""","0.1","""Scale-free""","3","0","1","""uniform""","""deterministic-normal""","40","-0.5","0.2","""normal""","0","0.9","false","""/home/ramaswamy.51/Documents/github/Spirals/Media/data/cluster/endsim/BehaviorSearch/Step6_Trial""","true","0.2","0.9","7","0.30000000000000004","true","true","""-1454589350""","0.09516483092362192","0.09516483092362192","0.09516483092362192","0","0.09516483092362192"
"1","913","980","1000","1","""HK""","0.01","false","""normal""","1","""constant""","0.1","""Scale-free""","3","0","1","""uniform""","""deterministic-normal""","40","-0.5","0.1","""normal""","-0.09999999999999998","0.9","false","""/home/ramaswamy.51/Documents/github/Spirals/Media/data/cluster/endsim/BehaviorSearch/Step6_Trial""","true","0.30000000000000004","0.9","5","0.9000000000000001","true","true","""-1223073928""","0.09104951094552576","0.09104951094552576","0.09104951094552576","0","0.09104951094552576"
"1","914","980","1000","1","""HK""","0.01","false","""normal""","1","""constant""","0.1","""Scale-free""","3","0","1","""uniform""","""deterministic-normal""","40","-0.5","0.1","""normal""","-0.09999999999999998","0.9","false","""/home/ramaswamy.51/Documents/github/Spirals/Media/data/cluster/endsim/BehaviorSearch/Step6_Trial""","true","0.30000000000000004","0.9","5","0.9000000000000001","true","true","""-210913452""","0.09431449970920407","0.09431449970920407","0.09431449970920407","0","0.09431449970920407"
"1","915","980","1000","1","""HK""","0.01","false","""normal""","1","""constant""","0.1","""Scale-free""","3","0","1","""uniform""","""deterministic-normal""","40","-0.5","0.1","""normal""","-0.09999999999999998","0.9","false","""/home/ramaswamy.51/Documents/github/Spirals/Media/data/cluster/endsim/BehaviorSearch/Step6_Trial""","true","0.30000000000000004","0.9","5","0.9000000000000001","true","true","""950066575""","0.10204208674154788","0.10204208674154788","0.10204208674154788","0","0.10204208674154788"
"1","916","980","1000","1","""HK""","0.01","false","""normal""","1","""constant""","0.1","""Scale-free""","3","0","1","""uniform""","""deterministic-normal""","40","-0.5","0.1","""normal""","-0.09999999999999998","0.9","false","""/home/ramaswamy.51/Documents/github/Spirals/Media/data/cluster/endsim/BehaviorSearch/Step6_Trial""","true","0.30000000000000004","0.9","5","0.9000000000000001","true","true","""-1970380272""","0.0870887469287842","0.0870887469287842","0.0870887469287842","0","0.0870887469287842"
"1","917","984","1000","1","""HK""","0.03","false","""normal""","1","""constant""","0.1","""Scale-free""","1","0","1","""uniform""","""deterministic-normal""","40","-0.5","0","""normal""","0","0.8","false","""/home/ramaswamy.51/Documents/github/Spirals/Media/data/cluster/endsim/BehaviorSearch/Step6_Trial""","true","0.2","1","5","1","true","true","""-1317448560""","0.10013788573848886","0.10013788573848886","0.10013788573848886","0","0.10013788573848886"
"1","918","984","1000","1","""HK""","0.03","false","""normal""","1","""constant""","0.1","""Scale-free""","1","0","1","""uniform""","""deterministic-normal""","40","-0.5","0","""normal""","0","0.8","false","""/home/ramaswamy.51/Documents/github/Spirals/Media/data/cluster/endsim/BehaviorSearch/Step6_Trial""","true","0.2","1","5","1","true","true","""-780644157""","0.09835352974686502","0.09835352974686502","0.09835352974686502","0","0.09835352974686502"
"1","919","984","1000","1","""HK""","0.03","false","""normal""","1","""constant""","0.1","""Scale-free""","1","0","1","""uniform""","""deterministic-normal""","40","-0.5","0","""normal""","0","0.8","false","""/home/ramaswamy.51/Documents/github/Spirals/Media/data/cluster/endsim/BehaviorSearch/Step6_Trial""","true","0.2","1","5","1","true","true","""1002320536""","0.10938788821657257","0.10938788821657257","0.10938788821657257","0","0.10938788821657257"
"1","920","984","1000","1","""HK""","0.03","false","""normal""","1","""constant""","0.1","""Scale-free""","1","0","1","""uniform""","""deterministic-normal""","40","-0.5","0","""normal""","0","0.8","false","""/home/ramaswamy.51/Documents/github/Spirals/Media/data/cluster/endsim/BehaviorSearch/Step6_Trial""","true","0.2","1","5","1","true","true","""1354535920""","0.10664523215986249","0.10664523215986249","0.10664523215986249","0","0.10664523215986249"
"1","921","988","1000","1","""HK""","0.03","false","""normal""","1","""constant""","0.1","""Scale-free""","2","0","1","""uniform""","""deterministic-normal""","40","-0.8","0.1","""normal""","0","0.7000000000000001","false","""/home/ramaswamy.51/Documents/github/Spirals/Media/data/cluster/endsim/BehaviorSearch/Step6_Trial""","true","0.1","0.9","5","1","true","true","""267603135""","0.1168008524210958","0.1168008524210958","0.1168008524210958","0","0.1168008524210958"
"1","922","988","1000","1","""HK""","0.03","false","""normal""","1","""constant""","0.1","""Scale-free""","2","0","1","""uniform""","""deterministic-normal""","40","-0.8","0.1","""normal""","0","0.7000000000000001","false","""/home/ramaswamy.51/Documents/github/Spirals/Media/data/cluster/endsim/BehaviorSearch/Step6_Trial""","true","0.1","0.9","5","1","true","true","""-2089908109""","0.10509353333598472","0.10509353333598472","0.10509353333598472","0","0.10509353333598472"
"1","923","988","1000","1","""HK""","0.03","false","""normal""","1","""constant""","0.1","""Scale-free""","2","0","1","""uniform""","""deterministic-normal""","40","-0.8","0.1","""normal""","0","0.7000000000000001","false","""/home/ramaswamy.51/Documents/github/Spirals/Media/data/cluster/endsim/BehaviorSearch/Step6_Trial""","true","0.1","0.9","5","1","true","true","""150566404""","0.09757916275818164","0.09757916275818164","0.09757916275818164","0","0.09757916275818164"
"1","924","988","1000","1","""HK""","0.03","false","""normal""","1","""constant""","0.1","""Scale-free""","2","0","1","""uniform""","""deterministic-normal""","40","-0.8","0.1","""normal""","0","0.7000000000000001","false","""/home/ramaswamy.51/Documents/github/Spirals/Media/data/cluster/endsim/BehaviorSearch/Step6_Trial""","true","0.1","0.9","5","1","true","true","""1615978649""","0.12728282277560996","0.12728282277560996","0.12728282277560996","0","0.12728282277560996"
"1","925","992","1000","1","""HK""","0.03","false","""normal""","1","""constant""","0.1","""Scale-free""","1","0","1","""uniform""","""deterministic-normal""","40","-0.6","0.2","""normal""","0","0.8","false","""/home/ramaswamy.51/Documents/github/Spirals/Media/data/cluster/endsim/BehaviorSearch/Step6_Trial""","true","0.30000000000000004","1","5","1","true","true","""1321189182""","0.11949448476816263","0.11949448476816263","0.11949448476816263","0","0.11949448476816263"
"1","926","992","1000","1","""HK""","0.03","false","""normal""","1","""constant""","0.1","""Scale-free""","1","0","1","""uniform""","""deterministic-normal""","40","-0.6","0.2","""normal""","0","0.8","false","""/home/ramaswamy.51/Documents/github/Spirals/Media/data/cluster/endsim/BehaviorSearch/Step6_Trial""","true","0.30000000000000004","1","5","1","true","true","""522779871""","0.09677767084672233","0.09677767084672233","0.09677767084672233","0","0.09677767084672233"
"1","927","992","1000","1","""HK""","0.03","false","""normal""","1","""constant""","0.1","""Scale-free""","1","0","1","""uniform""","""deterministic-normal""","40","-0.6","0.2","""normal""","0","0.8","false","""/home/ramaswamy.51/Documents/github/Spirals/Media/data/cluster/endsim/BehaviorSearch/Step6_Trial""","true","0.30000000000000004","1","5","1","true","true","""-1509366280""","0.12482431526869374","0.12482431526869374","0.12482431526869374","0","0.12482431526869374"
"1","928","992","1000","1","""HK""","0.03","false","""normal""","1","""constant""","0.1","""Scale-free""","1","0","1","""uniform""","""deterministic-normal""","40","-0.6","0.2","""normal""","0","0.8","false","""/home/ramaswamy.51/Documents/github/Spirals/Media/data/cluster/endsim/BehaviorSearch/Step6_Trial""","true","0.30000000000000004","1","5","1","true","true","""-160377115""","0.08553883421760722","0.08553883421760722","0.08553883421760722","0","0.08553883421760722"
"1","929","996","1000","1","""HK""","0.03","false","""normal""","1","""constant""","0.1","""Scale-free""","2","0","1","""uniform""","""deterministic-normal""","40","-0.3999999999999999","0","""normal""","0","0.9","false","""/home/ramaswamy.51/Documents/github/Spirals/Media/data/cluster/endsim/BehaviorSearch/Step6_Trial""","true","0.1","1","7","0.8","true","true","""1492692242""","0.08508378818851248","0.08508378818851248","0.08508378818851248","0","0.08508378818851248"
"1","930","996","1000","1","""HK""","0.03","false","""normal""","1","""constant""","0.1","""Scale-free""","2","0","1","""uniform""","""deterministic-normal""","40","-0.3999999999999999","0","""normal""","0","0.9","false","""/home/ramaswamy.51/Documents/github/Spirals/Media/data/cluster/endsim/BehaviorSearch/Step6_Trial""","true","0.1","1","7","0.8","true","true","""-2091739757""","0.11992546396354868","0.11992546396354868","0.11992546396354868","0","0.11992546396354868"
"1","931","996","1000","1","""HK""","0.03","false","""normal""","1","""constant""","0.1","""Scale-free""","2","0","1","""uniform""","""deterministic-normal""","40","-0.3999999999999999","0","""normal""","0","0.9","false","""/home/ramaswamy.51/Documents/github/Spirals/Media/data/cluster/endsim/BehaviorSearch/Step6_Trial""","true","0.1","1","7","0.8","true","true","""-1701357445""","0.09294117185794487","0.09294117185794487","0.09294117185794487","0","0.09294117185794487"
"1","932","996","1000","1","""HK""","0.03","false","""normal""","1","""constant""","0.1","""Scale-free""","2","0","1","""uniform""","""deterministic-normal""","40","-0.3999999999999999","0","""normal""","0","0.9","false","""/home/ramaswamy.51/Documents/github/Spirals/Media/data/cluster/endsim/BehaviorSearch/Step6_Trial""","true","0.1","1","7","0.8","true","true","""48880699""","0.09882307710755873","0.09882307710755873","0.09882307710755873","0","0.09882307710755873"
"1","933","1000","1000","1","""HK""","0.03","false","""normal""","1","""constant""","0.1","""Scale-free""","2","0","1","""uniform""","""deterministic-normal""","40","-0.3999999999999999","0.2","""normal""","0","0.9","false","""/home/ramaswamy.51/Documents/github/Spirals/Media/data/cluster/endsim/BehaviorSearch/Step6_Trial""","true","0.2","1","6","0.8","true","true","""-901005427""","0.1047928899192305","0.1047928899192305","0.1047928899192305","0","0.1047928899192305"
"1","934","1000","1000","1","""HK""","0.03","false","""normal""","1","""constant""","0.1","""Scale-free""","2","0","1","""uniform""","""deterministic-normal""","40","-0.3999999999999999","0.2","""normal""","0","0.9","false","""/home/ramaswamy.51/Documents/github/Spirals/Media/data/cluster/endsim/BehaviorSearch/Step6_Trial""","true","0.2","1","6","0.8","true","true","""-1209914013""","0.09798013031271081","0.09798013031271081","0.09798013031271081","0","0.09798013031271081"
"1","935","1000","1000","1","""HK""","0.03","false","""normal""","1","""constant""","0.1","""Scale-free""","2","0","1","""uniform""","""deterministic-normal""","40","-0.3999999999999999","0.2","""normal""","0","0.9","false","""/home/ramaswamy.51/Documents/github/Spirals/Media/data/cluster/endsim/BehaviorSearch/Step6_Trial""","true","0.2","1","6","0.8","true","true","""-1297758688""","0.08584963815353033","0.08584963815353033","0.08584963815353033","0","0.08584963815353033"
"1","936","1000","1000","1","""HK""","0.03","false","""normal""","1","""constant""","0.1","""Scale-free""","2","0","1","""uniform""","""deterministic-normal""","40","-0.3999999999999999","0.2","""normal""","0","0.9","false","""/home/ramaswamy.51/Documents/github/Spirals/Media/data/cluster/endsim/BehaviorSearch/Step6_Trial""","true","0.2","1","6","0.8","true","true","""1418338390""","0.09293819601471993","0.09293819601471993","0.09293819601471993","0","0.09293819601471993"
"1","937","1004","1000","1","""HK""","0.03","false","""normal""","1","""constant""","0.1","""Scale-free""","2","0","1","""uniform""","""deterministic-normal""","40","-0.5","0.1","""normal""","-0.09999999999999998","0.7000000000000001","false","""/home/ramaswamy.51/Documents/github/Spirals/Media/data/cluster/endsim/BehaviorSearch/Step6_Trial""","true","0.30000000000000004","1","5","1","true","true","""-814719543""","0.094802197670272","0.094802197670272","0.094802197670272","0","0.094802197670272"
"1","938","1004","1000","1","""HK""","0.03","false","""normal""","1","""constant""","0.1","""Scale-free""","2","0","1","""uniform""","""deterministic-normal""","40","-0.5","0.1","""normal""","-0.09999999999999998","0.7000000000000001","false","""/home/ramaswamy.51/Documents/github/Spirals/Media/data/cluster/endsim/BehaviorSearch/Step6_Trial""","true","0.30000000000000004","1","5","1","true","true","""-796930922""","0.11168556744661771","0.11168556744661771","0.11168556744661771","0","0.11168556744661771"
"1","939","1004","1000","1","""HK""","0.03","false","""normal""","1","""constant""","0.1","""Scale-free""","2","0","1","""uniform""","""deterministic-normal""","40","-0.5","0.1","""normal""","-0.09999999999999998","0.7000000000000001","false","""/home/ramaswamy.51/Documents/github/Spirals/Media/data/cluster/endsim/BehaviorSearch/Step6_Trial""","true","0.30000000000000004","1","5","1","true","true","""308703238""","0.09628449066053817","0.09628449066053817","0.09628449066053817","0","0.09628449066053817"
"1","940","1004","1000","1","""HK""","0.03","false","""normal""","1","""constant""","0.1","""Scale-free""","2","0","1","""uniform""","""deterministic-normal""","40","-0.5","0.1","""normal""","-0.09999999999999998","0.7000000000000001","false","""/home/ramaswamy.51/Documents/github/Spirals/Media/data/cluster/endsim/BehaviorSearch/Step6_Trial""","true","0.30000000000000004","1","5","1","true","true","""903824430""","0.11295661372118446","0.11295661372118446","0.11295661372118446","0","0.11295661372118446"
"1","941","1008","1000","1","""HK""","0.03","false","""normal""","1","""constant""","0.1","""Scale-free""","2","0","1","""uniform""","""deterministic-normal""","40","-0.5","0.1","""normal""","0","1","false","""/home/ramaswamy.51/Documents/github/Spirals/Media/data/cluster/endsim/BehaviorSearch/Step6_Trial""","true","0.5","1","6","0.8","true","true","""1324305223""","0.10907111969688868","0.10907111969688868","0.10907111969688868","0","0.10907111969688868"
"1","942","1008","1000","1","""HK""","0.03","false","""normal""","1","""constant""","0.1","""Scale-free""","2","0","1","""uniform""","""deterministic-normal""","40","-0.5","0.1","""normal""","0","1","false","""/home/ramaswamy.51/Documents/github/Spirals/Media/data/cluster/endsim/BehaviorSearch/Step6_Trial""","true","0.5","1","6","0.8","true","true","""198853172""","0.12654309130297778","0.12654309130297778","0.12654309130297778","0","0.12654309130297778"
"1","943","1008","1000","1","""HK""","0.03","false","""normal""","1","""constant""","0.1","""Scale-free""","2","0","1","""uniform""","""deterministic-normal""","40","-0.5","0.1","""normal""","0","1","false","""/home/ramaswamy.51/Documents/github/Spirals/Media/data/cluster/endsim/BehaviorSearch/Step6_Trial""","true","0.5","1","6","0.8","true","true","""1570629283""","0.1191175735967578","0.1191175735967578","0.1191175735967578","0","0.1191175735967578"
"1","944","1008","1000","1","""HK""","0.03","false","""normal""","1","""constant""","0.1","""Scale-free""","2","0","1","""uniform""","""deterministic-normal""","40","-0.5","0.1","""normal""","0","1","false","""/home/ramaswamy.51/Documents/github/Spirals/Media/data/cluster/endsim/BehaviorSearch/Step6_Trial""","true","0.5","1","6","0.8","true","true","""1187762665""","0.14780360556968403","0.14780360556968403","0.14780360556968403","0","0.14780360556968403"
"1","945","1012","1000","1","""HK""","0.060000000000000005","false","""normal""","1","""constant""","0.1","""Scale-free""","1","0","1","""uniform""","""deterministic-normal""","35","-0.19999999999999996","0","""normal""","0","0.8","false","""/home/ramaswamy.51/Documents/github/Spirals/Media/data/cluster/endsim/BehaviorSearch/Step6_Trial""","true","0.2","1","7","0.7000000000000002","true","true","""1399206065""","0.10391315712989548","0.10391315712989548","0.10391315712989548","0","0.10391315712989548"
"1","946","1012","1000","1","""HK""","0.060000000000000005","false","""normal""","1","""constant""","0.1","""Scale-free""","1","0","1","""uniform""","""deterministic-normal""","35","-0.19999999999999996","0","""normal""","0","0.8","false","""/home/ramaswamy.51/Documents/github/Spirals/Media/data/cluster/endsim/BehaviorSearch/Step6_Trial""","true","0.2","1","7","0.7000000000000002","true","true","""153308319""","0.0907695360797853","0.0907695360797853","0.0907695360797853","0","0.0907695360797853"
"1","947","1012","1000","1","""HK""","0.060000000000000005","false","""normal""","1","""constant""","0.1","""Scale-free""","1","0","1","""uniform""","""deterministic-normal""","35","-0.19999999999999996","0","""normal""","0","0.8","false","""/home/ramaswamy.51/Documents/github/Spirals/Media/data/cluster/endsim/BehaviorSearch/Step6_Trial""","true","0.2","1","7","0.7000000000000002","true","true","""-689769085""","0.08929353838328581","0.08929353838328581","0.08929353838328581","0","0.08929353838328581"
"1","948","1012","1000","1","""HK""","0.060000000000000005","false","""normal""","1","""constant""","0.1","""Scale-free""","1","0","1","""uniform""","""deterministic-normal""","35","-0.19999999999999996","0","""normal""","0","0.8","false","""/home/ramaswamy.51/Documents/github/Spirals/Media/data/cluster/endsim/BehaviorSearch/Step6_Trial""","true","0.2","1","7","0.7000000000000002","true","true","""1125174062""","0.10637942882141786","0.10637942882141786","0.10637942882141786","0","0.10637942882141786"
"1","949","1016","1000","1","""HK""","0.05","false","""normal""","1","""constant""","0.1","""Scale-free""","2","0","1","""uniform""","""deterministic-normal""","40","-0.8","0.2","""normal""","0","0.9","false","""/home/ramaswamy.51/Documents/github/Spirals/Media/data/cluster/endsim/BehaviorSearch/Step6_Trial""","true","0.30000000000000004","0.9","5","1","true","true","""-812983349""","0.09829061524368618","0.09829061524368618","0.09829061524368618","0","0.09829061524368618"
"1","950","1016","1000","1","""HK""","0.05","false","""normal""","1","""constant""","0.1","""Scale-free""","2","0","1","""uniform""","""deterministic-normal""","40","-0.8","0.2","""normal""","0","0.9","false","""/home/ramaswamy.51/Documents/github/Spirals/Media/data/cluster/endsim/BehaviorSearch/Step6_Trial""","true","0.30000000000000004","0.9","5","1","true","true","""433288185""","0.08542519569872291","0.08542519569872291","0.08542519569872291","0","0.08542519569872291"
"1","951","1016","1000","1","""HK""","0.05","false","""normal""","1","""constant""","0.1","""Scale-free""","2","0","1","""uniform""","""deterministic-normal""","40","-0.8","0.2","""normal""","0","0.9","false","""/home/ramaswamy.51/Documents/github/Spirals/Media/data/cluster/endsim/BehaviorSearch/Step6_Trial""","true","0.30000000000000004","0.9","5","1","true","true","""274182983""","0.09482916662162619","0.09482916662162619","0.09482916662162619","0","0.09482916662162619"
"1","952","1016","1000","1","""HK""","0.05","false","""normal""","1","""constant""","0.1","""Scale-free""","2","0","1","""uniform""","""deterministic-normal""","40","-0.8","0.2","""normal""","0","0.9","false","""/home/ramaswamy.51/Documents/github/Spirals/Media/data/cluster/endsim/BehaviorSearch/Step6_Trial""","true","0.30000000000000004","0.9","5","1","true","true","""-1083952093""","0.10339074686261135","0.10339074686261135","0.10339074686261135","0","0.10339074686261135"
"1","953","1024","1000","1","""HK""","0.03","false","""normal""","1","""constant""","0.1","""Scale-free""","2","0","1","""uniform""","""deterministic-normal""","40","-0.3999999999999999","0.2","""normal""","0.10000000000000009","0.9","false","""/home/ramaswamy.51/Documents/github/Spirals/Media/data/cluster/endsim/BehaviorSearch/Step6_Trial""","true","0.30000000000000004","1","6","0.6000000000000001","true","true","""-1807378881""","0.10162395582319364","0.10162395582319364","0.10162395582319364","0","0.10162395582319364"
"1","954","1024","1000","1","""HK""","0.03","false","""normal""","1","""constant""","0.1","""Scale-free""","2","0","1","""uniform""","""deterministic-normal""","40","-0.3999999999999999","0.2","""normal""","0.10000000000000009","0.9","false","""/home/ramaswamy.51/Documents/github/Spirals/Media/data/cluster/endsim/BehaviorSearch/Step6_Trial""","true","0.30000000000000004","1","6","0.6000000000000001","true","true","""-2081694216""","0.10044391186777452","0.10044391186777452","0.10044391186777452","0","0.10044391186777452"
"1","955","1024","1000","1","""HK""","0.03","false","""normal""","1","""constant""","0.1","""Scale-free""","2","0","1","""uniform""","""deterministic-normal""","40","-0.3999999999999999","0.2","""normal""","0.10000000000000009","0.9","false","""/home/ramaswamy.51/Documents/github/Spirals/Media/data/cluster/endsim/BehaviorSearch/Step6_Trial""","true","0.30000000000000004","1","6","0.6000000000000001","true","true","""1663496906""","0.08779556823363951","0.08779556823363951","0.08779556823363951","0","0.08779556823363951"
"1","956","1024","1000","1","""HK""","0.03","false","""normal""","1","""constant""","0.1","""Scale-free""","2","0","1","""uniform""","""deterministic-normal""","40","-0.3999999999999999","0.2","""normal""","0.10000000000000009","0.9","false","""/home/ramaswamy.51/Documents/github/Spirals/Media/data/cluster/endsim/BehaviorSearch/Step6_Trial""","true","0.30000000000000004","1","6","0.6000000000000001","true","true","""-838408029""","0.10083975434573281","0.10083975434573281","0.10083975434573281","0","0.10083975434573281"
"1","957","1028","1000","1","""HK""","0.03","false","""normal""","1","""constant""","0.1","""Scale-free""","2","0","1","""uniform""","""deterministic-normal""","45","-0.8","0.1","""normal""","0","0.8","false","""/home/ramaswamy.51/Documents/github/Spirals/Media/data/cluster/endsim/BehaviorSearch/Step6_Trial""","true","0.30000000000000004","0.9","4","0.9000000000000001","true","true","""1330691005""","0.10252647651436385","0.10252647651436385","0.10252647651436385","0","0.10252647651436385"
"1","958","1028","1000","1","""HK""","0.03","false","""normal""","1","""constant""","0.1","""Scale-free""","2","0","1","""uniform""","""deterministic-normal""","45","-0.8","0.1","""normal""","0","0.8","false","""/home/ramaswamy.51/Documents/github/Spirals/Media/data/cluster/endsim/BehaviorSearch/Step6_Trial""","true","0.30000000000000004","0.9","4","0.9000000000000001","true","true","""1482361899""","0.10543412698667523","0.10543412698667523","0.10543412698667523","0","0.10543412698667523"
"1","959","1028","1000","1","""HK""","0.03","false","""normal""","1","""constant""","0.1","""Scale-free""","2","0","1","""uniform""","""deterministic-normal""","45","-0.8","0.1","""normal""","0","0.8","false","""/home/ramaswamy.51/Documents/github/Spirals/Media/data/cluster/endsim/BehaviorSearch/Step6_Trial""","true","0.30000000000000004","0.9","4","0.9000000000000001","true","true","""257205026""","0.10350191863284611","0.10350191863284611","0.10350191863284611","0","0.10350191863284611"
"1","960","1028","1000","1","""HK""","0.03","false","""normal""","1","""constant""","0.1","""Scale-free""","2","0","1","""uniform""","""deterministic-normal""","45","-0.8","0.1","""normal""","0","0.8","false","""/home/ramaswamy.51/Documents/github/Spirals/Media/data/cluster/endsim/BehaviorSearch/Step6_Trial""","true","0.30000000000000004","0.9","4","0.9000000000000001","true","true","""-1907017986""","0.10568039203666725","0.10568039203666725","0.10568039203666725","0","0.10568039203666725"
"1","961","1032","1000","1","""HK""","0.03","false","""normal""","1","""constant""","0.1","""Scale-free""","2","0","1","""uniform""","""deterministic-normal""","40","-0.3999999999999999","0.2","""normal""","0","0.9","false","""/home/ramaswamy.51/Documents/github/Spirals/Media/data/cluster/endsim/BehaviorSearch/Step6_Trial""","true","0.30000000000000004","1","5","1","true","true","""-1237662117""","0.08324770271936242","0.08324770271936242","0.08324770271936242","0","0.08324770271936242"
"1","962","1032","1000","1","""HK""","0.03","false","""normal""","1","""constant""","0.1","""Scale-free""","2","0","1","""uniform""","""deterministic-normal""","40","-0.3999999999999999","0.2","""normal""","0","0.9","false","""/home/ramaswamy.51/Documents/github/Spirals/Media/data/cluster/endsim/BehaviorSearch/Step6_Trial""","true","0.30000000000000004","1","5","1","true","true","""-1278506779""","0.10798811264546408","0.10798811264546408","0.10798811264546408","0","0.10798811264546408"
"1","963","1032","1000","1","""HK""","0.03","false","""normal""","1","""constant""","0.1","""Scale-free""","2","0","1","""uniform""","""deterministic-normal""","40","-0.3999999999999999","0.2","""normal""","0","0.9","false","""/home/ramaswamy.51/Documents/github/Spirals/Media/data/cluster/endsim/BehaviorSearch/Step6_Trial""","true","0.30000000000000004","1","5","1","true","true","""-1479796811""","0.09560763954651842","0.09560763954651842","0.09560763954651842","0","0.09560763954651842"
"1","964","1032","1000","1","""HK""","0.03","false","""normal""","1","""constant""","0.1","""Scale-free""","2","0","1","""uniform""","""deterministic-normal""","40","-0.3999999999999999","0.2","""normal""","0","0.9","false","""/home/ramaswamy.51/Documents/github/Spirals/Media/data/cluster/endsim/BehaviorSearch/Step6_Trial""","true","0.30000000000000004","1","5","1","true","true","""519192381""","0.07088616162843119","0.07088616162843119","0.07088616162843119","0","0.07088616162843119"
"1","965","1036","1000","1","""HK""","0.02","false","""normal""","1","""constant""","0.1","""Scale-free""","2","0","1","""uniform""","""deterministic-normal""","35","-0.19999999999999996","0.2","""normal""","0","0.9","false","""/home/ramaswamy.51/Documents/github/Spirals/Media/data/cluster/endsim/BehaviorSearch/Step6_Trial""","true","0.2","0.9","8","0.9000000000000001","true","true","""-297539056""","0.11312114326087748","0.11312114326087748","0.11312114326087748","0","0.11312114326087748"
"1","966","1036","1000","1","""HK""","0.02","false","""normal""","1","""constant""","0.1","""Scale-free""","2","0","1","""uniform""","""deterministic-normal""","35","-0.19999999999999996","0.2","""normal""","0","0.9","false","""/home/ramaswamy.51/Documents/github/Spirals/Media/data/cluster/endsim/BehaviorSearch/Step6_Trial""","true","0.2","0.9","8","0.9000000000000001","true","true","""-1729704795""","0.0857390736147085","0.0857390736147085","0.0857390736147085","0","0.0857390736147085"
"1","967","1036","1000","1","""HK""","0.02","false","""normal""","1","""constant""","0.1","""Scale-free""","2","0","1","""uniform""","""deterministic-normal""","35","-0.19999999999999996","0.2","""normal""","0","0.9","false","""/home/ramaswamy.51/Documents/github/Spirals/Media/data/cluster/endsim/BehaviorSearch/Step6_Trial""","true","0.2","0.9","8","0.9000000000000001","true","true","""-1201747364""","0.0796278408254264","0.0796278408254264","0.0796278408254264","0","0.0796278408254264"
"1","968","1036","1000","1","""HK""","0.02","false","""normal""","1","""constant""","0.1","""Scale-free""","2","0","1","""uniform""","""deterministic-normal""","35","-0.19999999999999996","0.2","""normal""","0","0.9","false","""/home/ramaswamy.51/Documents/github/Spirals/Media/data/cluster/endsim/BehaviorSearch/Step6_Trial""","true","0.2","0.9","8","0.9000000000000001","true","true","""1871191367""","0.08619571851525473","0.08619571851525473","0.08619571851525473","0","0.08619571851525473"
"1","969","1040","1000","1","""HK""","0.01","false","""normal""","1","""constant""","0.1","""Scale-free""","2","0","1","""uniform""","""deterministic-normal""","40","-0.7","0.2","""normal""","0","0.9","false","""/home/ramaswamy.51/Documents/github/Spirals/Media/data/cluster/endsim/BehaviorSearch/Step6_Trial""","true","0.30000000000000004","1","5","1","true","true","""-128272427""","0.12419827388333107","0.12419827388333107","0.12419827388333107","0","0.12419827388333107"
"1","970","1040","1000","1","""HK""","0.01","false","""normal""","1","""constant""","0.1","""Scale-free""","2","0","1","""uniform""","""deterministic-normal""","40","-0.7","0.2","""normal""","0","0.9","false","""/home/ramaswamy.51/Documents/github/Spirals/Media/data/cluster/endsim/BehaviorSearch/Step6_Trial""","true","0.30000000000000004","1","5","1","true","true","""3772856""","0.11014516835329113","0.11014516835329113","0.11014516835329113","0","0.11014516835329113"
"1","971","1040","1000","1","""HK""","0.01","false","""normal""","1","""constant""","0.1","""Scale-free""","2","0","1","""uniform""","""deterministic-normal""","40","-0.7","0.2","""normal""","0","0.9","false","""/home/ramaswamy.51/Documents/github/Spirals/Media/data/cluster/endsim/BehaviorSearch/Step6_Trial""","true","0.30000000000000004","1","5","1","true","true","""-69638291""","0.09583789273014098","0.09583789273014098","0.09583789273014098","0","0.09583789273014098"
"1","972","1040","1000","1","""HK""","0.01","false","""normal""","1","""constant""","0.1","""Scale-free""","2","0","1","""uniform""","""deterministic-normal""","40","-0.7","0.2","""normal""","0","0.9","false","""/home/ramaswamy.51/Documents/github/Spirals/Media/data/cluster/endsim/BehaviorSearch/Step6_Trial""","true","0.30000000000000004","1","5","1","true","true","""1725900657""","0.10600256967330125","0.10600256967330125","0.10600256967330125","0","0.10600256967330125"
"1","973","1044","1000","1","""HK""","0.03","false","""normal""","1","""constant""","0.1","""Scale-free""","2","0","1","""uniform""","""deterministic-normal""","35","-0.3999999999999999","0.2","""normal""","0","0.9","false","""/home/ramaswamy.51/Documents/github/Spirals/Media/data/cluster/endsim/BehaviorSearch/Step6_Trial""","true","0","0.9","5","1","true","true","""1009683365""","0.09201928805717788","0.09201928805717788","0.09201928805717788","0","0.09201928805717788"
"1","974","1044","1000","1","""HK""","0.03","false","""normal""","1","""constant""","0.1","""Scale-free""","2","0","1","""uniform""","""deterministic-normal""","35","-0.3999999999999999","0.2","""normal""","0","0.9","false","""/home/ramaswamy.51/Documents/github/Spirals/Media/data/cluster/endsim/BehaviorSearch/Step6_Trial""","true","0","0.9","5","1","true","true","""994582091""","0.1176036045348079","0.1176036045348079","0.1176036045348079","0","0.1176036045348079"
"1","975","1044","1000","1","""HK""","0.03","false","""normal""","1","""constant""","0.1","""Scale-free""","2","0","1","""uniform""","""deterministic-normal""","35","-0.3999999999999999","0.2","""normal""","0","0.9","false","""/home/ramaswamy.51/Documents/github/Spirals/Media/data/cluster/endsim/BehaviorSearch/Step6_Trial""","true","0","0.9","5","1","true","true","""-2047874228""","0.11418285662116925","0.11418285662116925","0.11418285662116925","0","0.11418285662116925"
"1","976","1044","1000","1","""HK""","0.03","false","""normal""","1","""constant""","0.1","""Scale-free""","2","0","1","""uniform""","""deterministic-normal""","35","-0.3999999999999999","0.2","""normal""","0","0.9","false","""/home/ramaswamy.51/Documents/github/Spirals/Media/data/cluster/endsim/BehaviorSearch/Step6_Trial""","true","0","0.9","5","1","true","true","""-1390200838""","0.0995944892506407","0.0995944892506407","0.0995944892506407","0","0.0995944892506407"
"1","977","1048","1000","1","""HK""","0.02","false","""normal""","1","""constant""","0.1","""Scale-free""","2","0","1","""uniform""","""deterministic-normal""","40","-0.29999999999999993","0.2","""normal""","-0.6","0.9","false","""/home/ramaswamy.51/Documents/github/Spirals/Media/data/cluster/endsim/BehaviorSearch/Step6_Trial""","true","0.2","0.9","7","0.7000000000000002","true","true","""-370460104""","0.14090617705456562","0.14090617705456562","0.14090617705456562","0","0.14090617705456562"
"1","978","1048","1000","1","""HK""","0.02","false","""normal""","1","""constant""","0.1","""Scale-free""","2","0","1","""uniform""","""deterministic-normal""","40","-0.29999999999999993","0.2","""normal""","-0.6","0.9","false","""/home/ramaswamy.51/Documents/github/Spirals/Media/data/cluster/endsim/BehaviorSearch/Step6_Trial""","true","0.2","0.9","7","0.7000000000000002","true","true","""-110393904""","0.14308722878618046","0.14308722878618046","0.14308722878618046","0","0.14308722878618046"
"1","979","1048","1000","1","""HK""","0.02","false","""normal""","1","""constant""","0.1","""Scale-free""","2","0","1","""uniform""","""deterministic-normal""","40","-0.29999999999999993","0.2","""normal""","-0.6","0.9","false","""/home/ramaswamy.51/Documents/github/Spirals/Media/data/cluster/endsim/BehaviorSearch/Step6_Trial""","true","0.2","0.9","7","0.7000000000000002","true","true","""1665640054""","0.13878033466213466","0.13878033466213466","0.13878033466213466","0","0.13878033466213466"
"1","980","1048","1000","1","""HK""","0.02","false","""normal""","1","""constant""","0.1","""Scale-free""","2","0","1","""uniform""","""deterministic-normal""","40","-0.29999999999999993","0.2","""normal""","-0.6","0.9","false","""/home/ramaswamy.51/Documents/github/Spirals/Media/data/cluster/endsim/BehaviorSearch/Step6_Trial""","true","0.2","0.9","7","0.7000000000000002","true","true","""-1052949276""","0.14985509812858966","0.14985509812858966","0.14985509812858966","0","0.14985509812858966"
"1","981","1052","1000","1","""HK""","0.04","false","""normal""","1","""constant""","0.1","""Scale-free""","2","0","1","""uniform""","""deterministic-normal""","40","-0.3999999999999999","0.2","""normal""","0","0.9","false","""/home/ramaswamy.51/Documents/github/Spirals/Media/data/cluster/endsim/BehaviorSearch/Step6_Trial""","true","0","1","7","0.7000000000000002","true","true","""-827838733""","0.10152326000746101","0.10152326000746101","0.10152326000746101","0","0.10152326000746101"
"1","982","1052","1000","1","""HK""","0.04","false","""normal""","1","""constant""","0.1","""Scale-free""","2","0","1","""uniform""","""deterministic-normal""","40","-0.3999999999999999","0.2","""normal""","0","0.9","false","""/home/ramaswamy.51/Documents/github/Spirals/Media/data/cluster/endsim/BehaviorSearch/Step6_Trial""","true","0","1","7","0.7000000000000002","true","true","""-1600938129""","0.09898227067020368","0.09898227067020368","0.09898227067020368","0","0.09898227067020368"
"1","983","1052","1000","1","""HK""","0.04","false","""normal""","1","""constant""","0.1","""Scale-free""","2","0","1","""uniform""","""deterministic-normal""","40","-0.3999999999999999","0.2","""normal""","0","0.9","false","""/home/ramaswamy.51/Documents/github/Spirals/Media/data/cluster/endsim/BehaviorSearch/Step6_Trial""","true","0","1","7","0.7000000000000002","true","true","""-2059163400""","0.09841641149294832","0.09841641149294832","0.09841641149294832","0","0.09841641149294832"
"1","984","1052","1000","1","""HK""","0.04","false","""normal""","1","""constant""","0.1","""Scale-free""","2","0","1","""uniform""","""deterministic-normal""","40","-0.3999999999999999","0.2","""normal""","0","0.9","false","""/home/ramaswamy.51/Documents/github/Spirals/Media/data/cluster/endsim/BehaviorSearch/Step6_Trial""","true","0","1","7","0.7000000000000002","true","true","""90318238""","0.11708648261215786","0.11708648261215786","0.11708648261215786","0","0.11708648261215786"
"1","985","1056","1000","1","""HK""","0.03","false","""normal""","1","""constant""","0.1","""Scale-free""","2","0","1","""uniform""","""deterministic-normal""","40","-0.5","0.2","""normal""","0.30000000000000004","0.9","false","""/home/ramaswamy.51/Documents/github/Spirals/Media/data/cluster/endsim/BehaviorSearch/Step6_Trial""","true","0.2","1","7","0.7000000000000002","true","true","""-97674117""","0.11246673921847211","0.11246673921847211","0.11246673921847211","0","0.11246673921847211"
"1","986","1056","1000","1","""HK""","0.03","false","""normal""","1","""constant""","0.1","""Scale-free""","2","0","1","""uniform""","""deterministic-normal""","40","-0.5","0.2","""normal""","0.30000000000000004","0.9","false","""/home/ramaswamy.51/Documents/github/Spirals/Media/data/cluster/endsim/BehaviorSearch/Step6_Trial""","true","0.2","1","7","0.7000000000000002","true","true","""-288593842""","0.14523473773406223","0.14523473773406223","0.14523473773406223","0","0.14523473773406223"
"1","987","1056","1000","1","""HK""","0.03","false","""normal""","1","""constant""","0.1","""Scale-free""","2","0","1","""uniform""","""deterministic-normal""","40","-0.5","0.2","""normal""","0.30000000000000004","0.9","false","""/home/ramaswamy.51/Documents/github/Spirals/Media/data/cluster/endsim/BehaviorSearch/Step6_Trial""","true","0.2","1","7","0.7000000000000002","true","true","""-1264923976""","0.12122917378931251","0.12122917378931251","0.12122917378931251","0","0.12122917378931251"
"1","988","1056","1000","1","""HK""","0.03","false","""normal""","1","""constant""","0.1","""Scale-free""","2","0","1","""uniform""","""deterministic-normal""","40","-0.5","0.2","""normal""","0.30000000000000004","0.9","false","""/home/ramaswamy.51/Documents/github/Spirals/Media/data/cluster/endsim/BehaviorSearch/Step6_Trial""","true","0.2","1","7","0.7000000000000002","true","true","""-1817294758""","0.11488729865516432","0.11488729865516432","0.11488729865516432","0","0.11488729865516432"
"1","989","1060","1000","1","""HK""","0.03","false","""normal""","1","""constant""","0.1","""Scale-free""","2","0","1","""uniform""","""deterministic-normal""","40","-0.6","0.2","""normal""","0","0.9","false","""/home/ramaswamy.51/Documents/github/Spirals/Media/data/cluster/endsim/BehaviorSearch/Step6_Trial""","true","0.2","0.9","7","0.7000000000000002","true","true","""-2088428563""","0.09069050427638059","0.09069050427638059","0.09069050427638059","0","0.09069050427638059"
"1","990","1060","1000","1","""HK""","0.03","false","""normal""","1","""constant""","0.1","""Scale-free""","2","0","1","""uniform""","""deterministic-normal""","40","-0.6","0.2","""normal""","0","0.9","false","""/home/ramaswamy.51/Documents/github/Spirals/Media/data/cluster/endsim/BehaviorSearch/Step6_Trial""","true","0.2","0.9","7","0.7000000000000002","true","true","""-1735286""","0.09520711341209756","0.09520711341209756","0.09520711341209756","0","0.09520711341209756"
"1","991","1060","1000","1","""HK""","0.03","false","""normal""","1","""constant""","0.1","""Scale-free""","2","0","1","""uniform""","""deterministic-normal""","40","-0.6","0.2","""normal""","0","0.9","false","""/home/ramaswamy.51/Documents/github/Spirals/Media/data/cluster/endsim/BehaviorSearch/Step6_Trial""","true","0.2","0.9","7","0.7000000000000002","true","true","""-399911228""","0.0892591201674163","0.0892591201674163","0.0892591201674163","0","0.0892591201674163"
"1","992","1060","1000","1","""HK""","0.03","false","""normal""","1","""constant""","0.1","""Scale-free""","2","0","1","""uniform""","""deterministic-normal""","40","-0.6","0.2","""normal""","0","0.9","false","""/home/ramaswamy.51/Documents/github/Spirals/Media/data/cluster/endsim/BehaviorSearch/Step6_Trial""","true","0.2","0.9","7","0.7000000000000002","true","true","""1751015032""","0.09223911790395747","0.09223911790395747","0.09223911790395747","0","0.09223911790395747"
"1","993","1064","1000","1","""HK""","0.05","false","""normal""","1","""constant""","0.1","""Scale-free""","2","0","1","""uniform""","""deterministic-normal""","40","-0.8","0","""normal""","-0.19999999999999996","0.9","false","""/home/ramaswamy.51/Documents/github/Spirals/Media/data/cluster/endsim/BehaviorSearch/Step6_Trial""","true","0.30000000000000004","0.8","4","0.9000000000000001","true","true","""984641057""","0.10696773661739563","0.10696773661739563","0.10696773661739563","0","0.10696773661739563"
"1","994","1064","1000","1","""HK""","0.05","false","""normal""","1","""constant""","0.1","""Scale-free""","2","0","1","""uniform""","""deterministic-normal""","40","-0.8","0","""normal""","-0.19999999999999996","0.9","false","""/home/ramaswamy.51/Documents/github/Spirals/Media/data/cluster/endsim/BehaviorSearch/Step6_Trial""","true","0.30000000000000004","0.8","4","0.9000000000000001","true","true","""-1389831321""","0.08526041616929846","0.08526041616929846","0.08526041616929846","0","0.08526041616929846"
"1","995","1064","1000","1","""HK""","0.05","false","""normal""","1","""constant""","0.1","""Scale-free""","2","0","1","""uniform""","""deterministic-normal""","40","-0.8","0","""normal""","-0.19999999999999996","0.9","false","""/home/ramaswamy.51/Documents/github/Spirals/Media/data/cluster/endsim/BehaviorSearch/Step6_Trial""","true","0.30000000000000004","0.8","4","0.9000000000000001","true","true","""2053083637""","0.10587470051502652","0.10587470051502652","0.10587470051502652","0","0.10587470051502652"
"1","996","1064","1000","1","""HK""","0.05","false","""normal""","1","""constant""","0.1","""Scale-free""","2","0","1","""uniform""","""deterministic-normal""","40","-0.8","0","""normal""","-0.19999999999999996","0.9","false","""/home/ramaswamy.51/Documents/github/Spirals/Media/data/cluster/endsim/BehaviorSearch/Step6_Trial""","true","0.30000000000000004","0.8","4","0.9000000000000001","true","true","""-1703553372""","0.09553304209800623","0.09553304209800623","0.09553304209800623","0","0.09553304209800623"
"1","997","1068","1000","1","""HK""","0.01","false","""normal""","1","""constant""","0.1","""Scale-free""","2","0","1","""uniform""","""deterministic-normal""","40","-0.3999999999999999","0.1","""normal""","0","0.9","false","""/home/ramaswamy.51/Documents/github/Spirals/Media/data/cluster/endsim/BehaviorSearch/Step6_Trial""","true","0.30000000000000004","1","6","0.8","true","true","""-1487784129""","0.1006603238349374","0.1006603238349374","0.1006603238349374","0","0.1006603238349374"
"1","998","1068","1000","1","""HK""","0.01","false","""normal""","1","""constant""","0.1","""Scale-free""","2","0","1","""uniform""","""deterministic-normal""","40","-0.3999999999999999","0.1","""normal""","0","0.9","false","""/home/ramaswamy.51/Documents/github/Spirals/Media/data/cluster/endsim/BehaviorSearch/Step6_Trial""","true","0.30000000000000004","1","6","0.8","true","true","""1501617300""","0.10786297271878341","0.10786297271878341","0.10786297271878341","0","0.10786297271878341"
"1","999","1068","1000","1","""HK""","0.01","false","""normal""","1","""constant""","0.1","""Scale-free""","2","0","1","""uniform""","""deterministic-normal""","40","-0.3999999999999999","0.1","""normal""","0","0.9","false","""/home/ramaswamy.51/Documents/github/Spirals/Media/data/cluster/endsim/BehaviorSearch/Step6_Trial""","true","0.30000000000000004","1","6","0.8","true","true","""-1875965012""","0.10517832808875191","0.10517832808875191","0.10517832808875191","0","0.10517832808875191"
"1","1000","1068","1000","1","""HK""","0.01","false","""normal""","1","""constant""","0.1","""Scale-free""","2","0","1","""uniform""","""deterministic-normal""","40","-0.3999999999999999","0.1","""normal""","0","0.9","false","""/home/ramaswamy.51/Documents/github/Spirals/Media/data/cluster/endsim/BehaviorSearch/Step6_Trial""","true","0.30000000000000004","1","6","0.8","true","true","""-2094237200""","0.10981490321557949","0.10981490321557949","0.10981490321557949","0","0.10981490321557949"
"1","1001","1072","1000","1","""HK""","0.03","false","""normal""","1","""constant""","0.1","""Scale-free""","2","0","1","""uniform""","""deterministic-normal""","40","-0.29999999999999993","0.2","""normal""","-0.09999999999999998","0.8","false","""/home/ramaswamy.51/Documents/github/Spirals/Media/data/cluster/endsim/BehaviorSearch/Step6_Trial""","true","0.2","0.9","6","0.7000000000000002","true","true","""1663370278""","0.07638751991032251","0.07638751991032251","0.07638751991032251","0","0.07638751991032251"
"1","1002","1072","1000","1","""HK""","0.03","false","""normal""","1","""constant""","0.1","""Scale-free""","2","0","1","""uniform""","""deterministic-normal""","40","-0.29999999999999993","0.2","""normal""","-0.09999999999999998","0.8","false","""/home/ramaswamy.51/Documents/github/Spirals/Media/data/cluster/endsim/BehaviorSearch/Step6_Trial""","true","0.2","0.9","6","0.7000000000000002","true","true","""-1200121307""","0.1025827818022771","0.1025827818022771","0.1025827818022771","0","0.1025827818022771"
"1","1003","1072","1000","1","""HK""","0.03","false","""normal""","1","""constant""","0.1","""Scale-free""","2","0","1","""uniform""","""deterministic-normal""","40","-0.29999999999999993","0.2","""normal""","-0.09999999999999998","0.8","false","""/home/ramaswamy.51/Documents/github/Spirals/Media/data/cluster/endsim/BehaviorSearch/Step6_Trial""","true","0.2","0.9","6","0.7000000000000002","true","true","""-1167343237""","0.09412704959221922","0.09412704959221922","0.09412704959221922","0","0.09412704959221922"
"1","1004","1072","1000","1","""HK""","0.03","false","""normal""","1","""constant""","0.1","""Scale-free""","2","0","1","""uniform""","""deterministic-normal""","40","-0.29999999999999993","0.2","""normal""","-0.09999999999999998","0.8","false","""/home/ramaswamy.51/Documents/github/Spirals/Media/data/cluster/endsim/BehaviorSearch/Step6_Trial""","true","0.2","0.9","6","0.7000000000000002","true","true","""-548218988""","0.11031324855379965","0.11031324855379965","0.11031324855379965","0","0.11031324855379965"
"1","1005","1076","1000","1","""HK""","0.03","false","""normal""","1","""constant""","0.1","""Scale-free""","2","0","1","""uniform""","""deterministic-normal""","40","-0.8","0","""normal""","0","0.8","false","""/home/ramaswamy.51/Documents/github/Spirals/Media/data/cluster/endsim/BehaviorSearch/Step6_Trial""","true","0.30000000000000004","1","6","0.8","true","true","""-361033205""","0.10483467742637946","0.10483467742637946","0.10483467742637946","0","0.10483467742637946"
"1","1006","1076","1000","1","""HK""","0.03","false","""normal""","1","""constant""","0.1","""Scale-free""","2","0","1","""uniform""","""deterministic-normal""","40","-0.8","0","""normal""","0","0.8","false","""/home/ramaswamy.51/Documents/github/Spirals/Media/data/cluster/endsim/BehaviorSearch/Step6_Trial""","true","0.30000000000000004","1","6","0.8","true","true","""-1881557989""","0.10179737955430003","0.10179737955430003","0.10179737955430003","0","0.10179737955430003"
"1","1007","1076","1000","1","""HK""","0.03","false","""normal""","1","""constant""","0.1","""Scale-free""","2","0","1","""uniform""","""deterministic-normal""","40","-0.8","0","""normal""","0","0.8","false","""/home/ramaswamy.51/Documents/github/Spirals/Media/data/cluster/endsim/BehaviorSearch/Step6_Trial""","true","0.30000000000000004","1","6","0.8","true","true","""-1658567180""","0.11247114579770151","0.11247114579770151","0.11247114579770151","0","0.11247114579770151"
"1","1008","1076","1000","1","""HK""","0.03","false","""normal""","1","""constant""","0.1","""Scale-free""","2","0","1","""uniform""","""deterministic-normal""","40","-0.8","0","""normal""","0","0.8","false","""/home/ramaswamy.51/Documents/github/Spirals/Media/data/cluster/endsim/BehaviorSearch/Step6_Trial""","true","0.30000000000000004","1","6","0.8","true","true","""1865558906""","0.10898835789896934","0.10898835789896934","0.10898835789896934","0","0.10898835789896934"
"1","1009","1080","1000","1","""HK""","0.03","false","""normal""","1","""constant""","0.1","""Scale-free""","2","0","1","""uniform""","""deterministic-normal""","40","-0.3999999999999999","0.2","""normal""","0","0.9","false","""/home/ramaswamy.51/Documents/github/Spirals/Media/data/cluster/endsim/BehaviorSearch/Step6_Trial""","true","0.2","0.9","8","0.9000000000000001","true","true","""890204995""","0.11254419878134318","0.11254419878134318","0.11254419878134318","0","0.11254419878134318"
"1","1010","1080","1000","1","""HK""","0.03","false","""normal""","1","""constant""","0.1","""Scale-free""","2","0","1","""uniform""","""deterministic-normal""","40","-0.3999999999999999","0.2","""normal""","0","0.9","false","""/home/ramaswamy.51/Documents/github/Spirals/Media/data/cluster/endsim/BehaviorSearch/Step6_Trial""","true","0.2","0.9","8","0.9000000000000001","true","true","""1671468339""","0.07156890047967589","0.07156890047967589","0.07156890047967589","0","0.07156890047967589"
"1","1011","1080","1000","1","""HK""","0.03","false","""normal""","1","""constant""","0.1","""Scale-free""","2","0","1","""uniform""","""deterministic-normal""","40","-0.3999999999999999","0.2","""normal""","0","0.9","false","""/home/ramaswamy.51/Documents/github/Spirals/Media/data/cluster/endsim/BehaviorSearch/Step6_Trial""","true","0.2","0.9","8","0.9000000000000001","true","true","""-675256222""","0.10538552038427614","0.10538552038427614","0.10538552038427614","0","0.10538552038427614"
"1","1012","1080","1000","1","""HK""","0.03","false","""normal""","1","""constant""","0.1","""Scale-free""","2","0","1","""uniform""","""deterministic-normal""","40","-0.3999999999999999","0.2","""normal""","0","0.9","false","""/home/ramaswamy.51/Documents/github/Spirals/Media/data/cluster/endsim/BehaviorSearch/Step6_Trial""","true","0.2","0.9","8","0.9000000000000001","true","true","""1293423907""","0.09986992461164154","0.09986992461164154","0.09986992461164154","0","0.09986992461164154"
"1","1013","1088","1000","1","""HK""","0.060000000000000005","false","""normal""","1","""constant""","0.1","""Scale-free""","2","0","1","""uniform""","""deterministic-normal""","40","-0.8","0","""normal""","-0.09999999999999998","0.9","false","""/home/ramaswamy.51/Documents/github/Spirals/Media/data/cluster/endsim/BehaviorSearch/Step6_Trial""","true","0.4","0.9","4","0.9000000000000001","true","true","""-1470739950""","0.10654265338257037","0.10654265338257037","0.10654265338257037","0","0.10654265338257037"
"1","1014","1088","1000","1","""HK""","0.060000000000000005","false","""normal""","1","""constant""","0.1","""Scale-free""","2","0","1","""uniform""","""deterministic-normal""","40","-0.8","0","""normal""","-0.09999999999999998","0.9","false","""/home/ramaswamy.51/Documents/github/Spirals/Media/data/cluster/endsim/BehaviorSearch/Step6_Trial""","true","0.4","0.9","4","0.9000000000000001","true","true","""368401734""","0.10923865144371207","0.10923865144371207","0.10923865144371207","0","0.10923865144371207"
"1","1015","1088","1000","1","""HK""","0.060000000000000005","false","""normal""","1","""constant""","0.1","""Scale-free""","2","0","1","""uniform""","""deterministic-normal""","40","-0.8","0","""normal""","-0.09999999999999998","0.9","false","""/home/ramaswamy.51/Documents/github/Spirals/Media/data/cluster/endsim/BehaviorSearch/Step6_Trial""","true","0.4","0.9","4","0.9000000000000001","true","true","""-1933503176""","0.10416750602621916","0.10416750602621916","0.10416750602621916","0","0.10416750602621916"
"1","1016","1088","1000","1","""HK""","0.060000000000000005","false","""normal""","1","""constant""","0.1","""Scale-free""","2","0","1","""uniform""","""deterministic-normal""","40","-0.8","0","""normal""","-0.09999999999999998","0.9","false","""/home/ramaswamy.51/Documents/github/Spirals/Media/data/cluster/endsim/BehaviorSearch/Step6_Trial""","true","0.4","0.9","4","0.9000000000000001","true","true","""-1763932173""","0.10792070970916108","0.10792070970916108","0.10792070970916108","0","0.10792070970916108"
"1","1017","1092","1000","1","""HK""","0.03","false","""normal""","1","""constant""","0.1","""Scale-free""","2","0","1","""uniform""","""deterministic-normal""","45","-0.29999999999999993","0.2","""normal""","0","0.9","false","""/home/ramaswamy.51/Documents/github/Spirals/Media/data/cluster/endsim/BehaviorSearch/Step6_Trial""","true","0.2","0.9","8","0.8","true","true","""180462557""","0.10343773546131975","0.10343773546131975","0.10343773546131975","0","0.10343773546131975"
"1","1018","1092","1000","1","""HK""","0.03","false","""normal""","1","""constant""","0.1","""Scale-free""","2","0","1","""uniform""","""deterministic-normal""","45","-0.29999999999999993","0.2","""normal""","0","0.9","false","""/home/ramaswamy.51/Documents/github/Spirals/Media/data/cluster/endsim/BehaviorSearch/Step6_Trial""","true","0.2","0.9","8","0.8","true","true","""249071268""","0.09360661210958983","0.09360661210958983","0.09360661210958983","0","0.09360661210958983"
"1","1019","1092","1000","1","""HK""","0.03","false","""normal""","1","""constant""","0.1","""Scale-free""","2","0","1","""uniform""","""deterministic-normal""","45","-0.29999999999999993","0.2","""normal""","0","0.9","false","""/home/ramaswamy.51/Documents/github/Spirals/Media/data/cluster/endsim/BehaviorSearch/Step6_Trial""","true","0.2","0.9","8","0.8","true","true","""1158154635""","0.08709796421047436","0.08709796421047436","0.08709796421047436","0","0.08709796421047436"
"1","1020","1092","1000","1","""HK""","0.03","false","""normal""","1","""constant""","0.1","""Scale-free""","2","0","1","""uniform""","""deterministic-normal""","45","-0.29999999999999993","0.2","""normal""","0","0.9","false","""/home/ramaswamy.51/Documents/github/Spirals/Media/data/cluster/endsim/BehaviorSearch/Step6_Trial""","true","0.2","0.9","8","0.8","true","true","""-521174798""","0.10005777846036203","0.10005777846036203","0.10005777846036203","0","0.10005777846036203"
"1","1021","1104","1000","1","""HK""","0.03","false","""normal""","1","""constant""","0.1","""Scale-free""","2","0","1","""uniform""","""deterministic-normal""","30","-1","0.2","""normal""","0","0.9","false","""/home/ramaswamy.51/Documents/github/Spirals/Media/data/cluster/endsim/BehaviorSearch/Step6_Trial""","true","0.30000000000000004","1","6","0.8","true","true","""1730046850""","0.08755899517842766","0.08755899517842766","0.08755899517842766","0","0.08755899517842766"
"1","1022","1104","1000","1","""HK""","0.03","false","""normal""","1","""constant""","0.1","""Scale-free""","2","0","1","""uniform""","""deterministic-normal""","30","-1","0.2","""normal""","0","0.9","false","""/home/ramaswamy.51/Documents/github/Spirals/Media/data/cluster/endsim/BehaviorSearch/Step6_Trial""","true","0.30000000000000004","1","6","0.8","true","true","""-1590135813""","0.08785931862998325","0.08785931862998325","0.08785931862998325","0","0.08785931862998325"
"1","1023","1104","1000","1","""HK""","0.03","false","""normal""","1","""constant""","0.1","""Scale-free""","2","0","1","""uniform""","""deterministic-normal""","30","-1","0.2","""normal""","0","0.9","false","""/home/ramaswamy.51/Documents/github/Spirals/Media/data/cluster/endsim/BehaviorSearch/Step6_Trial""","true","0.30000000000000004","1","6","0.8","true","true","""575046732""","0.08878529975723763","0.08878529975723763","0.08878529975723763","0","0.08878529975723763"
"1","1024","1104","1000","1","""HK""","0.03","false","""normal""","1","""constant""","0.1","""Scale-free""","2","0","1","""uniform""","""deterministic-normal""","30","-1","0.2","""normal""","0","0.9","false","""/home/ramaswamy.51/Documents/github/Spirals/Media/data/cluster/endsim/BehaviorSearch/Step6_Trial""","true","0.30000000000000004","1","6","0.8","true","true","""-1705502712""","0.09889260958779703","0.09889260958779703","0.09889260958779703","0","0.09889260958779703"
"1","1025","1112","1000","1","""HK""","0.03","false","""normal""","1","""constant""","0.1","""Scale-free""","2","0","1","""uniform""","""deterministic-normal""","40","-0.3999999999999999","0.1","""normal""","0","0.9","false","""/home/ramaswamy.51/Documents/github/Spirals/Media/data/cluster/endsim/BehaviorSearch/Step6_Trial""","true","0.2","0.9","9","0.8","true","true","""860898872""","0.07793260551274331","0.07793260551274331","0.07793260551274331","0","0.07793260551274331"
"1","1026","1112","1000","1","""HK""","0.03","false","""normal""","1","""constant""","0.1","""Scale-free""","2","0","1","""uniform""","""deterministic-normal""","40","-0.3999999999999999","0.1","""normal""","0","0.9","false","""/home/ramaswamy.51/Documents/github/Spirals/Media/data/cluster/endsim/BehaviorSearch/Step6_Trial""","true","0.2","0.9","9","0.8","true","true","""2080293535""","0.10265482926082305","0.10265482926082305","0.10265482926082305","0","0.10265482926082305"
"1","1027","1112","1000","1","""HK""","0.03","false","""normal""","1","""constant""","0.1","""Scale-free""","2","0","1","""uniform""","""deterministic-normal""","40","-0.3999999999999999","0.1","""normal""","0","0.9","false","""/home/ramaswamy.51/Documents/github/Spirals/Media/data/cluster/endsim/BehaviorSearch/Step6_Trial""","true","0.2","0.9","9","0.8","true","true","""1404988663""","0.08188245317238706","0.08188245317238706","0.08188245317238706","0","0.08188245317238706"
"1","1028","1112","1000","1","""HK""","0.03","false","""normal""","1","""constant""","0.1","""Scale-free""","2","0","1","""uniform""","""deterministic-normal""","40","-0.3999999999999999","0.1","""normal""","0","0.9","false","""/home/ramaswamy.51/Documents/github/Spirals/Media/data/cluster/endsim/BehaviorSearch/Step6_Trial""","true","0.2","0.9","9","0.8","true","true","""2092239879""","0.08226541019950297","0.08226541019950297","0.08226541019950297","0","0.08226541019950297"
"1","1029","1116","1000","1","""HK""","0.03","false","""normal""","1","""constant""","0.1","""Scale-free""","2","0","1","""uniform""","""deterministic-normal""","40","-0.6","0.1","""normal""","0","0.9","false","""/home/ramaswamy.51/Documents/github/Spirals/Media/data/cluster/endsim/BehaviorSearch/Step6_Trial""","true","0.1","0.9","5","1","true","true","""-650436146""","0.11337236198981633","0.11337236198981633","0.11337236198981633","0","0.11337236198981633"
"1","1030","1116","1000","1","""HK""","0.03","false","""normal""","1","""constant""","0.1","""Scale-free""","2","0","1","""uniform""","""deterministic-normal""","40","-0.6","0.1","""normal""","0","0.9","false","""/home/ramaswamy.51/Documents/github/Spirals/Media/data/cluster/endsim/BehaviorSearch/Step6_Trial""","true","0.1","0.9","5","1","true","true","""180040943""","0.08660989347893522","0.08660989347893522","0.08660989347893522","0","0.08660989347893522"
"1","1031","1116","1000","1","""HK""","0.03","false","""normal""","1","""constant""","0.1","""Scale-free""","2","0","1","""uniform""","""deterministic-normal""","40","-0.6","0.1","""normal""","0","0.9","false","""/home/ramaswamy.51/Documents/github/Spirals/Media/data/cluster/endsim/BehaviorSearch/Step6_Trial""","true","0.1","0.9","5","1","true","true","""-729833983""","0.10642147509737959","0.10642147509737959","0.10642147509737959","0","0.10642147509737959"
"1","1032","1116","1000","1","""HK""","0.03","false","""normal""","1","""constant""","0.1","""Scale-free""","2","0","1","""uniform""","""deterministic-normal""","40","-0.6","0.1","""normal""","0","0.9","false","""/home/ramaswamy.51/Documents/github/Spirals/Media/data/cluster/endsim/BehaviorSearch/Step6_Trial""","true","0.1","0.9","5","1","true","true","""1171991737""","0.09716960993801606","0.09716960993801606","0.09716960993801606","0","0.09716960993801606"
"1","1033","1120","1000","1","""HK""","0.01","false","""normal""","1","""constant""","0.1","""Scale-free""","2","0","1","""uniform""","""deterministic-normal""","40","-0.5","0.2","""normal""","0","1","false","""/home/ramaswamy.51/Documents/github/Spirals/Media/data/cluster/endsim/BehaviorSearch/Step6_Trial""","true","0.2","0.9","9","0.8","true","true","""1185653856""","0.11894067267691912","0.11894067267691912","0.11894067267691912","0","0.11894067267691912"
"1","1034","1120","1000","1","""HK""","0.01","false","""normal""","1","""constant""","0.1","""Scale-free""","2","0","1","""uniform""","""deterministic-normal""","40","-0.5","0.2","""normal""","0","1","false","""/home/ramaswamy.51/Documents/github/Spirals/Media/data/cluster/endsim/BehaviorSearch/Step6_Trial""","true","0.2","0.9","9","0.8","true","true","""1155921967""","0.09108943954867217","0.09108943954867217","0.09108943954867217","0","0.09108943954867217"
"1","1035","1120","1000","1","""HK""","0.01","false","""normal""","1","""constant""","0.1","""Scale-free""","2","0","1","""uniform""","""deterministic-normal""","40","-0.5","0.2","""normal""","0","1","false","""/home/ramaswamy.51/Documents/github/Spirals/Media/data/cluster/endsim/BehaviorSearch/Step6_Trial""","true","0.2","0.9","9","0.8","true","true","""-437731541""","0.09701633449261869","0.09701633449261869","0.09701633449261869","0","0.09701633449261869"
"1","1036","1120","1000","1","""HK""","0.01","false","""normal""","1","""constant""","0.1","""Scale-free""","2","0","1","""uniform""","""deterministic-normal""","40","-0.5","0.2","""normal""","0","1","false","""/home/ramaswamy.51/Documents/github/Spirals/Media/data/cluster/endsim/BehaviorSearch/Step6_Trial""","true","0.2","0.9","9","0.8","true","true","""185462304""","0.09112821783421311","0.09112821783421311","0.09112821783421311","0","0.09112821783421311"
"1","1037","1124","1000","1","""HK""","0.03","false","""normal""","1","""constant""","0.1","""Scale-free""","1","0","1","""uniform""","""deterministic-normal""","40","-0.3999999999999999","0.1","""normal""","0","0.9","false","""/home/ramaswamy.51/Documents/github/Spirals/Media/data/cluster/endsim/BehaviorSearch/Step6_Trial""","true","0.2","0.9","9","0.8","true","true","""-1630881952""","0.09795778933579628","0.09795778933579628","0.09795778933579628","0","0.09795778933579628"
"1","1038","1124","1000","1","""HK""","0.03","false","""normal""","1","""constant""","0.1","""Scale-free""","1","0","1","""uniform""","""deterministic-normal""","40","-0.3999999999999999","0.1","""normal""","0","0.9","false","""/home/ramaswamy.51/Documents/github/Spirals/Media/data/cluster/endsim/BehaviorSearch/Step6_Trial""","true","0.2","0.9","9","0.8","true","true","""883564262""","0.0934062696963656","0.0934062696963656","0.0934062696963656","0","0.0934062696963656"
"1","1039","1124","1000","1","""HK""","0.03","false","""normal""","1","""constant""","0.1","""Scale-free""","1","0","1","""uniform""","""deterministic-normal""","40","-0.3999999999999999","0.1","""normal""","0","0.9","false","""/home/ramaswamy.51/Documents/github/Spirals/Media/data/cluster/endsim/BehaviorSearch/Step6_Trial""","true","0.2","0.9","9","0.8","true","true","""-1215679654""","0.10097241456775112","0.10097241456775112","0.10097241456775112","0","0.10097241456775112"
"1","1040","1124","1000","1","""HK""","0.03","false","""normal""","1","""constant""","0.1","""Scale-free""","1","0","1","""uniform""","""deterministic-normal""","40","-0.3999999999999999","0.1","""normal""","0","0.9","false","""/home/ramaswamy.51/Documents/github/Spirals/Media/data/cluster/endsim/BehaviorSearch/Step6_Trial""","true","0.2","0.9","9","0.8","true","true","""-949001664""","0.10788374509776463","0.10788374509776463","0.10788374509776463","0","0.10788374509776463"
"1","1041","1128","1000","1","""HK""","0.03","false","""normal""","1","""constant""","0.1","""Scale-free""","2","0","1","""uniform""","""deterministic-normal""","45","-0.3999999999999999","0.1","""normal""","-0.5","1","false","""/home/ramaswamy.51/Documents/github/Spirals/Media/data/cluster/endsim/BehaviorSearch/Step6_Trial""","true","0.2","0.9","9","0.8","true","true","""1944834571""","0.11303078714471744","0.11303078714471744","0.11303078714471744","0","0.11303078714471744"
"1","1042","1128","1000","1","""HK""","0.03","false","""normal""","1","""constant""","0.1","""Scale-free""","2","0","1","""uniform""","""deterministic-normal""","45","-0.3999999999999999","0.1","""normal""","-0.5","1","false","""/home/ramaswamy.51/Documents/github/Spirals/Media/data/cluster/endsim/BehaviorSearch/Step6_Trial""","true","0.2","0.9","9","0.8","true","true","""-142232490""","0.10958941060081692","0.10958941060081692","0.10958941060081692","0","0.10958941060081692"
"1","1043","1128","1000","1","""HK""","0.03","false","""normal""","1","""constant""","0.1","""Scale-free""","2","0","1","""uniform""","""deterministic-normal""","45","-0.3999999999999999","0.1","""normal""","-0.5","1","false","""/home/ramaswamy.51/Documents/github/Spirals/Media/data/cluster/endsim/BehaviorSearch/Step6_Trial""","true","0.2","0.9","9","0.8","true","true","""-998547906""","0.12018457574202338","0.12018457574202338","0.12018457574202338","0","0.12018457574202338"
"1","1044","1128","1000","1","""HK""","0.03","false","""normal""","1","""constant""","0.1","""Scale-free""","2","0","1","""uniform""","""deterministic-normal""","45","-0.3999999999999999","0.1","""normal""","-0.5","1","false","""/home/ramaswamy.51/Documents/github/Spirals/Media/data/cluster/endsim/BehaviorSearch/Step6_Trial""","true","0.2","0.9","9","0.8","true","true","""493505955""","0.1305144426843204","0.1305144426843204","0.1305144426843204","0","0.1305144426843204"
"1","1045","1132","1000","1","""HK""","0.03","false","""normal""","1","""constant""","0.1","""Scale-free""","2","0","1","""uniform""","""deterministic-normal""","40","-0.29999999999999993","0","""normal""","0","0.8","false","""/home/ramaswamy.51/Documents/github/Spirals/Media/data/cluster/endsim/BehaviorSearch/Step6_Trial""","true","0.2","0.9","4","0.9000000000000001","true","true","""654201804""","0.09173661403878236","0.09173661403878236","0.09173661403878236","0","0.09173661403878236"
"1","1046","1132","1000","1","""HK""","0.03","false","""normal""","1","""constant""","0.1","""Scale-free""","2","0","1","""uniform""","""deterministic-normal""","40","-0.29999999999999993","0","""normal""","0","0.8","false","""/home/ramaswamy.51/Documents/github/Spirals/Media/data/cluster/endsim/BehaviorSearch/Step6_Trial""","true","0.2","0.9","4","0.9000000000000001","true","true","""-1695026424""","0.09902891889220218","0.09902891889220218","0.09902891889220218","0","0.09902891889220218"
"1","1047","1132","1000","1","""HK""","0.03","false","""normal""","1","""constant""","0.1","""Scale-free""","2","0","1","""uniform""","""deterministic-normal""","40","-0.29999999999999993","0","""normal""","0","0.8","false","""/home/ramaswamy.51/Documents/github/Spirals/Media/data/cluster/endsim/BehaviorSearch/Step6_Trial""","true","0.2","0.9","4","0.9000000000000001","true","true","""-1338491207""","0.09957784939961323","0.09957784939961323","0.09957784939961323","0","0.09957784939961323"
"1","1048","1132","1000","1","""HK""","0.03","false","""normal""","1","""constant""","0.1","""Scale-free""","2","0","1","""uniform""","""deterministic-normal""","40","-0.29999999999999993","0","""normal""","0","0.8","false","""/home/ramaswamy.51/Documents/github/Spirals/Media/data/cluster/endsim/BehaviorSearch/Step6_Trial""","true","0.2","0.9","4","0.9000000000000001","true","true","""1492633197""","0.10020353344701242","0.10020353344701242","0.10020353344701242","0","0.10020353344701242"
"1","1049","1136","1000","1","""HK""","0.01","false","""normal""","1","""constant""","0.1","""Scale-free""","2","0","1","""uniform""","""deterministic-normal""","40","-0.29999999999999993","0.2","""normal""","-0.29999999999999993","0.9","false","""/home/ramaswamy.51/Documents/github/Spirals/Media/data/cluster/endsim/BehaviorSearch/Step6_Trial""","true","0.1","0.9","7","0.9000000000000001","true","true","""-1417035986""","0.11348908707197418","0.11348908707197418","0.11348908707197418","0","0.11348908707197418"
"1","1050","1136","1000","1","""HK""","0.01","false","""normal""","1","""constant""","0.1","""Scale-free""","2","0","1","""uniform""","""deterministic-normal""","40","-0.29999999999999993","0.2","""normal""","-0.29999999999999993","0.9","false","""/home/ramaswamy.51/Documents/github/Spirals/Media/data/cluster/endsim/BehaviorSearch/Step6_Trial""","true","0.1","0.9","7","0.9000000000000001","true","true","""1509569996""","0.10623915986744908","0.10623915986744908","0.10623915986744908","0","0.10623915986744908"
"1","1051","1136","1000","1","""HK""","0.01","false","""normal""","1","""constant""","0.1","""Scale-free""","2","0","1","""uniform""","""deterministic-normal""","40","-0.29999999999999993","0.2","""normal""","-0.29999999999999993","0.9","false","""/home/ramaswamy.51/Documents/github/Spirals/Media/data/cluster/endsim/BehaviorSearch/Step6_Trial""","true","0.1","0.9","7","0.9000000000000001","true","true","""234779596""","0.0957125830953447","0.0957125830953447","0.0957125830953447","0","0.0957125830953447"
"1","1052","1136","1000","1","""HK""","0.01","false","""normal""","1","""constant""","0.1","""Scale-free""","2","0","1","""uniform""","""deterministic-normal""","40","-0.29999999999999993","0.2","""normal""","-0.29999999999999993","0.9","false","""/home/ramaswamy.51/Documents/github/Spirals/Media/data/cluster/endsim/BehaviorSearch/Step6_Trial""","true","0.1","0.9","7","0.9000000000000001","true","true","""105972663""","0.11755755154504138","0.11755755154504138","0.11755755154504138","0","0.11755755154504138"
"1","1053","1140","1000","1","""HK""","0.03","false","""normal""","1","""constant""","0.1","""Scale-free""","1","0","1","""uniform""","""deterministic-normal""","40","-0.3999999999999999","0.2","""normal""","-0.09999999999999998","0.9","false","""/home/ramaswamy.51/Documents/github/Spirals/Media/data/cluster/endsim/BehaviorSearch/Step6_Trial""","true","0.30000000000000004","1","6","0.8","true","true","""-1824009021""","0.10340629358727707","0.10340629358727707","0.10340629358727707","0","0.10340629358727707"
"1","1054","1140","1000","1","""HK""","0.03","false","""normal""","1","""constant""","0.1","""Scale-free""","1","0","1","""uniform""","""deterministic-normal""","40","-0.3999999999999999","0.2","""normal""","-0.09999999999999998","0.9","false","""/home/ramaswamy.51/Documents/github/Spirals/Media/data/cluster/endsim/BehaviorSearch/Step6_Trial""","true","0.30000000000000004","1","6","0.8","true","true","""-1679027565""","0.08531642670121373","0.08531642670121373","0.08531642670121373","0","0.08531642670121373"
"1","1055","1140","1000","1","""HK""","0.03","false","""normal""","1","""constant""","0.1","""Scale-free""","1","0","1","""uniform""","""deterministic-normal""","40","-0.3999999999999999","0.2","""normal""","-0.09999999999999998","0.9","false","""/home/ramaswamy.51/Documents/github/Spirals/Media/data/cluster/endsim/BehaviorSearch/Step6_Trial""","true","0.30000000000000004","1","6","0.8","true","true","""-1599283131""","0.09754551193049753","0.09754551193049753","0.09754551193049753","0","0.09754551193049753"
"1","1056","1140","1000","1","""HK""","0.03","false","""normal""","1","""constant""","0.1","""Scale-free""","1","0","1","""uniform""","""deterministic-normal""","40","-0.3999999999999999","0.2","""normal""","-0.09999999999999998","0.9","false","""/home/ramaswamy.51/Documents/github/Spirals/Media/data/cluster/endsim/BehaviorSearch/Step6_Trial""","true","0.30000000000000004","1","6","0.8","true","true","""-1247086601""","0.08370686660446197","0.08370686660446197","0.08370686660446197","0","0.08370686660446197"
"1","1057","1144","1000","1","""HK""","0.03","false","""normal""","1","""constant""","0.1","""Scale-free""","2","0","1","""uniform""","""deterministic-normal""","40","-0.3999999999999999","0.2","""normal""","0","0.9","false","""/home/ramaswamy.51/Documents/github/Spirals/Media/data/cluster/endsim/BehaviorSearch/Step6_Trial""","true","0.30000000000000004","1","7","0.6000000000000001","true","true","""679492590""","0.09969475344885599","0.09969475344885599","0.09969475344885599","0","0.09969475344885599"
"1","1058","1144","1000","1","""HK""","0.03","false","""normal""","1","""constant""","0.1","""Scale-free""","2","0","1","""uniform""","""deterministic-normal""","40","-0.3999999999999999","0.2","""normal""","0","0.9","false","""/home/ramaswamy.51/Documents/github/Spirals/Media/data/cluster/endsim/BehaviorSearch/Step6_Trial""","true","0.30000000000000004","1","7","0.6000000000000001","true","true","""1003279294""","0.08694244052958736","0.08694244052958736","0.08694244052958736","0","0.08694244052958736"
"1","1059","1144","1000","1","""HK""","0.03","false","""normal""","1","""constant""","0.1","""Scale-free""","2","0","1","""uniform""","""deterministic-normal""","40","-0.3999999999999999","0.2","""normal""","0","0.9","false","""/home/ramaswamy.51/Documents/github/Spirals/Media/data/cluster/endsim/BehaviorSearch/Step6_Trial""","true","0.30000000000000004","1","7","0.6000000000000001","true","true","""-1487099965""","0.0885015421640999","0.0885015421640999","0.0885015421640999","0","0.0885015421640999"
"1","1060","1144","1000","1","""HK""","0.03","false","""normal""","1","""constant""","0.1","""Scale-free""","2","0","1","""uniform""","""deterministic-normal""","40","-0.3999999999999999","0.2","""normal""","0","0.9","false","""/home/ramaswamy.51/Documents/github/Spirals/Media/data/cluster/endsim/BehaviorSearch/Step6_Trial""","true","0.30000000000000004","1","7","0.6000000000000001","true","true","""1413586773""","0.08387323493877553","0.08387323493877553","0.08387323493877553","0","0.08387323493877553"
"1","1061","1148","1000","1","""HK""","0.03","false","""normal""","1","""constant""","0.1","""Scale-free""","2","0","1","""uniform""","""deterministic-normal""","35","-0.3999999999999999","0.2","""normal""","0.20000000000000018","0.9","false","""/home/ramaswamy.51/Documents/github/Spirals/Media/data/cluster/endsim/BehaviorSearch/Step6_Trial""","true","0.2","0.9","8","0.9000000000000001","true","true","""-285487599""","0.11837664587625692","0.11837664587625692","0.11837664587625692","0","0.11837664587625692"
"1","1062","1148","1000","1","""HK""","0.03","false","""normal""","1","""constant""","0.1","""Scale-free""","2","0","1","""uniform""","""deterministic-normal""","35","-0.3999999999999999","0.2","""normal""","0.20000000000000018","0.9","false","""/home/ramaswamy.51/Documents/github/Spirals/Media/data/cluster/endsim/BehaviorSearch/Step6_Trial""","true","0.2","0.9","8","0.9000000000000001","true","true","""892228602""","0.0990724857454396","0.0990724857454396","0.0990724857454396","0","0.0990724857454396"
"1","1063","1148","1000","1","""HK""","0.03","false","""normal""","1","""constant""","0.1","""Scale-free""","2","0","1","""uniform""","""deterministic-normal""","35","-0.3999999999999999","0.2","""normal""","0.20000000000000018","0.9","false","""/home/ramaswamy.51/Documents/github/Spirals/Media/data/cluster/endsim/BehaviorSearch/Step6_Trial""","true","0.2","0.9","8","0.9000000000000001","true","true","""-826078690""","0.12814614055511367","0.12814614055511367","0.12814614055511367","0","0.12814614055511367"
"1","1064","1148","1000","1","""HK""","0.03","false","""normal""","1","""constant""","0.1","""Scale-free""","2","0","1","""uniform""","""deterministic-normal""","35","-0.3999999999999999","0.2","""normal""","0.20000000000000018","0.9","false","""/home/ramaswamy.51/Documents/github/Spirals/Media/data/cluster/endsim/BehaviorSearch/Step6_Trial""","true","0.2","0.9","8","0.9000000000000001","true","true","""-1417626081""","0.12142056637854351","0.12142056637854351","0.12142056637854351","0","0.12142056637854351"
"1","1065","1152","1000","1","""HK""","0.01","false","""normal""","1","""constant""","0.1","""Scale-free""","2","0","1","""uniform""","""deterministic-normal""","35","-0.5","0.2","""normal""","0.10000000000000009","0.9","false","""/home/ramaswamy.51/Documents/github/Spirals/Media/data/cluster/endsim/BehaviorSearch/Step6_Trial""","true","0.30000000000000004","1","7","0.6000000000000001","true","true","""1076490815""","0.09581319857796626","0.09581319857796626","0.09581319857796626","0","0.09581319857796626"
"1","1066","1152","1000","1","""HK""","0.01","false","""normal""","1","""constant""","0.1","""Scale-free""","2","0","1","""uniform""","""deterministic-normal""","35","-0.5","0.2","""normal""","0.10000000000000009","0.9","false","""/home/ramaswamy.51/Documents/github/Spirals/Media/data/cluster/endsim/BehaviorSearch/Step6_Trial""","true","0.30000000000000004","1","7","0.6000000000000001","true","true","""-1155914331""","0.09663859234146971","0.09663859234146971","0.09663859234146971","0","0.09663859234146971"
"1","1067","1152","1000","1","""HK""","0.01","false","""normal""","1","""constant""","0.1","""Scale-free""","2","0","1","""uniform""","""deterministic-normal""","35","-0.5","0.2","""normal""","0.10000000000000009","0.9","false","""/home/ramaswamy.51/Documents/github/Spirals/Media/data/cluster/endsim/BehaviorSearch/Step6_Trial""","true","0.30000000000000004","1","7","0.6000000000000001","true","true","""11925111""","0.09990355544495359","0.09990355544495359","0.09990355544495359","0","0.09990355544495359"
"1","1068","1152","1000","1","""HK""","0.01","false","""normal""","1","""constant""","0.1","""Scale-free""","2","0","1","""uniform""","""deterministic-normal""","35","-0.5","0.2","""normal""","0.10000000000000009","0.9","false","""/home/ramaswamy.51/Documents/github/Spirals/Media/data/cluster/endsim/BehaviorSearch/Step6_Trial""","true","0.30000000000000004","1","7","0.6000000000000001","true","true","""1435693943""","0.09118391519623176","0.09118391519623176","0.09118391519623176","0","0.09118391519623176"
"1","1069","1156","1000","1","""HK""","0.03","false","""normal""","1","""constant""","0.1","""Scale-free""","2","0","1","""uniform""","""deterministic-normal""","35","-0.3999999999999999","0.2","""normal""","0.10000000000000009","0.9","false","""/home/ramaswamy.51/Documents/github/Spirals/Media/data/cluster/endsim/BehaviorSearch/Step6_Trial""","true","0.2","1","7","0.7000000000000002","true","true","""-1324818078""","0.09916041939674312","0.09916041939674312","0.09916041939674312","0","0.09916041939674312"
"1","1070","1156","1000","1","""HK""","0.03","false","""normal""","1","""constant""","0.1","""Scale-free""","2","0","1","""uniform""","""deterministic-normal""","35","-0.3999999999999999","0.2","""normal""","0.10000000000000009","0.9","false","""/home/ramaswamy.51/Documents/github/Spirals/Media/data/cluster/endsim/BehaviorSearch/Step6_Trial""","true","0.2","1","7","0.7000000000000002","true","true","""1927650191""","0.09858009507402993","0.09858009507402993","0.09858009507402993","0","0.09858009507402993"
"1","1071","1156","1000","1","""HK""","0.03","false","""normal""","1","""constant""","0.1","""Scale-free""","2","0","1","""uniform""","""deterministic-normal""","35","-0.3999999999999999","0.2","""normal""","0.10000000000000009","0.9","false","""/home/ramaswamy.51/Documents/github/Spirals/Media/data/cluster/endsim/BehaviorSearch/Step6_Trial""","true","0.2","1","7","0.7000000000000002","true","true","""1304473854""","0.07732201247728238","0.07732201247728238","0.07732201247728238","0","0.07732201247728238"
"1","1072","1156","1000","1","""HK""","0.03","false","""normal""","1","""constant""","0.1","""Scale-free""","2","0","1","""uniform""","""deterministic-normal""","35","-0.3999999999999999","0.2","""normal""","0.10000000000000009","0.9","false","""/home/ramaswamy.51/Documents/github/Spirals/Media/data/cluster/endsim/BehaviorSearch/Step6_Trial""","true","0.2","1","7","0.7000000000000002","true","true","""2015108795""","0.11202002630351866","0.11202002630351866","0.11202002630351866","0","0.11202002630351866"
"1","1073","1160","1000","1","""HK""","0.03","false","""normal""","1","""constant""","0.1","""Scale-free""","2","0","1","""uniform""","""deterministic-normal""","35","-0.3999999999999999","0.2","""normal""","0","0.7000000000000001","false","""/home/ramaswamy.51/Documents/github/Spirals/Media/data/cluster/endsim/BehaviorSearch/Step6_Trial""","true","0","0.9","6","0.7000000000000002","true","true","""1982328275""","0.11910170795873692","0.11910170795873692","0.11910170795873692","0","0.11910170795873692"
"1","1074","1160","1000","1","""HK""","0.03","false","""normal""","1","""constant""","0.1","""Scale-free""","2","0","1","""uniform""","""deterministic-normal""","35","-0.3999999999999999","0.2","""normal""","0","0.7000000000000001","false","""/home/ramaswamy.51/Documents/github/Spirals/Media/data/cluster/endsim/BehaviorSearch/Step6_Trial""","true","0","0.9","6","0.7000000000000002","true","true","""-174491163""","0.10841272939093469","0.10841272939093469","0.10841272939093469","0","0.10841272939093469"
"1","1075","1160","1000","1","""HK""","0.03","false","""normal""","1","""constant""","0.1","""Scale-free""","2","0","1","""uniform""","""deterministic-normal""","35","-0.3999999999999999","0.2","""normal""","0","0.7000000000000001","false","""/home/ramaswamy.51/Documents/github/Spirals/Media/data/cluster/endsim/BehaviorSearch/Step6_Trial""","true","0","0.9","6","0.7000000000000002","true","true","""-517362032""","0.12197177360127887","0.12197177360127887","0.12197177360127887","0","0.12197177360127887"
"1","1076","1160","1000","1","""HK""","0.03","false","""normal""","1","""constant""","0.1","""Scale-free""","2","0","1","""uniform""","""deterministic-normal""","35","-0.3999999999999999","0.2","""normal""","0","0.7000000000000001","false","""/home/ramaswamy.51/Documents/github/Spirals/Media/data/cluster/endsim/BehaviorSearch/Step6_Trial""","true","0","0.9","6","0.7000000000000002","true","true","""846108129""","0.12776814129907868","0.12776814129907868","0.12776814129907868","0","0.12776814129907868"
"1","1077","1164","1000","1","""HK""","0.03","false","""normal""","1","""constant""","0.2","""Scale-free""","2","0","1","""uniform""","""deterministic-normal""","40","-0.5","0.2","""normal""","0","0.9","false","""/home/ramaswamy.51/Documents/github/Spirals/Media/data/cluster/endsim/BehaviorSearch/Step6_Trial""","true","0.2","1","7","1","true","true","""1894888605""","0.16484213574432155","0.16484213574432155","0.16484213574432155","0","0.16484213574432155"
"1","1078","1164","1000","1","""HK""","0.03","false","""normal""","1","""constant""","0.2","""Scale-free""","2","0","1","""uniform""","""deterministic-normal""","40","-0.5","0.2","""normal""","0","0.9","false","""/home/ramaswamy.51/Documents/github/Spirals/Media/data/cluster/endsim/BehaviorSearch/Step6_Trial""","true","0.2","1","7","1","true","true","""1051581080""","0.1711540213292203","0.1711540213292203","0.1711540213292203","0","0.1711540213292203"
"1","1079","1164","1000","1","""HK""","0.03","false","""normal""","1","""constant""","0.2","""Scale-free""","2","0","1","""uniform""","""deterministic-normal""","40","-0.5","0.2","""normal""","0","0.9","false","""/home/ramaswamy.51/Documents/github/Spirals/Media/data/cluster/endsim/BehaviorSearch/Step6_Trial""","true","0.2","1","7","1","true","true","""997800546""","0.1586131211030141","0.1586131211030141","0.1586131211030141","0","0.1586131211030141"
"1","1080","1164","1000","1","""HK""","0.03","false","""normal""","1","""constant""","0.2","""Scale-free""","2","0","1","""uniform""","""deterministic-normal""","40","-0.5","0.2","""normal""","0","0.9","false","""/home/ramaswamy.51/Documents/github/Spirals/Media/data/cluster/endsim/BehaviorSearch/Step6_Trial""","true","0.2","1","7","1","true","true","""709892816""","0.15330147839468244","0.15330147839468244","0.15330147839468244","0","0.15330147839468244"
"1","1081","1168","1000","1","""HK""","0.03","false","""normal""","1","""constant""","0.1","""Scale-free""","2","0","1","""uniform""","""deterministic-normal""","40","-0.3999999999999999","0.2","""normal""","0.30000000000000004","1","false","""/home/ramaswamy.51/Documents/github/Spirals/Media/data/cluster/endsim/BehaviorSearch/Step6_Trial""","true","0.2","1","7","1","true","true","""-1297189495""","0.09737516471981274","0.09737516471981274","0.09737516471981274","0","0.09737516471981274"
"1","1082","1168","1000","1","""HK""","0.03","false","""normal""","1","""constant""","0.1","""Scale-free""","2","0","1","""uniform""","""deterministic-normal""","40","-0.3999999999999999","0.2","""normal""","0.30000000000000004","1","false","""/home/ramaswamy.51/Documents/github/Spirals/Media/data/cluster/endsim/BehaviorSearch/Step6_Trial""","true","0.2","1","7","1","true","true","""394134479""","0.11328103265551377","0.11328103265551377","0.11328103265551377","0","0.11328103265551377"
"1","1083","1168","1000","1","""HK""","0.03","false","""normal""","1","""constant""","0.1","""Scale-free""","2","0","1","""uniform""","""deterministic-normal""","40","-0.3999999999999999","0.2","""normal""","0.30000000000000004","1","false","""/home/ramaswamy.51/Documents/github/Spirals/Media/data/cluster/endsim/BehaviorSearch/Step6_Trial""","true","0.2","1","7","1","true","true","""-1214120704""","0.10873044064048708","0.10873044064048708","0.10873044064048708","0","0.10873044064048708"
"1","1084","1168","1000","1","""HK""","0.03","false","""normal""","1","""constant""","0.1","""Scale-free""","2","0","1","""uniform""","""deterministic-normal""","40","-0.3999999999999999","0.2","""normal""","0.30000000000000004","1","false","""/home/ramaswamy.51/Documents/github/Spirals/Media/data/cluster/endsim/BehaviorSearch/Step6_Trial""","true","0.2","1","7","1","true","true","""-532526379""","0.10298821347888995","0.10298821347888995","0.10298821347888995","0","0.10298821347888995"
"1","1085","1172","1000","1","""HK""","0.03","false","""normal""","1","""constant""","0.1","""Scale-free""","3","0","1","""uniform""","""deterministic-normal""","40","-0.3999999999999999","0.1","""normal""","0","0.9","false","""/home/ramaswamy.51/Documents/github/Spirals/Media/data/cluster/endsim/BehaviorSearch/Step6_Trial""","true","0.1","0.9","5","1","true","true","""673875362""","0.11356911926742973","0.11356911926742973","0.11356911926742973","0","0.11356911926742973"
"1","1086","1172","1000","1","""HK""","0.03","false","""normal""","1","""constant""","0.1","""Scale-free""","3","0","1","""uniform""","""deterministic-normal""","40","-0.3999999999999999","0.1","""normal""","0","0.9","false","""/home/ramaswamy.51/Documents/github/Spirals/Media/data/cluster/endsim/BehaviorSearch/Step6_Trial""","true","0.1","0.9","5","1","true","true","""1524143937""","0.10293211356850761","0.10293211356850761","0.10293211356850761","0","0.10293211356850761"
"1","1087","1172","1000","1","""HK""","0.03","false","""normal""","1","""constant""","0.1","""Scale-free""","3","0","1","""uniform""","""deterministic-normal""","40","-0.3999999999999999","0.1","""normal""","0","0.9","false","""/home/ramaswamy.51/Documents/github/Spirals/Media/data/cluster/endsim/BehaviorSearch/Step6_Trial""","true","0.1","0.9","5","1","true","true","""2001870130""","0.09837302090815572","0.09837302090815572","0.09837302090815572","0","0.09837302090815572"
"1","1088","1172","1000","1","""HK""","0.03","false","""normal""","1","""constant""","0.1","""Scale-free""","3","0","1","""uniform""","""deterministic-normal""","40","-0.3999999999999999","0.1","""normal""","0","0.9","false","""/home/ramaswamy.51/Documents/github/Spirals/Media/data/cluster/endsim/BehaviorSearch/Step6_Trial""","true","0.1","0.9","5","1","true","true","""-1409627548""","0.09532342345015765","0.09532342345015765","0.09532342345015765","0","0.09532342345015765"
"1","1089","1176","1000","1","""HK""","0.06999999999999999","false","""normal""","1","""constant""","0.1","""Scale-free""","2","0","1","""uniform""","""deterministic-normal""","40","-1","0.1","""normal""","0","1","false","""/home/ramaswamy.51/Documents/github/Spirals/Media/data/cluster/endsim/BehaviorSearch/Step6_Trial""","true","0.1","0.8","5","1","true","true","""-718070371""","0.13498155739567405","0.13498155739567405","0.13498155739567405","0","0.13498155739567405"
"1","1090","1176","1000","1","""HK""","0.06999999999999999","false","""normal""","1","""constant""","0.1","""Scale-free""","2","0","1","""uniform""","""deterministic-normal""","40","-1","0.1","""normal""","0","1","false","""/home/ramaswamy.51/Documents/github/Spirals/Media/data/cluster/endsim/BehaviorSearch/Step6_Trial""","true","0.1","0.8","5","1","true","true","""-448495088""","0.11777834268147479","0.11777834268147479","0.11777834268147479","0","0.11777834268147479"
"1","1091","1176","1000","1","""HK""","0.06999999999999999","false","""normal""","1","""constant""","0.1","""Scale-free""","2","0","1","""uniform""","""deterministic-normal""","40","-1","0.1","""normal""","0","1","false","""/home/ramaswamy.51/Documents/github/Spirals/Media/data/cluster/endsim/BehaviorSearch/Step6_Trial""","true","0.1","0.8","5","1","true","true","""-1767936933""","0.10401336703695219","0.10401336703695219","0.10401336703695219","0","0.10401336703695219"
"1","1092","1176","1000","1","""HK""","0.06999999999999999","false","""normal""","1","""constant""","0.1","""Scale-free""","2","0","1","""uniform""","""deterministic-normal""","40","-1","0.1","""normal""","0","1","false","""/home/ramaswamy.51/Documents/github/Spirals/Media/data/cluster/endsim/BehaviorSearch/Step6_Trial""","true","0.1","0.8","5","1","true","true","""1257767838""","0.10591515708158412","0.10591515708158412","0.10591515708158412","0","0.10591515708158412"
"1","1093","1180","1000","1","""HK""","0.03","false","""normal""","1","""constant""","0.1","""Scale-free""","2","0","1","""uniform""","""deterministic-normal""","40","-0.9","0.1","""normal""","0.10000000000000009","0.9","false","""/home/ramaswamy.51/Documents/github/Spirals/Media/data/cluster/endsim/BehaviorSearch/Step6_Trial""","true","0.2","0.9","5","0.8","true","true","""-2106381876""","0.09583164788049554","0.09583164788049554","0.09583164788049554","0","0.09583164788049554"
"1","1094","1180","1000","1","""HK""","0.03","false","""normal""","1","""constant""","0.1","""Scale-free""","2","0","1","""uniform""","""deterministic-normal""","40","-0.9","0.1","""normal""","0.10000000000000009","0.9","false","""/home/ramaswamy.51/Documents/github/Spirals/Media/data/cluster/endsim/BehaviorSearch/Step6_Trial""","true","0.2","0.9","5","0.8","true","true","""1593288601""","0.11960915999249758","0.11960915999249758","0.11960915999249758","0","0.11960915999249758"
"1","1095","1180","1000","1","""HK""","0.03","false","""normal""","1","""constant""","0.1","""Scale-free""","2","0","1","""uniform""","""deterministic-normal""","40","-0.9","0.1","""normal""","0.10000000000000009","0.9","false","""/home/ramaswamy.51/Documents/github/Spirals/Media/data/cluster/endsim/BehaviorSearch/Step6_Trial""","true","0.2","0.9","5","0.8","true","true","""-956556338""","0.08753251274695044","0.08753251274695044","0.08753251274695044","0","0.08753251274695044"
"1","1096","1180","1000","1","""HK""","0.03","false","""normal""","1","""constant""","0.1","""Scale-free""","2","0","1","""uniform""","""deterministic-normal""","40","-0.9","0.1","""normal""","0.10000000000000009","0.9","false","""/home/ramaswamy.51/Documents/github/Spirals/Media/data/cluster/endsim/BehaviorSearch/Step6_Trial""","true","0.2","0.9","5","0.8","true","true","""1016872945""","0.09845675018059495","0.09845675018059495","0.09845675018059495","0","0.09845675018059495"
"1","1097","1184","1000","1","""HK""","0.060000000000000005","false","""normal""","1","""constant""","0.1","""Scale-free""","2","0","1","""uniform""","""deterministic-normal""","40","-0.3999999999999999","0.2","""normal""","0","0.9","false","""/home/ramaswamy.51/Documents/github/Spirals/Media/data/cluster/endsim/BehaviorSearch/Step6_Trial""","true","0.30000000000000004","1","7","0.5","true","true","""-1889848400""","0.09272037963783161","0.09272037963783161","0.09272037963783161","0","0.09272037963783161"
"1","1098","1184","1000","1","""HK""","0.060000000000000005","false","""normal""","1","""constant""","0.1","""Scale-free""","2","0","1","""uniform""","""deterministic-normal""","40","-0.3999999999999999","0.2","""normal""","0","0.9","false","""/home/ramaswamy.51/Documents/github/Spirals/Media/data/cluster/endsim/BehaviorSearch/Step6_Trial""","true","0.30000000000000004","1","7","0.5","true","true","""-1975654541""","0.09782661038916564","0.09782661038916564","0.09782661038916564","0","0.09782661038916564"
"1","1099","1184","1000","1","""HK""","0.060000000000000005","false","""normal""","1","""constant""","0.1","""Scale-free""","2","0","1","""uniform""","""deterministic-normal""","40","-0.3999999999999999","0.2","""normal""","0","0.9","false","""/home/ramaswamy.51/Documents/github/Spirals/Media/data/cluster/endsim/BehaviorSearch/Step6_Trial""","true","0.30000000000000004","1","7","0.5","true","true","""-127371548""","0.08930244780669526","0.08930244780669526","0.08930244780669526","0","0.08930244780669526"
"1","1100","1184","1000","1","""HK""","0.060000000000000005","false","""normal""","1","""constant""","0.1","""Scale-free""","2","0","1","""uniform""","""deterministic-normal""","40","-0.3999999999999999","0.2","""normal""","0","0.9","false","""/home/ramaswamy.51/Documents/github/Spirals/Media/data/cluster/endsim/BehaviorSearch/Step6_Trial""","true","0.30000000000000004","1","7","0.5","true","true","""1746537810""","0.09472405781236364","0.09472405781236364","0.09472405781236364","0","0.09472405781236364"
"1","1101","1188","1000","1","""HK""","0.03","false","""normal""","1","""constant""","0.1","""Scale-free""","2","0","1","""uniform""","""deterministic-normal""","40","-0.3999999999999999","0.1","""normal""","0","0.9","false","""/home/ramaswamy.51/Documents/github/Spirals/Media/data/cluster/endsim/BehaviorSearch/Step6_Trial""","true","0.2","0.8","7","0.7000000000000002","true","true","""1400291290""","0.09023144780894768","0.09023144780894768","0.09023144780894768","0","0.09023144780894768"
"1","1102","1188","1000","1","""HK""","0.03","false","""normal""","1","""constant""","0.1","""Scale-free""","2","0","1","""uniform""","""deterministic-normal""","40","-0.3999999999999999","0.1","""normal""","0","0.9","false","""/home/ramaswamy.51/Documents/github/Spirals/Media/data/cluster/endsim/BehaviorSearch/Step6_Trial""","true","0.2","0.8","7","0.7000000000000002","true","true","""1633367526""","0.07478158223573732","0.07478158223573732","0.07478158223573732","0","0.07478158223573732"
"1","1103","1188","1000","1","""HK""","0.03","false","""normal""","1","""constant""","0.1","""Scale-free""","2","0","1","""uniform""","""deterministic-normal""","40","-0.3999999999999999","0.1","""normal""","0","0.9","false","""/home/ramaswamy.51/Documents/github/Spirals/Media/data/cluster/endsim/BehaviorSearch/Step6_Trial""","true","0.2","0.8","7","0.7000000000000002","true","true","""-769633891""","0.09120119692516057","0.09120119692516057","0.09120119692516057","0","0.09120119692516057"
"1","1104","1188","1000","1","""HK""","0.03","false","""normal""","1","""constant""","0.1","""Scale-free""","2","0","1","""uniform""","""deterministic-normal""","40","-0.3999999999999999","0.1","""normal""","0","0.9","false","""/home/ramaswamy.51/Documents/github/Spirals/Media/data/cluster/endsim/BehaviorSearch/Step6_Trial""","true","0.2","0.8","7","0.7000000000000002","true","true","""-254431393""","0.10977536990152377","0.10977536990152377","0.10977536990152377","0","0.10977536990152377"
"1","1105","1192","1000","1","""HK""","0.060000000000000005","false","""normal""","1","""constant""","0.1","""Scale-free""","1","0","1","""uniform""","""deterministic-normal""","45","-0.29999999999999993","0.2","""normal""","-0.09999999999999998","0.8","false","""/home/ramaswamy.51/Documents/github/Spirals/Media/data/cluster/endsim/BehaviorSearch/Step6_Trial""","true","0.2","0.9","7","0.9000000000000001","true","true","""-1288580920""","0.09298126578144966","0.09298126578144966","0.09298126578144966","0","0.09298126578144966"
"1","1106","1192","1000","1","""HK""","0.060000000000000005","false","""normal""","1","""constant""","0.1","""Scale-free""","1","0","1","""uniform""","""deterministic-normal""","45","-0.29999999999999993","0.2","""normal""","-0.09999999999999998","0.8","false","""/home/ramaswamy.51/Documents/github/Spirals/Media/data/cluster/endsim/BehaviorSearch/Step6_Trial""","true","0.2","0.9","7","0.9000000000000001","true","true","""211553400""","0.11308682301092737","0.11308682301092737","0.11308682301092737","0","0.11308682301092737"
"1","1107","1192","1000","1","""HK""","0.060000000000000005","false","""normal""","1","""constant""","0.1","""Scale-free""","1","0","1","""uniform""","""deterministic-normal""","45","-0.29999999999999993","0.2","""normal""","-0.09999999999999998","0.8","false","""/home/ramaswamy.51/Documents/github/Spirals/Media/data/cluster/endsim/BehaviorSearch/Step6_Trial""","true","0.2","0.9","7","0.9000000000000001","true","true","""1767405370""","0.09809137374762972","0.09809137374762972","0.09809137374762972","0","0.09809137374762972"
"1","1108","1192","1000","1","""HK""","0.060000000000000005","false","""normal""","1","""constant""","0.1","""Scale-free""","1","0","1","""uniform""","""deterministic-normal""","45","-0.29999999999999993","0.2","""normal""","-0.09999999999999998","0.8","false","""/home/ramaswamy.51/Documents/github/Spirals/Media/data/cluster/endsim/BehaviorSearch/Step6_Trial""","true","0.2","0.9","7","0.9000000000000001","true","true","""-1926101432""","0.11420769100373902","0.11420769100373902","0.11420769100373902","0","0.11420769100373902"
"1","1109","1196","1000","1","""HK""","0.01","false","""normal""","1","""constant""","0.1","""Scale-free""","2","0","1","""uniform""","""deterministic-normal""","25","-0.3999999999999999","0.2","""normal""","-0.09999999999999998","1","false","""/home/ramaswamy.51/Documents/github/Spirals/Media/data/cluster/endsim/BehaviorSearch/Step6_Trial""","true","0.1","1","7","0.5","true","true","""-1992611418""","0.08737975293732937","0.08737975293732937","0.08737975293732937","0","0.08737975293732937"
"1","1110","1196","1000","1","""HK""","0.01","false","""normal""","1","""constant""","0.1","""Scale-free""","2","0","1","""uniform""","""deterministic-normal""","25","-0.3999999999999999","0.2","""normal""","-0.09999999999999998","1","false","""/home/ramaswamy.51/Documents/github/Spirals/Media/data/cluster/endsim/BehaviorSearch/Step6_Trial""","true","0.1","1","7","0.5","true","true","""772936529""","0.11201338974781426","0.11201338974781426","0.11201338974781426","0","0.11201338974781426"
"1","1111","1196","1000","1","""HK""","0.01","false","""normal""","1","""constant""","0.1","""Scale-free""","2","0","1","""uniform""","""deterministic-normal""","25","-0.3999999999999999","0.2","""normal""","-0.09999999999999998","1","false","""/home/ramaswamy.51/Documents/github/Spirals/Media/data/cluster/endsim/BehaviorSearch/Step6_Trial""","true","0.1","1","7","0.5","true","true","""-571298245""","0.10068909033174567","0.10068909033174567","0.10068909033174567","0","0.10068909033174567"
"1","1112","1196","1000","1","""HK""","0.01","false","""normal""","1","""constant""","0.1","""Scale-free""","2","0","1","""uniform""","""deterministic-normal""","25","-0.3999999999999999","0.2","""normal""","-0.09999999999999998","1","false","""/home/ramaswamy.51/Documents/github/Spirals/Media/data/cluster/endsim/BehaviorSearch/Step6_Trial""","true","0.1","1","7","0.5","true","true","""-1904403086""","0.09227666940075066","0.09227666940075066","0.09227666940075066","0","0.09227666940075066"
"1","1113","1200","1000","1","""HK""","0.03","false","""normal""","1","""constant""","0.1","""Scale-free""","2","0","1","""uniform""","""deterministic-normal""","40","-0.3999999999999999","0.2","""normal""","-0.09999999999999998","0.9","false","""/home/ramaswamy.51/Documents/github/Spirals/Media/data/cluster/endsim/BehaviorSearch/Step6_Trial""","true","0.30000000000000004","1","7","0.6000000000000001","true","true","""-2029487789""","0.10215312688653039","0.10215312688653039","0.10215312688653039","0","0.10215312688653039"
"1","1114","1200","1000","1","""HK""","0.03","false","""normal""","1","""constant""","0.1","""Scale-free""","2","0","1","""uniform""","""deterministic-normal""","40","-0.3999999999999999","0.2","""normal""","-0.09999999999999998","0.9","false","""/home/ramaswamy.51/Documents/github/Spirals/Media/data/cluster/endsim/BehaviorSearch/Step6_Trial""","true","0.30000000000000004","1","7","0.6000000000000001","true","true","""755695752""","0.08825161773844369","0.08825161773844369","0.08825161773844369","0","0.08825161773844369"
"1","1115","1200","1000","1","""HK""","0.03","false","""normal""","1","""constant""","0.1","""Scale-free""","2","0","1","""uniform""","""deterministic-normal""","40","-0.3999999999999999","0.2","""normal""","-0.09999999999999998","0.9","false","""/home/ramaswamy.51/Documents/github/Spirals/Media/data/cluster/endsim/BehaviorSearch/Step6_Trial""","true","0.30000000000000004","1","7","0.6000000000000001","true","true","""-295508603""","0.07678810028449051","0.07678810028449051","0.07678810028449051","0","0.07678810028449051"
"1","1116","1200","1000","1","""HK""","0.03","false","""normal""","1","""constant""","0.1","""Scale-free""","2","0","1","""uniform""","""deterministic-normal""","40","-0.3999999999999999","0.2","""normal""","-0.09999999999999998","0.9","false","""/home/ramaswamy.51/Documents/github/Spirals/Media/data/cluster/endsim/BehaviorSearch/Step6_Trial""","true","0.30000000000000004","1","7","0.6000000000000001","true","true","""-841591250""","0.07671569793144137","0.07671569793144137","0.07671569793144137","0","0.07671569793144137"
"1","1117","1204","1000","1","""HK""","0.03","false","""normal""","1","""constant""","0.1","""Scale-free""","2","0","1","""uniform""","""deterministic-normal""","40","-0.29999999999999993","0.2","""normal""","-0.09999999999999998","0.9","false","""/home/ramaswamy.51/Documents/github/Spirals/Media/data/cluster/endsim/BehaviorSearch/Step6_Trial""","true","0.1","0.9","7","0.7000000000000002","true","true","""-1998884610""","0.10741205596997741","0.10741205596997741","0.10741205596997741","0","0.10741205596997741"
"1","1118","1204","1000","1","""HK""","0.03","false","""normal""","1","""constant""","0.1","""Scale-free""","2","0","1","""uniform""","""deterministic-normal""","40","-0.29999999999999993","0.2","""normal""","-0.09999999999999998","0.9","false","""/home/ramaswamy.51/Documents/github/Spirals/Media/data/cluster/endsim/BehaviorSearch/Step6_Trial""","true","0.1","0.9","7","0.7000000000000002","true","true","""-1318199981""","0.08817624107171798","0.08817624107171798","0.08817624107171798","0","0.08817624107171798"
"1","1119","1204","1000","1","""HK""","0.03","false","""normal""","1","""constant""","0.1","""Scale-free""","2","0","1","""uniform""","""deterministic-normal""","40","-0.29999999999999993","0.2","""normal""","-0.09999999999999998","0.9","false","""/home/ramaswamy.51/Documents/github/Spirals/Media/data/cluster/endsim/BehaviorSearch/Step6_Trial""","true","0.1","0.9","7","0.7000000000000002","true","true","""243151209""","0.10710940409068485","0.10710940409068485","0.10710940409068485","0","0.10710940409068485"
"1","1120","1204","1000","1","""HK""","0.03","false","""normal""","1","""constant""","0.1","""Scale-free""","2","0","1","""uniform""","""deterministic-normal""","40","-0.29999999999999993","0.2","""normal""","-0.09999999999999998","0.9","false","""/home/ramaswamy.51/Documents/github/Spirals/Media/data/cluster/endsim/BehaviorSearch/Step6_Trial""","true","0.1","0.9","7","0.7000000000000002","true","true","""-1196001550""","0.09905245250571589","0.09905245250571589","0.09905245250571589","0","0.09905245250571589"
"1","1121","1208","1000","1","""HK""","0.03","false","""normal""","1","""constant""","0.1","""Scale-free""","2","0","1","""uniform""","""deterministic-normal""","40","-0.8","0","""normal""","0","0.9","false","""/home/ramaswamy.51/Documents/github/Spirals/Media/data/cluster/endsim/BehaviorSearch/Step6_Trial""","true","0.30000000000000004","0.9","4","0.9000000000000001","true","true","""653008570""","0.0945804534947336","0.0945804534947336","0.0945804534947336","0","0.0945804534947336"
"1","1122","1208","1000","1","""HK""","0.03","false","""normal""","1","""constant""","0.1","""Scale-free""","2","0","1","""uniform""","""deterministic-normal""","40","-0.8","0","""normal""","0","0.9","false","""/home/ramaswamy.51/Documents/github/Spirals/Media/data/cluster/endsim/BehaviorSearch/Step6_Trial""","true","0.30000000000000004","0.9","4","0.9000000000000001","true","true","""-140769545""","0.08700616378369241","0.08700616378369241","0.08700616378369241","0","0.08700616378369241"
"1","1123","1208","1000","1","""HK""","0.03","false","""normal""","1","""constant""","0.1","""Scale-free""","2","0","1","""uniform""","""deterministic-normal""","40","-0.8","0","""normal""","0","0.9","false","""/home/ramaswamy.51/Documents/github/Spirals/Media/data/cluster/endsim/BehaviorSearch/Step6_Trial""","true","0.30000000000000004","0.9","4","0.9000000000000001","true","true","""-199738261""","0.08158301550529591","0.08158301550529591","0.08158301550529591","0","0.08158301550529591"
"1","1124","1208","1000","1","""HK""","0.03","false","""normal""","1","""constant""","0.1","""Scale-free""","2","0","1","""uniform""","""deterministic-normal""","40","-0.8","0","""normal""","0","0.9","false","""/home/ramaswamy.51/Documents/github/Spirals/Media/data/cluster/endsim/BehaviorSearch/Step6_Trial""","true","0.30000000000000004","0.9","4","0.9000000000000001","true","true","""-194131771""","0.09881626014919997","0.09881626014919997","0.09881626014919997","0","0.09881626014919997"
"1","1125","1212","1000","1","""HK""","0.03","false","""normal""","1","""constant""","0.1","""Scale-free""","2","0","1","""uniform""","""deterministic-normal""","40","-0.8","0.1","""normal""","0","0.9","false","""/home/ramaswamy.51/Documents/github/Spirals/Media/data/cluster/endsim/BehaviorSearch/Step6_Trial""","true","0.30000000000000004","0.8","5","1","true","true","""2058466979""","0.09672795142411186","0.09672795142411186","0.09672795142411186","0","0.09672795142411186"
"1","1126","1212","1000","1","""HK""","0.03","false","""normal""","1","""constant""","0.1","""Scale-free""","2","0","1","""uniform""","""deterministic-normal""","40","-0.8","0.1","""normal""","0","0.9","false","""/home/ramaswamy.51/Documents/github/Spirals/Media/data/cluster/endsim/BehaviorSearch/Step6_Trial""","true","0.30000000000000004","0.8","5","1","true","true","""-1836879003""","0.0924664592394116","0.0924664592394116","0.0924664592394116","0","0.0924664592394116"
"1","1127","1212","1000","1","""HK""","0.03","false","""normal""","1","""constant""","0.1","""Scale-free""","2","0","1","""uniform""","""deterministic-normal""","40","-0.8","0.1","""normal""","0","0.9","false","""/home/ramaswamy.51/Documents/github/Spirals/Media/data/cluster/endsim/BehaviorSearch/Step6_Trial""","true","0.30000000000000004","0.8","5","1","true","true","""385300891""","0.10224631446211033","0.10224631446211033","0.10224631446211033","0","0.10224631446211033"
"1","1128","1212","1000","1","""HK""","0.03","false","""normal""","1","""constant""","0.1","""Scale-free""","2","0","1","""uniform""","""deterministic-normal""","40","-0.8","0.1","""normal""","0","0.9","false","""/home/ramaswamy.51/Documents/github/Spirals/Media/data/cluster/endsim/BehaviorSearch/Step6_Trial""","true","0.30000000000000004","0.8","5","1","true","true","""952422962""","0.09215441602701199","0.09215441602701199","0.09215441602701199","0","0.09215441602701199"
"1","1129","1216","1000","1","""HK""","0.06999999999999999","false","""normal""","1","""constant""","0.1","""Scale-free""","2","0","1","""uniform""","""deterministic-normal""","45","-0.3999999999999999","0.2","""normal""","0","0.8","false","""/home/ramaswamy.51/Documents/github/Spirals/Media/data/cluster/endsim/BehaviorSearch/Step6_Trial""","true","0.2","1","7","0.7000000000000002","true","true","""1850069316""","0.1057084056168709","0.1057084056168709","0.1057084056168709","0","0.1057084056168709"
"1","1130","1216","1000","1","""HK""","0.06999999999999999","false","""normal""","1","""constant""","0.1","""Scale-free""","2","0","1","""uniform""","""deterministic-normal""","45","-0.3999999999999999","0.2","""normal""","0","0.8","false","""/home/ramaswamy.51/Documents/github/Spirals/Media/data/cluster/endsim/BehaviorSearch/Step6_Trial""","true","0.2","1","7","0.7000000000000002","true","true","""-1976903273""","0.11301470454686738","0.11301470454686738","0.11301470454686738","0","0.11301470454686738"
"1","1131","1216","1000","1","""HK""","0.06999999999999999","false","""normal""","1","""constant""","0.1","""Scale-free""","2","0","1","""uniform""","""deterministic-normal""","45","-0.3999999999999999","0.2","""normal""","0","0.8","false","""/home/ramaswamy.51/Documents/github/Spirals/Media/data/cluster/endsim/BehaviorSearch/Step6_Trial""","true","0.2","1","7","0.7000000000000002","true","true","""1384540964""","0.11945304766080062","0.11945304766080062","0.11945304766080062","0","0.11945304766080062"
"1","1132","1216","1000","1","""HK""","0.06999999999999999","false","""normal""","1","""constant""","0.1","""Scale-free""","2","0","1","""uniform""","""deterministic-normal""","45","-0.3999999999999999","0.2","""normal""","0","0.8","false","""/home/ramaswamy.51/Documents/github/Spirals/Media/data/cluster/endsim/BehaviorSearch/Step6_Trial""","true","0.2","1","7","0.7000000000000002","true","true","""1515584185""","0.13383317283015625","0.13383317283015625","0.13383317283015625","0","0.13383317283015625"
"1","1133","1220","1000","1","""HK""","0.03","false","""normal""","1","""constant""","0.1","""Scale-free""","3","0","1","""uniform""","""deterministic-normal""","35","-0.7","0.2","""normal""","0","0.9","false","""/home/ramaswamy.51/Documents/github/Spirals/Media/data/cluster/endsim/BehaviorSearch/Step6_Trial""","true","0.2","0.8","6","0.7000000000000002","true","true","""1587875222""","0.09137552157942254","0.09137552157942254","0.09137552157942254","0","0.09137552157942254"
"1","1134","1220","1000","1","""HK""","0.03","false","""normal""","1","""constant""","0.1","""Scale-free""","3","0","1","""uniform""","""deterministic-normal""","35","-0.7","0.2","""normal""","0","0.9","false","""/home/ramaswamy.51/Documents/github/Spirals/Media/data/cluster/endsim/BehaviorSearch/Step6_Trial""","true","0.2","0.8","6","0.7000000000000002","true","true","""-964261785""","0.10752119110806885","0.10752119110806885","0.10752119110806885","0","0.10752119110806885"
"1","1135","1220","1000","1","""HK""","0.03","false","""normal""","1","""constant""","0.1","""Scale-free""","3","0","1","""uniform""","""deterministic-normal""","35","-0.7","0.2","""normal""","0","0.9","false","""/home/ramaswamy.51/Documents/github/Spirals/Media/data/cluster/endsim/BehaviorSearch/Step6_Trial""","true","0.2","0.8","6","0.7000000000000002","true","true","""861082058""","0.0744927130260889","0.0744927130260889","0.0744927130260889","0","0.0744927130260889"
"1","1136","1220","1000","1","""HK""","0.03","false","""normal""","1","""constant""","0.1","""Scale-free""","3","0","1","""uniform""","""deterministic-normal""","35","-0.7","0.2","""normal""","0","0.9","false","""/home/ramaswamy.51/Documents/github/Spirals/Media/data/cluster/endsim/BehaviorSearch/Step6_Trial""","true","0.2","0.8","6","0.7000000000000002","true","true","""1859850473""","0.08946553711994014","0.08946553711994014","0.08946553711994014","0","0.08946553711994014"
"1","1137","1224","1000","1","""HK""","0.08","false","""normal""","1","""constant""","0.1","""Scale-free""","2","0","1","""uniform""","""deterministic-normal""","40","-0.3999999999999999","0.2","""normal""","-0.09999999999999998","0.8","false","""/home/ramaswamy.51/Documents/github/Spirals/Media/data/cluster/endsim/BehaviorSearch/Step6_Trial""","true","0.30000000000000004","0.9","3","0.7000000000000002","true","true","""2049548049""","0.1100046137074948","0.1100046137074948","0.1100046137074948","0","0.1100046137074948"
"1","1138","1224","1000","1","""HK""","0.08","false","""normal""","1","""constant""","0.1","""Scale-free""","2","0","1","""uniform""","""deterministic-normal""","40","-0.3999999999999999","0.2","""normal""","-0.09999999999999998","0.8","false","""/home/ramaswamy.51/Documents/github/Spirals/Media/data/cluster/endsim/BehaviorSearch/Step6_Trial""","true","0.30000000000000004","0.9","3","0.7000000000000002","true","true","""-199254834""","0.11391502787792214","0.11391502787792214","0.11391502787792214","0","0.11391502787792214"
"1","1139","1224","1000","1","""HK""","0.08","false","""normal""","1","""constant""","0.1","""Scale-free""","2","0","1","""uniform""","""deterministic-normal""","40","-0.3999999999999999","0.2","""normal""","-0.09999999999999998","0.8","false","""/home/ramaswamy.51/Documents/github/Spirals/Media/data/cluster/endsim/BehaviorSearch/Step6_Trial""","true","0.30000000000000004","0.9","3","0.7000000000000002","true","true","""196342894""","0.09800160366478493","0.09800160366478493","0.09800160366478493","0","0.09800160366478493"
"1","1140","1224","1000","1","""HK""","0.08","false","""normal""","1","""constant""","0.1","""Scale-free""","2","0","1","""uniform""","""deterministic-normal""","40","-0.3999999999999999","0.2","""normal""","-0.09999999999999998","0.8","false","""/home/ramaswamy.51/Documents/github/Spirals/Media/data/cluster/endsim/BehaviorSearch/Step6_Trial""","true","0.30000000000000004","0.9","3","0.7000000000000002","true","true","""1751722318""","0.1109681634423806","0.1109681634423806","0.1109681634423806","0","0.1109681634423806"
"1","1141","1228","1000","1","""HK""","0.01","false","""normal""","1","""constant""","0.1","""Scale-free""","2","0","1","""uniform""","""deterministic-normal""","40","-0.29999999999999993","0.2","""normal""","0","0.9","false","""/home/ramaswamy.51/Documents/github/Spirals/Media/data/cluster/endsim/BehaviorSearch/Step6_Trial""","true","0.30000000000000004","0.9","4","0.9000000000000001","true","true","""776534144""","0.09752768488220653","0.09752768488220653","0.09752768488220653","0","0.09752768488220653"
"1","1142","1228","1000","1","""HK""","0.01","false","""normal""","1","""constant""","0.1","""Scale-free""","2","0","1","""uniform""","""deterministic-normal""","40","-0.29999999999999993","0.2","""normal""","0","0.9","false","""/home/ramaswamy.51/Documents/github/Spirals/Media/data/cluster/endsim/BehaviorSearch/Step6_Trial""","true","0.30000000000000004","0.9","4","0.9000000000000001","true","true","""-616556048""","0.09038675786345907","0.09038675786345907","0.09038675786345907","0","0.09038675786345907"
"1","1143","1228","1000","1","""HK""","0.01","false","""normal""","1","""constant""","0.1","""Scale-free""","2","0","1","""uniform""","""deterministic-normal""","40","-0.29999999999999993","0.2","""normal""","0","0.9","false","""/home/ramaswamy.51/Documents/github/Spirals/Media/data/cluster/endsim/BehaviorSearch/Step6_Trial""","true","0.30000000000000004","0.9","4","0.9000000000000001","true","true","""99814420""","0.09050397125213079","0.09050397125213079","0.09050397125213079","0","0.09050397125213079"
"1","1144","1228","1000","1","""HK""","0.01","false","""normal""","1","""constant""","0.1","""Scale-free""","2","0","1","""uniform""","""deterministic-normal""","40","-0.29999999999999993","0.2","""normal""","0","0.9","false","""/home/ramaswamy.51/Documents/github/Spirals/Media/data/cluster/endsim/BehaviorSearch/Step6_Trial""","true","0.30000000000000004","0.9","4","0.9000000000000001","true","true","""-1655621771""","0.11554511694908605","0.11554511694908605","0.11554511694908605","0","0.11554511694908605"
"1","1145","1232","1000","1","""HK""","0.03","false","""normal""","1","""constant""","0.1","""Scale-free""","3","0","1","""uniform""","""deterministic-normal""","45","-0.5","0.2","""normal""","0","0.9","false","""/home/ramaswamy.51/Documents/github/Spirals/Media/data/cluster/endsim/BehaviorSearch/Step6_Trial""","true","0.2","1","7","0.7000000000000002","true","true","""-1764596470""","0.08127609925229069","0.08127609925229069","0.08127609925229069","0","0.08127609925229069"
"1","1146","1232","1000","1","""HK""","0.03","false","""normal""","1","""constant""","0.1","""Scale-free""","3","0","1","""uniform""","""deterministic-normal""","45","-0.5","0.2","""normal""","0","0.9","false","""/home/ramaswamy.51/Documents/github/Spirals/Media/data/cluster/endsim/BehaviorSearch/Step6_Trial""","true","0.2","1","7","0.7000000000000002","true","true","""430987816""","0.10877634274755961","0.10877634274755961","0.10877634274755961","0","0.10877634274755961"
"1","1147","1232","1000","1","""HK""","0.03","false","""normal""","1","""constant""","0.1","""Scale-free""","3","0","1","""uniform""","""deterministic-normal""","45","-0.5","0.2","""normal""","0","0.9","false","""/home/ramaswamy.51/Documents/github/Spirals/Media/data/cluster/endsim/BehaviorSearch/Step6_Trial""","true","0.2","1","7","0.7000000000000002","true","true","""-1267584368""","0.1098640425645008","0.1098640425645008","0.1098640425645008","0","0.1098640425645008"
"1","1148","1232","1000","1","""HK""","0.03","false","""normal""","1","""constant""","0.1","""Scale-free""","3","0","1","""uniform""","""deterministic-normal""","45","-0.5","0.2","""normal""","0","0.9","false","""/home/ramaswamy.51/Documents/github/Spirals/Media/data/cluster/endsim/BehaviorSearch/Step6_Trial""","true","0.2","1","7","0.7000000000000002","true","true","""597272276""","0.09946109462371851","0.09946109462371851","0.09946109462371851","0","0.09946109462371851"
"1","1149","1236","1000","1","""HK""","0.03","false","""normal""","1","""constant""","0.1","""Scale-free""","2","0","1","""uniform""","""deterministic-normal""","40","-0.29999999999999993","0.2","""normal""","0","1","false","""/home/ramaswamy.51/Documents/github/Spirals/Media/data/cluster/endsim/BehaviorSearch/Step6_Trial""","true","0.2","0.9","7","0.7000000000000002","true","true","""306315561""","0.08983359299007425","0.08983359299007425","0.08983359299007425","0","0.08983359299007425"
"1","1150","1236","1000","1","""HK""","0.03","false","""normal""","1","""constant""","0.1","""Scale-free""","2","0","1","""uniform""","""deterministic-normal""","40","-0.29999999999999993","0.2","""normal""","0","1","false","""/home/ramaswamy.51/Documents/github/Spirals/Media/data/cluster/endsim/BehaviorSearch/Step6_Trial""","true","0.2","0.9","7","0.7000000000000002","true","true","""-1138159554""","0.095649180991844","0.095649180991844","0.095649180991844","0","0.095649180991844"
"1","1151","1236","1000","1","""HK""","0.03","false","""normal""","1","""constant""","0.1","""Scale-free""","2","0","1","""uniform""","""deterministic-normal""","40","-0.29999999999999993","0.2","""normal""","0","1","false","""/home/ramaswamy.51/Documents/github/Spirals/Media/data/cluster/endsim/BehaviorSearch/Step6_Trial""","true","0.2","0.9","7","0.7000000000000002","true","true","""-613481359""","0.08488304211603886","0.08488304211603886","0.08488304211603886","0","0.08488304211603886"
"1","1152","1236","1000","1","""HK""","0.03","false","""normal""","1","""constant""","0.1","""Scale-free""","2","0","1","""uniform""","""deterministic-normal""","40","-0.29999999999999993","0.2","""normal""","0","1","false","""/home/ramaswamy.51/Documents/github/Spirals/Media/data/cluster/endsim/BehaviorSearch/Step6_Trial""","true","0.2","0.9","7","0.7000000000000002","true","true","""1765628106""","0.10324510772870275","0.10324510772870275","0.10324510772870275","0","0.10324510772870275"
"1","1153","1240","1000","1","""HK""","0.02","false","""normal""","1","""constant""","0.2","""Scale-free""","2","0","1","""uniform""","""deterministic-normal""","40","-0.3999999999999999","0","""normal""","-0.29999999999999993","0.8","false","""/home/ramaswamy.51/Documents/github/Spirals/Media/data/cluster/endsim/BehaviorSearch/Step6_Trial""","true","0.2","0.9","9","0.8","true","true","""-710502328""","0.18031748816126492","0.18031748816126492","0.18031748816126492","0","0.18031748816126492"
"1","1154","1240","1000","1","""HK""","0.02","false","""normal""","1","""constant""","0.2","""Scale-free""","2","0","1","""uniform""","""deterministic-normal""","40","-0.3999999999999999","0","""normal""","-0.29999999999999993","0.8","false","""/home/ramaswamy.51/Documents/github/Spirals/Media/data/cluster/endsim/BehaviorSearch/Step6_Trial""","true","0.2","0.9","9","0.8","true","true","""1831323017""","0.16939000025057946","0.16939000025057946","0.16939000025057946","0","0.16939000025057946"
"1","1155","1240","1000","1","""HK""","0.02","false","""normal""","1","""constant""","0.2","""Scale-free""","2","0","1","""uniform""","""deterministic-normal""","40","-0.3999999999999999","0","""normal""","-0.29999999999999993","0.8","false","""/home/ramaswamy.51/Documents/github/Spirals/Media/data/cluster/endsim/BehaviorSearch/Step6_Trial""","true","0.2","0.9","9","0.8","true","true","""194868337""","0.16364798373338976","0.16364798373338976","0.16364798373338976","0","0.16364798373338976"
"1","1156","1240","1000","1","""HK""","0.02","false","""normal""","1","""constant""","0.2","""Scale-free""","2","0","1","""uniform""","""deterministic-normal""","40","-0.3999999999999999","0","""normal""","-0.29999999999999993","0.8","false","""/home/ramaswamy.51/Documents/github/Spirals/Media/data/cluster/endsim/BehaviorSearch/Step6_Trial""","true","0.2","0.9","9","0.8","true","true","""416557037""","0.15268300751577707","0.15268300751577707","0.15268300751577707","0","0.15268300751577707"
"1","1157","1244","1000","1","""HK""","0.03","false","""normal""","1","""constant""","0.1","""Scale-free""","2","0","1","""uniform""","""deterministic-normal""","40","-0.8","0.1","""normal""","-0.09999999999999998","0.9","false","""/home/ramaswamy.51/Documents/github/Spirals/Media/data/cluster/endsim/BehaviorSearch/Step6_Trial""","true","0.1","1","5","1","true","true","""1433849046""","0.10714838111409793","0.10714838111409793","0.10714838111409793","0","0.10714838111409793"
"1","1158","1244","1000","1","""HK""","0.03","false","""normal""","1","""constant""","0.1","""Scale-free""","2","0","1","""uniform""","""deterministic-normal""","40","-0.8","0.1","""normal""","-0.09999999999999998","0.9","false","""/home/ramaswamy.51/Documents/github/Spirals/Media/data/cluster/endsim/BehaviorSearch/Step6_Trial""","true","0.1","1","5","1","true","true","""598921074""","0.11060546675018242","0.11060546675018242","0.11060546675018242","0","0.11060546675018242"
"1","1159","1244","1000","1","""HK""","0.03","false","""normal""","1","""constant""","0.1","""Scale-free""","2","0","1","""uniform""","""deterministic-normal""","40","-0.8","0.1","""normal""","-0.09999999999999998","0.9","false","""/home/ramaswamy.51/Documents/github/Spirals/Media/data/cluster/endsim/BehaviorSearch/Step6_Trial""","true","0.1","1","5","1","true","true","""1874686113""","0.08467301070857863","0.08467301070857863","0.08467301070857863","0","0.08467301070857863"
"1","1160","1244","1000","1","""HK""","0.03","false","""normal""","1","""constant""","0.1","""Scale-free""","2","0","1","""uniform""","""deterministic-normal""","40","-0.8","0.1","""normal""","-0.09999999999999998","0.9","false","""/home/ramaswamy.51/Documents/github/Spirals/Media/data/cluster/endsim/BehaviorSearch/Step6_Trial""","true","0.1","1","5","1","true","true","""414764670""","0.11055107423279147","0.11055107423279147","0.11055107423279147","0","0.11055107423279147"
"1","1161","1248","1000","1","""HK""","0.03","false","""normal""","1","""constant""","0.1","""Scale-free""","2","0","1","""uniform""","""deterministic-normal""","40","-0.29999999999999993","0.2","""normal""","0.10000000000000009","0.9","false","""/home/ramaswamy.51/Documents/github/Spirals/Media/data/cluster/endsim/BehaviorSearch/Step6_Trial""","true","0.2","0.9","7","0.7000000000000002","true","true","""846588142""","0.1033414054254996","0.1033414054254996","0.1033414054254996","0","0.1033414054254996"
"1","1162","1248","1000","1","""HK""","0.03","false","""normal""","1","""constant""","0.1","""Scale-free""","2","0","1","""uniform""","""deterministic-normal""","40","-0.29999999999999993","0.2","""normal""","0.10000000000000009","0.9","false","""/home/ramaswamy.51/Documents/github/Spirals/Media/data/cluster/endsim/BehaviorSearch/Step6_Trial""","true","0.2","0.9","7","0.7000000000000002","true","true","""793327148""","0.08801602077839159","0.08801602077839159","0.08801602077839159","0","0.08801602077839159"
"1","1163","1248","1000","1","""HK""","0.03","false","""normal""","1","""constant""","0.1","""Scale-free""","2","0","1","""uniform""","""deterministic-normal""","40","-0.29999999999999993","0.2","""normal""","0.10000000000000009","0.9","false","""/home/ramaswamy.51/Documents/github/Spirals/Media/data/cluster/endsim/BehaviorSearch/Step6_Trial""","true","0.2","0.9","7","0.7000000000000002","true","true","""-254011496""","0.10179576553421826","0.10179576553421826","0.10179576553421826","0","0.10179576553421826"
"1","1164","1248","1000","1","""HK""","0.03","false","""normal""","1","""constant""","0.1","""Scale-free""","2","0","1","""uniform""","""deterministic-normal""","40","-0.29999999999999993","0.2","""normal""","0.10000000000000009","0.9","false","""/home/ramaswamy.51/Documents/github/Spirals/Media/data/cluster/endsim/BehaviorSearch/Step6_Trial""","true","0.2","0.9","7","0.7000000000000002","true","true","""-291045487""","0.09662976003287709","0.09662976003287709","0.09662976003287709","0","0.09662976003287709"
"1","1165","1252","1000","1","""HK""","0.03","false","""normal""","1","""constant""","0.1","""Scale-free""","2","0","1","""uniform""","""deterministic-normal""","40","-0.6","0.2","""normal""","0","0.8","false","""/home/ramaswamy.51/Documents/github/Spirals/Media/data/cluster/endsim/BehaviorSearch/Step6_Trial""","true","0.2","0.9","7","1","true","true","""-832943621""","0.10702107142793785","0.10702107142793785","0.10702107142793785","0","0.10702107142793785"
"1","1166","1252","1000","1","""HK""","0.03","false","""normal""","1","""constant""","0.1","""Scale-free""","2","0","1","""uniform""","""deterministic-normal""","40","-0.6","0.2","""normal""","0","0.8","false","""/home/ramaswamy.51/Documents/github/Spirals/Media/data/cluster/endsim/BehaviorSearch/Step6_Trial""","true","0.2","0.9","7","1","true","true","""299652224""","0.11639465395182438","0.11639465395182438","0.11639465395182438","0","0.11639465395182438"
"1","1167","1252","1000","1","""HK""","0.03","false","""normal""","1","""constant""","0.1","""Scale-free""","2","0","1","""uniform""","""deterministic-normal""","40","-0.6","0.2","""normal""","0","0.8","false","""/home/ramaswamy.51/Documents/github/Spirals/Media/data/cluster/endsim/BehaviorSearch/Step6_Trial""","true","0.2","0.9","7","1","true","true","""251672823""","0.0857347338905425","0.0857347338905425","0.0857347338905425","0","0.0857347338905425"
"1","1168","1252","1000","1","""HK""","0.03","false","""normal""","1","""constant""","0.1","""Scale-free""","2","0","1","""uniform""","""deterministic-normal""","40","-0.6","0.2","""normal""","0","0.8","false","""/home/ramaswamy.51/Documents/github/Spirals/Media/data/cluster/endsim/BehaviorSearch/Step6_Trial""","true","0.2","0.9","7","1","true","true","""-515198060""","0.09042312917031922","0.09042312917031922","0.09042312917031922","0","0.09042312917031922"
"1","1169","1256","1000","1","""HK""","0.02","false","""normal""","1","""constant""","0.1","""Scale-free""","2","0","1","""uniform""","""deterministic-normal""","35","-0.8","0","""normal""","0","0.8","false","""/home/ramaswamy.51/Documents/github/Spirals/Media/data/cluster/endsim/BehaviorSearch/Step6_Trial""","true","0.30000000000000004","0.9","4","0.9000000000000001","true","true","""812099920""","0.09035740831128947","0.09035740831128947","0.09035740831128947","0","0.09035740831128947"
"1","1170","1256","1000","1","""HK""","0.02","false","""normal""","1","""constant""","0.1","""Scale-free""","2","0","1","""uniform""","""deterministic-normal""","35","-0.8","0","""normal""","0","0.8","false","""/home/ramaswamy.51/Documents/github/Spirals/Media/data/cluster/endsim/BehaviorSearch/Step6_Trial""","true","0.30000000000000004","0.9","4","0.9000000000000001","true","true","""-730087946""","0.09082105748623537","0.09082105748623537","0.09082105748623537","0","0.09082105748623537"
"1","1171","1256","1000","1","""HK""","0.02","false","""normal""","1","""constant""","0.1","""Scale-free""","2","0","1","""uniform""","""deterministic-normal""","35","-0.8","0","""normal""","0","0.8","false","""/home/ramaswamy.51/Documents/github/Spirals/Media/data/cluster/endsim/BehaviorSearch/Step6_Trial""","true","0.30000000000000004","0.9","4","0.9000000000000001","true","true","""-1475802875""","0.10636553469334564","0.10636553469334564","0.10636553469334564","0","0.10636553469334564"
"1","1172","1256","1000","1","""HK""","0.02","false","""normal""","1","""constant""","0.1","""Scale-free""","2","0","1","""uniform""","""deterministic-normal""","35","-0.8","0","""normal""","0","0.8","false","""/home/ramaswamy.51/Documents/github/Spirals/Media/data/cluster/endsim/BehaviorSearch/Step6_Trial""","true","0.30000000000000004","0.9","4","0.9000000000000001","true","true","""-1711046590""","0.08099495691691935","0.08099495691691935","0.08099495691691935","0","0.08099495691691935"
"1","1173","1260","1000","1","""HK""","0.03","false","""normal""","1","""constant""","0.1","""Scale-free""","2","0","1","""uniform""","""deterministic-normal""","45","-0.7","0.30000000000000004","""normal""","0","0.9","false","""/home/ramaswamy.51/Documents/github/Spirals/Media/data/cluster/endsim/BehaviorSearch/Step6_Trial""","true","0.1","1","7","0.7000000000000002","true","true","""1315454405""","0.09132899563175848","0.09132899563175848","0.09132899563175848","0","0.09132899563175848"
"1","1174","1260","1000","1","""HK""","0.03","false","""normal""","1","""constant""","0.1","""Scale-free""","2","0","1","""uniform""","""deterministic-normal""","45","-0.7","0.30000000000000004","""normal""","0","0.9","false","""/home/ramaswamy.51/Documents/github/Spirals/Media/data/cluster/endsim/BehaviorSearch/Step6_Trial""","true","0.1","1","7","0.7000000000000002","true","true","""2054919453""","0.07989278938205434","0.07989278938205434","0.07989278938205434","0","0.07989278938205434"
"1","1175","1260","1000","1","""HK""","0.03","false","""normal""","1","""constant""","0.1","""Scale-free""","2","0","1","""uniform""","""deterministic-normal""","45","-0.7","0.30000000000000004","""normal""","0","0.9","false","""/home/ramaswamy.51/Documents/github/Spirals/Media/data/cluster/endsim/BehaviorSearch/Step6_Trial""","true","0.1","1","7","0.7000000000000002","true","true","""-1600183173""","0.08635561191304454","0.08635561191304454","0.08635561191304454","0","0.08635561191304454"
"1","1176","1260","1000","1","""HK""","0.03","false","""normal""","1","""constant""","0.1","""Scale-free""","2","0","1","""uniform""","""deterministic-normal""","45","-0.7","0.30000000000000004","""normal""","0","0.9","false","""/home/ramaswamy.51/Documents/github/Spirals/Media/data/cluster/endsim/BehaviorSearch/Step6_Trial""","true","0.1","1","7","0.7000000000000002","true","true","""750589784""","0.09654988784446486","0.09654988784446486","0.09654988784446486","0","0.09654988784446486"
"1","1177","1264","1000","1","""HK""","0.01","false","""normal""","1","""constant""","0.1","""Scale-free""","2","0","1","""uniform""","""deterministic-normal""","40","-0.3999999999999999","0.2","""normal""","0","0.9","false","""/home/ramaswamy.51/Documents/github/Spirals/Media/data/cluster/endsim/BehaviorSearch/Step6_Trial""","true","0.1","0.9","5","1","true","true","""-77044274""","0.11043369983113283","0.11043369983113283","0.11043369983113283","0","0.11043369983113283"
"1","1178","1264","1000","1","""HK""","0.01","false","""normal""","1","""constant""","0.1","""Scale-free""","2","0","1","""uniform""","""deterministic-normal""","40","-0.3999999999999999","0.2","""normal""","0","0.9","false","""/home/ramaswamy.51/Documents/github/Spirals/Media/data/cluster/endsim/BehaviorSearch/Step6_Trial""","true","0.1","0.9","5","1","true","true","""-698749366""","0.09519788990844849","0.09519788990844849","0.09519788990844849","0","0.09519788990844849"
"1","1179","1264","1000","1","""HK""","0.01","false","""normal""","1","""constant""","0.1","""Scale-free""","2","0","1","""uniform""","""deterministic-normal""","40","-0.3999999999999999","0.2","""normal""","0","0.9","false","""/home/ramaswamy.51/Documents/github/Spirals/Media/data/cluster/endsim/BehaviorSearch/Step6_Trial""","true","0.1","0.9","5","1","true","true","""1509800844""","0.08143813591410758","0.08143813591410758","0.08143813591410758","0","0.08143813591410758"
"1","1180","1264","1000","1","""HK""","0.01","false","""normal""","1","""constant""","0.1","""Scale-free""","2","0","1","""uniform""","""deterministic-normal""","40","-0.3999999999999999","0.2","""normal""","0","0.9","false","""/home/ramaswamy.51/Documents/github/Spirals/Media/data/cluster/endsim/BehaviorSearch/Step6_Trial""","true","0.1","0.9","5","1","true","true","""-1842733055""","0.10376100253638136","0.10376100253638136","0.10376100253638136","0","0.10376100253638136"
"1","1181","1268","1000","1","""HK""","0.05","false","""normal""","1","""constant""","0","""Scale-free""","2","0","1","""uniform""","""deterministic-normal""","40","-0.8","0","""normal""","0","0.9","false","""/home/ramaswamy.51/Documents/github/Spirals/Media/data/cluster/endsim/BehaviorSearch/Step6_Trial""","true","0.2","0.9","9","0.8","true","true","""1255509763""","0.2321115915215976","0.2321115915215976","0.2321115915215976","0","0.2321115915215976"
"1","1182","1268","1000","1","""HK""","0.05","false","""normal""","1","""constant""","0","""Scale-free""","2","0","1","""uniform""","""deterministic-normal""","40","-0.8","0","""normal""","0","0.9","false","""/home/ramaswamy.51/Documents/github/Spirals/Media/data/cluster/endsim/BehaviorSearch/Step6_Trial""","true","0.2","0.9","9","0.8","true","true","""-932857572""","0.2268872662929854","0.2268872662929854","0.2268872662929854","0","0.2268872662929854"
"1","1183","1268","1000","1","""HK""","0.05","false","""normal""","1","""constant""","0","""Scale-free""","2","0","1","""uniform""","""deterministic-normal""","40","-0.8","0","""normal""","0","0.9","false","""/home/ramaswamy.51/Documents/github/Spirals/Media/data/cluster/endsim/BehaviorSearch/Step6_Trial""","true","0.2","0.9","9","0.8","true","true","""1973027658""","0.22732431435836742","0.22732431435836742","0.22732431435836742","0","0.22732431435836742"
"1","1184","1268","1000","1","""HK""","0.05","false","""normal""","1","""constant""","0","""Scale-free""","2","0","1","""uniform""","""deterministic-normal""","40","-0.8","0","""normal""","0","0.9","false","""/home/ramaswamy.51/Documents/github/Spirals/Media/data/cluster/endsim/BehaviorSearch/Step6_Trial""","true","0.2","0.9","9","0.8","true","true","""-1475097322""","0.22719345612423916","0.22719345612423916","0.22719345612423916","0","0.22719345612423916"
"1","1185","1272","1000","1","""HK""","0.03","false","""normal""","1","""constant""","0.1","""Scale-free""","2","0","1","""uniform""","""deterministic-normal""","40","-0.8","0.1","""normal""","0","0.9","false","""/home/ramaswamy.51/Documents/github/Spirals/Media/data/cluster/endsim/BehaviorSearch/Step6_Trial""","true","0.2","0.8","5","1","true","true","""-402330136""","0.08549643255277724","0.08549643255277724","0.08549643255277724","0","0.08549643255277724"
"1","1186","1272","1000","1","""HK""","0.03","false","""normal""","1","""constant""","0.1","""Scale-free""","2","0","1","""uniform""","""deterministic-normal""","40","-0.8","0.1","""normal""","0","0.9","false","""/home/ramaswamy.51/Documents/github/Spirals/Media/data/cluster/endsim/BehaviorSearch/Step6_Trial""","true","0.2","0.8","5","1","true","true","""-383846564""","0.0876782505585446","0.0876782505585446","0.0876782505585446","0","0.0876782505585446"
"1","1187","1272","1000","1","""HK""","0.03","false","""normal""","1","""constant""","0.1","""Scale-free""","2","0","1","""uniform""","""deterministic-normal""","40","-0.8","0.1","""normal""","0","0.9","false","""/home/ramaswamy.51/Documents/github/Spirals/Media/data/cluster/endsim/BehaviorSearch/Step6_Trial""","true","0.2","0.8","5","1","true","true","""719311373""","0.089230474947073","0.089230474947073","0.089230474947073","0","0.089230474947073"
"1","1188","1272","1000","1","""HK""","0.03","false","""normal""","1","""constant""","0.1","""Scale-free""","2","0","1","""uniform""","""deterministic-normal""","40","-0.8","0.1","""normal""","0","0.9","false","""/home/ramaswamy.51/Documents/github/Spirals/Media/data/cluster/endsim/BehaviorSearch/Step6_Trial""","true","0.2","0.8","5","1","true","true","""-1413469895""","0.10325328708548688","0.10325328708548688","0.10325328708548688","0","0.10325328708548688"
"1","1189","1276","1000","1","""HK""","0.03","false","""normal""","1","""constant""","0.1","""Scale-free""","2","0","1","""uniform""","""deterministic-normal""","40","-0.8","0","""normal""","0","0.9","false","""/home/ramaswamy.51/Documents/github/Spirals/Media/data/cluster/endsim/BehaviorSearch/Step6_Trial""","true","0.30000000000000004","0.8","4","0.9000000000000001","true","true","""40346248""","0.1128656505035182","0.1128656505035182","0.1128656505035182","0","0.1128656505035182"
"1","1190","1276","1000","1","""HK""","0.03","false","""normal""","1","""constant""","0.1","""Scale-free""","2","0","1","""uniform""","""deterministic-normal""","40","-0.8","0","""normal""","0","0.9","false","""/home/ramaswamy.51/Documents/github/Spirals/Media/data/cluster/endsim/BehaviorSearch/Step6_Trial""","true","0.30000000000000004","0.8","4","0.9000000000000001","true","true","""-1843143139""","0.1072825255481632","0.1072825255481632","0.1072825255481632","0","0.1072825255481632"
"1","1191","1276","1000","1","""HK""","0.03","false","""normal""","1","""constant""","0.1","""Scale-free""","2","0","1","""uniform""","""deterministic-normal""","40","-0.8","0","""normal""","0","0.9","false","""/home/ramaswamy.51/Documents/github/Spirals/Media/data/cluster/endsim/BehaviorSearch/Step6_Trial""","true","0.30000000000000004","0.8","4","0.9000000000000001","true","true","""716695025""","0.10871373604187426","0.10871373604187426","0.10871373604187426","0","0.10871373604187426"
"1","1192","1276","1000","1","""HK""","0.03","false","""normal""","1","""constant""","0.1","""Scale-free""","2","0","1","""uniform""","""deterministic-normal""","40","-0.8","0","""normal""","0","0.9","false","""/home/ramaswamy.51/Documents/github/Spirals/Media/data/cluster/endsim/BehaviorSearch/Step6_Trial""","true","0.30000000000000004","0.8","4","0.9000000000000001","true","true","""868906540""","0.09359157087449557","0.09359157087449557","0.09359157087449557","0","0.09359157087449557"
"1","1193","1280","1000","1","""HK""","0.04","false","""normal""","1","""constant""","0","""Scale-free""","2","0","1","""uniform""","""deterministic-normal""","35","-0.8","0","""normal""","0","0.9","false","""/home/ramaswamy.51/Documents/github/Spirals/Media/data/cluster/endsim/BehaviorSearch/Step6_Trial""","true","0.2","1","8","1","true","true","""-764357109""","0.1554414950544095","0.1554414950544095","0.1554414950544095","0","0.1554414950544095"
"1","1194","1280","1000","1","""HK""","0.04","false","""normal""","1","""constant""","0","""Scale-free""","2","0","1","""uniform""","""deterministic-normal""","35","-0.8","0","""normal""","0","0.9","false","""/home/ramaswamy.51/Documents/github/Spirals/Media/data/cluster/endsim/BehaviorSearch/Step6_Trial""","true","0.2","1","8","1","true","true","""360001787""","0.18178697827387597","0.18178697827387597","0.18178697827387597","0","0.18178697827387597"
"1","1195","1280","1000","1","""HK""","0.04","false","""normal""","1","""constant""","0","""Scale-free""","2","0","1","""uniform""","""deterministic-normal""","35","-0.8","0","""normal""","0","0.9","false","""/home/ramaswamy.51/Documents/github/Spirals/Media/data/cluster/endsim/BehaviorSearch/Step6_Trial""","true","0.2","1","8","1","true","true","""-1970755362""","0.1646319774715139","0.1646319774715139","0.1646319774715139","0","0.1646319774715139"
"1","1196","1280","1000","1","""HK""","0.04","false","""normal""","1","""constant""","0","""Scale-free""","2","0","1","""uniform""","""deterministic-normal""","35","-0.8","0","""normal""","0","0.9","false","""/home/ramaswamy.51/Documents/github/Spirals/Media/data/cluster/endsim/BehaviorSearch/Step6_Trial""","true","0.2","1","8","1","true","true","""-1359110045""","0.16724401679901624","0.16724401679901624","0.16724401679901624","0","0.16724401679901624"
"1","1197","1284","1000","1","""HK""","0.03","false","""normal""","1","""constant""","0","""Scale-free""","2","0","1","""uniform""","""deterministic-normal""","40","-0.29999999999999993","0.2","""normal""","-0.09999999999999998","0.9","false","""/home/ramaswamy.51/Documents/github/Spirals/Media/data/cluster/endsim/BehaviorSearch/Step6_Trial""","true","0.4","1","7","0.6000000000000001","true","true","""-614084142""","0.15985857497467806","0.15985857497467806","0.15985857497467806","0","0.15985857497467806"
"1","1198","1284","1000","1","""HK""","0.03","false","""normal""","1","""constant""","0","""Scale-free""","2","0","1","""uniform""","""deterministic-normal""","40","-0.29999999999999993","0.2","""normal""","-0.09999999999999998","0.9","false","""/home/ramaswamy.51/Documents/github/Spirals/Media/data/cluster/endsim/BehaviorSearch/Step6_Trial""","true","0.4","1","7","0.6000000000000001","true","true","""1109148255""","0.17071978496861587","0.17071978496861587","0.17071978496861587","0","0.17071978496861587"
"1","1199","1284","1000","1","""HK""","0.03","false","""normal""","1","""constant""","0","""Scale-free""","2","0","1","""uniform""","""deterministic-normal""","40","-0.29999999999999993","0.2","""normal""","-0.09999999999999998","0.9","false","""/home/ramaswamy.51/Documents/github/Spirals/Media/data/cluster/endsim/BehaviorSearch/Step6_Trial""","true","0.4","1","7","0.6000000000000001","true","true","""-843917989""","0.14009345740123053","0.14009345740123053","0.14009345740123053","0","0.14009345740123053"
"1","1200","1284","1000","1","""HK""","0.03","false","""normal""","1","""constant""","0","""Scale-free""","2","0","1","""uniform""","""deterministic-normal""","40","-0.29999999999999993","0.2","""normal""","-0.09999999999999998","0.9","false","""/home/ramaswamy.51/Documents/github/Spirals/Media/data/cluster/endsim/BehaviorSearch/Step6_Trial""","true","0.4","1","7","0.6000000000000001","true","true","""439336349""","0.1523768408659083","0.1523768408659083","0.1523768408659083","0","0.1523768408659083"
"1","1201","1288","1000","1","""HK""","0.03","false","""normal""","1","""constant""","0","""Scale-free""","2","0","1","""uniform""","""deterministic-normal""","35","-0.3999999999999999","0.2","""normal""","0.10000000000000009","0.9","false","""/home/ramaswamy.51/Documents/github/Spirals/Media/data/cluster/endsim/BehaviorSearch/Step6_Trial""","true","0","0.9","7","0.7000000000000002","true","true","""-1294621288""","0.18292594285311092","0.18292594285311092","0.18292594285311092","0","0.18292594285311092"
"1","1202","1288","1000","1","""HK""","0.03","false","""normal""","1","""constant""","0","""Scale-free""","2","0","1","""uniform""","""deterministic-normal""","35","-0.3999999999999999","0.2","""normal""","0.10000000000000009","0.9","false","""/home/ramaswamy.51/Documents/github/Spirals/Media/data/cluster/endsim/BehaviorSearch/Step6_Trial""","true","0","0.9","7","0.7000000000000002","true","true","""-469595026""","0.15888838223526064","0.15888838223526064","0.15888838223526064","0","0.15888838223526064"
"1","1203","1288","1000","1","""HK""","0.03","false","""normal""","1","""constant""","0","""Scale-free""","2","0","1","""uniform""","""deterministic-normal""","35","-0.3999999999999999","0.2","""normal""","0.10000000000000009","0.9","false","""/home/ramaswamy.51/Documents/github/Spirals/Media/data/cluster/endsim/BehaviorSearch/Step6_Trial""","true","0","0.9","7","0.7000000000000002","true","true","""1504520202""","0.17179874177211563","0.17179874177211563","0.17179874177211563","0","0.17179874177211563"
"1","1204","1288","1000","1","""HK""","0.03","false","""normal""","1","""constant""","0","""Scale-free""","2","0","1","""uniform""","""deterministic-normal""","35","-0.3999999999999999","0.2","""normal""","0.10000000000000009","0.9","false","""/home/ramaswamy.51/Documents/github/Spirals/Media/data/cluster/endsim/BehaviorSearch/Step6_Trial""","true","0","0.9","7","0.7000000000000002","true","true","""1381798298""","0.15218844915874624","0.15218844915874624","0.15218844915874624","0","0.15218844915874624"
"1","1205","1292","1000","1","""HK""","0.03","false","""normal""","1","""constant""","0.1","""Scale-free""","2","0","1","""uniform""","""deterministic-normal""","40","-0.3999999999999999","0.30000000000000004","""normal""","0","0.9","false","""/home/ramaswamy.51/Documents/github/Spirals/Media/data/cluster/endsim/BehaviorSearch/Step6_Trial""","true","0.2","0.9","7","0.7000000000000002","true","true","""-1611626262""","0.09256684379230991","0.09256684379230991","0.09256684379230991","0","0.09256684379230991"
"1","1206","1292","1000","1","""HK""","0.03","false","""normal""","1","""constant""","0.1","""Scale-free""","2","0","1","""uniform""","""deterministic-normal""","40","-0.3999999999999999","0.30000000000000004","""normal""","0","0.9","false","""/home/ramaswamy.51/Documents/github/Spirals/Media/data/cluster/endsim/BehaviorSearch/Step6_Trial""","true","0.2","0.9","7","0.7000000000000002","true","true","""930944190""","0.10128459898033026","0.10128459898033026","0.10128459898033026","0","0.10128459898033026"
"1","1207","1292","1000","1","""HK""","0.03","false","""normal""","1","""constant""","0.1","""Scale-free""","2","0","1","""uniform""","""deterministic-normal""","40","-0.3999999999999999","0.30000000000000004","""normal""","0","0.9","false","""/home/ramaswamy.51/Documents/github/Spirals/Media/data/cluster/endsim/BehaviorSearch/Step6_Trial""","true","0.2","0.9","7","0.7000000000000002","true","true","""144225219""","0.09405528824680372","0.09405528824680372","0.09405528824680372","0","0.09405528824680372"
"1","1208","1292","1000","1","""HK""","0.03","false","""normal""","1","""constant""","0.1","""Scale-free""","2","0","1","""uniform""","""deterministic-normal""","40","-0.3999999999999999","0.30000000000000004","""normal""","0","0.9","false","""/home/ramaswamy.51/Documents/github/Spirals/Media/data/cluster/endsim/BehaviorSearch/Step6_Trial""","true","0.2","0.9","7","0.7000000000000002","true","true","""-1103508072""","0.09809923004328408","0.09809923004328408","0.09809923004328408","0","0.09809923004328408"
"1","1209","1300","1000","1","""HK""","0.05","false","""normal""","1","""constant""","0.1","""Scale-free""","2","0","1","""uniform""","""deterministic-normal""","40","-1","0.1","""normal""","0","1","false","""/home/ramaswamy.51/Documents/github/Spirals/Media/data/cluster/endsim/BehaviorSearch/Step6_Trial""","true","0.1","1","5","0.8","true","true","""-1719430557""","0.09490432130554505","0.09490432130554505","0.09490432130554505","0","0.09490432130554505"
"1","1210","1300","1000","1","""HK""","0.05","false","""normal""","1","""constant""","0.1","""Scale-free""","2","0","1","""uniform""","""deterministic-normal""","40","-1","0.1","""normal""","0","1","false","""/home/ramaswamy.51/Documents/github/Spirals/Media/data/cluster/endsim/BehaviorSearch/Step6_Trial""","true","0.1","1","5","0.8","true","true","""636082793""","0.08578307028192371","0.08578307028192371","0.08578307028192371","0","0.08578307028192371"
"1","1211","1300","1000","1","""HK""","0.05","false","""normal""","1","""constant""","0.1","""Scale-free""","2","0","1","""uniform""","""deterministic-normal""","40","-1","0.1","""normal""","0","1","false","""/home/ramaswamy.51/Documents/github/Spirals/Media/data/cluster/endsim/BehaviorSearch/Step6_Trial""","true","0.1","1","5","0.8","true","true","""-2143856662""","0.12047389162204628","0.12047389162204628","0.12047389162204628","0","0.12047389162204628"
"1","1212","1300","1000","1","""HK""","0.05","false","""normal""","1","""constant""","0.1","""Scale-free""","2","0","1","""uniform""","""deterministic-normal""","40","-1","0.1","""normal""","0","1","false","""/home/ramaswamy.51/Documents/github/Spirals/Media/data/cluster/endsim/BehaviorSearch/Step6_Trial""","true","0.1","1","5","0.8","true","true","""-2092151097""","0.08220898194025794","0.08220898194025794","0.08220898194025794","0","0.08220898194025794"
"1","1213","1308","1000","1","""HK""","0.03","false","""normal""","1","""constant""","0.2","""Scale-free""","3","0","1","""uniform""","""deterministic-normal""","35","-0.9","0.2","""normal""","0","0.9","false","""/home/ramaswamy.51/Documents/github/Spirals/Media/data/cluster/endsim/BehaviorSearch/Step6_Trial""","true","0.1","0.8","7","0.7000000000000002","true","true","""-138841321""","0.16371030583743104","0.16371030583743104","0.16371030583743104","0","0.16371030583743104"
"1","1214","1308","1000","1","""HK""","0.03","false","""normal""","1","""constant""","0.2","""Scale-free""","3","0","1","""uniform""","""deterministic-normal""","35","-0.9","0.2","""normal""","0","0.9","false","""/home/ramaswamy.51/Documents/github/Spirals/Media/data/cluster/endsim/BehaviorSearch/Step6_Trial""","true","0.1","0.8","7","0.7000000000000002","true","true","""722818343""","0.18071410610680946","0.18071410610680946","0.18071410610680946","0","0.18071410610680946"
"1","1215","1308","1000","1","""HK""","0.03","false","""normal""","1","""constant""","0.2","""Scale-free""","3","0","1","""uniform""","""deterministic-normal""","35","-0.9","0.2","""normal""","0","0.9","false","""/home/ramaswamy.51/Documents/github/Spirals/Media/data/cluster/endsim/BehaviorSearch/Step6_Trial""","true","0.1","0.8","7","0.7000000000000002","true","true","""104173888""","0.16692548773866336","0.16692548773866336","0.16692548773866336","0","0.16692548773866336"
"1","1216","1308","1000","1","""HK""","0.03","false","""normal""","1","""constant""","0.2","""Scale-free""","3","0","1","""uniform""","""deterministic-normal""","35","-0.9","0.2","""normal""","0","0.9","false","""/home/ramaswamy.51/Documents/github/Spirals/Media/data/cluster/endsim/BehaviorSearch/Step6_Trial""","true","0.1","0.8","7","0.7000000000000002","true","true","""1047319693""","0.163535070770759","0.163535070770759","0.163535070770759","0","0.163535070770759"
"1","1217","1312","1000","1","""HK""","0.05","false","""normal""","1","""constant""","0.1","""Scale-free""","2","0","1","""uniform""","""deterministic-normal""","30","-0.8","0","""normal""","0","0.9","false","""/home/ramaswamy.51/Documents/github/Spirals/Media/data/cluster/endsim/BehaviorSearch/Step6_Trial""","true","0.30000000000000004","0.9","4","0.9000000000000001","true","true","""1316776994""","0.10512083356504878","0.10512083356504878","0.10512083356504878","0","0.10512083356504878"
"1","1218","1312","1000","1","""HK""","0.05","false","""normal""","1","""constant""","0.1","""Scale-free""","2","0","1","""uniform""","""deterministic-normal""","30","-0.8","0","""normal""","0","0.9","false","""/home/ramaswamy.51/Documents/github/Spirals/Media/data/cluster/endsim/BehaviorSearch/Step6_Trial""","true","0.30000000000000004","0.9","4","0.9000000000000001","true","true","""-825575327""","0.08744520846580374","0.08744520846580374","0.08744520846580374","0","0.08744520846580374"
"1","1219","1312","1000","1","""HK""","0.05","false","""normal""","1","""constant""","0.1","""Scale-free""","2","0","1","""uniform""","""deterministic-normal""","30","-0.8","0","""normal""","0","0.9","false","""/home/ramaswamy.51/Documents/github/Spirals/Media/data/cluster/endsim/BehaviorSearch/Step6_Trial""","true","0.30000000000000004","0.9","4","0.9000000000000001","true","true","""-968325603""","0.08873271772787769","0.08873271772787769","0.08873271772787769","0","0.08873271772787769"
"1","1220","1312","1000","1","""HK""","0.05","false","""normal""","1","""constant""","0.1","""Scale-free""","2","0","1","""uniform""","""deterministic-normal""","30","-0.8","0","""normal""","0","0.9","false","""/home/ramaswamy.51/Documents/github/Spirals/Media/data/cluster/endsim/BehaviorSearch/Step6_Trial""","true","0.30000000000000004","0.9","4","0.9000000000000001","true","true","""-1983614829""","0.10001538651489827","0.10001538651489827","0.10001538651489827","0","0.10001538651489827"
"1","1221","1316","1000","1","""HK""","0.03","false","""normal""","1","""constant""","0.1","""Scale-free""","2","0","1","""uniform""","""deterministic-normal""","40","-0.3999999999999999","0.2","""normal""","0","0.9","false","""/home/ramaswamy.51/Documents/github/Spirals/Media/data/cluster/endsim/BehaviorSearch/Step6_Trial""","true","0.2","1","6","0.40000000000000013","true","true","""-1458049895""","0.1052549001719418","0.1052549001719418","0.1052549001719418","0","0.1052549001719418"
"1","1222","1316","1000","1","""HK""","0.03","false","""normal""","1","""constant""","0.1","""Scale-free""","2","0","1","""uniform""","""deterministic-normal""","40","-0.3999999999999999","0.2","""normal""","0","0.9","false","""/home/ramaswamy.51/Documents/github/Spirals/Media/data/cluster/endsim/BehaviorSearch/Step6_Trial""","true","0.2","1","6","0.40000000000000013","true","true","""1470580844""","0.10521114308301772","0.10521114308301772","0.10521114308301772","0","0.10521114308301772"
"1","1223","1316","1000","1","""HK""","0.03","false","""normal""","1","""constant""","0.1","""Scale-free""","2","0","1","""uniform""","""deterministic-normal""","40","-0.3999999999999999","0.2","""normal""","0","0.9","false","""/home/ramaswamy.51/Documents/github/Spirals/Media/data/cluster/endsim/BehaviorSearch/Step6_Trial""","true","0.2","1","6","0.40000000000000013","true","true","""302698075""","0.08545942003871879","0.08545942003871879","0.08545942003871879","0","0.08545942003871879"
"1","1224","1316","1000","1","""HK""","0.03","false","""normal""","1","""constant""","0.1","""Scale-free""","2","0","1","""uniform""","""deterministic-normal""","40","-0.3999999999999999","0.2","""normal""","0","0.9","false","""/home/ramaswamy.51/Documents/github/Spirals/Media/data/cluster/endsim/BehaviorSearch/Step6_Trial""","true","0.2","1","6","0.40000000000000013","true","true","""995019499""","0.10162372042432677","0.10162372042432677","0.10162372042432677","0","0.10162372042432677"
"1","1225","1324","1000","1","""HK""","0.03","false","""normal""","1","""constant""","0","""Scale-free""","2","0","1","""uniform""","""deterministic-normal""","40","-0.3999999999999999","0.1","""normal""","0","0.9","false","""/home/ramaswamy.51/Documents/github/Spirals/Media/data/cluster/endsim/BehaviorSearch/Step6_Trial""","true","0.30000000000000004","0.9","5","1","true","true","""2102858072""","0.16618378979091103","0.16618378979091103","0.16618378979091103","0","0.16618378979091103"
"1","1226","1324","1000","1","""HK""","0.03","false","""normal""","1","""constant""","0","""Scale-free""","2","0","1","""uniform""","""deterministic-normal""","40","-0.3999999999999999","0.1","""normal""","0","0.9","false","""/home/ramaswamy.51/Documents/github/Spirals/Media/data/cluster/endsim/BehaviorSearch/Step6_Trial""","true","0.30000000000000004","0.9","5","1","true","true","""-17867532""","0.16600202840431383","0.16600202840431383","0.16600202840431383","0","0.16600202840431383"
"1","1227","1324","1000","1","""HK""","0.03","false","""normal""","1","""constant""","0","""Scale-free""","2","0","1","""uniform""","""deterministic-normal""","40","-0.3999999999999999","0.1","""normal""","0","0.9","false","""/home/ramaswamy.51/Documents/github/Spirals/Media/data/cluster/endsim/BehaviorSearch/Step6_Trial""","true","0.30000000000000004","0.9","5","1","true","true","""-794318209""","0.17841123320833988","0.17841123320833988","0.17841123320833988","0","0.17841123320833988"
"1","1228","1324","1000","1","""HK""","0.03","false","""normal""","1","""constant""","0","""Scale-free""","2","0","1","""uniform""","""deterministic-normal""","40","-0.3999999999999999","0.1","""normal""","0","0.9","false","""/home/ramaswamy.51/Documents/github/Spirals/Media/data/cluster/endsim/BehaviorSearch/Step6_Trial""","true","0.30000000000000004","0.9","5","1","true","true","""-2080430142""","0.17563997532614484","0.17563997532614484","0.17563997532614484","0","0.17563997532614484"
"1","1229","1328","1000","1","""HK""","0.03","false","""normal""","1","""constant""","0.1","""Scale-free""","2","0","1","""uniform""","""deterministic-normal""","45","-0.3999999999999999","0.2","""normal""","-0.19999999999999996","0.9","false","""/home/ramaswamy.51/Documents/github/Spirals/Media/data/cluster/endsim/BehaviorSearch/Step6_Trial""","true","0.2","0.7000000000000001","7","0.7000000000000002","true","true","""-1398796909""","0.07302660785914639","0.07302660785914639","0.07302660785914639","0","0.07302660785914639"
"1","1230","1328","1000","1","""HK""","0.03","false","""normal""","1","""constant""","0.1","""Scale-free""","2","0","1","""uniform""","""deterministic-normal""","45","-0.3999999999999999","0.2","""normal""","-0.19999999999999996","0.9","false","""/home/ramaswamy.51/Documents/github/Spirals/Media/data/cluster/endsim/BehaviorSearch/Step6_Trial""","true","0.2","0.7000000000000001","7","0.7000000000000002","true","true","""1731856535""","0.10398069895759626","0.10398069895759626","0.10398069895759626","0","0.10398069895759626"
"1","1231","1328","1000","1","""HK""","0.03","false","""normal""","1","""constant""","0.1","""Scale-free""","2","0","1","""uniform""","""deterministic-normal""","45","-0.3999999999999999","0.2","""normal""","-0.19999999999999996","0.9","false","""/home/ramaswamy.51/Documents/github/Spirals/Media/data/cluster/endsim/BehaviorSearch/Step6_Trial""","true","0.2","0.7000000000000001","7","0.7000000000000002","true","true","""-1093566236""","0.09323905347406314","0.09323905347406314","0.09323905347406314","0","0.09323905347406314"
"1","1232","1328","1000","1","""HK""","0.03","false","""normal""","1","""constant""","0.1","""Scale-free""","2","0","1","""uniform""","""deterministic-normal""","45","-0.3999999999999999","0.2","""normal""","-0.19999999999999996","0.9","false","""/home/ramaswamy.51/Documents/github/Spirals/Media/data/cluster/endsim/BehaviorSearch/Step6_Trial""","true","0.2","0.7000000000000001","7","0.7000000000000002","true","true","""903594656""","0.08854156281696435","0.08854156281696435","0.08854156281696435","0","0.08854156281696435"
"1","1233","1332","1000","1","""HK""","0.05","false","""normal""","1","""constant""","0.1","""Scale-free""","2","0","1","""uniform""","""deterministic-normal""","40","-0.8","0","""normal""","0","0.7000000000000001","false","""/home/ramaswamy.51/Documents/github/Spirals/Media/data/cluster/endsim/BehaviorSearch/Step6_Trial""","true","0.1","0.7000000000000001","5","1","true","true","""-643802533""","0.11895370923835998","0.11895370923835998","0.11895370923835998","0","0.11895370923835998"
"1","1234","1332","1000","1","""HK""","0.05","false","""normal""","1","""constant""","0.1","""Scale-free""","2","0","1","""uniform""","""deterministic-normal""","40","-0.8","0","""normal""","0","0.7000000000000001","false","""/home/ramaswamy.51/Documents/github/Spirals/Media/data/cluster/endsim/BehaviorSearch/Step6_Trial""","true","0.1","0.7000000000000001","5","1","true","true","""-1434627895""","0.09726630805305206","0.09726630805305206","0.09726630805305206","0","0.09726630805305206"
"1","1235","1332","1000","1","""HK""","0.05","false","""normal""","1","""constant""","0.1","""Scale-free""","2","0","1","""uniform""","""deterministic-normal""","40","-0.8","0","""normal""","0","0.7000000000000001","false","""/home/ramaswamy.51/Documents/github/Spirals/Media/data/cluster/endsim/BehaviorSearch/Step6_Trial""","true","0.1","0.7000000000000001","5","1","true","true","""1338826690""","0.11411757067252959","0.11411757067252959","0.11411757067252959","0","0.11411757067252959"
"1","1236","1332","1000","1","""HK""","0.05","false","""normal""","1","""constant""","0.1","""Scale-free""","2","0","1","""uniform""","""deterministic-normal""","40","-0.8","0","""normal""","0","0.7000000000000001","false","""/home/ramaswamy.51/Documents/github/Spirals/Media/data/cluster/endsim/BehaviorSearch/Step6_Trial""","true","0.1","0.7000000000000001","5","1","true","true","""-1308914725""","0.11785948907745149","0.11785948907745149","0.11785948907745149","0","0.11785948907745149"
"1","1237","1336","1000","1","""HK""","0.03","false","""normal""","1","""constant""","0.1","""Scale-free""","2","0","1","""uniform""","""deterministic-normal""","50","-0.3999999999999999","0.2","""normal""","-0.19999999999999996","0.9","false","""/home/ramaswamy.51/Documents/github/Spirals/Media/data/cluster/endsim/BehaviorSearch/Step6_Trial""","true","0.30000000000000004","1","5","1","true","true","""1053340833""","0.09547353995104853","0.09547353995104853","0.09547353995104853","0","0.09547353995104853"
"1","1238","1336","1000","1","""HK""","0.03","false","""normal""","1","""constant""","0.1","""Scale-free""","2","0","1","""uniform""","""deterministic-normal""","50","-0.3999999999999999","0.2","""normal""","-0.19999999999999996","0.9","false","""/home/ramaswamy.51/Documents/github/Spirals/Media/data/cluster/endsim/BehaviorSearch/Step6_Trial""","true","0.30000000000000004","1","5","1","true","true","""1305687470""","0.09840443589464301","0.09840443589464301","0.09840443589464301","0","0.09840443589464301"
"1","1239","1336","1000","1","""HK""","0.03","false","""normal""","1","""constant""","0.1","""Scale-free""","2","0","1","""uniform""","""deterministic-normal""","50","-0.3999999999999999","0.2","""normal""","-0.19999999999999996","0.9","false","""/home/ramaswamy.51/Documents/github/Spirals/Media/data/cluster/endsim/BehaviorSearch/Step6_Trial""","true","0.30000000000000004","1","5","1","true","true","""-2064300424""","0.13708802919800478","0.13708802919800478","0.13708802919800478","0","0.13708802919800478"
"1","1240","1336","1000","1","""HK""","0.03","false","""normal""","1","""constant""","0.1","""Scale-free""","2","0","1","""uniform""","""deterministic-normal""","50","-0.3999999999999999","0.2","""normal""","-0.19999999999999996","0.9","false","""/home/ramaswamy.51/Documents/github/Spirals/Media/data/cluster/endsim/BehaviorSearch/Step6_Trial""","true","0.30000000000000004","1","5","1","true","true","""1092531200""","0.10690912370375155","0.10690912370375155","0.10690912370375155","0","0.10690912370375155"
"1","1241","1340","1000","1","""HK""","0.060000000000000005","false","""normal""","1","""constant""","0.1","""Scale-free""","2","0","1","""uniform""","""deterministic-normal""","40","-0.3999999999999999","0.2","""normal""","0","0.9","false","""/home/ramaswamy.51/Documents/github/Spirals/Media/data/cluster/endsim/BehaviorSearch/Step6_Trial""","true","0.30000000000000004","1","4","1","true","true","""2029932969""","0.09554544841819408","0.09554544841819408","0.09554544841819408","0","0.09554544841819408"
"1","1242","1340","1000","1","""HK""","0.060000000000000005","false","""normal""","1","""constant""","0.1","""Scale-free""","2","0","1","""uniform""","""deterministic-normal""","40","-0.3999999999999999","0.2","""normal""","0","0.9","false","""/home/ramaswamy.51/Documents/github/Spirals/Media/data/cluster/endsim/BehaviorSearch/Step6_Trial""","true","0.30000000000000004","1","4","1","true","true","""648624336""","0.10000529316968992","0.10000529316968992","0.10000529316968992","0","0.10000529316968992"
"1","1243","1340","1000","1","""HK""","0.060000000000000005","false","""normal""","1","""constant""","0.1","""Scale-free""","2","0","1","""uniform""","""deterministic-normal""","40","-0.3999999999999999","0.2","""normal""","0","0.9","false","""/home/ramaswamy.51/Documents/github/Spirals/Media/data/cluster/endsim/BehaviorSearch/Step6_Trial""","true","0.30000000000000004","1","4","1","true","true","""126867442""","0.08675587222527208","0.08675587222527208","0.08675587222527208","0","0.08675587222527208"
"1","1244","1340","1000","1","""HK""","0.060000000000000005","false","""normal""","1","""constant""","0.1","""Scale-free""","2","0","1","""uniform""","""deterministic-normal""","40","-0.3999999999999999","0.2","""normal""","0","0.9","false","""/home/ramaswamy.51/Documents/github/Spirals/Media/data/cluster/endsim/BehaviorSearch/Step6_Trial""","true","0.30000000000000004","1","4","1","true","true","""-416896231""","0.11519881475029077","0.11519881475029077","0.11519881475029077","0","0.11519881475029077"
"1","1245","1344","1000","1","""HK""","0.03","false","""normal""","1","""constant""","0.1","""Scale-free""","3","0","1","""uniform""","""deterministic-normal""","40","-0.3999999999999999","0.1","""normal""","0","0.9","false","""/home/ramaswamy.51/Documents/github/Spirals/Media/data/cluster/endsim/BehaviorSearch/Step6_Trial""","true","0.30000000000000004","0.9","4","0.6000000000000001","true","true","""1482865573""","0.09337237727737259","0.09337237727737259","0.09337237727737259","0","0.09337237727737259"
"1","1246","1344","1000","1","""HK""","0.03","false","""normal""","1","""constant""","0.1","""Scale-free""","3","0","1","""uniform""","""deterministic-normal""","40","-0.3999999999999999","0.1","""normal""","0","0.9","false","""/home/ramaswamy.51/Documents/github/Spirals/Media/data/cluster/endsim/BehaviorSearch/Step6_Trial""","true","0.30000000000000004","0.9","4","0.6000000000000001","true","true","""-1217114218""","0.10348541099639151","0.10348541099639151","0.10348541099639151","0","0.10348541099639151"
"1","1247","1344","1000","1","""HK""","0.03","false","""normal""","1","""constant""","0.1","""Scale-free""","3","0","1","""uniform""","""deterministic-normal""","40","-0.3999999999999999","0.1","""normal""","0","0.9","false","""/home/ramaswamy.51/Documents/github/Spirals/Media/data/cluster/endsim/BehaviorSearch/Step6_Trial""","true","0.30000000000000004","0.9","4","0.6000000000000001","true","true","""556289515""","0.10345166037388599","0.10345166037388599","0.10345166037388599","0","0.10345166037388599"
"1","1248","1344","1000","1","""HK""","0.03","false","""normal""","1","""constant""","0.1","""Scale-free""","3","0","1","""uniform""","""deterministic-normal""","40","-0.3999999999999999","0.1","""normal""","0","0.9","false","""/home/ramaswamy.51/Documents/github/Spirals/Media/data/cluster/endsim/BehaviorSearch/Step6_Trial""","true","0.30000000000000004","0.9","4","0.6000000000000001","true","true","""-643489244""","0.09785326825301886","0.09785326825301886","0.09785326825301886","0","0.09785326825301886"
"1","1249","1348","1000","1","""HK""","0.03","false","""normal""","1","""constant""","0.1","""Scale-free""","2","0","1","""uniform""","""deterministic-normal""","40","-0.19999999999999996","0.2","""normal""","0","0.9","false","""/home/ramaswamy.51/Documents/github/Spirals/Media/data/cluster/endsim/BehaviorSearch/Step6_Trial""","true","0.30000000000000004","1","7","0.6000000000000001","true","true","""108592239""","0.10035312515949782","0.10035312515949782","0.10035312515949782","0","0.10035312515949782"
"1","1250","1348","1000","1","""HK""","0.03","false","""normal""","1","""constant""","0.1","""Scale-free""","2","0","1","""uniform""","""deterministic-normal""","40","-0.19999999999999996","0.2","""normal""","0","0.9","false","""/home/ramaswamy.51/Documents/github/Spirals/Media/data/cluster/endsim/BehaviorSearch/Step6_Trial""","true","0.30000000000000004","1","7","0.6000000000000001","true","true","""-121834050""","0.09289943153759177","0.09289943153759177","0.09289943153759177","0","0.09289943153759177"
"1","1251","1348","1000","1","""HK""","0.03","false","""normal""","1","""constant""","0.1","""Scale-free""","2","0","1","""uniform""","""deterministic-normal""","40","-0.19999999999999996","0.2","""normal""","0","0.9","false","""/home/ramaswamy.51/Documents/github/Spirals/Media/data/cluster/endsim/BehaviorSearch/Step6_Trial""","true","0.30000000000000004","1","7","0.6000000000000001","true","true","""2089459205""","0.10613356057437912","0.10613356057437912","0.10613356057437912","0","0.10613356057437912"
"1","1252","1348","1000","1","""HK""","0.03","false","""normal""","1","""constant""","0.1","""Scale-free""","2","0","1","""uniform""","""deterministic-normal""","40","-0.19999999999999996","0.2","""normal""","0","0.9","false","""/home/ramaswamy.51/Documents/github/Spirals/Media/data/cluster/endsim/BehaviorSearch/Step6_Trial""","true","0.30000000000000004","1","7","0.6000000000000001","true","true","""2082950755""","0.10117617384858706","0.10117617384858706","0.10117617384858706","0","0.10117617384858706"
"1","1253","1352","1000","1","""HK""","0.060000000000000005","false","""normal""","1","""constant""","0.1","""Scale-free""","2","0","1","""uniform""","""deterministic-normal""","40","-0.3999999999999999","0.2","""normal""","0","0.9","false","""/home/ramaswamy.51/Documents/github/Spirals/Media/data/cluster/endsim/BehaviorSearch/Step6_Trial""","true","0.30000000000000004","1","6","1","true","true","""1193939072""","0.07553293691473485","0.07553293691473485","0.07553293691473485","0","0.07553293691473485"
"1","1254","1352","1000","1","""HK""","0.060000000000000005","false","""normal""","1","""constant""","0.1","""Scale-free""","2","0","1","""uniform""","""deterministic-normal""","40","-0.3999999999999999","0.2","""normal""","0","0.9","false","""/home/ramaswamy.51/Documents/github/Spirals/Media/data/cluster/endsim/BehaviorSearch/Step6_Trial""","true","0.30000000000000004","1","6","1","true","true","""-7315471""","0.09380470609427696","0.09380470609427696","0.09380470609427696","0","0.09380470609427696"
"1","1255","1352","1000","1","""HK""","0.060000000000000005","false","""normal""","1","""constant""","0.1","""Scale-free""","2","0","1","""uniform""","""deterministic-normal""","40","-0.3999999999999999","0.2","""normal""","0","0.9","false","""/home/ramaswamy.51/Documents/github/Spirals/Media/data/cluster/endsim/BehaviorSearch/Step6_Trial""","true","0.30000000000000004","1","6","1","true","true","""1272311123""","0.09146035159759411","0.09146035159759411","0.09146035159759411","0","0.09146035159759411"
"1","1256","1352","1000","1","""HK""","0.060000000000000005","false","""normal""","1","""constant""","0.1","""Scale-free""","2","0","1","""uniform""","""deterministic-normal""","40","-0.3999999999999999","0.2","""normal""","0","0.9","false","""/home/ramaswamy.51/Documents/github/Spirals/Media/data/cluster/endsim/BehaviorSearch/Step6_Trial""","true","0.30000000000000004","1","6","1","true","true","""-391537446""","0.10935966736378244","0.10935966736378244","0.10935966736378244","0","0.10935966736378244"
"1","1257","1360","1000","1","""HK""","0.03","false","""normal""","1","""constant""","0.1","""Scale-free""","2","0","1","""uniform""","""deterministic-normal""","40","-0.5","0.1","""normal""","-0.09999999999999998","0.9","false","""/home/ramaswamy.51/Documents/github/Spirals/Media/data/cluster/endsim/BehaviorSearch/Step6_Trial""","true","0.2","0.9","10","0.8","true","true","""-1804490824""","0.09321263393469964","0.09321263393469964","0.09321263393469964","0","0.09321263393469964"
"1","1258","1360","1000","1","""HK""","0.03","false","""normal""","1","""constant""","0.1","""Scale-free""","2","0","1","""uniform""","""deterministic-normal""","40","-0.5","0.1","""normal""","-0.09999999999999998","0.9","false","""/home/ramaswamy.51/Documents/github/Spirals/Media/data/cluster/endsim/BehaviorSearch/Step6_Trial""","true","0.2","0.9","10","0.8","true","true","""-1793025376""","0.10172579863179056","0.10172579863179056","0.10172579863179056","0","0.10172579863179056"
"1","1259","1360","1000","1","""HK""","0.03","false","""normal""","1","""constant""","0.1","""Scale-free""","2","0","1","""uniform""","""deterministic-normal""","40","-0.5","0.1","""normal""","-0.09999999999999998","0.9","false","""/home/ramaswamy.51/Documents/github/Spirals/Media/data/cluster/endsim/BehaviorSearch/Step6_Trial""","true","0.2","0.9","10","0.8","true","true","""423747080""","0.10232496289809907","0.10232496289809907","0.10232496289809907","0","0.10232496289809907"
"1","1260","1360","1000","1","""HK""","0.03","false","""normal""","1","""constant""","0.1","""Scale-free""","2","0","1","""uniform""","""deterministic-normal""","40","-0.5","0.1","""normal""","-0.09999999999999998","0.9","false","""/home/ramaswamy.51/Documents/github/Spirals/Media/data/cluster/endsim/BehaviorSearch/Step6_Trial""","true","0.2","0.9","10","0.8","true","true","""1415563498""","0.10612674627869514","0.10612674627869514","0.10612674627869514","0","0.10612674627869514"
"1","1261","1364","1000","1","""HK""","0.03","false","""normal""","1","""constant""","0.1","""Scale-free""","2","0","1","""uniform""","""deterministic-normal""","45","-0.5","0.30000000000000004","""normal""","0.40000000000000013","0.7000000000000001","false","""/home/ramaswamy.51/Documents/github/Spirals/Media/data/cluster/endsim/BehaviorSearch/Step6_Trial""","true","0.1","1","7","0.7000000000000002","true","true","""1575237522""","0.17348217653138348","0.17348217653138348","0.17348217653138348","0","0.17348217653138348"
"1","1262","1364","1000","1","""HK""","0.03","false","""normal""","1","""constant""","0.1","""Scale-free""","2","0","1","""uniform""","""deterministic-normal""","45","-0.5","0.30000000000000004","""normal""","0.40000000000000013","0.7000000000000001","false","""/home/ramaswamy.51/Documents/github/Spirals/Media/data/cluster/endsim/BehaviorSearch/Step6_Trial""","true","0.1","1","7","0.7000000000000002","true","true","""944065043""","0.1744038322446248","0.1744038322446248","0.1744038322446248","0","0.1744038322446248"
"1","1263","1364","1000","1","""HK""","0.03","false","""normal""","1","""constant""","0.1","""Scale-free""","2","0","1","""uniform""","""deterministic-normal""","45","-0.5","0.30000000000000004","""normal""","0.40000000000000013","0.7000000000000001","false","""/home/ramaswamy.51/Documents/github/Spirals/Media/data/cluster/endsim/BehaviorSearch/Step6_Trial""","true","0.1","1","7","0.7000000000000002","true","true","""1665006294""","0.1598982862311491","0.1598982862311491","0.1598982862311491","0","0.1598982862311491"
"1","1264","1364","1000","1","""HK""","0.03","false","""normal""","1","""constant""","0.1","""Scale-free""","2","0","1","""uniform""","""deterministic-normal""","45","-0.5","0.30000000000000004","""normal""","0.40000000000000013","0.7000000000000001","false","""/home/ramaswamy.51/Documents/github/Spirals/Media/data/cluster/endsim/BehaviorSearch/Step6_Trial""","true","0.1","1","7","0.7000000000000002","true","true","""1496820324""","0.17528170570227142","0.17528170570227142","0.17528170570227142","0","0.17528170570227142"
"1","1265","1372","1000","1","""HK""","0.05","false","""normal""","1","""constant""","0.1","""Scale-free""","2","0","1","""uniform""","""deterministic-normal""","45","-0.3999999999999999","0.2","""normal""","0","0.9","false","""/home/ramaswamy.51/Documents/github/Spirals/Media/data/cluster/endsim/BehaviorSearch/Step6_Trial""","true","0.30000000000000004","0.9","5","1","true","true","""598257579""","0.10658919637026894","0.10658919637026894","0.10658919637026894","0","0.10658919637026894"
"1","1266","1372","1000","1","""HK""","0.05","false","""normal""","1","""constant""","0.1","""Scale-free""","2","0","1","""uniform""","""deterministic-normal""","45","-0.3999999999999999","0.2","""normal""","0","0.9","false","""/home/ramaswamy.51/Documents/github/Spirals/Media/data/cluster/endsim/BehaviorSearch/Step6_Trial""","true","0.30000000000000004","0.9","5","1","true","true","""2033121296""","0.11170066195147953","0.11170066195147953","0.11170066195147953","0","0.11170066195147953"
"1","1267","1372","1000","1","""HK""","0.05","false","""normal""","1","""constant""","0.1","""Scale-free""","2","0","1","""uniform""","""deterministic-normal""","45","-0.3999999999999999","0.2","""normal""","0","0.9","false","""/home/ramaswamy.51/Documents/github/Spirals/Media/data/cluster/endsim/BehaviorSearch/Step6_Trial""","true","0.30000000000000004","0.9","5","1","true","true","""-437712091""","0.10826784396901327","0.10826784396901327","0.10826784396901327","0","0.10826784396901327"
"1","1268","1372","1000","1","""HK""","0.05","false","""normal""","1","""constant""","0.1","""Scale-free""","2","0","1","""uniform""","""deterministic-normal""","45","-0.3999999999999999","0.2","""normal""","0","0.9","false","""/home/ramaswamy.51/Documents/github/Spirals/Media/data/cluster/endsim/BehaviorSearch/Step6_Trial""","true","0.30000000000000004","0.9","5","1","true","true","""1532606023""","0.09712088555862813","0.09712088555862813","0.09712088555862813","0","0.09712088555862813"
"1","1269","1376","1000","1","""HK""","0.02","false","""normal""","1","""constant""","0.1","""Scale-free""","2","0","1","""uniform""","""deterministic-normal""","45","-0.3999999999999999","0.1","""normal""","0","0.8","false","""/home/ramaswamy.51/Documents/github/Spirals/Media/data/cluster/endsim/BehaviorSearch/Step6_Trial""","true","0.30000000000000004","0.9","4","0.9000000000000001","true","true","""-1651016849""","0.09233928889063484","0.09233928889063484","0.09233928889063484","0","0.09233928889063484"
"1","1270","1376","1000","1","""HK""","0.02","false","""normal""","1","""constant""","0.1","""Scale-free""","2","0","1","""uniform""","""deterministic-normal""","45","-0.3999999999999999","0.1","""normal""","0","0.8","false","""/home/ramaswamy.51/Documents/github/Spirals/Media/data/cluster/endsim/BehaviorSearch/Step6_Trial""","true","0.30000000000000004","0.9","4","0.9000000000000001","true","true","""30128752""","0.0896602766830039","0.0896602766830039","0.0896602766830039","0","0.0896602766830039"
"1","1271","1376","1000","1","""HK""","0.02","false","""normal""","1","""constant""","0.1","""Scale-free""","2","0","1","""uniform""","""deterministic-normal""","45","-0.3999999999999999","0.1","""normal""","0","0.8","false","""/home/ramaswamy.51/Documents/github/Spirals/Media/data/cluster/endsim/BehaviorSearch/Step6_Trial""","true","0.30000000000000004","0.9","4","0.9000000000000001","true","true","""-2057326001""","0.0988002491209412","0.0988002491209412","0.0988002491209412","0","0.0988002491209412"
"1","1272","1376","1000","1","""HK""","0.02","false","""normal""","1","""constant""","0.1","""Scale-free""","2","0","1","""uniform""","""deterministic-normal""","45","-0.3999999999999999","0.1","""normal""","0","0.8","false","""/home/ramaswamy.51/Documents/github/Spirals/Media/data/cluster/endsim/BehaviorSearch/Step6_Trial""","true","0.30000000000000004","0.9","4","0.9000000000000001","true","true","""-1252288510""","0.11552194340163395","0.11552194340163395","0.11552194340163395","0","0.11552194340163395"
"1","1273","1380","1000","1","""HK""","0.03","false","""normal""","1","""constant""","0.1","""Scale-free""","2","0","1","""uniform""","""deterministic-normal""","40","-0.6","0.1","""normal""","0","0.9","false","""/home/ramaswamy.51/Documents/github/Spirals/Media/data/cluster/endsim/BehaviorSearch/Step6_Trial""","true","0.30000000000000004","0.9","4","0.9000000000000001","true","true","""-520128557""","0.09687185851226174","0.09687185851226174","0.09687185851226174","0","0.09687185851226174"
"1","1274","1380","1000","1","""HK""","0.03","false","""normal""","1","""constant""","0.1","""Scale-free""","2","0","1","""uniform""","""deterministic-normal""","40","-0.6","0.1","""normal""","0","0.9","false","""/home/ramaswamy.51/Documents/github/Spirals/Media/data/cluster/endsim/BehaviorSearch/Step6_Trial""","true","0.30000000000000004","0.9","4","0.9000000000000001","true","true","""2090401962""","0.10867365787040972","0.10867365787040972","0.10867365787040972","0","0.10867365787040972"
"1","1275","1380","1000","1","""HK""","0.03","false","""normal""","1","""constant""","0.1","""Scale-free""","2","0","1","""uniform""","""deterministic-normal""","40","-0.6","0.1","""normal""","0","0.9","false","""/home/ramaswamy.51/Documents/github/Spirals/Media/data/cluster/endsim/BehaviorSearch/Step6_Trial""","true","0.30000000000000004","0.9","4","0.9000000000000001","true","true","""-10715535""","0.09699483367683708","0.09699483367683708","0.09699483367683708","0","0.09699483367683708"
"1","1276","1380","1000","1","""HK""","0.03","false","""normal""","1","""constant""","0.1","""Scale-free""","2","0","1","""uniform""","""deterministic-normal""","40","-0.6","0.1","""normal""","0","0.9","false","""/home/ramaswamy.51/Documents/github/Spirals/Media/data/cluster/endsim/BehaviorSearch/Step6_Trial""","true","0.30000000000000004","0.9","4","0.9000000000000001","true","true","""-627211504""","0.08961179176162339","0.08961179176162339","0.08961179176162339","0","0.08961179176162339"
"1","1277","1384","1000","1","""HK""","0.09","false","""normal""","1","""constant""","0.1","""Scale-free""","2","0","1","""uniform""","""deterministic-normal""","50","-0.3999999999999999","0.2","""normal""","0","0.9","false","""/home/ramaswamy.51/Documents/github/Spirals/Media/data/cluster/endsim/BehaviorSearch/Step6_Trial""","true","0.2","0.8","7","0.8","true","true","""816158558""","0.11053421499992247","0.11053421499992247","0.11053421499992247","0","0.11053421499992247"
"1","1278","1384","1000","1","""HK""","0.09","false","""normal""","1","""constant""","0.1","""Scale-free""","2","0","1","""uniform""","""deterministic-normal""","50","-0.3999999999999999","0.2","""normal""","0","0.9","false","""/home/ramaswamy.51/Documents/github/Spirals/Media/data/cluster/endsim/BehaviorSearch/Step6_Trial""","true","0.2","0.8","7","0.8","true","true","""-473712760""","0.1178617255326075","0.1178617255326075","0.1178617255326075","0","0.1178617255326075"
"1","1279","1384","1000","1","""HK""","0.09","false","""normal""","1","""constant""","0.1","""Scale-free""","2","0","1","""uniform""","""deterministic-normal""","50","-0.3999999999999999","0.2","""normal""","0","0.9","false","""/home/ramaswamy.51/Documents/github/Spirals/Media/data/cluster/endsim/BehaviorSearch/Step6_Trial""","true","0.2","0.8","7","0.8","true","true","""1883733566""","0.12586396052180063","0.12586396052180063","0.12586396052180063","0","0.12586396052180063"
"1","1280","1384","1000","1","""HK""","0.09","false","""normal""","1","""constant""","0.1","""Scale-free""","2","0","1","""uniform""","""deterministic-normal""","50","-0.3999999999999999","0.2","""normal""","0","0.9","false","""/home/ramaswamy.51/Documents/github/Spirals/Media/data/cluster/endsim/BehaviorSearch/Step6_Trial""","true","0.2","0.8","7","0.8","true","true","""-300996837""","0.12212100227317711","0.12212100227317711","0.12212100227317711","0","0.12212100227317711"
"1","1281","1388","1000","1","""HK""","0.02","false","""normal""","1","""constant""","0","""Scale-free""","2","0","1","""uniform""","""deterministic-normal""","40","-0.3999999999999999","0.2","""normal""","-0.09999999999999998","0.9","false","""/home/ramaswamy.51/Documents/github/Spirals/Media/data/cluster/endsim/BehaviorSearch/Step6_Trial""","true","0.1","1","7","0.7000000000000002","true","true","""679857663""","0.1544317537916157","0.1544317537916157","0.1544317537916157","0","0.1544317537916157"
"1","1282","1388","1000","1","""HK""","0.02","false","""normal""","1","""constant""","0","""Scale-free""","2","0","1","""uniform""","""deterministic-normal""","40","-0.3999999999999999","0.2","""normal""","-0.09999999999999998","0.9","false","""/home/ramaswamy.51/Documents/github/Spirals/Media/data/cluster/endsim/BehaviorSearch/Step6_Trial""","true","0.1","1","7","0.7000000000000002","true","true","""230743307""","0.14934194243511031","0.14934194243511031","0.14934194243511031","0","0.14934194243511031"
"1","1283","1388","1000","1","""HK""","0.02","false","""normal""","1","""constant""","0","""Scale-free""","2","0","1","""uniform""","""deterministic-normal""","40","-0.3999999999999999","0.2","""normal""","-0.09999999999999998","0.9","false","""/home/ramaswamy.51/Documents/github/Spirals/Media/data/cluster/endsim/BehaviorSearch/Step6_Trial""","true","0.1","1","7","0.7000000000000002","true","true","""-1420027009""","0.15521121761668805","0.15521121761668805","0.15521121761668805","0","0.15521121761668805"
"1","1284","1388","1000","1","""HK""","0.02","false","""normal""","1","""constant""","0","""Scale-free""","2","0","1","""uniform""","""deterministic-normal""","40","-0.3999999999999999","0.2","""normal""","-0.09999999999999998","0.9","false","""/home/ramaswamy.51/Documents/github/Spirals/Media/data/cluster/endsim/BehaviorSearch/Step6_Trial""","true","0.1","1","7","0.7000000000000002","true","true","""-1664552311""","0.14948131488534475","0.14948131488534475","0.14948131488534475","0","0.14948131488534475"
"1","1285","1392","1000","1","""HK""","0.03","false","""normal""","1","""constant""","0.1","""Scale-free""","2","0","1","""uniform""","""deterministic-normal""","45","-0.7","0.2","""normal""","0","0.9","false","""/home/ramaswamy.51/Documents/github/Spirals/Media/data/cluster/endsim/BehaviorSearch/Step6_Trial""","true","0.1","1","7","0.7000000000000002","true","true","""-1350403986""","0.0916276126578861","0.0916276126578861","0.0916276126578861","0","0.0916276126578861"
"1","1286","1392","1000","1","""HK""","0.03","false","""normal""","1","""constant""","0.1","""Scale-free""","2","0","1","""uniform""","""deterministic-normal""","45","-0.7","0.2","""normal""","0","0.9","false","""/home/ramaswamy.51/Documents/github/Spirals/Media/data/cluster/endsim/BehaviorSearch/Step6_Trial""","true","0.1","1","7","0.7000000000000002","true","true","""716121263""","0.08459153040208324","0.08459153040208324","0.08459153040208324","0","0.08459153040208324"
"1","1287","1392","1000","1","""HK""","0.03","false","""normal""","1","""constant""","0.1","""Scale-free""","2","0","1","""uniform""","""deterministic-normal""","45","-0.7","0.2","""normal""","0","0.9","false","""/home/ramaswamy.51/Documents/github/Spirals/Media/data/cluster/endsim/BehaviorSearch/Step6_Trial""","true","0.1","1","7","0.7000000000000002","true","true","""619071061""","0.09819411666512211","0.09819411666512211","0.09819411666512211","0","0.09819411666512211"
"1","1288","1392","1000","1","""HK""","0.03","false","""normal""","1","""constant""","0.1","""Scale-free""","2","0","1","""uniform""","""deterministic-normal""","45","-0.7","0.2","""normal""","0","0.9","false","""/home/ramaswamy.51/Documents/github/Spirals/Media/data/cluster/endsim/BehaviorSearch/Step6_Trial""","true","0.1","1","7","0.7000000000000002","true","true","""1756229820""","0.10009817213823571","0.10009817213823571","0.10009817213823571","0","0.10009817213823571"
"1","1289","1396","1000","1","""HK""","0.03","false","""normal""","1","""constant""","0.1","""Scale-free""","2","0","1","""uniform""","""deterministic-normal""","40","-0.6","0","""normal""","0","0.9","false","""/home/ramaswamy.51/Documents/github/Spirals/Media/data/cluster/endsim/BehaviorSearch/Step6_Trial""","true","0.2","1","7","0.8","true","true","""1583790500""","0.0992752619172683","0.0992752619172683","0.0992752619172683","0","0.0992752619172683"
"1","1290","1396","1000","1","""HK""","0.03","false","""normal""","1","""constant""","0.1","""Scale-free""","2","0","1","""uniform""","""deterministic-normal""","40","-0.6","0","""normal""","0","0.9","false","""/home/ramaswamy.51/Documents/github/Spirals/Media/data/cluster/endsim/BehaviorSearch/Step6_Trial""","true","0.2","1","7","0.8","true","true","""-1510085652""","0.09287185712137168","0.09287185712137168","0.09287185712137168","0","0.09287185712137168"
"1","1291","1396","1000","1","""HK""","0.03","false","""normal""","1","""constant""","0.1","""Scale-free""","2","0","1","""uniform""","""deterministic-normal""","40","-0.6","0","""normal""","0","0.9","false","""/home/ramaswamy.51/Documents/github/Spirals/Media/data/cluster/endsim/BehaviorSearch/Step6_Trial""","true","0.2","1","7","0.8","true","true","""-1537912285""","0.0898625680031586","0.0898625680031586","0.0898625680031586","0","0.0898625680031586"
"1","1292","1396","1000","1","""HK""","0.03","false","""normal""","1","""constant""","0.1","""Scale-free""","2","0","1","""uniform""","""deterministic-normal""","40","-0.6","0","""normal""","0","0.9","false","""/home/ramaswamy.51/Documents/github/Spirals/Media/data/cluster/endsim/BehaviorSearch/Step6_Trial""","true","0.2","1","7","0.8","true","true","""1041946774""","0.06604598201873046","0.06604598201873046","0.06604598201873046","0","0.06604598201873046"
"1","1293","1400","1000","1","""HK""","0.03","false","""normal""","1","""constant""","0.1","""Scale-free""","2","0","1","""uniform""","""deterministic-normal""","40","-0.3999999999999999","0.1","""normal""","0.10000000000000009","0.9","false","""/home/ramaswamy.51/Documents/github/Spirals/Media/data/cluster/endsim/BehaviorSearch/Step6_Trial""","true","0.30000000000000004","1","7","0.6000000000000001","true","true","""218064867""","0.11925603649803895","0.11925603649803895","0.11925603649803895","0","0.11925603649803895"
"1","1294","1400","1000","1","""HK""","0.03","false","""normal""","1","""constant""","0.1","""Scale-free""","2","0","1","""uniform""","""deterministic-normal""","40","-0.3999999999999999","0.1","""normal""","0.10000000000000009","0.9","false","""/home/ramaswamy.51/Documents/github/Spirals/Media/data/cluster/endsim/BehaviorSearch/Step6_Trial""","true","0.30000000000000004","1","7","0.6000000000000001","true","true","""1703522772""","0.0912064211698398","0.0912064211698398","0.0912064211698398","0","0.0912064211698398"
"1","1295","1400","1000","1","""HK""","0.03","false","""normal""","1","""constant""","0.1","""Scale-free""","2","0","1","""uniform""","""deterministic-normal""","40","-0.3999999999999999","0.1","""normal""","0.10000000000000009","0.9","false","""/home/ramaswamy.51/Documents/github/Spirals/Media/data/cluster/endsim/BehaviorSearch/Step6_Trial""","true","0.30000000000000004","1","7","0.6000000000000001","true","true","""-1381267196""","0.11538943580513468","0.11538943580513468","0.11538943580513468","0","0.11538943580513468"
"1","1296","1400","1000","1","""HK""","0.03","false","""normal""","1","""constant""","0.1","""Scale-free""","2","0","1","""uniform""","""deterministic-normal""","40","-0.3999999999999999","0.1","""normal""","0.10000000000000009","0.9","false","""/home/ramaswamy.51/Documents/github/Spirals/Media/data/cluster/endsim/BehaviorSearch/Step6_Trial""","true","0.30000000000000004","1","7","0.6000000000000001","true","true","""1775442017""","0.10135591421867589","0.10135591421867589","0.10135591421867589","0","0.10135591421867589"
"1","1297","1404","1000","1","""HK""","0.04","false","""normal""","1","""constant""","0.1","""Scale-free""","3","0","1","""uniform""","""deterministic-normal""","40","-0.8","0","""normal""","0.30000000000000004","0.9","false","""/home/ramaswamy.51/Documents/github/Spirals/Media/data/cluster/endsim/BehaviorSearch/Step6_Trial""","true","0.2","0.9","2","0.9000000000000001","true","true","""-1584090300""","0.12059084147308902","0.12059084147308902","0.12059084147308902","0","0.12059084147308902"
"1","1298","1404","1000","1","""HK""","0.04","false","""normal""","1","""constant""","0.1","""Scale-free""","3","0","1","""uniform""","""deterministic-normal""","40","-0.8","0","""normal""","0.30000000000000004","0.9","false","""/home/ramaswamy.51/Documents/github/Spirals/Media/data/cluster/endsim/BehaviorSearch/Step6_Trial""","true","0.2","0.9","2","0.9000000000000001","true","true","""1755432974""","0.12817304666824536","0.12817304666824536","0.12817304666824536","0","0.12817304666824536"
"1","1299","1404","1000","1","""HK""","0.04","false","""normal""","1","""constant""","0.1","""Scale-free""","3","0","1","""uniform""","""deterministic-normal""","40","-0.8","0","""normal""","0.30000000000000004","0.9","false","""/home/ramaswamy.51/Documents/github/Spirals/Media/data/cluster/endsim/BehaviorSearch/Step6_Trial""","true","0.2","0.9","2","0.9000000000000001","true","true","""-1415574537""","0.11236159113804292","0.11236159113804292","0.11236159113804292","0","0.11236159113804292"
"1","1300","1404","1000","1","""HK""","0.04","false","""normal""","1","""constant""","0.1","""Scale-free""","3","0","1","""uniform""","""deterministic-normal""","40","-0.8","0","""normal""","0.30000000000000004","0.9","false","""/home/ramaswamy.51/Documents/github/Spirals/Media/data/cluster/endsim/BehaviorSearch/Step6_Trial""","true","0.2","0.9","2","0.9000000000000001","true","true","""1155675225""","0.12047514089941008","0.12047514089941008","0.12047514089941008","0","0.12047514089941008"
"1","1301","1408","1000","1","""HK""","0.05","false","""normal""","1","""constant""","0.1","""Scale-free""","2","0","1","""uniform""","""deterministic-normal""","45","-0.3999999999999999","0.30000000000000004","""normal""","-0.19999999999999996","0.8","false","""/home/ramaswamy.51/Documents/github/Spirals/Media/data/cluster/endsim/BehaviorSearch/Step6_Trial""","true","0.30000000000000004","0.7000000000000001","7","0.7000000000000002","true","true","""1680970603""","0.10689237199294015","0.10689237199294015","0.10689237199294015","0","0.10689237199294015"
"1","1302","1408","1000","1","""HK""","0.05","false","""normal""","1","""constant""","0.1","""Scale-free""","2","0","1","""uniform""","""deterministic-normal""","45","-0.3999999999999999","0.30000000000000004","""normal""","-0.19999999999999996","0.8","false","""/home/ramaswamy.51/Documents/github/Spirals/Media/data/cluster/endsim/BehaviorSearch/Step6_Trial""","true","0.30000000000000004","0.7000000000000001","7","0.7000000000000002","true","true","""-96837308""","0.10168419348010994","0.10168419348010994","0.10168419348010994","0","0.10168419348010994"
"1","1303","1408","1000","1","""HK""","0.05","false","""normal""","1","""constant""","0.1","""Scale-free""","2","0","1","""uniform""","""deterministic-normal""","45","-0.3999999999999999","0.30000000000000004","""normal""","-0.19999999999999996","0.8","false","""/home/ramaswamy.51/Documents/github/Spirals/Media/data/cluster/endsim/BehaviorSearch/Step6_Trial""","true","0.30000000000000004","0.7000000000000001","7","0.7000000000000002","true","true","""-237155196""","0.11303543427312591","0.11303543427312591","0.11303543427312591","0","0.11303543427312591"
"1","1304","1408","1000","1","""HK""","0.05","false","""normal""","1","""constant""","0.1","""Scale-free""","2","0","1","""uniform""","""deterministic-normal""","45","-0.3999999999999999","0.30000000000000004","""normal""","-0.19999999999999996","0.8","false","""/home/ramaswamy.51/Documents/github/Spirals/Media/data/cluster/endsim/BehaviorSearch/Step6_Trial""","true","0.30000000000000004","0.7000000000000001","7","0.7000000000000002","true","true","""-87017467""","0.10250420239532079","0.10250420239532079","0.10250420239532079","0","0.10250420239532079"
"1","1305","1412","1000","1","""HK""","0.03","false","""normal""","1","""constant""","0.1","""Scale-free""","2","0","1","""uniform""","""deterministic-normal""","40","-0.3999999999999999","0.1","""normal""","0","0.9","false","""/home/ramaswamy.51/Documents/github/Spirals/Media/data/cluster/endsim/BehaviorSearch/Step6_Trial""","true","0.4","0.8","9","0.8","true","true","""-91875778""","0.11162618334552121","0.11162618334552121","0.11162618334552121","0","0.11162618334552121"
"1","1306","1412","1000","1","""HK""","0.03","false","""normal""","1","""constant""","0.1","""Scale-free""","2","0","1","""uniform""","""deterministic-normal""","40","-0.3999999999999999","0.1","""normal""","0","0.9","false","""/home/ramaswamy.51/Documents/github/Spirals/Media/data/cluster/endsim/BehaviorSearch/Step6_Trial""","true","0.4","0.8","9","0.8","true","true","""-98668810""","0.0939239265396908","0.0939239265396908","0.0939239265396908","0","0.0939239265396908"
"1","1307","1412","1000","1","""HK""","0.03","false","""normal""","1","""constant""","0.1","""Scale-free""","2","0","1","""uniform""","""deterministic-normal""","40","-0.3999999999999999","0.1","""normal""","0","0.9","false","""/home/ramaswamy.51/Documents/github/Spirals/Media/data/cluster/endsim/BehaviorSearch/Step6_Trial""","true","0.4","0.8","9","0.8","true","true","""-772693308""","0.09869345816267201","0.09869345816267201","0.09869345816267201","0","0.09869345816267201"
"1","1308","1412","1000","1","""HK""","0.03","false","""normal""","1","""constant""","0.1","""Scale-free""","2","0","1","""uniform""","""deterministic-normal""","40","-0.3999999999999999","0.1","""normal""","0","0.9","false","""/home/ramaswamy.51/Documents/github/Spirals/Media/data/cluster/endsim/BehaviorSearch/Step6_Trial""","true","0.4","0.8","9","0.8","true","true","""604222284""","0.10020232152528973","0.10020232152528973","0.10020232152528973","0","0.10020232152528973"
"1","1309","1416","1000","1","""HK""","0.03","false","""normal""","1","""constant""","0.1","""Scale-free""","2","0","1","""uniform""","""deterministic-normal""","40","-0.3999999999999999","0.2","""normal""","0.10000000000000009","0.9","false","""/home/ramaswamy.51/Documents/github/Spirals/Media/data/cluster/endsim/BehaviorSearch/Step6_Trial""","true","0.2","0.9","10","0.8","true","true","""1325511332""","0.10633572081507774","0.10633572081507774","0.10633572081507774","0","0.10633572081507774"
"1","1310","1416","1000","1","""HK""","0.03","false","""normal""","1","""constant""","0.1","""Scale-free""","2","0","1","""uniform""","""deterministic-normal""","40","-0.3999999999999999","0.2","""normal""","0.10000000000000009","0.9","false","""/home/ramaswamy.51/Documents/github/Spirals/Media/data/cluster/endsim/BehaviorSearch/Step6_Trial""","true","0.2","0.9","10","0.8","true","true","""-1024014714""","0.09946954218657446","0.09946954218657446","0.09946954218657446","0","0.09946954218657446"
"1","1311","1416","1000","1","""HK""","0.03","false","""normal""","1","""constant""","0.1","""Scale-free""","2","0","1","""uniform""","""deterministic-normal""","40","-0.3999999999999999","0.2","""normal""","0.10000000000000009","0.9","false","""/home/ramaswamy.51/Documents/github/Spirals/Media/data/cluster/endsim/BehaviorSearch/Step6_Trial""","true","0.2","0.9","10","0.8","true","true","""-1814617148""","0.07443054355167812","0.07443054355167812","0.07443054355167812","0","0.07443054355167812"
"1","1312","1416","1000","1","""HK""","0.03","false","""normal""","1","""constant""","0.1","""Scale-free""","2","0","1","""uniform""","""deterministic-normal""","40","-0.3999999999999999","0.2","""normal""","0.10000000000000009","0.9","false","""/home/ramaswamy.51/Documents/github/Spirals/Media/data/cluster/endsim/BehaviorSearch/Step6_Trial""","true","0.2","0.9","10","0.8","true","true","""-520051052""","0.08788451359996284","0.08788451359996284","0.08788451359996284","0","0.08788451359996284"
"1","1313","1420","1000","1","""HK""","0.03","false","""normal""","1","""constant""","0.1","""Scale-free""","3","0","1","""uniform""","""deterministic-normal""","40","-0.3999999999999999","0.2","""normal""","-0.09999999999999998","1","false","""/home/ramaswamy.51/Documents/github/Spirals/Media/data/cluster/endsim/BehaviorSearch/Step6_Trial""","true","0.30000000000000004","1","7","0.6000000000000001","true","true","""923098413""","0.0934443914568557","0.0934443914568557","0.0934443914568557","0","0.0934443914568557"
"1","1314","1420","1000","1","""HK""","0.03","false","""normal""","1","""constant""","0.1","""Scale-free""","3","0","1","""uniform""","""deterministic-normal""","40","-0.3999999999999999","0.2","""normal""","-0.09999999999999998","1","false","""/home/ramaswamy.51/Documents/github/Spirals/Media/data/cluster/endsim/BehaviorSearch/Step6_Trial""","true","0.30000000000000004","1","7","0.6000000000000001","true","true","""-456435432""","0.09169856786987583","0.09169856786987583","0.09169856786987583","0","0.09169856786987583"
"1","1315","1420","1000","1","""HK""","0.03","false","""normal""","1","""constant""","0.1","""Scale-free""","3","0","1","""uniform""","""deterministic-normal""","40","-0.3999999999999999","0.2","""normal""","-0.09999999999999998","1","false","""/home/ramaswamy.51/Documents/github/Spirals/Media/data/cluster/endsim/BehaviorSearch/Step6_Trial""","true","0.30000000000000004","1","7","0.6000000000000001","true","true","""-506845133""","0.09365186107210757","0.09365186107210757","0.09365186107210757","0","0.09365186107210757"
"1","1316","1420","1000","1","""HK""","0.03","false","""normal""","1","""constant""","0.1","""Scale-free""","3","0","1","""uniform""","""deterministic-normal""","40","-0.3999999999999999","0.2","""normal""","-0.09999999999999998","1","false","""/home/ramaswamy.51/Documents/github/Spirals/Media/data/cluster/endsim/BehaviorSearch/Step6_Trial""","true","0.30000000000000004","1","7","0.6000000000000001","true","true","""1614703799""","0.10293958605874591","0.10293958605874591","0.10293958605874591","0","0.10293958605874591"
"1","1317","1424","1000","1","""HK""","0.03","false","""normal""","1","""constant""","0.1","""Scale-free""","2","0","1","""uniform""","""deterministic-normal""","35","-0.6","0.2","""normal""","0","0.9","false","""/home/ramaswamy.51/Documents/github/Spirals/Media/data/cluster/endsim/BehaviorSearch/Step6_Trial""","true","0.2","0.9","7","0.7000000000000002","true","true","""1157285709""","0.08595384989553656","0.08595384989553656","0.08595384989553656","0","0.08595384989553656"
"1","1318","1424","1000","1","""HK""","0.03","false","""normal""","1","""constant""","0.1","""Scale-free""","2","0","1","""uniform""","""deterministic-normal""","35","-0.6","0.2","""normal""","0","0.9","false","""/home/ramaswamy.51/Documents/github/Spirals/Media/data/cluster/endsim/BehaviorSearch/Step6_Trial""","true","0.2","0.9","7","0.7000000000000002","true","true","""-1403604637""","0.09613558472298939","0.09613558472298939","0.09613558472298939","0","0.09613558472298939"
"1","1319","1424","1000","1","""HK""","0.03","false","""normal""","1","""constant""","0.1","""Scale-free""","2","0","1","""uniform""","""deterministic-normal""","35","-0.6","0.2","""normal""","0","0.9","false","""/home/ramaswamy.51/Documents/github/Spirals/Media/data/cluster/endsim/BehaviorSearch/Step6_Trial""","true","0.2","0.9","7","0.7000000000000002","true","true","""-1189015593""","0.116254188472669","0.116254188472669","0.116254188472669","0","0.116254188472669"
"1","1320","1424","1000","1","""HK""","0.03","false","""normal""","1","""constant""","0.1","""Scale-free""","2","0","1","""uniform""","""deterministic-normal""","35","-0.6","0.2","""normal""","0","0.9","false","""/home/ramaswamy.51/Documents/github/Spirals/Media/data/cluster/endsim/BehaviorSearch/Step6_Trial""","true","0.2","0.9","7","0.7000000000000002","true","true","""335159217""","0.09495075675945451","0.09495075675945451","0.09495075675945451","0","0.09495075675945451"
"1","1321","1428","1000","1","""HK""","0.03","false","""normal""","1","""constant""","0","""Scale-free""","2","0","1","""uniform""","""deterministic-normal""","40","-0.3999999999999999","0.1","""normal""","0","0.9","false","""/home/ramaswamy.51/Documents/github/Spirals/Media/data/cluster/endsim/BehaviorSearch/Step6_Trial""","true","0.2","0.9","9","0.8","true","true","""-1283506527""","0.157349956747449","0.157349956747449","0.157349956747449","0","0.157349956747449"
"1","1322","1428","1000","1","""HK""","0.03","false","""normal""","1","""constant""","0","""Scale-free""","2","0","1","""uniform""","""deterministic-normal""","40","-0.3999999999999999","0.1","""normal""","0","0.9","false","""/home/ramaswamy.51/Documents/github/Spirals/Media/data/cluster/endsim/BehaviorSearch/Step6_Trial""","true","0.2","0.9","9","0.8","true","true","""-579658812""","0.14773486763386226","0.14773486763386226","0.14773486763386226","0","0.14773486763386226"
"1","1323","1428","1000","1","""HK""","0.03","false","""normal""","1","""constant""","0","""Scale-free""","2","0","1","""uniform""","""deterministic-normal""","40","-0.3999999999999999","0.1","""normal""","0","0.9","false","""/home/ramaswamy.51/Documents/github/Spirals/Media/data/cluster/endsim/BehaviorSearch/Step6_Trial""","true","0.2","0.9","9","0.8","true","true","""1092413043""","0.1630563348516535","0.1630563348516535","0.1630563348516535","0","0.1630563348516535"
"1","1324","1428","1000","1","""HK""","0.03","false","""normal""","1","""constant""","0","""Scale-free""","2","0","1","""uniform""","""deterministic-normal""","40","-0.3999999999999999","0.1","""normal""","0","0.9","false","""/home/ramaswamy.51/Documents/github/Spirals/Media/data/cluster/endsim/BehaviorSearch/Step6_Trial""","true","0.2","0.9","9","0.8","true","true","""-1112074075""","0.15079583360764634","0.15079583360764634","0.15079583360764634","0","0.15079583360764634"
"1","1325","1432","1000","1","""HK""","0.03","false","""normal""","1","""constant""","0.1","""Scale-free""","2","0","1","""uniform""","""deterministic-normal""","35","-0.3999999999999999","0.4","""normal""","-0.19999999999999996","0.9","false","""/home/ramaswamy.51/Documents/github/Spirals/Media/data/cluster/endsim/BehaviorSearch/Step6_Trial""","true","0.30000000000000004","1","7","1","true","true","""478619278""","0.0851821308503073","0.0851821308503073","0.0851821308503073","0","0.0851821308503073"
"1","1326","1432","1000","1","""HK""","0.03","false","""normal""","1","""constant""","0.1","""Scale-free""","2","0","1","""uniform""","""deterministic-normal""","35","-0.3999999999999999","0.4","""normal""","-0.19999999999999996","0.9","false","""/home/ramaswamy.51/Documents/github/Spirals/Media/data/cluster/endsim/BehaviorSearch/Step6_Trial""","true","0.30000000000000004","1","7","1","true","true","""1425861838""","0.12573986888589378","0.12573986888589378","0.12573986888589378","0","0.12573986888589378"
"1","1327","1432","1000","1","""HK""","0.03","false","""normal""","1","""constant""","0.1","""Scale-free""","2","0","1","""uniform""","""deterministic-normal""","35","-0.3999999999999999","0.4","""normal""","-0.19999999999999996","0.9","false","""/home/ramaswamy.51/Documents/github/Spirals/Media/data/cluster/endsim/BehaviorSearch/Step6_Trial""","true","0.30000000000000004","1","7","1","true","true","""-366085103""","0.10915168015662778","0.10915168015662778","0.10915168015662778","0","0.10915168015662778"
"1","1328","1432","1000","1","""HK""","0.03","false","""normal""","1","""constant""","0.1","""Scale-free""","2","0","1","""uniform""","""deterministic-normal""","35","-0.3999999999999999","0.4","""normal""","-0.19999999999999996","0.9","false","""/home/ramaswamy.51/Documents/github/Spirals/Media/data/cluster/endsim/BehaviorSearch/Step6_Trial""","true","0.30000000000000004","1","7","1","true","true","""-538614875""","0.1087302815571711","0.1087302815571711","0.1087302815571711","0","0.1087302815571711"
"1","1329","1436","1000","1","""HK""","0.03","false","""normal""","1","""constant""","0.1","""Scale-free""","1","0","1","""uniform""","""deterministic-normal""","40","-0.3999999999999999","0.1","""normal""","-0.29999999999999993","0.7000000000000001","false","""/home/ramaswamy.51/Documents/github/Spirals/Media/data/cluster/endsim/BehaviorSearch/Step6_Trial""","true","0.2","0.9","10","0.8","true","true","""-96767689""","0.13028551413697778","0.13028551413697778","0.13028551413697778","0","0.13028551413697778"
"1","1330","1436","1000","1","""HK""","0.03","false","""normal""","1","""constant""","0.1","""Scale-free""","1","0","1","""uniform""","""deterministic-normal""","40","-0.3999999999999999","0.1","""normal""","-0.29999999999999993","0.7000000000000001","false","""/home/ramaswamy.51/Documents/github/Spirals/Media/data/cluster/endsim/BehaviorSearch/Step6_Trial""","true","0.2","0.9","10","0.8","true","true","""1611419020""","0.11851958429165237","0.11851958429165237","0.11851958429165237","0","0.11851958429165237"
"1","1331","1436","1000","1","""HK""","0.03","false","""normal""","1","""constant""","0.1","""Scale-free""","1","0","1","""uniform""","""deterministic-normal""","40","-0.3999999999999999","0.1","""normal""","-0.29999999999999993","0.7000000000000001","false","""/home/ramaswamy.51/Documents/github/Spirals/Media/data/cluster/endsim/BehaviorSearch/Step6_Trial""","true","0.2","0.9","10","0.8","true","true","""1549461985""","0.10533820300771145","0.10533820300771145","0.10533820300771145","0","0.10533820300771145"
"1","1332","1436","1000","1","""HK""","0.03","false","""normal""","1","""constant""","0.1","""Scale-free""","1","0","1","""uniform""","""deterministic-normal""","40","-0.3999999999999999","0.1","""normal""","-0.29999999999999993","0.7000000000000001","false","""/home/ramaswamy.51/Documents/github/Spirals/Media/data/cluster/endsim/BehaviorSearch/Step6_Trial""","true","0.2","0.9","10","0.8","true","true","""1720512185""","0.147413965695471","0.147413965695471","0.147413965695471","0","0.147413965695471"
"1","1333","1440","1000","1","""HK""","0.03","false","""normal""","1","""constant""","0.1","""Scale-free""","2","0","1","""uniform""","""deterministic-normal""","30","-0.3999999999999999","0.2","""normal""","-0.19999999999999996","0.9","false","""/home/ramaswamy.51/Documents/github/Spirals/Media/data/cluster/endsim/BehaviorSearch/Step6_Trial""","true","0.2","0.7000000000000001","4","0.9000000000000001","true","true","""-707746853""","0.09788844411095524","0.09788844411095524","0.09788844411095524","0","0.09788844411095524"
"1","1334","1440","1000","1","""HK""","0.03","false","""normal""","1","""constant""","0.1","""Scale-free""","2","0","1","""uniform""","""deterministic-normal""","30","-0.3999999999999999","0.2","""normal""","-0.19999999999999996","0.9","false","""/home/ramaswamy.51/Documents/github/Spirals/Media/data/cluster/endsim/BehaviorSearch/Step6_Trial""","true","0.2","0.7000000000000001","4","0.9000000000000001","true","true","""2026133841""","0.09552260004708071","0.09552260004708071","0.09552260004708071","0","0.09552260004708071"
"1","1335","1440","1000","1","""HK""","0.03","false","""normal""","1","""constant""","0.1","""Scale-free""","2","0","1","""uniform""","""deterministic-normal""","30","-0.3999999999999999","0.2","""normal""","-0.19999999999999996","0.9","false","""/home/ramaswamy.51/Documents/github/Spirals/Media/data/cluster/endsim/BehaviorSearch/Step6_Trial""","true","0.2","0.7000000000000001","4","0.9000000000000001","true","true","""-595424741""","0.1094814259332117","0.1094814259332117","0.1094814259332117","0","0.1094814259332117"
"1","1336","1440","1000","1","""HK""","0.03","false","""normal""","1","""constant""","0.1","""Scale-free""","2","0","1","""uniform""","""deterministic-normal""","30","-0.3999999999999999","0.2","""normal""","-0.19999999999999996","0.9","false","""/home/ramaswamy.51/Documents/github/Spirals/Media/data/cluster/endsim/BehaviorSearch/Step6_Trial""","true","0.2","0.7000000000000001","4","0.9000000000000001","true","true","""2081579401""","0.08905881692044204","0.08905881692044204","0.08905881692044204","0","0.08905881692044204"
"1","1337","1444","1000","1","""HK""","0.01","false","""normal""","1","""constant""","0.1","""Scale-free""","2","0","1","""uniform""","""deterministic-normal""","40","-0.09999999999999998","0.1","""normal""","0.10000000000000009","0.9","false","""/home/ramaswamy.51/Documents/github/Spirals/Media/data/cluster/endsim/BehaviorSearch/Step6_Trial""","true","0.2","0.9","7","1","true","true","""391750832""","0.1094877212603337","0.1094877212603337","0.1094877212603337","0","0.1094877212603337"
"1","1338","1444","1000","1","""HK""","0.01","false","""normal""","1","""constant""","0.1","""Scale-free""","2","0","1","""uniform""","""deterministic-normal""","40","-0.09999999999999998","0.1","""normal""","0.10000000000000009","0.9","false","""/home/ramaswamy.51/Documents/github/Spirals/Media/data/cluster/endsim/BehaviorSearch/Step6_Trial""","true","0.2","0.9","7","1","true","true","""-858712916""","0.09640999072176938","0.09640999072176938","0.09640999072176938","0","0.09640999072176938"
"1","1339","1444","1000","1","""HK""","0.01","false","""normal""","1","""constant""","0.1","""Scale-free""","2","0","1","""uniform""","""deterministic-normal""","40","-0.09999999999999998","0.1","""normal""","0.10000000000000009","0.9","false","""/home/ramaswamy.51/Documents/github/Spirals/Media/data/cluster/endsim/BehaviorSearch/Step6_Trial""","true","0.2","0.9","7","1","true","true","""1077055950""","0.11458372576268891","0.11458372576268891","0.11458372576268891","0","0.11458372576268891"
"1","1340","1444","1000","1","""HK""","0.01","false","""normal""","1","""constant""","0.1","""Scale-free""","2","0","1","""uniform""","""deterministic-normal""","40","-0.09999999999999998","0.1","""normal""","0.10000000000000009","0.9","false","""/home/ramaswamy.51/Documents/github/Spirals/Media/data/cluster/endsim/BehaviorSearch/Step6_Trial""","true","0.2","0.9","7","1","true","true","""-1194407754""","0.10147030612293792","0.10147030612293792","0.10147030612293792","0","0.10147030612293792"
"1","1341","1448","1000","1","""HK""","0.03","false","""normal""","1","""constant""","0.1","""Scale-free""","3","0","1","""uniform""","""deterministic-normal""","40","-0.3999999999999999","0.30000000000000004","""normal""","0","0.8","false","""/home/ramaswamy.51/Documents/github/Spirals/Media/data/cluster/endsim/BehaviorSearch/Step6_Trial""","true","0.1","1","7","0.7000000000000002","true","true","""-927748703""","0.10563781843304475","0.10563781843304475","0.10563781843304475","0","0.10563781843304475"
"1","1342","1448","1000","1","""HK""","0.03","false","""normal""","1","""constant""","0.1","""Scale-free""","3","0","1","""uniform""","""deterministic-normal""","40","-0.3999999999999999","0.30000000000000004","""normal""","0","0.8","false","""/home/ramaswamy.51/Documents/github/Spirals/Media/data/cluster/endsim/BehaviorSearch/Step6_Trial""","true","0.1","1","7","0.7000000000000002","true","true","""-930285285""","0.09785189543641487","0.09785189543641487","0.09785189543641487","0","0.09785189543641487"
"1","1343","1448","1000","1","""HK""","0.03","false","""normal""","1","""constant""","0.1","""Scale-free""","3","0","1","""uniform""","""deterministic-normal""","40","-0.3999999999999999","0.30000000000000004","""normal""","0","0.8","false","""/home/ramaswamy.51/Documents/github/Spirals/Media/data/cluster/endsim/BehaviorSearch/Step6_Trial""","true","0.1","1","7","0.7000000000000002","true","true","""573620445""","0.093161779662107","0.093161779662107","0.093161779662107","0","0.093161779662107"
"1","1344","1448","1000","1","""HK""","0.03","false","""normal""","1","""constant""","0.1","""Scale-free""","3","0","1","""uniform""","""deterministic-normal""","40","-0.3999999999999999","0.30000000000000004","""normal""","0","0.8","false","""/home/ramaswamy.51/Documents/github/Spirals/Media/data/cluster/endsim/BehaviorSearch/Step6_Trial""","true","0.1","1","7","0.7000000000000002","true","true","""680968619""","0.09842207177520004","0.09842207177520004","0.09842207177520004","0","0.09842207177520004"
"1","1345","1452","1000","1","""HK""","0.02","false","""normal""","1","""constant""","0.1","""Scale-free""","2","0","1","""uniform""","""deterministic-normal""","40","-0.3999999999999999","0.2","""normal""","0.20000000000000018","0.9","false","""/home/ramaswamy.51/Documents/github/Spirals/Media/data/cluster/endsim/BehaviorSearch/Step6_Trial""","true","0.5","1","6","1","true","true","""1121635723""","0.1339340214445837","0.1339340214445837","0.1339340214445837","0","0.1339340214445837"
"1","1346","1452","1000","1","""HK""","0.02","false","""normal""","1","""constant""","0.1","""Scale-free""","2","0","1","""uniform""","""deterministic-normal""","40","-0.3999999999999999","0.2","""normal""","0.20000000000000018","0.9","false","""/home/ramaswamy.51/Documents/github/Spirals/Media/data/cluster/endsim/BehaviorSearch/Step6_Trial""","true","0.5","1","6","1","true","true","""-933386353""","0.1430355886885299","0.1430355886885299","0.1430355886885299","0","0.1430355886885299"
"1","1347","1452","1000","1","""HK""","0.02","false","""normal""","1","""constant""","0.1","""Scale-free""","2","0","1","""uniform""","""deterministic-normal""","40","-0.3999999999999999","0.2","""normal""","0.20000000000000018","0.9","false","""/home/ramaswamy.51/Documents/github/Spirals/Media/data/cluster/endsim/BehaviorSearch/Step6_Trial""","true","0.5","1","6","1","true","true","""237837796""","0.1308620240965617","0.1308620240965617","0.1308620240965617","0","0.1308620240965617"
"1","1348","1452","1000","1","""HK""","0.02","false","""normal""","1","""constant""","0.1","""Scale-free""","2","0","1","""uniform""","""deterministic-normal""","40","-0.3999999999999999","0.2","""normal""","0.20000000000000018","0.9","false","""/home/ramaswamy.51/Documents/github/Spirals/Media/data/cluster/endsim/BehaviorSearch/Step6_Trial""","true","0.5","1","6","1","true","true","""-1009173860""","0.13952065343028083","0.13952065343028083","0.13952065343028083","0","0.13952065343028083"
"1","1349","1460","1000","1","""HK""","0.04","false","""normal""","1","""constant""","0.1","""Scale-free""","2","0","1","""uniform""","""deterministic-normal""","40","-0.3999999999999999","0.2","""normal""","0","0.8","false","""/home/ramaswamy.51/Documents/github/Spirals/Media/data/cluster/endsim/BehaviorSearch/Step6_Trial""","true","0.30000000000000004","1","7","0.6000000000000001","true","true","""-659327245""","0.11234082815671784","0.11234082815671784","0.11234082815671784","0","0.11234082815671784"
"1","1350","1460","1000","1","""HK""","0.04","false","""normal""","1","""constant""","0.1","""Scale-free""","2","0","1","""uniform""","""deterministic-normal""","40","-0.3999999999999999","0.2","""normal""","0","0.8","false","""/home/ramaswamy.51/Documents/github/Spirals/Media/data/cluster/endsim/BehaviorSearch/Step6_Trial""","true","0.30000000000000004","1","7","0.6000000000000001","true","true","""-797282521""","0.09117645309402553","0.09117645309402553","0.09117645309402553","0","0.09117645309402553"
"1","1351","1460","1000","1","""HK""","0.04","false","""normal""","1","""constant""","0.1","""Scale-free""","2","0","1","""uniform""","""deterministic-normal""","40","-0.3999999999999999","0.2","""normal""","0","0.8","false","""/home/ramaswamy.51/Documents/github/Spirals/Media/data/cluster/endsim/BehaviorSearch/Step6_Trial""","true","0.30000000000000004","1","7","0.6000000000000001","true","true","""-757015417""","0.09727891355753229","0.09727891355753229","0.09727891355753229","0","0.09727891355753229"
"1","1352","1460","1000","1","""HK""","0.04","false","""normal""","1","""constant""","0.1","""Scale-free""","2","0","1","""uniform""","""deterministic-normal""","40","-0.3999999999999999","0.2","""normal""","0","0.8","false","""/home/ramaswamy.51/Documents/github/Spirals/Media/data/cluster/endsim/BehaviorSearch/Step6_Trial""","true","0.30000000000000004","1","7","0.6000000000000001","true","true","""1644346639""","0.10918076982700382","0.10918076982700382","0.10918076982700382","0","0.10918076982700382"
"1","1353","1464","1000","1","""HK""","0.03","false","""normal""","1","""constant""","0.1","""Scale-free""","2","0","1","""uniform""","""deterministic-normal""","45","-0.3999999999999999","0.2","""normal""","-0.19999999999999996","0.9","false","""/home/ramaswamy.51/Documents/github/Spirals/Media/data/cluster/endsim/BehaviorSearch/Step6_Trial""","true","0.2","0.7000000000000001","8","0.7000000000000002","true","true","""-2101581065""","0.09299682124455762","0.09299682124455762","0.09299682124455762","0","0.09299682124455762"
"1","1354","1464","1000","1","""HK""","0.03","false","""normal""","1","""constant""","0.1","""Scale-free""","2","0","1","""uniform""","""deterministic-normal""","45","-0.3999999999999999","0.2","""normal""","-0.19999999999999996","0.9","false","""/home/ramaswamy.51/Documents/github/Spirals/Media/data/cluster/endsim/BehaviorSearch/Step6_Trial""","true","0.2","0.7000000000000001","8","0.7000000000000002","true","true","""-2052111818""","0.09236520142765714","0.09236520142765714","0.09236520142765714","0","0.09236520142765714"
"1","1355","1464","1000","1","""HK""","0.03","false","""normal""","1","""constant""","0.1","""Scale-free""","2","0","1","""uniform""","""deterministic-normal""","45","-0.3999999999999999","0.2","""normal""","-0.19999999999999996","0.9","false","""/home/ramaswamy.51/Documents/github/Spirals/Media/data/cluster/endsim/BehaviorSearch/Step6_Trial""","true","0.2","0.7000000000000001","8","0.7000000000000002","true","true","""1063584077""","0.09822925881750971","0.09822925881750971","0.09822925881750971","0","0.09822925881750971"
"1","1356","1464","1000","1","""HK""","0.03","false","""normal""","1","""constant""","0.1","""Scale-free""","2","0","1","""uniform""","""deterministic-normal""","45","-0.3999999999999999","0.2","""normal""","-0.19999999999999996","0.9","false","""/home/ramaswamy.51/Documents/github/Spirals/Media/data/cluster/endsim/BehaviorSearch/Step6_Trial""","true","0.2","0.7000000000000001","8","0.7000000000000002","true","true","""413796108""","0.10184304438907739","0.10184304438907739","0.10184304438907739","0","0.10184304438907739"
"1","1357","1468","1000","1","""HK""","0.03","false","""normal""","1","""constant""","0.1","""Scale-free""","2","0","1","""uniform""","""deterministic-normal""","35","-0.3999999999999999","0.2","""normal""","0.20000000000000018","0.9","false","""/home/ramaswamy.51/Documents/github/Spirals/Media/data/cluster/endsim/BehaviorSearch/Step6_Trial""","true","0.2","1","7","0.7000000000000002","true","true","""-2036071011""","0.10387535296799132","0.10387535296799132","0.10387535296799132","0","0.10387535296799132"
"1","1358","1468","1000","1","""HK""","0.03","false","""normal""","1","""constant""","0.1","""Scale-free""","2","0","1","""uniform""","""deterministic-normal""","35","-0.3999999999999999","0.2","""normal""","0.20000000000000018","0.9","false","""/home/ramaswamy.51/Documents/github/Spirals/Media/data/cluster/endsim/BehaviorSearch/Step6_Trial""","true","0.2","1","7","0.7000000000000002","true","true","""756698671""","0.10950795957533072","0.10950795957533072","0.10950795957533072","0","0.10950795957533072"
"1","1359","1468","1000","1","""HK""","0.03","false","""normal""","1","""constant""","0.1","""Scale-free""","2","0","1","""uniform""","""deterministic-normal""","35","-0.3999999999999999","0.2","""normal""","0.20000000000000018","0.9","false","""/home/ramaswamy.51/Documents/github/Spirals/Media/data/cluster/endsim/BehaviorSearch/Step6_Trial""","true","0.2","1","7","0.7000000000000002","true","true","""1899906509""","0.10827247230077759","0.10827247230077759","0.10827247230077759","0","0.10827247230077759"
"1","1360","1468","1000","1","""HK""","0.03","false","""normal""","1","""constant""","0.1","""Scale-free""","2","0","1","""uniform""","""deterministic-normal""","35","-0.3999999999999999","0.2","""normal""","0.20000000000000018","0.9","false","""/home/ramaswamy.51/Documents/github/Spirals/Media/data/cluster/endsim/BehaviorSearch/Step6_Trial""","true","0.2","1","7","0.7000000000000002","true","true","""-1654413981""","0.12197829072290932","0.12197829072290932","0.12197829072290932","0","0.12197829072290932"
"1","1361","1472","1000","1","""HK""","0.05","false","""normal""","1","""constant""","0.1","""Scale-free""","2","0","1","""uniform""","""deterministic-normal""","40","-0.3999999999999999","0.2","""normal""","0","0.9","false","""/home/ramaswamy.51/Documents/github/Spirals/Media/data/cluster/endsim/BehaviorSearch/Step6_Trial""","true","0.30000000000000004","1","5","1","true","true","""1585166700""","0.09445374113135202","0.09445374113135202","0.09445374113135202","0","0.09445374113135202"
"1","1362","1472","1000","1","""HK""","0.05","false","""normal""","1","""constant""","0.1","""Scale-free""","2","0","1","""uniform""","""deterministic-normal""","40","-0.3999999999999999","0.2","""normal""","0","0.9","false","""/home/ramaswamy.51/Documents/github/Spirals/Media/data/cluster/endsim/BehaviorSearch/Step6_Trial""","true","0.30000000000000004","1","5","1","true","true","""686669206""","0.09975202315054399","0.09975202315054399","0.09975202315054399","0","0.09975202315054399"
"1","1363","1472","1000","1","""HK""","0.05","false","""normal""","1","""constant""","0.1","""Scale-free""","2","0","1","""uniform""","""deterministic-normal""","40","-0.3999999999999999","0.2","""normal""","0","0.9","false","""/home/ramaswamy.51/Documents/github/Spirals/Media/data/cluster/endsim/BehaviorSearch/Step6_Trial""","true","0.30000000000000004","1","5","1","true","true","""18390207""","0.10070655644413706","0.10070655644413706","0.10070655644413706","0","0.10070655644413706"
"1","1364","1472","1000","1","""HK""","0.05","false","""normal""","1","""constant""","0.1","""Scale-free""","2","0","1","""uniform""","""deterministic-normal""","40","-0.3999999999999999","0.2","""normal""","0","0.9","false","""/home/ramaswamy.51/Documents/github/Spirals/Media/data/cluster/endsim/BehaviorSearch/Step6_Trial""","true","0.30000000000000004","1","5","1","true","true","""-1061585010""","0.09400059733171649","0.09400059733171649","0.09400059733171649","0","0.09400059733171649"
"1","1365","1476","1000","1","""HK""","0.01","false","""normal""","1","""constant""","0.1","""Scale-free""","2","0","1","""uniform""","""deterministic-normal""","40","-0.3999999999999999","0.2","""normal""","-0.09999999999999998","1","false","""/home/ramaswamy.51/Documents/github/Spirals/Media/data/cluster/endsim/BehaviorSearch/Step6_Trial""","true","0.2","0.8","8","0.8","true","true","""169047833""","0.0819705670714794","0.0819705670714794","0.0819705670714794","0","0.0819705670714794"
"1","1366","1476","1000","1","""HK""","0.01","false","""normal""","1","""constant""","0.1","""Scale-free""","2","0","1","""uniform""","""deterministic-normal""","40","-0.3999999999999999","0.2","""normal""","-0.09999999999999998","1","false","""/home/ramaswamy.51/Documents/github/Spirals/Media/data/cluster/endsim/BehaviorSearch/Step6_Trial""","true","0.2","0.8","8","0.8","true","true","""2015245919""","0.10441012129099106","0.10441012129099106","0.10441012129099106","0","0.10441012129099106"
"1","1367","1476","1000","1","""HK""","0.01","false","""normal""","1","""constant""","0.1","""Scale-free""","2","0","1","""uniform""","""deterministic-normal""","40","-0.3999999999999999","0.2","""normal""","-0.09999999999999998","1","false","""/home/ramaswamy.51/Documents/github/Spirals/Media/data/cluster/endsim/BehaviorSearch/Step6_Trial""","true","0.2","0.8","8","0.8","true","true","""866414293""","0.07422796597558373","0.07422796597558373","0.07422796597558373","0","0.07422796597558373"
"1","1368","1476","1000","1","""HK""","0.01","false","""normal""","1","""constant""","0.1","""Scale-free""","2","0","1","""uniform""","""deterministic-normal""","40","-0.3999999999999999","0.2","""normal""","-0.09999999999999998","1","false","""/home/ramaswamy.51/Documents/github/Spirals/Media/data/cluster/endsim/BehaviorSearch/Step6_Trial""","true","0.2","0.8","8","0.8","true","true","""109497573""","0.1073797970811472","0.1073797970811472","0.1073797970811472","0","0.1073797970811472"
"1","1369","1480","1000","1","""HK""","0.05","false","""normal""","1","""constant""","0.1","""Scale-free""","2","0","1","""uniform""","""deterministic-normal""","35","-0.8","0","""normal""","0.10000000000000009","0.9","false","""/home/ramaswamy.51/Documents/github/Spirals/Media/data/cluster/endsim/BehaviorSearch/Step6_Trial""","true","0.2","0.9","9","0.7000000000000002","true","true","""-1182188176""","0.08785242389701323","0.08785242389701323","0.08785242389701323","0","0.08785242389701323"
"1","1370","1480","1000","1","""HK""","0.05","false","""normal""","1","""constant""","0.1","""Scale-free""","2","0","1","""uniform""","""deterministic-normal""","35","-0.8","0","""normal""","0.10000000000000009","0.9","false","""/home/ramaswamy.51/Documents/github/Spirals/Media/data/cluster/endsim/BehaviorSearch/Step6_Trial""","true","0.2","0.9","9","0.7000000000000002","true","true","""2051049512""","0.11204051786658087","0.11204051786658087","0.11204051786658087","0","0.11204051786658087"
"1","1371","1480","1000","1","""HK""","0.05","false","""normal""","1","""constant""","0.1","""Scale-free""","2","0","1","""uniform""","""deterministic-normal""","35","-0.8","0","""normal""","0.10000000000000009","0.9","false","""/home/ramaswamy.51/Documents/github/Spirals/Media/data/cluster/endsim/BehaviorSearch/Step6_Trial""","true","0.2","0.9","9","0.7000000000000002","true","true","""530477030""","0.08825668350314128","0.08825668350314128","0.08825668350314128","0","0.08825668350314128"
"1","1372","1480","1000","1","""HK""","0.05","false","""normal""","1","""constant""","0.1","""Scale-free""","2","0","1","""uniform""","""deterministic-normal""","35","-0.8","0","""normal""","0.10000000000000009","0.9","false","""/home/ramaswamy.51/Documents/github/Spirals/Media/data/cluster/endsim/BehaviorSearch/Step6_Trial""","true","0.2","0.9","9","0.7000000000000002","true","true","""466163280""","0.12475027526965467","0.12475027526965467","0.12475027526965467","0","0.12475027526965467"
"1","1373","1484","1000","1","""HK""","0.01","false","""normal""","1","""constant""","0.1","""Scale-free""","2","0","1","""uniform""","""deterministic-normal""","40","-0.3999999999999999","0.1","""normal""","-0.19999999999999996","0.9","false","""/home/ramaswamy.51/Documents/github/Spirals/Media/data/cluster/endsim/BehaviorSearch/Step6_Trial""","true","0.30000000000000004","0.9","2","0.9000000000000001","true","true","""-530383173""","0.09572834543464329","0.09572834543464329","0.09572834543464329","0","0.09572834543464329"
"1","1374","1484","1000","1","""HK""","0.01","false","""normal""","1","""constant""","0.1","""Scale-free""","2","0","1","""uniform""","""deterministic-normal""","40","-0.3999999999999999","0.1","""normal""","-0.19999999999999996","0.9","false","""/home/ramaswamy.51/Documents/github/Spirals/Media/data/cluster/endsim/BehaviorSearch/Step6_Trial""","true","0.30000000000000004","0.9","2","0.9000000000000001","true","true","""437224190""","0.10423803746527878","0.10423803746527878","0.10423803746527878","0","0.10423803746527878"
"1","1375","1484","1000","1","""HK""","0.01","false","""normal""","1","""constant""","0.1","""Scale-free""","2","0","1","""uniform""","""deterministic-normal""","40","-0.3999999999999999","0.1","""normal""","-0.19999999999999996","0.9","false","""/home/ramaswamy.51/Documents/github/Spirals/Media/data/cluster/endsim/BehaviorSearch/Step6_Trial""","true","0.30000000000000004","0.9","2","0.9000000000000001","true","true","""923137920""","0.10896072830046581","0.10896072830046581","0.10896072830046581","0","0.10896072830046581"
"1","1376","1484","1000","1","""HK""","0.01","false","""normal""","1","""constant""","0.1","""Scale-free""","2","0","1","""uniform""","""deterministic-normal""","40","-0.3999999999999999","0.1","""normal""","-0.19999999999999996","0.9","false","""/home/ramaswamy.51/Documents/github/Spirals/Media/data/cluster/endsim/BehaviorSearch/Step6_Trial""","true","0.30000000000000004","0.9","2","0.9000000000000001","true","true","""1039930086""","0.11123340680230133","0.11123340680230133","0.11123340680230133","0","0.11123340680230133"
"1","1377","1492","1000","1","""HK""","0.03","false","""normal""","1","""constant""","0.1","""Scale-free""","2","0","1","""uniform""","""deterministic-normal""","45","-0.7","0.30000000000000004","""normal""","0","0.9","false","""/home/ramaswamy.51/Documents/github/Spirals/Media/data/cluster/endsim/BehaviorSearch/Step6_Trial""","true","0.1","0.9","7","0.7000000000000002","true","true","""-2023411889""","0.09773181578687092","0.09773181578687092","0.09773181578687092","0","0.09773181578687092"
"1","1378","1492","1000","1","""HK""","0.03","false","""normal""","1","""constant""","0.1","""Scale-free""","2","0","1","""uniform""","""deterministic-normal""","45","-0.7","0.30000000000000004","""normal""","0","0.9","false","""/home/ramaswamy.51/Documents/github/Spirals/Media/data/cluster/endsim/BehaviorSearch/Step6_Trial""","true","0.1","0.9","7","0.7000000000000002","true","true","""-791375764""","0.0975332158093315","0.0975332158093315","0.0975332158093315","0","0.0975332158093315"
"1","1379","1492","1000","1","""HK""","0.03","false","""normal""","1","""constant""","0.1","""Scale-free""","2","0","1","""uniform""","""deterministic-normal""","45","-0.7","0.30000000000000004","""normal""","0","0.9","false","""/home/ramaswamy.51/Documents/github/Spirals/Media/data/cluster/endsim/BehaviorSearch/Step6_Trial""","true","0.1","0.9","7","0.7000000000000002","true","true","""-1996211329""","0.11501715537735395","0.11501715537735395","0.11501715537735395","0","0.11501715537735395"
"1","1380","1492","1000","1","""HK""","0.03","false","""normal""","1","""constant""","0.1","""Scale-free""","2","0","1","""uniform""","""deterministic-normal""","45","-0.7","0.30000000000000004","""normal""","0","0.9","false","""/home/ramaswamy.51/Documents/github/Spirals/Media/data/cluster/endsim/BehaviorSearch/Step6_Trial""","true","0.1","0.9","7","0.7000000000000002","true","true","""1233001822""","0.09178793237079026","0.09178793237079026","0.09178793237079026","0","0.09178793237079026"
"1","1381","1496","1000","1","""HK""","0.03","false","""normal""","1","""constant""","0.1","""Scale-free""","2","0","1","""uniform""","""deterministic-normal""","40","-0.7","0.2","""normal""","0.30000000000000004","0.9","false","""/home/ramaswamy.51/Documents/github/Spirals/Media/data/cluster/endsim/BehaviorSearch/Step6_Trial""","true","0.30000000000000004","1","7","0.6000000000000001","true","true","""1385657495""","0.1124027766823124","0.1124027766823124","0.1124027766823124","0","0.1124027766823124"
"1","1382","1496","1000","1","""HK""","0.03","false","""normal""","1","""constant""","0.1","""Scale-free""","2","0","1","""uniform""","""deterministic-normal""","40","-0.7","0.2","""normal""","0.30000000000000004","0.9","false","""/home/ramaswamy.51/Documents/github/Spirals/Media/data/cluster/endsim/BehaviorSearch/Step6_Trial""","true","0.30000000000000004","1","7","0.6000000000000001","true","true","""347863839""","0.11276398977704294","0.11276398977704294","0.11276398977704294","0","0.11276398977704294"
"1","1383","1496","1000","1","""HK""","0.03","false","""normal""","1","""constant""","0.1","""Scale-free""","2","0","1","""uniform""","""deterministic-normal""","40","-0.7","0.2","""normal""","0.30000000000000004","0.9","false","""/home/ramaswamy.51/Documents/github/Spirals/Media/data/cluster/endsim/BehaviorSearch/Step6_Trial""","true","0.30000000000000004","1","7","0.6000000000000001","true","true","""-1118660539""","0.1021540393798493","0.1021540393798493","0.1021540393798493","0","0.1021540393798493"
"1","1384","1496","1000","1","""HK""","0.03","false","""normal""","1","""constant""","0.1","""Scale-free""","2","0","1","""uniform""","""deterministic-normal""","40","-0.7","0.2","""normal""","0.30000000000000004","0.9","false","""/home/ramaswamy.51/Documents/github/Spirals/Media/data/cluster/endsim/BehaviorSearch/Step6_Trial""","true","0.30000000000000004","1","7","0.6000000000000001","true","true","""-291349726""","0.13096253722508172","0.13096253722508172","0.13096253722508172","0","0.13096253722508172"
"1","1385","1500","1000","1","""HK""","0.05","false","""normal""","1","""constant""","0.1","""Scale-free""","2","0","1","""uniform""","""deterministic-normal""","40","-0.8","0.1","""normal""","0","0.9","false","""/home/ramaswamy.51/Documents/github/Spirals/Media/data/cluster/endsim/BehaviorSearch/Step6_Trial""","true","0.30000000000000004","0.9","4","0.9000000000000001","true","true","""-414599828""","0.09621817644466592","0.09621817644466592","0.09621817644466592","0","0.09621817644466592"
"1","1386","1500","1000","1","""HK""","0.05","false","""normal""","1","""constant""","0.1","""Scale-free""","2","0","1","""uniform""","""deterministic-normal""","40","-0.8","0.1","""normal""","0","0.9","false","""/home/ramaswamy.51/Documents/github/Spirals/Media/data/cluster/endsim/BehaviorSearch/Step6_Trial""","true","0.30000000000000004","0.9","4","0.9000000000000001","true","true","""-1437385885""","0.08976242969704823","0.08976242969704823","0.08976242969704823","0","0.08976242969704823"
"1","1387","1500","1000","1","""HK""","0.05","false","""normal""","1","""constant""","0.1","""Scale-free""","2","0","1","""uniform""","""deterministic-normal""","40","-0.8","0.1","""normal""","0","0.9","false","""/home/ramaswamy.51/Documents/github/Spirals/Media/data/cluster/endsim/BehaviorSearch/Step6_Trial""","true","0.30000000000000004","0.9","4","0.9000000000000001","true","true","""-198906181""","0.08130083721235633","0.08130083721235633","0.08130083721235633","0","0.08130083721235633"
"1","1388","1500","1000","1","""HK""","0.05","false","""normal""","1","""constant""","0.1","""Scale-free""","2","0","1","""uniform""","""deterministic-normal""","40","-0.8","0.1","""normal""","0","0.9","false","""/home/ramaswamy.51/Documents/github/Spirals/Media/data/cluster/endsim/BehaviorSearch/Step6_Trial""","true","0.30000000000000004","0.9","4","0.9000000000000001","true","true","""903362138""","0.09370685326185048","0.09370685326185048","0.09370685326185048","0","0.09370685326185048"
"1","1389","1504","1000","1","""HK""","0.03","false","""normal""","1","""constant""","0.1","""Scale-free""","2","0","1","""uniform""","""deterministic-normal""","30","-0.3999999999999999","0.2","""normal""","0","1","false","""/home/ramaswamy.51/Documents/github/Spirals/Media/data/cluster/endsim/BehaviorSearch/Step6_Trial""","true","0.30000000000000004","0.9","4","1","true","true","""1579950890""","0.10828417265443963","0.10828417265443963","0.10828417265443963","0","0.10828417265443963"
"1","1390","1504","1000","1","""HK""","0.03","false","""normal""","1","""constant""","0.1","""Scale-free""","2","0","1","""uniform""","""deterministic-normal""","30","-0.3999999999999999","0.2","""normal""","0","1","false","""/home/ramaswamy.51/Documents/github/Spirals/Media/data/cluster/endsim/BehaviorSearch/Step6_Trial""","true","0.30000000000000004","0.9","4","1","true","true","""-764774155""","0.08367983738066545","0.08367983738066545","0.08367983738066545","0","0.08367983738066545"
"1","1391","1504","1000","1","""HK""","0.03","false","""normal""","1","""constant""","0.1","""Scale-free""","2","0","1","""uniform""","""deterministic-normal""","30","-0.3999999999999999","0.2","""normal""","0","1","false","""/home/ramaswamy.51/Documents/github/Spirals/Media/data/cluster/endsim/BehaviorSearch/Step6_Trial""","true","0.30000000000000004","0.9","4","1","true","true","""-1033431581""","0.08368852595022323","0.08368852595022323","0.08368852595022323","0","0.08368852595022323"
"1","1392","1504","1000","1","""HK""","0.03","false","""normal""","1","""constant""","0.1","""Scale-free""","2","0","1","""uniform""","""deterministic-normal""","30","-0.3999999999999999","0.2","""normal""","0","1","false","""/home/ramaswamy.51/Documents/github/Spirals/Media/data/cluster/endsim/BehaviorSearch/Step6_Trial""","true","0.30000000000000004","0.9","4","1","true","true","""1758163180""","0.10349156802572221","0.10349156802572221","0.10349156802572221","0","0.10349156802572221"
"1","1393","1508","1000","1","""HK""","0.05","false","""normal""","1","""constant""","0.1","""Scale-free""","2","0","1","""uniform""","""deterministic-normal""","40","-0.8","0","""normal""","0","1","false","""/home/ramaswamy.51/Documents/github/Spirals/Media/data/cluster/endsim/BehaviorSearch/Step6_Trial""","true","0.4","0.9","4","1","true","true","""-1103277400""","0.11318480925910991","0.11318480925910991","0.11318480925910991","0","0.11318480925910991"
"1","1394","1508","1000","1","""HK""","0.05","false","""normal""","1","""constant""","0.1","""Scale-free""","2","0","1","""uniform""","""deterministic-normal""","40","-0.8","0","""normal""","0","1","false","""/home/ramaswamy.51/Documents/github/Spirals/Media/data/cluster/endsim/BehaviorSearch/Step6_Trial""","true","0.4","0.9","4","1","true","true","""397687073""","0.08717682747587586","0.08717682747587586","0.08717682747587586","0","0.08717682747587586"
"1","1395","1508","1000","1","""HK""","0.05","false","""normal""","1","""constant""","0.1","""Scale-free""","2","0","1","""uniform""","""deterministic-normal""","40","-0.8","0","""normal""","0","1","false","""/home/ramaswamy.51/Documents/github/Spirals/Media/data/cluster/endsim/BehaviorSearch/Step6_Trial""","true","0.4","0.9","4","1","true","true","""1099267203""","0.0941426420235076","0.0941426420235076","0.0941426420235076","0","0.0941426420235076"
"1","1396","1508","1000","1","""HK""","0.05","false","""normal""","1","""constant""","0.1","""Scale-free""","2","0","1","""uniform""","""deterministic-normal""","40","-0.8","0","""normal""","0","1","false","""/home/ramaswamy.51/Documents/github/Spirals/Media/data/cluster/endsim/BehaviorSearch/Step6_Trial""","true","0.4","0.9","4","1","true","true","""-1121530681""","0.10048104660899437","0.10048104660899437","0.10048104660899437","0","0.10048104660899437"
"1","1397","1512","1000","1","""HK""","0.05","false","""normal""","1","""constant""","0.1","""Scale-free""","2","0","1","""uniform""","""deterministic-normal""","40","-1","0","""normal""","0","0.8","false","""/home/ramaswamy.51/Documents/github/Spirals/Media/data/cluster/endsim/BehaviorSearch/Step6_Trial""","true","0.30000000000000004","0.9","4","0.9000000000000001","true","true","""429092150""","0.08704081446185734","0.08704081446185734","0.08704081446185734","0","0.08704081446185734"
"1","1398","1512","1000","1","""HK""","0.05","false","""normal""","1","""constant""","0.1","""Scale-free""","2","0","1","""uniform""","""deterministic-normal""","40","-1","0","""normal""","0","0.8","false","""/home/ramaswamy.51/Documents/github/Spirals/Media/data/cluster/endsim/BehaviorSearch/Step6_Trial""","true","0.30000000000000004","0.9","4","0.9000000000000001","true","true","""-1219537614""","0.09521581381827272","0.09521581381827272","0.09521581381827272","0","0.09521581381827272"
"1","1399","1512","1000","1","""HK""","0.05","false","""normal""","1","""constant""","0.1","""Scale-free""","2","0","1","""uniform""","""deterministic-normal""","40","-1","0","""normal""","0","0.8","false","""/home/ramaswamy.51/Documents/github/Spirals/Media/data/cluster/endsim/BehaviorSearch/Step6_Trial""","true","0.30000000000000004","0.9","4","0.9000000000000001","true","true","""-797606468""","0.07460458987185134","0.07460458987185134","0.07460458987185134","0","0.07460458987185134"
"1","1400","1512","1000","1","""HK""","0.05","false","""normal""","1","""constant""","0.1","""Scale-free""","2","0","1","""uniform""","""deterministic-normal""","40","-1","0","""normal""","0","0.8","false","""/home/ramaswamy.51/Documents/github/Spirals/Media/data/cluster/endsim/BehaviorSearch/Step6_Trial""","true","0.30000000000000004","0.9","4","0.9000000000000001","true","true","""611156373""","0.10124844641456766","0.10124844641456766","0.10124844641456766","0","0.10124844641456766"
"1","1401","1520","1000","1","""HK""","0.03","false","""normal""","1","""constant""","0.1","""Scale-free""","2","0","1","""uniform""","""deterministic-normal""","40","-1","0","""normal""","0","1","false","""/home/ramaswamy.51/Documents/github/Spirals/Media/data/cluster/endsim/BehaviorSearch/Step6_Trial""","true","0.30000000000000004","0.9","4","0.9000000000000001","true","true","""-1931498664""","0.09717835338930972","0.09717835338930972","0.09717835338930972","0","0.09717835338930972"
"1","1402","1520","1000","1","""HK""","0.03","false","""normal""","1","""constant""","0.1","""Scale-free""","2","0","1","""uniform""","""deterministic-normal""","40","-1","0","""normal""","0","1","false","""/home/ramaswamy.51/Documents/github/Spirals/Media/data/cluster/endsim/BehaviorSearch/Step6_Trial""","true","0.30000000000000004","0.9","4","0.9000000000000001","true","true","""-2127027593""","0.10118055745171368","0.10118055745171368","0.10118055745171368","0","0.10118055745171368"
"1","1403","1520","1000","1","""HK""","0.03","false","""normal""","1","""constant""","0.1","""Scale-free""","2","0","1","""uniform""","""deterministic-normal""","40","-1","0","""normal""","0","1","false","""/home/ramaswamy.51/Documents/github/Spirals/Media/data/cluster/endsim/BehaviorSearch/Step6_Trial""","true","0.30000000000000004","0.9","4","0.9000000000000001","true","true","""1104504578""","0.09892101932870193","0.09892101932870193","0.09892101932870193","0","0.09892101932870193"
"1","1404","1520","1000","1","""HK""","0.03","false","""normal""","1","""constant""","0.1","""Scale-free""","2","0","1","""uniform""","""deterministic-normal""","40","-1","0","""normal""","0","1","false","""/home/ramaswamy.51/Documents/github/Spirals/Media/data/cluster/endsim/BehaviorSearch/Step6_Trial""","true","0.30000000000000004","0.9","4","0.9000000000000001","true","true","""1087970575""","0.10598173927659947","0.10598173927659947","0.10598173927659947","0","0.10598173927659947"
"1","1405","1524","1000","1","""HK""","0.05","false","""normal""","1","""constant""","0.1","""Scale-free""","2","0","1","""uniform""","""deterministic-normal""","40","-0.29999999999999993","0.2","""normal""","0.20000000000000018","0.9","false","""/home/ramaswamy.51/Documents/github/Spirals/Media/data/cluster/endsim/BehaviorSearch/Step6_Trial""","true","0.4","0.9","7","0.7000000000000002","true","true","""-1620271649""","0.12861577939301072","0.12861577939301072","0.12861577939301072","0","0.12861577939301072"
"1","1406","1524","1000","1","""HK""","0.05","false","""normal""","1","""constant""","0.1","""Scale-free""","2","0","1","""uniform""","""deterministic-normal""","40","-0.29999999999999993","0.2","""normal""","0.20000000000000018","0.9","false","""/home/ramaswamy.51/Documents/github/Spirals/Media/data/cluster/endsim/BehaviorSearch/Step6_Trial""","true","0.4","0.9","7","0.7000000000000002","true","true","""-745903613""","0.12285766214191951","0.12285766214191951","0.12285766214191951","0","0.12285766214191951"
"1","1407","1524","1000","1","""HK""","0.05","false","""normal""","1","""constant""","0.1","""Scale-free""","2","0","1","""uniform""","""deterministic-normal""","40","-0.29999999999999993","0.2","""normal""","0.20000000000000018","0.9","false","""/home/ramaswamy.51/Documents/github/Spirals/Media/data/cluster/endsim/BehaviorSearch/Step6_Trial""","true","0.4","0.9","7","0.7000000000000002","true","true","""1728652062""","0.1276493299458525","0.1276493299458525","0.1276493299458525","0","0.1276493299458525"
"1","1408","1524","1000","1","""HK""","0.05","false","""normal""","1","""constant""","0.1","""Scale-free""","2","0","1","""uniform""","""deterministic-normal""","40","-0.29999999999999993","0.2","""normal""","0.20000000000000018","0.9","false","""/home/ramaswamy.51/Documents/github/Spirals/Media/data/cluster/endsim/BehaviorSearch/Step6_Trial""","true","0.4","0.9","7","0.7000000000000002","true","true","""1233703846""","0.11933980169556704","0.11933980169556704","0.11933980169556704","0","0.11933980169556704"
"1","1409","1528","1000","1","""HK""","0.05","false","""normal""","1","""constant""","0.1","""Scale-free""","2","0","1","""uniform""","""deterministic-normal""","40","-0.8","0","""normal""","0","0.9","false","""/home/ramaswamy.51/Documents/github/Spirals/Media/data/cluster/endsim/BehaviorSearch/Step6_Trial""","true","0.1","1","7","0.7000000000000002","true","true","""293792317""","0.1264907406643894","0.1264907406643894","0.1264907406643894","0","0.1264907406643894"
"1","1410","1528","1000","1","""HK""","0.05","false","""normal""","1","""constant""","0.1","""Scale-free""","2","0","1","""uniform""","""deterministic-normal""","40","-0.8","0","""normal""","0","0.9","false","""/home/ramaswamy.51/Documents/github/Spirals/Media/data/cluster/endsim/BehaviorSearch/Step6_Trial""","true","0.1","1","7","0.7000000000000002","true","true","""-359613847""","0.09807568787257454","0.09807568787257454","0.09807568787257454","0","0.09807568787257454"
"1","1411","1528","1000","1","""HK""","0.05","false","""normal""","1","""constant""","0.1","""Scale-free""","2","0","1","""uniform""","""deterministic-normal""","40","-0.8","0","""normal""","0","0.9","false","""/home/ramaswamy.51/Documents/github/Spirals/Media/data/cluster/endsim/BehaviorSearch/Step6_Trial""","true","0.1","1","7","0.7000000000000002","true","true","""-2099771317""","0.1072071084663979","0.1072071084663979","0.1072071084663979","0","0.1072071084663979"
"1","1412","1528","1000","1","""HK""","0.05","false","""normal""","1","""constant""","0.1","""Scale-free""","2","0","1","""uniform""","""deterministic-normal""","40","-0.8","0","""normal""","0","0.9","false","""/home/ramaswamy.51/Documents/github/Spirals/Media/data/cluster/endsim/BehaviorSearch/Step6_Trial""","true","0.1","1","7","0.7000000000000002","true","true","""720047002""","0.09772545844890275","0.09772545844890275","0.09772545844890275","0","0.09772545844890275"
"1","1413","1532","1000","1","""HK""","0.05","false","""normal""","1","""constant""","0.1","""Scale-free""","2","0","1","""uniform""","""deterministic-normal""","40","-0.8","0.1","""normal""","0","0.8","false","""/home/ramaswamy.51/Documents/github/Spirals/Media/data/cluster/endsim/BehaviorSearch/Step6_Trial""","true","0.30000000000000004","0.9","4","0.9000000000000001","true","true","""1754025424""","0.09899683967454778","0.09899683967454778","0.09899683967454778","0","0.09899683967454778"
"1","1414","1532","1000","1","""HK""","0.05","false","""normal""","1","""constant""","0.1","""Scale-free""","2","0","1","""uniform""","""deterministic-normal""","40","-0.8","0.1","""normal""","0","0.8","false","""/home/ramaswamy.51/Documents/github/Spirals/Media/data/cluster/endsim/BehaviorSearch/Step6_Trial""","true","0.30000000000000004","0.9","4","0.9000000000000001","true","true","""981662830""","0.09980504528338388","0.09980504528338388","0.09980504528338388","0","0.09980504528338388"
"1","1415","1532","1000","1","""HK""","0.05","false","""normal""","1","""constant""","0.1","""Scale-free""","2","0","1","""uniform""","""deterministic-normal""","40","-0.8","0.1","""normal""","0","0.8","false","""/home/ramaswamy.51/Documents/github/Spirals/Media/data/cluster/endsim/BehaviorSearch/Step6_Trial""","true","0.30000000000000004","0.9","4","0.9000000000000001","true","true","""-384040930""","0.09483546194595505","0.09483546194595505","0.09483546194595505","0","0.09483546194595505"
"1","1416","1532","1000","1","""HK""","0.05","false","""normal""","1","""constant""","0.1","""Scale-free""","2","0","1","""uniform""","""deterministic-normal""","40","-0.8","0.1","""normal""","0","0.8","false","""/home/ramaswamy.51/Documents/github/Spirals/Media/data/cluster/endsim/BehaviorSearch/Step6_Trial""","true","0.30000000000000004","0.9","4","0.9000000000000001","true","true","""-288480615""","0.10325949840610328","0.10325949840610328","0.10325949840610328","0","0.10325949840610328"
"1","1417","1536","1000","1","""HK""","0.04","false","""normal""","1","""constant""","0.1","""Scale-free""","2","0","1","""uniform""","""deterministic-normal""","40","-0.9","0","""normal""","0","0.9","false","""/home/ramaswamy.51/Documents/github/Spirals/Media/data/cluster/endsim/BehaviorSearch/Step6_Trial""","true","0.2","0.9","7","0.7000000000000002","true","true","""1911552894""","0.08256024755139271","0.08256024755139271","0.08256024755139271","0","0.08256024755139271"
"1","1418","1536","1000","1","""HK""","0.04","false","""normal""","1","""constant""","0.1","""Scale-free""","2","0","1","""uniform""","""deterministic-normal""","40","-0.9","0","""normal""","0","0.9","false","""/home/ramaswamy.51/Documents/github/Spirals/Media/data/cluster/endsim/BehaviorSearch/Step6_Trial""","true","0.2","0.9","7","0.7000000000000002","true","true","""807945534""","0.10330304884411612","0.10330304884411612","0.10330304884411612","0","0.10330304884411612"
"1","1419","1536","1000","1","""HK""","0.04","false","""normal""","1","""constant""","0.1","""Scale-free""","2","0","1","""uniform""","""deterministic-normal""","40","-0.9","0","""normal""","0","0.9","false","""/home/ramaswamy.51/Documents/github/Spirals/Media/data/cluster/endsim/BehaviorSearch/Step6_Trial""","true","0.2","0.9","7","0.7000000000000002","true","true","""-828099873""","0.08321489095513099","0.08321489095513099","0.08321489095513099","0","0.08321489095513099"
"1","1420","1536","1000","1","""HK""","0.04","false","""normal""","1","""constant""","0.1","""Scale-free""","2","0","1","""uniform""","""deterministic-normal""","40","-0.9","0","""normal""","0","0.9","false","""/home/ramaswamy.51/Documents/github/Spirals/Media/data/cluster/endsim/BehaviorSearch/Step6_Trial""","true","0.2","0.9","7","0.7000000000000002","true","true","""181876300""","0.11312610429777158","0.11312610429777158","0.11312610429777158","0","0.11312610429777158"
"1","1421","1540","1000","1","""HK""","0.03","false","""normal""","1","""constant""","0.2","""Scale-free""","2","0","1","""uniform""","""deterministic-normal""","40","-0.3999999999999999","0.2","""normal""","0","1","false","""/home/ramaswamy.51/Documents/github/Spirals/Media/data/cluster/endsim/BehaviorSearch/Step6_Trial""","true","0.30000000000000004","1","5","1","true","true","""1665715658""","0.14773091240494746","0.14773091240494746","0.14773091240494746","0","0.14773091240494746"
"1","1422","1540","1000","1","""HK""","0.03","false","""normal""","1","""constant""","0.2","""Scale-free""","2","0","1","""uniform""","""deterministic-normal""","40","-0.3999999999999999","0.2","""normal""","0","1","false","""/home/ramaswamy.51/Documents/github/Spirals/Media/data/cluster/endsim/BehaviorSearch/Step6_Trial""","true","0.30000000000000004","1","5","1","true","true","""1520733519""","0.1591266912418524","0.1591266912418524","0.1591266912418524","0","0.1591266912418524"
"1","1423","1540","1000","1","""HK""","0.03","false","""normal""","1","""constant""","0.2","""Scale-free""","2","0","1","""uniform""","""deterministic-normal""","40","-0.3999999999999999","0.2","""normal""","0","1","false","""/home/ramaswamy.51/Documents/github/Spirals/Media/data/cluster/endsim/BehaviorSearch/Step6_Trial""","true","0.30000000000000004","1","5","1","true","true","""-1777317371""","0.15829757485831528","0.15829757485831528","0.15829757485831528","0","0.15829757485831528"
"1","1424","1540","1000","1","""HK""","0.03","false","""normal""","1","""constant""","0.2","""Scale-free""","2","0","1","""uniform""","""deterministic-normal""","40","-0.3999999999999999","0.2","""normal""","0","1","false","""/home/ramaswamy.51/Documents/github/Spirals/Media/data/cluster/endsim/BehaviorSearch/Step6_Trial""","true","0.30000000000000004","1","5","1","true","true","""1713123320""","0.14821565500558587","0.14821565500558587","0.14821565500558587","0","0.14821565500558587"
"1","1425","1544","1000","1","""HK""","0.04","false","""normal""","1","""constant""","0","""Scale-free""","2","0","1","""uniform""","""deterministic-normal""","40","-0.8","0","""normal""","0","0.8","false","""/home/ramaswamy.51/Documents/github/Spirals/Media/data/cluster/endsim/BehaviorSearch/Step6_Trial""","true","0.30000000000000004","0.8","5","0.7000000000000002","true","true","""1119692889""","0.16341099787406443","0.16341099787406443","0.16341099787406443","0","0.16341099787406443"
"1","1426","1544","1000","1","""HK""","0.04","false","""normal""","1","""constant""","0","""Scale-free""","2","0","1","""uniform""","""deterministic-normal""","40","-0.8","0","""normal""","0","0.8","false","""/home/ramaswamy.51/Documents/github/Spirals/Media/data/cluster/endsim/BehaviorSearch/Step6_Trial""","true","0.30000000000000004","0.8","5","0.7000000000000002","true","true","""178050127""","0.17186013209774906","0.17186013209774906","0.17186013209774906","0","0.17186013209774906"
"1","1427","1544","1000","1","""HK""","0.04","false","""normal""","1","""constant""","0","""Scale-free""","2","0","1","""uniform""","""deterministic-normal""","40","-0.8","0","""normal""","0","0.8","false","""/home/ramaswamy.51/Documents/github/Spirals/Media/data/cluster/endsim/BehaviorSearch/Step6_Trial""","true","0.30000000000000004","0.8","5","0.7000000000000002","true","true","""-1362185221""","0.16659235296396657","0.16659235296396657","0.16659235296396657","0","0.16659235296396657"
"1","1428","1544","1000","1","""HK""","0.04","false","""normal""","1","""constant""","0","""Scale-free""","2","0","1","""uniform""","""deterministic-normal""","40","-0.8","0","""normal""","0","0.8","false","""/home/ramaswamy.51/Documents/github/Spirals/Media/data/cluster/endsim/BehaviorSearch/Step6_Trial""","true","0.30000000000000004","0.8","5","0.7000000000000002","true","true","""-1714425087""","0.16157620753311241","0.16157620753311241","0.16157620753311241","0","0.16157620753311241"
"1","1429","1548","1000","1","""HK""","0.03","false","""normal""","1","""constant""","0.1","""Scale-free""","2","0","1","""uniform""","""deterministic-normal""","40","-0.9","0","""normal""","0.10000000000000009","1","false","""/home/ramaswamy.51/Documents/github/Spirals/Media/data/cluster/endsim/BehaviorSearch/Step6_Trial""","true","0.30000000000000004","0.9","4","0.9000000000000001","true","true","""843301793""","0.11016302174719138","0.11016302174719138","0.11016302174719138","0","0.11016302174719138"
"1","1430","1548","1000","1","""HK""","0.03","false","""normal""","1","""constant""","0.1","""Scale-free""","2","0","1","""uniform""","""deterministic-normal""","40","-0.9","0","""normal""","0.10000000000000009","1","false","""/home/ramaswamy.51/Documents/github/Spirals/Media/data/cluster/endsim/BehaviorSearch/Step6_Trial""","true","0.30000000000000004","0.9","4","0.9000000000000001","true","true","""1452096313""","0.09363990268279063","0.09363990268279063","0.09363990268279063","0","0.09363990268279063"
"1","1431","1548","1000","1","""HK""","0.03","false","""normal""","1","""constant""","0.1","""Scale-free""","2","0","1","""uniform""","""deterministic-normal""","40","-0.9","0","""normal""","0.10000000000000009","1","false","""/home/ramaswamy.51/Documents/github/Spirals/Media/data/cluster/endsim/BehaviorSearch/Step6_Trial""","true","0.30000000000000004","0.9","4","0.9000000000000001","true","true","""983364202""","0.09752506037160248","0.09752506037160248","0.09752506037160248","0","0.09752506037160248"
"1","1432","1548","1000","1","""HK""","0.03","false","""normal""","1","""constant""","0.1","""Scale-free""","2","0","1","""uniform""","""deterministic-normal""","40","-0.9","0","""normal""","0.10000000000000009","1","false","""/home/ramaswamy.51/Documents/github/Spirals/Media/data/cluster/endsim/BehaviorSearch/Step6_Trial""","true","0.30000000000000004","0.9","4","0.9000000000000001","true","true","""510005400""","0.08790764457088082","0.08790764457088082","0.08790764457088082","0","0.08790764457088082"
"1","1433","1552","1000","1","""HK""","0.03","false","""normal""","1","""constant""","0.1","""Scale-free""","2","0","1","""uniform""","""deterministic-normal""","45","-0.7","0.30000000000000004","""normal""","0","1","false","""/home/ramaswamy.51/Documents/github/Spirals/Media/data/cluster/endsim/BehaviorSearch/Step6_Trial""","true","0.1","1","7","0.9000000000000001","true","true","""1595812955""","0.10589754323914975","0.10589754323914975","0.10589754323914975","0","0.10589754323914975"
"1","1434","1552","1000","1","""HK""","0.03","false","""normal""","1","""constant""","0.1","""Scale-free""","2","0","1","""uniform""","""deterministic-normal""","45","-0.7","0.30000000000000004","""normal""","0","1","false","""/home/ramaswamy.51/Documents/github/Spirals/Media/data/cluster/endsim/BehaviorSearch/Step6_Trial""","true","0.1","1","7","0.9000000000000001","true","true","""698184345""","0.09088210035274176","0.09088210035274176","0.09088210035274176","0","0.09088210035274176"
"1","1435","1552","1000","1","""HK""","0.03","false","""normal""","1","""constant""","0.1","""Scale-free""","2","0","1","""uniform""","""deterministic-normal""","45","-0.7","0.30000000000000004","""normal""","0","1","false","""/home/ramaswamy.51/Documents/github/Spirals/Media/data/cluster/endsim/BehaviorSearch/Step6_Trial""","true","0.1","1","7","0.9000000000000001","true","true","""1540291350""","0.09266084322882942","0.09266084322882942","0.09266084322882942","0","0.09266084322882942"
"1","1436","1552","1000","1","""HK""","0.03","false","""normal""","1","""constant""","0.1","""Scale-free""","2","0","1","""uniform""","""deterministic-normal""","45","-0.7","0.30000000000000004","""normal""","0","1","false","""/home/ramaswamy.51/Documents/github/Spirals/Media/data/cluster/endsim/BehaviorSearch/Step6_Trial""","true","0.1","1","7","0.9000000000000001","true","true","""-888735484""","0.10315026253000069","0.10315026253000069","0.10315026253000069","0","0.10315026253000069"
"1","1437","1556","1000","1","""HK""","0.05","false","""normal""","1","""constant""","0.1","""Scale-free""","2","0","1","""uniform""","""deterministic-normal""","40","-1","0","""normal""","0","0.9","false","""/home/ramaswamy.51/Documents/github/Spirals/Media/data/cluster/endsim/BehaviorSearch/Step6_Trial""","true","0.30000000000000004","0.9","4","0.9000000000000001","true","true","""648764747""","0.10324424119585678","0.10324424119585678","0.10324424119585678","0","0.10324424119585678"
"1","1438","1556","1000","1","""HK""","0.05","false","""normal""","1","""constant""","0.1","""Scale-free""","2","0","1","""uniform""","""deterministic-normal""","40","-1","0","""normal""","0","0.9","false","""/home/ramaswamy.51/Documents/github/Spirals/Media/data/cluster/endsim/BehaviorSearch/Step6_Trial""","true","0.30000000000000004","0.9","4","0.9000000000000001","true","true","""1045303743""","0.09861718964283743","0.09861718964283743","0.09861718964283743","0","0.09861718964283743"
"1","1439","1556","1000","1","""HK""","0.05","false","""normal""","1","""constant""","0.1","""Scale-free""","2","0","1","""uniform""","""deterministic-normal""","40","-1","0","""normal""","0","0.9","false","""/home/ramaswamy.51/Documents/github/Spirals/Media/data/cluster/endsim/BehaviorSearch/Step6_Trial""","true","0.30000000000000004","0.9","4","0.9000000000000001","true","true","""-1465994255""","0.0966282524198047","0.0966282524198047","0.0966282524198047","0","0.0966282524198047"
"1","1440","1556","1000","1","""HK""","0.05","false","""normal""","1","""constant""","0.1","""Scale-free""","2","0","1","""uniform""","""deterministic-normal""","40","-1","0","""normal""","0","0.9","false","""/home/ramaswamy.51/Documents/github/Spirals/Media/data/cluster/endsim/BehaviorSearch/Step6_Trial""","true","0.30000000000000004","0.9","4","0.9000000000000001","true","true","""-1191352147""","0.09555662250599939","0.09555662250599939","0.09555662250599939","0","0.09555662250599939"
"1","1441","1560","1000","1","""HK""","0.03","false","""normal""","1","""constant""","0","""Scale-free""","2","0","1","""uniform""","""deterministic-normal""","40","-0.3999999999999999","0.30000000000000004","""normal""","-0.09999999999999998","0.9","false","""/home/ramaswamy.51/Documents/github/Spirals/Media/data/cluster/endsim/BehaviorSearch/Step6_Trial""","true","0.30000000000000004","1","8","1","true","true","""-1028693549""","0.15387421104364407","0.15387421104364407","0.15387421104364407","0","0.15387421104364407"
"1","1442","1560","1000","1","""HK""","0.03","false","""normal""","1","""constant""","0","""Scale-free""","2","0","1","""uniform""","""deterministic-normal""","40","-0.3999999999999999","0.30000000000000004","""normal""","-0.09999999999999998","0.9","false","""/home/ramaswamy.51/Documents/github/Spirals/Media/data/cluster/endsim/BehaviorSearch/Step6_Trial""","true","0.30000000000000004","1","8","1","true","true","""-692325465""","0.16191639703245653","0.16191639703245653","0.16191639703245653","0","0.16191639703245653"
"1","1443","1560","1000","1","""HK""","0.03","false","""normal""","1","""constant""","0","""Scale-free""","2","0","1","""uniform""","""deterministic-normal""","40","-0.3999999999999999","0.30000000000000004","""normal""","-0.09999999999999998","0.9","false","""/home/ramaswamy.51/Documents/github/Spirals/Media/data/cluster/endsim/BehaviorSearch/Step6_Trial""","true","0.30000000000000004","1","8","1","true","true","""2005798106""","0.15621814844653525","0.15621814844653525","0.15621814844653525","0","0.15621814844653525"
"1","1444","1560","1000","1","""HK""","0.03","false","""normal""","1","""constant""","0","""Scale-free""","2","0","1","""uniform""","""deterministic-normal""","40","-0.3999999999999999","0.30000000000000004","""normal""","-0.09999999999999998","0.9","false","""/home/ramaswamy.51/Documents/github/Spirals/Media/data/cluster/endsim/BehaviorSearch/Step6_Trial""","true","0.30000000000000004","1","8","1","true","true","""-400081518""","0.15000308202330015","0.15000308202330015","0.15000308202330015","0","0.15000308202330015"
"1","1445","1564","1000","1","""HK""","0.02","false","""normal""","1","""constant""","0.1","""Scale-free""","2","0","1","""uniform""","""deterministic-normal""","40","-0.5","0","""normal""","-0.5","0.9","false","""/home/ramaswamy.51/Documents/github/Spirals/Media/data/cluster/endsim/BehaviorSearch/Step6_Trial""","true","0.2","1","8","0.8","true","true","""-1554932243""","0.14774563540619637","0.14774563540619637","0.14774563540619637","0","0.14774563540619637"
"1","1446","1564","1000","1","""HK""","0.02","false","""normal""","1","""constant""","0.1","""Scale-free""","2","0","1","""uniform""","""deterministic-normal""","40","-0.5","0","""normal""","-0.5","0.9","false","""/home/ramaswamy.51/Documents/github/Spirals/Media/data/cluster/endsim/BehaviorSearch/Step6_Trial""","true","0.2","1","8","0.8","true","true","""-700609533""","0.12706991144351418","0.12706991144351418","0.12706991144351418","0","0.12706991144351418"
"1","1447","1564","1000","1","""HK""","0.02","false","""normal""","1","""constant""","0.1","""Scale-free""","2","0","1","""uniform""","""deterministic-normal""","40","-0.5","0","""normal""","-0.5","0.9","false","""/home/ramaswamy.51/Documents/github/Spirals/Media/data/cluster/endsim/BehaviorSearch/Step6_Trial""","true","0.2","1","8","0.8","true","true","""-432230336""","0.1202342286011123","0.1202342286011123","0.1202342286011123","0","0.1202342286011123"
"1","1448","1564","1000","1","""HK""","0.02","false","""normal""","1","""constant""","0.1","""Scale-free""","2","0","1","""uniform""","""deterministic-normal""","40","-0.5","0","""normal""","-0.5","0.9","false","""/home/ramaswamy.51/Documents/github/Spirals/Media/data/cluster/endsim/BehaviorSearch/Step6_Trial""","true","0.2","1","8","0.8","true","true","""-282023191""","0.12312849862606895","0.12312849862606895","0.12312849862606895","0","0.12312849862606895"
"1","1449","1568","1000","1","""HK""","0.04","false","""normal""","1","""constant""","0.1","""Scale-free""","2","0","1","""uniform""","""deterministic-normal""","40","-0.8","0","""normal""","0.10000000000000009","0.9","false","""/home/ramaswamy.51/Documents/github/Spirals/Media/data/cluster/endsim/BehaviorSearch/Step6_Trial""","true","0.30000000000000004","1","4","0.9000000000000001","true","true","""692679626""","0.11475851780877958","0.11475851780877958","0.11475851780877958","0","0.11475851780877958"
"1","1450","1568","1000","1","""HK""","0.04","false","""normal""","1","""constant""","0.1","""Scale-free""","2","0","1","""uniform""","""deterministic-normal""","40","-0.8","0","""normal""","0.10000000000000009","0.9","false","""/home/ramaswamy.51/Documents/github/Spirals/Media/data/cluster/endsim/BehaviorSearch/Step6_Trial""","true","0.30000000000000004","1","4","0.9000000000000001","true","true","""897149423""","0.0998818989482683","0.0998818989482683","0.0998818989482683","0","0.0998818989482683"
"1","1451","1568","1000","1","""HK""","0.04","false","""normal""","1","""constant""","0.1","""Scale-free""","2","0","1","""uniform""","""deterministic-normal""","40","-0.8","0","""normal""","0.10000000000000009","0.9","false","""/home/ramaswamy.51/Documents/github/Spirals/Media/data/cluster/endsim/BehaviorSearch/Step6_Trial""","true","0.30000000000000004","1","4","0.9000000000000001","true","true","""1488723823""","0.10480983191203468","0.10480983191203468","0.10480983191203468","0","0.10480983191203468"
"1","1452","1568","1000","1","""HK""","0.04","false","""normal""","1","""constant""","0.1","""Scale-free""","2","0","1","""uniform""","""deterministic-normal""","40","-0.8","0","""normal""","0.10000000000000009","0.9","false","""/home/ramaswamy.51/Documents/github/Spirals/Media/data/cluster/endsim/BehaviorSearch/Step6_Trial""","true","0.30000000000000004","1","4","0.9000000000000001","true","true","""-431090770""","0.11078577764831557","0.11078577764831557","0.11078577764831557","0","0.11078577764831557"
"1","1453","1572","1000","1","""HK""","0.03","false","""normal""","1","""constant""","0.1","""Scale-free""","2","0","1","""uniform""","""deterministic-normal""","40","-0.8","0.1","""normal""","0","0.9","false","""/home/ramaswamy.51/Documents/github/Spirals/Media/data/cluster/endsim/BehaviorSearch/Step6_Trial""","true","0.30000000000000004","1","7","0.6000000000000001","true","true","""-81336503""","0.10448120855725548","0.10448120855725548","0.10448120855725548","0","0.10448120855725548"
"1","1454","1572","1000","1","""HK""","0.03","false","""normal""","1","""constant""","0.1","""Scale-free""","2","0","1","""uniform""","""deterministic-normal""","40","-0.8","0.1","""normal""","0","0.9","false","""/home/ramaswamy.51/Documents/github/Spirals/Media/data/cluster/endsim/BehaviorSearch/Step6_Trial""","true","0.30000000000000004","1","7","0.6000000000000001","true","true","""-1276639395""","0.1122128422586886","0.1122128422586886","0.1122128422586886","0","0.1122128422586886"
"1","1455","1572","1000","1","""HK""","0.03","false","""normal""","1","""constant""","0.1","""Scale-free""","2","0","1","""uniform""","""deterministic-normal""","40","-0.8","0.1","""normal""","0","0.9","false","""/home/ramaswamy.51/Documents/github/Spirals/Media/data/cluster/endsim/BehaviorSearch/Step6_Trial""","true","0.30000000000000004","1","7","0.6000000000000001","true","true","""1238904416""","0.11325108002251055","0.11325108002251055","0.11325108002251055","0","0.11325108002251055"
"1","1456","1572","1000","1","""HK""","0.03","false","""normal""","1","""constant""","0.1","""Scale-free""","2","0","1","""uniform""","""deterministic-normal""","40","-0.8","0.1","""normal""","0","0.9","false","""/home/ramaswamy.51/Documents/github/Spirals/Media/data/cluster/endsim/BehaviorSearch/Step6_Trial""","true","0.30000000000000004","1","7","0.6000000000000001","true","true","""1346068243""","0.10012125601072423","0.10012125601072423","0.10012125601072423","0","0.10012125601072423"
"1","1457","1576","1000","1","""HK""","0.03","false","""normal""","1","""constant""","0.1","""Scale-free""","2","0","1","""uniform""","""deterministic-normal""","45","-0.3999999999999999","0","""normal""","0.10000000000000009","0.9","false","""/home/ramaswamy.51/Documents/github/Spirals/Media/data/cluster/endsim/BehaviorSearch/Step6_Trial""","true","0.2","1","5","0.40000000000000013","true","true","""1604285557""","0.09406385791943947","0.09406385791943947","0.09406385791943947","0","0.09406385791943947"
"1","1458","1576","1000","1","""HK""","0.03","false","""normal""","1","""constant""","0.1","""Scale-free""","2","0","1","""uniform""","""deterministic-normal""","45","-0.3999999999999999","0","""normal""","0.10000000000000009","0.9","false","""/home/ramaswamy.51/Documents/github/Spirals/Media/data/cluster/endsim/BehaviorSearch/Step6_Trial""","true","0.2","1","5","0.40000000000000013","true","true","""330032334""","0.09590239389231035","0.09590239389231035","0.09590239389231035","0","0.09590239389231035"
"1","1459","1576","1000","1","""HK""","0.03","false","""normal""","1","""constant""","0.1","""Scale-free""","2","0","1","""uniform""","""deterministic-normal""","45","-0.3999999999999999","0","""normal""","0.10000000000000009","0.9","false","""/home/ramaswamy.51/Documents/github/Spirals/Media/data/cluster/endsim/BehaviorSearch/Step6_Trial""","true","0.2","1","5","0.40000000000000013","true","true","""1250965230""","0.062139827229743524","0.062139827229743524","0.062139827229743524","0","0.062139827229743524"
"1","1460","1576","1000","1","""HK""","0.03","false","""normal""","1","""constant""","0.1","""Scale-free""","2","0","1","""uniform""","""deterministic-normal""","45","-0.3999999999999999","0","""normal""","0.10000000000000009","0.9","false","""/home/ramaswamy.51/Documents/github/Spirals/Media/data/cluster/endsim/BehaviorSearch/Step6_Trial""","true","0.2","1","5","0.40000000000000013","true","true","""1180175832""","0.11189316158388168","0.11189316158388168","0.11189316158388168","0","0.11189316158388168"
"1","1461","1580","1000","1","""HK""","0.03","false","""normal""","1","""constant""","0.2","""Scale-free""","1","0","1","""uniform""","""deterministic-normal""","40","-0.29999999999999993","0.2","""normal""","0","0.9","false","""/home/ramaswamy.51/Documents/github/Spirals/Media/data/cluster/endsim/BehaviorSearch/Step6_Trial""","true","0.30000000000000004","0.9","7","0.7000000000000002","true","true","""1265800364""","0.17494509413612536","0.17494509413612536","0.17494509413612536","0","0.17494509413612536"
"1","1462","1580","1000","1","""HK""","0.03","false","""normal""","1","""constant""","0.2","""Scale-free""","1","0","1","""uniform""","""deterministic-normal""","40","-0.29999999999999993","0.2","""normal""","0","0.9","false","""/home/ramaswamy.51/Documents/github/Spirals/Media/data/cluster/endsim/BehaviorSearch/Step6_Trial""","true","0.30000000000000004","0.9","7","0.7000000000000002","true","true","""-715463144""","0.14635654511032528","0.14635654511032528","0.14635654511032528","0","0.14635654511032528"
"1","1463","1580","1000","1","""HK""","0.03","false","""normal""","1","""constant""","0.2","""Scale-free""","1","0","1","""uniform""","""deterministic-normal""","40","-0.29999999999999993","0.2","""normal""","0","0.9","false","""/home/ramaswamy.51/Documents/github/Spirals/Media/data/cluster/endsim/BehaviorSearch/Step6_Trial""","true","0.30000000000000004","0.9","7","0.7000000000000002","true","true","""-1365112941""","0.17767537774522338","0.17767537774522338","0.17767537774522338","0","0.17767537774522338"
"1","1464","1580","1000","1","""HK""","0.03","false","""normal""","1","""constant""","0.2","""Scale-free""","1","0","1","""uniform""","""deterministic-normal""","40","-0.29999999999999993","0.2","""normal""","0","0.9","false","""/home/ramaswamy.51/Documents/github/Spirals/Media/data/cluster/endsim/BehaviorSearch/Step6_Trial""","true","0.30000000000000004","0.9","7","0.7000000000000002","true","true","""1337786090""","0.14590060067809785","0.14590060067809785","0.14590060067809785","0","0.14590060067809785"
"1","1465","1584","1000","1","""HK""","0.05","false","""normal""","1","""constant""","0.1","""Scale-free""","2","0","1","""uniform""","""deterministic-normal""","40","0","0.2","""normal""","-0.09999999999999998","0.9","false","""/home/ramaswamy.51/Documents/github/Spirals/Media/data/cluster/endsim/BehaviorSearch/Step6_Trial""","true","0.30000000000000004","0.9","4","0.9000000000000001","true","true","""686341367""","0.09346465971390845","0.09346465971390845","0.09346465971390845","0","0.09346465971390845"
"1","1466","1584","1000","1","""HK""","0.05","false","""normal""","1","""constant""","0.1","""Scale-free""","2","0","1","""uniform""","""deterministic-normal""","40","0","0.2","""normal""","-0.09999999999999998","0.9","false","""/home/ramaswamy.51/Documents/github/Spirals/Media/data/cluster/endsim/BehaviorSearch/Step6_Trial""","true","0.30000000000000004","0.9","4","0.9000000000000001","true","true","""666533682""","0.08754638410021437","0.08754638410021437","0.08754638410021437","0","0.08754638410021437"
"1","1467","1584","1000","1","""HK""","0.05","false","""normal""","1","""constant""","0.1","""Scale-free""","2","0","1","""uniform""","""deterministic-normal""","40","0","0.2","""normal""","-0.09999999999999998","0.9","false","""/home/ramaswamy.51/Documents/github/Spirals/Media/data/cluster/endsim/BehaviorSearch/Step6_Trial""","true","0.30000000000000004","0.9","4","0.9000000000000001","true","true","""1089706428""","0.09177118693657615","0.09177118693657615","0.09177118693657615","0","0.09177118693657615"
"1","1468","1584","1000","1","""HK""","0.05","false","""normal""","1","""constant""","0.1","""Scale-free""","2","0","1","""uniform""","""deterministic-normal""","40","0","0.2","""normal""","-0.09999999999999998","0.9","false","""/home/ramaswamy.51/Documents/github/Spirals/Media/data/cluster/endsim/BehaviorSearch/Step6_Trial""","true","0.30000000000000004","0.9","4","0.9000000000000001","true","true","""-635521140""","0.11557713202470829","0.11557713202470829","0.11557713202470829","0","0.11557713202470829"
"1","1469","1588","1000","1","""HK""","0.03","false","""normal""","1","""constant""","0","""Scale-free""","2","0","1","""uniform""","""deterministic-normal""","45","-0.7","0.30000000000000004","""normal""","0","0.9","false","""/home/ramaswamy.51/Documents/github/Spirals/Media/data/cluster/endsim/BehaviorSearch/Step6_Trial""","true","0.1","1","7","0.7000000000000002","true","true","""-1358430800""","0.15576258942067836","0.15576258942067836","0.15576258942067836","0","0.15576258942067836"
"1","1470","1588","1000","1","""HK""","0.03","false","""normal""","1","""constant""","0","""Scale-free""","2","0","1","""uniform""","""deterministic-normal""","45","-0.7","0.30000000000000004","""normal""","0","0.9","false","""/home/ramaswamy.51/Documents/github/Spirals/Media/data/cluster/endsim/BehaviorSearch/Step6_Trial""","true","0.1","1","7","0.7000000000000002","true","true","""37040342""","0.15454261371840464","0.15454261371840464","0.15454261371840464","0","0.15454261371840464"
"1","1471","1588","1000","1","""HK""","0.03","false","""normal""","1","""constant""","0","""Scale-free""","2","0","1","""uniform""","""deterministic-normal""","45","-0.7","0.30000000000000004","""normal""","0","0.9","false","""/home/ramaswamy.51/Documents/github/Spirals/Media/data/cluster/endsim/BehaviorSearch/Step6_Trial""","true","0.1","1","7","0.7000000000000002","true","true","""902877122""","0.14180518888015553","0.14180518888015553","0.14180518888015553","0","0.14180518888015553"
"1","1472","1588","1000","1","""HK""","0.03","false","""normal""","1","""constant""","0","""Scale-free""","2","0","1","""uniform""","""deterministic-normal""","45","-0.7","0.30000000000000004","""normal""","0","0.9","false","""/home/ramaswamy.51/Documents/github/Spirals/Media/data/cluster/endsim/BehaviorSearch/Step6_Trial""","true","0.1","1","7","0.7000000000000002","true","true","""2113852081""","0.15010745047313073","0.15010745047313073","0.15010745047313073","0","0.15010745047313073"
"1","1473","1592","1000","1","""HK""","0.03","false","""normal""","1","""constant""","0.1","""Scale-free""","2","0","1","""uniform""","""deterministic-normal""","45","-0.7","0.30000000000000004","""normal""","0","0.9","false","""/home/ramaswamy.51/Documents/github/Spirals/Media/data/cluster/endsim/BehaviorSearch/Step6_Trial""","true","0.2","1","7","0.7000000000000002","true","true","""473457200""","0.08284375130666889","0.08284375130666889","0.08284375130666889","0","0.08284375130666889"
"1","1474","1592","1000","1","""HK""","0.03","false","""normal""","1","""constant""","0.1","""Scale-free""","2","0","1","""uniform""","""deterministic-normal""","45","-0.7","0.30000000000000004","""normal""","0","0.9","false","""/home/ramaswamy.51/Documents/github/Spirals/Media/data/cluster/endsim/BehaviorSearch/Step6_Trial""","true","0.2","1","7","0.7000000000000002","true","true","""-2032573336""","0.0940610113919329","0.0940610113919329","0.0940610113919329","0","0.0940610113919329"
"1","1475","1592","1000","1","""HK""","0.03","false","""normal""","1","""constant""","0.1","""Scale-free""","2","0","1","""uniform""","""deterministic-normal""","45","-0.7","0.30000000000000004","""normal""","0","0.9","false","""/home/ramaswamy.51/Documents/github/Spirals/Media/data/cluster/endsim/BehaviorSearch/Step6_Trial""","true","0.2","1","7","0.7000000000000002","true","true","""914091189""","0.08781221993480551","0.08781221993480551","0.08781221993480551","0","0.08781221993480551"
"1","1476","1592","1000","1","""HK""","0.03","false","""normal""","1","""constant""","0.1","""Scale-free""","2","0","1","""uniform""","""deterministic-normal""","45","-0.7","0.30000000000000004","""normal""","0","0.9","false","""/home/ramaswamy.51/Documents/github/Spirals/Media/data/cluster/endsim/BehaviorSearch/Step6_Trial""","true","0.2","1","7","0.7000000000000002","true","true","""1107413645""","0.10716105215761092","0.10716105215761092","0.10716105215761092","0","0.10716105215761092"
"1","1477","1596","1000","1","""HK""","0.05","false","""normal""","1","""constant""","0.2","""Scale-free""","2","0","1","""uniform""","""deterministic-normal""","40","-0.8","0","""normal""","0.20000000000000018","0.9","false","""/home/ramaswamy.51/Documents/github/Spirals/Media/data/cluster/endsim/BehaviorSearch/Step6_Trial""","true","0.30000000000000004","0.9","4","0.9000000000000001","true","true","""-1015291292""","0.17186105103038382","0.17186105103038382","0.17186105103038382","0","0.17186105103038382"
"1","1478","1596","1000","1","""HK""","0.05","false","""normal""","1","""constant""","0.2","""Scale-free""","2","0","1","""uniform""","""deterministic-normal""","40","-0.8","0","""normal""","0.20000000000000018","0.9","false","""/home/ramaswamy.51/Documents/github/Spirals/Media/data/cluster/endsim/BehaviorSearch/Step6_Trial""","true","0.30000000000000004","0.9","4","0.9000000000000001","true","true","""-1456642423""","0.16448181425288858","0.16448181425288858","0.16448181425288858","0","0.16448181425288858"
"1","1479","1596","1000","1","""HK""","0.05","false","""normal""","1","""constant""","0.2","""Scale-free""","2","0","1","""uniform""","""deterministic-normal""","40","-0.8","0","""normal""","0.20000000000000018","0.9","false","""/home/ramaswamy.51/Documents/github/Spirals/Media/data/cluster/endsim/BehaviorSearch/Step6_Trial""","true","0.30000000000000004","0.9","4","0.9000000000000001","true","true","""626301242""","0.19014882617721016","0.19014882617721016","0.19014882617721016","0","0.19014882617721016"
"1","1480","1596","1000","1","""HK""","0.05","false","""normal""","1","""constant""","0.2","""Scale-free""","2","0","1","""uniform""","""deterministic-normal""","40","-0.8","0","""normal""","0.20000000000000018","0.9","false","""/home/ramaswamy.51/Documents/github/Spirals/Media/data/cluster/endsim/BehaviorSearch/Step6_Trial""","true","0.30000000000000004","0.9","4","0.9000000000000001","true","true","""1286952819""","0.1572734126296997","0.1572734126296997","0.1572734126296997","0","0.1572734126296997"
"1","1481","1600","1000","1","""HK""","0.05","false","""normal""","1","""constant""","0.2","""Scale-free""","2","0","1","""uniform""","""deterministic-normal""","35","-0.8","0.1","""normal""","-0.19999999999999996","0.9","false","""/home/ramaswamy.51/Documents/github/Spirals/Media/data/cluster/endsim/BehaviorSearch/Step6_Trial""","true","0.30000000000000004","0.9","4","0.9000000000000001","true","true","""-827085822""","0.1463996765580615","0.1463996765580615","0.1463996765580615","0","0.1463996765580615"
"1","1482","1600","1000","1","""HK""","0.05","false","""normal""","1","""constant""","0.2","""Scale-free""","2","0","1","""uniform""","""deterministic-normal""","35","-0.8","0.1","""normal""","-0.19999999999999996","0.9","false","""/home/ramaswamy.51/Documents/github/Spirals/Media/data/cluster/endsim/BehaviorSearch/Step6_Trial""","true","0.30000000000000004","0.9","4","0.9000000000000001","true","true","""-539060243""","0.149653789590171","0.149653789590171","0.149653789590171","0","0.149653789590171"
"1","1483","1600","1000","1","""HK""","0.05","false","""normal""","1","""constant""","0.2","""Scale-free""","2","0","1","""uniform""","""deterministic-normal""","35","-0.8","0.1","""normal""","-0.19999999999999996","0.9","false","""/home/ramaswamy.51/Documents/github/Spirals/Media/data/cluster/endsim/BehaviorSearch/Step6_Trial""","true","0.30000000000000004","0.9","4","0.9000000000000001","true","true","""903475354""","0.17495947663223033","0.17495947663223033","0.17495947663223033","0","0.17495947663223033"
"1","1484","1600","1000","1","""HK""","0.05","false","""normal""","1","""constant""","0.2","""Scale-free""","2","0","1","""uniform""","""deterministic-normal""","35","-0.8","0.1","""normal""","-0.19999999999999996","0.9","false","""/home/ramaswamy.51/Documents/github/Spirals/Media/data/cluster/endsim/BehaviorSearch/Step6_Trial""","true","0.30000000000000004","0.9","4","0.9000000000000001","true","true","""384470642""","0.15799485334001348","0.15799485334001348","0.15799485334001348","0","0.15799485334001348"
"1","1485","1604","1000","1","""HK""","0.05","false","""normal""","1","""constant""","0.1","""Scale-free""","2","0","1","""uniform""","""deterministic-normal""","40","-1","0","""normal""","0","0.8","false","""/home/ramaswamy.51/Documents/github/Spirals/Media/data/cluster/endsim/BehaviorSearch/Step6_Trial""","true","0.30000000000000004","1","5","1","true","true","""1750459498""","0.09290561986659814","0.09290561986659814","0.09290561986659814","0","0.09290561986659814"
"1","1486","1604","1000","1","""HK""","0.05","false","""normal""","1","""constant""","0.1","""Scale-free""","2","0","1","""uniform""","""deterministic-normal""","40","-1","0","""normal""","0","0.8","false","""/home/ramaswamy.51/Documents/github/Spirals/Media/data/cluster/endsim/BehaviorSearch/Step6_Trial""","true","0.30000000000000004","1","5","1","true","true","""358991074""","0.12262875801412684","0.12262875801412684","0.12262875801412684","0","0.12262875801412684"
"1","1487","1604","1000","1","""HK""","0.05","false","""normal""","1","""constant""","0.1","""Scale-free""","2","0","1","""uniform""","""deterministic-normal""","40","-1","0","""normal""","0","0.8","false","""/home/ramaswamy.51/Documents/github/Spirals/Media/data/cluster/endsim/BehaviorSearch/Step6_Trial""","true","0.30000000000000004","1","5","1","true","true","""-2003926471""","0.10449695697884055","0.10449695697884055","0.10449695697884055","0","0.10449695697884055"
"1","1488","1604","1000","1","""HK""","0.05","false","""normal""","1","""constant""","0.1","""Scale-free""","2","0","1","""uniform""","""deterministic-normal""","40","-1","0","""normal""","0","0.8","false","""/home/ramaswamy.51/Documents/github/Spirals/Media/data/cluster/endsim/BehaviorSearch/Step6_Trial""","true","0.30000000000000004","1","5","1","true","true","""735333737""","0.08486516191003578","0.08486516191003578","0.08486516191003578","0","0.08486516191003578"
"1","1489","1608","1000","1","""HK""","0.03","false","""normal""","1","""constant""","0.1","""Scale-free""","2","0","1","""uniform""","""deterministic-normal""","40","-0.3999999999999999","0.2","""normal""","-0.09999999999999998","0.9","false","""/home/ramaswamy.51/Documents/github/Spirals/Media/data/cluster/endsim/BehaviorSearch/Step6_Trial""","true","0.2","1","5","1","true","true","""-1044310876""","0.09571380979915489","0.09571380979915489","0.09571380979915489","0","0.09571380979915489"
"1","1490","1608","1000","1","""HK""","0.03","false","""normal""","1","""constant""","0.1","""Scale-free""","2","0","1","""uniform""","""deterministic-normal""","40","-0.3999999999999999","0.2","""normal""","-0.09999999999999998","0.9","false","""/home/ramaswamy.51/Documents/github/Spirals/Media/data/cluster/endsim/BehaviorSearch/Step6_Trial""","true","0.2","1","5","1","true","true","""459566825""","0.07507293562803605","0.07507293562803605","0.07507293562803605","0","0.07507293562803605"
"1","1491","1608","1000","1","""HK""","0.03","false","""normal""","1","""constant""","0.1","""Scale-free""","2","0","1","""uniform""","""deterministic-normal""","40","-0.3999999999999999","0.2","""normal""","-0.09999999999999998","0.9","false","""/home/ramaswamy.51/Documents/github/Spirals/Media/data/cluster/endsim/BehaviorSearch/Step6_Trial""","true","0.2","1","5","1","true","true","""1859631635""","0.08651571626316645","0.08651571626316645","0.08651571626316645","0","0.08651571626316645"
"1","1492","1608","1000","1","""HK""","0.03","false","""normal""","1","""constant""","0.1","""Scale-free""","2","0","1","""uniform""","""deterministic-normal""","40","-0.3999999999999999","0.2","""normal""","-0.09999999999999998","0.9","false","""/home/ramaswamy.51/Documents/github/Spirals/Media/data/cluster/endsim/BehaviorSearch/Step6_Trial""","true","0.2","1","5","1","true","true","""35648971""","0.08397377615950945","0.08397377615950945","0.08397377615950945","0","0.08397377615950945"
"1","1493","1612","1000","1","""HK""","0.03","false","""normal""","1","""constant""","0.1","""Scale-free""","2","0","1","""uniform""","""deterministic-normal""","40","-0.3999999999999999","0.2","""normal""","-0.09999999999999998","0.9","false","""/home/ramaswamy.51/Documents/github/Spirals/Media/data/cluster/endsim/BehaviorSearch/Step6_Trial""","true","0.2","1","4","0.7000000000000002","true","true","""1387191430""","0.10652110080114997","0.10652110080114997","0.10652110080114997","0","0.10652110080114997"
"1","1494","1612","1000","1","""HK""","0.03","false","""normal""","1","""constant""","0.1","""Scale-free""","2","0","1","""uniform""","""deterministic-normal""","40","-0.3999999999999999","0.2","""normal""","-0.09999999999999998","0.9","false","""/home/ramaswamy.51/Documents/github/Spirals/Media/data/cluster/endsim/BehaviorSearch/Step6_Trial""","true","0.2","1","4","0.7000000000000002","true","true","""769287584""","0.09350650728038469","0.09350650728038469","0.09350650728038469","0","0.09350650728038469"
"1","1495","1612","1000","1","""HK""","0.03","false","""normal""","1","""constant""","0.1","""Scale-free""","2","0","1","""uniform""","""deterministic-normal""","40","-0.3999999999999999","0.2","""normal""","-0.09999999999999998","0.9","false","""/home/ramaswamy.51/Documents/github/Spirals/Media/data/cluster/endsim/BehaviorSearch/Step6_Trial""","true","0.2","1","4","0.7000000000000002","true","true","""1373117547""","0.10250401436742605","0.10250401436742605","0.10250401436742605","0","0.10250401436742605"
"1","1496","1612","1000","1","""HK""","0.03","false","""normal""","1","""constant""","0.1","""Scale-free""","2","0","1","""uniform""","""deterministic-normal""","40","-0.3999999999999999","0.2","""normal""","-0.09999999999999998","0.9","false","""/home/ramaswamy.51/Documents/github/Spirals/Media/data/cluster/endsim/BehaviorSearch/Step6_Trial""","true","0.2","1","4","0.7000000000000002","true","true","""1963986302""","0.09186197611037053","0.09186197611037053","0.09186197611037053","0","0.09186197611037053"
"1","1497","1616","1000","1","""HK""","0.03","false","""normal""","1","""constant""","0.1","""Scale-free""","2","0","1","""uniform""","""deterministic-normal""","40","-0.29999999999999993","0.2","""normal""","0","0.9","false","""/home/ramaswamy.51/Documents/github/Spirals/Media/data/cluster/endsim/BehaviorSearch/Step6_Trial""","true","0.1","1","7","0.7000000000000002","true","true","""571284925""","0.08359144342976821","0.08359144342976821","0.08359144342976821","0","0.08359144342976821"
"1","1498","1616","1000","1","""HK""","0.03","false","""normal""","1","""constant""","0.1","""Scale-free""","2","0","1","""uniform""","""deterministic-normal""","40","-0.29999999999999993","0.2","""normal""","0","0.9","false","""/home/ramaswamy.51/Documents/github/Spirals/Media/data/cluster/endsim/BehaviorSearch/Step6_Trial""","true","0.1","1","7","0.7000000000000002","true","true","""-1091618771""","0.09219603879575003","0.09219603879575003","0.09219603879575003","0","0.09219603879575003"
"1","1499","1616","1000","1","""HK""","0.03","false","""normal""","1","""constant""","0.1","""Scale-free""","2","0","1","""uniform""","""deterministic-normal""","40","-0.29999999999999993","0.2","""normal""","0","0.9","false","""/home/ramaswamy.51/Documents/github/Spirals/Media/data/cluster/endsim/BehaviorSearch/Step6_Trial""","true","0.1","1","7","0.7000000000000002","true","true","""-1236011287""","0.1061236938132768","0.1061236938132768","0.1061236938132768","0","0.1061236938132768"
"1","1500","1616","1000","1","""HK""","0.03","false","""normal""","1","""constant""","0.1","""Scale-free""","2","0","1","""uniform""","""deterministic-normal""","40","-0.29999999999999993","0.2","""normal""","0","0.9","false","""/home/ramaswamy.51/Documents/github/Spirals/Media/data/cluster/endsim/BehaviorSearch/Step6_Trial""","true","0.1","1","7","0.7000000000000002","true","true","""-519488061""","0.10542054017291451","0.10542054017291451","0.10542054017291451","0","0.10542054017291451"
