"search-number","evaluation","evals-requested-so-far","number_of_agents*","number_of_opinion_dimensions*","model*","boundary_mean*","set-seed?*","boundary_distribution*","conformity_mean*","conformity_distribution*","boundary_std*","network_type*","scale_free_degree*","scale_free_selection-mu*","scale_free_selection-sigma*","scale_free_selection-distribution*","media_house_distribution*","number_of_media_houses*","media_house_distribution_normal_mean*","media_house_distribution_normal_std*","opinion_distribution*","opinion_mean*","opinion_std*","save_end_sim_data*","endsimdirectory*","use_media_influence_factor?*","media_influence_factor*","silence_alpha*","silence_tau*","silence_delta0*","classify_proponents_by_boundary?*","use_silence?*","random-seed","min-result","max-result","mean-result","stdev-result","final-step-result"
"1","1","120","1000","1","""HK""","0.29000000000000004","false","""normal""","1","""constant""","0.5","""Scale-free""","5","0","1","""uniform""","""deterministic-normal""","0","0","1","""normal""","0.20000000000000018","0.9","false","""/home/ramaswamy.51/Documents/github/Spirals/Media/data/cluster/endsim/BehaviorSearch/Step6_Trial""","true","0","1","0","0","true","false","""1900940626""","0.43076352564141374","0.43076352564141374","0.43076352564141374","0","0.43076352564141374"
"1","2","120","1000","1","""HK""","0.29000000000000004","false","""normal""","1","""constant""","0.5","""Scale-free""","5","0","1","""uniform""","""deterministic-normal""","0","0","1","""normal""","0.20000000000000018","0.9","false","""/home/ramaswamy.51/Documents/github/Spirals/Media/data/cluster/endsim/BehaviorSearch/Step6_Trial""","true","0","1","0","0","true","false","""1041318038""","0.40621076639702836","0.40621076639702836","0.40621076639702836","0","0.40621076639702836"
"1","3","120","1000","1","""HK""","0.29000000000000004","false","""normal""","1","""constant""","0.5","""Scale-free""","5","0","1","""uniform""","""deterministic-normal""","0","0","1","""normal""","0.20000000000000018","0.9","false","""/home/ramaswamy.51/Documents/github/Spirals/Media/data/cluster/endsim/BehaviorSearch/Step6_Trial""","true","0","1","0","0","true","false","""-275181042""","0.41763191667633237","0.41763191667633237","0.41763191667633237","0","0.41763191667633237"
"1","4","120","1000","1","""HK""","0.29000000000000004","false","""normal""","1","""constant""","0.5","""Scale-free""","5","0","1","""uniform""","""deterministic-normal""","0","0","1","""normal""","0.20000000000000018","0.9","false","""/home/ramaswamy.51/Documents/github/Spirals/Media/data/cluster/endsim/BehaviorSearch/Step6_Trial""","true","0","1","0","0","true","false","""1357859302""","0.40140809356375884","0.40140809356375884","0.40140809356375884","0","0.40140809356375884"
"1","5","120","1000","1","""HK""","0.2","false","""normal""","1","""constant""","0.4","""Scale-free""","5","0","1","""uniform""","""deterministic-normal""","0","0","1","""normal""","-0.5","0.5","false","""/home/ramaswamy.51/Documents/github/Spirals/Media/data/cluster/endsim/BehaviorSearch/Step6_Trial""","true","0","1","0","0","true","false","""275667915""","0.43896692698796563","0.43896692698796563","0.43896692698796563","0","0.43896692698796563"
"1","6","120","1000","1","""HK""","0.2","false","""normal""","1","""constant""","0.4","""Scale-free""","5","0","1","""uniform""","""deterministic-normal""","0","0","1","""normal""","-0.5","0.5","false","""/home/ramaswamy.51/Documents/github/Spirals/Media/data/cluster/endsim/BehaviorSearch/Step6_Trial""","true","0","1","0","0","true","false","""2039678321""","0.42769941351141416","0.42769941351141416","0.42769941351141416","0","0.42769941351141416"
"1","7","120","1000","1","""HK""","0.2","false","""normal""","1","""constant""","0.4","""Scale-free""","5","0","1","""uniform""","""deterministic-normal""","0","0","1","""normal""","-0.5","0.5","false","""/home/ramaswamy.51/Documents/github/Spirals/Media/data/cluster/endsim/BehaviorSearch/Step6_Trial""","true","0","1","0","0","true","false","""-1457357874""","0.42273805671659737","0.42273805671659737","0.42273805671659737","0","0.42273805671659737"
"1","8","120","1000","1","""HK""","0.2","false","""normal""","1","""constant""","0.4","""Scale-free""","5","0","1","""uniform""","""deterministic-normal""","0","0","1","""normal""","-0.5","0.5","false","""/home/ramaswamy.51/Documents/github/Spirals/Media/data/cluster/endsim/BehaviorSearch/Step6_Trial""","true","0","1","0","0","true","false","""-71581044""","0.42454646658909273","0.42454646658909273","0.42454646658909273","0","0.42454646658909273"
"1","9","120","1000","1","""HK""","0.13","false","""normal""","1","""constant""","0.4","""Scale-free""","3","0","1","""uniform""","""deterministic-normal""","0","0","1","""normal""","-0.9","0.1","false","""/home/ramaswamy.51/Documents/github/Spirals/Media/data/cluster/endsim/BehaviorSearch/Step6_Trial""","true","0","1","0","0","true","false","""853738535""","0.42922441933683003","0.42922441933683003","0.42922441933683003","0","0.42922441933683003"
"1","10","120","1000","1","""HK""","0.13","false","""normal""","1","""constant""","0.4","""Scale-free""","3","0","1","""uniform""","""deterministic-normal""","0","0","1","""normal""","-0.9","0.1","false","""/home/ramaswamy.51/Documents/github/Spirals/Media/data/cluster/endsim/BehaviorSearch/Step6_Trial""","true","0","1","0","0","true","false","""1858739316""","0.42474953161390894","0.42474953161390894","0.42474953161390894","0","0.42474953161390894"
"1","11","120","1000","1","""HK""","0.13","false","""normal""","1","""constant""","0.4","""Scale-free""","3","0","1","""uniform""","""deterministic-normal""","0","0","1","""normal""","-0.9","0.1","false","""/home/ramaswamy.51/Documents/github/Spirals/Media/data/cluster/endsim/BehaviorSearch/Step6_Trial""","true","0","1","0","0","true","false","""101618613""","0.439852060704173","0.439852060704173","0.439852060704173","0","0.439852060704173"
"1","12","120","1000","1","""HK""","0.13","false","""normal""","1","""constant""","0.4","""Scale-free""","3","0","1","""uniform""","""deterministic-normal""","0","0","1","""normal""","-0.9","0.1","false","""/home/ramaswamy.51/Documents/github/Spirals/Media/data/cluster/endsim/BehaviorSearch/Step6_Trial""","true","0","1","0","0","true","false","""-414366168""","0.42773791041369286","0.42773791041369286","0.42773791041369286","0","0.42773791041369286"
"1","13","120","1000","1","""HK""","0.25","false","""normal""","1","""constant""","0.2","""Scale-free""","5","0","1","""uniform""","""deterministic-normal""","0","0","1","""normal""","0.8","1","false","""/home/ramaswamy.51/Documents/github/Spirals/Media/data/cluster/endsim/BehaviorSearch/Step6_Trial""","true","0","1","0","0","true","false","""-477829373""","0.38249732734509095","0.38249732734509095","0.38249732734509095","0","0.38249732734509095"
"1","14","120","1000","1","""HK""","0.25","false","""normal""","1","""constant""","0.2","""Scale-free""","5","0","1","""uniform""","""deterministic-normal""","0","0","1","""normal""","0.8","1","false","""/home/ramaswamy.51/Documents/github/Spirals/Media/data/cluster/endsim/BehaviorSearch/Step6_Trial""","true","0","1","0","0","true","false","""-1525537242""","0.43015940168886496","0.43015940168886496","0.43015940168886496","0","0.43015940168886496"
"1","15","120","1000","1","""HK""","0.25","false","""normal""","1","""constant""","0.2","""Scale-free""","5","0","1","""uniform""","""deterministic-normal""","0","0","1","""normal""","0.8","1","false","""/home/ramaswamy.51/Documents/github/Spirals/Media/data/cluster/endsim/BehaviorSearch/Step6_Trial""","true","0","1","0","0","true","false","""-1827106994""","0.4138700472883189","0.4138700472883189","0.4138700472883189","0","0.4138700472883189"
"1","16","120","1000","1","""HK""","0.25","false","""normal""","1","""constant""","0.2","""Scale-free""","5","0","1","""uniform""","""deterministic-normal""","0","0","1","""normal""","0.8","1","false","""/home/ramaswamy.51/Documents/github/Spirals/Media/data/cluster/endsim/BehaviorSearch/Step6_Trial""","true","0","1","0","0","true","false","""373601923""","0.3969685819034901","0.3969685819034901","0.3969685819034901","0","0.3969685819034901"
"1","17","120","1000","1","""HK""","0.04","false","""normal""","1","""constant""","0.5","""Scale-free""","2","0","1","""uniform""","""deterministic-normal""","0","0","1","""normal""","0.7000000000000002","0.7000000000000001","false","""/home/ramaswamy.51/Documents/github/Spirals/Media/data/cluster/endsim/BehaviorSearch/Step6_Trial""","true","0","1","0","0","true","false","""-1974700721""","0.39868855585857726","0.39868855585857726","0.39868855585857726","0","0.39868855585857726"
"1","18","120","1000","1","""HK""","0.04","false","""normal""","1","""constant""","0.5","""Scale-free""","2","0","1","""uniform""","""deterministic-normal""","0","0","1","""normal""","0.7000000000000002","0.7000000000000001","false","""/home/ramaswamy.51/Documents/github/Spirals/Media/data/cluster/endsim/BehaviorSearch/Step6_Trial""","true","0","1","0","0","true","false","""1274847815""","0.3645229475017468","0.3645229475017468","0.3645229475017468","0","0.3645229475017468"
"1","19","120","1000","1","""HK""","0.04","false","""normal""","1","""constant""","0.5","""Scale-free""","2","0","1","""uniform""","""deterministic-normal""","0","0","1","""normal""","0.7000000000000002","0.7000000000000001","false","""/home/ramaswamy.51/Documents/github/Spirals/Media/data/cluster/endsim/BehaviorSearch/Step6_Trial""","true","0","1","0","0","true","false","""-476853492""","0.385251303509199","0.385251303509199","0.385251303509199","0","0.385251303509199"
"1","20","120","1000","1","""HK""","0.04","false","""normal""","1","""constant""","0.5","""Scale-free""","2","0","1","""uniform""","""deterministic-normal""","0","0","1","""normal""","0.7000000000000002","0.7000000000000001","false","""/home/ramaswamy.51/Documents/github/Spirals/Media/data/cluster/endsim/BehaviorSearch/Step6_Trial""","true","0","1","0","0","true","false","""243817570""","0.39191380933380815","0.39191380933380815","0.39191380933380815","0","0.39191380933380815"
"1","21","120","1000","1","""HK""","0.17","false","""normal""","1","""constant""","0.30000000000000004","""Scale-free""","5","0","1","""uniform""","""deterministic-normal""","0","0","1","""normal""","0.40000000000000013","0.8","false","""/home/ramaswamy.51/Documents/github/Spirals/Media/data/cluster/endsim/BehaviorSearch/Step6_Trial""","true","0","1","0","0","true","false","""1071649934""","0.4012729677358956","0.4012729677358956","0.4012729677358956","0","0.4012729677358956"
"1","22","120","1000","1","""HK""","0.17","false","""normal""","1","""constant""","0.30000000000000004","""Scale-free""","5","0","1","""uniform""","""deterministic-normal""","0","0","1","""normal""","0.40000000000000013","0.8","false","""/home/ramaswamy.51/Documents/github/Spirals/Media/data/cluster/endsim/BehaviorSearch/Step6_Trial""","true","0","1","0","0","true","false","""-1414689157""","0.3866696190956856","0.3866696190956856","0.3866696190956856","0","0.3866696190956856"
"1","23","120","1000","1","""HK""","0.17","false","""normal""","1","""constant""","0.30000000000000004","""Scale-free""","5","0","1","""uniform""","""deterministic-normal""","0","0","1","""normal""","0.40000000000000013","0.8","false","""/home/ramaswamy.51/Documents/github/Spirals/Media/data/cluster/endsim/BehaviorSearch/Step6_Trial""","true","0","1","0","0","true","false","""569812054""","0.38657649973261016","0.38657649973261016","0.38657649973261016","0","0.38657649973261016"
"1","24","120","1000","1","""HK""","0.17","false","""normal""","1","""constant""","0.30000000000000004","""Scale-free""","5","0","1","""uniform""","""deterministic-normal""","0","0","1","""normal""","0.40000000000000013","0.8","false","""/home/ramaswamy.51/Documents/github/Spirals/Media/data/cluster/endsim/BehaviorSearch/Step6_Trial""","true","0","1","0","0","true","false","""-1968613522""","0.36125537677848724","0.36125537677848724","0.36125537677848724","0","0.36125537677848724"
"1","25","120","1000","1","""HK""","0.11","false","""normal""","1","""constant""","0.1","""Scale-free""","1","0","1","""uniform""","""deterministic-normal""","0","0","1","""normal""","0.9000000000000001","0.9","false","""/home/ramaswamy.51/Documents/github/Spirals/Media/data/cluster/endsim/BehaviorSearch/Step6_Trial""","true","0","1","0","0","true","false","""-5309369""","0.2538610978165489","0.2538610978165489","0.2538610978165489","0","0.2538610978165489"
"1","26","120","1000","1","""HK""","0.11","false","""normal""","1","""constant""","0.1","""Scale-free""","1","0","1","""uniform""","""deterministic-normal""","0","0","1","""normal""","0.9000000000000001","0.9","false","""/home/ramaswamy.51/Documents/github/Spirals/Media/data/cluster/endsim/BehaviorSearch/Step6_Trial""","true","0","1","0","0","true","false","""2102401894""","0.2358846104757303","0.2358846104757303","0.2358846104757303","0","0.2358846104757303"
"1","27","120","1000","1","""HK""","0.11","false","""normal""","1","""constant""","0.1","""Scale-free""","1","0","1","""uniform""","""deterministic-normal""","0","0","1","""normal""","0.9000000000000001","0.9","false","""/home/ramaswamy.51/Documents/github/Spirals/Media/data/cluster/endsim/BehaviorSearch/Step6_Trial""","true","0","1","0","0","true","false","""-1026155663""","0.2433608561995544","0.2433608561995544","0.2433608561995544","0","0.2433608561995544"
"1","28","120","1000","1","""HK""","0.11","false","""normal""","1","""constant""","0.1","""Scale-free""","1","0","1","""uniform""","""deterministic-normal""","0","0","1","""normal""","0.9000000000000001","0.9","false","""/home/ramaswamy.51/Documents/github/Spirals/Media/data/cluster/endsim/BehaviorSearch/Step6_Trial""","true","0","1","0","0","true","false","""1690141253""","0.23278461564021077","0.23278461564021077","0.23278461564021077","0","0.23278461564021077"
"1","29","120","1000","1","""HK""","0.19","false","""normal""","1","""constant""","0.2","""Scale-free""","5","0","1","""uniform""","""deterministic-normal""","0","0","1","""normal""","-0.29999999999999993","0.9","false","""/home/ramaswamy.51/Documents/github/Spirals/Media/data/cluster/endsim/BehaviorSearch/Step6_Trial""","true","0","1","0","0","true","false","""829973246""","0.388915248795274","0.388915248795274","0.388915248795274","0","0.388915248795274"
"1","30","120","1000","1","""HK""","0.19","false","""normal""","1","""constant""","0.2","""Scale-free""","5","0","1","""uniform""","""deterministic-normal""","0","0","1","""normal""","-0.29999999999999993","0.9","false","""/home/ramaswamy.51/Documents/github/Spirals/Media/data/cluster/endsim/BehaviorSearch/Step6_Trial""","true","0","1","0","0","true","false","""1406888532""","0.3770280131606287","0.3770280131606287","0.3770280131606287","0","0.3770280131606287"
"1","31","120","1000","1","""HK""","0.19","false","""normal""","1","""constant""","0.2","""Scale-free""","5","0","1","""uniform""","""deterministic-normal""","0","0","1","""normal""","-0.29999999999999993","0.9","false","""/home/ramaswamy.51/Documents/github/Spirals/Media/data/cluster/endsim/BehaviorSearch/Step6_Trial""","true","0","1","0","0","true","false","""196410410""","0.36534933543363246","0.36534933543363246","0.36534933543363246","0","0.36534933543363246"
"1","32","120","1000","1","""HK""","0.19","false","""normal""","1","""constant""","0.2","""Scale-free""","5","0","1","""uniform""","""deterministic-normal""","0","0","1","""normal""","-0.29999999999999993","0.9","false","""/home/ramaswamy.51/Documents/github/Spirals/Media/data/cluster/endsim/BehaviorSearch/Step6_Trial""","true","0","1","0","0","true","false","""335697191""","0.382708665133105","0.382708665133105","0.382708665133105","0","0.382708665133105"
"1","33","120","1000","1","""HK""","0.09999999999999999","false","""normal""","1","""constant""","0.1","""Scale-free""","1","0","1","""uniform""","""deterministic-normal""","0","0","1","""normal""","0.10000000000000009","0.1","false","""/home/ramaswamy.51/Documents/github/Spirals/Media/data/cluster/endsim/BehaviorSearch/Step6_Trial""","true","0","1","0","0","true","false","""921354763""","0.4732329190666735","0.4732329190666735","0.4732329190666735","0","0.4732329190666735"
"1","34","120","1000","1","""HK""","0.09999999999999999","false","""normal""","1","""constant""","0.1","""Scale-free""","1","0","1","""uniform""","""deterministic-normal""","0","0","1","""normal""","0.10000000000000009","0.1","false","""/home/ramaswamy.51/Documents/github/Spirals/Media/data/cluster/endsim/BehaviorSearch/Step6_Trial""","true","0","1","0","0","true","false","""58183501""","0.46434395752217494","0.46434395752217494","0.46434395752217494","0","0.46434395752217494"
"1","35","120","1000","1","""HK""","0.09999999999999999","false","""normal""","1","""constant""","0.1","""Scale-free""","1","0","1","""uniform""","""deterministic-normal""","0","0","1","""normal""","0.10000000000000009","0.1","false","""/home/ramaswamy.51/Documents/github/Spirals/Media/data/cluster/endsim/BehaviorSearch/Step6_Trial""","true","0","1","0","0","true","false","""698283152""","0.4685724787504816","0.4685724787504816","0.4685724787504816","0","0.4685724787504816"
"1","36","120","1000","1","""HK""","0.09999999999999999","false","""normal""","1","""constant""","0.1","""Scale-free""","1","0","1","""uniform""","""deterministic-normal""","0","0","1","""normal""","0.10000000000000009","0.1","false","""/home/ramaswamy.51/Documents/github/Spirals/Media/data/cluster/endsim/BehaviorSearch/Step6_Trial""","true","0","1","0","0","true","false","""2017395817""","0.46559166249890094","0.46559166249890094","0.46559166249890094","0","0.46559166249890094"
"1","37","120","1000","1","""HK""","0.04","false","""normal""","1","""constant""","0","""Scale-free""","4","0","1","""uniform""","""deterministic-normal""","0","0","1","""normal""","1","0.4","false","""/home/ramaswamy.51/Documents/github/Spirals/Media/data/cluster/endsim/BehaviorSearch/Step6_Trial""","true","0","1","0","0","true","false","""1575897128""","0.5795441439770723","0.5795441439770723","0.5795441439770723","0","0.5795441439770723"
"1","38","120","1000","1","""HK""","0.04","false","""normal""","1","""constant""","0","""Scale-free""","4","0","1","""uniform""","""deterministic-normal""","0","0","1","""normal""","1","0.4","false","""/home/ramaswamy.51/Documents/github/Spirals/Media/data/cluster/endsim/BehaviorSearch/Step6_Trial""","true","0","1","0","0","true","false","""445927748""","0.5863603684997081","0.5863603684997081","0.5863603684997081","0","0.5863603684997081"
"1","39","120","1000","1","""HK""","0.04","false","""normal""","1","""constant""","0","""Scale-free""","4","0","1","""uniform""","""deterministic-normal""","0","0","1","""normal""","1","0.4","false","""/home/ramaswamy.51/Documents/github/Spirals/Media/data/cluster/endsim/BehaviorSearch/Step6_Trial""","true","0","1","0","0","true","false","""-712546736""","0.5750433201657098","0.5750433201657098","0.5750433201657098","0","0.5750433201657098"
"1","40","120","1000","1","""HK""","0.04","false","""normal""","1","""constant""","0","""Scale-free""","4","0","1","""uniform""","""deterministic-normal""","0","0","1","""normal""","1","0.4","false","""/home/ramaswamy.51/Documents/github/Spirals/Media/data/cluster/endsim/BehaviorSearch/Step6_Trial""","true","0","1","0","0","true","false","""-865945724""","0.5816733640277553","0.5816733640277553","0.5816733640277553","0","0.5816733640277553"
"1","41","120","1000","1","""HK""","0.2","false","""normal""","1","""constant""","0.5","""Scale-free""","2","0","1","""uniform""","""deterministic-normal""","0","0","1","""normal""","-1","0.7000000000000001","false","""/home/ramaswamy.51/Documents/github/Spirals/Media/data/cluster/endsim/BehaviorSearch/Step6_Trial""","true","0","1","0","0","true","false","""1779202237""","0.40458475999381466","0.40458475999381466","0.40458475999381466","0","0.40458475999381466"
"1","42","120","1000","1","""HK""","0.2","false","""normal""","1","""constant""","0.5","""Scale-free""","2","0","1","""uniform""","""deterministic-normal""","0","0","1","""normal""","-1","0.7000000000000001","false","""/home/ramaswamy.51/Documents/github/Spirals/Media/data/cluster/endsim/BehaviorSearch/Step6_Trial""","true","0","1","0","0","true","false","""-929298343""","0.39167106196506335","0.39167106196506335","0.39167106196506335","0","0.39167106196506335"
"1","43","120","1000","1","""HK""","0.2","false","""normal""","1","""constant""","0.5","""Scale-free""","2","0","1","""uniform""","""deterministic-normal""","0","0","1","""normal""","-1","0.7000000000000001","false","""/home/ramaswamy.51/Documents/github/Spirals/Media/data/cluster/endsim/BehaviorSearch/Step6_Trial""","true","0","1","0","0","true","false","""887274227""","0.3917463855126572","0.3917463855126572","0.3917463855126572","0","0.3917463855126572"
"1","44","120","1000","1","""HK""","0.2","false","""normal""","1","""constant""","0.5","""Scale-free""","2","0","1","""uniform""","""deterministic-normal""","0","0","1","""normal""","-1","0.7000000000000001","false","""/home/ramaswamy.51/Documents/github/Spirals/Media/data/cluster/endsim/BehaviorSearch/Step6_Trial""","true","0","1","0","0","true","false","""-1523417637""","0.40847757065935447","0.40847757065935447","0.40847757065935447","0","0.40847757065935447"
"1","45","120","1000","1","""HK""","0.11","false","""normal""","1","""constant""","0.30000000000000004","""Scale-free""","5","0","1","""uniform""","""deterministic-normal""","0","0","1","""normal""","1","0.5","false","""/home/ramaswamy.51/Documents/github/Spirals/Media/data/cluster/endsim/BehaviorSearch/Step6_Trial""","true","0","1","0","0","true","false","""106313708""","0.43800871945976877","0.43800871945976877","0.43800871945976877","0","0.43800871945976877"
"1","46","120","1000","1","""HK""","0.11","false","""normal""","1","""constant""","0.30000000000000004","""Scale-free""","5","0","1","""uniform""","""deterministic-normal""","0","0","1","""normal""","1","0.5","false","""/home/ramaswamy.51/Documents/github/Spirals/Media/data/cluster/endsim/BehaviorSearch/Step6_Trial""","true","0","1","0","0","true","false","""-195338476""","0.40226831222271997","0.40226831222271997","0.40226831222271997","0","0.40226831222271997"
"1","47","120","1000","1","""HK""","0.11","false","""normal""","1","""constant""","0.30000000000000004","""Scale-free""","5","0","1","""uniform""","""deterministic-normal""","0","0","1","""normal""","1","0.5","false","""/home/ramaswamy.51/Documents/github/Spirals/Media/data/cluster/endsim/BehaviorSearch/Step6_Trial""","true","0","1","0","0","true","false","""-1311920996""","0.42147339060267386","0.42147339060267386","0.42147339060267386","0","0.42147339060267386"
"1","48","120","1000","1","""HK""","0.11","false","""normal""","1","""constant""","0.30000000000000004","""Scale-free""","5","0","1","""uniform""","""deterministic-normal""","0","0","1","""normal""","1","0.5","false","""/home/ramaswamy.51/Documents/github/Spirals/Media/data/cluster/endsim/BehaviorSearch/Step6_Trial""","true","0","1","0","0","true","false","""840204722""","0.433093392997263","0.433093392997263","0.433093392997263","0","0.433093392997263"
"1","49","120","1000","1","""HK""","0.25","false","""normal""","1","""constant""","0","""Scale-free""","4","0","1","""uniform""","""deterministic-normal""","0","0","1","""normal""","-0.9","0.5","false","""/home/ramaswamy.51/Documents/github/Spirals/Media/data/cluster/endsim/BehaviorSearch/Step6_Trial""","true","0","1","0","0","true","false","""1303626426""","0.5095184510641297","0.5095184510641297","0.5095184510641297","0","0.5095184510641297"
"1","50","120","1000","1","""HK""","0.25","false","""normal""","1","""constant""","0","""Scale-free""","4","0","1","""uniform""","""deterministic-normal""","0","0","1","""normal""","-0.9","0.5","false","""/home/ramaswamy.51/Documents/github/Spirals/Media/data/cluster/endsim/BehaviorSearch/Step6_Trial""","true","0","1","0","0","true","false","""-1592801095""","0.5095184510641297","0.5095184510641297","0.5095184510641297","0","0.5095184510641297"
"1","51","120","1000","1","""HK""","0.25","false","""normal""","1","""constant""","0","""Scale-free""","4","0","1","""uniform""","""deterministic-normal""","0","0","1","""normal""","-0.9","0.5","false","""/home/ramaswamy.51/Documents/github/Spirals/Media/data/cluster/endsim/BehaviorSearch/Step6_Trial""","true","0","1","0","0","true","false","""1816648416""","0.5095184510641297","0.5095184510641297","0.5095184510641297","0","0.5095184510641297"
"1","52","120","1000","1","""HK""","0.25","false","""normal""","1","""constant""","0","""Scale-free""","4","0","1","""uniform""","""deterministic-normal""","0","0","1","""normal""","-0.9","0.5","false","""/home/ramaswamy.51/Documents/github/Spirals/Media/data/cluster/endsim/BehaviorSearch/Step6_Trial""","true","0","1","0","0","true","false","""967082499""","0.5095184510641297","0.5095184510641297","0.5095184510641297","0","0.5095184510641297"
"1","53","120","1000","1","""HK""","0.24000000000000002","false","""normal""","1","""constant""","0.4","""Scale-free""","2","0","1","""uniform""","""deterministic-normal""","0","0","1","""normal""","0","0.8","false","""/home/ramaswamy.51/Documents/github/Spirals/Media/data/cluster/endsim/BehaviorSearch/Step6_Trial""","true","0","1","0","0","true","false","""851597937""","0.3932576102548623","0.3932576102548623","0.3932576102548623","0","0.3932576102548623"
"1","54","120","1000","1","""HK""","0.24000000000000002","false","""normal""","1","""constant""","0.4","""Scale-free""","2","0","1","""uniform""","""deterministic-normal""","0","0","1","""normal""","0","0.8","false","""/home/ramaswamy.51/Documents/github/Spirals/Media/data/cluster/endsim/BehaviorSearch/Step6_Trial""","true","0","1","0","0","true","false","""-1560822364""","0.3781503822437176","0.3781503822437176","0.3781503822437176","0","0.3781503822437176"
"1","55","120","1000","1","""HK""","0.24000000000000002","false","""normal""","1","""constant""","0.4","""Scale-free""","2","0","1","""uniform""","""deterministic-normal""","0","0","1","""normal""","0","0.8","false","""/home/ramaswamy.51/Documents/github/Spirals/Media/data/cluster/endsim/BehaviorSearch/Step6_Trial""","true","0","1","0","0","true","false","""-1184950301""","0.37776970367652224","0.37776970367652224","0.37776970367652224","0","0.37776970367652224"
"1","56","120","1000","1","""HK""","0.24000000000000002","false","""normal""","1","""constant""","0.4","""Scale-free""","2","0","1","""uniform""","""deterministic-normal""","0","0","1","""normal""","0","0.8","false","""/home/ramaswamy.51/Documents/github/Spirals/Media/data/cluster/endsim/BehaviorSearch/Step6_Trial""","true","0","1","0","0","true","false","""-1098571011""","0.39770811727928285","0.39770811727928285","0.39770811727928285","0","0.39770811727928285"
"1","57","120","1000","1","""HK""","0.01","false","""normal""","1","""constant""","0.4","""Scale-free""","5","0","1","""uniform""","""deterministic-normal""","0","0","1","""normal""","0.10000000000000009","0.6000000000000001","false","""/home/ramaswamy.51/Documents/github/Spirals/Media/data/cluster/endsim/BehaviorSearch/Step6_Trial""","true","0","1","0","0","true","false","""1669694349""","0.3797611169396605","0.3797611169396605","0.3797611169396605","0","0.3797611169396605"
"1","58","120","1000","1","""HK""","0.01","false","""normal""","1","""constant""","0.4","""Scale-free""","5","0","1","""uniform""","""deterministic-normal""","0","0","1","""normal""","0.10000000000000009","0.6000000000000001","false","""/home/ramaswamy.51/Documents/github/Spirals/Media/data/cluster/endsim/BehaviorSearch/Step6_Trial""","true","0","1","0","0","true","false","""1485480723""","0.37858723917079473","0.37858723917079473","0.37858723917079473","0","0.37858723917079473"
"1","59","120","1000","1","""HK""","0.01","false","""normal""","1","""constant""","0.4","""Scale-free""","5","0","1","""uniform""","""deterministic-normal""","0","0","1","""normal""","0.10000000000000009","0.6000000000000001","false","""/home/ramaswamy.51/Documents/github/Spirals/Media/data/cluster/endsim/BehaviorSearch/Step6_Trial""","true","0","1","0","0","true","false","""-946099240""","0.37217400237374615","0.37217400237374615","0.37217400237374615","0","0.37217400237374615"
"1","60","120","1000","1","""HK""","0.01","false","""normal""","1","""constant""","0.4","""Scale-free""","5","0","1","""uniform""","""deterministic-normal""","0","0","1","""normal""","0.10000000000000009","0.6000000000000001","false","""/home/ramaswamy.51/Documents/github/Spirals/Media/data/cluster/endsim/BehaviorSearch/Step6_Trial""","true","0","1","0","0","true","false","""-1331755209""","0.37081090301632835","0.37081090301632835","0.37081090301632835","0","0.37081090301632835"
"1","61","120","1000","1","""HK""","0.09","false","""normal""","1","""constant""","0.30000000000000004","""Scale-free""","3","0","1","""uniform""","""deterministic-normal""","0","0","1","""normal""","0.8","0.4","false","""/home/ramaswamy.51/Documents/github/Spirals/Media/data/cluster/endsim/BehaviorSearch/Step6_Trial""","true","0","1","0","0","true","false","""704204466""","0.4220591274634499","0.4220591274634499","0.4220591274634499","0","0.4220591274634499"
"1","62","120","1000","1","""HK""","0.09","false","""normal""","1","""constant""","0.30000000000000004","""Scale-free""","3","0","1","""uniform""","""deterministic-normal""","0","0","1","""normal""","0.8","0.4","false","""/home/ramaswamy.51/Documents/github/Spirals/Media/data/cluster/endsim/BehaviorSearch/Step6_Trial""","true","0","1","0","0","true","false","""-1964450643""","0.40342110648631835","0.40342110648631835","0.40342110648631835","0","0.40342110648631835"
"1","63","120","1000","1","""HK""","0.09","false","""normal""","1","""constant""","0.30000000000000004","""Scale-free""","3","0","1","""uniform""","""deterministic-normal""","0","0","1","""normal""","0.8","0.4","false","""/home/ramaswamy.51/Documents/github/Spirals/Media/data/cluster/endsim/BehaviorSearch/Step6_Trial""","true","0","1","0","0","true","false","""339496507""","0.41038542030601727","0.41038542030601727","0.41038542030601727","0","0.41038542030601727"
"1","64","120","1000","1","""HK""","0.09","false","""normal""","1","""constant""","0.30000000000000004","""Scale-free""","3","0","1","""uniform""","""deterministic-normal""","0","0","1","""normal""","0.8","0.4","false","""/home/ramaswamy.51/Documents/github/Spirals/Media/data/cluster/endsim/BehaviorSearch/Step6_Trial""","true","0","1","0","0","true","false","""-1552100518""","0.4258908155401857","0.4258908155401857","0.4258908155401857","0","0.4258908155401857"
"1","65","120","1000","1","""HK""","0.2","false","""normal""","1","""constant""","0.5","""Scale-free""","3","0","1","""uniform""","""deterministic-normal""","0","0","1","""normal""","-0.09999999999999998","0.9","false","""/home/ramaswamy.51/Documents/github/Spirals/Media/data/cluster/endsim/BehaviorSearch/Step6_Trial""","true","0","1","0","0","true","false","""188919570""","0.3891282765444385","0.3891282765444385","0.3891282765444385","0","0.3891282765444385"
"1","66","120","1000","1","""HK""","0.2","false","""normal""","1","""constant""","0.5","""Scale-free""","3","0","1","""uniform""","""deterministic-normal""","0","0","1","""normal""","-0.09999999999999998","0.9","false","""/home/ramaswamy.51/Documents/github/Spirals/Media/data/cluster/endsim/BehaviorSearch/Step6_Trial""","true","0","1","0","0","true","false","""1848016371""","0.3968514383947784","0.3968514383947784","0.3968514383947784","0","0.3968514383947784"
"1","67","120","1000","1","""HK""","0.2","false","""normal""","1","""constant""","0.5","""Scale-free""","3","0","1","""uniform""","""deterministic-normal""","0","0","1","""normal""","-0.09999999999999998","0.9","false","""/home/ramaswamy.51/Documents/github/Spirals/Media/data/cluster/endsim/BehaviorSearch/Step6_Trial""","true","0","1","0","0","true","false","""1442113803""","0.3834512053237025","0.3834512053237025","0.3834512053237025","0","0.3834512053237025"
"1","68","120","1000","1","""HK""","0.2","false","""normal""","1","""constant""","0.5","""Scale-free""","3","0","1","""uniform""","""deterministic-normal""","0","0","1","""normal""","-0.09999999999999998","0.9","false","""/home/ramaswamy.51/Documents/github/Spirals/Media/data/cluster/endsim/BehaviorSearch/Step6_Trial""","true","0","1","0","0","true","false","""108223421""","0.39071170876504835","0.39071170876504835","0.39071170876504835","0","0.39071170876504835"
"1","69","120","1000","1","""HK""","0.09","false","""normal""","1","""constant""","0.4","""Scale-free""","4","0","1","""uniform""","""deterministic-normal""","0","0","1","""normal""","1","0.1","false","""/home/ramaswamy.51/Documents/github/Spirals/Media/data/cluster/endsim/BehaviorSearch/Step6_Trial""","true","0","1","0","0","true","false","""-1390044094""","0.42562777722486533","0.42562777722486533","0.42562777722486533","0","0.42562777722486533"
"1","70","120","1000","1","""HK""","0.09","false","""normal""","1","""constant""","0.4","""Scale-free""","4","0","1","""uniform""","""deterministic-normal""","0","0","1","""normal""","1","0.1","false","""/home/ramaswamy.51/Documents/github/Spirals/Media/data/cluster/endsim/BehaviorSearch/Step6_Trial""","true","0","1","0","0","true","false","""-1423556130""","0.4286516110802494","0.4286516110802494","0.4286516110802494","0","0.4286516110802494"
"1","71","120","1000","1","""HK""","0.09","false","""normal""","1","""constant""","0.4","""Scale-free""","4","0","1","""uniform""","""deterministic-normal""","0","0","1","""normal""","1","0.1","false","""/home/ramaswamy.51/Documents/github/Spirals/Media/data/cluster/endsim/BehaviorSearch/Step6_Trial""","true","0","1","0","0","true","false","""1231048454""","0.41524940783724773","0.41524940783724773","0.41524940783724773","0","0.41524940783724773"
"1","72","120","1000","1","""HK""","0.09","false","""normal""","1","""constant""","0.4","""Scale-free""","4","0","1","""uniform""","""deterministic-normal""","0","0","1","""normal""","1","0.1","false","""/home/ramaswamy.51/Documents/github/Spirals/Media/data/cluster/endsim/BehaviorSearch/Step6_Trial""","true","0","1","0","0","true","false","""-1744547803""","0.4298736097705969","0.4298736097705969","0.4298736097705969","0","0.4298736097705969"
"1","73","120","1000","1","""HK""","0.15000000000000002","false","""normal""","1","""constant""","0.1","""Scale-free""","1","0","1","""uniform""","""deterministic-normal""","0","0","1","""normal""","0.5","0.7000000000000001","false","""/home/ramaswamy.51/Documents/github/Spirals/Media/data/cluster/endsim/BehaviorSearch/Step6_Trial""","true","0","1","0","0","true","false","""208742630""","0.27181018374052723","0.27181018374052723","0.27181018374052723","0","0.27181018374052723"
"1","74","120","1000","1","""HK""","0.15000000000000002","false","""normal""","1","""constant""","0.1","""Scale-free""","1","0","1","""uniform""","""deterministic-normal""","0","0","1","""normal""","0.5","0.7000000000000001","false","""/home/ramaswamy.51/Documents/github/Spirals/Media/data/cluster/endsim/BehaviorSearch/Step6_Trial""","true","0","1","0","0","true","false","""1748604345""","0.3138143893389056","0.3138143893389056","0.3138143893389056","0","0.3138143893389056"
"1","75","120","1000","1","""HK""","0.15000000000000002","false","""normal""","1","""constant""","0.1","""Scale-free""","1","0","1","""uniform""","""deterministic-normal""","0","0","1","""normal""","0.5","0.7000000000000001","false","""/home/ramaswamy.51/Documents/github/Spirals/Media/data/cluster/endsim/BehaviorSearch/Step6_Trial""","true","0","1","0","0","true","false","""-1958897874""","0.2850646600489701","0.2850646600489701","0.2850646600489701","0","0.2850646600489701"
"1","76","120","1000","1","""HK""","0.15000000000000002","false","""normal""","1","""constant""","0.1","""Scale-free""","1","0","1","""uniform""","""deterministic-normal""","0","0","1","""normal""","0.5","0.7000000000000001","false","""/home/ramaswamy.51/Documents/github/Spirals/Media/data/cluster/endsim/BehaviorSearch/Step6_Trial""","true","0","1","0","0","true","false","""1667540034""","0.2773804652766347","0.2773804652766347","0.2773804652766347","0","0.2773804652766347"
"1","77","120","1000","1","""HK""","0.11","false","""normal""","1","""constant""","0.2","""Scale-free""","1","0","1","""uniform""","""deterministic-normal""","0","0","1","""normal""","-0.6","0.30000000000000004","false","""/home/ramaswamy.51/Documents/github/Spirals/Media/data/cluster/endsim/BehaviorSearch/Step6_Trial""","true","0","1","0","0","true","false","""999346823""","0.34998334331382336","0.34998334331382336","0.34998334331382336","0","0.34998334331382336"
"1","78","120","1000","1","""HK""","0.11","false","""normal""","1","""constant""","0.2","""Scale-free""","1","0","1","""uniform""","""deterministic-normal""","0","0","1","""normal""","-0.6","0.30000000000000004","false","""/home/ramaswamy.51/Documents/github/Spirals/Media/data/cluster/endsim/BehaviorSearch/Step6_Trial""","true","0","1","0","0","true","false","""2001132998""","0.35072813436257394","0.35072813436257394","0.35072813436257394","0","0.35072813436257394"
"1","79","120","1000","1","""HK""","0.11","false","""normal""","1","""constant""","0.2","""Scale-free""","1","0","1","""uniform""","""deterministic-normal""","0","0","1","""normal""","-0.6","0.30000000000000004","false","""/home/ramaswamy.51/Documents/github/Spirals/Media/data/cluster/endsim/BehaviorSearch/Step6_Trial""","true","0","1","0","0","true","false","""-1656227193""","0.366770985282487","0.366770985282487","0.366770985282487","0","0.366770985282487"
"1","80","120","1000","1","""HK""","0.11","false","""normal""","1","""constant""","0.2","""Scale-free""","1","0","1","""uniform""","""deterministic-normal""","0","0","1","""normal""","-0.6","0.30000000000000004","false","""/home/ramaswamy.51/Documents/github/Spirals/Media/data/cluster/endsim/BehaviorSearch/Step6_Trial""","true","0","1","0","0","true","false","""-34538836""","0.3586506499158418","0.3586506499158418","0.3586506499158418","0","0.3586506499158418"
"1","81","120","1000","1","""HK""","0.03","false","""normal""","1","""constant""","0.2","""Scale-free""","5","0","1","""uniform""","""deterministic-normal""","0","0","1","""normal""","0.9000000000000001","0.2","false","""/home/ramaswamy.51/Documents/github/Spirals/Media/data/cluster/endsim/BehaviorSearch/Step6_Trial""","true","0","1","0","0","true","false","""-402705431""","0.43307696003664775","0.43307696003664775","0.43307696003664775","0","0.43307696003664775"
"1","82","120","1000","1","""HK""","0.03","false","""normal""","1","""constant""","0.2","""Scale-free""","5","0","1","""uniform""","""deterministic-normal""","0","0","1","""normal""","0.9000000000000001","0.2","false","""/home/ramaswamy.51/Documents/github/Spirals/Media/data/cluster/endsim/BehaviorSearch/Step6_Trial""","true","0","1","0","0","true","false","""529195993""","0.41943383835247255","0.41943383835247255","0.41943383835247255","0","0.41943383835247255"
"1","83","120","1000","1","""HK""","0.03","false","""normal""","1","""constant""","0.2","""Scale-free""","5","0","1","""uniform""","""deterministic-normal""","0","0","1","""normal""","0.9000000000000001","0.2","false","""/home/ramaswamy.51/Documents/github/Spirals/Media/data/cluster/endsim/BehaviorSearch/Step6_Trial""","true","0","1","0","0","true","false","""1020437473""","0.41933458141798435","0.41933458141798435","0.41933458141798435","0","0.41933458141798435"
"1","84","120","1000","1","""HK""","0.03","false","""normal""","1","""constant""","0.2","""Scale-free""","5","0","1","""uniform""","""deterministic-normal""","0","0","1","""normal""","0.9000000000000001","0.2","false","""/home/ramaswamy.51/Documents/github/Spirals/Media/data/cluster/endsim/BehaviorSearch/Step6_Trial""","true","0","1","0","0","true","false","""-261922006""","0.43951102265208025","0.43951102265208025","0.43951102265208025","0","0.43951102265208025"
"1","85","120","1000","1","""HK""","0.2","false","""normal""","1","""constant""","0.5","""Scale-free""","2","0","1","""uniform""","""deterministic-normal""","0","0","1","""normal""","-0.8","0.9","false","""/home/ramaswamy.51/Documents/github/Spirals/Media/data/cluster/endsim/BehaviorSearch/Step6_Trial""","true","0","1","0","0","true","false","""-327692750""","0.3913984506382209","0.3913984506382209","0.3913984506382209","0","0.3913984506382209"
"1","86","120","1000","1","""HK""","0.2","false","""normal""","1","""constant""","0.5","""Scale-free""","2","0","1","""uniform""","""deterministic-normal""","0","0","1","""normal""","-0.8","0.9","false","""/home/ramaswamy.51/Documents/github/Spirals/Media/data/cluster/endsim/BehaviorSearch/Step6_Trial""","true","0","1","0","0","true","false","""2136855386""","0.3921199552056658","0.3921199552056658","0.3921199552056658","0","0.3921199552056658"
"1","87","120","1000","1","""HK""","0.2","false","""normal""","1","""constant""","0.5","""Scale-free""","2","0","1","""uniform""","""deterministic-normal""","0","0","1","""normal""","-0.8","0.9","false","""/home/ramaswamy.51/Documents/github/Spirals/Media/data/cluster/endsim/BehaviorSearch/Step6_Trial""","true","0","1","0","0","true","false","""-823532566""","0.3919250831886102","0.3919250831886102","0.3919250831886102","0","0.3919250831886102"
"1","88","120","1000","1","""HK""","0.2","false","""normal""","1","""constant""","0.5","""Scale-free""","2","0","1","""uniform""","""deterministic-normal""","0","0","1","""normal""","-0.8","0.9","false","""/home/ramaswamy.51/Documents/github/Spirals/Media/data/cluster/endsim/BehaviorSearch/Step6_Trial""","true","0","1","0","0","true","false","""128731715""","0.38937418774769583","0.38937418774769583","0.38937418774769583","0","0.38937418774769583"
"1","89","120","1000","1","""HK""","0.04","false","""normal""","1","""constant""","0.5","""Scale-free""","2","0","1","""uniform""","""deterministic-normal""","0","0","1","""normal""","0.5","0.1","false","""/home/ramaswamy.51/Documents/github/Spirals/Media/data/cluster/endsim/BehaviorSearch/Step6_Trial""","true","0","1","0","0","true","false","""-793472571""","0.42915492989647946","0.42915492989647946","0.42915492989647946","0","0.42915492989647946"
"1","90","120","1000","1","""HK""","0.04","false","""normal""","1","""constant""","0.5","""Scale-free""","2","0","1","""uniform""","""deterministic-normal""","0","0","1","""normal""","0.5","0.1","false","""/home/ramaswamy.51/Documents/github/Spirals/Media/data/cluster/endsim/BehaviorSearch/Step6_Trial""","true","0","1","0","0","true","false","""-1449686555""","0.42289170801970793","0.42289170801970793","0.42289170801970793","0","0.42289170801970793"
"1","91","120","1000","1","""HK""","0.04","false","""normal""","1","""constant""","0.5","""Scale-free""","2","0","1","""uniform""","""deterministic-normal""","0","0","1","""normal""","0.5","0.1","false","""/home/ramaswamy.51/Documents/github/Spirals/Media/data/cluster/endsim/BehaviorSearch/Step6_Trial""","true","0","1","0","0","true","false","""845455510""","0.43012625037463786","0.43012625037463786","0.43012625037463786","0","0.43012625037463786"
"1","92","120","1000","1","""HK""","0.04","false","""normal""","1","""constant""","0.5","""Scale-free""","2","0","1","""uniform""","""deterministic-normal""","0","0","1","""normal""","0.5","0.1","false","""/home/ramaswamy.51/Documents/github/Spirals/Media/data/cluster/endsim/BehaviorSearch/Step6_Trial""","true","0","1","0","0","true","false","""1455197982""","0.4275505338035162","0.4275505338035162","0.4275505338035162","0","0.4275505338035162"
"1","93","120","1000","1","""HK""","0.28","false","""normal""","1","""constant""","0.30000000000000004","""Scale-free""","2","0","1","""uniform""","""deterministic-normal""","0","0","1","""normal""","0.30000000000000004","0.5","false","""/home/ramaswamy.51/Documents/github/Spirals/Media/data/cluster/endsim/BehaviorSearch/Step6_Trial""","true","0","1","0","0","true","false","""-728129182""","0.40335906944242855","0.40335906944242855","0.40335906944242855","0","0.40335906944242855"
"1","94","120","1000","1","""HK""","0.28","false","""normal""","1","""constant""","0.30000000000000004","""Scale-free""","2","0","1","""uniform""","""deterministic-normal""","0","0","1","""normal""","0.30000000000000004","0.5","false","""/home/ramaswamy.51/Documents/github/Spirals/Media/data/cluster/endsim/BehaviorSearch/Step6_Trial""","true","0","1","0","0","true","false","""-918771196""","0.4110372133871703","0.4110372133871703","0.4110372133871703","0","0.4110372133871703"
"1","95","120","1000","1","""HK""","0.28","false","""normal""","1","""constant""","0.30000000000000004","""Scale-free""","2","0","1","""uniform""","""deterministic-normal""","0","0","1","""normal""","0.30000000000000004","0.5","false","""/home/ramaswamy.51/Documents/github/Spirals/Media/data/cluster/endsim/BehaviorSearch/Step6_Trial""","true","0","1","0","0","true","false","""-735361482""","0.4097148239625938","0.4097148239625938","0.4097148239625938","0","0.4097148239625938"
"1","96","120","1000","1","""HK""","0.28","false","""normal""","1","""constant""","0.30000000000000004","""Scale-free""","2","0","1","""uniform""","""deterministic-normal""","0","0","1","""normal""","0.30000000000000004","0.5","false","""/home/ramaswamy.51/Documents/github/Spirals/Media/data/cluster/endsim/BehaviorSearch/Step6_Trial""","true","0","1","0","0","true","false","""441983297""","0.4180768046699596","0.4180768046699596","0.4180768046699596","0","0.4180768046699596"
"1","97","120","1000","1","""HK""","0.17","false","""normal""","1","""constant""","0.5","""Scale-free""","5","0","1","""uniform""","""deterministic-normal""","0","0","1","""normal""","-0.3999999999999999","0.1","false","""/home/ramaswamy.51/Documents/github/Spirals/Media/data/cluster/endsim/BehaviorSearch/Step6_Trial""","true","0","1","0","0","true","false","""1387546250""","0.4555370616187339","0.4555370616187339","0.4555370616187339","0","0.4555370616187339"
"1","98","120","1000","1","""HK""","0.17","false","""normal""","1","""constant""","0.5","""Scale-free""","5","0","1","""uniform""","""deterministic-normal""","0","0","1","""normal""","-0.3999999999999999","0.1","false","""/home/ramaswamy.51/Documents/github/Spirals/Media/data/cluster/endsim/BehaviorSearch/Step6_Trial""","true","0","1","0","0","true","false","""-1235326120""","0.46262716835129275","0.46262716835129275","0.46262716835129275","0","0.46262716835129275"
"1","99","120","1000","1","""HK""","0.17","false","""normal""","1","""constant""","0.5","""Scale-free""","5","0","1","""uniform""","""deterministic-normal""","0","0","1","""normal""","-0.3999999999999999","0.1","false","""/home/ramaswamy.51/Documents/github/Spirals/Media/data/cluster/endsim/BehaviorSearch/Step6_Trial""","true","0","1","0","0","true","false","""-458159556""","0.46196499963951293","0.46196499963951293","0.46196499963951293","0","0.46196499963951293"
"1","100","120","1000","1","""HK""","0.17","false","""normal""","1","""constant""","0.5","""Scale-free""","5","0","1","""uniform""","""deterministic-normal""","0","0","1","""normal""","-0.3999999999999999","0.1","false","""/home/ramaswamy.51/Documents/github/Spirals/Media/data/cluster/endsim/BehaviorSearch/Step6_Trial""","true","0","1","0","0","true","false","""549144458""","0.4597671458185241","0.4597671458185241","0.4597671458185241","0","0.4597671458185241"
"1","101","120","1000","1","""HK""","0.24000000000000002","false","""normal""","1","""constant""","0.5","""Scale-free""","4","0","1","""uniform""","""deterministic-normal""","0","0","1","""normal""","1","0.30000000000000004","false","""/home/ramaswamy.51/Documents/github/Spirals/Media/data/cluster/endsim/BehaviorSearch/Step6_Trial""","true","0","1","0","0","true","false","""842323535""","0.41864229031728667","0.41864229031728667","0.41864229031728667","0","0.41864229031728667"
"1","102","120","1000","1","""HK""","0.24000000000000002","false","""normal""","1","""constant""","0.5","""Scale-free""","4","0","1","""uniform""","""deterministic-normal""","0","0","1","""normal""","1","0.30000000000000004","false","""/home/ramaswamy.51/Documents/github/Spirals/Media/data/cluster/endsim/BehaviorSearch/Step6_Trial""","true","0","1","0","0","true","false","""-1752733903""","0.45282385913558354","0.45282385913558354","0.45282385913558354","0","0.45282385913558354"
"1","103","120","1000","1","""HK""","0.24000000000000002","false","""normal""","1","""constant""","0.5","""Scale-free""","4","0","1","""uniform""","""deterministic-normal""","0","0","1","""normal""","1","0.30000000000000004","false","""/home/ramaswamy.51/Documents/github/Spirals/Media/data/cluster/endsim/BehaviorSearch/Step6_Trial""","true","0","1","0","0","true","false","""1573787790""","0.45226868142338567","0.45226868142338567","0.45226868142338567","0","0.45226868142338567"
"1","104","120","1000","1","""HK""","0.24000000000000002","false","""normal""","1","""constant""","0.5","""Scale-free""","4","0","1","""uniform""","""deterministic-normal""","0","0","1","""normal""","1","0.30000000000000004","false","""/home/ramaswamy.51/Documents/github/Spirals/Media/data/cluster/endsim/BehaviorSearch/Step6_Trial""","true","0","1","0","0","true","false","""1643484963""","0.4493179741241613","0.4493179741241613","0.4493179741241613","0","0.4493179741241613"
"1","105","120","1000","1","""HK""","0.14","false","""normal""","1","""constant""","0.1","""Scale-free""","3","0","1","""uniform""","""deterministic-normal""","0","0","1","""normal""","-0.9","0.6000000000000001","false","""/home/ramaswamy.51/Documents/github/Spirals/Media/data/cluster/endsim/BehaviorSearch/Step6_Trial""","true","0","1","0","0","true","false","""-520611663""","0.3797329962889797","0.3797329962889797","0.3797329962889797","0","0.3797329962889797"
"1","106","120","1000","1","""HK""","0.14","false","""normal""","1","""constant""","0.1","""Scale-free""","3","0","1","""uniform""","""deterministic-normal""","0","0","1","""normal""","-0.9","0.6000000000000001","false","""/home/ramaswamy.51/Documents/github/Spirals/Media/data/cluster/endsim/BehaviorSearch/Step6_Trial""","true","0","1","0","0","true","false","""-1431258672""","0.39302702923697175","0.39302702923697175","0.39302702923697175","0","0.39302702923697175"
"1","107","120","1000","1","""HK""","0.14","false","""normal""","1","""constant""","0.1","""Scale-free""","3","0","1","""uniform""","""deterministic-normal""","0","0","1","""normal""","-0.9","0.6000000000000001","false","""/home/ramaswamy.51/Documents/github/Spirals/Media/data/cluster/endsim/BehaviorSearch/Step6_Trial""","true","0","1","0","0","true","false","""-1757644380""","0.385872525811548","0.385872525811548","0.385872525811548","0","0.385872525811548"
"1","108","120","1000","1","""HK""","0.14","false","""normal""","1","""constant""","0.1","""Scale-free""","3","0","1","""uniform""","""deterministic-normal""","0","0","1","""normal""","-0.9","0.6000000000000001","false","""/home/ramaswamy.51/Documents/github/Spirals/Media/data/cluster/endsim/BehaviorSearch/Step6_Trial""","true","0","1","0","0","true","false","""1662104847""","0.40038415491905693","0.40038415491905693","0.40038415491905693","0","0.40038415491905693"
"1","109","120","1000","1","""HK""","0.19","false","""normal""","1","""constant""","0.1","""Scale-free""","2","0","1","""uniform""","""deterministic-normal""","0","0","1","""normal""","-0.09999999999999998","0.4","false","""/home/ramaswamy.51/Documents/github/Spirals/Media/data/cluster/endsim/BehaviorSearch/Step6_Trial""","true","0","1","0","0","true","false","""1649302130""","0.39893284016767233","0.39893284016767233","0.39893284016767233","0","0.39893284016767233"
"1","110","120","1000","1","""HK""","0.19","false","""normal""","1","""constant""","0.1","""Scale-free""","2","0","1","""uniform""","""deterministic-normal""","0","0","1","""normal""","-0.09999999999999998","0.4","false","""/home/ramaswamy.51/Documents/github/Spirals/Media/data/cluster/endsim/BehaviorSearch/Step6_Trial""","true","0","1","0","0","true","false","""1465734920""","0.4209748494918137","0.4209748494918137","0.4209748494918137","0","0.4209748494918137"
"1","111","120","1000","1","""HK""","0.19","false","""normal""","1","""constant""","0.1","""Scale-free""","2","0","1","""uniform""","""deterministic-normal""","0","0","1","""normal""","-0.09999999999999998","0.4","false","""/home/ramaswamy.51/Documents/github/Spirals/Media/data/cluster/endsim/BehaviorSearch/Step6_Trial""","true","0","1","0","0","true","false","""-518121539""","0.40503045107933844","0.40503045107933844","0.40503045107933844","0","0.40503045107933844"
"1","112","120","1000","1","""HK""","0.19","false","""normal""","1","""constant""","0.1","""Scale-free""","2","0","1","""uniform""","""deterministic-normal""","0","0","1","""normal""","-0.09999999999999998","0.4","false","""/home/ramaswamy.51/Documents/github/Spirals/Media/data/cluster/endsim/BehaviorSearch/Step6_Trial""","true","0","1","0","0","true","false","""1218232392""","0.400732554379105","0.400732554379105","0.400732554379105","0","0.400732554379105"
"1","113","120","1000","1","""HK""","0.18000000000000002","false","""normal""","1","""constant""","0","""Scale-free""","4","0","1","""uniform""","""deterministic-normal""","0","0","1","""normal""","-1","0.9","false","""/home/ramaswamy.51/Documents/github/Spirals/Media/data/cluster/endsim/BehaviorSearch/Step6_Trial""","true","0","1","0","0","true","false","""-1912120467""","0.5095184510641297","0.5095184510641297","0.5095184510641297","0","0.5095184510641297"
"1","114","120","1000","1","""HK""","0.18000000000000002","false","""normal""","1","""constant""","0","""Scale-free""","4","0","1","""uniform""","""deterministic-normal""","0","0","1","""normal""","-1","0.9","false","""/home/ramaswamy.51/Documents/github/Spirals/Media/data/cluster/endsim/BehaviorSearch/Step6_Trial""","true","0","1","0","0","true","false","""1109862902""","0.5095184510641297","0.5095184510641297","0.5095184510641297","0","0.5095184510641297"
"1","115","120","1000","1","""HK""","0.18000000000000002","false","""normal""","1","""constant""","0","""Scale-free""","4","0","1","""uniform""","""deterministic-normal""","0","0","1","""normal""","-1","0.9","false","""/home/ramaswamy.51/Documents/github/Spirals/Media/data/cluster/endsim/BehaviorSearch/Step6_Trial""","true","0","1","0","0","true","false","""-975083914""","0.5095184510641297","0.5095184510641297","0.5095184510641297","0","0.5095184510641297"
"1","116","120","1000","1","""HK""","0.18000000000000002","false","""normal""","1","""constant""","0","""Scale-free""","4","0","1","""uniform""","""deterministic-normal""","0","0","1","""normal""","-1","0.9","false","""/home/ramaswamy.51/Documents/github/Spirals/Media/data/cluster/endsim/BehaviorSearch/Step6_Trial""","true","0","1","0","0","true","false","""1000491617""","0.5095184510641297","0.5095184510641297","0.5095184510641297","0","0.5095184510641297"
"1","117","120","1000","1","""HK""","0.2","false","""normal""","1","""constant""","0","""Scale-free""","5","0","1","""uniform""","""deterministic-normal""","0","0","1","""normal""","0.9000000000000001","0","false","""/home/ramaswamy.51/Documents/github/Spirals/Media/data/cluster/endsim/BehaviorSearch/Step6_Trial""","true","0","1","0","0","true","false","""2022229136""","0.5095184510641297","0.5095184510641297","0.5095184510641297","0","0.5095184510641297"
"1","118","120","1000","1","""HK""","0.2","false","""normal""","1","""constant""","0","""Scale-free""","5","0","1","""uniform""","""deterministic-normal""","0","0","1","""normal""","0.9000000000000001","0","false","""/home/ramaswamy.51/Documents/github/Spirals/Media/data/cluster/endsim/BehaviorSearch/Step6_Trial""","true","0","1","0","0","true","false","""-2486151""","0.5095184510641297","0.5095184510641297","0.5095184510641297","0","0.5095184510641297"
"1","119","120","1000","1","""HK""","0.2","false","""normal""","1","""constant""","0","""Scale-free""","5","0","1","""uniform""","""deterministic-normal""","0","0","1","""normal""","0.9000000000000001","0","false","""/home/ramaswamy.51/Documents/github/Spirals/Media/data/cluster/endsim/BehaviorSearch/Step6_Trial""","true","0","1","0","0","true","false","""-796205868""","0.5095184510641297","0.5095184510641297","0.5095184510641297","0","0.5095184510641297"
"1","120","120","1000","1","""HK""","0.2","false","""normal""","1","""constant""","0","""Scale-free""","5","0","1","""uniform""","""deterministic-normal""","0","0","1","""normal""","0.9000000000000001","0","false","""/home/ramaswamy.51/Documents/github/Spirals/Media/data/cluster/endsim/BehaviorSearch/Step6_Trial""","true","0","1","0","0","true","false","""1844094478""","0.5095184510641297","0.5095184510641297","0.5095184510641297","0","0.5095184510641297"
"1","121","128","1000","1","""HK""","0.2","false","""normal""","1","""constant""","0.4","""Scale-free""","4","0","1","""uniform""","""deterministic-normal""","0","0","1","""normal""","0.10000000000000009","0.6000000000000001","false","""/home/ramaswamy.51/Documents/github/Spirals/Media/data/cluster/endsim/BehaviorSearch/Step6_Trial""","true","0","1","0","0","true","false","""-577054004""","0.4025453078196148","0.4025453078196148","0.4025453078196148","0","0.4025453078196148"
"1","122","128","1000","1","""HK""","0.2","false","""normal""","1","""constant""","0.4","""Scale-free""","4","0","1","""uniform""","""deterministic-normal""","0","0","1","""normal""","0.10000000000000009","0.6000000000000001","false","""/home/ramaswamy.51/Documents/github/Spirals/Media/data/cluster/endsim/BehaviorSearch/Step6_Trial""","true","0","1","0","0","true","false","""1027509159""","0.40846195423342796","0.40846195423342796","0.40846195423342796","0","0.40846195423342796"
"1","123","128","1000","1","""HK""","0.2","false","""normal""","1","""constant""","0.4","""Scale-free""","4","0","1","""uniform""","""deterministic-normal""","0","0","1","""normal""","0.10000000000000009","0.6000000000000001","false","""/home/ramaswamy.51/Documents/github/Spirals/Media/data/cluster/endsim/BehaviorSearch/Step6_Trial""","true","0","1","0","0","true","false","""2137832329""","0.3977661539128394","0.3977661539128394","0.3977661539128394","0","0.3977661539128394"
"1","124","128","1000","1","""HK""","0.2","false","""normal""","1","""constant""","0.4","""Scale-free""","4","0","1","""uniform""","""deterministic-normal""","0","0","1","""normal""","0.10000000000000009","0.6000000000000001","false","""/home/ramaswamy.51/Documents/github/Spirals/Media/data/cluster/endsim/BehaviorSearch/Step6_Trial""","true","0","1","0","0","true","false","""-1100329153""","0.38920113627762887","0.38920113627762887","0.38920113627762887","0","0.38920113627762887"
"1","125","132","1000","1","""HK""","0.15000000000000002","false","""normal""","1","""constant""","0.2","""Scale-free""","1","0","1","""uniform""","""deterministic-normal""","0","0","1","""normal""","0.5","0.7000000000000001","false","""/home/ramaswamy.51/Documents/github/Spirals/Media/data/cluster/endsim/BehaviorSearch/Step6_Trial""","true","0","1","0","0","true","false","""409487021""","0.3114514733920887","0.3114514733920887","0.3114514733920887","0","0.3114514733920887"
"1","126","132","1000","1","""HK""","0.15000000000000002","false","""normal""","1","""constant""","0.2","""Scale-free""","1","0","1","""uniform""","""deterministic-normal""","0","0","1","""normal""","0.5","0.7000000000000001","false","""/home/ramaswamy.51/Documents/github/Spirals/Media/data/cluster/endsim/BehaviorSearch/Step6_Trial""","true","0","1","0","0","true","false","""-332673674""","0.31706412097637854","0.31706412097637854","0.31706412097637854","0","0.31706412097637854"
"1","127","132","1000","1","""HK""","0.15000000000000002","false","""normal""","1","""constant""","0.2","""Scale-free""","1","0","1","""uniform""","""deterministic-normal""","0","0","1","""normal""","0.5","0.7000000000000001","false","""/home/ramaswamy.51/Documents/github/Spirals/Media/data/cluster/endsim/BehaviorSearch/Step6_Trial""","true","0","1","0","0","true","false","""-1385603623""","0.3057869584889451","0.3057869584889451","0.3057869584889451","0","0.3057869584889451"
"1","128","132","1000","1","""HK""","0.15000000000000002","false","""normal""","1","""constant""","0.2","""Scale-free""","1","0","1","""uniform""","""deterministic-normal""","0","0","1","""normal""","0.5","0.7000000000000001","false","""/home/ramaswamy.51/Documents/github/Spirals/Media/data/cluster/endsim/BehaviorSearch/Step6_Trial""","true","0","1","0","0","true","false","""-881315282""","0.31920104430039337","0.31920104430039337","0.31920104430039337","0","0.31920104430039337"
"1","129","136","1000","1","""HK""","0.11","false","""normal""","1","""constant""","0.2","""Scale-free""","5","0","1","""uniform""","""deterministic-normal""","0","0","1","""normal""","-0.19999999999999996","0.9","false","""/home/ramaswamy.51/Documents/github/Spirals/Media/data/cluster/endsim/BehaviorSearch/Step6_Trial""","true","0","1","0","0","true","false","""2105529467""","0.31799801862584126","0.31799801862584126","0.31799801862584126","0","0.31799801862584126"
"1","130","136","1000","1","""HK""","0.11","false","""normal""","1","""constant""","0.2","""Scale-free""","5","0","1","""uniform""","""deterministic-normal""","0","0","1","""normal""","-0.19999999999999996","0.9","false","""/home/ramaswamy.51/Documents/github/Spirals/Media/data/cluster/endsim/BehaviorSearch/Step6_Trial""","true","0","1","0","0","true","false","""-1781823572""","0.3392489116413132","0.3392489116413132","0.3392489116413132","0","0.3392489116413132"
"1","131","136","1000","1","""HK""","0.11","false","""normal""","1","""constant""","0.2","""Scale-free""","5","0","1","""uniform""","""deterministic-normal""","0","0","1","""normal""","-0.19999999999999996","0.9","false","""/home/ramaswamy.51/Documents/github/Spirals/Media/data/cluster/endsim/BehaviorSearch/Step6_Trial""","true","0","1","0","0","true","false","""-1190026114""","0.34673841509807973","0.34673841509807973","0.34673841509807973","0","0.34673841509807973"
"1","132","136","1000","1","""HK""","0.11","false","""normal""","1","""constant""","0.2","""Scale-free""","5","0","1","""uniform""","""deterministic-normal""","0","0","1","""normal""","-0.19999999999999996","0.9","false","""/home/ramaswamy.51/Documents/github/Spirals/Media/data/cluster/endsim/BehaviorSearch/Step6_Trial""","true","0","1","0","0","true","false","""122646926""","0.3386802404656826","0.3386802404656826","0.3386802404656826","0","0.3386802404656826"
"1","133","140","1000","1","""HK""","0.29000000000000004","false","""normal""","1","""constant""","0.5","""Scale-free""","5","0","1","""uniform""","""deterministic-normal""","0","0","1","""normal""","0.40000000000000013","0.4","false","""/home/ramaswamy.51/Documents/github/Spirals/Media/data/cluster/endsim/BehaviorSearch/Step6_Trial""","true","0","1","0","0","true","false","""63826245""","0.46282960041053295","0.46282960041053295","0.46282960041053295","0","0.46282960041053295"
"1","134","140","1000","1","""HK""","0.29000000000000004","false","""normal""","1","""constant""","0.5","""Scale-free""","5","0","1","""uniform""","""deterministic-normal""","0","0","1","""normal""","0.40000000000000013","0.4","false","""/home/ramaswamy.51/Documents/github/Spirals/Media/data/cluster/endsim/BehaviorSearch/Step6_Trial""","true","0","1","0","0","true","false","""779679760""","0.4399346410779895","0.4399346410779895","0.4399346410779895","0","0.4399346410779895"
"1","135","140","1000","1","""HK""","0.29000000000000004","false","""normal""","1","""constant""","0.5","""Scale-free""","5","0","1","""uniform""","""deterministic-normal""","0","0","1","""normal""","0.40000000000000013","0.4","false","""/home/ramaswamy.51/Documents/github/Spirals/Media/data/cluster/endsim/BehaviorSearch/Step6_Trial""","true","0","1","0","0","true","false","""636420173""","0.44616321122913194","0.44616321122913194","0.44616321122913194","0","0.44616321122913194"
"1","136","140","1000","1","""HK""","0.29000000000000004","false","""normal""","1","""constant""","0.5","""Scale-free""","5","0","1","""uniform""","""deterministic-normal""","0","0","1","""normal""","0.40000000000000013","0.4","false","""/home/ramaswamy.51/Documents/github/Spirals/Media/data/cluster/endsim/BehaviorSearch/Step6_Trial""","true","0","1","0","0","true","false","""556729978""","0.44771600779353765","0.44771600779353765","0.44771600779353765","0","0.44771600779353765"
"1","137","144","1000","1","""HK""","0.19","false","""normal""","1","""constant""","0.2","""Scale-free""","4","0","1","""uniform""","""deterministic-normal""","0","0","1","""normal""","-0.29999999999999993","0.7000000000000001","false","""/home/ramaswamy.51/Documents/github/Spirals/Media/data/cluster/endsim/BehaviorSearch/Step6_Trial""","true","0","1","0","0","true","false","""-1483457131""","0.36202522884772176","0.36202522884772176","0.36202522884772176","0","0.36202522884772176"
"1","138","144","1000","1","""HK""","0.19","false","""normal""","1","""constant""","0.2","""Scale-free""","4","0","1","""uniform""","""deterministic-normal""","0","0","1","""normal""","-0.29999999999999993","0.7000000000000001","false","""/home/ramaswamy.51/Documents/github/Spirals/Media/data/cluster/endsim/BehaviorSearch/Step6_Trial""","true","0","1","0","0","true","false","""1015221637""","0.36544609189116556","0.36544609189116556","0.36544609189116556","0","0.36544609189116556"
"1","139","144","1000","1","""HK""","0.19","false","""normal""","1","""constant""","0.2","""Scale-free""","4","0","1","""uniform""","""deterministic-normal""","0","0","1","""normal""","-0.29999999999999993","0.7000000000000001","false","""/home/ramaswamy.51/Documents/github/Spirals/Media/data/cluster/endsim/BehaviorSearch/Step6_Trial""","true","0","1","0","0","true","false","""-1124348305""","0.3843470983586123","0.3843470983586123","0.3843470983586123","0","0.3843470983586123"
"1","140","144","1000","1","""HK""","0.19","false","""normal""","1","""constant""","0.2","""Scale-free""","4","0","1","""uniform""","""deterministic-normal""","0","0","1","""normal""","-0.29999999999999993","0.7000000000000001","false","""/home/ramaswamy.51/Documents/github/Spirals/Media/data/cluster/endsim/BehaviorSearch/Step6_Trial""","true","0","1","0","0","true","false","""-965886718""","0.3731899165137629","0.3731899165137629","0.3731899165137629","0","0.3731899165137629"
"1","141","152","1000","1","""HK""","0.19","false","""normal""","1","""constant""","0.2","""Scale-free""","4","0","1","""uniform""","""deterministic-normal""","0","0","1","""normal""","0","0.7000000000000001","false","""/home/ramaswamy.51/Documents/github/Spirals/Media/data/cluster/endsim/BehaviorSearch/Step6_Trial""","true","0","1","0","0","true","false","""-846625506""","0.3779352668788774","0.3779352668788774","0.3779352668788774","0","0.3779352668788774"
"1","142","152","1000","1","""HK""","0.19","false","""normal""","1","""constant""","0.2","""Scale-free""","4","0","1","""uniform""","""deterministic-normal""","0","0","1","""normal""","0","0.7000000000000001","false","""/home/ramaswamy.51/Documents/github/Spirals/Media/data/cluster/endsim/BehaviorSearch/Step6_Trial""","true","0","1","0","0","true","false","""-1003834110""","0.3726746378765639","0.3726746378765639","0.3726746378765639","0","0.3726746378765639"
"1","143","152","1000","1","""HK""","0.19","false","""normal""","1","""constant""","0.2","""Scale-free""","4","0","1","""uniform""","""deterministic-normal""","0","0","1","""normal""","0","0.7000000000000001","false","""/home/ramaswamy.51/Documents/github/Spirals/Media/data/cluster/endsim/BehaviorSearch/Step6_Trial""","true","0","1","0","0","true","false","""-319166019""","0.354658853439435","0.354658853439435","0.354658853439435","0","0.354658853439435"
"1","144","152","1000","1","""HK""","0.19","false","""normal""","1","""constant""","0.2","""Scale-free""","4","0","1","""uniform""","""deterministic-normal""","0","0","1","""normal""","0","0.7000000000000001","false","""/home/ramaswamy.51/Documents/github/Spirals/Media/data/cluster/endsim/BehaviorSearch/Step6_Trial""","true","0","1","0","0","true","false","""745129433""","0.35021468708530323","0.35021468708530323","0.35021468708530323","0","0.35021468708530323"
"1","145","156","1000","1","""HK""","0.15000000000000002","false","""normal""","1","""constant""","0.1","""Scale-free""","1","0","1","""uniform""","""deterministic-normal""","0","0","1","""normal""","0.40000000000000013","0.7000000000000001","false","""/home/ramaswamy.51/Documents/github/Spirals/Media/data/cluster/endsim/BehaviorSearch/Step6_Trial""","true","0","1","0","0","true","false","""1475515820""","0.31961588626414855","0.31961588626414855","0.31961588626414855","0","0.31961588626414855"
"1","146","156","1000","1","""HK""","0.15000000000000002","false","""normal""","1","""constant""","0.1","""Scale-free""","1","0","1","""uniform""","""deterministic-normal""","0","0","1","""normal""","0.40000000000000013","0.7000000000000001","false","""/home/ramaswamy.51/Documents/github/Spirals/Media/data/cluster/endsim/BehaviorSearch/Step6_Trial""","true","0","1","0","0","true","false","""863817218""","0.2888091175739583","0.2888091175739583","0.2888091175739583","0","0.2888091175739583"
"1","147","156","1000","1","""HK""","0.15000000000000002","false","""normal""","1","""constant""","0.1","""Scale-free""","1","0","1","""uniform""","""deterministic-normal""","0","0","1","""normal""","0.40000000000000013","0.7000000000000001","false","""/home/ramaswamy.51/Documents/github/Spirals/Media/data/cluster/endsim/BehaviorSearch/Step6_Trial""","true","0","1","0","0","true","false","""-1054713781""","0.2854844875630053","0.2854844875630053","0.2854844875630053","0","0.2854844875630053"
"1","148","156","1000","1","""HK""","0.15000000000000002","false","""normal""","1","""constant""","0.1","""Scale-free""","1","0","1","""uniform""","""deterministic-normal""","0","0","1","""normal""","0.40000000000000013","0.7000000000000001","false","""/home/ramaswamy.51/Documents/github/Spirals/Media/data/cluster/endsim/BehaviorSearch/Step6_Trial""","true","0","1","0","0","true","false","""1366030037""","0.28917059039029175","0.28917059039029175","0.28917059039029175","0","0.28917059039029175"
"1","149","160","1000","1","""HK""","0.19","false","""normal""","1","""constant""","0.2","""Scale-free""","5","0","1","""uniform""","""deterministic-normal""","0","0","1","""normal""","0.5","0.7000000000000001","false","""/home/ramaswamy.51/Documents/github/Spirals/Media/data/cluster/endsim/BehaviorSearch/Step6_Trial""","true","0","1","0","0","true","false","""-514046975""","0.3822995950338899","0.3822995950338899","0.3822995950338899","0","0.3822995950338899"
"1","150","160","1000","1","""HK""","0.19","false","""normal""","1","""constant""","0.2","""Scale-free""","5","0","1","""uniform""","""deterministic-normal""","0","0","1","""normal""","0.5","0.7000000000000001","false","""/home/ramaswamy.51/Documents/github/Spirals/Media/data/cluster/endsim/BehaviorSearch/Step6_Trial""","true","0","1","0","0","true","false","""1171838321""","0.38752912305474024","0.38752912305474024","0.38752912305474024","0","0.38752912305474024"
"1","151","160","1000","1","""HK""","0.19","false","""normal""","1","""constant""","0.2","""Scale-free""","5","0","1","""uniform""","""deterministic-normal""","0","0","1","""normal""","0.5","0.7000000000000001","false","""/home/ramaswamy.51/Documents/github/Spirals/Media/data/cluster/endsim/BehaviorSearch/Step6_Trial""","true","0","1","0","0","true","false","""-340169778""","0.3911008922831346","0.3911008922831346","0.3911008922831346","0","0.3911008922831346"
"1","152","160","1000","1","""HK""","0.19","false","""normal""","1","""constant""","0.2","""Scale-free""","5","0","1","""uniform""","""deterministic-normal""","0","0","1","""normal""","0.5","0.7000000000000001","false","""/home/ramaswamy.51/Documents/github/Spirals/Media/data/cluster/endsim/BehaviorSearch/Step6_Trial""","true","0","1","0","0","true","false","""-269162433""","0.380921318170699","0.380921318170699","0.380921318170699","0","0.380921318170699"
"1","153","168","1000","1","""HK""","0.01","false","""normal""","1","""constant""","0.4","""Scale-free""","5","0","1","""uniform""","""deterministic-normal""","0","0","1","""normal""","-0.29999999999999993","0.7000000000000001","false","""/home/ramaswamy.51/Documents/github/Spirals/Media/data/cluster/endsim/BehaviorSearch/Step6_Trial""","true","0","1","0","0","true","false","""-45563101""","0.36577239960444685","0.36577239960444685","0.36577239960444685","0","0.36577239960444685"
"1","154","168","1000","1","""HK""","0.01","false","""normal""","1","""constant""","0.4","""Scale-free""","5","0","1","""uniform""","""deterministic-normal""","0","0","1","""normal""","-0.29999999999999993","0.7000000000000001","false","""/home/ramaswamy.51/Documents/github/Spirals/Media/data/cluster/endsim/BehaviorSearch/Step6_Trial""","true","0","1","0","0","true","false","""116038567""","0.3834272171213464","0.3834272171213464","0.3834272171213464","0","0.3834272171213464"
"1","155","168","1000","1","""HK""","0.01","false","""normal""","1","""constant""","0.4","""Scale-free""","5","0","1","""uniform""","""deterministic-normal""","0","0","1","""normal""","-0.29999999999999993","0.7000000000000001","false","""/home/ramaswamy.51/Documents/github/Spirals/Media/data/cluster/endsim/BehaviorSearch/Step6_Trial""","true","0","1","0","0","true","false","""-1819313289""","0.3788578758644419","0.3788578758644419","0.3788578758644419","0","0.3788578758644419"
"1","156","168","1000","1","""HK""","0.01","false","""normal""","1","""constant""","0.4","""Scale-free""","5","0","1","""uniform""","""deterministic-normal""","0","0","1","""normal""","-0.29999999999999993","0.7000000000000001","false","""/home/ramaswamy.51/Documents/github/Spirals/Media/data/cluster/endsim/BehaviorSearch/Step6_Trial""","true","0","1","0","0","true","false","""-843640426""","0.36253876324148093","0.36253876324148093","0.36253876324148093","0","0.36253876324148093"
"1","157","172","1000","1","""HK""","0.2","false","""normal""","1","""constant""","0.5","""Scale-free""","3","0","1","""uniform""","""deterministic-normal""","0","0","1","""normal""","-0.19999999999999996","1","false","""/home/ramaswamy.51/Documents/github/Spirals/Media/data/cluster/endsim/BehaviorSearch/Step6_Trial""","true","0","1","0","0","true","false","""-1506296771""","0.3775449393527596","0.3775449393527596","0.3775449393527596","0","0.3775449393527596"
"1","158","172","1000","1","""HK""","0.2","false","""normal""","1","""constant""","0.5","""Scale-free""","3","0","1","""uniform""","""deterministic-normal""","0","0","1","""normal""","-0.19999999999999996","1","false","""/home/ramaswamy.51/Documents/github/Spirals/Media/data/cluster/endsim/BehaviorSearch/Step6_Trial""","true","0","1","0","0","true","false","""1910633327""","0.37444097075634447","0.37444097075634447","0.37444097075634447","0","0.37444097075634447"
"1","159","172","1000","1","""HK""","0.2","false","""normal""","1","""constant""","0.5","""Scale-free""","3","0","1","""uniform""","""deterministic-normal""","0","0","1","""normal""","-0.19999999999999996","1","false","""/home/ramaswamy.51/Documents/github/Spirals/Media/data/cluster/endsim/BehaviorSearch/Step6_Trial""","true","0","1","0","0","true","false","""523897372""","0.3886308926968981","0.3886308926968981","0.3886308926968981","0","0.3886308926968981"
"1","160","172","1000","1","""HK""","0.2","false","""normal""","1","""constant""","0.5","""Scale-free""","3","0","1","""uniform""","""deterministic-normal""","0","0","1","""normal""","-0.19999999999999996","1","false","""/home/ramaswamy.51/Documents/github/Spirals/Media/data/cluster/endsim/BehaviorSearch/Step6_Trial""","true","0","1","0","0","true","false","""102425954""","0.3783637888158169","0.3783637888158169","0.3783637888158169","0","0.3783637888158169"
"1","161","180","1000","1","""HK""","0.01","false","""normal""","1","""constant""","0.4","""Scale-free""","5","0","1","""uniform""","""deterministic-normal""","0","0","1","""normal""","0.40000000000000013","0.7000000000000001","false","""/home/ramaswamy.51/Documents/github/Spirals/Media/data/cluster/endsim/BehaviorSearch/Step6_Trial""","true","0","1","0","0","true","false","""1719808993""","0.37794484462666805","0.37794484462666805","0.37794484462666805","0","0.37794484462666805"
"1","162","180","1000","1","""HK""","0.01","false","""normal""","1","""constant""","0.4","""Scale-free""","5","0","1","""uniform""","""deterministic-normal""","0","0","1","""normal""","0.40000000000000013","0.7000000000000001","false","""/home/ramaswamy.51/Documents/github/Spirals/Media/data/cluster/endsim/BehaviorSearch/Step6_Trial""","true","0","1","0","0","true","false","""915103521""","0.3813119359798748","0.3813119359798748","0.3813119359798748","0","0.3813119359798748"
"1","163","180","1000","1","""HK""","0.01","false","""normal""","1","""constant""","0.4","""Scale-free""","5","0","1","""uniform""","""deterministic-normal""","0","0","1","""normal""","0.40000000000000013","0.7000000000000001","false","""/home/ramaswamy.51/Documents/github/Spirals/Media/data/cluster/endsim/BehaviorSearch/Step6_Trial""","true","0","1","0","0","true","false","""619142637""","0.3785701630705212","0.3785701630705212","0.3785701630705212","0","0.3785701630705212"
"1","164","180","1000","1","""HK""","0.01","false","""normal""","1","""constant""","0.4","""Scale-free""","5","0","1","""uniform""","""deterministic-normal""","0","0","1","""normal""","0.40000000000000013","0.7000000000000001","false","""/home/ramaswamy.51/Documents/github/Spirals/Media/data/cluster/endsim/BehaviorSearch/Step6_Trial""","true","0","1","0","0","true","false","""1200774969""","0.36351779468242174","0.36351779468242174","0.36351779468242174","0","0.36351779468242174"
"1","165","184","1000","1","""HK""","0.19","false","""normal""","1","""constant""","0.2","""Scale-free""","1","0","1","""uniform""","""deterministic-normal""","0","0","1","""normal""","-0.6","0.2","false","""/home/ramaswamy.51/Documents/github/Spirals/Media/data/cluster/endsim/BehaviorSearch/Step6_Trial""","true","0","1","0","0","true","false","""1664958538""","0.37516407667956847","0.37516407667956847","0.37516407667956847","0","0.37516407667956847"
"1","166","184","1000","1","""HK""","0.19","false","""normal""","1","""constant""","0.2","""Scale-free""","1","0","1","""uniform""","""deterministic-normal""","0","0","1","""normal""","-0.6","0.2","false","""/home/ramaswamy.51/Documents/github/Spirals/Media/data/cluster/endsim/BehaviorSearch/Step6_Trial""","true","0","1","0","0","true","false","""1702860820""","0.38584951260385286","0.38584951260385286","0.38584951260385286","0","0.38584951260385286"
"1","167","184","1000","1","""HK""","0.19","false","""normal""","1","""constant""","0.2","""Scale-free""","1","0","1","""uniform""","""deterministic-normal""","0","0","1","""normal""","-0.6","0.2","false","""/home/ramaswamy.51/Documents/github/Spirals/Media/data/cluster/endsim/BehaviorSearch/Step6_Trial""","true","0","1","0","0","true","false","""-1574707917""","0.3917598452508765","0.3917598452508765","0.3917598452508765","0","0.3917598452508765"
"1","168","184","1000","1","""HK""","0.19","false","""normal""","1","""constant""","0.2","""Scale-free""","1","0","1","""uniform""","""deterministic-normal""","0","0","1","""normal""","-0.6","0.2","false","""/home/ramaswamy.51/Documents/github/Spirals/Media/data/cluster/endsim/BehaviorSearch/Step6_Trial""","true","0","1","0","0","true","false","""932011949""","0.3964921155782222","0.3964921155782222","0.3964921155782222","0","0.3964921155782222"
"1","169","188","1000","1","""HK""","0.19","false","""normal""","1","""constant""","0.30000000000000004","""Scale-free""","5","0","1","""uniform""","""deterministic-normal""","0","0","1","""normal""","-0.29999999999999993","0.7000000000000001","false","""/home/ramaswamy.51/Documents/github/Spirals/Media/data/cluster/endsim/BehaviorSearch/Step6_Trial""","true","0","1","0","0","true","false","""1203452071""","0.40316300982973347","0.40316300982973347","0.40316300982973347","0","0.40316300982973347"
"1","170","188","1000","1","""HK""","0.19","false","""normal""","1","""constant""","0.30000000000000004","""Scale-free""","5","0","1","""uniform""","""deterministic-normal""","0","0","1","""normal""","-0.29999999999999993","0.7000000000000001","false","""/home/ramaswamy.51/Documents/github/Spirals/Media/data/cluster/endsim/BehaviorSearch/Step6_Trial""","true","0","1","0","0","true","false","""-1620009270""","0.3872226222873797","0.3872226222873797","0.3872226222873797","0","0.3872226222873797"
"1","171","188","1000","1","""HK""","0.19","false","""normal""","1","""constant""","0.30000000000000004","""Scale-free""","5","0","1","""uniform""","""deterministic-normal""","0","0","1","""normal""","-0.29999999999999993","0.7000000000000001","false","""/home/ramaswamy.51/Documents/github/Spirals/Media/data/cluster/endsim/BehaviorSearch/Step6_Trial""","true","0","1","0","0","true","false","""-1425073893""","0.3939056063793908","0.3939056063793908","0.3939056063793908","0","0.3939056063793908"
"1","172","188","1000","1","""HK""","0.19","false","""normal""","1","""constant""","0.30000000000000004","""Scale-free""","5","0","1","""uniform""","""deterministic-normal""","0","0","1","""normal""","-0.29999999999999993","0.7000000000000001","false","""/home/ramaswamy.51/Documents/github/Spirals/Media/data/cluster/endsim/BehaviorSearch/Step6_Trial""","true","0","1","0","0","true","false","""382272748""","0.3805984157840988","0.3805984157840988","0.3805984157840988","0","0.3805984157840988"
"1","173","200","1000","1","""HK""","0.09999999999999999","false","""normal""","1","""constant""","0.1","""Scale-free""","1","0","1","""uniform""","""deterministic-normal""","0","0","1","""normal""","-0.5","0.30000000000000004","false","""/home/ramaswamy.51/Documents/github/Spirals/Media/data/cluster/endsim/BehaviorSearch/Step6_Trial""","true","0","1","0","0","true","false","""-1378948936""","0.3298001892289308","0.3298001892289308","0.3298001892289308","0","0.3298001892289308"
"1","174","200","1000","1","""HK""","0.09999999999999999","false","""normal""","1","""constant""","0.1","""Scale-free""","1","0","1","""uniform""","""deterministic-normal""","0","0","1","""normal""","-0.5","0.30000000000000004","false","""/home/ramaswamy.51/Documents/github/Spirals/Media/data/cluster/endsim/BehaviorSearch/Step6_Trial""","true","0","1","0","0","true","false","""1408483235""","0.33867049919242154","0.33867049919242154","0.33867049919242154","0","0.33867049919242154"
"1","175","200","1000","1","""HK""","0.09999999999999999","false","""normal""","1","""constant""","0.1","""Scale-free""","1","0","1","""uniform""","""deterministic-normal""","0","0","1","""normal""","-0.5","0.30000000000000004","false","""/home/ramaswamy.51/Documents/github/Spirals/Media/data/cluster/endsim/BehaviorSearch/Step6_Trial""","true","0","1","0","0","true","false","""-924670914""","0.3266294987532163","0.3266294987532163","0.3266294987532163","0","0.3266294987532163"
"1","176","200","1000","1","""HK""","0.09999999999999999","false","""normal""","1","""constant""","0.1","""Scale-free""","1","0","1","""uniform""","""deterministic-normal""","0","0","1","""normal""","-0.5","0.30000000000000004","false","""/home/ramaswamy.51/Documents/github/Spirals/Media/data/cluster/endsim/BehaviorSearch/Step6_Trial""","true","0","1","0","0","true","false","""945974094""","0.3333764824467109","0.3333764824467109","0.3333764824467109","0","0.3333764824467109"
"1","177","204","1000","1","""HK""","0.11","false","""normal""","1","""constant""","0.2","""Scale-free""","1","0","1","""uniform""","""deterministic-normal""","0","0","1","""normal""","0.5","0.9","false","""/home/ramaswamy.51/Documents/github/Spirals/Media/data/cluster/endsim/BehaviorSearch/Step6_Trial""","true","0","1","0","0","true","false","""-1399522527""","0.27601699604859803","0.27601699604859803","0.27601699604859803","0","0.27601699604859803"
"1","178","204","1000","1","""HK""","0.11","false","""normal""","1","""constant""","0.2","""Scale-free""","1","0","1","""uniform""","""deterministic-normal""","0","0","1","""normal""","0.5","0.9","false","""/home/ramaswamy.51/Documents/github/Spirals/Media/data/cluster/endsim/BehaviorSearch/Step6_Trial""","true","0","1","0","0","true","false","""-1711562427""","0.2728194441124265","0.2728194441124265","0.2728194441124265","0","0.2728194441124265"
"1","179","204","1000","1","""HK""","0.11","false","""normal""","1","""constant""","0.2","""Scale-free""","1","0","1","""uniform""","""deterministic-normal""","0","0","1","""normal""","0.5","0.9","false","""/home/ramaswamy.51/Documents/github/Spirals/Media/data/cluster/endsim/BehaviorSearch/Step6_Trial""","true","0","1","0","0","true","false","""1174590428""","0.2880265070072278","0.2880265070072278","0.2880265070072278","0","0.2880265070072278"
"1","180","204","1000","1","""HK""","0.11","false","""normal""","1","""constant""","0.2","""Scale-free""","1","0","1","""uniform""","""deterministic-normal""","0","0","1","""normal""","0.5","0.9","false","""/home/ramaswamy.51/Documents/github/Spirals/Media/data/cluster/endsim/BehaviorSearch/Step6_Trial""","true","0","1","0","0","true","false","""1538757553""","0.2879194706886588","0.2879194706886588","0.2879194706886588","0","0.2879194706886588"
"1","181","208","1000","1","""HK""","0.13","false","""normal""","1","""constant""","0.2","""Scale-free""","1","0","1","""uniform""","""deterministic-normal""","0","0","1","""normal""","0.5","0.7000000000000001","false","""/home/ramaswamy.51/Documents/github/Spirals/Media/data/cluster/endsim/BehaviorSearch/Step6_Trial""","true","0","1","0","0","true","false","""1587254781""","0.3078583149774326","0.3078583149774326","0.3078583149774326","0","0.3078583149774326"
"1","182","208","1000","1","""HK""","0.13","false","""normal""","1","""constant""","0.2","""Scale-free""","1","0","1","""uniform""","""deterministic-normal""","0","0","1","""normal""","0.5","0.7000000000000001","false","""/home/ramaswamy.51/Documents/github/Spirals/Media/data/cluster/endsim/BehaviorSearch/Step6_Trial""","true","0","1","0","0","true","false","""-1238305591""","0.2877689816282695","0.2877689816282695","0.2877689816282695","0","0.2877689816282695"
"1","183","208","1000","1","""HK""","0.13","false","""normal""","1","""constant""","0.2","""Scale-free""","1","0","1","""uniform""","""deterministic-normal""","0","0","1","""normal""","0.5","0.7000000000000001","false","""/home/ramaswamy.51/Documents/github/Spirals/Media/data/cluster/endsim/BehaviorSearch/Step6_Trial""","true","0","1","0","0","true","false","""-992707871""","0.30291492213952803","0.30291492213952803","0.30291492213952803","0","0.30291492213952803"
"1","184","208","1000","1","""HK""","0.13","false","""normal""","1","""constant""","0.2","""Scale-free""","1","0","1","""uniform""","""deterministic-normal""","0","0","1","""normal""","0.5","0.7000000000000001","false","""/home/ramaswamy.51/Documents/github/Spirals/Media/data/cluster/endsim/BehaviorSearch/Step6_Trial""","true","0","1","0","0","true","false","""-2114663277""","0.3131482750127817","0.3131482750127817","0.3131482750127817","0","0.3131482750127817"
"1","185","212","1000","1","""HK""","0.01","false","""normal""","1","""constant""","0.4","""Scale-free""","5","0","1","""uniform""","""deterministic-normal""","0","0","1","""normal""","-0.3999999999999999","0.7000000000000001","false","""/home/ramaswamy.51/Documents/github/Spirals/Media/data/cluster/endsim/BehaviorSearch/Step6_Trial""","true","0","1","0","0","true","false","""553338912""","0.3786428870648767","0.3786428870648767","0.3786428870648767","0","0.3786428870648767"
"1","186","212","1000","1","""HK""","0.01","false","""normal""","1","""constant""","0.4","""Scale-free""","5","0","1","""uniform""","""deterministic-normal""","0","0","1","""normal""","-0.3999999999999999","0.7000000000000001","false","""/home/ramaswamy.51/Documents/github/Spirals/Media/data/cluster/endsim/BehaviorSearch/Step6_Trial""","true","0","1","0","0","true","false","""1262998324""","0.3725577317979792","0.3725577317979792","0.3725577317979792","0","0.3725577317979792"
"1","187","212","1000","1","""HK""","0.01","false","""normal""","1","""constant""","0.4","""Scale-free""","5","0","1","""uniform""","""deterministic-normal""","0","0","1","""normal""","-0.3999999999999999","0.7000000000000001","false","""/home/ramaswamy.51/Documents/github/Spirals/Media/data/cluster/endsim/BehaviorSearch/Step6_Trial""","true","0","1","0","0","true","false","""-335174942""","0.3899488150723283","0.3899488150723283","0.3899488150723283","0","0.3899488150723283"
"1","188","212","1000","1","""HK""","0.01","false","""normal""","1","""constant""","0.4","""Scale-free""","5","0","1","""uniform""","""deterministic-normal""","0","0","1","""normal""","-0.3999999999999999","0.7000000000000001","false","""/home/ramaswamy.51/Documents/github/Spirals/Media/data/cluster/endsim/BehaviorSearch/Step6_Trial""","true","0","1","0","0","true","false","""-1059669824""","0.3545192031222422","0.3545192031222422","0.3545192031222422","0","0.3545192031222422"
"1","189","216","1000","1","""HK""","0.15000000000000002","false","""normal""","1","""constant""","0.1","""Scale-free""","2","0","1","""uniform""","""deterministic-normal""","0","0","1","""normal""","0.40000000000000013","0.7000000000000001","false","""/home/ramaswamy.51/Documents/github/Spirals/Media/data/cluster/endsim/BehaviorSearch/Step6_Trial""","true","0","1","0","0","true","false","""995882016""","0.3333691141790135","0.3333691141790135","0.3333691141790135","0","0.3333691141790135"
"1","190","216","1000","1","""HK""","0.15000000000000002","false","""normal""","1","""constant""","0.1","""Scale-free""","2","0","1","""uniform""","""deterministic-normal""","0","0","1","""normal""","0.40000000000000013","0.7000000000000001","false","""/home/ramaswamy.51/Documents/github/Spirals/Media/data/cluster/endsim/BehaviorSearch/Step6_Trial""","true","0","1","0","0","true","false","""-1210790515""","0.323287161254902","0.323287161254902","0.323287161254902","0","0.323287161254902"
"1","191","216","1000","1","""HK""","0.15000000000000002","false","""normal""","1","""constant""","0.1","""Scale-free""","2","0","1","""uniform""","""deterministic-normal""","0","0","1","""normal""","0.40000000000000013","0.7000000000000001","false","""/home/ramaswamy.51/Documents/github/Spirals/Media/data/cluster/endsim/BehaviorSearch/Step6_Trial""","true","0","1","0","0","true","false","""131644403""","0.34409240647374434","0.34409240647374434","0.34409240647374434","0","0.34409240647374434"
"1","192","216","1000","1","""HK""","0.15000000000000002","false","""normal""","1","""constant""","0.1","""Scale-free""","2","0","1","""uniform""","""deterministic-normal""","0","0","1","""normal""","0.40000000000000013","0.7000000000000001","false","""/home/ramaswamy.51/Documents/github/Spirals/Media/data/cluster/endsim/BehaviorSearch/Step6_Trial""","true","0","1","0","0","true","false","""852943597""","0.3236597684636337","0.3236597684636337","0.3236597684636337","0","0.3236597684636337"
"1","193","220","1000","1","""HK""","0.11","false","""normal""","1","""constant""","0.30000000000000004","""Scale-free""","5","0","1","""uniform""","""deterministic-normal""","0","0","1","""normal""","-0.29999999999999993","0.9","false","""/home/ramaswamy.51/Documents/github/Spirals/Media/data/cluster/endsim/BehaviorSearch/Step6_Trial""","true","0","1","0","0","true","false","""-455083340""","0.3722872846943399","0.3722872846943399","0.3722872846943399","0","0.3722872846943399"
"1","194","220","1000","1","""HK""","0.11","false","""normal""","1","""constant""","0.30000000000000004","""Scale-free""","5","0","1","""uniform""","""deterministic-normal""","0","0","1","""normal""","-0.29999999999999993","0.9","false","""/home/ramaswamy.51/Documents/github/Spirals/Media/data/cluster/endsim/BehaviorSearch/Step6_Trial""","true","0","1","0","0","true","false","""-669091606""","0.3862344816946645","0.3862344816946645","0.3862344816946645","0","0.3862344816946645"
"1","195","220","1000","1","""HK""","0.11","false","""normal""","1","""constant""","0.30000000000000004","""Scale-free""","5","0","1","""uniform""","""deterministic-normal""","0","0","1","""normal""","-0.29999999999999993","0.9","false","""/home/ramaswamy.51/Documents/github/Spirals/Media/data/cluster/endsim/BehaviorSearch/Step6_Trial""","true","0","1","0","0","true","false","""894184005""","0.36110274422708566","0.36110274422708566","0.36110274422708566","0","0.36110274422708566"
"1","196","220","1000","1","""HK""","0.11","false","""normal""","1","""constant""","0.30000000000000004","""Scale-free""","5","0","1","""uniform""","""deterministic-normal""","0","0","1","""normal""","-0.29999999999999993","0.9","false","""/home/ramaswamy.51/Documents/github/Spirals/Media/data/cluster/endsim/BehaviorSearch/Step6_Trial""","true","0","1","0","0","true","false","""-1219572564""","0.3706847186318936","0.3706847186318936","0.3706847186318936","0","0.3706847186318936"
"1","197","224","1000","1","""HK""","0.11","false","""normal""","1","""constant""","0.2","""Scale-free""","1","0","1","""uniform""","""deterministic-normal""","0","0","1","""normal""","-0.7","0.30000000000000004","false","""/home/ramaswamy.51/Documents/github/Spirals/Media/data/cluster/endsim/BehaviorSearch/Step6_Trial""","true","0","1","0","0","true","false","""-794984542""","0.36006790335327116","0.36006790335327116","0.36006790335327116","0","0.36006790335327116"
"1","198","224","1000","1","""HK""","0.11","false","""normal""","1","""constant""","0.2","""Scale-free""","1","0","1","""uniform""","""deterministic-normal""","0","0","1","""normal""","-0.7","0.30000000000000004","false","""/home/ramaswamy.51/Documents/github/Spirals/Media/data/cluster/endsim/BehaviorSearch/Step6_Trial""","true","0","1","0","0","true","false","""1570033516""","0.3503548837361699","0.3503548837361699","0.3503548837361699","0","0.3503548837361699"
"1","199","224","1000","1","""HK""","0.11","false","""normal""","1","""constant""","0.2","""Scale-free""","1","0","1","""uniform""","""deterministic-normal""","0","0","1","""normal""","-0.7","0.30000000000000004","false","""/home/ramaswamy.51/Documents/github/Spirals/Media/data/cluster/endsim/BehaviorSearch/Step6_Trial""","true","0","1","0","0","true","false","""1533924896""","0.35074013068575605","0.35074013068575605","0.35074013068575605","0","0.35074013068575605"
"1","200","224","1000","1","""HK""","0.11","false","""normal""","1","""constant""","0.2","""Scale-free""","1","0","1","""uniform""","""deterministic-normal""","0","0","1","""normal""","-0.7","0.30000000000000004","false","""/home/ramaswamy.51/Documents/github/Spirals/Media/data/cluster/endsim/BehaviorSearch/Step6_Trial""","true","0","1","0","0","true","false","""-939043502""","0.3708120726020822","0.3708120726020822","0.3708120726020822","0","0.3708120726020822"
"1","201","228","1000","1","""HK""","0.24000000000000002","false","""normal""","1","""constant""","0.2","""Scale-free""","1","0","1","""uniform""","""deterministic-normal""","0","0","1","""normal""","-0.6","0.30000000000000004","false","""/home/ramaswamy.51/Documents/github/Spirals/Media/data/cluster/endsim/BehaviorSearch/Step6_Trial""","true","0","1","0","0","true","false","""1059474021""","0.40882160562921116","0.40882160562921116","0.40882160562921116","0","0.40882160562921116"
"1","202","228","1000","1","""HK""","0.24000000000000002","false","""normal""","1","""constant""","0.2","""Scale-free""","1","0","1","""uniform""","""deterministic-normal""","0","0","1","""normal""","-0.6","0.30000000000000004","false","""/home/ramaswamy.51/Documents/github/Spirals/Media/data/cluster/endsim/BehaviorSearch/Step6_Trial""","true","0","1","0","0","true","false","""-1964804518""","0.40269866799193366","0.40269866799193366","0.40269866799193366","0","0.40269866799193366"
"1","203","228","1000","1","""HK""","0.24000000000000002","false","""normal""","1","""constant""","0.2","""Scale-free""","1","0","1","""uniform""","""deterministic-normal""","0","0","1","""normal""","-0.6","0.30000000000000004","false","""/home/ramaswamy.51/Documents/github/Spirals/Media/data/cluster/endsim/BehaviorSearch/Step6_Trial""","true","0","1","0","0","true","false","""1383256049""","0.4075719376603519","0.4075719376603519","0.4075719376603519","0","0.4075719376603519"
"1","204","228","1000","1","""HK""","0.24000000000000002","false","""normal""","1","""constant""","0.2","""Scale-free""","1","0","1","""uniform""","""deterministic-normal""","0","0","1","""normal""","-0.6","0.30000000000000004","false","""/home/ramaswamy.51/Documents/github/Spirals/Media/data/cluster/endsim/BehaviorSearch/Step6_Trial""","true","0","1","0","0","true","false","""-469942447""","0.4030239838670998","0.4030239838670998","0.4030239838670998","0","0.4030239838670998"
"1","205","232","1000","1","""HK""","0.11","false","""normal""","1","""constant""","0.2","""Scale-free""","1","0","1","""uniform""","""deterministic-normal""","0","0","1","""normal""","-0.6","0.4","false","""/home/ramaswamy.51/Documents/github/Spirals/Media/data/cluster/endsim/BehaviorSearch/Step6_Trial""","true","0","1","0","0","true","false","""-444814665""","0.3336764387434397","0.3336764387434397","0.3336764387434397","0","0.3336764387434397"
"1","206","232","1000","1","""HK""","0.11","false","""normal""","1","""constant""","0.2","""Scale-free""","1","0","1","""uniform""","""deterministic-normal""","0","0","1","""normal""","-0.6","0.4","false","""/home/ramaswamy.51/Documents/github/Spirals/Media/data/cluster/endsim/BehaviorSearch/Step6_Trial""","true","0","1","0","0","true","false","""670124897""","0.3452512104416369","0.3452512104416369","0.3452512104416369","0","0.3452512104416369"
"1","207","232","1000","1","""HK""","0.11","false","""normal""","1","""constant""","0.2","""Scale-free""","1","0","1","""uniform""","""deterministic-normal""","0","0","1","""normal""","-0.6","0.4","false","""/home/ramaswamy.51/Documents/github/Spirals/Media/data/cluster/endsim/BehaviorSearch/Step6_Trial""","true","0","1","0","0","true","false","""973487648""","0.35182719743142776","0.35182719743142776","0.35182719743142776","0","0.35182719743142776"
"1","208","232","1000","1","""HK""","0.11","false","""normal""","1","""constant""","0.2","""Scale-free""","1","0","1","""uniform""","""deterministic-normal""","0","0","1","""normal""","-0.6","0.4","false","""/home/ramaswamy.51/Documents/github/Spirals/Media/data/cluster/endsim/BehaviorSearch/Step6_Trial""","true","0","1","0","0","true","false","""152136796""","0.3614542602559767","0.3614542602559767","0.3614542602559767","0","0.3614542602559767"
"1","209","236","1000","1","""HK""","0.16","false","""normal""","1","""constant""","0.2","""Scale-free""","1","0","1","""uniform""","""deterministic-normal""","0","0","1","""normal""","0.5","0.7000000000000001","false","""/home/ramaswamy.51/Documents/github/Spirals/Media/data/cluster/endsim/BehaviorSearch/Step6_Trial""","true","0","1","0","0","true","false","""-1488302348""","0.3198742036167742","0.3198742036167742","0.3198742036167742","0","0.3198742036167742"
"1","210","236","1000","1","""HK""","0.16","false","""normal""","1","""constant""","0.2","""Scale-free""","1","0","1","""uniform""","""deterministic-normal""","0","0","1","""normal""","0.5","0.7000000000000001","false","""/home/ramaswamy.51/Documents/github/Spirals/Media/data/cluster/endsim/BehaviorSearch/Step6_Trial""","true","0","1","0","0","true","false","""-2038911894""","0.32095160624689517","0.32095160624689517","0.32095160624689517","0","0.32095160624689517"
"1","211","236","1000","1","""HK""","0.16","false","""normal""","1","""constant""","0.2","""Scale-free""","1","0","1","""uniform""","""deterministic-normal""","0","0","1","""normal""","0.5","0.7000000000000001","false","""/home/ramaswamy.51/Documents/github/Spirals/Media/data/cluster/endsim/BehaviorSearch/Step6_Trial""","true","0","1","0","0","true","false","""-404177875""","0.32659189191161114","0.32659189191161114","0.32659189191161114","0","0.32659189191161114"
"1","212","236","1000","1","""HK""","0.16","false","""normal""","1","""constant""","0.2","""Scale-free""","1","0","1","""uniform""","""deterministic-normal""","0","0","1","""normal""","0.5","0.7000000000000001","false","""/home/ramaswamy.51/Documents/github/Spirals/Media/data/cluster/endsim/BehaviorSearch/Step6_Trial""","true","0","1","0","0","true","false","""696699152""","0.3350720365855296","0.3350720365855296","0.3350720365855296","0","0.3350720365855296"
"1","213","240","1000","1","""HK""","0.11","false","""normal""","1","""constant""","0.2","""Scale-free""","1","0","1","""uniform""","""deterministic-normal""","0","0","1","""normal""","-0.19999999999999996","0.8","false","""/home/ramaswamy.51/Documents/github/Spirals/Media/data/cluster/endsim/BehaviorSearch/Step6_Trial""","true","0","1","0","0","true","false","""-350739706""","0.2834545690006592","0.2834545690006592","0.2834545690006592","0","0.2834545690006592"
"1","214","240","1000","1","""HK""","0.11","false","""normal""","1","""constant""","0.2","""Scale-free""","1","0","1","""uniform""","""deterministic-normal""","0","0","1","""normal""","-0.19999999999999996","0.8","false","""/home/ramaswamy.51/Documents/github/Spirals/Media/data/cluster/endsim/BehaviorSearch/Step6_Trial""","true","0","1","0","0","true","false","""1261139021""","0.2759236385922746","0.2759236385922746","0.2759236385922746","0","0.2759236385922746"
"1","215","240","1000","1","""HK""","0.11","false","""normal""","1","""constant""","0.2","""Scale-free""","1","0","1","""uniform""","""deterministic-normal""","0","0","1","""normal""","-0.19999999999999996","0.8","false","""/home/ramaswamy.51/Documents/github/Spirals/Media/data/cluster/endsim/BehaviorSearch/Step6_Trial""","true","0","1","0","0","true","false","""45101426""","0.27781419342221053","0.27781419342221053","0.27781419342221053","0","0.27781419342221053"
"1","216","240","1000","1","""HK""","0.11","false","""normal""","1","""constant""","0.2","""Scale-free""","1","0","1","""uniform""","""deterministic-normal""","0","0","1","""normal""","-0.19999999999999996","0.8","false","""/home/ramaswamy.51/Documents/github/Spirals/Media/data/cluster/endsim/BehaviorSearch/Step6_Trial""","true","0","1","0","0","true","false","""492000720""","0.2991615954778268","0.2991615954778268","0.2991615954778268","0","0.2991615954778268"
"1","217","260","1000","1","""HK""","0.15000000000000002","false","""normal""","1","""constant""","0.2","""Scale-free""","1","0","1","""uniform""","""deterministic-normal""","0","0","1","""normal""","0.40000000000000013","0.6000000000000001","false","""/home/ramaswamy.51/Documents/github/Spirals/Media/data/cluster/endsim/BehaviorSearch/Step6_Trial""","true","0","1","0","0","true","false","""1920751226""","0.32885648877776547","0.32885648877776547","0.32885648877776547","0","0.32885648877776547"
"1","218","260","1000","1","""HK""","0.15000000000000002","false","""normal""","1","""constant""","0.2","""Scale-free""","1","0","1","""uniform""","""deterministic-normal""","0","0","1","""normal""","0.40000000000000013","0.6000000000000001","false","""/home/ramaswamy.51/Documents/github/Spirals/Media/data/cluster/endsim/BehaviorSearch/Step6_Trial""","true","0","1","0","0","true","false","""1089760132""","0.3160140622286807","0.3160140622286807","0.3160140622286807","0","0.3160140622286807"
"1","219","260","1000","1","""HK""","0.15000000000000002","false","""normal""","1","""constant""","0.2","""Scale-free""","1","0","1","""uniform""","""deterministic-normal""","0","0","1","""normal""","0.40000000000000013","0.6000000000000001","false","""/home/ramaswamy.51/Documents/github/Spirals/Media/data/cluster/endsim/BehaviorSearch/Step6_Trial""","true","0","1","0","0","true","false","""-729169740""","0.31130617691241974","0.31130617691241974","0.31130617691241974","0","0.31130617691241974"
"1","220","260","1000","1","""HK""","0.15000000000000002","false","""normal""","1","""constant""","0.2","""Scale-free""","1","0","1","""uniform""","""deterministic-normal""","0","0","1","""normal""","0.40000000000000013","0.6000000000000001","false","""/home/ramaswamy.51/Documents/github/Spirals/Media/data/cluster/endsim/BehaviorSearch/Step6_Trial""","true","0","1","0","0","true","false","""-467363585""","0.3085612773242659","0.3085612773242659","0.3085612773242659","0","0.3085612773242659"
"1","221","268","1000","1","""HK""","0.11","false","""normal""","1","""constant""","0.2","""Scale-free""","1","0","1","""uniform""","""deterministic-normal""","0","0","1","""normal""","0.40000000000000013","0.7000000000000001","false","""/home/ramaswamy.51/Documents/github/Spirals/Media/data/cluster/endsim/BehaviorSearch/Step6_Trial""","true","0","1","0","0","true","false","""1140600697""","0.2744099219973181","0.2744099219973181","0.2744099219973181","0","0.2744099219973181"
"1","222","268","1000","1","""HK""","0.11","false","""normal""","1","""constant""","0.2","""Scale-free""","1","0","1","""uniform""","""deterministic-normal""","0","0","1","""normal""","0.40000000000000013","0.7000000000000001","false","""/home/ramaswamy.51/Documents/github/Spirals/Media/data/cluster/endsim/BehaviorSearch/Step6_Trial""","true","0","1","0","0","true","false","""-595242775""","0.297289764803027","0.297289764803027","0.297289764803027","0","0.297289764803027"
"1","223","268","1000","1","""HK""","0.11","false","""normal""","1","""constant""","0.2","""Scale-free""","1","0","1","""uniform""","""deterministic-normal""","0","0","1","""normal""","0.40000000000000013","0.7000000000000001","false","""/home/ramaswamy.51/Documents/github/Spirals/Media/data/cluster/endsim/BehaviorSearch/Step6_Trial""","true","0","1","0","0","true","false","""-1302624726""","0.2989436154218193","0.2989436154218193","0.2989436154218193","0","0.2989436154218193"
"1","224","268","1000","1","""HK""","0.11","false","""normal""","1","""constant""","0.2","""Scale-free""","1","0","1","""uniform""","""deterministic-normal""","0","0","1","""normal""","0.40000000000000013","0.7000000000000001","false","""/home/ramaswamy.51/Documents/github/Spirals/Media/data/cluster/endsim/BehaviorSearch/Step6_Trial""","true","0","1","0","0","true","false","""-308011135""","0.2910559311865406","0.2910559311865406","0.2910559311865406","0","0.2910559311865406"
"1","225","272","1000","1","""HK""","0.11","false","""normal""","1","""constant""","0.2","""Scale-free""","1","0","1","""uniform""","""deterministic-normal""","0","0","1","""normal""","0","0.8","false","""/home/ramaswamy.51/Documents/github/Spirals/Media/data/cluster/endsim/BehaviorSearch/Step6_Trial""","true","0","1","0","0","true","false","""-663165483""","0.26424026743458917","0.26424026743458917","0.26424026743458917","0","0.26424026743458917"
"1","226","272","1000","1","""HK""","0.11","false","""normal""","1","""constant""","0.2","""Scale-free""","1","0","1","""uniform""","""deterministic-normal""","0","0","1","""normal""","0","0.8","false","""/home/ramaswamy.51/Documents/github/Spirals/Media/data/cluster/endsim/BehaviorSearch/Step6_Trial""","true","0","1","0","0","true","false","""-1567044077""","0.27069020309840375","0.27069020309840375","0.27069020309840375","0","0.27069020309840375"
"1","227","272","1000","1","""HK""","0.11","false","""normal""","1","""constant""","0.2","""Scale-free""","1","0","1","""uniform""","""deterministic-normal""","0","0","1","""normal""","0","0.8","false","""/home/ramaswamy.51/Documents/github/Spirals/Media/data/cluster/endsim/BehaviorSearch/Step6_Trial""","true","0","1","0","0","true","false","""-1924522798""","0.2792511714699357","0.2792511714699357","0.2792511714699357","0","0.2792511714699357"
"1","228","272","1000","1","""HK""","0.11","false","""normal""","1","""constant""","0.2","""Scale-free""","1","0","1","""uniform""","""deterministic-normal""","0","0","1","""normal""","0","0.8","false","""/home/ramaswamy.51/Documents/github/Spirals/Media/data/cluster/endsim/BehaviorSearch/Step6_Trial""","true","0","1","0","0","true","false","""-1887248807""","0.2742462304456352","0.2742462304456352","0.2742462304456352","0","0.2742462304456352"
"1","229","280","1000","1","""HK""","0.12","false","""normal""","1","""constant""","0.1","""Scale-free""","1","0","1","""uniform""","""deterministic-normal""","0","0","1","""normal""","0.40000000000000013","0.8","false","""/home/ramaswamy.51/Documents/github/Spirals/Media/data/cluster/endsim/BehaviorSearch/Step6_Trial""","true","0","1","0","0","true","false","""972374498""","0.257201491314656","0.257201491314656","0.257201491314656","0","0.257201491314656"
"1","230","280","1000","1","""HK""","0.12","false","""normal""","1","""constant""","0.1","""Scale-free""","1","0","1","""uniform""","""deterministic-normal""","0","0","1","""normal""","0.40000000000000013","0.8","false","""/home/ramaswamy.51/Documents/github/Spirals/Media/data/cluster/endsim/BehaviorSearch/Step6_Trial""","true","0","1","0","0","true","false","""-1979916482""","0.2126193229524286","0.2126193229524286","0.2126193229524286","0","0.2126193229524286"
"1","231","280","1000","1","""HK""","0.12","false","""normal""","1","""constant""","0.1","""Scale-free""","1","0","1","""uniform""","""deterministic-normal""","0","0","1","""normal""","0.40000000000000013","0.8","false","""/home/ramaswamy.51/Documents/github/Spirals/Media/data/cluster/endsim/BehaviorSearch/Step6_Trial""","true","0","1","0","0","true","false","""-1601248405""","0.23647621109211772","0.23647621109211772","0.23647621109211772","0","0.23647621109211772"
"1","232","280","1000","1","""HK""","0.12","false","""normal""","1","""constant""","0.1","""Scale-free""","1","0","1","""uniform""","""deterministic-normal""","0","0","1","""normal""","0.40000000000000013","0.8","false","""/home/ramaswamy.51/Documents/github/Spirals/Media/data/cluster/endsim/BehaviorSearch/Step6_Trial""","true","0","1","0","0","true","false","""-668307247""","0.23582217289545881","0.23582217289545881","0.23582217289545881","0","0.23582217289545881"
"1","233","284","1000","1","""HK""","0.15000000000000002","false","""normal""","1","""constant""","0.2","""Scale-free""","1","0","1","""uniform""","""deterministic-normal""","0","0","1","""normal""","0.40000000000000013","0.7000000000000001","false","""/home/ramaswamy.51/Documents/github/Spirals/Media/data/cluster/endsim/BehaviorSearch/Step6_Trial""","true","0","1","0","0","true","false","""1906398216""","0.3043356156913153","0.3043356156913153","0.3043356156913153","0","0.3043356156913153"
"1","234","284","1000","1","""HK""","0.15000000000000002","false","""normal""","1","""constant""","0.2","""Scale-free""","1","0","1","""uniform""","""deterministic-normal""","0","0","1","""normal""","0.40000000000000013","0.7000000000000001","false","""/home/ramaswamy.51/Documents/github/Spirals/Media/data/cluster/endsim/BehaviorSearch/Step6_Trial""","true","0","1","0","0","true","false","""1730911467""","0.3107944088822545","0.3107944088822545","0.3107944088822545","0","0.3107944088822545"
"1","235","284","1000","1","""HK""","0.15000000000000002","false","""normal""","1","""constant""","0.2","""Scale-free""","1","0","1","""uniform""","""deterministic-normal""","0","0","1","""normal""","0.40000000000000013","0.7000000000000001","false","""/home/ramaswamy.51/Documents/github/Spirals/Media/data/cluster/endsim/BehaviorSearch/Step6_Trial""","true","0","1","0","0","true","false","""-476086719""","0.3164721154457809","0.3164721154457809","0.3164721154457809","0","0.3164721154457809"
"1","236","284","1000","1","""HK""","0.15000000000000002","false","""normal""","1","""constant""","0.2","""Scale-free""","1","0","1","""uniform""","""deterministic-normal""","0","0","1","""normal""","0.40000000000000013","0.7000000000000001","false","""/home/ramaswamy.51/Documents/github/Spirals/Media/data/cluster/endsim/BehaviorSearch/Step6_Trial""","true","0","1","0","0","true","false","""-1047458708""","0.32725207811925766","0.32725207811925766","0.32725207811925766","0","0.32725207811925766"
"1","237","288","1000","1","""HK""","0.13","false","""normal""","1","""constant""","0.2","""Scale-free""","1","0","1","""uniform""","""deterministic-normal""","0","0","1","""normal""","0.40000000000000013","0.7000000000000001","false","""/home/ramaswamy.51/Documents/github/Spirals/Media/data/cluster/endsim/BehaviorSearch/Step6_Trial""","true","0","1","0","0","true","false","""-1094123758""","0.28622263461955416","0.28622263461955416","0.28622263461955416","0","0.28622263461955416"
"1","238","288","1000","1","""HK""","0.13","false","""normal""","1","""constant""","0.2","""Scale-free""","1","0","1","""uniform""","""deterministic-normal""","0","0","1","""normal""","0.40000000000000013","0.7000000000000001","false","""/home/ramaswamy.51/Documents/github/Spirals/Media/data/cluster/endsim/BehaviorSearch/Step6_Trial""","true","0","1","0","0","true","false","""-319856572""","0.3055075113863451","0.3055075113863451","0.3055075113863451","0","0.3055075113863451"
"1","239","288","1000","1","""HK""","0.13","false","""normal""","1","""constant""","0.2","""Scale-free""","1","0","1","""uniform""","""deterministic-normal""","0","0","1","""normal""","0.40000000000000013","0.7000000000000001","false","""/home/ramaswamy.51/Documents/github/Spirals/Media/data/cluster/endsim/BehaviorSearch/Step6_Trial""","true","0","1","0","0","true","false","""295418365""","0.3178119384794814","0.3178119384794814","0.3178119384794814","0","0.3178119384794814"
"1","240","288","1000","1","""HK""","0.13","false","""normal""","1","""constant""","0.2","""Scale-free""","1","0","1","""uniform""","""deterministic-normal""","0","0","1","""normal""","0.40000000000000013","0.7000000000000001","false","""/home/ramaswamy.51/Documents/github/Spirals/Media/data/cluster/endsim/BehaviorSearch/Step6_Trial""","true","0","1","0","0","true","false","""-1883242378""","0.2801531538670511","0.2801531538670511","0.2801531538670511","0","0.2801531538670511"
"1","241","292","1000","1","""HK""","0.11","false","""normal""","1","""constant""","0.2","""Scale-free""","2","0","1","""uniform""","""deterministic-normal""","0","0","1","""normal""","-0.19999999999999996","0.8","false","""/home/ramaswamy.51/Documents/github/Spirals/Media/data/cluster/endsim/BehaviorSearch/Step6_Trial""","true","0","1","0","0","true","false","""1317643474""","0.30028348383739023","0.30028348383739023","0.30028348383739023","0","0.30028348383739023"
"1","242","292","1000","1","""HK""","0.11","false","""normal""","1","""constant""","0.2","""Scale-free""","2","0","1","""uniform""","""deterministic-normal""","0","0","1","""normal""","-0.19999999999999996","0.8","false","""/home/ramaswamy.51/Documents/github/Spirals/Media/data/cluster/endsim/BehaviorSearch/Step6_Trial""","true","0","1","0","0","true","false","""1488315284""","0.3178426376314596","0.3178426376314596","0.3178426376314596","0","0.3178426376314596"
"1","243","292","1000","1","""HK""","0.11","false","""normal""","1","""constant""","0.2","""Scale-free""","2","0","1","""uniform""","""deterministic-normal""","0","0","1","""normal""","-0.19999999999999996","0.8","false","""/home/ramaswamy.51/Documents/github/Spirals/Media/data/cluster/endsim/BehaviorSearch/Step6_Trial""","true","0","1","0","0","true","false","""-777595311""","0.30799341921344553","0.30799341921344553","0.30799341921344553","0","0.30799341921344553"
"1","244","292","1000","1","""HK""","0.11","false","""normal""","1","""constant""","0.2","""Scale-free""","2","0","1","""uniform""","""deterministic-normal""","0","0","1","""normal""","-0.19999999999999996","0.8","false","""/home/ramaswamy.51/Documents/github/Spirals/Media/data/cluster/endsim/BehaviorSearch/Step6_Trial""","true","0","1","0","0","true","false","""1597165059""","0.31020728323612784","0.31020728323612784","0.31020728323612784","0","0.31020728323612784"
"1","245","296","1000","1","""HK""","0.14","false","""normal""","1","""constant""","0.2","""Scale-free""","1","0","1","""uniform""","""deterministic-normal""","0","0","1","""normal""","-0.29999999999999993","0.8","false","""/home/ramaswamy.51/Documents/github/Spirals/Media/data/cluster/endsim/BehaviorSearch/Step6_Trial""","true","0","1","0","0","true","false","""1592871801""","0.2648209538339348","0.2648209538339348","0.2648209538339348","0","0.2648209538339348"
"1","246","296","1000","1","""HK""","0.14","false","""normal""","1","""constant""","0.2","""Scale-free""","1","0","1","""uniform""","""deterministic-normal""","0","0","1","""normal""","-0.29999999999999993","0.8","false","""/home/ramaswamy.51/Documents/github/Spirals/Media/data/cluster/endsim/BehaviorSearch/Step6_Trial""","true","0","1","0","0","true","false","""1027844753""","0.3038692670084222","0.3038692670084222","0.3038692670084222","0","0.3038692670084222"
"1","247","296","1000","1","""HK""","0.14","false","""normal""","1","""constant""","0.2","""Scale-free""","1","0","1","""uniform""","""deterministic-normal""","0","0","1","""normal""","-0.29999999999999993","0.8","false","""/home/ramaswamy.51/Documents/github/Spirals/Media/data/cluster/endsim/BehaviorSearch/Step6_Trial""","true","0","1","0","0","true","false","""1658234785""","0.3026442950844298","0.3026442950844298","0.3026442950844298","0","0.3026442950844298"
"1","248","296","1000","1","""HK""","0.14","false","""normal""","1","""constant""","0.2","""Scale-free""","1","0","1","""uniform""","""deterministic-normal""","0","0","1","""normal""","-0.29999999999999993","0.8","false","""/home/ramaswamy.51/Documents/github/Spirals/Media/data/cluster/endsim/BehaviorSearch/Step6_Trial""","true","0","1","0","0","true","false","""2096033607""","0.2889089061589264","0.2889089061589264","0.2889089061589264","0","0.2889089061589264"
"1","249","300","1000","1","""HK""","0.11","false","""normal""","1","""constant""","0.2","""Scale-free""","1","0","1","""uniform""","""deterministic-normal""","0","0","1","""normal""","0.20000000000000018","0.8","false","""/home/ramaswamy.51/Documents/github/Spirals/Media/data/cluster/endsim/BehaviorSearch/Step6_Trial""","true","0","1","0","0","true","false","""-1222112770""","0.27452636690257165","0.27452636690257165","0.27452636690257165","0","0.27452636690257165"
"1","250","300","1000","1","""HK""","0.11","false","""normal""","1","""constant""","0.2","""Scale-free""","1","0","1","""uniform""","""deterministic-normal""","0","0","1","""normal""","0.20000000000000018","0.8","false","""/home/ramaswamy.51/Documents/github/Spirals/Media/data/cluster/endsim/BehaviorSearch/Step6_Trial""","true","0","1","0","0","true","false","""1635796908""","0.26580391435468176","0.26580391435468176","0.26580391435468176","0","0.26580391435468176"
"1","251","300","1000","1","""HK""","0.11","false","""normal""","1","""constant""","0.2","""Scale-free""","1","0","1","""uniform""","""deterministic-normal""","0","0","1","""normal""","0.20000000000000018","0.8","false","""/home/ramaswamy.51/Documents/github/Spirals/Media/data/cluster/endsim/BehaviorSearch/Step6_Trial""","true","0","1","0","0","true","false","""2054248433""","0.2822865606147343","0.2822865606147343","0.2822865606147343","0","0.2822865606147343"
"1","252","300","1000","1","""HK""","0.11","false","""normal""","1","""constant""","0.2","""Scale-free""","1","0","1","""uniform""","""deterministic-normal""","0","0","1","""normal""","0.20000000000000018","0.8","false","""/home/ramaswamy.51/Documents/github/Spirals/Media/data/cluster/endsim/BehaviorSearch/Step6_Trial""","true","0","1","0","0","true","false","""874196576""","0.28253236217102773","0.28253236217102773","0.28253236217102773","0","0.28253236217102773"
"1","253","316","1000","1","""HK""","0.15000000000000002","false","""normal""","1","""constant""","0.2","""Scale-free""","1","0","1","""uniform""","""deterministic-normal""","0","0","1","""normal""","0.7000000000000002","0.7000000000000001","false","""/home/ramaswamy.51/Documents/github/Spirals/Media/data/cluster/endsim/BehaviorSearch/Step6_Trial""","true","0","1","0","0","true","false","""-1792075731""","0.3355643364114514","0.3355643364114514","0.3355643364114514","0","0.3355643364114514"
"1","254","316","1000","1","""HK""","0.15000000000000002","false","""normal""","1","""constant""","0.2","""Scale-free""","1","0","1","""uniform""","""deterministic-normal""","0","0","1","""normal""","0.7000000000000002","0.7000000000000001","false","""/home/ramaswamy.51/Documents/github/Spirals/Media/data/cluster/endsim/BehaviorSearch/Step6_Trial""","true","0","1","0","0","true","false","""899119855""","0.30776566247223514","0.30776566247223514","0.30776566247223514","0","0.30776566247223514"
"1","255","316","1000","1","""HK""","0.15000000000000002","false","""normal""","1","""constant""","0.2","""Scale-free""","1","0","1","""uniform""","""deterministic-normal""","0","0","1","""normal""","0.7000000000000002","0.7000000000000001","false","""/home/ramaswamy.51/Documents/github/Spirals/Media/data/cluster/endsim/BehaviorSearch/Step6_Trial""","true","0","1","0","0","true","false","""-1769435547""","0.3214028785056057","0.3214028785056057","0.3214028785056057","0","0.3214028785056057"
"1","256","316","1000","1","""HK""","0.15000000000000002","false","""normal""","1","""constant""","0.2","""Scale-free""","1","0","1","""uniform""","""deterministic-normal""","0","0","1","""normal""","0.7000000000000002","0.7000000000000001","false","""/home/ramaswamy.51/Documents/github/Spirals/Media/data/cluster/endsim/BehaviorSearch/Step6_Trial""","true","0","1","0","0","true","false","""76242870""","0.34343195235191837","0.34343195235191837","0.34343195235191837","0","0.34343195235191837"
"1","257","324","1000","1","""HK""","0.2","false","""normal""","1","""constant""","0.2","""Scale-free""","1","0","1","""uniform""","""deterministic-normal""","0","0","1","""normal""","0.5","0.7000000000000001","false","""/home/ramaswamy.51/Documents/github/Spirals/Media/data/cluster/endsim/BehaviorSearch/Step6_Trial""","true","0","1","0","0","true","false","""1615114704""","0.3412259243045329","0.3412259243045329","0.3412259243045329","0","0.3412259243045329"
"1","258","324","1000","1","""HK""","0.2","false","""normal""","1","""constant""","0.2","""Scale-free""","1","0","1","""uniform""","""deterministic-normal""","0","0","1","""normal""","0.5","0.7000000000000001","false","""/home/ramaswamy.51/Documents/github/Spirals/Media/data/cluster/endsim/BehaviorSearch/Step6_Trial""","true","0","1","0","0","true","false","""2122173634""","0.32359389205931244","0.32359389205931244","0.32359389205931244","0","0.32359389205931244"
"1","259","324","1000","1","""HK""","0.2","false","""normal""","1","""constant""","0.2","""Scale-free""","1","0","1","""uniform""","""deterministic-normal""","0","0","1","""normal""","0.5","0.7000000000000001","false","""/home/ramaswamy.51/Documents/github/Spirals/Media/data/cluster/endsim/BehaviorSearch/Step6_Trial""","true","0","1","0","0","true","false","""-609883491""","0.35218361336290155","0.35218361336290155","0.35218361336290155","0","0.35218361336290155"
"1","260","324","1000","1","""HK""","0.2","false","""normal""","1","""constant""","0.2","""Scale-free""","1","0","1","""uniform""","""deterministic-normal""","0","0","1","""normal""","0.5","0.7000000000000001","false","""/home/ramaswamy.51/Documents/github/Spirals/Media/data/cluster/endsim/BehaviorSearch/Step6_Trial""","true","0","1","0","0","true","false","""-784379656""","0.3519913776266972","0.3519913776266972","0.3519913776266972","0","0.3519913776266972"
"1","261","332","1000","1","""HK""","0.09999999999999999","false","""normal""","1","""constant""","0.2","""Scale-free""","1","0","1","""uniform""","""deterministic-normal""","0","0","1","""normal""","-0.09999999999999998","0.8","false","""/home/ramaswamy.51/Documents/github/Spirals/Media/data/cluster/endsim/BehaviorSearch/Step6_Trial""","true","0","1","0","0","true","false","""-493829920""","0.25500557461044054","0.25500557461044054","0.25500557461044054","0","0.25500557461044054"
"1","262","332","1000","1","""HK""","0.09999999999999999","false","""normal""","1","""constant""","0.2","""Scale-free""","1","0","1","""uniform""","""deterministic-normal""","0","0","1","""normal""","-0.09999999999999998","0.8","false","""/home/ramaswamy.51/Documents/github/Spirals/Media/data/cluster/endsim/BehaviorSearch/Step6_Trial""","true","0","1","0","0","true","false","""-98010172""","0.263951882248727","0.263951882248727","0.263951882248727","0","0.263951882248727"
"1","263","332","1000","1","""HK""","0.09999999999999999","false","""normal""","1","""constant""","0.2","""Scale-free""","1","0","1","""uniform""","""deterministic-normal""","0","0","1","""normal""","-0.09999999999999998","0.8","false","""/home/ramaswamy.51/Documents/github/Spirals/Media/data/cluster/endsim/BehaviorSearch/Step6_Trial""","true","0","1","0","0","true","false","""1477162187""","0.27468240022773116","0.27468240022773116","0.27468240022773116","0","0.27468240022773116"
"1","264","332","1000","1","""HK""","0.09999999999999999","false","""normal""","1","""constant""","0.2","""Scale-free""","1","0","1","""uniform""","""deterministic-normal""","0","0","1","""normal""","-0.09999999999999998","0.8","false","""/home/ramaswamy.51/Documents/github/Spirals/Media/data/cluster/endsim/BehaviorSearch/Step6_Trial""","true","0","1","0","0","true","false","""-1630833054""","0.27147300302149485","0.27147300302149485","0.27147300302149485","0","0.27147300302149485"
"1","265","336","1000","1","""HK""","0.04","false","""normal""","1","""constant""","0.2","""Scale-free""","1","0","1","""uniform""","""deterministic-normal""","0","0","1","""normal""","0","0.8","false","""/home/ramaswamy.51/Documents/github/Spirals/Media/data/cluster/endsim/BehaviorSearch/Step6_Trial""","true","0","1","0","0","true","false","""724247328""","0.21838983486669739","0.21838983486669739","0.21838983486669739","0","0.21838983486669739"
"1","266","336","1000","1","""HK""","0.04","false","""normal""","1","""constant""","0.2","""Scale-free""","1","0","1","""uniform""","""deterministic-normal""","0","0","1","""normal""","0","0.8","false","""/home/ramaswamy.51/Documents/github/Spirals/Media/data/cluster/endsim/BehaviorSearch/Step6_Trial""","true","0","1","0","0","true","false","""1133241574""","0.22355310475661183","0.22355310475661183","0.22355310475661183","0","0.22355310475661183"
"1","267","336","1000","1","""HK""","0.04","false","""normal""","1","""constant""","0.2","""Scale-free""","1","0","1","""uniform""","""deterministic-normal""","0","0","1","""normal""","0","0.8","false","""/home/ramaswamy.51/Documents/github/Spirals/Media/data/cluster/endsim/BehaviorSearch/Step6_Trial""","true","0","1","0","0","true","false","""-379374039""","0.21593904975965383","0.21593904975965383","0.21593904975965383","0","0.21593904975965383"
"1","268","336","1000","1","""HK""","0.04","false","""normal""","1","""constant""","0.2","""Scale-free""","1","0","1","""uniform""","""deterministic-normal""","0","0","1","""normal""","0","0.8","false","""/home/ramaswamy.51/Documents/github/Spirals/Media/data/cluster/endsim/BehaviorSearch/Step6_Trial""","true","0","1","0","0","true","false","""-1322362931""","0.23959464835420916","0.23959464835420916","0.23959464835420916","0","0.23959464835420916"
"1","269","340","1000","1","""HK""","0.15000000000000002","false","""normal""","1","""constant""","0.2","""Scale-free""","1","0","1","""uniform""","""deterministic-normal""","0","0","1","""normal""","0.7000000000000002","0.8","false","""/home/ramaswamy.51/Documents/github/Spirals/Media/data/cluster/endsim/BehaviorSearch/Step6_Trial""","true","0","1","0","0","true","false","""-91295470""","0.32876230551052305","0.32876230551052305","0.32876230551052305","0","0.32876230551052305"
"1","270","340","1000","1","""HK""","0.15000000000000002","false","""normal""","1","""constant""","0.2","""Scale-free""","1","0","1","""uniform""","""deterministic-normal""","0","0","1","""normal""","0.7000000000000002","0.8","false","""/home/ramaswamy.51/Documents/github/Spirals/Media/data/cluster/endsim/BehaviorSearch/Step6_Trial""","true","0","1","0","0","true","false","""-2113460670""","0.312734857869765","0.312734857869765","0.312734857869765","0","0.312734857869765"
"1","271","340","1000","1","""HK""","0.15000000000000002","false","""normal""","1","""constant""","0.2","""Scale-free""","1","0","1","""uniform""","""deterministic-normal""","0","0","1","""normal""","0.7000000000000002","0.8","false","""/home/ramaswamy.51/Documents/github/Spirals/Media/data/cluster/endsim/BehaviorSearch/Step6_Trial""","true","0","1","0","0","true","false","""446777265""","0.31340609400883634","0.31340609400883634","0.31340609400883634","0","0.31340609400883634"
"1","272","340","1000","1","""HK""","0.15000000000000002","false","""normal""","1","""constant""","0.2","""Scale-free""","1","0","1","""uniform""","""deterministic-normal""","0","0","1","""normal""","0.7000000000000002","0.8","false","""/home/ramaswamy.51/Documents/github/Spirals/Media/data/cluster/endsim/BehaviorSearch/Step6_Trial""","true","0","1","0","0","true","false","""1158088386""","0.30980701529652555","0.30980701529652555","0.30980701529652555","0","0.30980701529652555"
"1","273","348","1000","1","""HK""","0.11","false","""normal""","1","""constant""","0.2","""Scale-free""","2","0","1","""uniform""","""deterministic-normal""","0","0","1","""normal""","-0.09999999999999998","0.8","false","""/home/ramaswamy.51/Documents/github/Spirals/Media/data/cluster/endsim/BehaviorSearch/Step6_Trial""","true","0","1","0","0","true","false","""1905342010""","0.29016994867570356","0.29016994867570356","0.29016994867570356","0","0.29016994867570356"
"1","274","348","1000","1","""HK""","0.11","false","""normal""","1","""constant""","0.2","""Scale-free""","2","0","1","""uniform""","""deterministic-normal""","0","0","1","""normal""","-0.09999999999999998","0.8","false","""/home/ramaswamy.51/Documents/github/Spirals/Media/data/cluster/endsim/BehaviorSearch/Step6_Trial""","true","0","1","0","0","true","false","""1992443483""","0.2884497949459829","0.2884497949459829","0.2884497949459829","0","0.2884497949459829"
"1","275","348","1000","1","""HK""","0.11","false","""normal""","1","""constant""","0.2","""Scale-free""","2","0","1","""uniform""","""deterministic-normal""","0","0","1","""normal""","-0.09999999999999998","0.8","false","""/home/ramaswamy.51/Documents/github/Spirals/Media/data/cluster/endsim/BehaviorSearch/Step6_Trial""","true","0","1","0","0","true","false","""-147030070""","0.28596093061888905","0.28596093061888905","0.28596093061888905","0","0.28596093061888905"
"1","276","348","1000","1","""HK""","0.11","false","""normal""","1","""constant""","0.2","""Scale-free""","2","0","1","""uniform""","""deterministic-normal""","0","0","1","""normal""","-0.09999999999999998","0.8","false","""/home/ramaswamy.51/Documents/github/Spirals/Media/data/cluster/endsim/BehaviorSearch/Step6_Trial""","true","0","1","0","0","true","false","""21307555""","0.30592242896263905","0.30592242896263905","0.30592242896263905","0","0.30592242896263905"
"1","277","356","1000","1","""HK""","0.17","false","""normal""","1","""constant""","0.2","""Scale-free""","1","0","1","""uniform""","""deterministic-normal""","0","0","1","""normal""","0.6000000000000001","0.9","false","""/home/ramaswamy.51/Documents/github/Spirals/Media/data/cluster/endsim/BehaviorSearch/Step6_Trial""","true","0","1","0","0","true","false","""-1424712089""","0.3237694697467771","0.3237694697467771","0.3237694697467771","0","0.3237694697467771"
"1","278","356","1000","1","""HK""","0.17","false","""normal""","1","""constant""","0.2","""Scale-free""","1","0","1","""uniform""","""deterministic-normal""","0","0","1","""normal""","0.6000000000000001","0.9","false","""/home/ramaswamy.51/Documents/github/Spirals/Media/data/cluster/endsim/BehaviorSearch/Step6_Trial""","true","0","1","0","0","true","false","""158846112""","0.30881077379513294","0.30881077379513294","0.30881077379513294","0","0.30881077379513294"
"1","279","356","1000","1","""HK""","0.17","false","""normal""","1","""constant""","0.2","""Scale-free""","1","0","1","""uniform""","""deterministic-normal""","0","0","1","""normal""","0.6000000000000001","0.9","false","""/home/ramaswamy.51/Documents/github/Spirals/Media/data/cluster/endsim/BehaviorSearch/Step6_Trial""","true","0","1","0","0","true","false","""1592637249""","0.29757888834792423","0.29757888834792423","0.29757888834792423","0","0.29757888834792423"
"1","280","356","1000","1","""HK""","0.17","false","""normal""","1","""constant""","0.2","""Scale-free""","1","0","1","""uniform""","""deterministic-normal""","0","0","1","""normal""","0.6000000000000001","0.9","false","""/home/ramaswamy.51/Documents/github/Spirals/Media/data/cluster/endsim/BehaviorSearch/Step6_Trial""","true","0","1","0","0","true","false","""-230708940""","0.31631128160431565","0.31631128160431565","0.31631128160431565","0","0.31631128160431565"
"1","281","360","1000","1","""HK""","0.14","false","""normal""","1","""constant""","0.2","""Scale-free""","1","0","1","""uniform""","""deterministic-normal""","0","0","1","""normal""","0.40000000000000013","0.7000000000000001","false","""/home/ramaswamy.51/Documents/github/Spirals/Media/data/cluster/endsim/BehaviorSearch/Step6_Trial""","true","0","1","0","0","true","false","""-2070589647""","0.3160055037081643","0.3160055037081643","0.3160055037081643","0","0.3160055037081643"
"1","282","360","1000","1","""HK""","0.14","false","""normal""","1","""constant""","0.2","""Scale-free""","1","0","1","""uniform""","""deterministic-normal""","0","0","1","""normal""","0.40000000000000013","0.7000000000000001","false","""/home/ramaswamy.51/Documents/github/Spirals/Media/data/cluster/endsim/BehaviorSearch/Step6_Trial""","true","0","1","0","0","true","false","""936955042""","0.2975957408606148","0.2975957408606148","0.2975957408606148","0","0.2975957408606148"
"1","283","360","1000","1","""HK""","0.14","false","""normal""","1","""constant""","0.2","""Scale-free""","1","0","1","""uniform""","""deterministic-normal""","0","0","1","""normal""","0.40000000000000013","0.7000000000000001","false","""/home/ramaswamy.51/Documents/github/Spirals/Media/data/cluster/endsim/BehaviorSearch/Step6_Trial""","true","0","1","0","0","true","false","""1978070791""","0.2867128508181047","0.2867128508181047","0.2867128508181047","0","0.2867128508181047"
"1","284","360","1000","1","""HK""","0.14","false","""normal""","1","""constant""","0.2","""Scale-free""","1","0","1","""uniform""","""deterministic-normal""","0","0","1","""normal""","0.40000000000000013","0.7000000000000001","false","""/home/ramaswamy.51/Documents/github/Spirals/Media/data/cluster/endsim/BehaviorSearch/Step6_Trial""","true","0","1","0","0","true","false","""-956451165""","0.3044213916816078","0.3044213916816078","0.3044213916816078","0","0.3044213916816078"
"1","285","364","1000","1","""HK""","0.16","false","""normal""","1","""constant""","0.2","""Scale-free""","1","0","1","""uniform""","""deterministic-normal""","0","0","1","""normal""","0","0.8","false","""/home/ramaswamy.51/Documents/github/Spirals/Media/data/cluster/endsim/BehaviorSearch/Step6_Trial""","true","0","1","0","0","true","false","""-556381237""","0.3012772579529592","0.3012772579529592","0.3012772579529592","0","0.3012772579529592"
"1","286","364","1000","1","""HK""","0.16","false","""normal""","1","""constant""","0.2","""Scale-free""","1","0","1","""uniform""","""deterministic-normal""","0","0","1","""normal""","0","0.8","false","""/home/ramaswamy.51/Documents/github/Spirals/Media/data/cluster/endsim/BehaviorSearch/Step6_Trial""","true","0","1","0","0","true","false","""535624494""","0.29064288070198857","0.29064288070198857","0.29064288070198857","0","0.29064288070198857"
"1","287","364","1000","1","""HK""","0.16","false","""normal""","1","""constant""","0.2","""Scale-free""","1","0","1","""uniform""","""deterministic-normal""","0","0","1","""normal""","0","0.8","false","""/home/ramaswamy.51/Documents/github/Spirals/Media/data/cluster/endsim/BehaviorSearch/Step6_Trial""","true","0","1","0","0","true","false","""383462229""","0.29350455072950193","0.29350455072950193","0.29350455072950193","0","0.29350455072950193"
"1","288","364","1000","1","""HK""","0.16","false","""normal""","1","""constant""","0.2","""Scale-free""","1","0","1","""uniform""","""deterministic-normal""","0","0","1","""normal""","0","0.8","false","""/home/ramaswamy.51/Documents/github/Spirals/Media/data/cluster/endsim/BehaviorSearch/Step6_Trial""","true","0","1","0","0","true","false","""719381312""","0.29205759397682873","0.29205759397682873","0.29205759397682873","0","0.29205759397682873"
"1","289","368","1000","1","""HK""","0.11","false","""normal""","1","""constant""","0.2","""Scale-free""","1","0","1","""uniform""","""deterministic-normal""","0","0","1","""normal""","0.6000000000000001","0.9","false","""/home/ramaswamy.51/Documents/github/Spirals/Media/data/cluster/endsim/BehaviorSearch/Step6_Trial""","true","0","1","0","0","true","false","""1232943528""","0.28713150133766085","0.28713150133766085","0.28713150133766085","0","0.28713150133766085"
"1","290","368","1000","1","""HK""","0.11","false","""normal""","1","""constant""","0.2","""Scale-free""","1","0","1","""uniform""","""deterministic-normal""","0","0","1","""normal""","0.6000000000000001","0.9","false","""/home/ramaswamy.51/Documents/github/Spirals/Media/data/cluster/endsim/BehaviorSearch/Step6_Trial""","true","0","1","0","0","true","false","""-45483059""","0.27578212319436324","0.27578212319436324","0.27578212319436324","0","0.27578212319436324"
"1","291","368","1000","1","""HK""","0.11","false","""normal""","1","""constant""","0.2","""Scale-free""","1","0","1","""uniform""","""deterministic-normal""","0","0","1","""normal""","0.6000000000000001","0.9","false","""/home/ramaswamy.51/Documents/github/Spirals/Media/data/cluster/endsim/BehaviorSearch/Step6_Trial""","true","0","1","0","0","true","false","""2093937624""","0.2906159865656898","0.2906159865656898","0.2906159865656898","0","0.2906159865656898"
"1","292","368","1000","1","""HK""","0.11","false","""normal""","1","""constant""","0.2","""Scale-free""","1","0","1","""uniform""","""deterministic-normal""","0","0","1","""normal""","0.6000000000000001","0.9","false","""/home/ramaswamy.51/Documents/github/Spirals/Media/data/cluster/endsim/BehaviorSearch/Step6_Trial""","true","0","1","0","0","true","false","""1308213785""","0.29456556318636234","0.29456556318636234","0.29456556318636234","0","0.29456556318636234"
"1","293","376","1000","1","""HK""","0.13","false","""normal""","1","""constant""","0.2","""Scale-free""","1","0","1","""uniform""","""deterministic-normal""","0","0","1","""normal""","0.5","0.9","false","""/home/ramaswamy.51/Documents/github/Spirals/Media/data/cluster/endsim/BehaviorSearch/Step6_Trial""","true","0","1","0","0","true","false","""1586184649""","0.30894013640574186","0.30894013640574186","0.30894013640574186","0","0.30894013640574186"
"1","294","376","1000","1","""HK""","0.13","false","""normal""","1","""constant""","0.2","""Scale-free""","1","0","1","""uniform""","""deterministic-normal""","0","0","1","""normal""","0.5","0.9","false","""/home/ramaswamy.51/Documents/github/Spirals/Media/data/cluster/endsim/BehaviorSearch/Step6_Trial""","true","0","1","0","0","true","false","""-328018107""","0.29935782603906796","0.29935782603906796","0.29935782603906796","0","0.29935782603906796"
"1","295","376","1000","1","""HK""","0.13","false","""normal""","1","""constant""","0.2","""Scale-free""","1","0","1","""uniform""","""deterministic-normal""","0","0","1","""normal""","0.5","0.9","false","""/home/ramaswamy.51/Documents/github/Spirals/Media/data/cluster/endsim/BehaviorSearch/Step6_Trial""","true","0","1","0","0","true","false","""-1879443125""","0.29738409924563813","0.29738409924563813","0.29738409924563813","0","0.29738409924563813"
"1","296","376","1000","1","""HK""","0.13","false","""normal""","1","""constant""","0.2","""Scale-free""","1","0","1","""uniform""","""deterministic-normal""","0","0","1","""normal""","0.5","0.9","false","""/home/ramaswamy.51/Documents/github/Spirals/Media/data/cluster/endsim/BehaviorSearch/Step6_Trial""","true","0","1","0","0","true","false","""-900212212""","0.30595811240917814","0.30595811240917814","0.30595811240917814","0","0.30595811240917814"
"1","297","388","1000","1","""HK""","0.11","false","""normal""","1","""constant""","0.2","""Scale-free""","1","0","1","""uniform""","""deterministic-normal""","0","0","1","""normal""","-0.09999999999999998","0.8","false","""/home/ramaswamy.51/Documents/github/Spirals/Media/data/cluster/endsim/BehaviorSearch/Step6_Trial""","true","0","1","0","0","true","false","""224399696""","0.2912480908751492","0.2912480908751492","0.2912480908751492","0","0.2912480908751492"
"1","298","388","1000","1","""HK""","0.11","false","""normal""","1","""constant""","0.2","""Scale-free""","1","0","1","""uniform""","""deterministic-normal""","0","0","1","""normal""","-0.09999999999999998","0.8","false","""/home/ramaswamy.51/Documents/github/Spirals/Media/data/cluster/endsim/BehaviorSearch/Step6_Trial""","true","0","1","0","0","true","false","""2022078075""","0.2777350405185015","0.2777350405185015","0.2777350405185015","0","0.2777350405185015"
"1","299","388","1000","1","""HK""","0.11","false","""normal""","1","""constant""","0.2","""Scale-free""","1","0","1","""uniform""","""deterministic-normal""","0","0","1","""normal""","-0.09999999999999998","0.8","false","""/home/ramaswamy.51/Documents/github/Spirals/Media/data/cluster/endsim/BehaviorSearch/Step6_Trial""","true","0","1","0","0","true","false","""-1905076513""","0.28373232489207595","0.28373232489207595","0.28373232489207595","0","0.28373232489207595"
"1","300","388","1000","1","""HK""","0.11","false","""normal""","1","""constant""","0.2","""Scale-free""","1","0","1","""uniform""","""deterministic-normal""","0","0","1","""normal""","-0.09999999999999998","0.8","false","""/home/ramaswamy.51/Documents/github/Spirals/Media/data/cluster/endsim/BehaviorSearch/Step6_Trial""","true","0","1","0","0","true","false","""1328178882""","0.28933764608533225","0.28933764608533225","0.28933764608533225","0","0.28933764608533225"
"1","301","396","1000","1","""HK""","0.09","false","""normal""","1","""constant""","0.2","""Scale-free""","1","0","1","""uniform""","""deterministic-normal""","0","0","1","""normal""","0","0.8","false","""/home/ramaswamy.51/Documents/github/Spirals/Media/data/cluster/endsim/BehaviorSearch/Step6_Trial""","true","0","1","0","0","true","false","""-1026985200""","0.2670224053135858","0.2670224053135858","0.2670224053135858","0","0.2670224053135858"
"1","302","396","1000","1","""HK""","0.09","false","""normal""","1","""constant""","0.2","""Scale-free""","1","0","1","""uniform""","""deterministic-normal""","0","0","1","""normal""","0","0.8","false","""/home/ramaswamy.51/Documents/github/Spirals/Media/data/cluster/endsim/BehaviorSearch/Step6_Trial""","true","0","1","0","0","true","false","""1238271210""","0.26423651572434986","0.26423651572434986","0.26423651572434986","0","0.26423651572434986"
"1","303","396","1000","1","""HK""","0.09","false","""normal""","1","""constant""","0.2","""Scale-free""","1","0","1","""uniform""","""deterministic-normal""","0","0","1","""normal""","0","0.8","false","""/home/ramaswamy.51/Documents/github/Spirals/Media/data/cluster/endsim/BehaviorSearch/Step6_Trial""","true","0","1","0","0","true","false","""-1103908288""","0.2725993925407705","0.2725993925407705","0.2725993925407705","0","0.2725993925407705"
"1","304","396","1000","1","""HK""","0.09","false","""normal""","1","""constant""","0.2","""Scale-free""","1","0","1","""uniform""","""deterministic-normal""","0","0","1","""normal""","0","0.8","false","""/home/ramaswamy.51/Documents/github/Spirals/Media/data/cluster/endsim/BehaviorSearch/Step6_Trial""","true","0","1","0","0","true","false","""840536352""","0.24994892151551978","0.24994892151551978","0.24994892151551978","0","0.24994892151551978"
"1","305","400","1000","1","""HK""","0.15000000000000002","false","""normal""","1","""constant""","0.2","""Scale-free""","1","0","1","""uniform""","""deterministic-normal""","0","0","1","""normal""","-0.09999999999999998","0.8","false","""/home/ramaswamy.51/Documents/github/Spirals/Media/data/cluster/endsim/BehaviorSearch/Step6_Trial""","true","0","1","0","0","true","false","""1760874854""","0.29082029215502586","0.29082029215502586","0.29082029215502586","0","0.29082029215502586"
"1","306","400","1000","1","""HK""","0.15000000000000002","false","""normal""","1","""constant""","0.2","""Scale-free""","1","0","1","""uniform""","""deterministic-normal""","0","0","1","""normal""","-0.09999999999999998","0.8","false","""/home/ramaswamy.51/Documents/github/Spirals/Media/data/cluster/endsim/BehaviorSearch/Step6_Trial""","true","0","1","0","0","true","false","""1928857143""","0.27899631120341","0.27899631120341","0.27899631120341","0","0.27899631120341"
"1","307","400","1000","1","""HK""","0.15000000000000002","false","""normal""","1","""constant""","0.2","""Scale-free""","1","0","1","""uniform""","""deterministic-normal""","0","0","1","""normal""","-0.09999999999999998","0.8","false","""/home/ramaswamy.51/Documents/github/Spirals/Media/data/cluster/endsim/BehaviorSearch/Step6_Trial""","true","0","1","0","0","true","false","""-805009642""","0.30797381394170636","0.30797381394170636","0.30797381394170636","0","0.30797381394170636"
"1","308","400","1000","1","""HK""","0.15000000000000002","false","""normal""","1","""constant""","0.2","""Scale-free""","1","0","1","""uniform""","""deterministic-normal""","0","0","1","""normal""","-0.09999999999999998","0.8","false","""/home/ramaswamy.51/Documents/github/Spirals/Media/data/cluster/endsim/BehaviorSearch/Step6_Trial""","true","0","1","0","0","true","false","""102819679""","0.2930183556727828","0.2930183556727828","0.2930183556727828","0","0.2930183556727828"
"1","309","408","1000","1","""HK""","0.17","false","""normal""","1","""constant""","0.1","""Scale-free""","1","0","1","""uniform""","""deterministic-normal""","0","0","1","""normal""","0","0.7000000000000001","false","""/home/ramaswamy.51/Documents/github/Spirals/Media/data/cluster/endsim/BehaviorSearch/Step6_Trial""","true","0","1","0","0","true","false","""368712354""","0.33178077101262293","0.33178077101262293","0.33178077101262293","0","0.33178077101262293"
"1","310","408","1000","1","""HK""","0.17","false","""normal""","1","""constant""","0.1","""Scale-free""","1","0","1","""uniform""","""deterministic-normal""","0","0","1","""normal""","0","0.7000000000000001","false","""/home/ramaswamy.51/Documents/github/Spirals/Media/data/cluster/endsim/BehaviorSearch/Step6_Trial""","true","0","1","0","0","true","false","""937828991""","0.2965557784015686","0.2965557784015686","0.2965557784015686","0","0.2965557784015686"
"1","311","408","1000","1","""HK""","0.17","false","""normal""","1","""constant""","0.1","""Scale-free""","1","0","1","""uniform""","""deterministic-normal""","0","0","1","""normal""","0","0.7000000000000001","false","""/home/ramaswamy.51/Documents/github/Spirals/Media/data/cluster/endsim/BehaviorSearch/Step6_Trial""","true","0","1","0","0","true","false","""-2080919665""","0.31669193821372216","0.31669193821372216","0.31669193821372216","0","0.31669193821372216"
"1","312","408","1000","1","""HK""","0.17","false","""normal""","1","""constant""","0.1","""Scale-free""","1","0","1","""uniform""","""deterministic-normal""","0","0","1","""normal""","0","0.7000000000000001","false","""/home/ramaswamy.51/Documents/github/Spirals/Media/data/cluster/endsim/BehaviorSearch/Step6_Trial""","true","0","1","0","0","true","false","""-704906468""","0.30457634727507105","0.30457634727507105","0.30457634727507105","0","0.30457634727507105"
"1","313","412","1000","1","""HK""","0.13","false","""normal""","1","""constant""","0.2","""Scale-free""","1","0","1","""uniform""","""deterministic-normal""","0","0","1","""normal""","0.10000000000000009","0.8","false","""/home/ramaswamy.51/Documents/github/Spirals/Media/data/cluster/endsim/BehaviorSearch/Step6_Trial""","true","0","1","0","0","true","false","""549969961""","0.2818809459244577","0.2818809459244577","0.2818809459244577","0","0.2818809459244577"
"1","314","412","1000","1","""HK""","0.13","false","""normal""","1","""constant""","0.2","""Scale-free""","1","0","1","""uniform""","""deterministic-normal""","0","0","1","""normal""","0.10000000000000009","0.8","false","""/home/ramaswamy.51/Documents/github/Spirals/Media/data/cluster/endsim/BehaviorSearch/Step6_Trial""","true","0","1","0","0","true","false","""1565243654""","0.28805494462827264","0.28805494462827264","0.28805494462827264","0","0.28805494462827264"
"1","315","412","1000","1","""HK""","0.13","false","""normal""","1","""constant""","0.2","""Scale-free""","1","0","1","""uniform""","""deterministic-normal""","0","0","1","""normal""","0.10000000000000009","0.8","false","""/home/ramaswamy.51/Documents/github/Spirals/Media/data/cluster/endsim/BehaviorSearch/Step6_Trial""","true","0","1","0","0","true","false","""579080654""","0.2882549615683521","0.2882549615683521","0.2882549615683521","0","0.2882549615683521"
"1","316","412","1000","1","""HK""","0.13","false","""normal""","1","""constant""","0.2","""Scale-free""","1","0","1","""uniform""","""deterministic-normal""","0","0","1","""normal""","0.10000000000000009","0.8","false","""/home/ramaswamy.51/Documents/github/Spirals/Media/data/cluster/endsim/BehaviorSearch/Step6_Trial""","true","0","1","0","0","true","false","""1963947758""","0.2876820116035006","0.2876820116035006","0.2876820116035006","0","0.2876820116035006"
"1","317","416","1000","1","""HK""","0.09999999999999999","false","""normal""","1","""constant""","0.1","""Scale-free""","1","0","1","""uniform""","""deterministic-normal""","0","0","1","""normal""","-0.09999999999999998","0.9","false","""/home/ramaswamy.51/Documents/github/Spirals/Media/data/cluster/endsim/BehaviorSearch/Step6_Trial""","true","0","1","0","0","true","false","""-484825480""","0.2128313759695967","0.2128313759695967","0.2128313759695967","0","0.2128313759695967"
"1","318","416","1000","1","""HK""","0.09999999999999999","false","""normal""","1","""constant""","0.1","""Scale-free""","1","0","1","""uniform""","""deterministic-normal""","0","0","1","""normal""","-0.09999999999999998","0.9","false","""/home/ramaswamy.51/Documents/github/Spirals/Media/data/cluster/endsim/BehaviorSearch/Step6_Trial""","true","0","1","0","0","true","false","""98237971""","0.20257181663998844","0.20257181663998844","0.20257181663998844","0","0.20257181663998844"
"1","319","416","1000","1","""HK""","0.09999999999999999","false","""normal""","1","""constant""","0.1","""Scale-free""","1","0","1","""uniform""","""deterministic-normal""","0","0","1","""normal""","-0.09999999999999998","0.9","false","""/home/ramaswamy.51/Documents/github/Spirals/Media/data/cluster/endsim/BehaviorSearch/Step6_Trial""","true","0","1","0","0","true","false","""1656163200""","0.16830454096338632","0.16830454096338632","0.16830454096338632","0","0.16830454096338632"
"1","320","416","1000","1","""HK""","0.09999999999999999","false","""normal""","1","""constant""","0.1","""Scale-free""","1","0","1","""uniform""","""deterministic-normal""","0","0","1","""normal""","-0.09999999999999998","0.9","false","""/home/ramaswamy.51/Documents/github/Spirals/Media/data/cluster/endsim/BehaviorSearch/Step6_Trial""","true","0","1","0","0","true","false","""-2016687558""","0.2072175911993147","0.2072175911993147","0.2072175911993147","0","0.2072175911993147"
"1","321","420","1000","1","""HK""","0.09","false","""normal""","1","""constant""","0.2","""Scale-free""","1","0","1","""uniform""","""deterministic-normal""","0","0","1","""normal""","-0.09999999999999998","0.9","false","""/home/ramaswamy.51/Documents/github/Spirals/Media/data/cluster/endsim/BehaviorSearch/Step6_Trial""","true","0","1","0","0","true","false","""305103130""","0.24472989115248636","0.24472989115248636","0.24472989115248636","0","0.24472989115248636"
"1","322","420","1000","1","""HK""","0.09","false","""normal""","1","""constant""","0.2","""Scale-free""","1","0","1","""uniform""","""deterministic-normal""","0","0","1","""normal""","-0.09999999999999998","0.9","false","""/home/ramaswamy.51/Documents/github/Spirals/Media/data/cluster/endsim/BehaviorSearch/Step6_Trial""","true","0","1","0","0","true","false","""-1646083994""","0.25180991032933514","0.25180991032933514","0.25180991032933514","0","0.25180991032933514"
"1","323","420","1000","1","""HK""","0.09","false","""normal""","1","""constant""","0.2","""Scale-free""","1","0","1","""uniform""","""deterministic-normal""","0","0","1","""normal""","-0.09999999999999998","0.9","false","""/home/ramaswamy.51/Documents/github/Spirals/Media/data/cluster/endsim/BehaviorSearch/Step6_Trial""","true","0","1","0","0","true","false","""1795619386""","0.257580607115139","0.257580607115139","0.257580607115139","0","0.257580607115139"
"1","324","420","1000","1","""HK""","0.09","false","""normal""","1","""constant""","0.2","""Scale-free""","1","0","1","""uniform""","""deterministic-normal""","0","0","1","""normal""","-0.09999999999999998","0.9","false","""/home/ramaswamy.51/Documents/github/Spirals/Media/data/cluster/endsim/BehaviorSearch/Step6_Trial""","true","0","1","0","0","true","false","""348492028""","0.2502318153699335","0.2502318153699335","0.2502318153699335","0","0.2502318153699335"
"1","325","424","1000","1","""HK""","0.09999999999999999","false","""normal""","1","""constant""","0.2","""Scale-free""","1","0","1","""uniform""","""deterministic-normal""","0","0","1","""normal""","0.5","0.9","false","""/home/ramaswamy.51/Documents/github/Spirals/Media/data/cluster/endsim/BehaviorSearch/Step6_Trial""","true","0","1","0","0","true","false","""-838573098""","0.26024064565656174","0.26024064565656174","0.26024064565656174","0","0.26024064565656174"
"1","326","424","1000","1","""HK""","0.09999999999999999","false","""normal""","1","""constant""","0.2","""Scale-free""","1","0","1","""uniform""","""deterministic-normal""","0","0","1","""normal""","0.5","0.9","false","""/home/ramaswamy.51/Documents/github/Spirals/Media/data/cluster/endsim/BehaviorSearch/Step6_Trial""","true","0","1","0","0","true","false","""-1915833172""","0.28848618320569364","0.28848618320569364","0.28848618320569364","0","0.28848618320569364"
"1","327","424","1000","1","""HK""","0.09999999999999999","false","""normal""","1","""constant""","0.2","""Scale-free""","1","0","1","""uniform""","""deterministic-normal""","0","0","1","""normal""","0.5","0.9","false","""/home/ramaswamy.51/Documents/github/Spirals/Media/data/cluster/endsim/BehaviorSearch/Step6_Trial""","true","0","1","0","0","true","false","""-331208658""","0.2651126201620269","0.2651126201620269","0.2651126201620269","0","0.2651126201620269"
"1","328","424","1000","1","""HK""","0.09999999999999999","false","""normal""","1","""constant""","0.2","""Scale-free""","1","0","1","""uniform""","""deterministic-normal""","0","0","1","""normal""","0.5","0.9","false","""/home/ramaswamy.51/Documents/github/Spirals/Media/data/cluster/endsim/BehaviorSearch/Step6_Trial""","true","0","1","0","0","true","false","""-1630399393""","0.27753341899963263","0.27753341899963263","0.27753341899963263","0","0.27753341899963263"
"1","329","428","1000","1","""HK""","0.09999999999999999","false","""normal""","1","""constant""","0.1","""Scale-free""","1","0","1","""uniform""","""deterministic-normal""","0","0","1","""normal""","-0.7","0.9","false","""/home/ramaswamy.51/Documents/github/Spirals/Media/data/cluster/endsim/BehaviorSearch/Step6_Trial""","true","0","1","0","0","true","false","""-1684347646""","0.2365785986915314","0.2365785986915314","0.2365785986915314","0","0.2365785986915314"
"1","330","428","1000","1","""HK""","0.09999999999999999","false","""normal""","1","""constant""","0.1","""Scale-free""","1","0","1","""uniform""","""deterministic-normal""","0","0","1","""normal""","-0.7","0.9","false","""/home/ramaswamy.51/Documents/github/Spirals/Media/data/cluster/endsim/BehaviorSearch/Step6_Trial""","true","0","1","0","0","true","false","""1296344444""","0.2055959993162929","0.2055959993162929","0.2055959993162929","0","0.2055959993162929"
"1","331","428","1000","1","""HK""","0.09999999999999999","false","""normal""","1","""constant""","0.1","""Scale-free""","1","0","1","""uniform""","""deterministic-normal""","0","0","1","""normal""","-0.7","0.9","false","""/home/ramaswamy.51/Documents/github/Spirals/Media/data/cluster/endsim/BehaviorSearch/Step6_Trial""","true","0","1","0","0","true","false","""-1108634673""","0.2157603887919992","0.2157603887919992","0.2157603887919992","0","0.2157603887919992"
"1","332","428","1000","1","""HK""","0.09999999999999999","false","""normal""","1","""constant""","0.1","""Scale-free""","1","0","1","""uniform""","""deterministic-normal""","0","0","1","""normal""","-0.7","0.9","false","""/home/ramaswamy.51/Documents/github/Spirals/Media/data/cluster/endsim/BehaviorSearch/Step6_Trial""","true","0","1","0","0","true","false","""1586931706""","0.2071224196552775","0.2071224196552775","0.2071224196552775","0","0.2071224196552775"
"1","333","436","1000","1","""HK""","0.12","false","""normal""","1","""constant""","0.1","""Scale-free""","1","0","1","""uniform""","""deterministic-normal""","0","0","1","""normal""","-0.09999999999999998","0.9","false","""/home/ramaswamy.51/Documents/github/Spirals/Media/data/cluster/endsim/BehaviorSearch/Step6_Trial""","true","0","1","0","0","true","false","""126604154""","0.20648087613915836","0.20648087613915836","0.20648087613915836","0","0.20648087613915836"
"1","334","436","1000","1","""HK""","0.12","false","""normal""","1","""constant""","0.1","""Scale-free""","1","0","1","""uniform""","""deterministic-normal""","0","0","1","""normal""","-0.09999999999999998","0.9","false","""/home/ramaswamy.51/Documents/github/Spirals/Media/data/cluster/endsim/BehaviorSearch/Step6_Trial""","true","0","1","0","0","true","false","""903952019""","0.22248156384321785","0.22248156384321785","0.22248156384321785","0","0.22248156384321785"
"1","335","436","1000","1","""HK""","0.12","false","""normal""","1","""constant""","0.1","""Scale-free""","1","0","1","""uniform""","""deterministic-normal""","0","0","1","""normal""","-0.09999999999999998","0.9","false","""/home/ramaswamy.51/Documents/github/Spirals/Media/data/cluster/endsim/BehaviorSearch/Step6_Trial""","true","0","1","0","0","true","false","""1687842124""","0.2197120427427098","0.2197120427427098","0.2197120427427098","0","0.2197120427427098"
"1","336","436","1000","1","""HK""","0.12","false","""normal""","1","""constant""","0.1","""Scale-free""","1","0","1","""uniform""","""deterministic-normal""","0","0","1","""normal""","-0.09999999999999998","0.9","false","""/home/ramaswamy.51/Documents/github/Spirals/Media/data/cluster/endsim/BehaviorSearch/Step6_Trial""","true","0","1","0","0","true","false","""1777034255""","0.22575656395094687","0.22575656395094687","0.22575656395094687","0","0.22575656395094687"
"1","337","440","1000","1","""HK""","0.06999999999999999","false","""normal""","1","""constant""","0.1","""Scale-free""","1","0","1","""uniform""","""deterministic-normal""","0","0","1","""normal""","0","0.8","false","""/home/ramaswamy.51/Documents/github/Spirals/Media/data/cluster/endsim/BehaviorSearch/Step6_Trial""","true","0","1","0","0","true","false","""-1258627152""","0.1733952042986044","0.1733952042986044","0.1733952042986044","0","0.1733952042986044"
"1","338","440","1000","1","""HK""","0.06999999999999999","false","""normal""","1","""constant""","0.1","""Scale-free""","1","0","1","""uniform""","""deterministic-normal""","0","0","1","""normal""","0","0.8","false","""/home/ramaswamy.51/Documents/github/Spirals/Media/data/cluster/endsim/BehaviorSearch/Step6_Trial""","true","0","1","0","0","true","false","""-1527280080""","0.15007411827721262","0.15007411827721262","0.15007411827721262","0","0.15007411827721262"
"1","339","440","1000","1","""HK""","0.06999999999999999","false","""normal""","1","""constant""","0.1","""Scale-free""","1","0","1","""uniform""","""deterministic-normal""","0","0","1","""normal""","0","0.8","false","""/home/ramaswamy.51/Documents/github/Spirals/Media/data/cluster/endsim/BehaviorSearch/Step6_Trial""","true","0","1","0","0","true","false","""-905303548""","0.1374735066377629","0.1374735066377629","0.1374735066377629","0","0.1374735066377629"
"1","340","440","1000","1","""HK""","0.06999999999999999","false","""normal""","1","""constant""","0.1","""Scale-free""","1","0","1","""uniform""","""deterministic-normal""","0","0","1","""normal""","0","0.8","false","""/home/ramaswamy.51/Documents/github/Spirals/Media/data/cluster/endsim/BehaviorSearch/Step6_Trial""","true","0","1","0","0","true","false","""1171782031""","0.14433094517294803","0.14433094517294803","0.14433094517294803","0","0.14433094517294803"
"1","341","444","1000","1","""HK""","0.09","false","""normal""","1","""constant""","0.2","""Scale-free""","1","0","1","""uniform""","""deterministic-normal""","0","0","1","""normal""","0.40000000000000013","0.9","false","""/home/ramaswamy.51/Documents/github/Spirals/Media/data/cluster/endsim/BehaviorSearch/Step6_Trial""","true","0","1","0","0","true","false","""1373357170""","0.25373191726918404","0.25373191726918404","0.25373191726918404","0","0.25373191726918404"
"1","342","444","1000","1","""HK""","0.09","false","""normal""","1","""constant""","0.2","""Scale-free""","1","0","1","""uniform""","""deterministic-normal""","0","0","1","""normal""","0.40000000000000013","0.9","false","""/home/ramaswamy.51/Documents/github/Spirals/Media/data/cluster/endsim/BehaviorSearch/Step6_Trial""","true","0","1","0","0","true","false","""-1962981675""","0.2546115632495162","0.2546115632495162","0.2546115632495162","0","0.2546115632495162"
"1","343","444","1000","1","""HK""","0.09","false","""normal""","1","""constant""","0.2","""Scale-free""","1","0","1","""uniform""","""deterministic-normal""","0","0","1","""normal""","0.40000000000000013","0.9","false","""/home/ramaswamy.51/Documents/github/Spirals/Media/data/cluster/endsim/BehaviorSearch/Step6_Trial""","true","0","1","0","0","true","false","""727509441""","0.26515895662143535","0.26515895662143535","0.26515895662143535","0","0.26515895662143535"
"1","344","444","1000","1","""HK""","0.09","false","""normal""","1","""constant""","0.2","""Scale-free""","1","0","1","""uniform""","""deterministic-normal""","0","0","1","""normal""","0.40000000000000013","0.9","false","""/home/ramaswamy.51/Documents/github/Spirals/Media/data/cluster/endsim/BehaviorSearch/Step6_Trial""","true","0","1","0","0","true","false","""-1299056868""","0.2773409213732005","0.2773409213732005","0.2773409213732005","0","0.2773409213732005"
"1","345","456","1000","1","""HK""","0.09999999999999999","false","""normal""","1","""constant""","0.2","""Scale-free""","1","0","1","""uniform""","""deterministic-normal""","0","0","1","""normal""","-0.09999999999999998","0.9","false","""/home/ramaswamy.51/Documents/github/Spirals/Media/data/cluster/endsim/BehaviorSearch/Step6_Trial""","true","0","1","0","0","true","false","""-1669173180""","0.24770776049666085","0.24770776049666085","0.24770776049666085","0","0.24770776049666085"
"1","346","456","1000","1","""HK""","0.09999999999999999","false","""normal""","1","""constant""","0.2","""Scale-free""","1","0","1","""uniform""","""deterministic-normal""","0","0","1","""normal""","-0.09999999999999998","0.9","false","""/home/ramaswamy.51/Documents/github/Spirals/Media/data/cluster/endsim/BehaviorSearch/Step6_Trial""","true","0","1","0","0","true","false","""1047446368""","0.24637077754029657","0.24637077754029657","0.24637077754029657","0","0.24637077754029657"
"1","347","456","1000","1","""HK""","0.09999999999999999","false","""normal""","1","""constant""","0.2","""Scale-free""","1","0","1","""uniform""","""deterministic-normal""","0","0","1","""normal""","-0.09999999999999998","0.9","false","""/home/ramaswamy.51/Documents/github/Spirals/Media/data/cluster/endsim/BehaviorSearch/Step6_Trial""","true","0","1","0","0","true","false","""-128354981""","0.2767064196403264","0.2767064196403264","0.2767064196403264","0","0.2767064196403264"
"1","348","456","1000","1","""HK""","0.09999999999999999","false","""normal""","1","""constant""","0.2","""Scale-free""","1","0","1","""uniform""","""deterministic-normal""","0","0","1","""normal""","-0.09999999999999998","0.9","false","""/home/ramaswamy.51/Documents/github/Spirals/Media/data/cluster/endsim/BehaviorSearch/Step6_Trial""","true","0","1","0","0","true","false","""-1503757805""","0.2586317408646813","0.2586317408646813","0.2586317408646813","0","0.2586317408646813"
"1","349","460","1000","1","""HK""","0.09999999999999999","false","""normal""","1","""constant""","0.2","""Scale-free""","1","0","1","""uniform""","""deterministic-normal""","0","0","1","""normal""","0","0.8","false","""/home/ramaswamy.51/Documents/github/Spirals/Media/data/cluster/endsim/BehaviorSearch/Step6_Trial""","true","0","1","0","0","true","false","""-1695996703""","0.26135436551505314","0.26135436551505314","0.26135436551505314","0","0.26135436551505314"
"1","350","460","1000","1","""HK""","0.09999999999999999","false","""normal""","1","""constant""","0.2","""Scale-free""","1","0","1","""uniform""","""deterministic-normal""","0","0","1","""normal""","0","0.8","false","""/home/ramaswamy.51/Documents/github/Spirals/Media/data/cluster/endsim/BehaviorSearch/Step6_Trial""","true","0","1","0","0","true","false","""-786147955""","0.28818977646681965","0.28818977646681965","0.28818977646681965","0","0.28818977646681965"
"1","351","460","1000","1","""HK""","0.09999999999999999","false","""normal""","1","""constant""","0.2","""Scale-free""","1","0","1","""uniform""","""deterministic-normal""","0","0","1","""normal""","0","0.8","false","""/home/ramaswamy.51/Documents/github/Spirals/Media/data/cluster/endsim/BehaviorSearch/Step6_Trial""","true","0","1","0","0","true","false","""1417518603""","0.264342608386825","0.264342608386825","0.264342608386825","0","0.264342608386825"
"1","352","460","1000","1","""HK""","0.09999999999999999","false","""normal""","1","""constant""","0.2","""Scale-free""","1","0","1","""uniform""","""deterministic-normal""","0","0","1","""normal""","0","0.8","false","""/home/ramaswamy.51/Documents/github/Spirals/Media/data/cluster/endsim/BehaviorSearch/Step6_Trial""","true","0","1","0","0","true","false","""-2134663299""","0.2750537609285679","0.2750537609285679","0.2750537609285679","0","0.2750537609285679"
"1","353","464","1000","1","""HK""","0.09999999999999999","false","""normal""","1","""constant""","0.30000000000000004","""Scale-free""","1","0","1","""uniform""","""deterministic-normal""","0","0","1","""normal""","0","0.7000000000000001","false","""/home/ramaswamy.51/Documents/github/Spirals/Media/data/cluster/endsim/BehaviorSearch/Step6_Trial""","true","0","1","0","0","true","false","""552807628""","0.3109759457301495","0.3109759457301495","0.3109759457301495","0","0.3109759457301495"
"1","354","464","1000","1","""HK""","0.09999999999999999","false","""normal""","1","""constant""","0.30000000000000004","""Scale-free""","1","0","1","""uniform""","""deterministic-normal""","0","0","1","""normal""","0","0.7000000000000001","false","""/home/ramaswamy.51/Documents/github/Spirals/Media/data/cluster/endsim/BehaviorSearch/Step6_Trial""","true","0","1","0","0","true","false","""1007632849""","0.30345926177267407","0.30345926177267407","0.30345926177267407","0","0.30345926177267407"
"1","355","464","1000","1","""HK""","0.09999999999999999","false","""normal""","1","""constant""","0.30000000000000004","""Scale-free""","1","0","1","""uniform""","""deterministic-normal""","0","0","1","""normal""","0","0.7000000000000001","false","""/home/ramaswamy.51/Documents/github/Spirals/Media/data/cluster/endsim/BehaviorSearch/Step6_Trial""","true","0","1","0","0","true","false","""-1691188167""","0.3314922876297584","0.3314922876297584","0.3314922876297584","0","0.3314922876297584"
"1","356","464","1000","1","""HK""","0.09999999999999999","false","""normal""","1","""constant""","0.30000000000000004","""Scale-free""","1","0","1","""uniform""","""deterministic-normal""","0","0","1","""normal""","0","0.7000000000000001","false","""/home/ramaswamy.51/Documents/github/Spirals/Media/data/cluster/endsim/BehaviorSearch/Step6_Trial""","true","0","1","0","0","true","false","""-511940146""","0.30293221239046014","0.30293221239046014","0.30293221239046014","0","0.30293221239046014"
"1","357","472","1000","1","""HK""","0.06999999999999999","false","""normal""","1","""constant""","0.1","""Scale-free""","1","0","1","""uniform""","""deterministic-normal""","0","0","1","""normal""","0","0.9","false","""/home/ramaswamy.51/Documents/github/Spirals/Media/data/cluster/endsim/BehaviorSearch/Step6_Trial""","true","0","1","0","0","true","false","""448392324""","0.13774745407915176","0.13774745407915176","0.13774745407915176","0","0.13774745407915176"
"1","358","472","1000","1","""HK""","0.06999999999999999","false","""normal""","1","""constant""","0.1","""Scale-free""","1","0","1","""uniform""","""deterministic-normal""","0","0","1","""normal""","0","0.9","false","""/home/ramaswamy.51/Documents/github/Spirals/Media/data/cluster/endsim/BehaviorSearch/Step6_Trial""","true","0","1","0","0","true","false","""1553352516""","0.14948998060283064","0.14948998060283064","0.14948998060283064","0","0.14948998060283064"
"1","359","472","1000","1","""HK""","0.06999999999999999","false","""normal""","1","""constant""","0.1","""Scale-free""","1","0","1","""uniform""","""deterministic-normal""","0","0","1","""normal""","0","0.9","false","""/home/ramaswamy.51/Documents/github/Spirals/Media/data/cluster/endsim/BehaviorSearch/Step6_Trial""","true","0","1","0","0","true","false","""423384736""","0.13966058549718027","0.13966058549718027","0.13966058549718027","0","0.13966058549718027"
"1","360","472","1000","1","""HK""","0.06999999999999999","false","""normal""","1","""constant""","0.1","""Scale-free""","1","0","1","""uniform""","""deterministic-normal""","0","0","1","""normal""","0","0.9","false","""/home/ramaswamy.51/Documents/github/Spirals/Media/data/cluster/endsim/BehaviorSearch/Step6_Trial""","true","0","1","0","0","true","false","""80968577""","0.15099524681507998","0.15099524681507998","0.15099524681507998","0","0.15099524681507998"
"1","361","484","1000","1","""HK""","0.12","false","""normal""","1","""constant""","0.1","""Scale-free""","1","0","1","""uniform""","""deterministic-normal""","0","0","1","""normal""","0.30000000000000004","0.8","false","""/home/ramaswamy.51/Documents/github/Spirals/Media/data/cluster/endsim/BehaviorSearch/Step6_Trial""","true","0","1","0","0","true","false","""-616334537""","0.22467513080193235","0.22467513080193235","0.22467513080193235","0","0.22467513080193235"
"1","362","484","1000","1","""HK""","0.12","false","""normal""","1","""constant""","0.1","""Scale-free""","1","0","1","""uniform""","""deterministic-normal""","0","0","1","""normal""","0.30000000000000004","0.8","false","""/home/ramaswamy.51/Documents/github/Spirals/Media/data/cluster/endsim/BehaviorSearch/Step6_Trial""","true","0","1","0","0","true","false","""-938697029""","0.21419677016988548","0.21419677016988548","0.21419677016988548","0","0.21419677016988548"
"1","363","484","1000","1","""HK""","0.12","false","""normal""","1","""constant""","0.1","""Scale-free""","1","0","1","""uniform""","""deterministic-normal""","0","0","1","""normal""","0.30000000000000004","0.8","false","""/home/ramaswamy.51/Documents/github/Spirals/Media/data/cluster/endsim/BehaviorSearch/Step6_Trial""","true","0","1","0","0","true","false","""-872677316""","0.23752603050568838","0.23752603050568838","0.23752603050568838","0","0.23752603050568838"
"1","364","484","1000","1","""HK""","0.12","false","""normal""","1","""constant""","0.1","""Scale-free""","1","0","1","""uniform""","""deterministic-normal""","0","0","1","""normal""","0.30000000000000004","0.8","false","""/home/ramaswamy.51/Documents/github/Spirals/Media/data/cluster/endsim/BehaviorSearch/Step6_Trial""","true","0","1","0","0","true","false","""572249112""","0.23072328549736948","0.23072328549736948","0.23072328549736948","0","0.23072328549736948"
"1","365","488","1000","1","""HK""","0.06999999999999999","false","""normal""","1","""constant""","0.1","""Scale-free""","1","0","1","""uniform""","""deterministic-normal""","0","0","1","""normal""","0","0.7000000000000001","false","""/home/ramaswamy.51/Documents/github/Spirals/Media/data/cluster/endsim/BehaviorSearch/Step6_Trial""","true","0","1","0","0","true","false","""271210423""","0.169121701436469","0.169121701436469","0.169121701436469","0","0.169121701436469"
"1","366","488","1000","1","""HK""","0.06999999999999999","false","""normal""","1","""constant""","0.1","""Scale-free""","1","0","1","""uniform""","""deterministic-normal""","0","0","1","""normal""","0","0.7000000000000001","false","""/home/ramaswamy.51/Documents/github/Spirals/Media/data/cluster/endsim/BehaviorSearch/Step6_Trial""","true","0","1","0","0","true","false","""-1773273818""","0.14245679924988383","0.14245679924988383","0.14245679924988383","0","0.14245679924988383"
"1","367","488","1000","1","""HK""","0.06999999999999999","false","""normal""","1","""constant""","0.1","""Scale-free""","1","0","1","""uniform""","""deterministic-normal""","0","0","1","""normal""","0","0.7000000000000001","false","""/home/ramaswamy.51/Documents/github/Spirals/Media/data/cluster/endsim/BehaviorSearch/Step6_Trial""","true","0","1","0","0","true","false","""-878787940""","0.16686511030819376","0.16686511030819376","0.16686511030819376","0","0.16686511030819376"
"1","368","488","1000","1","""HK""","0.06999999999999999","false","""normal""","1","""constant""","0.1","""Scale-free""","1","0","1","""uniform""","""deterministic-normal""","0","0","1","""normal""","0","0.7000000000000001","false","""/home/ramaswamy.51/Documents/github/Spirals/Media/data/cluster/endsim/BehaviorSearch/Step6_Trial""","true","0","1","0","0","true","false","""806405264""","0.16833667885553436","0.16833667885553436","0.16833667885553436","0","0.16833667885553436"
"1","369","492","1000","1","""HK""","0.08","false","""normal""","1","""constant""","0.1","""Scale-free""","1","0","1","""uniform""","""deterministic-normal""","0","0","1","""normal""","0","0.8","false","""/home/ramaswamy.51/Documents/github/Spirals/Media/data/cluster/endsim/BehaviorSearch/Step6_Trial""","true","0","1","0","0","true","false","""1359478359""","0.16597389526832948","0.16597389526832948","0.16597389526832948","0","0.16597389526832948"
"1","370","492","1000","1","""HK""","0.08","false","""normal""","1","""constant""","0.1","""Scale-free""","1","0","1","""uniform""","""deterministic-normal""","0","0","1","""normal""","0","0.8","false","""/home/ramaswamy.51/Documents/github/Spirals/Media/data/cluster/endsim/BehaviorSearch/Step6_Trial""","true","0","1","0","0","true","false","""-789892034""","0.1625476366163055","0.1625476366163055","0.1625476366163055","0","0.1625476366163055"
"1","371","492","1000","1","""HK""","0.08","false","""normal""","1","""constant""","0.1","""Scale-free""","1","0","1","""uniform""","""deterministic-normal""","0","0","1","""normal""","0","0.8","false","""/home/ramaswamy.51/Documents/github/Spirals/Media/data/cluster/endsim/BehaviorSearch/Step6_Trial""","true","0","1","0","0","true","false","""-179611698""","0.15910453923776732","0.15910453923776732","0.15910453923776732","0","0.15910453923776732"
"1","372","492","1000","1","""HK""","0.08","false","""normal""","1","""constant""","0.1","""Scale-free""","1","0","1","""uniform""","""deterministic-normal""","0","0","1","""normal""","0","0.8","false","""/home/ramaswamy.51/Documents/github/Spirals/Media/data/cluster/endsim/BehaviorSearch/Step6_Trial""","true","0","1","0","0","true","false","""1851680449""","0.15198770736804948","0.15198770736804948","0.15198770736804948","0","0.15198770736804948"
"1","373","496","1000","1","""HK""","0.06999999999999999","false","""normal""","1","""constant""","0.2","""Scale-free""","1","0","1","""uniform""","""deterministic-normal""","0","0","1","""normal""","0.40000000000000013","0.9","false","""/home/ramaswamy.51/Documents/github/Spirals/Media/data/cluster/endsim/BehaviorSearch/Step6_Trial""","true","0","1","0","0","true","false","""-1545231202""","0.2460295468818481","0.2460295468818481","0.2460295468818481","0","0.2460295468818481"
"1","374","496","1000","1","""HK""","0.06999999999999999","false","""normal""","1","""constant""","0.2","""Scale-free""","1","0","1","""uniform""","""deterministic-normal""","0","0","1","""normal""","0.40000000000000013","0.9","false","""/home/ramaswamy.51/Documents/github/Spirals/Media/data/cluster/endsim/BehaviorSearch/Step6_Trial""","true","0","1","0","0","true","false","""-227384100""","0.26565338936235283","0.26565338936235283","0.26565338936235283","0","0.26565338936235283"
"1","375","496","1000","1","""HK""","0.06999999999999999","false","""normal""","1","""constant""","0.2","""Scale-free""","1","0","1","""uniform""","""deterministic-normal""","0","0","1","""normal""","0.40000000000000013","0.9","false","""/home/ramaswamy.51/Documents/github/Spirals/Media/data/cluster/endsim/BehaviorSearch/Step6_Trial""","true","0","1","0","0","true","false","""-415334925""","0.2523925141183636","0.2523925141183636","0.2523925141183636","0","0.2523925141183636"
"1","376","496","1000","1","""HK""","0.06999999999999999","false","""normal""","1","""constant""","0.2","""Scale-free""","1","0","1","""uniform""","""deterministic-normal""","0","0","1","""normal""","0.40000000000000013","0.9","false","""/home/ramaswamy.51/Documents/github/Spirals/Media/data/cluster/endsim/BehaviorSearch/Step6_Trial""","true","0","1","0","0","true","false","""-1380081101""","0.2473937735773117","0.2473937735773117","0.2473937735773117","0","0.2473937735773117"
"1","377","500","1000","1","""HK""","0.04","false","""normal""","1","""constant""","0.1","""Scale-free""","1","0","1","""uniform""","""deterministic-normal""","0","0","1","""normal""","0","0.7000000000000001","false","""/home/ramaswamy.51/Documents/github/Spirals/Media/data/cluster/endsim/BehaviorSearch/Step6_Trial""","true","0","1","0","0","true","false","""-885636434""","0.13231100813892033","0.13231100813892033","0.13231100813892033","0","0.13231100813892033"
"1","378","500","1000","1","""HK""","0.04","false","""normal""","1","""constant""","0.1","""Scale-free""","1","0","1","""uniform""","""deterministic-normal""","0","0","1","""normal""","0","0.7000000000000001","false","""/home/ramaswamy.51/Documents/github/Spirals/Media/data/cluster/endsim/BehaviorSearch/Step6_Trial""","true","0","1","0","0","true","false","""-632878159""","0.10978572980637993","0.10978572980637993","0.10978572980637993","0","0.10978572980637993"
"1","379","500","1000","1","""HK""","0.04","false","""normal""","1","""constant""","0.1","""Scale-free""","1","0","1","""uniform""","""deterministic-normal""","0","0","1","""normal""","0","0.7000000000000001","false","""/home/ramaswamy.51/Documents/github/Spirals/Media/data/cluster/endsim/BehaviorSearch/Step6_Trial""","true","0","1","0","0","true","false","""1337055445""","0.1160250575991096","0.1160250575991096","0.1160250575991096","0","0.1160250575991096"
"1","380","500","1000","1","""HK""","0.04","false","""normal""","1","""constant""","0.1","""Scale-free""","1","0","1","""uniform""","""deterministic-normal""","0","0","1","""normal""","0","0.7000000000000001","false","""/home/ramaswamy.51/Documents/github/Spirals/Media/data/cluster/endsim/BehaviorSearch/Step6_Trial""","true","0","1","0","0","true","false","""729807294""","0.11752844563947748","0.11752844563947748","0.11752844563947748","0","0.11752844563947748"
"1","381","504","1000","1","""HK""","0.06999999999999999","false","""normal""","1","""constant""","0.1","""Scale-free""","1","0","1","""uniform""","""deterministic-normal""","0","0","1","""normal""","-0.19999999999999996","0.8","false","""/home/ramaswamy.51/Documents/github/Spirals/Media/data/cluster/endsim/BehaviorSearch/Step6_Trial""","true","0","1","0","0","true","false","""384014857""","0.13976374268034805","0.13976374268034805","0.13976374268034805","0","0.13976374268034805"
"1","382","504","1000","1","""HK""","0.06999999999999999","false","""normal""","1","""constant""","0.1","""Scale-free""","1","0","1","""uniform""","""deterministic-normal""","0","0","1","""normal""","-0.19999999999999996","0.8","false","""/home/ramaswamy.51/Documents/github/Spirals/Media/data/cluster/endsim/BehaviorSearch/Step6_Trial""","true","0","1","0","0","true","false","""1199478793""","0.15497863773873582","0.15497863773873582","0.15497863773873582","0","0.15497863773873582"
"1","383","504","1000","1","""HK""","0.06999999999999999","false","""normal""","1","""constant""","0.1","""Scale-free""","1","0","1","""uniform""","""deterministic-normal""","0","0","1","""normal""","-0.19999999999999996","0.8","false","""/home/ramaswamy.51/Documents/github/Spirals/Media/data/cluster/endsim/BehaviorSearch/Step6_Trial""","true","0","1","0","0","true","false","""426892237""","0.1602301802024988","0.1602301802024988","0.1602301802024988","0","0.1602301802024988"
"1","384","504","1000","1","""HK""","0.06999999999999999","false","""normal""","1","""constant""","0.1","""Scale-free""","1","0","1","""uniform""","""deterministic-normal""","0","0","1","""normal""","-0.19999999999999996","0.8","false","""/home/ramaswamy.51/Documents/github/Spirals/Media/data/cluster/endsim/BehaviorSearch/Step6_Trial""","true","0","1","0","0","true","false","""460544745""","0.14194860076490423","0.14194860076490423","0.14194860076490423","0","0.14194860076490423"
"1","385","508","1000","1","""HK""","0.02","false","""normal""","1","""constant""","0.1","""Scale-free""","1","0","1","""uniform""","""deterministic-normal""","0","0","1","""normal""","-0.09999999999999998","0.8","false","""/home/ramaswamy.51/Documents/github/Spirals/Media/data/cluster/endsim/BehaviorSearch/Step6_Trial""","true","0","1","0","0","true","false","""-1115688243""","0.1120092665650363","0.1120092665650363","0.1120092665650363","0","0.1120092665650363"
"1","386","508","1000","1","""HK""","0.02","false","""normal""","1","""constant""","0.1","""Scale-free""","1","0","1","""uniform""","""deterministic-normal""","0","0","1","""normal""","-0.09999999999999998","0.8","false","""/home/ramaswamy.51/Documents/github/Spirals/Media/data/cluster/endsim/BehaviorSearch/Step6_Trial""","true","0","1","0","0","true","false","""1147888636""","0.10709665349661476","0.10709665349661476","0.10709665349661476","0","0.10709665349661476"
"1","387","508","1000","1","""HK""","0.02","false","""normal""","1","""constant""","0.1","""Scale-free""","1","0","1","""uniform""","""deterministic-normal""","0","0","1","""normal""","-0.09999999999999998","0.8","false","""/home/ramaswamy.51/Documents/github/Spirals/Media/data/cluster/endsim/BehaviorSearch/Step6_Trial""","true","0","1","0","0","true","false","""889699722""","0.10347825420605905","0.10347825420605905","0.10347825420605905","0","0.10347825420605905"
"1","388","508","1000","1","""HK""","0.02","false","""normal""","1","""constant""","0.1","""Scale-free""","1","0","1","""uniform""","""deterministic-normal""","0","0","1","""normal""","-0.09999999999999998","0.8","false","""/home/ramaswamy.51/Documents/github/Spirals/Media/data/cluster/endsim/BehaviorSearch/Step6_Trial""","true","0","1","0","0","true","false","""-1749213434""","0.09013626250881406","0.09013626250881406","0.09013626250881406","0","0.09013626250881406"
"1","389","520","1000","1","""HK""","0.06999999999999999","false","""normal""","1","""constant""","0.1","""Scale-free""","1","0","1","""uniform""","""deterministic-normal""","0","0","1","""normal""","-0.09999999999999998","0.8","false","""/home/ramaswamy.51/Documents/github/Spirals/Media/data/cluster/endsim/BehaviorSearch/Step6_Trial""","true","0","1","0","0","true","false","""1439584032""","0.14601787221705248","0.14601787221705248","0.14601787221705248","0","0.14601787221705248"
"1","390","520","1000","1","""HK""","0.06999999999999999","false","""normal""","1","""constant""","0.1","""Scale-free""","1","0","1","""uniform""","""deterministic-normal""","0","0","1","""normal""","-0.09999999999999998","0.8","false","""/home/ramaswamy.51/Documents/github/Spirals/Media/data/cluster/endsim/BehaviorSearch/Step6_Trial""","true","0","1","0","0","true","false","""1709434345""","0.1550867481282695","0.1550867481282695","0.1550867481282695","0","0.1550867481282695"
"1","391","520","1000","1","""HK""","0.06999999999999999","false","""normal""","1","""constant""","0.1","""Scale-free""","1","0","1","""uniform""","""deterministic-normal""","0","0","1","""normal""","-0.09999999999999998","0.8","false","""/home/ramaswamy.51/Documents/github/Spirals/Media/data/cluster/endsim/BehaviorSearch/Step6_Trial""","true","0","1","0","0","true","false","""1651582518""","0.14684993665298565","0.14684993665298565","0.14684993665298565","0","0.14684993665298565"
"1","392","520","1000","1","""HK""","0.06999999999999999","false","""normal""","1","""constant""","0.1","""Scale-free""","1","0","1","""uniform""","""deterministic-normal""","0","0","1","""normal""","-0.09999999999999998","0.8","false","""/home/ramaswamy.51/Documents/github/Spirals/Media/data/cluster/endsim/BehaviorSearch/Step6_Trial""","true","0","1","0","0","true","false","""1788304576""","0.15610045809869202","0.15610045809869202","0.15610045809869202","0","0.15610045809869202"
"1","393","528","1000","1","""HK""","0.06999999999999999","false","""normal""","1","""constant""","0.1","""Scale-free""","1","0","1","""uniform""","""deterministic-normal""","0","0","1","""normal""","-0.09999999999999998","0.9","false","""/home/ramaswamy.51/Documents/github/Spirals/Media/data/cluster/endsim/BehaviorSearch/Step6_Trial""","true","0","1","0","0","true","false","""-509856748""","0.15518484797723883","0.15518484797723883","0.15518484797723883","0","0.15518484797723883"
"1","394","528","1000","1","""HK""","0.06999999999999999","false","""normal""","1","""constant""","0.1","""Scale-free""","1","0","1","""uniform""","""deterministic-normal""","0","0","1","""normal""","-0.09999999999999998","0.9","false","""/home/ramaswamy.51/Documents/github/Spirals/Media/data/cluster/endsim/BehaviorSearch/Step6_Trial""","true","0","1","0","0","true","false","""-980877070""","0.1418158221449255","0.1418158221449255","0.1418158221449255","0","0.1418158221449255"
"1","395","528","1000","1","""HK""","0.06999999999999999","false","""normal""","1","""constant""","0.1","""Scale-free""","1","0","1","""uniform""","""deterministic-normal""","0","0","1","""normal""","-0.09999999999999998","0.9","false","""/home/ramaswamy.51/Documents/github/Spirals/Media/data/cluster/endsim/BehaviorSearch/Step6_Trial""","true","0","1","0","0","true","false","""1752699524""","0.14700969047523116","0.14700969047523116","0.14700969047523116","0","0.14700969047523116"
"1","396","528","1000","1","""HK""","0.06999999999999999","false","""normal""","1","""constant""","0.1","""Scale-free""","1","0","1","""uniform""","""deterministic-normal""","0","0","1","""normal""","-0.09999999999999998","0.9","false","""/home/ramaswamy.51/Documents/github/Spirals/Media/data/cluster/endsim/BehaviorSearch/Step6_Trial""","true","0","1","0","0","true","false","""-1583626659""","0.16093587631519266","0.16093587631519266","0.16093587631519266","0","0.16093587631519266"
"1","397","532","1000","1","""HK""","0.06999999999999999","false","""normal""","1","""constant""","0.1","""Scale-free""","1","0","1","""uniform""","""deterministic-normal""","0","0","1","""normal""","0.10000000000000009","0.8","false","""/home/ramaswamy.51/Documents/github/Spirals/Media/data/cluster/endsim/BehaviorSearch/Step6_Trial""","true","0","1","0","0","true","false","""1688510260""","0.16659975577622294","0.16659975577622294","0.16659975577622294","0","0.16659975577622294"
"1","398","532","1000","1","""HK""","0.06999999999999999","false","""normal""","1","""constant""","0.1","""Scale-free""","1","0","1","""uniform""","""deterministic-normal""","0","0","1","""normal""","0.10000000000000009","0.8","false","""/home/ramaswamy.51/Documents/github/Spirals/Media/data/cluster/endsim/BehaviorSearch/Step6_Trial""","true","0","1","0","0","true","false","""-1606102135""","0.13063646627312983","0.13063646627312983","0.13063646627312983","0","0.13063646627312983"
"1","399","532","1000","1","""HK""","0.06999999999999999","false","""normal""","1","""constant""","0.1","""Scale-free""","1","0","1","""uniform""","""deterministic-normal""","0","0","1","""normal""","0.10000000000000009","0.8","false","""/home/ramaswamy.51/Documents/github/Spirals/Media/data/cluster/endsim/BehaviorSearch/Step6_Trial""","true","0","1","0","0","true","false","""1227854487""","0.1529878124701777","0.1529878124701777","0.1529878124701777","0","0.1529878124701777"
"1","400","532","1000","1","""HK""","0.06999999999999999","false","""normal""","1","""constant""","0.1","""Scale-free""","1","0","1","""uniform""","""deterministic-normal""","0","0","1","""normal""","0.10000000000000009","0.8","false","""/home/ramaswamy.51/Documents/github/Spirals/Media/data/cluster/endsim/BehaviorSearch/Step6_Trial""","true","0","1","0","0","true","false","""1654081614""","0.13561452098033447","0.13561452098033447","0.13561452098033447","0","0.13561452098033447"
"1","401","540","1000","1","""HK""","0.05","false","""normal""","1","""constant""","0.1","""Scale-free""","1","0","1","""uniform""","""deterministic-normal""","0","0","1","""normal""","-0.3999999999999999","0.8","false","""/home/ramaswamy.51/Documents/github/Spirals/Media/data/cluster/endsim/BehaviorSearch/Step6_Trial""","true","0","1","0","0","true","false","""1261264078""","0.12030029763852623","0.12030029763852623","0.12030029763852623","0","0.12030029763852623"
"1","402","540","1000","1","""HK""","0.05","false","""normal""","1","""constant""","0.1","""Scale-free""","1","0","1","""uniform""","""deterministic-normal""","0","0","1","""normal""","-0.3999999999999999","0.8","false","""/home/ramaswamy.51/Documents/github/Spirals/Media/data/cluster/endsim/BehaviorSearch/Step6_Trial""","true","0","1","0","0","true","false","""-1997595959""","0.15243446603066418","0.15243446603066418","0.15243446603066418","0","0.15243446603066418"
"1","403","540","1000","1","""HK""","0.05","false","""normal""","1","""constant""","0.1","""Scale-free""","1","0","1","""uniform""","""deterministic-normal""","0","0","1","""normal""","-0.3999999999999999","0.8","false","""/home/ramaswamy.51/Documents/github/Spirals/Media/data/cluster/endsim/BehaviorSearch/Step6_Trial""","true","0","1","0","0","true","false","""80526948""","0.1488691249624006","0.1488691249624006","0.1488691249624006","0","0.1488691249624006"
"1","404","540","1000","1","""HK""","0.05","false","""normal""","1","""constant""","0.1","""Scale-free""","1","0","1","""uniform""","""deterministic-normal""","0","0","1","""normal""","-0.3999999999999999","0.8","false","""/home/ramaswamy.51/Documents/github/Spirals/Media/data/cluster/endsim/BehaviorSearch/Step6_Trial""","true","0","1","0","0","true","false","""295948215""","0.12922131848012547","0.12922131848012547","0.12922131848012547","0","0.12922131848012547"
"1","405","556","1000","1","""HK""","0.04","false","""normal""","1","""constant""","0.1","""Scale-free""","1","0","1","""uniform""","""deterministic-normal""","0","0","1","""normal""","0","0.8","false","""/home/ramaswamy.51/Documents/github/Spirals/Media/data/cluster/endsim/BehaviorSearch/Step6_Trial""","true","0","1","0","0","true","false","""1130652430""","0.08864199916015945","0.08864199916015945","0.08864199916015945","0","0.08864199916015945"
"1","406","556","1000","1","""HK""","0.04","false","""normal""","1","""constant""","0.1","""Scale-free""","1","0","1","""uniform""","""deterministic-normal""","0","0","1","""normal""","0","0.8","false","""/home/ramaswamy.51/Documents/github/Spirals/Media/data/cluster/endsim/BehaviorSearch/Step6_Trial""","true","0","1","0","0","true","false","""-1952468895""","0.1237541409233462","0.1237541409233462","0.1237541409233462","0","0.1237541409233462"
"1","407","556","1000","1","""HK""","0.04","false","""normal""","1","""constant""","0.1","""Scale-free""","1","0","1","""uniform""","""deterministic-normal""","0","0","1","""normal""","0","0.8","false","""/home/ramaswamy.51/Documents/github/Spirals/Media/data/cluster/endsim/BehaviorSearch/Step6_Trial""","true","0","1","0","0","true","false","""1211343393""","0.11490690928680948","0.11490690928680948","0.11490690928680948","0","0.11490690928680948"
"1","408","556","1000","1","""HK""","0.04","false","""normal""","1","""constant""","0.1","""Scale-free""","1","0","1","""uniform""","""deterministic-normal""","0","0","1","""normal""","0","0.8","false","""/home/ramaswamy.51/Documents/github/Spirals/Media/data/cluster/endsim/BehaviorSearch/Step6_Trial""","true","0","1","0","0","true","false","""-1045987346""","0.1098394144151908","0.1098394144151908","0.1098394144151908","0","0.1098394144151908"
"1","409","560","1000","1","""HK""","0.06999999999999999","false","""normal""","1","""constant""","0.1","""Scale-free""","1","0","1","""uniform""","""deterministic-normal""","0","0","1","""normal""","-0.3999999999999999","0.8","false","""/home/ramaswamy.51/Documents/github/Spirals/Media/data/cluster/endsim/BehaviorSearch/Step6_Trial""","true","0","1","0","0","true","false","""-864046940""","0.17907109267884044","0.17907109267884044","0.17907109267884044","0","0.17907109267884044"
"1","410","560","1000","1","""HK""","0.06999999999999999","false","""normal""","1","""constant""","0.1","""Scale-free""","1","0","1","""uniform""","""deterministic-normal""","0","0","1","""normal""","-0.3999999999999999","0.8","false","""/home/ramaswamy.51/Documents/github/Spirals/Media/data/cluster/endsim/BehaviorSearch/Step6_Trial""","true","0","1","0","0","true","false","""-268958094""","0.16363637531759637","0.16363637531759637","0.16363637531759637","0","0.16363637531759637"
"1","411","560","1000","1","""HK""","0.06999999999999999","false","""normal""","1","""constant""","0.1","""Scale-free""","1","0","1","""uniform""","""deterministic-normal""","0","0","1","""normal""","-0.3999999999999999","0.8","false","""/home/ramaswamy.51/Documents/github/Spirals/Media/data/cluster/endsim/BehaviorSearch/Step6_Trial""","true","0","1","0","0","true","false","""-1974156665""","0.14610676524700825","0.14610676524700825","0.14610676524700825","0","0.14610676524700825"
"1","412","560","1000","1","""HK""","0.06999999999999999","false","""normal""","1","""constant""","0.1","""Scale-free""","1","0","1","""uniform""","""deterministic-normal""","0","0","1","""normal""","-0.3999999999999999","0.8","false","""/home/ramaswamy.51/Documents/github/Spirals/Media/data/cluster/endsim/BehaviorSearch/Step6_Trial""","true","0","1","0","0","true","false","""1113112090""","0.17864365413617275","0.17864365413617275","0.17864365413617275","0","0.17864365413617275"
"1","413","568","1000","1","""HK""","0.04","false","""normal""","1","""constant""","0.1","""Scale-free""","1","0","1","""uniform""","""deterministic-normal""","0","0","1","""normal""","-0.29999999999999993","0.8","false","""/home/ramaswamy.51/Documents/github/Spirals/Media/data/cluster/endsim/BehaviorSearch/Step6_Trial""","true","0","1","0","0","true","false","""-1672515994""","0.1070900873741414","0.1070900873741414","0.1070900873741414","0","0.1070900873741414"
"1","414","568","1000","1","""HK""","0.04","false","""normal""","1","""constant""","0.1","""Scale-free""","1","0","1","""uniform""","""deterministic-normal""","0","0","1","""normal""","-0.29999999999999993","0.8","false","""/home/ramaswamy.51/Documents/github/Spirals/Media/data/cluster/endsim/BehaviorSearch/Step6_Trial""","true","0","1","0","0","true","false","""310541435""","0.12844874434010778","0.12844874434010778","0.12844874434010778","0","0.12844874434010778"
"1","415","568","1000","1","""HK""","0.04","false","""normal""","1","""constant""","0.1","""Scale-free""","1","0","1","""uniform""","""deterministic-normal""","0","0","1","""normal""","-0.29999999999999993","0.8","false","""/home/ramaswamy.51/Documents/github/Spirals/Media/data/cluster/endsim/BehaviorSearch/Step6_Trial""","true","0","1","0","0","true","false","""209276125""","0.12806025820250713","0.12806025820250713","0.12806025820250713","0","0.12806025820250713"
"1","416","568","1000","1","""HK""","0.04","false","""normal""","1","""constant""","0.1","""Scale-free""","1","0","1","""uniform""","""deterministic-normal""","0","0","1","""normal""","-0.29999999999999993","0.8","false","""/home/ramaswamy.51/Documents/github/Spirals/Media/data/cluster/endsim/BehaviorSearch/Step6_Trial""","true","0","1","0","0","true","false","""1380131051""","0.11777366829318171","0.11777366829318171","0.11777366829318171","0","0.11777366829318171"
"1","417","576","1000","1","""HK""","0.06999999999999999","false","""normal""","1","""constant""","0.1","""Scale-free""","2","0","1","""uniform""","""deterministic-normal""","0","0","1","""normal""","-0.19999999999999996","0.8","false","""/home/ramaswamy.51/Documents/github/Spirals/Media/data/cluster/endsim/BehaviorSearch/Step6_Trial""","true","0","1","0","0","true","false","""149348333""","0.18025750864242646","0.18025750864242646","0.18025750864242646","0","0.18025750864242646"
"1","418","576","1000","1","""HK""","0.06999999999999999","false","""normal""","1","""constant""","0.1","""Scale-free""","2","0","1","""uniform""","""deterministic-normal""","0","0","1","""normal""","-0.19999999999999996","0.8","false","""/home/ramaswamy.51/Documents/github/Spirals/Media/data/cluster/endsim/BehaviorSearch/Step6_Trial""","true","0","1","0","0","true","false","""890446871""","0.18486573843198595","0.18486573843198595","0.18486573843198595","0","0.18486573843198595"
"1","419","576","1000","1","""HK""","0.06999999999999999","false","""normal""","1","""constant""","0.1","""Scale-free""","2","0","1","""uniform""","""deterministic-normal""","0","0","1","""normal""","-0.19999999999999996","0.8","false","""/home/ramaswamy.51/Documents/github/Spirals/Media/data/cluster/endsim/BehaviorSearch/Step6_Trial""","true","0","1","0","0","true","false","""-858331939""","0.2146827039645889","0.2146827039645889","0.2146827039645889","0","0.2146827039645889"
"1","420","576","1000","1","""HK""","0.06999999999999999","false","""normal""","1","""constant""","0.1","""Scale-free""","2","0","1","""uniform""","""deterministic-normal""","0","0","1","""normal""","-0.19999999999999996","0.8","false","""/home/ramaswamy.51/Documents/github/Spirals/Media/data/cluster/endsim/BehaviorSearch/Step6_Trial""","true","0","1","0","0","true","false","""217733566""","0.19269892406081773","0.19269892406081773","0.19269892406081773","0","0.19269892406081773"
"1","421","580","1000","1","""HK""","0.09","false","""normal""","1","""constant""","0","""Scale-free""","1","0","1","""uniform""","""deterministic-normal""","0","0","1","""normal""","-0.09999999999999998","0.8","false","""/home/ramaswamy.51/Documents/github/Spirals/Media/data/cluster/endsim/BehaviorSearch/Step6_Trial""","true","0","1","0","0","true","false","""-1465212756""","0.21169798139943588","0.21169798139943588","0.21169798139943588","0","0.21169798139943588"
"1","422","580","1000","1","""HK""","0.09","false","""normal""","1","""constant""","0","""Scale-free""","1","0","1","""uniform""","""deterministic-normal""","0","0","1","""normal""","-0.09999999999999998","0.8","false","""/home/ramaswamy.51/Documents/github/Spirals/Media/data/cluster/endsim/BehaviorSearch/Step6_Trial""","true","0","1","0","0","true","false","""1278379241""","0.19536251576180827","0.19536251576180827","0.19536251576180827","0","0.19536251576180827"
"1","423","580","1000","1","""HK""","0.09","false","""normal""","1","""constant""","0","""Scale-free""","1","0","1","""uniform""","""deterministic-normal""","0","0","1","""normal""","-0.09999999999999998","0.8","false","""/home/ramaswamy.51/Documents/github/Spirals/Media/data/cluster/endsim/BehaviorSearch/Step6_Trial""","true","0","1","0","0","true","false","""-1306602595""","0.21882361581037715","0.21882361581037715","0.21882361581037715","0","0.21882361581037715"
"1","424","580","1000","1","""HK""","0.09","false","""normal""","1","""constant""","0","""Scale-free""","1","0","1","""uniform""","""deterministic-normal""","0","0","1","""normal""","-0.09999999999999998","0.8","false","""/home/ramaswamy.51/Documents/github/Spirals/Media/data/cluster/endsim/BehaviorSearch/Step6_Trial""","true","0","1","0","0","true","false","""435739770""","0.2508917951580123","0.2508917951580123","0.2508917951580123","0","0.2508917951580123"
"1","425","584","1000","1","""HK""","0.02","false","""normal""","1","""constant""","0.1","""Scale-free""","1","0","1","""uniform""","""deterministic-normal""","0","0","1","""normal""","-0.5","0.7000000000000001","false","""/home/ramaswamy.51/Documents/github/Spirals/Media/data/cluster/endsim/BehaviorSearch/Step6_Trial""","true","0","1","0","0","true","false","""22157918""","0.14686300148863232","0.14686300148863232","0.14686300148863232","0","0.14686300148863232"
"1","426","584","1000","1","""HK""","0.02","false","""normal""","1","""constant""","0.1","""Scale-free""","1","0","1","""uniform""","""deterministic-normal""","0","0","1","""normal""","-0.5","0.7000000000000001","false","""/home/ramaswamy.51/Documents/github/Spirals/Media/data/cluster/endsim/BehaviorSearch/Step6_Trial""","true","0","1","0","0","true","false","""1917857095""","0.15415764626612793","0.15415764626612793","0.15415764626612793","0","0.15415764626612793"
"1","427","584","1000","1","""HK""","0.02","false","""normal""","1","""constant""","0.1","""Scale-free""","1","0","1","""uniform""","""deterministic-normal""","0","0","1","""normal""","-0.5","0.7000000000000001","false","""/home/ramaswamy.51/Documents/github/Spirals/Media/data/cluster/endsim/BehaviorSearch/Step6_Trial""","true","0","1","0","0","true","false","""576109214""","0.16393375335991384","0.16393375335991384","0.16393375335991384","0","0.16393375335991384"
"1","428","584","1000","1","""HK""","0.02","false","""normal""","1","""constant""","0.1","""Scale-free""","1","0","1","""uniform""","""deterministic-normal""","0","0","1","""normal""","-0.5","0.7000000000000001","false","""/home/ramaswamy.51/Documents/github/Spirals/Media/data/cluster/endsim/BehaviorSearch/Step6_Trial""","true","0","1","0","0","true","false","""1583056618""","0.13884675878072064","0.13884675878072064","0.13884675878072064","0","0.13884675878072064"
"1","429","592","1000","1","""HK""","0.06999999999999999","false","""normal""","1","""constant""","0.1","""Scale-free""","1","0","1","""uniform""","""deterministic-normal""","0","0","1","""normal""","0.10000000000000009","0.7000000000000001","false","""/home/ramaswamy.51/Documents/github/Spirals/Media/data/cluster/endsim/BehaviorSearch/Step6_Trial""","true","0","1","0","0","true","false","""1760483936""","0.16491644878457096","0.16491644878457096","0.16491644878457096","0","0.16491644878457096"
"1","430","592","1000","1","""HK""","0.06999999999999999","false","""normal""","1","""constant""","0.1","""Scale-free""","1","0","1","""uniform""","""deterministic-normal""","0","0","1","""normal""","0.10000000000000009","0.7000000000000001","false","""/home/ramaswamy.51/Documents/github/Spirals/Media/data/cluster/endsim/BehaviorSearch/Step6_Trial""","true","0","1","0","0","true","false","""-1622118087""","0.17674785474528734","0.17674785474528734","0.17674785474528734","0","0.17674785474528734"
"1","431","592","1000","1","""HK""","0.06999999999999999","false","""normal""","1","""constant""","0.1","""Scale-free""","1","0","1","""uniform""","""deterministic-normal""","0","0","1","""normal""","0.10000000000000009","0.7000000000000001","false","""/home/ramaswamy.51/Documents/github/Spirals/Media/data/cluster/endsim/BehaviorSearch/Step6_Trial""","true","0","1","0","0","true","false","""1751704089""","0.14065002008667013","0.14065002008667013","0.14065002008667013","0","0.14065002008667013"
"1","432","592","1000","1","""HK""","0.06999999999999999","false","""normal""","1","""constant""","0.1","""Scale-free""","1","0","1","""uniform""","""deterministic-normal""","0","0","1","""normal""","0.10000000000000009","0.7000000000000001","false","""/home/ramaswamy.51/Documents/github/Spirals/Media/data/cluster/endsim/BehaviorSearch/Step6_Trial""","true","0","1","0","0","true","false","""-919606192""","0.14490212819756923","0.14490212819756923","0.14490212819756923","0","0.14490212819756923"
"1","433","596","1000","1","""HK""","0.06999999999999999","false","""normal""","1","""constant""","0.1","""Scale-free""","1","0","1","""uniform""","""deterministic-normal""","0","0","1","""normal""","-0.5","0.8","false","""/home/ramaswamy.51/Documents/github/Spirals/Media/data/cluster/endsim/BehaviorSearch/Step6_Trial""","true","0","1","0","0","true","false","""-574859213""","0.16396577651807853","0.16396577651807853","0.16396577651807853","0","0.16396577651807853"
"1","434","596","1000","1","""HK""","0.06999999999999999","false","""normal""","1","""constant""","0.1","""Scale-free""","1","0","1","""uniform""","""deterministic-normal""","0","0","1","""normal""","-0.5","0.8","false","""/home/ramaswamy.51/Documents/github/Spirals/Media/data/cluster/endsim/BehaviorSearch/Step6_Trial""","true","0","1","0","0","true","false","""1844306096""","0.2021238737228144","0.2021238737228144","0.2021238737228144","0","0.2021238737228144"
"1","435","596","1000","1","""HK""","0.06999999999999999","false","""normal""","1","""constant""","0.1","""Scale-free""","1","0","1","""uniform""","""deterministic-normal""","0","0","1","""normal""","-0.5","0.8","false","""/home/ramaswamy.51/Documents/github/Spirals/Media/data/cluster/endsim/BehaviorSearch/Step6_Trial""","true","0","1","0","0","true","false","""57326433""","0.19475759861748046","0.19475759861748046","0.19475759861748046","0","0.19475759861748046"
"1","436","596","1000","1","""HK""","0.06999999999999999","false","""normal""","1","""constant""","0.1","""Scale-free""","1","0","1","""uniform""","""deterministic-normal""","0","0","1","""normal""","-0.5","0.8","false","""/home/ramaswamy.51/Documents/github/Spirals/Media/data/cluster/endsim/BehaviorSearch/Step6_Trial""","true","0","1","0","0","true","false","""-334480296""","0.1730535619375042","0.1730535619375042","0.1730535619375042","0","0.1730535619375042"
"1","437","600","1000","1","""HK""","0.04","false","""normal""","1","""constant""","0","""Scale-free""","1","0","1","""uniform""","""deterministic-normal""","0","0","1","""normal""","0","0.7000000000000001","false","""/home/ramaswamy.51/Documents/github/Spirals/Media/data/cluster/endsim/BehaviorSearch/Step6_Trial""","true","0","1","0","0","true","false","""-1719935591""","0.15425255213031294","0.15425255213031294","0.15425255213031294","0","0.15425255213031294"
"1","438","600","1000","1","""HK""","0.04","false","""normal""","1","""constant""","0","""Scale-free""","1","0","1","""uniform""","""deterministic-normal""","0","0","1","""normal""","0","0.7000000000000001","false","""/home/ramaswamy.51/Documents/github/Spirals/Media/data/cluster/endsim/BehaviorSearch/Step6_Trial""","true","0","1","0","0","true","false","""626782115""","0.15946587503082194","0.15946587503082194","0.15946587503082194","0","0.15946587503082194"
"1","439","600","1000","1","""HK""","0.04","false","""normal""","1","""constant""","0","""Scale-free""","1","0","1","""uniform""","""deterministic-normal""","0","0","1","""normal""","0","0.7000000000000001","false","""/home/ramaswamy.51/Documents/github/Spirals/Media/data/cluster/endsim/BehaviorSearch/Step6_Trial""","true","0","1","0","0","true","false","""565203975""","0.15008047275100425","0.15008047275100425","0.15008047275100425","0","0.15008047275100425"
"1","440","600","1000","1","""HK""","0.04","false","""normal""","1","""constant""","0","""Scale-free""","1","0","1","""uniform""","""deterministic-normal""","0","0","1","""normal""","0","0.7000000000000001","false","""/home/ramaswamy.51/Documents/github/Spirals/Media/data/cluster/endsim/BehaviorSearch/Step6_Trial""","true","0","1","0","0","true","false","""-1736554534""","0.1522389974248535","0.1522389974248535","0.1522389974248535","0","0.1522389974248535"
"1","441","608","1000","1","""HK""","0.02","false","""normal""","1","""constant""","0.1","""Scale-free""","1","0","1","""uniform""","""deterministic-normal""","0","0","1","""normal""","0","0.8","false","""/home/ramaswamy.51/Documents/github/Spirals/Media/data/cluster/endsim/BehaviorSearch/Step6_Trial""","true","0","1","0","0","true","false","""1418831441""","0.10592068998240928","0.10592068998240928","0.10592068998240928","0","0.10592068998240928"
"1","442","608","1000","1","""HK""","0.02","false","""normal""","1","""constant""","0.1","""Scale-free""","1","0","1","""uniform""","""deterministic-normal""","0","0","1","""normal""","0","0.8","false","""/home/ramaswamy.51/Documents/github/Spirals/Media/data/cluster/endsim/BehaviorSearch/Step6_Trial""","true","0","1","0","0","true","false","""-1406355010""","0.1110878715291395","0.1110878715291395","0.1110878715291395","0","0.1110878715291395"
"1","443","608","1000","1","""HK""","0.02","false","""normal""","1","""constant""","0.1","""Scale-free""","1","0","1","""uniform""","""deterministic-normal""","0","0","1","""normal""","0","0.8","false","""/home/ramaswamy.51/Documents/github/Spirals/Media/data/cluster/endsim/BehaviorSearch/Step6_Trial""","true","0","1","0","0","true","false","""-451482253""","0.10583331836328888","0.10583331836328888","0.10583331836328888","0","0.10583331836328888"
"1","444","608","1000","1","""HK""","0.02","false","""normal""","1","""constant""","0.1","""Scale-free""","1","0","1","""uniform""","""deterministic-normal""","0","0","1","""normal""","0","0.8","false","""/home/ramaswamy.51/Documents/github/Spirals/Media/data/cluster/endsim/BehaviorSearch/Step6_Trial""","true","0","1","0","0","true","false","""-1085984234""","0.09769576082057477","0.09769576082057477","0.09769576082057477","0","0.09769576082057477"
"1","445","612","1000","1","""HK""","0.04","false","""normal""","1","""constant""","0.1","""Scale-free""","1","0","1","""uniform""","""deterministic-normal""","0","0","1","""normal""","-0.09999999999999998","0.8","false","""/home/ramaswamy.51/Documents/github/Spirals/Media/data/cluster/endsim/BehaviorSearch/Step6_Trial""","true","0","1","0","0","true","false","""1349341444""","0.13433408231847166","0.13433408231847166","0.13433408231847166","0","0.13433408231847166"
"1","446","612","1000","1","""HK""","0.04","false","""normal""","1","""constant""","0.1","""Scale-free""","1","0","1","""uniform""","""deterministic-normal""","0","0","1","""normal""","-0.09999999999999998","0.8","false","""/home/ramaswamy.51/Documents/github/Spirals/Media/data/cluster/endsim/BehaviorSearch/Step6_Trial""","true","0","1","0","0","true","false","""-929027667""","0.11895740247135671","0.11895740247135671","0.11895740247135671","0","0.11895740247135671"
"1","447","612","1000","1","""HK""","0.04","false","""normal""","1","""constant""","0.1","""Scale-free""","1","0","1","""uniform""","""deterministic-normal""","0","0","1","""normal""","-0.09999999999999998","0.8","false","""/home/ramaswamy.51/Documents/github/Spirals/Media/data/cluster/endsim/BehaviorSearch/Step6_Trial""","true","0","1","0","0","true","false","""-844494449""","0.11025708878951822","0.11025708878951822","0.11025708878951822","0","0.11025708878951822"
"1","448","612","1000","1","""HK""","0.04","false","""normal""","1","""constant""","0.1","""Scale-free""","1","0","1","""uniform""","""deterministic-normal""","0","0","1","""normal""","-0.09999999999999998","0.8","false","""/home/ramaswamy.51/Documents/github/Spirals/Media/data/cluster/endsim/BehaviorSearch/Step6_Trial""","true","0","1","0","0","true","false","""1744075891""","0.12598799627902094","0.12598799627902094","0.12598799627902094","0","0.12598799627902094"
"1","449","616","1000","1","""HK""","0.04","false","""normal""","1","""constant""","0.1","""Scale-free""","2","0","1","""uniform""","""deterministic-normal""","0","0","1","""normal""","-0.7","0.8","false","""/home/ramaswamy.51/Documents/github/Spirals/Media/data/cluster/endsim/BehaviorSearch/Step6_Trial""","true","0","1","0","0","true","false","""88525231""","0.19872968433209087","0.19872968433209087","0.19872968433209087","0","0.19872968433209087"
"1","450","616","1000","1","""HK""","0.04","false","""normal""","1","""constant""","0.1","""Scale-free""","2","0","1","""uniform""","""deterministic-normal""","0","0","1","""normal""","-0.7","0.8","false","""/home/ramaswamy.51/Documents/github/Spirals/Media/data/cluster/endsim/BehaviorSearch/Step6_Trial""","true","0","1","0","0","true","false","""1014572241""","0.18131397701464647","0.18131397701464647","0.18131397701464647","0","0.18131397701464647"
"1","451","616","1000","1","""HK""","0.04","false","""normal""","1","""constant""","0.1","""Scale-free""","2","0","1","""uniform""","""deterministic-normal""","0","0","1","""normal""","-0.7","0.8","false","""/home/ramaswamy.51/Documents/github/Spirals/Media/data/cluster/endsim/BehaviorSearch/Step6_Trial""","true","0","1","0","0","true","false","""-1716207006""","0.1886685857227654","0.1886685857227654","0.1886685857227654","0","0.1886685857227654"
"1","452","616","1000","1","""HK""","0.04","false","""normal""","1","""constant""","0.1","""Scale-free""","2","0","1","""uniform""","""deterministic-normal""","0","0","1","""normal""","-0.7","0.8","false","""/home/ramaswamy.51/Documents/github/Spirals/Media/data/cluster/endsim/BehaviorSearch/Step6_Trial""","true","0","1","0","0","true","false","""-450499445""","0.1804107040298401","0.1804107040298401","0.1804107040298401","0","0.1804107040298401"
"1","453","624","1000","1","""HK""","0.02","false","""normal""","1","""constant""","0.1","""Scale-free""","1","0","1","""uniform""","""deterministic-normal""","0","0","1","""normal""","-0.3999999999999999","0.8","false","""/home/ramaswamy.51/Documents/github/Spirals/Media/data/cluster/endsim/BehaviorSearch/Step6_Trial""","true","0","1","0","0","true","false","""-2111663682""","0.11358390397296872","0.11358390397296872","0.11358390397296872","0","0.11358390397296872"
"1","454","624","1000","1","""HK""","0.02","false","""normal""","1","""constant""","0.1","""Scale-free""","1","0","1","""uniform""","""deterministic-normal""","0","0","1","""normal""","-0.3999999999999999","0.8","false","""/home/ramaswamy.51/Documents/github/Spirals/Media/data/cluster/endsim/BehaviorSearch/Step6_Trial""","true","0","1","0","0","true","false","""-378182685""","0.10053313043237483","0.10053313043237483","0.10053313043237483","0","0.10053313043237483"
"1","455","624","1000","1","""HK""","0.02","false","""normal""","1","""constant""","0.1","""Scale-free""","1","0","1","""uniform""","""deterministic-normal""","0","0","1","""normal""","-0.3999999999999999","0.8","false","""/home/ramaswamy.51/Documents/github/Spirals/Media/data/cluster/endsim/BehaviorSearch/Step6_Trial""","true","0","1","0","0","true","false","""-401529109""","0.13056819547300347","0.13056819547300347","0.13056819547300347","0","0.13056819547300347"
"1","456","624","1000","1","""HK""","0.02","false","""normal""","1","""constant""","0.1","""Scale-free""","1","0","1","""uniform""","""deterministic-normal""","0","0","1","""normal""","-0.3999999999999999","0.8","false","""/home/ramaswamy.51/Documents/github/Spirals/Media/data/cluster/endsim/BehaviorSearch/Step6_Trial""","true","0","1","0","0","true","false","""600396749""","0.1307754698559535","0.1307754698559535","0.1307754698559535","0","0.1307754698559535"
"1","457","628","1000","1","""HK""","0.02","false","""normal""","1","""constant""","0.1","""Scale-free""","1","0","1","""uniform""","""deterministic-normal""","0","0","1","""normal""","-0.19999999999999996","1","false","""/home/ramaswamy.51/Documents/github/Spirals/Media/data/cluster/endsim/BehaviorSearch/Step6_Trial""","true","0","1","0","0","true","false","""102028658""","0.08854513601756123","0.08854513601756123","0.08854513601756123","0","0.08854513601756123"
"1","458","628","1000","1","""HK""","0.02","false","""normal""","1","""constant""","0.1","""Scale-free""","1","0","1","""uniform""","""deterministic-normal""","0","0","1","""normal""","-0.19999999999999996","1","false","""/home/ramaswamy.51/Documents/github/Spirals/Media/data/cluster/endsim/BehaviorSearch/Step6_Trial""","true","0","1","0","0","true","false","""-118104272""","0.07859217118967808","0.07859217118967808","0.07859217118967808","0","0.07859217118967808"
"1","459","628","1000","1","""HK""","0.02","false","""normal""","1","""constant""","0.1","""Scale-free""","1","0","1","""uniform""","""deterministic-normal""","0","0","1","""normal""","-0.19999999999999996","1","false","""/home/ramaswamy.51/Documents/github/Spirals/Media/data/cluster/endsim/BehaviorSearch/Step6_Trial""","true","0","1","0","0","true","false","""-1109116112""","0.09119033001296614","0.09119033001296614","0.09119033001296614","0","0.09119033001296614"
"1","460","628","1000","1","""HK""","0.02","false","""normal""","1","""constant""","0.1","""Scale-free""","1","0","1","""uniform""","""deterministic-normal""","0","0","1","""normal""","-0.19999999999999996","1","false","""/home/ramaswamy.51/Documents/github/Spirals/Media/data/cluster/endsim/BehaviorSearch/Step6_Trial""","true","0","1","0","0","true","false","""1958818206""","0.10544860625850797","0.10544860625850797","0.10544860625850797","0","0.10544860625850797"
"1","461","636","1000","1","""HK""","0.03","false","""normal""","1","""constant""","0.1","""Scale-free""","1","0","1","""uniform""","""deterministic-normal""","0","0","1","""normal""","-0.09999999999999998","0.7000000000000001","false","""/home/ramaswamy.51/Documents/github/Spirals/Media/data/cluster/endsim/BehaviorSearch/Step6_Trial""","true","0","1","0","0","true","false","""-1215504365""","0.120599285444602","0.120599285444602","0.120599285444602","0","0.120599285444602"
"1","462","636","1000","1","""HK""","0.03","false","""normal""","1","""constant""","0.1","""Scale-free""","1","0","1","""uniform""","""deterministic-normal""","0","0","1","""normal""","-0.09999999999999998","0.7000000000000001","false","""/home/ramaswamy.51/Documents/github/Spirals/Media/data/cluster/endsim/BehaviorSearch/Step6_Trial""","true","0","1","0","0","true","false","""1304647434""","0.12741949657070584","0.12741949657070584","0.12741949657070584","0","0.12741949657070584"
"1","463","636","1000","1","""HK""","0.03","false","""normal""","1","""constant""","0.1","""Scale-free""","1","0","1","""uniform""","""deterministic-normal""","0","0","1","""normal""","-0.09999999999999998","0.7000000000000001","false","""/home/ramaswamy.51/Documents/github/Spirals/Media/data/cluster/endsim/BehaviorSearch/Step6_Trial""","true","0","1","0","0","true","false","""-1696216571""","0.11594006030550229","0.11594006030550229","0.11594006030550229","0","0.11594006030550229"
"1","464","636","1000","1","""HK""","0.03","false","""normal""","1","""constant""","0.1","""Scale-free""","1","0","1","""uniform""","""deterministic-normal""","0","0","1","""normal""","-0.09999999999999998","0.7000000000000001","false","""/home/ramaswamy.51/Documents/github/Spirals/Media/data/cluster/endsim/BehaviorSearch/Step6_Trial""","true","0","1","0","0","true","false","""141269944""","0.11221436277982653","0.11221436277982653","0.11221436277982653","0","0.11221436277982653"
"1","465","648","1000","1","""HK""","0.04","false","""normal""","1","""constant""","0","""Scale-free""","1","0","1","""uniform""","""deterministic-normal""","0","0","1","""normal""","0","0.8","false","""/home/ramaswamy.51/Documents/github/Spirals/Media/data/cluster/endsim/BehaviorSearch/Step6_Trial""","true","0","1","0","0","true","false","""-1895531376""","0.15261191236025493","0.15261191236025493","0.15261191236025493","0","0.15261191236025493"
"1","466","648","1000","1","""HK""","0.04","false","""normal""","1","""constant""","0","""Scale-free""","1","0","1","""uniform""","""deterministic-normal""","0","0","1","""normal""","0","0.8","false","""/home/ramaswamy.51/Documents/github/Spirals/Media/data/cluster/endsim/BehaviorSearch/Step6_Trial""","true","0","1","0","0","true","false","""2116139498""","0.1664203553574249","0.1664203553574249","0.1664203553574249","0","0.1664203553574249"
"1","467","648","1000","1","""HK""","0.04","false","""normal""","1","""constant""","0","""Scale-free""","1","0","1","""uniform""","""deterministic-normal""","0","0","1","""normal""","0","0.8","false","""/home/ramaswamy.51/Documents/github/Spirals/Media/data/cluster/endsim/BehaviorSearch/Step6_Trial""","true","0","1","0","0","true","false","""599433455""","0.164367859468568","0.164367859468568","0.164367859468568","0","0.164367859468568"
"1","468","648","1000","1","""HK""","0.04","false","""normal""","1","""constant""","0","""Scale-free""","1","0","1","""uniform""","""deterministic-normal""","0","0","1","""normal""","0","0.8","false","""/home/ramaswamy.51/Documents/github/Spirals/Media/data/cluster/endsim/BehaviorSearch/Step6_Trial""","true","0","1","0","0","true","false","""-492472601""","0.17671996505809923","0.17671996505809923","0.17671996505809923","0","0.17671996505809923"
"1","469","656","1000","1","""HK""","0.02","false","""normal""","1","""constant""","0.1","""Scale-free""","1","0","1","""uniform""","""deterministic-normal""","0","0","1","""normal""","0.20000000000000018","0.7000000000000001","false","""/home/ramaswamy.51/Documents/github/Spirals/Media/data/cluster/endsim/BehaviorSearch/Step6_Trial""","true","0","1","0","0","true","false","""1106660240""","0.10554145699134015","0.10554145699134015","0.10554145699134015","0","0.10554145699134015"
"1","470","656","1000","1","""HK""","0.02","false","""normal""","1","""constant""","0.1","""Scale-free""","1","0","1","""uniform""","""deterministic-normal""","0","0","1","""normal""","0.20000000000000018","0.7000000000000001","false","""/home/ramaswamy.51/Documents/github/Spirals/Media/data/cluster/endsim/BehaviorSearch/Step6_Trial""","true","0","1","0","0","true","false","""-1674999326""","0.12396445727498416","0.12396445727498416","0.12396445727498416","0","0.12396445727498416"
"1","471","656","1000","1","""HK""","0.02","false","""normal""","1","""constant""","0.1","""Scale-free""","1","0","1","""uniform""","""deterministic-normal""","0","0","1","""normal""","0.20000000000000018","0.7000000000000001","false","""/home/ramaswamy.51/Documents/github/Spirals/Media/data/cluster/endsim/BehaviorSearch/Step6_Trial""","true","0","1","0","0","true","false","""-1393521215""","0.12421283931392715","0.12421283931392715","0.12421283931392715","0","0.12421283931392715"
"1","472","656","1000","1","""HK""","0.02","false","""normal""","1","""constant""","0.1","""Scale-free""","1","0","1","""uniform""","""deterministic-normal""","0","0","1","""normal""","0.20000000000000018","0.7000000000000001","false","""/home/ramaswamy.51/Documents/github/Spirals/Media/data/cluster/endsim/BehaviorSearch/Step6_Trial""","true","0","1","0","0","true","false","""1267413120""","0.11331363786579252","0.11331363786579252","0.11331363786579252","0","0.11331363786579252"
"1","473","660","1000","1","""HK""","0.02","false","""normal""","1","""constant""","0.1","""Scale-free""","1","0","1","""uniform""","""deterministic-normal""","0","0","1","""normal""","-0.09999999999999998","0.7000000000000001","false","""/home/ramaswamy.51/Documents/github/Spirals/Media/data/cluster/endsim/BehaviorSearch/Step6_Trial""","true","0","1","0","0","true","false","""-2084602448""","0.10129540843744034","0.10129540843744034","0.10129540843744034","0","0.10129540843744034"
"1","474","660","1000","1","""HK""","0.02","false","""normal""","1","""constant""","0.1","""Scale-free""","1","0","1","""uniform""","""deterministic-normal""","0","0","1","""normal""","-0.09999999999999998","0.7000000000000001","false","""/home/ramaswamy.51/Documents/github/Spirals/Media/data/cluster/endsim/BehaviorSearch/Step6_Trial""","true","0","1","0","0","true","false","""1563881589""","0.10676638839227316","0.10676638839227316","0.10676638839227316","0","0.10676638839227316"
"1","475","660","1000","1","""HK""","0.02","false","""normal""","1","""constant""","0.1","""Scale-free""","1","0","1","""uniform""","""deterministic-normal""","0","0","1","""normal""","-0.09999999999999998","0.7000000000000001","false","""/home/ramaswamy.51/Documents/github/Spirals/Media/data/cluster/endsim/BehaviorSearch/Step6_Trial""","true","0","1","0","0","true","false","""-550671014""","0.1161267599574344","0.1161267599574344","0.1161267599574344","0","0.1161267599574344"
"1","476","660","1000","1","""HK""","0.02","false","""normal""","1","""constant""","0.1","""Scale-free""","1","0","1","""uniform""","""deterministic-normal""","0","0","1","""normal""","-0.09999999999999998","0.7000000000000001","false","""/home/ramaswamy.51/Documents/github/Spirals/Media/data/cluster/endsim/BehaviorSearch/Step6_Trial""","true","0","1","0","0","true","false","""-586664015""","0.08770670708766005","0.08770670708766005","0.08770670708766005","0","0.08770670708766005"
"1","477","676","1000","1","""HK""","0.02","false","""normal""","1","""constant""","0.1","""Scale-free""","1","0","1","""uniform""","""deterministic-normal""","0","0","1","""normal""","-0.09999999999999998","0.6000000000000001","false","""/home/ramaswamy.51/Documents/github/Spirals/Media/data/cluster/endsim/BehaviorSearch/Step6_Trial""","true","0","1","0","0","true","false","""1240344428""","0.11940683480347605","0.11940683480347605","0.11940683480347605","0","0.11940683480347605"
"1","478","676","1000","1","""HK""","0.02","false","""normal""","1","""constant""","0.1","""Scale-free""","1","0","1","""uniform""","""deterministic-normal""","0","0","1","""normal""","-0.09999999999999998","0.6000000000000001","false","""/home/ramaswamy.51/Documents/github/Spirals/Media/data/cluster/endsim/BehaviorSearch/Step6_Trial""","true","0","1","0","0","true","false","""1977743543""","0.13905824252000487","0.13905824252000487","0.13905824252000487","0","0.13905824252000487"
"1","479","676","1000","1","""HK""","0.02","false","""normal""","1","""constant""","0.1","""Scale-free""","1","0","1","""uniform""","""deterministic-normal""","0","0","1","""normal""","-0.09999999999999998","0.6000000000000001","false","""/home/ramaswamy.51/Documents/github/Spirals/Media/data/cluster/endsim/BehaviorSearch/Step6_Trial""","true","0","1","0","0","true","false","""-2033383200""","0.11966399885971214","0.11966399885971214","0.11966399885971214","0","0.11966399885971214"
"1","480","676","1000","1","""HK""","0.02","false","""normal""","1","""constant""","0.1","""Scale-free""","1","0","1","""uniform""","""deterministic-normal""","0","0","1","""normal""","-0.09999999999999998","0.6000000000000001","false","""/home/ramaswamy.51/Documents/github/Spirals/Media/data/cluster/endsim/BehaviorSearch/Step6_Trial""","true","0","1","0","0","true","false","""-830069048""","0.12291747829451988","0.12291747829451988","0.12291747829451988","0","0.12291747829451988"
"1","481","688","1000","1","""HK""","0.01","false","""normal""","1","""constant""","0.2","""Scale-free""","1","0","1","""uniform""","""deterministic-normal""","0","0","1","""normal""","-0.09999999999999998","0.8","false","""/home/ramaswamy.51/Documents/github/Spirals/Media/data/cluster/endsim/BehaviorSearch/Step6_Trial""","true","0","1","0","0","true","false","""-1941922111""","0.23828627926620966","0.23828627926620966","0.23828627926620966","0","0.23828627926620966"
"1","482","688","1000","1","""HK""","0.01","false","""normal""","1","""constant""","0.2","""Scale-free""","1","0","1","""uniform""","""deterministic-normal""","0","0","1","""normal""","-0.09999999999999998","0.8","false","""/home/ramaswamy.51/Documents/github/Spirals/Media/data/cluster/endsim/BehaviorSearch/Step6_Trial""","true","0","1","0","0","true","false","""-1075218530""","0.22029377845657325","0.22029377845657325","0.22029377845657325","0","0.22029377845657325"
"1","483","688","1000","1","""HK""","0.01","false","""normal""","1","""constant""","0.2","""Scale-free""","1","0","1","""uniform""","""deterministic-normal""","0","0","1","""normal""","-0.09999999999999998","0.8","false","""/home/ramaswamy.51/Documents/github/Spirals/Media/data/cluster/endsim/BehaviorSearch/Step6_Trial""","true","0","1","0","0","true","false","""1775594284""","0.20480839143883203","0.20480839143883203","0.20480839143883203","0","0.20480839143883203"
"1","484","688","1000","1","""HK""","0.01","false","""normal""","1","""constant""","0.2","""Scale-free""","1","0","1","""uniform""","""deterministic-normal""","0","0","1","""normal""","-0.09999999999999998","0.8","false","""/home/ramaswamy.51/Documents/github/Spirals/Media/data/cluster/endsim/BehaviorSearch/Step6_Trial""","true","0","1","0","0","true","false","""470083267""","0.18650605730296776","0.18650605730296776","0.18650605730296776","0","0.18650605730296776"
"1","485","700","1000","1","""HK""","0.01","false","""normal""","1","""constant""","0.1","""Scale-free""","1","0","1","""uniform""","""deterministic-normal""","0","0","1","""normal""","-0.09999999999999998","0.8","false","""/home/ramaswamy.51/Documents/github/Spirals/Media/data/cluster/endsim/BehaviorSearch/Step6_Trial""","true","0","1","0","0","true","false","""-1706681096""","0.0811137709640361","0.0811137709640361","0.0811137709640361","0","0.0811137709640361"
"1","486","700","1000","1","""HK""","0.01","false","""normal""","1","""constant""","0.1","""Scale-free""","1","0","1","""uniform""","""deterministic-normal""","0","0","1","""normal""","-0.09999999999999998","0.8","false","""/home/ramaswamy.51/Documents/github/Spirals/Media/data/cluster/endsim/BehaviorSearch/Step6_Trial""","true","0","1","0","0","true","false","""-1210090276""","0.09418662446752467","0.09418662446752467","0.09418662446752467","0","0.09418662446752467"
"1","487","700","1000","1","""HK""","0.01","false","""normal""","1","""constant""","0.1","""Scale-free""","1","0","1","""uniform""","""deterministic-normal""","0","0","1","""normal""","-0.09999999999999998","0.8","false","""/home/ramaswamy.51/Documents/github/Spirals/Media/data/cluster/endsim/BehaviorSearch/Step6_Trial""","true","0","1","0","0","true","false","""310607517""","0.08779681609146359","0.08779681609146359","0.08779681609146359","0","0.08779681609146359"
"1","488","700","1000","1","""HK""","0.01","false","""normal""","1","""constant""","0.1","""Scale-free""","1","0","1","""uniform""","""deterministic-normal""","0","0","1","""normal""","-0.09999999999999998","0.8","false","""/home/ramaswamy.51/Documents/github/Spirals/Media/data/cluster/endsim/BehaviorSearch/Step6_Trial""","true","0","1","0","0","true","false","""-75209491""","0.07448045564515245","0.07448045564515245","0.07448045564515245","0","0.07448045564515245"
"1","489","704","1000","1","""HK""","0.01","false","""normal""","1","""constant""","0.1","""Scale-free""","1","0","1","""uniform""","""deterministic-normal""","0","0","1","""normal""","-0.09999999999999998","0.9","false","""/home/ramaswamy.51/Documents/github/Spirals/Media/data/cluster/endsim/BehaviorSearch/Step6_Trial""","true","0","1","0","0","true","false","""-1683082583""","0.0876603336837681","0.0876603336837681","0.0876603336837681","0","0.0876603336837681"
"1","490","704","1000","1","""HK""","0.01","false","""normal""","1","""constant""","0.1","""Scale-free""","1","0","1","""uniform""","""deterministic-normal""","0","0","1","""normal""","-0.09999999999999998","0.9","false","""/home/ramaswamy.51/Documents/github/Spirals/Media/data/cluster/endsim/BehaviorSearch/Step6_Trial""","true","0","1","0","0","true","false","""1968091573""","0.08065445908422204","0.08065445908422204","0.08065445908422204","0","0.08065445908422204"
"1","491","704","1000","1","""HK""","0.01","false","""normal""","1","""constant""","0.1","""Scale-free""","1","0","1","""uniform""","""deterministic-normal""","0","0","1","""normal""","-0.09999999999999998","0.9","false","""/home/ramaswamy.51/Documents/github/Spirals/Media/data/cluster/endsim/BehaviorSearch/Step6_Trial""","true","0","1","0","0","true","false","""-14004279""","0.07761722631609978","0.07761722631609978","0.07761722631609978","0","0.07761722631609978"
"1","492","704","1000","1","""HK""","0.01","false","""normal""","1","""constant""","0.1","""Scale-free""","1","0","1","""uniform""","""deterministic-normal""","0","0","1","""normal""","-0.09999999999999998","0.9","false","""/home/ramaswamy.51/Documents/github/Spirals/Media/data/cluster/endsim/BehaviorSearch/Step6_Trial""","true","0","1","0","0","true","false","""1933483561""","0.08721856889112915","0.08721856889112915","0.08721856889112915","0","0.08721856889112915"
"1","493","712","1000","1","""HK""","0.01","false","""normal""","1","""constant""","0.1","""Scale-free""","1","0","1","""uniform""","""deterministic-normal""","0","0","1","""normal""","-0.09999999999999998","0.7000000000000001","false","""/home/ramaswamy.51/Documents/github/Spirals/Media/data/cluster/endsim/BehaviorSearch/Step6_Trial""","true","0","1","0","0","true","false","""-1010101601""","0.09608905840951838","0.09608905840951838","0.09608905840951838","0","0.09608905840951838"
"1","494","712","1000","1","""HK""","0.01","false","""normal""","1","""constant""","0.1","""Scale-free""","1","0","1","""uniform""","""deterministic-normal""","0","0","1","""normal""","-0.09999999999999998","0.7000000000000001","false","""/home/ramaswamy.51/Documents/github/Spirals/Media/data/cluster/endsim/BehaviorSearch/Step6_Trial""","true","0","1","0","0","true","false","""66762438""","0.12222519336501013","0.12222519336501013","0.12222519336501013","0","0.12222519336501013"
"1","495","712","1000","1","""HK""","0.01","false","""normal""","1","""constant""","0.1","""Scale-free""","1","0","1","""uniform""","""deterministic-normal""","0","0","1","""normal""","-0.09999999999999998","0.7000000000000001","false","""/home/ramaswamy.51/Documents/github/Spirals/Media/data/cluster/endsim/BehaviorSearch/Step6_Trial""","true","0","1","0","0","true","false","""-1535805707""","0.08537164687343651","0.08537164687343651","0.08537164687343651","0","0.08537164687343651"
"1","496","712","1000","1","""HK""","0.01","false","""normal""","1","""constant""","0.1","""Scale-free""","1","0","1","""uniform""","""deterministic-normal""","0","0","1","""normal""","-0.09999999999999998","0.7000000000000001","false","""/home/ramaswamy.51/Documents/github/Spirals/Media/data/cluster/endsim/BehaviorSearch/Step6_Trial""","true","0","1","0","0","true","false","""-736682190""","0.0983882118424756","0.0983882118424756","0.0983882118424756","0","0.0983882118424756"
"1","497","716","1000","1","""HK""","0.02","false","""normal""","1","""constant""","0.1","""Scale-free""","1","0","1","""uniform""","""deterministic-normal""","0","0","1","""normal""","-0.29999999999999993","0.7000000000000001","false","""/home/ramaswamy.51/Documents/github/Spirals/Media/data/cluster/endsim/BehaviorSearch/Step6_Trial""","true","0","1","0","0","true","false","""996281351""","0.1436108899551057","0.1436108899551057","0.1436108899551057","0","0.1436108899551057"
"1","498","716","1000","1","""HK""","0.02","false","""normal""","1","""constant""","0.1","""Scale-free""","1","0","1","""uniform""","""deterministic-normal""","0","0","1","""normal""","-0.29999999999999993","0.7000000000000001","false","""/home/ramaswamy.51/Documents/github/Spirals/Media/data/cluster/endsim/BehaviorSearch/Step6_Trial""","true","0","1","0","0","true","false","""823275724""","0.12107828372331778","0.12107828372331778","0.12107828372331778","0","0.12107828372331778"
"1","499","716","1000","1","""HK""","0.02","false","""normal""","1","""constant""","0.1","""Scale-free""","1","0","1","""uniform""","""deterministic-normal""","0","0","1","""normal""","-0.29999999999999993","0.7000000000000001","false","""/home/ramaswamy.51/Documents/github/Spirals/Media/data/cluster/endsim/BehaviorSearch/Step6_Trial""","true","0","1","0","0","true","false","""-1079937918""","0.13313972099467483","0.13313972099467483","0.13313972099467483","0","0.13313972099467483"
"1","500","716","1000","1","""HK""","0.02","false","""normal""","1","""constant""","0.1","""Scale-free""","1","0","1","""uniform""","""deterministic-normal""","0","0","1","""normal""","-0.29999999999999993","0.7000000000000001","false","""/home/ramaswamy.51/Documents/github/Spirals/Media/data/cluster/endsim/BehaviorSearch/Step6_Trial""","true","0","1","0","0","true","false","""-115277696""","0.11448276975369769","0.11448276975369769","0.11448276975369769","0","0.11448276975369769"
"1","501","728","1000","1","""HK""","0.03","false","""normal""","1","""constant""","0.1","""Scale-free""","1","0","1","""uniform""","""deterministic-normal""","0","0","1","""normal""","-0.09999999999999998","0.8","false","""/home/ramaswamy.51/Documents/github/Spirals/Media/data/cluster/endsim/BehaviorSearch/Step6_Trial""","true","0","1","0","0","true","false","""-1643061405""","0.09592570354893594","0.09592570354893594","0.09592570354893594","0","0.09592570354893594"
"1","502","728","1000","1","""HK""","0.03","false","""normal""","1","""constant""","0.1","""Scale-free""","1","0","1","""uniform""","""deterministic-normal""","0","0","1","""normal""","-0.09999999999999998","0.8","false","""/home/ramaswamy.51/Documents/github/Spirals/Media/data/cluster/endsim/BehaviorSearch/Step6_Trial""","true","0","1","0","0","true","false","""610155326""","0.09680303579762756","0.09680303579762756","0.09680303579762756","0","0.09680303579762756"
"1","503","728","1000","1","""HK""","0.03","false","""normal""","1","""constant""","0.1","""Scale-free""","1","0","1","""uniform""","""deterministic-normal""","0","0","1","""normal""","-0.09999999999999998","0.8","false","""/home/ramaswamy.51/Documents/github/Spirals/Media/data/cluster/endsim/BehaviorSearch/Step6_Trial""","true","0","1","0","0","true","false","""985010742""","0.09695715102097914","0.09695715102097914","0.09695715102097914","0","0.09695715102097914"
"1","504","728","1000","1","""HK""","0.03","false","""normal""","1","""constant""","0.1","""Scale-free""","1","0","1","""uniform""","""deterministic-normal""","0","0","1","""normal""","-0.09999999999999998","0.8","false","""/home/ramaswamy.51/Documents/github/Spirals/Media/data/cluster/endsim/BehaviorSearch/Step6_Trial""","true","0","1","0","0","true","false","""700852796""","0.09556934749966801","0.09556934749966801","0.09556934749966801","0","0.09556934749966801"
"1","505","748","1000","1","""HK""","0.01","false","""normal""","1","""constant""","0.1","""Scale-free""","1","0","1","""uniform""","""deterministic-normal""","0","0","1","""normal""","-0.19999999999999996","1","false","""/home/ramaswamy.51/Documents/github/Spirals/Media/data/cluster/endsim/BehaviorSearch/Step6_Trial""","true","0","1","0","0","true","false","""1740396265""","0.08091720474457507","0.08091720474457507","0.08091720474457507","0","0.08091720474457507"
"1","506","748","1000","1","""HK""","0.01","false","""normal""","1","""constant""","0.1","""Scale-free""","1","0","1","""uniform""","""deterministic-normal""","0","0","1","""normal""","-0.19999999999999996","1","false","""/home/ramaswamy.51/Documents/github/Spirals/Media/data/cluster/endsim/BehaviorSearch/Step6_Trial""","true","0","1","0","0","true","false","""-2017802256""","0.1092624200527284","0.1092624200527284","0.1092624200527284","0","0.1092624200527284"
"1","507","748","1000","1","""HK""","0.01","false","""normal""","1","""constant""","0.1","""Scale-free""","1","0","1","""uniform""","""deterministic-normal""","0","0","1","""normal""","-0.19999999999999996","1","false","""/home/ramaswamy.51/Documents/github/Spirals/Media/data/cluster/endsim/BehaviorSearch/Step6_Trial""","true","0","1","0","0","true","false","""-2128004918""","0.0880481342488407","0.0880481342488407","0.0880481342488407","0","0.0880481342488407"
"1","508","748","1000","1","""HK""","0.01","false","""normal""","1","""constant""","0.1","""Scale-free""","1","0","1","""uniform""","""deterministic-normal""","0","0","1","""normal""","-0.19999999999999996","1","false","""/home/ramaswamy.51/Documents/github/Spirals/Media/data/cluster/endsim/BehaviorSearch/Step6_Trial""","true","0","1","0","0","true","false","""-762798282""","0.08710319076306484","0.08710319076306484","0.08710319076306484","0","0.08710319076306484"
"1","509","752","1000","1","""HK""","0.01","false","""normal""","1","""constant""","0.1","""Scale-free""","1","0","1","""uniform""","""deterministic-normal""","0","0","1","""normal""","-0.3999999999999999","1","false","""/home/ramaswamy.51/Documents/github/Spirals/Media/data/cluster/endsim/BehaviorSearch/Step6_Trial""","true","0","1","0","0","true","false","""598570373""","0.07041461351324622","0.07041461351324622","0.07041461351324622","0","0.07041461351324622"
"1","510","752","1000","1","""HK""","0.01","false","""normal""","1","""constant""","0.1","""Scale-free""","1","0","1","""uniform""","""deterministic-normal""","0","0","1","""normal""","-0.3999999999999999","1","false","""/home/ramaswamy.51/Documents/github/Spirals/Media/data/cluster/endsim/BehaviorSearch/Step6_Trial""","true","0","1","0","0","true","false","""-958501895""","0.07543897871924611","0.07543897871924611","0.07543897871924611","0","0.07543897871924611"
"1","511","752","1000","1","""HK""","0.01","false","""normal""","1","""constant""","0.1","""Scale-free""","1","0","1","""uniform""","""deterministic-normal""","0","0","1","""normal""","-0.3999999999999999","1","false","""/home/ramaswamy.51/Documents/github/Spirals/Media/data/cluster/endsim/BehaviorSearch/Step6_Trial""","true","0","1","0","0","true","false","""265606880""","0.10007103221054547","0.10007103221054547","0.10007103221054547","0","0.10007103221054547"
"1","512","752","1000","1","""HK""","0.01","false","""normal""","1","""constant""","0.1","""Scale-free""","1","0","1","""uniform""","""deterministic-normal""","0","0","1","""normal""","-0.3999999999999999","1","false","""/home/ramaswamy.51/Documents/github/Spirals/Media/data/cluster/endsim/BehaviorSearch/Step6_Trial""","true","0","1","0","0","true","false","""-270606516""","0.10817317042759858","0.10817317042759858","0.10817317042759858","0","0.10817317042759858"
"1","513","760","1000","1","""HK""","0.02","false","""normal""","1","""constant""","0.2","""Scale-free""","1","0","1","""uniform""","""deterministic-normal""","0","0","1","""normal""","-0.3999999999999999","1","false","""/home/ramaswamy.51/Documents/github/Spirals/Media/data/cluster/endsim/BehaviorSearch/Step6_Trial""","true","0","1","0","0","true","false","""-879250509""","0.20477838468645446","0.20477838468645446","0.20477838468645446","0","0.20477838468645446"
"1","514","760","1000","1","""HK""","0.02","false","""normal""","1","""constant""","0.2","""Scale-free""","1","0","1","""uniform""","""deterministic-normal""","0","0","1","""normal""","-0.3999999999999999","1","false","""/home/ramaswamy.51/Documents/github/Spirals/Media/data/cluster/endsim/BehaviorSearch/Step6_Trial""","true","0","1","0","0","true","false","""166599022""","0.21825188886341498","0.21825188886341498","0.21825188886341498","0","0.21825188886341498"
"1","515","760","1000","1","""HK""","0.02","false","""normal""","1","""constant""","0.2","""Scale-free""","1","0","1","""uniform""","""deterministic-normal""","0","0","1","""normal""","-0.3999999999999999","1","false","""/home/ramaswamy.51/Documents/github/Spirals/Media/data/cluster/endsim/BehaviorSearch/Step6_Trial""","true","0","1","0","0","true","false","""250588400""","0.2043761413662308","0.2043761413662308","0.2043761413662308","0","0.2043761413662308"
"1","516","760","1000","1","""HK""","0.02","false","""normal""","1","""constant""","0.2","""Scale-free""","1","0","1","""uniform""","""deterministic-normal""","0","0","1","""normal""","-0.3999999999999999","1","false","""/home/ramaswamy.51/Documents/github/Spirals/Media/data/cluster/endsim/BehaviorSearch/Step6_Trial""","true","0","1","0","0","true","false","""-1001406259""","0.21846629424332248","0.21846629424332248","0.21846629424332248","0","0.21846629424332248"
"1","517","764","1000","1","""HK""","0.01","false","""normal""","1","""constant""","0.1","""Scale-free""","1","0","1","""uniform""","""deterministic-normal""","0","0","1","""normal""","-0.29999999999999993","1","false","""/home/ramaswamy.51/Documents/github/Spirals/Media/data/cluster/endsim/BehaviorSearch/Step6_Trial""","true","0","1","0","0","true","false","""-1763238983""","0.07801915958312358","0.07801915958312358","0.07801915958312358","0","0.07801915958312358"
"1","518","764","1000","1","""HK""","0.01","false","""normal""","1","""constant""","0.1","""Scale-free""","1","0","1","""uniform""","""deterministic-normal""","0","0","1","""normal""","-0.29999999999999993","1","false","""/home/ramaswamy.51/Documents/github/Spirals/Media/data/cluster/endsim/BehaviorSearch/Step6_Trial""","true","0","1","0","0","true","false","""956877252""","0.09383759929522703","0.09383759929522703","0.09383759929522703","0","0.09383759929522703"
"1","519","764","1000","1","""HK""","0.01","false","""normal""","1","""constant""","0.1","""Scale-free""","1","0","1","""uniform""","""deterministic-normal""","0","0","1","""normal""","-0.29999999999999993","1","false","""/home/ramaswamy.51/Documents/github/Spirals/Media/data/cluster/endsim/BehaviorSearch/Step6_Trial""","true","0","1","0","0","true","false","""-2019014877""","0.09525936413192503","0.09525936413192503","0.09525936413192503","0","0.09525936413192503"
"1","520","764","1000","1","""HK""","0.01","false","""normal""","1","""constant""","0.1","""Scale-free""","1","0","1","""uniform""","""deterministic-normal""","0","0","1","""normal""","-0.29999999999999993","1","false","""/home/ramaswamy.51/Documents/github/Spirals/Media/data/cluster/endsim/BehaviorSearch/Step6_Trial""","true","0","1","0","0","true","false","""-2018477806""","0.0725835794049354","0.0725835794049354","0.0725835794049354","0","0.0725835794049354"
"1","521","768","1000","1","""HK""","0.05","false","""normal""","1","""constant""","0.1","""Scale-free""","1","0","1","""uniform""","""deterministic-normal""","0","0","1","""normal""","-0.09999999999999998","0.8","false","""/home/ramaswamy.51/Documents/github/Spirals/Media/data/cluster/endsim/BehaviorSearch/Step6_Trial""","true","0","1","0","0","true","false","""-1309582995""","0.12532508457060149","0.12532508457060149","0.12532508457060149","0","0.12532508457060149"
"1","522","768","1000","1","""HK""","0.05","false","""normal""","1","""constant""","0.1","""Scale-free""","1","0","1","""uniform""","""deterministic-normal""","0","0","1","""normal""","-0.09999999999999998","0.8","false","""/home/ramaswamy.51/Documents/github/Spirals/Media/data/cluster/endsim/BehaviorSearch/Step6_Trial""","true","0","1","0","0","true","false","""107019793""","0.11490421513906536","0.11490421513906536","0.11490421513906536","0","0.11490421513906536"
"1","523","768","1000","1","""HK""","0.05","false","""normal""","1","""constant""","0.1","""Scale-free""","1","0","1","""uniform""","""deterministic-normal""","0","0","1","""normal""","-0.09999999999999998","0.8","false","""/home/ramaswamy.51/Documents/github/Spirals/Media/data/cluster/endsim/BehaviorSearch/Step6_Trial""","true","0","1","0","0","true","false","""1362144194""","0.1387618857647495","0.1387618857647495","0.1387618857647495","0","0.1387618857647495"
"1","524","768","1000","1","""HK""","0.05","false","""normal""","1","""constant""","0.1","""Scale-free""","1","0","1","""uniform""","""deterministic-normal""","0","0","1","""normal""","-0.09999999999999998","0.8","false","""/home/ramaswamy.51/Documents/github/Spirals/Media/data/cluster/endsim/BehaviorSearch/Step6_Trial""","true","0","1","0","0","true","false","""1974914986""","0.12814715040097965","0.12814715040097965","0.12814715040097965","0","0.12814715040097965"
"1","525","772","1000","1","""HK""","0.01","false","""normal""","1","""constant""","0.1","""Scale-free""","1","0","1","""uniform""","""deterministic-normal""","0","0","1","""normal""","-0.5","1","false","""/home/ramaswamy.51/Documents/github/Spirals/Media/data/cluster/endsim/BehaviorSearch/Step6_Trial""","true","0","1","0","0","true","false","""-1172500843""","0.11430658577715265","0.11430658577715265","0.11430658577715265","0","0.11430658577715265"
"1","526","772","1000","1","""HK""","0.01","false","""normal""","1","""constant""","0.1","""Scale-free""","1","0","1","""uniform""","""deterministic-normal""","0","0","1","""normal""","-0.5","1","false","""/home/ramaswamy.51/Documents/github/Spirals/Media/data/cluster/endsim/BehaviorSearch/Step6_Trial""","true","0","1","0","0","true","false","""-173826167""","0.1107381680552643","0.1107381680552643","0.1107381680552643","0","0.1107381680552643"
"1","527","772","1000","1","""HK""","0.01","false","""normal""","1","""constant""","0.1","""Scale-free""","1","0","1","""uniform""","""deterministic-normal""","0","0","1","""normal""","-0.5","1","false","""/home/ramaswamy.51/Documents/github/Spirals/Media/data/cluster/endsim/BehaviorSearch/Step6_Trial""","true","0","1","0","0","true","false","""-1140146594""","0.10830082294029095","0.10830082294029095","0.10830082294029095","0","0.10830082294029095"
"1","528","772","1000","1","""HK""","0.01","false","""normal""","1","""constant""","0.1","""Scale-free""","1","0","1","""uniform""","""deterministic-normal""","0","0","1","""normal""","-0.5","1","false","""/home/ramaswamy.51/Documents/github/Spirals/Media/data/cluster/endsim/BehaviorSearch/Step6_Trial""","true","0","1","0","0","true","false","""1475370087""","0.0978105432429271","0.0978105432429271","0.0978105432429271","0","0.0978105432429271"
"1","529","776","1000","1","""HK""","0.060000000000000005","false","""normal""","1","""constant""","0.1","""Scale-free""","1","0","1","""uniform""","""deterministic-normal""","0","0","1","""normal""","-0.09999999999999998","0.8","false","""/home/ramaswamy.51/Documents/github/Spirals/Media/data/cluster/endsim/BehaviorSearch/Step6_Trial""","true","0","1","0","0","true","false","""-382445818""","0.15938727273053555","0.15938727273053555","0.15938727273053555","0","0.15938727273053555"
"1","530","776","1000","1","""HK""","0.060000000000000005","false","""normal""","1","""constant""","0.1","""Scale-free""","1","0","1","""uniform""","""deterministic-normal""","0","0","1","""normal""","-0.09999999999999998","0.8","false","""/home/ramaswamy.51/Documents/github/Spirals/Media/data/cluster/endsim/BehaviorSearch/Step6_Trial""","true","0","1","0","0","true","false","""-2138097799""","0.14667800093451702","0.14667800093451702","0.14667800093451702","0","0.14667800093451702"
"1","531","776","1000","1","""HK""","0.060000000000000005","false","""normal""","1","""constant""","0.1","""Scale-free""","1","0","1","""uniform""","""deterministic-normal""","0","0","1","""normal""","-0.09999999999999998","0.8","false","""/home/ramaswamy.51/Documents/github/Spirals/Media/data/cluster/endsim/BehaviorSearch/Step6_Trial""","true","0","1","0","0","true","false","""1712966522""","0.1256564510459518","0.1256564510459518","0.1256564510459518","0","0.1256564510459518"
"1","532","776","1000","1","""HK""","0.060000000000000005","false","""normal""","1","""constant""","0.1","""Scale-free""","1","0","1","""uniform""","""deterministic-normal""","0","0","1","""normal""","-0.09999999999999998","0.8","false","""/home/ramaswamy.51/Documents/github/Spirals/Media/data/cluster/endsim/BehaviorSearch/Step6_Trial""","true","0","1","0","0","true","false","""-1962741565""","0.13319637717134994","0.13319637717134994","0.13319637717134994","0","0.13319637717134994"
"1","533","796","1000","1","""HK""","0.01","false","""normal""","1","""constant""","0.1","""Scale-free""","1","0","1","""uniform""","""deterministic-normal""","0","0","1","""normal""","-0.19999999999999996","0.8","false","""/home/ramaswamy.51/Documents/github/Spirals/Media/data/cluster/endsim/BehaviorSearch/Step6_Trial""","true","0","1","0","0","true","false","""-1897391733""","0.10864005433654869","0.10864005433654869","0.10864005433654869","0","0.10864005433654869"
"1","534","796","1000","1","""HK""","0.01","false","""normal""","1","""constant""","0.1","""Scale-free""","1","0","1","""uniform""","""deterministic-normal""","0","0","1","""normal""","-0.19999999999999996","0.8","false","""/home/ramaswamy.51/Documents/github/Spirals/Media/data/cluster/endsim/BehaviorSearch/Step6_Trial""","true","0","1","0","0","true","false","""643427563""","0.09880871968013406","0.09880871968013406","0.09880871968013406","0","0.09880871968013406"
"1","535","796","1000","1","""HK""","0.01","false","""normal""","1","""constant""","0.1","""Scale-free""","1","0","1","""uniform""","""deterministic-normal""","0","0","1","""normal""","-0.19999999999999996","0.8","false","""/home/ramaswamy.51/Documents/github/Spirals/Media/data/cluster/endsim/BehaviorSearch/Step6_Trial""","true","0","1","0","0","true","false","""1280165153""","0.08188588486947723","0.08188588486947723","0.08188588486947723","0","0.08188588486947723"
"1","536","796","1000","1","""HK""","0.01","false","""normal""","1","""constant""","0.1","""Scale-free""","1","0","1","""uniform""","""deterministic-normal""","0","0","1","""normal""","-0.19999999999999996","0.8","false","""/home/ramaswamy.51/Documents/github/Spirals/Media/data/cluster/endsim/BehaviorSearch/Step6_Trial""","true","0","1","0","0","true","false","""1091513784""","0.07819296986541933","0.07819296986541933","0.07819296986541933","0","0.07819296986541933"
"1","537","800","1000","1","""HK""","0.02","false","""normal""","1","""constant""","0.1","""Scale-free""","1","0","1","""uniform""","""deterministic-normal""","0","0","1","""normal""","-0.29999999999999993","1","false","""/home/ramaswamy.51/Documents/github/Spirals/Media/data/cluster/endsim/BehaviorSearch/Step6_Trial""","true","0","1","0","0","true","false","""1705346302""","0.10155592216867179","0.10155592216867179","0.10155592216867179","0","0.10155592216867179"
"1","538","800","1000","1","""HK""","0.02","false","""normal""","1","""constant""","0.1","""Scale-free""","1","0","1","""uniform""","""deterministic-normal""","0","0","1","""normal""","-0.29999999999999993","1","false","""/home/ramaswamy.51/Documents/github/Spirals/Media/data/cluster/endsim/BehaviorSearch/Step6_Trial""","true","0","1","0","0","true","false","""-711142373""","0.09534175766193297","0.09534175766193297","0.09534175766193297","0","0.09534175766193297"
"1","539","800","1000","1","""HK""","0.02","false","""normal""","1","""constant""","0.1","""Scale-free""","1","0","1","""uniform""","""deterministic-normal""","0","0","1","""normal""","-0.29999999999999993","1","false","""/home/ramaswamy.51/Documents/github/Spirals/Media/data/cluster/endsim/BehaviorSearch/Step6_Trial""","true","0","1","0","0","true","false","""-2036740215""","0.11288978589184859","0.11288978589184859","0.11288978589184859","0","0.11288978589184859"
"1","540","800","1000","1","""HK""","0.02","false","""normal""","1","""constant""","0.1","""Scale-free""","1","0","1","""uniform""","""deterministic-normal""","0","0","1","""normal""","-0.29999999999999993","1","false","""/home/ramaswamy.51/Documents/github/Spirals/Media/data/cluster/endsim/BehaviorSearch/Step6_Trial""","true","0","1","0","0","true","false","""1201943827""","0.07839629385466342","0.07839629385466342","0.07839629385466342","0","0.07839629385466342"
"1","541","816","1000","1","""HK""","0.01","false","""normal""","1","""constant""","0","""Scale-free""","1","0","1","""uniform""","""deterministic-normal""","0","0","1","""normal""","-0.29999999999999993","1","false","""/home/ramaswamy.51/Documents/github/Spirals/Media/data/cluster/endsim/BehaviorSearch/Step6_Trial""","true","0","1","0","0","true","false","""1422611729""","0.184052789813454","0.184052789813454","0.184052789813454","0","0.184052789813454"
"1","542","816","1000","1","""HK""","0.01","false","""normal""","1","""constant""","0","""Scale-free""","1","0","1","""uniform""","""deterministic-normal""","0","0","1","""normal""","-0.29999999999999993","1","false","""/home/ramaswamy.51/Documents/github/Spirals/Media/data/cluster/endsim/BehaviorSearch/Step6_Trial""","true","0","1","0","0","true","false","""-2027855091""","0.16104709782170307","0.16104709782170307","0.16104709782170307","0","0.16104709782170307"
"1","543","816","1000","1","""HK""","0.01","false","""normal""","1","""constant""","0","""Scale-free""","1","0","1","""uniform""","""deterministic-normal""","0","0","1","""normal""","-0.29999999999999993","1","false","""/home/ramaswamy.51/Documents/github/Spirals/Media/data/cluster/endsim/BehaviorSearch/Step6_Trial""","true","0","1","0","0","true","false","""500876796""","0.18107636557359136","0.18107636557359136","0.18107636557359136","0","0.18107636557359136"
"1","544","816","1000","1","""HK""","0.01","false","""normal""","1","""constant""","0","""Scale-free""","1","0","1","""uniform""","""deterministic-normal""","0","0","1","""normal""","-0.29999999999999993","1","false","""/home/ramaswamy.51/Documents/github/Spirals/Media/data/cluster/endsim/BehaviorSearch/Step6_Trial""","true","0","1","0","0","true","false","""-442049387""","0.16698842804144545","0.16698842804144545","0.16698842804144545","0","0.16698842804144545"
"1","545","820","1000","1","""HK""","0.01","false","""normal""","1","""constant""","0.1","""Scale-free""","2","0","1","""uniform""","""deterministic-normal""","0","0","1","""normal""","-0.19999999999999996","0.9","false","""/home/ramaswamy.51/Documents/github/Spirals/Media/data/cluster/endsim/BehaviorSearch/Step6_Trial""","true","0","1","0","0","true","false","""553600187""","0.12948446653952772","0.12948446653952772","0.12948446653952772","0","0.12948446653952772"
"1","546","820","1000","1","""HK""","0.01","false","""normal""","1","""constant""","0.1","""Scale-free""","2","0","1","""uniform""","""deterministic-normal""","0","0","1","""normal""","-0.19999999999999996","0.9","false","""/home/ramaswamy.51/Documents/github/Spirals/Media/data/cluster/endsim/BehaviorSearch/Step6_Trial""","true","0","1","0","0","true","false","""-1657722411""","0.0961905784700014","0.0961905784700014","0.0961905784700014","0","0.0961905784700014"
"1","547","820","1000","1","""HK""","0.01","false","""normal""","1","""constant""","0.1","""Scale-free""","2","0","1","""uniform""","""deterministic-normal""","0","0","1","""normal""","-0.19999999999999996","0.9","false","""/home/ramaswamy.51/Documents/github/Spirals/Media/data/cluster/endsim/BehaviorSearch/Step6_Trial""","true","0","1","0","0","true","false","""725442729""","0.09551213577014364","0.09551213577014364","0.09551213577014364","0","0.09551213577014364"
"1","548","820","1000","1","""HK""","0.01","false","""normal""","1","""constant""","0.1","""Scale-free""","2","0","1","""uniform""","""deterministic-normal""","0","0","1","""normal""","-0.19999999999999996","0.9","false","""/home/ramaswamy.51/Documents/github/Spirals/Media/data/cluster/endsim/BehaviorSearch/Step6_Trial""","true","0","1","0","0","true","false","""-1825367154""","0.08244218346789907","0.08244218346789907","0.08244218346789907","0","0.08244218346789907"
"1","549","824","1000","1","""HK""","0.03","false","""normal""","1","""constant""","0.1","""Scale-free""","1","0","1","""uniform""","""deterministic-normal""","0","0","1","""normal""","-0.29999999999999993","1","false","""/home/ramaswamy.51/Documents/github/Spirals/Media/data/cluster/endsim/BehaviorSearch/Step6_Trial""","true","0","1","0","0","true","false","""1855210471""","0.09525476912324754","0.09525476912324754","0.09525476912324754","0","0.09525476912324754"
"1","550","824","1000","1","""HK""","0.03","false","""normal""","1","""constant""","0.1","""Scale-free""","1","0","1","""uniform""","""deterministic-normal""","0","0","1","""normal""","-0.29999999999999993","1","false","""/home/ramaswamy.51/Documents/github/Spirals/Media/data/cluster/endsim/BehaviorSearch/Step6_Trial""","true","0","1","0","0","true","false","""-2083715540""","0.11660961207251389","0.11660961207251389","0.11660961207251389","0","0.11660961207251389"
"1","551","824","1000","1","""HK""","0.03","false","""normal""","1","""constant""","0.1","""Scale-free""","1","0","1","""uniform""","""deterministic-normal""","0","0","1","""normal""","-0.29999999999999993","1","false","""/home/ramaswamy.51/Documents/github/Spirals/Media/data/cluster/endsim/BehaviorSearch/Step6_Trial""","true","0","1","0","0","true","false","""-2044235958""","0.09082748274117804","0.09082748274117804","0.09082748274117804","0","0.09082748274117804"
"1","552","824","1000","1","""HK""","0.03","false","""normal""","1","""constant""","0.1","""Scale-free""","1","0","1","""uniform""","""deterministic-normal""","0","0","1","""normal""","-0.29999999999999993","1","false","""/home/ramaswamy.51/Documents/github/Spirals/Media/data/cluster/endsim/BehaviorSearch/Step6_Trial""","true","0","1","0","0","true","false","""-550136370""","0.07885816822475258","0.07885816822475258","0.07885816822475258","0","0.07885816822475258"
"1","553","848","1000","1","""HK""","0.01","false","""normal""","1","""constant""","0.1","""Scale-free""","1","0","1","""uniform""","""deterministic-normal""","0","0","1","""normal""","0.10000000000000009","1","false","""/home/ramaswamy.51/Documents/github/Spirals/Media/data/cluster/endsim/BehaviorSearch/Step6_Trial""","true","0","1","0","0","true","false","""836620844""","0.09905744126346448","0.09905744126346448","0.09905744126346448","0","0.09905744126346448"
"1","554","848","1000","1","""HK""","0.01","false","""normal""","1","""constant""","0.1","""Scale-free""","1","0","1","""uniform""","""deterministic-normal""","0","0","1","""normal""","0.10000000000000009","1","false","""/home/ramaswamy.51/Documents/github/Spirals/Media/data/cluster/endsim/BehaviorSearch/Step6_Trial""","true","0","1","0","0","true","false","""977358106""","0.07511657501022816","0.07511657501022816","0.07511657501022816","0","0.07511657501022816"
"1","555","848","1000","1","""HK""","0.01","false","""normal""","1","""constant""","0.1","""Scale-free""","1","0","1","""uniform""","""deterministic-normal""","0","0","1","""normal""","0.10000000000000009","1","false","""/home/ramaswamy.51/Documents/github/Spirals/Media/data/cluster/endsim/BehaviorSearch/Step6_Trial""","true","0","1","0","0","true","false","""379825888""","0.08927079380446284","0.08927079380446284","0.08927079380446284","0","0.08927079380446284"
"1","556","848","1000","1","""HK""","0.01","false","""normal""","1","""constant""","0.1","""Scale-free""","1","0","1","""uniform""","""deterministic-normal""","0","0","1","""normal""","0.10000000000000009","1","false","""/home/ramaswamy.51/Documents/github/Spirals/Media/data/cluster/endsim/BehaviorSearch/Step6_Trial""","true","0","1","0","0","true","false","""1722664569""","0.08694443613129432","0.08694443613129432","0.08694443613129432","0","0.08694443613129432"
"1","557","852","1000","1","""HK""","0.06999999999999999","false","""normal""","1","""constant""","0.1","""Scale-free""","1","0","1","""uniform""","""deterministic-normal""","0","0","1","""normal""","-0.29999999999999993","1","false","""/home/ramaswamy.51/Documents/github/Spirals/Media/data/cluster/endsim/BehaviorSearch/Step6_Trial""","true","0","1","0","0","true","false","""466559511""","0.13749677252273737","0.13749677252273737","0.13749677252273737","0","0.13749677252273737"
"1","558","852","1000","1","""HK""","0.06999999999999999","false","""normal""","1","""constant""","0.1","""Scale-free""","1","0","1","""uniform""","""deterministic-normal""","0","0","1","""normal""","-0.29999999999999993","1","false","""/home/ramaswamy.51/Documents/github/Spirals/Media/data/cluster/endsim/BehaviorSearch/Step6_Trial""","true","0","1","0","0","true","false","""471057221""","0.1485268384351462","0.1485268384351462","0.1485268384351462","0","0.1485268384351462"
"1","559","852","1000","1","""HK""","0.06999999999999999","false","""normal""","1","""constant""","0.1","""Scale-free""","1","0","1","""uniform""","""deterministic-normal""","0","0","1","""normal""","-0.29999999999999993","1","false","""/home/ramaswamy.51/Documents/github/Spirals/Media/data/cluster/endsim/BehaviorSearch/Step6_Trial""","true","0","1","0","0","true","false","""-777926852""","0.16447981582331417","0.16447981582331417","0.16447981582331417","0","0.16447981582331417"
"1","560","852","1000","1","""HK""","0.06999999999999999","false","""normal""","1","""constant""","0.1","""Scale-free""","1","0","1","""uniform""","""deterministic-normal""","0","0","1","""normal""","-0.29999999999999993","1","false","""/home/ramaswamy.51/Documents/github/Spirals/Media/data/cluster/endsim/BehaviorSearch/Step6_Trial""","true","0","1","0","0","true","false","""742996641""","0.14705706012250294","0.14705706012250294","0.14705706012250294","0","0.14705706012250294"
"1","561","860","1000","1","""HK""","0.01","false","""normal""","1","""constant""","0.1","""Scale-free""","1","0","1","""uniform""","""deterministic-normal""","0","0","1","""normal""","0.20000000000000018","0.9","false","""/home/ramaswamy.51/Documents/github/Spirals/Media/data/cluster/endsim/BehaviorSearch/Step6_Trial""","true","0","1","0","0","true","false","""240157774""","0.0917238345665302","0.0917238345665302","0.0917238345665302","0","0.0917238345665302"
"1","562","860","1000","1","""HK""","0.01","false","""normal""","1","""constant""","0.1","""Scale-free""","1","0","1","""uniform""","""deterministic-normal""","0","0","1","""normal""","0.20000000000000018","0.9","false","""/home/ramaswamy.51/Documents/github/Spirals/Media/data/cluster/endsim/BehaviorSearch/Step6_Trial""","true","0","1","0","0","true","false","""-1744788615""","0.10030804879609362","0.10030804879609362","0.10030804879609362","0","0.10030804879609362"
"1","563","860","1000","1","""HK""","0.01","false","""normal""","1","""constant""","0.1","""Scale-free""","1","0","1","""uniform""","""deterministic-normal""","0","0","1","""normal""","0.20000000000000018","0.9","false","""/home/ramaswamy.51/Documents/github/Spirals/Media/data/cluster/endsim/BehaviorSearch/Step6_Trial""","true","0","1","0","0","true","false","""-1881110622""","0.10694742313010074","0.10694742313010074","0.10694742313010074","0","0.10694742313010074"
"1","564","860","1000","1","""HK""","0.01","false","""normal""","1","""constant""","0.1","""Scale-free""","1","0","1","""uniform""","""deterministic-normal""","0","0","1","""normal""","0.20000000000000018","0.9","false","""/home/ramaswamy.51/Documents/github/Spirals/Media/data/cluster/endsim/BehaviorSearch/Step6_Trial""","true","0","1","0","0","true","false","""-933780858""","0.10767664528207349","0.10767664528207349","0.10767664528207349","0","0.10767664528207349"
"1","565","864","1000","1","""HK""","0.03","false","""normal""","1","""constant""","0.1","""Scale-free""","1","0","1","""uniform""","""deterministic-normal""","0","0","1","""normal""","-0.3999999999999999","1","false","""/home/ramaswamy.51/Documents/github/Spirals/Media/data/cluster/endsim/BehaviorSearch/Step6_Trial""","true","0","1","0","0","true","false","""-202782172""","0.10636620044308827","0.10636620044308827","0.10636620044308827","0","0.10636620044308827"
"1","566","864","1000","1","""HK""","0.03","false","""normal""","1","""constant""","0.1","""Scale-free""","1","0","1","""uniform""","""deterministic-normal""","0","0","1","""normal""","-0.3999999999999999","1","false","""/home/ramaswamy.51/Documents/github/Spirals/Media/data/cluster/endsim/BehaviorSearch/Step6_Trial""","true","0","1","0","0","true","false","""642828232""","0.12289465517767306","0.12289465517767306","0.12289465517767306","0","0.12289465517767306"
"1","567","864","1000","1","""HK""","0.03","false","""normal""","1","""constant""","0.1","""Scale-free""","1","0","1","""uniform""","""deterministic-normal""","0","0","1","""normal""","-0.3999999999999999","1","false","""/home/ramaswamy.51/Documents/github/Spirals/Media/data/cluster/endsim/BehaviorSearch/Step6_Trial""","true","0","1","0","0","true","false","""-515194967""","0.09751611258087473","0.09751611258087473","0.09751611258087473","0","0.09751611258087473"
"1","568","864","1000","1","""HK""","0.03","false","""normal""","1","""constant""","0.1","""Scale-free""","1","0","1","""uniform""","""deterministic-normal""","0","0","1","""normal""","-0.3999999999999999","1","false","""/home/ramaswamy.51/Documents/github/Spirals/Media/data/cluster/endsim/BehaviorSearch/Step6_Trial""","true","0","1","0","0","true","false","""1622144210""","0.07971302347102742","0.07971302347102742","0.07971302347102742","0","0.07971302347102742"
"1","569","868","1000","1","""HK""","0.02","false","""normal""","1","""constant""","0.1","""Scale-free""","1","0","1","""uniform""","""deterministic-normal""","0","0","1","""normal""","-0.09999999999999998","0.9","false","""/home/ramaswamy.51/Documents/github/Spirals/Media/data/cluster/endsim/BehaviorSearch/Step6_Trial""","true","0","1","0","0","true","false","""2100865273""","0.10531172958441892","0.10531172958441892","0.10531172958441892","0","0.10531172958441892"
"1","570","868","1000","1","""HK""","0.02","false","""normal""","1","""constant""","0.1","""Scale-free""","1","0","1","""uniform""","""deterministic-normal""","0","0","1","""normal""","-0.09999999999999998","0.9","false","""/home/ramaswamy.51/Documents/github/Spirals/Media/data/cluster/endsim/BehaviorSearch/Step6_Trial""","true","0","1","0","0","true","false","""239135142""","0.08134904589428267","0.08134904589428267","0.08134904589428267","0","0.08134904589428267"
"1","571","868","1000","1","""HK""","0.02","false","""normal""","1","""constant""","0.1","""Scale-free""","1","0","1","""uniform""","""deterministic-normal""","0","0","1","""normal""","-0.09999999999999998","0.9","false","""/home/ramaswamy.51/Documents/github/Spirals/Media/data/cluster/endsim/BehaviorSearch/Step6_Trial""","true","0","1","0","0","true","false","""-1876945807""","0.0907405193728446","0.0907405193728446","0.0907405193728446","0","0.0907405193728446"
"1","572","868","1000","1","""HK""","0.02","false","""normal""","1","""constant""","0.1","""Scale-free""","1","0","1","""uniform""","""deterministic-normal""","0","0","1","""normal""","-0.09999999999999998","0.9","false","""/home/ramaswamy.51/Documents/github/Spirals/Media/data/cluster/endsim/BehaviorSearch/Step6_Trial""","true","0","1","0","0","true","false","""1647334843""","0.08983029969713523","0.08983029969713523","0.08983029969713523","0","0.08983029969713523"
"1","573","876","1000","1","""HK""","0.02","false","""normal""","1","""constant""","0.1","""Scale-free""","1","0","1","""uniform""","""deterministic-normal""","0","0","1","""normal""","-0.29999999999999993","0.8","false","""/home/ramaswamy.51/Documents/github/Spirals/Media/data/cluster/endsim/BehaviorSearch/Step6_Trial""","true","0","1","0","0","true","false","""-961016149""","0.11888997980890445","0.11888997980890445","0.11888997980890445","0","0.11888997980890445"
"1","574","876","1000","1","""HK""","0.02","false","""normal""","1","""constant""","0.1","""Scale-free""","1","0","1","""uniform""","""deterministic-normal""","0","0","1","""normal""","-0.29999999999999993","0.8","false","""/home/ramaswamy.51/Documents/github/Spirals/Media/data/cluster/endsim/BehaviorSearch/Step6_Trial""","true","0","1","0","0","true","false","""1168586881""","0.12398584226279712","0.12398584226279712","0.12398584226279712","0","0.12398584226279712"
"1","575","876","1000","1","""HK""","0.02","false","""normal""","1","""constant""","0.1","""Scale-free""","1","0","1","""uniform""","""deterministic-normal""","0","0","1","""normal""","-0.29999999999999993","0.8","false","""/home/ramaswamy.51/Documents/github/Spirals/Media/data/cluster/endsim/BehaviorSearch/Step6_Trial""","true","0","1","0","0","true","false","""-1671869296""","0.10951493382023686","0.10951493382023686","0.10951493382023686","0","0.10951493382023686"
"1","576","876","1000","1","""HK""","0.02","false","""normal""","1","""constant""","0.1","""Scale-free""","1","0","1","""uniform""","""deterministic-normal""","0","0","1","""normal""","-0.29999999999999993","0.8","false","""/home/ramaswamy.51/Documents/github/Spirals/Media/data/cluster/endsim/BehaviorSearch/Step6_Trial""","true","0","1","0","0","true","false","""1997618787""","0.10076115927973488","0.10076115927973488","0.10076115927973488","0","0.10076115927973488"
"1","577","880","1000","1","""HK""","0.03","false","""normal""","1","""constant""","0.1","""Scale-free""","2","0","1","""uniform""","""deterministic-normal""","0","0","1","""normal""","-0.29999999999999993","1","false","""/home/ramaswamy.51/Documents/github/Spirals/Media/data/cluster/endsim/BehaviorSearch/Step6_Trial""","true","0","1","0","0","true","false","""1171556234""","0.1067559632753079","0.1067559632753079","0.1067559632753079","0","0.1067559632753079"
"1","578","880","1000","1","""HK""","0.03","false","""normal""","1","""constant""","0.1","""Scale-free""","2","0","1","""uniform""","""deterministic-normal""","0","0","1","""normal""","-0.29999999999999993","1","false","""/home/ramaswamy.51/Documents/github/Spirals/Media/data/cluster/endsim/BehaviorSearch/Step6_Trial""","true","0","1","0","0","true","false","""1368910412""","0.1124260847108469","0.1124260847108469","0.1124260847108469","0","0.1124260847108469"
"1","579","880","1000","1","""HK""","0.03","false","""normal""","1","""constant""","0.1","""Scale-free""","2","0","1","""uniform""","""deterministic-normal""","0","0","1","""normal""","-0.29999999999999993","1","false","""/home/ramaswamy.51/Documents/github/Spirals/Media/data/cluster/endsim/BehaviorSearch/Step6_Trial""","true","0","1","0","0","true","false","""302537635""","0.11068230194850913","0.11068230194850913","0.11068230194850913","0","0.11068230194850913"
"1","580","880","1000","1","""HK""","0.03","false","""normal""","1","""constant""","0.1","""Scale-free""","2","0","1","""uniform""","""deterministic-normal""","0","0","1","""normal""","-0.29999999999999993","1","false","""/home/ramaswamy.51/Documents/github/Spirals/Media/data/cluster/endsim/BehaviorSearch/Step6_Trial""","true","0","1","0","0","true","false","""867093051""","0.1343138689634918","0.1343138689634918","0.1343138689634918","0","0.1343138689634918"
"1","581","892","1000","1","""HK""","0.060000000000000005","false","""normal""","1","""constant""","0.1","""Scale-free""","1","0","1","""uniform""","""deterministic-normal""","0","0","1","""normal""","-0.5","1","false","""/home/ramaswamy.51/Documents/github/Spirals/Media/data/cluster/endsim/BehaviorSearch/Step6_Trial""","true","0","1","0","0","true","false","""-2113962563""","0.145498616371951","0.145498616371951","0.145498616371951","0","0.145498616371951"
"1","582","892","1000","1","""HK""","0.060000000000000005","false","""normal""","1","""constant""","0.1","""Scale-free""","1","0","1","""uniform""","""deterministic-normal""","0","0","1","""normal""","-0.5","1","false","""/home/ramaswamy.51/Documents/github/Spirals/Media/data/cluster/endsim/BehaviorSearch/Step6_Trial""","true","0","1","0","0","true","false","""-719327394""","0.15450786397417873","0.15450786397417873","0.15450786397417873","0","0.15450786397417873"
"1","583","892","1000","1","""HK""","0.060000000000000005","false","""normal""","1","""constant""","0.1","""Scale-free""","1","0","1","""uniform""","""deterministic-normal""","0","0","1","""normal""","-0.5","1","false","""/home/ramaswamy.51/Documents/github/Spirals/Media/data/cluster/endsim/BehaviorSearch/Step6_Trial""","true","0","1","0","0","true","false","""1345974003""","0.15127292007633944","0.15127292007633944","0.15127292007633944","0","0.15127292007633944"
"1","584","892","1000","1","""HK""","0.060000000000000005","false","""normal""","1","""constant""","0.1","""Scale-free""","1","0","1","""uniform""","""deterministic-normal""","0","0","1","""normal""","-0.5","1","false","""/home/ramaswamy.51/Documents/github/Spirals/Media/data/cluster/endsim/BehaviorSearch/Step6_Trial""","true","0","1","0","0","true","false","""-602847012""","0.16364861008356996","0.16364861008356996","0.16364861008356996","0","0.16364861008356996"
"1","585","896","1000","1","""HK""","0.01","false","""normal""","1","""constant""","0.1","""Scale-free""","1","0","1","""uniform""","""deterministic-normal""","0","0","1","""normal""","-0.3999999999999999","0.9","false","""/home/ramaswamy.51/Documents/github/Spirals/Media/data/cluster/endsim/BehaviorSearch/Step6_Trial""","true","0","1","0","0","true","false","""170496476""","0.13967421918909065","0.13967421918909065","0.13967421918909065","0","0.13967421918909065"
"1","586","896","1000","1","""HK""","0.01","false","""normal""","1","""constant""","0.1","""Scale-free""","1","0","1","""uniform""","""deterministic-normal""","0","0","1","""normal""","-0.3999999999999999","0.9","false","""/home/ramaswamy.51/Documents/github/Spirals/Media/data/cluster/endsim/BehaviorSearch/Step6_Trial""","true","0","1","0","0","true","false","""-2062944802""","0.11311089604976057","0.11311089604976057","0.11311089604976057","0","0.11311089604976057"
"1","587","896","1000","1","""HK""","0.01","false","""normal""","1","""constant""","0.1","""Scale-free""","1","0","1","""uniform""","""deterministic-normal""","0","0","1","""normal""","-0.3999999999999999","0.9","false","""/home/ramaswamy.51/Documents/github/Spirals/Media/data/cluster/endsim/BehaviorSearch/Step6_Trial""","true","0","1","0","0","true","false","""49799640""","0.11129765519435869","0.11129765519435869","0.11129765519435869","0","0.11129765519435869"
"1","588","896","1000","1","""HK""","0.01","false","""normal""","1","""constant""","0.1","""Scale-free""","1","0","1","""uniform""","""deterministic-normal""","0","0","1","""normal""","-0.3999999999999999","0.9","false","""/home/ramaswamy.51/Documents/github/Spirals/Media/data/cluster/endsim/BehaviorSearch/Step6_Trial""","true","0","1","0","0","true","false","""1010685283""","0.10197648448439411","0.10197648448439411","0.10197648448439411","0","0.10197648448439411"
"1","589","900","1000","1","""HK""","0.01","false","""normal""","1","""constant""","0.1","""Scale-free""","1","0","1","""uniform""","""deterministic-normal""","0","0","1","""normal""","-0.29999999999999993","0.9","false","""/home/ramaswamy.51/Documents/github/Spirals/Media/data/cluster/endsim/BehaviorSearch/Step6_Trial""","true","0","1","0","0","true","false","""2041651843""","0.11050422877072753","0.11050422877072753","0.11050422877072753","0","0.11050422877072753"
"1","590","900","1000","1","""HK""","0.01","false","""normal""","1","""constant""","0.1","""Scale-free""","1","0","1","""uniform""","""deterministic-normal""","0","0","1","""normal""","-0.29999999999999993","0.9","false","""/home/ramaswamy.51/Documents/github/Spirals/Media/data/cluster/endsim/BehaviorSearch/Step6_Trial""","true","0","1","0","0","true","false","""-516870710""","0.07438029157844402","0.07438029157844402","0.07438029157844402","0","0.07438029157844402"
"1","591","900","1000","1","""HK""","0.01","false","""normal""","1","""constant""","0.1","""Scale-free""","1","0","1","""uniform""","""deterministic-normal""","0","0","1","""normal""","-0.29999999999999993","0.9","false","""/home/ramaswamy.51/Documents/github/Spirals/Media/data/cluster/endsim/BehaviorSearch/Step6_Trial""","true","0","1","0","0","true","false","""-808176792""","0.10140355374712944","0.10140355374712944","0.10140355374712944","0","0.10140355374712944"
"1","592","900","1000","1","""HK""","0.01","false","""normal""","1","""constant""","0.1","""Scale-free""","1","0","1","""uniform""","""deterministic-normal""","0","0","1","""normal""","-0.29999999999999993","0.9","false","""/home/ramaswamy.51/Documents/github/Spirals/Media/data/cluster/endsim/BehaviorSearch/Step6_Trial""","true","0","1","0","0","true","false","""598594990""","0.09417949853110005","0.09417949853110005","0.09417949853110005","0","0.09417949853110005"
"1","593","928","1000","1","""HK""","0.01","false","""normal""","1","""constant""","0.1","""Scale-free""","1","0","1","""uniform""","""deterministic-normal""","0","0","1","""normal""","0","0.9","false","""/home/ramaswamy.51/Documents/github/Spirals/Media/data/cluster/endsim/BehaviorSearch/Step6_Trial""","true","0","1","0","0","true","false","""-751287315""","0.09424512557693179","0.09424512557693179","0.09424512557693179","0","0.09424512557693179"
"1","594","928","1000","1","""HK""","0.01","false","""normal""","1","""constant""","0.1","""Scale-free""","1","0","1","""uniform""","""deterministic-normal""","0","0","1","""normal""","0","0.9","false","""/home/ramaswamy.51/Documents/github/Spirals/Media/data/cluster/endsim/BehaviorSearch/Step6_Trial""","true","0","1","0","0","true","false","""-73366947""","0.09547722456830027","0.09547722456830027","0.09547722456830027","0","0.09547722456830027"
"1","595","928","1000","1","""HK""","0.01","false","""normal""","1","""constant""","0.1","""Scale-free""","1","0","1","""uniform""","""deterministic-normal""","0","0","1","""normal""","0","0.9","false","""/home/ramaswamy.51/Documents/github/Spirals/Media/data/cluster/endsim/BehaviorSearch/Step6_Trial""","true","0","1","0","0","true","false","""1397381108""","0.09520553014069141","0.09520553014069141","0.09520553014069141","0","0.09520553014069141"
"1","596","928","1000","1","""HK""","0.01","false","""normal""","1","""constant""","0.1","""Scale-free""","1","0","1","""uniform""","""deterministic-normal""","0","0","1","""normal""","0","0.9","false","""/home/ramaswamy.51/Documents/github/Spirals/Media/data/cluster/endsim/BehaviorSearch/Step6_Trial""","true","0","1","0","0","true","false","""722494375""","0.0721130994557168","0.0721130994557168","0.0721130994557168","0","0.0721130994557168"
"1","597","984","1000","1","""HK""","0.04","false","""normal""","1","""constant""","0.1","""Scale-free""","1","0","1","""uniform""","""deterministic-normal""","0","0","1","""normal""","-0.09999999999999998","0.9","false","""/home/ramaswamy.51/Documents/github/Spirals/Media/data/cluster/endsim/BehaviorSearch/Step6_Trial""","true","0","1","0","0","true","false","""1745893081""","0.08607130199234352","0.08607130199234352","0.08607130199234352","0","0.08607130199234352"
"1","598","984","1000","1","""HK""","0.04","false","""normal""","1","""constant""","0.1","""Scale-free""","1","0","1","""uniform""","""deterministic-normal""","0","0","1","""normal""","-0.09999999999999998","0.9","false","""/home/ramaswamy.51/Documents/github/Spirals/Media/data/cluster/endsim/BehaviorSearch/Step6_Trial""","true","0","1","0","0","true","false","""1909213148""","0.09159729842695279","0.09159729842695279","0.09159729842695279","0","0.09159729842695279"
"1","599","984","1000","1","""HK""","0.04","false","""normal""","1","""constant""","0.1","""Scale-free""","1","0","1","""uniform""","""deterministic-normal""","0","0","1","""normal""","-0.09999999999999998","0.9","false","""/home/ramaswamy.51/Documents/github/Spirals/Media/data/cluster/endsim/BehaviorSearch/Step6_Trial""","true","0","1","0","0","true","false","""-510527775""","0.1054365184464064","0.1054365184464064","0.1054365184464064","0","0.1054365184464064"
"1","600","984","1000","1","""HK""","0.04","false","""normal""","1","""constant""","0.1","""Scale-free""","1","0","1","""uniform""","""deterministic-normal""","0","0","1","""normal""","-0.09999999999999998","0.9","false","""/home/ramaswamy.51/Documents/github/Spirals/Media/data/cluster/endsim/BehaviorSearch/Step6_Trial""","true","0","1","0","0","true","false","""632782046""","0.1085860295572728","0.1085860295572728","0.1085860295572728","0","0.1085860295572728"
"1","601","1000","1000","1","""HK""","0.01","false","""normal""","1","""constant""","0.1","""Scale-free""","1","0","1","""uniform""","""deterministic-normal""","0","0","1","""normal""","-0.7","1","false","""/home/ramaswamy.51/Documents/github/Spirals/Media/data/cluster/endsim/BehaviorSearch/Step6_Trial""","true","0","1","0","0","true","false","""-227361797""","0.12082271787969834","0.12082271787969834","0.12082271787969834","0","0.12082271787969834"
"1","602","1000","1000","1","""HK""","0.01","false","""normal""","1","""constant""","0.1","""Scale-free""","1","0","1","""uniform""","""deterministic-normal""","0","0","1","""normal""","-0.7","1","false","""/home/ramaswamy.51/Documents/github/Spirals/Media/data/cluster/endsim/BehaviorSearch/Step6_Trial""","true","0","1","0","0","true","false","""499041143""","0.10662774453334924","0.10662774453334924","0.10662774453334924","0","0.10662774453334924"
"1","603","1000","1000","1","""HK""","0.01","false","""normal""","1","""constant""","0.1","""Scale-free""","1","0","1","""uniform""","""deterministic-normal""","0","0","1","""normal""","-0.7","1","false","""/home/ramaswamy.51/Documents/github/Spirals/Media/data/cluster/endsim/BehaviorSearch/Step6_Trial""","true","0","1","0","0","true","false","""-2128069305""","0.139879383507123","0.139879383507123","0.139879383507123","0","0.139879383507123"
"1","604","1000","1000","1","""HK""","0.01","false","""normal""","1","""constant""","0.1","""Scale-free""","1","0","1","""uniform""","""deterministic-normal""","0","0","1","""normal""","-0.7","1","false","""/home/ramaswamy.51/Documents/github/Spirals/Media/data/cluster/endsim/BehaviorSearch/Step6_Trial""","true","0","1","0","0","true","false","""-1123328327""","0.07547113809268563","0.07547113809268563","0.07547113809268563","0","0.07547113809268563"
"1","605","1004","1000","1","""HK""","0.01","false","""normal""","1","""constant""","0.1","""Scale-free""","1","0","1","""uniform""","""deterministic-normal""","0","0","1","""normal""","-0.09999999999999998","1","false","""/home/ramaswamy.51/Documents/github/Spirals/Media/data/cluster/endsim/BehaviorSearch/Step6_Trial""","true","0","1","0","0","true","false","""1802999211""","0.10833082216543619","0.10833082216543619","0.10833082216543619","0","0.10833082216543619"
"1","606","1004","1000","1","""HK""","0.01","false","""normal""","1","""constant""","0.1","""Scale-free""","1","0","1","""uniform""","""deterministic-normal""","0","0","1","""normal""","-0.09999999999999998","1","false","""/home/ramaswamy.51/Documents/github/Spirals/Media/data/cluster/endsim/BehaviorSearch/Step6_Trial""","true","0","1","0","0","true","false","""-1089035619""","0.06015020460171471","0.06015020460171471","0.06015020460171471","0","0.06015020460171471"
"1","607","1004","1000","1","""HK""","0.01","false","""normal""","1","""constant""","0.1","""Scale-free""","1","0","1","""uniform""","""deterministic-normal""","0","0","1","""normal""","-0.09999999999999998","1","false","""/home/ramaswamy.51/Documents/github/Spirals/Media/data/cluster/endsim/BehaviorSearch/Step6_Trial""","true","0","1","0","0","true","false","""-1845902531""","0.0797424875505569","0.0797424875505569","0.0797424875505569","0","0.0797424875505569"
"1","608","1004","1000","1","""HK""","0.01","false","""normal""","1","""constant""","0.1","""Scale-free""","1","0","1","""uniform""","""deterministic-normal""","0","0","1","""normal""","-0.09999999999999998","1","false","""/home/ramaswamy.51/Documents/github/Spirals/Media/data/cluster/endsim/BehaviorSearch/Step6_Trial""","true","0","1","0","0","true","false","""-1900911654""","0.09480659924731016","0.09480659924731016","0.09480659924731016","0","0.09480659924731016"
"1","609","1008","1000","1","""HK""","0.01","false","""normal""","1","""constant""","0.1","""Scale-free""","1","0","1","""uniform""","""deterministic-normal""","0","0","1","""normal""","-0.5","0.9","false","""/home/ramaswamy.51/Documents/github/Spirals/Media/data/cluster/endsim/BehaviorSearch/Step6_Trial""","true","0","1","0","0","true","false","""852273719""","0.10114472878969274","0.10114472878969274","0.10114472878969274","0","0.10114472878969274"
"1","610","1008","1000","1","""HK""","0.01","false","""normal""","1","""constant""","0.1","""Scale-free""","1","0","1","""uniform""","""deterministic-normal""","0","0","1","""normal""","-0.5","0.9","false","""/home/ramaswamy.51/Documents/github/Spirals/Media/data/cluster/endsim/BehaviorSearch/Step6_Trial""","true","0","1","0","0","true","false","""319954739""","0.11302082640210749","0.11302082640210749","0.11302082640210749","0","0.11302082640210749"
"1","611","1008","1000","1","""HK""","0.01","false","""normal""","1","""constant""","0.1","""Scale-free""","1","0","1","""uniform""","""deterministic-normal""","0","0","1","""normal""","-0.5","0.9","false","""/home/ramaswamy.51/Documents/github/Spirals/Media/data/cluster/endsim/BehaviorSearch/Step6_Trial""","true","0","1","0","0","true","false","""-132584376""","0.11908652379932622","0.11908652379932622","0.11908652379932622","0","0.11908652379932622"
"1","612","1008","1000","1","""HK""","0.01","false","""normal""","1","""constant""","0.1","""Scale-free""","1","0","1","""uniform""","""deterministic-normal""","0","0","1","""normal""","-0.5","0.9","false","""/home/ramaswamy.51/Documents/github/Spirals/Media/data/cluster/endsim/BehaviorSearch/Step6_Trial""","true","0","1","0","0","true","false","""-1708103807""","0.11110632366405312","0.11110632366405312","0.11110632366405312","0","0.11110632366405312"
"1","613","1012","1000","1","""HK""","0.01","false","""normal""","1","""constant""","0.1","""Scale-free""","2","0","1","""uniform""","""deterministic-normal""","0","0","1","""normal""","-0.09999999999999998","0.8","false","""/home/ramaswamy.51/Documents/github/Spirals/Media/data/cluster/endsim/BehaviorSearch/Step6_Trial""","true","0","1","0","0","true","false","""-840289736""","0.11721481927132932","0.11721481927132932","0.11721481927132932","0","0.11721481927132932"
"1","614","1012","1000","1","""HK""","0.01","false","""normal""","1","""constant""","0.1","""Scale-free""","2","0","1","""uniform""","""deterministic-normal""","0","0","1","""normal""","-0.09999999999999998","0.8","false","""/home/ramaswamy.51/Documents/github/Spirals/Media/data/cluster/endsim/BehaviorSearch/Step6_Trial""","true","0","1","0","0","true","false","""-1807266733""","0.10021383583842843","0.10021383583842843","0.10021383583842843","0","0.10021383583842843"
"1","615","1012","1000","1","""HK""","0.01","false","""normal""","1","""constant""","0.1","""Scale-free""","2","0","1","""uniform""","""deterministic-normal""","0","0","1","""normal""","-0.09999999999999998","0.8","false","""/home/ramaswamy.51/Documents/github/Spirals/Media/data/cluster/endsim/BehaviorSearch/Step6_Trial""","true","0","1","0","0","true","false","""-498511908""","0.11051312922453714","0.11051312922453714","0.11051312922453714","0","0.11051312922453714"
"1","616","1012","1000","1","""HK""","0.01","false","""normal""","1","""constant""","0.1","""Scale-free""","2","0","1","""uniform""","""deterministic-normal""","0","0","1","""normal""","-0.09999999999999998","0.8","false","""/home/ramaswamy.51/Documents/github/Spirals/Media/data/cluster/endsim/BehaviorSearch/Step6_Trial""","true","0","1","0","0","true","false","""-1106961520""","0.12407429340598637","0.12407429340598637","0.12407429340598637","0","0.12407429340598637"
"1","617","1024","1000","1","""HK""","0.01","false","""normal""","1","""constant""","0.1","""Scale-free""","1","0","1","""uniform""","""deterministic-normal""","0","0","1","""normal""","-0.19999999999999996","0.9","false","""/home/ramaswamy.51/Documents/github/Spirals/Media/data/cluster/endsim/BehaviorSearch/Step6_Trial""","true","0","1","0","0","true","false","""1640746082""","0.10283266643431581","0.10283266643431581","0.10283266643431581","0","0.10283266643431581"
"1","618","1024","1000","1","""HK""","0.01","false","""normal""","1","""constant""","0.1","""Scale-free""","1","0","1","""uniform""","""deterministic-normal""","0","0","1","""normal""","-0.19999999999999996","0.9","false","""/home/ramaswamy.51/Documents/github/Spirals/Media/data/cluster/endsim/BehaviorSearch/Step6_Trial""","true","0","1","0","0","true","false","""-317468924""","0.09328039707734113","0.09328039707734113","0.09328039707734113","0","0.09328039707734113"
"1","619","1024","1000","1","""HK""","0.01","false","""normal""","1","""constant""","0.1","""Scale-free""","1","0","1","""uniform""","""deterministic-normal""","0","0","1","""normal""","-0.19999999999999996","0.9","false","""/home/ramaswamy.51/Documents/github/Spirals/Media/data/cluster/endsim/BehaviorSearch/Step6_Trial""","true","0","1","0","0","true","false","""-996231374""","0.07440548843094677","0.07440548843094677","0.07440548843094677","0","0.07440548843094677"
"1","620","1024","1000","1","""HK""","0.01","false","""normal""","1","""constant""","0.1","""Scale-free""","1","0","1","""uniform""","""deterministic-normal""","0","0","1","""normal""","-0.19999999999999996","0.9","false","""/home/ramaswamy.51/Documents/github/Spirals/Media/data/cluster/endsim/BehaviorSearch/Step6_Trial""","true","0","1","0","0","true","false","""1017057820""","0.07570536864005989","0.07570536864005989","0.07570536864005989","0","0.07570536864005989"
"1","621","1028","1000","1","""HK""","0.01","false","""normal""","1","""constant""","0","""Scale-free""","1","0","1","""uniform""","""deterministic-normal""","0","0","1","""normal""","-0.09999999999999998","0.9","false","""/home/ramaswamy.51/Documents/github/Spirals/Media/data/cluster/endsim/BehaviorSearch/Step6_Trial""","true","0","1","0","0","true","false","""566148862""","0.16576170275937144","0.16576170275937144","0.16576170275937144","0","0.16576170275937144"
"1","622","1028","1000","1","""HK""","0.01","false","""normal""","1","""constant""","0","""Scale-free""","1","0","1","""uniform""","""deterministic-normal""","0","0","1","""normal""","-0.09999999999999998","0.9","false","""/home/ramaswamy.51/Documents/github/Spirals/Media/data/cluster/endsim/BehaviorSearch/Step6_Trial""","true","0","1","0","0","true","false","""1294797443""","0.14013531354336467","0.14013531354336467","0.14013531354336467","0","0.14013531354336467"
"1","623","1028","1000","1","""HK""","0.01","false","""normal""","1","""constant""","0","""Scale-free""","1","0","1","""uniform""","""deterministic-normal""","0","0","1","""normal""","-0.09999999999999998","0.9","false","""/home/ramaswamy.51/Documents/github/Spirals/Media/data/cluster/endsim/BehaviorSearch/Step6_Trial""","true","0","1","0","0","true","false","""587346938""","0.15652219926520863","0.15652219926520863","0.15652219926520863","0","0.15652219926520863"
"1","624","1028","1000","1","""HK""","0.01","false","""normal""","1","""constant""","0","""Scale-free""","1","0","1","""uniform""","""deterministic-normal""","0","0","1","""normal""","-0.09999999999999998","0.9","false","""/home/ramaswamy.51/Documents/github/Spirals/Media/data/cluster/endsim/BehaviorSearch/Step6_Trial""","true","0","1","0","0","true","false","""198475448""","0.16555431987753183","0.16555431987753183","0.16555431987753183","0","0.16555431987753183"
"1","625","1040","1000","1","""HK""","0.060000000000000005","false","""normal""","1","""constant""","0.1","""Scale-free""","1","0","1","""uniform""","""deterministic-normal""","0","0","1","""normal""","-0.19999999999999996","0.9","false","""/home/ramaswamy.51/Documents/github/Spirals/Media/data/cluster/endsim/BehaviorSearch/Step6_Trial""","true","0","1","0","0","true","false","""742613320""","0.13147541977946123","0.13147541977946123","0.13147541977946123","0","0.13147541977946123"
"1","626","1040","1000","1","""HK""","0.060000000000000005","false","""normal""","1","""constant""","0.1","""Scale-free""","1","0","1","""uniform""","""deterministic-normal""","0","0","1","""normal""","-0.19999999999999996","0.9","false","""/home/ramaswamy.51/Documents/github/Spirals/Media/data/cluster/endsim/BehaviorSearch/Step6_Trial""","true","0","1","0","0","true","false","""-1667434030""","0.11152025737166711","0.11152025737166711","0.11152025737166711","0","0.11152025737166711"
"1","627","1040","1000","1","""HK""","0.060000000000000005","false","""normal""","1","""constant""","0.1","""Scale-free""","1","0","1","""uniform""","""deterministic-normal""","0","0","1","""normal""","-0.19999999999999996","0.9","false","""/home/ramaswamy.51/Documents/github/Spirals/Media/data/cluster/endsim/BehaviorSearch/Step6_Trial""","true","0","1","0","0","true","false","""-1605059347""","0.12120053139815916","0.12120053139815916","0.12120053139815916","0","0.12120053139815916"
"1","628","1040","1000","1","""HK""","0.060000000000000005","false","""normal""","1","""constant""","0.1","""Scale-free""","1","0","1","""uniform""","""deterministic-normal""","0","0","1","""normal""","-0.19999999999999996","0.9","false","""/home/ramaswamy.51/Documents/github/Spirals/Media/data/cluster/endsim/BehaviorSearch/Step6_Trial""","true","0","1","0","0","true","false","""-79539960""","0.14855969280812434","0.14855969280812434","0.14855969280812434","0","0.14855969280812434"
"1","629","1076","1000","1","""HK""","0.03","false","""normal""","1","""constant""","0","""Scale-free""","1","0","1","""uniform""","""deterministic-normal""","0","0","1","""normal""","0.20000000000000018","0.8","false","""/home/ramaswamy.51/Documents/github/Spirals/Media/data/cluster/endsim/BehaviorSearch/Step6_Trial""","true","0","1","0","0","true","false","""2126970578""","0.1605467051799487","0.1605467051799487","0.1605467051799487","0","0.1605467051799487"
"1","630","1076","1000","1","""HK""","0.03","false","""normal""","1","""constant""","0","""Scale-free""","1","0","1","""uniform""","""deterministic-normal""","0","0","1","""normal""","0.20000000000000018","0.8","false","""/home/ramaswamy.51/Documents/github/Spirals/Media/data/cluster/endsim/BehaviorSearch/Step6_Trial""","true","0","1","0","0","true","false","""-1925754908""","0.1663236539598385","0.1663236539598385","0.1663236539598385","0","0.1663236539598385"
"1","631","1076","1000","1","""HK""","0.03","false","""normal""","1","""constant""","0","""Scale-free""","1","0","1","""uniform""","""deterministic-normal""","0","0","1","""normal""","0.20000000000000018","0.8","false","""/home/ramaswamy.51/Documents/github/Spirals/Media/data/cluster/endsim/BehaviorSearch/Step6_Trial""","true","0","1","0","0","true","false","""-111856702""","0.15254360706189327","0.15254360706189327","0.15254360706189327","0","0.15254360706189327"
"1","632","1076","1000","1","""HK""","0.03","false","""normal""","1","""constant""","0","""Scale-free""","1","0","1","""uniform""","""deterministic-normal""","0","0","1","""normal""","0.20000000000000018","0.8","false","""/home/ramaswamy.51/Documents/github/Spirals/Media/data/cluster/endsim/BehaviorSearch/Step6_Trial""","true","0","1","0","0","true","false","""-520054209""","0.14709208794412496","0.14709208794412496","0.14709208794412496","0","0.14709208794412496"
"1","633","1096","1000","1","""HK""","0.01","false","""normal""","1","""constant""","0","""Scale-free""","1","0","1","""uniform""","""deterministic-normal""","0","0","1","""normal""","-0.09999999999999998","0.7000000000000001","false","""/home/ramaswamy.51/Documents/github/Spirals/Media/data/cluster/endsim/BehaviorSearch/Step6_Trial""","true","0","1","0","0","true","false","""-68433817""","0.12663266077273375","0.12663266077273375","0.12663266077273375","0","0.12663266077273375"
"1","634","1096","1000","1","""HK""","0.01","false","""normal""","1","""constant""","0","""Scale-free""","1","0","1","""uniform""","""deterministic-normal""","0","0","1","""normal""","-0.09999999999999998","0.7000000000000001","false","""/home/ramaswamy.51/Documents/github/Spirals/Media/data/cluster/endsim/BehaviorSearch/Step6_Trial""","true","0","1","0","0","true","false","""1089351973""","0.12364547204693098","0.12364547204693098","0.12364547204693098","0","0.12364547204693098"
"1","635","1096","1000","1","""HK""","0.01","false","""normal""","1","""constant""","0","""Scale-free""","1","0","1","""uniform""","""deterministic-normal""","0","0","1","""normal""","-0.09999999999999998","0.7000000000000001","false","""/home/ramaswamy.51/Documents/github/Spirals/Media/data/cluster/endsim/BehaviorSearch/Step6_Trial""","true","0","1","0","0","true","false","""-33669420""","0.14742588129489997","0.14742588129489997","0.14742588129489997","0","0.14742588129489997"
"1","636","1096","1000","1","""HK""","0.01","false","""normal""","1","""constant""","0","""Scale-free""","1","0","1","""uniform""","""deterministic-normal""","0","0","1","""normal""","-0.09999999999999998","0.7000000000000001","false","""/home/ramaswamy.51/Documents/github/Spirals/Media/data/cluster/endsim/BehaviorSearch/Step6_Trial""","true","0","1","0","0","true","false","""-377371068""","0.1336877424189087","0.1336877424189087","0.1336877424189087","0","0.1336877424189087"
"1","637","1100","1000","1","""HK""","0.03","false","""normal""","1","""constant""","0.1","""Scale-free""","1","0","1","""uniform""","""deterministic-normal""","0","0","1","""normal""","-0.09999999999999998","0.9","false","""/home/ramaswamy.51/Documents/github/Spirals/Media/data/cluster/endsim/BehaviorSearch/Step6_Trial""","true","0","1","0","0","true","false","""-733382220""","0.07113427384607916","0.07113427384607916","0.07113427384607916","0","0.07113427384607916"
"1","638","1100","1000","1","""HK""","0.03","false","""normal""","1","""constant""","0.1","""Scale-free""","1","0","1","""uniform""","""deterministic-normal""","0","0","1","""normal""","-0.09999999999999998","0.9","false","""/home/ramaswamy.51/Documents/github/Spirals/Media/data/cluster/endsim/BehaviorSearch/Step6_Trial""","true","0","1","0","0","true","false","""689177732""","0.11986454787126916","0.11986454787126916","0.11986454787126916","0","0.11986454787126916"
"1","639","1100","1000","1","""HK""","0.03","false","""normal""","1","""constant""","0.1","""Scale-free""","1","0","1","""uniform""","""deterministic-normal""","0","0","1","""normal""","-0.09999999999999998","0.9","false","""/home/ramaswamy.51/Documents/github/Spirals/Media/data/cluster/endsim/BehaviorSearch/Step6_Trial""","true","0","1","0","0","true","false","""941337193""","0.09888386758428558","0.09888386758428558","0.09888386758428558","0","0.09888386758428558"
"1","640","1100","1000","1","""HK""","0.03","false","""normal""","1","""constant""","0.1","""Scale-free""","1","0","1","""uniform""","""deterministic-normal""","0","0","1","""normal""","-0.09999999999999998","0.9","false","""/home/ramaswamy.51/Documents/github/Spirals/Media/data/cluster/endsim/BehaviorSearch/Step6_Trial""","true","0","1","0","0","true","false","""1036070166""","0.09776692473362293","0.09776692473362293","0.09776692473362293","0","0.09776692473362293"
"1","641","1104","1000","1","""HK""","0.01","false","""normal""","1","""constant""","0.2","""Scale-free""","1","0","1","""uniform""","""deterministic-normal""","0","0","1","""normal""","-0.09999999999999998","0.9","false","""/home/ramaswamy.51/Documents/github/Spirals/Media/data/cluster/endsim/BehaviorSearch/Step6_Trial""","true","0","1","0","0","true","false","""-441017642""","0.20965141556931308","0.20965141556931308","0.20965141556931308","0","0.20965141556931308"
"1","642","1104","1000","1","""HK""","0.01","false","""normal""","1","""constant""","0.2","""Scale-free""","1","0","1","""uniform""","""deterministic-normal""","0","0","1","""normal""","-0.09999999999999998","0.9","false","""/home/ramaswamy.51/Documents/github/Spirals/Media/data/cluster/endsim/BehaviorSearch/Step6_Trial""","true","0","1","0","0","true","false","""24327502""","0.22677373111898988","0.22677373111898988","0.22677373111898988","0","0.22677373111898988"
"1","643","1104","1000","1","""HK""","0.01","false","""normal""","1","""constant""","0.2","""Scale-free""","1","0","1","""uniform""","""deterministic-normal""","0","0","1","""normal""","-0.09999999999999998","0.9","false","""/home/ramaswamy.51/Documents/github/Spirals/Media/data/cluster/endsim/BehaviorSearch/Step6_Trial""","true","0","1","0","0","true","false","""-1890330137""","0.22100120633498715","0.22100120633498715","0.22100120633498715","0","0.22100120633498715"
"1","644","1104","1000","1","""HK""","0.01","false","""normal""","1","""constant""","0.2","""Scale-free""","1","0","1","""uniform""","""deterministic-normal""","0","0","1","""normal""","-0.09999999999999998","0.9","false","""/home/ramaswamy.51/Documents/github/Spirals/Media/data/cluster/endsim/BehaviorSearch/Step6_Trial""","true","0","1","0","0","true","false","""565484815""","0.19744360290365315","0.19744360290365315","0.19744360290365315","0","0.19744360290365315"
"1","645","1168","1000","1","""HK""","0.01","false","""normal""","1","""constant""","0","""Scale-free""","1","0","1","""uniform""","""deterministic-normal""","0","0","1","""normal""","0","0.9","false","""/home/ramaswamy.51/Documents/github/Spirals/Media/data/cluster/endsim/BehaviorSearch/Step6_Trial""","true","0","1","0","0","true","false","""619781529""","0.15496271545370255","0.15496271545370255","0.15496271545370255","0","0.15496271545370255"
"1","646","1168","1000","1","""HK""","0.01","false","""normal""","1","""constant""","0","""Scale-free""","1","0","1","""uniform""","""deterministic-normal""","0","0","1","""normal""","0","0.9","false","""/home/ramaswamy.51/Documents/github/Spirals/Media/data/cluster/endsim/BehaviorSearch/Step6_Trial""","true","0","1","0","0","true","false","""330508015""","0.14006290333093585","0.14006290333093585","0.14006290333093585","0","0.14006290333093585"
"1","647","1168","1000","1","""HK""","0.01","false","""normal""","1","""constant""","0","""Scale-free""","1","0","1","""uniform""","""deterministic-normal""","0","0","1","""normal""","0","0.9","false","""/home/ramaswamy.51/Documents/github/Spirals/Media/data/cluster/endsim/BehaviorSearch/Step6_Trial""","true","0","1","0","0","true","false","""-397928774""","0.15120476975863972","0.15120476975863972","0.15120476975863972","0","0.15120476975863972"
"1","648","1168","1000","1","""HK""","0.01","false","""normal""","1","""constant""","0","""Scale-free""","1","0","1","""uniform""","""deterministic-normal""","0","0","1","""normal""","0","0.9","false","""/home/ramaswamy.51/Documents/github/Spirals/Media/data/cluster/endsim/BehaviorSearch/Step6_Trial""","true","0","1","0","0","true","false","""-633580505""","0.1741020451604445","0.1741020451604445","0.1741020451604445","0","0.1741020451604445"
"1","649","1172","1000","1","""HK""","0.01","false","""normal""","1","""constant""","0.1","""Scale-free""","2","0","1","""uniform""","""deterministic-normal""","0","0","1","""normal""","-0.09999999999999998","0.9","false","""/home/ramaswamy.51/Documents/github/Spirals/Media/data/cluster/endsim/BehaviorSearch/Step6_Trial""","true","0","1","0","0","true","false","""2068801894""","0.11574798117846156","0.11574798117846156","0.11574798117846156","0","0.11574798117846156"
"1","650","1172","1000","1","""HK""","0.01","false","""normal""","1","""constant""","0.1","""Scale-free""","2","0","1","""uniform""","""deterministic-normal""","0","0","1","""normal""","-0.09999999999999998","0.9","false","""/home/ramaswamy.51/Documents/github/Spirals/Media/data/cluster/endsim/BehaviorSearch/Step6_Trial""","true","0","1","0","0","true","false","""870528378""","0.0965373785263508","0.0965373785263508","0.0965373785263508","0","0.0965373785263508"
"1","651","1172","1000","1","""HK""","0.01","false","""normal""","1","""constant""","0.1","""Scale-free""","2","0","1","""uniform""","""deterministic-normal""","0","0","1","""normal""","-0.09999999999999998","0.9","false","""/home/ramaswamy.51/Documents/github/Spirals/Media/data/cluster/endsim/BehaviorSearch/Step6_Trial""","true","0","1","0","0","true","false","""-1619867714""","0.10635054122569063","0.10635054122569063","0.10635054122569063","0","0.10635054122569063"
"1","652","1172","1000","1","""HK""","0.01","false","""normal""","1","""constant""","0.1","""Scale-free""","2","0","1","""uniform""","""deterministic-normal""","0","0","1","""normal""","-0.09999999999999998","0.9","false","""/home/ramaswamy.51/Documents/github/Spirals/Media/data/cluster/endsim/BehaviorSearch/Step6_Trial""","true","0","1","0","0","true","false","""-448660186""","0.11800874813076308","0.11800874813076308","0.11800874813076308","0","0.11800874813076308"
"1","653","1176","1000","1","""HK""","0.060000000000000005","false","""normal""","1","""constant""","0.1","""Scale-free""","1","0","1","""uniform""","""deterministic-normal""","0","0","1","""normal""","0","1","false","""/home/ramaswamy.51/Documents/github/Spirals/Media/data/cluster/endsim/BehaviorSearch/Step6_Trial""","true","0","1","0","0","true","false","""769715388""","0.12943126964108065","0.12943126964108065","0.12943126964108065","0","0.12943126964108065"
"1","654","1176","1000","1","""HK""","0.060000000000000005","false","""normal""","1","""constant""","0.1","""Scale-free""","1","0","1","""uniform""","""deterministic-normal""","0","0","1","""normal""","0","1","false","""/home/ramaswamy.51/Documents/github/Spirals/Media/data/cluster/endsim/BehaviorSearch/Step6_Trial""","true","0","1","0","0","true","false","""-788892089""","0.12380710140540671","0.12380710140540671","0.12380710140540671","0","0.12380710140540671"
"1","655","1176","1000","1","""HK""","0.060000000000000005","false","""normal""","1","""constant""","0.1","""Scale-free""","1","0","1","""uniform""","""deterministic-normal""","0","0","1","""normal""","0","1","false","""/home/ramaswamy.51/Documents/github/Spirals/Media/data/cluster/endsim/BehaviorSearch/Step6_Trial""","true","0","1","0","0","true","false","""-1018579874""","0.14211942663298358","0.14211942663298358","0.14211942663298358","0","0.14211942663298358"
"1","656","1176","1000","1","""HK""","0.060000000000000005","false","""normal""","1","""constant""","0.1","""Scale-free""","1","0","1","""uniform""","""deterministic-normal""","0","0","1","""normal""","0","1","false","""/home/ramaswamy.51/Documents/github/Spirals/Media/data/cluster/endsim/BehaviorSearch/Step6_Trial""","true","0","1","0","0","true","false","""299918471""","0.1297125399360688","0.1297125399360688","0.1297125399360688","0","0.1297125399360688"
"1","657","1200","1000","1","""HK""","0.01","false","""normal""","1","""constant""","0.1","""Scale-free""","2","0","1","""uniform""","""deterministic-normal""","0","0","1","""normal""","0","0.9","false","""/home/ramaswamy.51/Documents/github/Spirals/Media/data/cluster/endsim/BehaviorSearch/Step6_Trial""","true","0","1","0","0","true","false","""-1952944623""","0.08614200944212733","0.08614200944212733","0.08614200944212733","0","0.08614200944212733"
"1","658","1200","1000","1","""HK""","0.01","false","""normal""","1","""constant""","0.1","""Scale-free""","2","0","1","""uniform""","""deterministic-normal""","0","0","1","""normal""","0","0.9","false","""/home/ramaswamy.51/Documents/github/Spirals/Media/data/cluster/endsim/BehaviorSearch/Step6_Trial""","true","0","1","0","0","true","false","""-626073293""","0.11549985059019444","0.11549985059019444","0.11549985059019444","0","0.11549985059019444"
"1","659","1200","1000","1","""HK""","0.01","false","""normal""","1","""constant""","0.1","""Scale-free""","2","0","1","""uniform""","""deterministic-normal""","0","0","1","""normal""","0","0.9","false","""/home/ramaswamy.51/Documents/github/Spirals/Media/data/cluster/endsim/BehaviorSearch/Step6_Trial""","true","0","1","0","0","true","false","""-1180067216""","0.08234939545023996","0.08234939545023996","0.08234939545023996","0","0.08234939545023996"
"1","660","1200","1000","1","""HK""","0.01","false","""normal""","1","""constant""","0.1","""Scale-free""","2","0","1","""uniform""","""deterministic-normal""","0","0","1","""normal""","0","0.9","false","""/home/ramaswamy.51/Documents/github/Spirals/Media/data/cluster/endsim/BehaviorSearch/Step6_Trial""","true","0","1","0","0","true","false","""-69448545""","0.1208903171285262","0.1208903171285262","0.1208903171285262","0","0.1208903171285262"
"1","661","1208","1000","1","""HK""","0.01","false","""normal""","1","""constant""","0.1","""Scale-free""","1","0","1","""uniform""","""deterministic-normal""","0","0","1","""normal""","0","1","false","""/home/ramaswamy.51/Documents/github/Spirals/Media/data/cluster/endsim/BehaviorSearch/Step6_Trial""","true","0","1","0","0","true","false","""-1824848341""","0.09139003071688956","0.09139003071688956","0.09139003071688956","0","0.09139003071688956"
"1","662","1208","1000","1","""HK""","0.01","false","""normal""","1","""constant""","0.1","""Scale-free""","1","0","1","""uniform""","""deterministic-normal""","0","0","1","""normal""","0","1","false","""/home/ramaswamy.51/Documents/github/Spirals/Media/data/cluster/endsim/BehaviorSearch/Step6_Trial""","true","0","1","0","0","true","false","""-623130108""","0.09926877019762458","0.09926877019762458","0.09926877019762458","0","0.09926877019762458"
"1","663","1208","1000","1","""HK""","0.01","false","""normal""","1","""constant""","0.1","""Scale-free""","1","0","1","""uniform""","""deterministic-normal""","0","0","1","""normal""","0","1","false","""/home/ramaswamy.51/Documents/github/Spirals/Media/data/cluster/endsim/BehaviorSearch/Step6_Trial""","true","0","1","0","0","true","false","""-955705146""","0.09016656047903007","0.09016656047903007","0.09016656047903007","0","0.09016656047903007"
"1","664","1208","1000","1","""HK""","0.01","false","""normal""","1","""constant""","0.1","""Scale-free""","1","0","1","""uniform""","""deterministic-normal""","0","0","1","""normal""","0","1","false","""/home/ramaswamy.51/Documents/github/Spirals/Media/data/cluster/endsim/BehaviorSearch/Step6_Trial""","true","0","1","0","0","true","false","""907330381""","0.08319985339747094","0.08319985339747094","0.08319985339747094","0","0.08319985339747094"
"1","665","1212","1000","1","""HK""","0.01","false","""normal""","1","""constant""","0","""Scale-free""","1","0","1","""uniform""","""deterministic-normal""","0","0","1","""normal""","-0.29999999999999993","0.8","false","""/home/ramaswamy.51/Documents/github/Spirals/Media/data/cluster/endsim/BehaviorSearch/Step6_Trial""","true","0","1","0","0","true","false","""-832378005""","0.18152647989351606","0.18152647989351606","0.18152647989351606","0","0.18152647989351606"
"1","666","1212","1000","1","""HK""","0.01","false","""normal""","1","""constant""","0","""Scale-free""","1","0","1","""uniform""","""deterministic-normal""","0","0","1","""normal""","-0.29999999999999993","0.8","false","""/home/ramaswamy.51/Documents/github/Spirals/Media/data/cluster/endsim/BehaviorSearch/Step6_Trial""","true","0","1","0","0","true","false","""1856079239""","0.1772241237651985","0.1772241237651985","0.1772241237651985","0","0.1772241237651985"
"1","667","1212","1000","1","""HK""","0.01","false","""normal""","1","""constant""","0","""Scale-free""","1","0","1","""uniform""","""deterministic-normal""","0","0","1","""normal""","-0.29999999999999993","0.8","false","""/home/ramaswamy.51/Documents/github/Spirals/Media/data/cluster/endsim/BehaviorSearch/Step6_Trial""","true","0","1","0","0","true","false","""1909870682""","0.16052797125213186","0.16052797125213186","0.16052797125213186","0","0.16052797125213186"
"1","668","1212","1000","1","""HK""","0.01","false","""normal""","1","""constant""","0","""Scale-free""","1","0","1","""uniform""","""deterministic-normal""","0","0","1","""normal""","-0.29999999999999993","0.8","false","""/home/ramaswamy.51/Documents/github/Spirals/Media/data/cluster/endsim/BehaviorSearch/Step6_Trial""","true","0","1","0","0","true","false","""-380270430""","0.15364631667644937","0.15364631667644937","0.15364631667644937","0","0.15364631667644937"
"1","669","1244","1000","1","""HK""","0.01","false","""normal""","1","""constant""","0","""Scale-free""","1","0","1","""uniform""","""deterministic-normal""","0","0","1","""normal""","-0.19999999999999996","0.9","false","""/home/ramaswamy.51/Documents/github/Spirals/Media/data/cluster/endsim/BehaviorSearch/Step6_Trial""","true","0","1","0","0","true","false","""2092603394""","0.16614288842977928","0.16614288842977928","0.16614288842977928","0","0.16614288842977928"
"1","670","1244","1000","1","""HK""","0.01","false","""normal""","1","""constant""","0","""Scale-free""","1","0","1","""uniform""","""deterministic-normal""","0","0","1","""normal""","-0.19999999999999996","0.9","false","""/home/ramaswamy.51/Documents/github/Spirals/Media/data/cluster/endsim/BehaviorSearch/Step6_Trial""","true","0","1","0","0","true","false","""-1889457978""","0.1658758318426935","0.1658758318426935","0.1658758318426935","0","0.1658758318426935"
"1","671","1244","1000","1","""HK""","0.01","false","""normal""","1","""constant""","0","""Scale-free""","1","0","1","""uniform""","""deterministic-normal""","0","0","1","""normal""","-0.19999999999999996","0.9","false","""/home/ramaswamy.51/Documents/github/Spirals/Media/data/cluster/endsim/BehaviorSearch/Step6_Trial""","true","0","1","0","0","true","false","""1271002492""","0.15551267595723778","0.15551267595723778","0.15551267595723778","0","0.15551267595723778"
"1","672","1244","1000","1","""HK""","0.01","false","""normal""","1","""constant""","0","""Scale-free""","1","0","1","""uniform""","""deterministic-normal""","0","0","1","""normal""","-0.19999999999999996","0.9","false","""/home/ramaswamy.51/Documents/github/Spirals/Media/data/cluster/endsim/BehaviorSearch/Step6_Trial""","true","0","1","0","0","true","false","""-1977915748""","0.18738615074033416","0.18738615074033416","0.18738615074033416","0","0.18738615074033416"
"1","673","1264","1000","1","""HK""","0.01","false","""normal""","1","""constant""","0.2","""Scale-free""","1","0","1","""uniform""","""deterministic-normal""","0","0","1","""normal""","0.10000000000000009","0.9","false","""/home/ramaswamy.51/Documents/github/Spirals/Media/data/cluster/endsim/BehaviorSearch/Step6_Trial""","true","0","1","0","0","true","false","""887920772""","0.21533850901600646","0.21533850901600646","0.21533850901600646","0","0.21533850901600646"
"1","674","1264","1000","1","""HK""","0.01","false","""normal""","1","""constant""","0.2","""Scale-free""","1","0","1","""uniform""","""deterministic-normal""","0","0","1","""normal""","0.10000000000000009","0.9","false","""/home/ramaswamy.51/Documents/github/Spirals/Media/data/cluster/endsim/BehaviorSearch/Step6_Trial""","true","0","1","0","0","true","false","""-1616880216""","0.19246007563507142","0.19246007563507142","0.19246007563507142","0","0.19246007563507142"
"1","675","1264","1000","1","""HK""","0.01","false","""normal""","1","""constant""","0.2","""Scale-free""","1","0","1","""uniform""","""deterministic-normal""","0","0","1","""normal""","0.10000000000000009","0.9","false","""/home/ramaswamy.51/Documents/github/Spirals/Media/data/cluster/endsim/BehaviorSearch/Step6_Trial""","true","0","1","0","0","true","false","""-1031916245""","0.21576604257192386","0.21576604257192386","0.21576604257192386","0","0.21576604257192386"
"1","676","1264","1000","1","""HK""","0.01","false","""normal""","1","""constant""","0.2","""Scale-free""","1","0","1","""uniform""","""deterministic-normal""","0","0","1","""normal""","0.10000000000000009","0.9","false","""/home/ramaswamy.51/Documents/github/Spirals/Media/data/cluster/endsim/BehaviorSearch/Step6_Trial""","true","0","1","0","0","true","false","""736469820""","0.2167967221423539","0.2167967221423539","0.2167967221423539","0","0.2167967221423539"
"1","677","1304","1000","1","""HK""","0.01","false","""normal""","1","""constant""","0.1","""Scale-free""","1","0","1","""uniform""","""deterministic-normal""","0","0","1","""normal""","0.10000000000000009","0.9","false","""/home/ramaswamy.51/Documents/github/Spirals/Media/data/cluster/endsim/BehaviorSearch/Step6_Trial""","true","0","1","0","0","true","false","""-482572047""","0.09456127324777697","0.09456127324777697","0.09456127324777697","0","0.09456127324777697"
"1","678","1304","1000","1","""HK""","0.01","false","""normal""","1","""constant""","0.1","""Scale-free""","1","0","1","""uniform""","""deterministic-normal""","0","0","1","""normal""","0.10000000000000009","0.9","false","""/home/ramaswamy.51/Documents/github/Spirals/Media/data/cluster/endsim/BehaviorSearch/Step6_Trial""","true","0","1","0","0","true","false","""-589866181""","0.07889651748448955","0.07889651748448955","0.07889651748448955","0","0.07889651748448955"
"1","679","1304","1000","1","""HK""","0.01","false","""normal""","1","""constant""","0.1","""Scale-free""","1","0","1","""uniform""","""deterministic-normal""","0","0","1","""normal""","0.10000000000000009","0.9","false","""/home/ramaswamy.51/Documents/github/Spirals/Media/data/cluster/endsim/BehaviorSearch/Step6_Trial""","true","0","1","0","0","true","false","""-735837229""","0.11918002709017222","0.11918002709017222","0.11918002709017222","0","0.11918002709017222"
"1","680","1304","1000","1","""HK""","0.01","false","""normal""","1","""constant""","0.1","""Scale-free""","1","0","1","""uniform""","""deterministic-normal""","0","0","1","""normal""","0.10000000000000009","0.9","false","""/home/ramaswamy.51/Documents/github/Spirals/Media/data/cluster/endsim/BehaviorSearch/Step6_Trial""","true","0","1","0","0","true","false","""-1029207943""","0.10174730917120513","0.10174730917120513","0.10174730917120513","0","0.10174730917120513"
"1","681","1320","1000","1","""HK""","0.01","false","""normal""","1","""constant""","0","""Scale-free""","1","0","1","""uniform""","""deterministic-normal""","0","0","1","""normal""","-0.3999999999999999","0.9","false","""/home/ramaswamy.51/Documents/github/Spirals/Media/data/cluster/endsim/BehaviorSearch/Step6_Trial""","true","0","1","0","0","true","false","""-121011075""","0.1617745419799754","0.1617745419799754","0.1617745419799754","0","0.1617745419799754"
"1","682","1320","1000","1","""HK""","0.01","false","""normal""","1","""constant""","0","""Scale-free""","1","0","1","""uniform""","""deterministic-normal""","0","0","1","""normal""","-0.3999999999999999","0.9","false","""/home/ramaswamy.51/Documents/github/Spirals/Media/data/cluster/endsim/BehaviorSearch/Step6_Trial""","true","0","1","0","0","true","false","""238730981""","0.18039126467188785","0.18039126467188785","0.18039126467188785","0","0.18039126467188785"
"1","683","1320","1000","1","""HK""","0.01","false","""normal""","1","""constant""","0","""Scale-free""","1","0","1","""uniform""","""deterministic-normal""","0","0","1","""normal""","-0.3999999999999999","0.9","false","""/home/ramaswamy.51/Documents/github/Spirals/Media/data/cluster/endsim/BehaviorSearch/Step6_Trial""","true","0","1","0","0","true","false","""482522142""","0.1579121433096226","0.1579121433096226","0.1579121433096226","0","0.1579121433096226"
"1","684","1320","1000","1","""HK""","0.01","false","""normal""","1","""constant""","0","""Scale-free""","1","0","1","""uniform""","""deterministic-normal""","0","0","1","""normal""","-0.3999999999999999","0.9","false","""/home/ramaswamy.51/Documents/github/Spirals/Media/data/cluster/endsim/BehaviorSearch/Step6_Trial""","true","0","1","0","0","true","false","""-1052103330""","0.18575450410258965","0.18575450410258965","0.18575450410258965","0","0.18575450410258965"
"1","685","1344","1000","1","""HK""","0.01","false","""normal""","1","""constant""","0.1","""Scale-free""","1","0","1","""uniform""","""deterministic-normal""","0","0","1","""normal""","-0.29999999999999993","0.7000000000000001","false","""/home/ramaswamy.51/Documents/github/Spirals/Media/data/cluster/endsim/BehaviorSearch/Step6_Trial""","true","0","1","0","0","true","false","""-1812645725""","0.12068945377794638","0.12068945377794638","0.12068945377794638","0","0.12068945377794638"
"1","686","1344","1000","1","""HK""","0.01","false","""normal""","1","""constant""","0.1","""Scale-free""","1","0","1","""uniform""","""deterministic-normal""","0","0","1","""normal""","-0.29999999999999993","0.7000000000000001","false","""/home/ramaswamy.51/Documents/github/Spirals/Media/data/cluster/endsim/BehaviorSearch/Step6_Trial""","true","0","1","0","0","true","false","""1389736168""","0.11939569974922044","0.11939569974922044","0.11939569974922044","0","0.11939569974922044"
"1","687","1344","1000","1","""HK""","0.01","false","""normal""","1","""constant""","0.1","""Scale-free""","1","0","1","""uniform""","""deterministic-normal""","0","0","1","""normal""","-0.29999999999999993","0.7000000000000001","false","""/home/ramaswamy.51/Documents/github/Spirals/Media/data/cluster/endsim/BehaviorSearch/Step6_Trial""","true","0","1","0","0","true","false","""-322799419""","0.12001507687193544","0.12001507687193544","0.12001507687193544","0","0.12001507687193544"
"1","688","1344","1000","1","""HK""","0.01","false","""normal""","1","""constant""","0.1","""Scale-free""","1","0","1","""uniform""","""deterministic-normal""","0","0","1","""normal""","-0.29999999999999993","0.7000000000000001","false","""/home/ramaswamy.51/Documents/github/Spirals/Media/data/cluster/endsim/BehaviorSearch/Step6_Trial""","true","0","1","0","0","true","false","""506715953""","0.12489002430555388","0.12489002430555388","0.12489002430555388","0","0.12489002430555388"
"1","689","1348","1000","1","""HK""","0.01","false","""normal""","1","""constant""","0.2","""Scale-free""","1","0","1","""uniform""","""deterministic-normal""","0","0","1","""normal""","0","0.9","false","""/home/ramaswamy.51/Documents/github/Spirals/Media/data/cluster/endsim/BehaviorSearch/Step6_Trial""","true","0","1","0","0","true","false","""1400074327""","0.20506457436656098","0.20506457436656098","0.20506457436656098","0","0.20506457436656098"
"1","690","1348","1000","1","""HK""","0.01","false","""normal""","1","""constant""","0.2","""Scale-free""","1","0","1","""uniform""","""deterministic-normal""","0","0","1","""normal""","0","0.9","false","""/home/ramaswamy.51/Documents/github/Spirals/Media/data/cluster/endsim/BehaviorSearch/Step6_Trial""","true","0","1","0","0","true","false","""953307177""","0.20507901525169242","0.20507901525169242","0.20507901525169242","0","0.20507901525169242"
"1","691","1348","1000","1","""HK""","0.01","false","""normal""","1","""constant""","0.2","""Scale-free""","1","0","1","""uniform""","""deterministic-normal""","0","0","1","""normal""","0","0.9","false","""/home/ramaswamy.51/Documents/github/Spirals/Media/data/cluster/endsim/BehaviorSearch/Step6_Trial""","true","0","1","0","0","true","false","""-1900964683""","0.21940448904770815","0.21940448904770815","0.21940448904770815","0","0.21940448904770815"
"1","692","1348","1000","1","""HK""","0.01","false","""normal""","1","""constant""","0.2","""Scale-free""","1","0","1","""uniform""","""deterministic-normal""","0","0","1","""normal""","0","0.9","false","""/home/ramaswamy.51/Documents/github/Spirals/Media/data/cluster/endsim/BehaviorSearch/Step6_Trial""","true","0","1","0","0","true","false","""142108656""","0.2100382919266238","0.2100382919266238","0.2100382919266238","0","0.2100382919266238"
"1","693","1356","1000","1","""HK""","0.02","false","""normal""","1","""constant""","0.1","""Scale-free""","1","0","1","""uniform""","""deterministic-normal""","0","0","1","""normal""","-0.09999999999999998","1","false","""/home/ramaswamy.51/Documents/github/Spirals/Media/data/cluster/endsim/BehaviorSearch/Step6_Trial""","true","0","1","0","0","true","false","""-1088453902""","0.09458523224974323","0.09458523224974323","0.09458523224974323","0","0.09458523224974323"
"1","694","1356","1000","1","""HK""","0.02","false","""normal""","1","""constant""","0.1","""Scale-free""","1","0","1","""uniform""","""deterministic-normal""","0","0","1","""normal""","-0.09999999999999998","1","false","""/home/ramaswamy.51/Documents/github/Spirals/Media/data/cluster/endsim/BehaviorSearch/Step6_Trial""","true","0","1","0","0","true","false","""-1955392183""","0.09431962104059828","0.09431962104059828","0.09431962104059828","0","0.09431962104059828"
"1","695","1356","1000","1","""HK""","0.02","false","""normal""","1","""constant""","0.1","""Scale-free""","1","0","1","""uniform""","""deterministic-normal""","0","0","1","""normal""","-0.09999999999999998","1","false","""/home/ramaswamy.51/Documents/github/Spirals/Media/data/cluster/endsim/BehaviorSearch/Step6_Trial""","true","0","1","0","0","true","false","""-1258265957""","0.07861250200136281","0.07861250200136281","0.07861250200136281","0","0.07861250200136281"
"1","696","1356","1000","1","""HK""","0.02","false","""normal""","1","""constant""","0.1","""Scale-free""","1","0","1","""uniform""","""deterministic-normal""","0","0","1","""normal""","-0.09999999999999998","1","false","""/home/ramaswamy.51/Documents/github/Spirals/Media/data/cluster/endsim/BehaviorSearch/Step6_Trial""","true","0","1","0","0","true","false","""-1276446039""","0.08841729630483004","0.08841729630483004","0.08841729630483004","0","0.08841729630483004"
"1","697","1372","1000","1","""HK""","0.01","false","""normal""","1","""constant""","0","""Scale-free""","1","0","1","""uniform""","""deterministic-normal""","0","0","1","""normal""","-0.09999999999999998","1","false","""/home/ramaswamy.51/Documents/github/Spirals/Media/data/cluster/endsim/BehaviorSearch/Step6_Trial""","true","0","1","0","0","true","false","""-1241869758""","0.15911282456029935","0.15911282456029935","0.15911282456029935","0","0.15911282456029935"
"1","698","1372","1000","1","""HK""","0.01","false","""normal""","1","""constant""","0","""Scale-free""","1","0","1","""uniform""","""deterministic-normal""","0","0","1","""normal""","-0.09999999999999998","1","false","""/home/ramaswamy.51/Documents/github/Spirals/Media/data/cluster/endsim/BehaviorSearch/Step6_Trial""","true","0","1","0","0","true","false","""1973101098""","0.15759059559100938","0.15759059559100938","0.15759059559100938","0","0.15759059559100938"
"1","699","1372","1000","1","""HK""","0.01","false","""normal""","1","""constant""","0","""Scale-free""","1","0","1","""uniform""","""deterministic-normal""","0","0","1","""normal""","-0.09999999999999998","1","false","""/home/ramaswamy.51/Documents/github/Spirals/Media/data/cluster/endsim/BehaviorSearch/Step6_Trial""","true","0","1","0","0","true","false","""-958267980""","0.1628197344751299","0.1628197344751299","0.1628197344751299","0","0.1628197344751299"
"1","700","1372","1000","1","""HK""","0.01","false","""normal""","1","""constant""","0","""Scale-free""","1","0","1","""uniform""","""deterministic-normal""","0","0","1","""normal""","-0.09999999999999998","1","false","""/home/ramaswamy.51/Documents/github/Spirals/Media/data/cluster/endsim/BehaviorSearch/Step6_Trial""","true","0","1","0","0","true","false","""-472316977""","0.1717349694250223","0.1717349694250223","0.1717349694250223","0","0.1717349694250223"
"1","701","1396","1000","1","""HK""","0.01","false","""normal""","1","""constant""","0.1","""Scale-free""","1","0","1","""uniform""","""deterministic-normal""","0","0","1","""normal""","0.30000000000000004","0.9","false","""/home/ramaswamy.51/Documents/github/Spirals/Media/data/cluster/endsim/BehaviorSearch/Step6_Trial""","true","0","1","0","0","true","false","""601483569""","0.10694938321557838","0.10694938321557838","0.10694938321557838","0","0.10694938321557838"
"1","702","1396","1000","1","""HK""","0.01","false","""normal""","1","""constant""","0.1","""Scale-free""","1","0","1","""uniform""","""deterministic-normal""","0","0","1","""normal""","0.30000000000000004","0.9","false","""/home/ramaswamy.51/Documents/github/Spirals/Media/data/cluster/endsim/BehaviorSearch/Step6_Trial""","true","0","1","0","0","true","false","""-1874515142""","0.13089515070099006","0.13089515070099006","0.13089515070099006","0","0.13089515070099006"
"1","703","1396","1000","1","""HK""","0.01","false","""normal""","1","""constant""","0.1","""Scale-free""","1","0","1","""uniform""","""deterministic-normal""","0","0","1","""normal""","0.30000000000000004","0.9","false","""/home/ramaswamy.51/Documents/github/Spirals/Media/data/cluster/endsim/BehaviorSearch/Step6_Trial""","true","0","1","0","0","true","false","""-1487017590""","0.11023280536642191","0.11023280536642191","0.11023280536642191","0","0.11023280536642191"
"1","704","1396","1000","1","""HK""","0.01","false","""normal""","1","""constant""","0.1","""Scale-free""","1","0","1","""uniform""","""deterministic-normal""","0","0","1","""normal""","0.30000000000000004","0.9","false","""/home/ramaswamy.51/Documents/github/Spirals/Media/data/cluster/endsim/BehaviorSearch/Step6_Trial""","true","0","1","0","0","true","false","""1400053739""","0.10085887468449585","0.10085887468449585","0.10085887468449585","0","0.10085887468449585"
"1","705","1428","1000","1","""HK""","0.01","false","""normal""","1","""constant""","0.1","""Scale-free""","1","0","1","""uniform""","""deterministic-normal""","0","0","1","""normal""","0","0.7000000000000001","false","""/home/ramaswamy.51/Documents/github/Spirals/Media/data/cluster/endsim/BehaviorSearch/Step6_Trial""","true","0","1","0","0","true","false","""-851239787""","0.09002795615112466","0.09002795615112466","0.09002795615112466","0","0.09002795615112466"
"1","706","1428","1000","1","""HK""","0.01","false","""normal""","1","""constant""","0.1","""Scale-free""","1","0","1","""uniform""","""deterministic-normal""","0","0","1","""normal""","0","0.7000000000000001","false","""/home/ramaswamy.51/Documents/github/Spirals/Media/data/cluster/endsim/BehaviorSearch/Step6_Trial""","true","0","1","0","0","true","false","""854664058""","0.08330098114836315","0.08330098114836315","0.08330098114836315","0","0.08330098114836315"
"1","707","1428","1000","1","""HK""","0.01","false","""normal""","1","""constant""","0.1","""Scale-free""","1","0","1","""uniform""","""deterministic-normal""","0","0","1","""normal""","0","0.7000000000000001","false","""/home/ramaswamy.51/Documents/github/Spirals/Media/data/cluster/endsim/BehaviorSearch/Step6_Trial""","true","0","1","0","0","true","false","""1460932189""","0.1124356230239761","0.1124356230239761","0.1124356230239761","0","0.1124356230239761"
"1","708","1428","1000","1","""HK""","0.01","false","""normal""","1","""constant""","0.1","""Scale-free""","1","0","1","""uniform""","""deterministic-normal""","0","0","1","""normal""","0","0.7000000000000001","false","""/home/ramaswamy.51/Documents/github/Spirals/Media/data/cluster/endsim/BehaviorSearch/Step6_Trial""","true","0","1","0","0","true","false","""448330985""","0.10561134419704295","0.10561134419704295","0.10561134419704295","0","0.10561134419704295"
"1","709","1444","1000","1","""HK""","0.01","false","""normal""","1","""constant""","0.2","""Scale-free""","1","0","1","""uniform""","""deterministic-normal""","0","0","1","""normal""","-0.09999999999999998","1","false","""/home/ramaswamy.51/Documents/github/Spirals/Media/data/cluster/endsim/BehaviorSearch/Step6_Trial""","true","0","1","0","0","true","false","""1604288721""","0.23405441686058634","0.23405441686058634","0.23405441686058634","0","0.23405441686058634"
"1","710","1444","1000","1","""HK""","0.01","false","""normal""","1","""constant""","0.2","""Scale-free""","1","0","1","""uniform""","""deterministic-normal""","0","0","1","""normal""","-0.09999999999999998","1","false","""/home/ramaswamy.51/Documents/github/Spirals/Media/data/cluster/endsim/BehaviorSearch/Step6_Trial""","true","0","1","0","0","true","false","""1469388301""","0.1850608455339179","0.1850608455339179","0.1850608455339179","0","0.1850608455339179"
"1","711","1444","1000","1","""HK""","0.01","false","""normal""","1","""constant""","0.2","""Scale-free""","1","0","1","""uniform""","""deterministic-normal""","0","0","1","""normal""","-0.09999999999999998","1","false","""/home/ramaswamy.51/Documents/github/Spirals/Media/data/cluster/endsim/BehaviorSearch/Step6_Trial""","true","0","1","0","0","true","false","""-806263989""","0.22620266716064755","0.22620266716064755","0.22620266716064755","0","0.22620266716064755"
"1","712","1444","1000","1","""HK""","0.01","false","""normal""","1","""constant""","0.2","""Scale-free""","1","0","1","""uniform""","""deterministic-normal""","0","0","1","""normal""","-0.09999999999999998","1","false","""/home/ramaswamy.51/Documents/github/Spirals/Media/data/cluster/endsim/BehaviorSearch/Step6_Trial""","true","0","1","0","0","true","false","""-2123402453""","0.1858412474185761","0.1858412474185761","0.1858412474185761","0","0.1858412474185761"
"1","713","1452","1000","1","""HK""","0.05","false","""normal""","1","""constant""","0.1","""Scale-free""","1","0","1","""uniform""","""deterministic-normal""","0","0","1","""normal""","-0.09999999999999998","0.9","false","""/home/ramaswamy.51/Documents/github/Spirals/Media/data/cluster/endsim/BehaviorSearch/Step6_Trial""","true","0","1","0","0","true","false","""1690841931""","0.12312127154847104","0.12312127154847104","0.12312127154847104","0","0.12312127154847104"
"1","714","1452","1000","1","""HK""","0.05","false","""normal""","1","""constant""","0.1","""Scale-free""","1","0","1","""uniform""","""deterministic-normal""","0","0","1","""normal""","-0.09999999999999998","0.9","false","""/home/ramaswamy.51/Documents/github/Spirals/Media/data/cluster/endsim/BehaviorSearch/Step6_Trial""","true","0","1","0","0","true","false","""1539273552""","0.11073842371100062","0.11073842371100062","0.11073842371100062","0","0.11073842371100062"
"1","715","1452","1000","1","""HK""","0.05","false","""normal""","1","""constant""","0.1","""Scale-free""","1","0","1","""uniform""","""deterministic-normal""","0","0","1","""normal""","-0.09999999999999998","0.9","false","""/home/ramaswamy.51/Documents/github/Spirals/Media/data/cluster/endsim/BehaviorSearch/Step6_Trial""","true","0","1","0","0","true","false","""1928071828""","0.13245406465909387","0.13245406465909387","0.13245406465909387","0","0.13245406465909387"
"1","716","1452","1000","1","""HK""","0.05","false","""normal""","1","""constant""","0.1","""Scale-free""","1","0","1","""uniform""","""deterministic-normal""","0","0","1","""normal""","-0.09999999999999998","0.9","false","""/home/ramaswamy.51/Documents/github/Spirals/Media/data/cluster/endsim/BehaviorSearch/Step6_Trial""","true","0","1","0","0","true","false","""2045074066""","0.10593936338591595","0.10593936338591595","0.10593936338591595","0","0.10593936338591595"
"1","717","1484","1000","1","""HK""","0.13","false","""normal""","1","""constant""","0.2","""Scale-free""","1","0","1","""uniform""","""deterministic-normal""","0","0","1","""normal""","-0.09999999999999998","0.9","false","""/home/ramaswamy.51/Documents/github/Spirals/Media/data/cluster/endsim/BehaviorSearch/Step6_Trial""","true","0","1","0","0","true","false","""-1372824949""","0.27481649655147455","0.27481649655147455","0.27481649655147455","0","0.27481649655147455"
"1","718","1484","1000","1","""HK""","0.13","false","""normal""","1","""constant""","0.2","""Scale-free""","1","0","1","""uniform""","""deterministic-normal""","0","0","1","""normal""","-0.09999999999999998","0.9","false","""/home/ramaswamy.51/Documents/github/Spirals/Media/data/cluster/endsim/BehaviorSearch/Step6_Trial""","true","0","1","0","0","true","false","""-223107202""","0.27954658384614633","0.27954658384614633","0.27954658384614633","0","0.27954658384614633"
"1","719","1484","1000","1","""HK""","0.13","false","""normal""","1","""constant""","0.2","""Scale-free""","1","0","1","""uniform""","""deterministic-normal""","0","0","1","""normal""","-0.09999999999999998","0.9","false","""/home/ramaswamy.51/Documents/github/Spirals/Media/data/cluster/endsim/BehaviorSearch/Step6_Trial""","true","0","1","0","0","true","false","""-348016204""","0.28592655341766016","0.28592655341766016","0.28592655341766016","0","0.28592655341766016"
"1","720","1484","1000","1","""HK""","0.13","false","""normal""","1","""constant""","0.2","""Scale-free""","1","0","1","""uniform""","""deterministic-normal""","0","0","1","""normal""","-0.09999999999999998","0.9","false","""/home/ramaswamy.51/Documents/github/Spirals/Media/data/cluster/endsim/BehaviorSearch/Step6_Trial""","true","0","1","0","0","true","false","""-1185340659""","0.2804157577939075","0.2804157577939075","0.2804157577939075","0","0.2804157577939075"
"1","721","1604","1000","1","""HK""","0.01","false","""normal""","1","""constant""","0.2","""Scale-free""","1","0","1","""uniform""","""deterministic-normal""","0","0","1","""normal""","0","0.8","false","""/home/ramaswamy.51/Documents/github/Spirals/Media/data/cluster/endsim/BehaviorSearch/Step6_Trial""","true","0","1","0","0","true","false","""168423426""","0.21044634668006812","0.21044634668006812","0.21044634668006812","0","0.21044634668006812"
"1","722","1604","1000","1","""HK""","0.01","false","""normal""","1","""constant""","0.2","""Scale-free""","1","0","1","""uniform""","""deterministic-normal""","0","0","1","""normal""","0","0.8","false","""/home/ramaswamy.51/Documents/github/Spirals/Media/data/cluster/endsim/BehaviorSearch/Step6_Trial""","true","0","1","0","0","true","false","""-711769166""","0.1949177040018336","0.1949177040018336","0.1949177040018336","0","0.1949177040018336"
"1","723","1604","1000","1","""HK""","0.01","false","""normal""","1","""constant""","0.2","""Scale-free""","1","0","1","""uniform""","""deterministic-normal""","0","0","1","""normal""","0","0.8","false","""/home/ramaswamy.51/Documents/github/Spirals/Media/data/cluster/endsim/BehaviorSearch/Step6_Trial""","true","0","1","0","0","true","false","""-2103666677""","0.2262595992110563","0.2262595992110563","0.2262595992110563","0","0.2262595992110563"
"1","724","1604","1000","1","""HK""","0.01","false","""normal""","1","""constant""","0.2","""Scale-free""","1","0","1","""uniform""","""deterministic-normal""","0","0","1","""normal""","0","0.8","false","""/home/ramaswamy.51/Documents/github/Spirals/Media/data/cluster/endsim/BehaviorSearch/Step6_Trial""","true","0","1","0","0","true","false","""1789285891""","0.21086957293832587","0.21086957293832587","0.21086957293832587","0","0.21086957293832587"
"1","725","1624","1000","1","""HK""","0.02","false","""normal""","1","""constant""","0","""Scale-free""","1","0","1","""uniform""","""deterministic-normal""","0","0","1","""normal""","-0.19999999999999996","0.9","false","""/home/ramaswamy.51/Documents/github/Spirals/Media/data/cluster/endsim/BehaviorSearch/Step6_Trial""","true","0","1","0","0","true","false","""-146085736""","0.16261421573371862","0.16261421573371862","0.16261421573371862","0","0.16261421573371862"
"1","726","1624","1000","1","""HK""","0.02","false","""normal""","1","""constant""","0","""Scale-free""","1","0","1","""uniform""","""deterministic-normal""","0","0","1","""normal""","-0.19999999999999996","0.9","false","""/home/ramaswamy.51/Documents/github/Spirals/Media/data/cluster/endsim/BehaviorSearch/Step6_Trial""","true","0","1","0","0","true","false","""129434260""","0.1417942524828497","0.1417942524828497","0.1417942524828497","0","0.1417942524828497"
"1","727","1624","1000","1","""HK""","0.02","false","""normal""","1","""constant""","0","""Scale-free""","1","0","1","""uniform""","""deterministic-normal""","0","0","1","""normal""","-0.19999999999999996","0.9","false","""/home/ramaswamy.51/Documents/github/Spirals/Media/data/cluster/endsim/BehaviorSearch/Step6_Trial""","true","0","1","0","0","true","false","""1650173748""","0.15941904154118694","0.15941904154118694","0.15941904154118694","0","0.15941904154118694"
"1","728","1624","1000","1","""HK""","0.02","false","""normal""","1","""constant""","0","""Scale-free""","1","0","1","""uniform""","""deterministic-normal""","0","0","1","""normal""","-0.19999999999999996","0.9","false","""/home/ramaswamy.51/Documents/github/Spirals/Media/data/cluster/endsim/BehaviorSearch/Step6_Trial""","true","0","1","0","0","true","false","""680556503""","0.14535741578953662","0.14535741578953662","0.14535741578953662","0","0.14535741578953662"
"1","729","1644","1000","1","""HK""","0.02","false","""normal""","1","""constant""","0.1","""Scale-free""","1","0","1","""uniform""","""deterministic-normal""","0","0","1","""normal""","0","0.9","false","""/home/ramaswamy.51/Documents/github/Spirals/Media/data/cluster/endsim/BehaviorSearch/Step6_Trial""","true","0","1","0","0","true","false","""591437145""","0.07822354894060722","0.07822354894060722","0.07822354894060722","0","0.07822354894060722"
"1","730","1644","1000","1","""HK""","0.02","false","""normal""","1","""constant""","0.1","""Scale-free""","1","0","1","""uniform""","""deterministic-normal""","0","0","1","""normal""","0","0.9","false","""/home/ramaswamy.51/Documents/github/Spirals/Media/data/cluster/endsim/BehaviorSearch/Step6_Trial""","true","0","1","0","0","true","false","""-80604673""","0.10822218967812611","0.10822218967812611","0.10822218967812611","0","0.10822218967812611"
"1","731","1644","1000","1","""HK""","0.02","false","""normal""","1","""constant""","0.1","""Scale-free""","1","0","1","""uniform""","""deterministic-normal""","0","0","1","""normal""","0","0.9","false","""/home/ramaswamy.51/Documents/github/Spirals/Media/data/cluster/endsim/BehaviorSearch/Step6_Trial""","true","0","1","0","0","true","false","""307663918""","0.087027554552512","0.087027554552512","0.087027554552512","0","0.087027554552512"
"1","732","1644","1000","1","""HK""","0.02","false","""normal""","1","""constant""","0.1","""Scale-free""","1","0","1","""uniform""","""deterministic-normal""","0","0","1","""normal""","0","0.9","false","""/home/ramaswamy.51/Documents/github/Spirals/Media/data/cluster/endsim/BehaviorSearch/Step6_Trial""","true","0","1","0","0","true","false","""1954716796""","0.10058369423157561","0.10058369423157561","0.10058369423157561","0","0.10058369423157561"
"1","733","1756","1000","1","""HK""","0.01","false","""normal""","1","""constant""","0.1","""Scale-free""","2","0","1","""uniform""","""deterministic-normal""","0","0","1","""normal""","0.10000000000000009","0.9","false","""/home/ramaswamy.51/Documents/github/Spirals/Media/data/cluster/endsim/BehaviorSearch/Step6_Trial""","true","0","1","0","0","true","false","""-2100800634""","0.09741754804527808","0.09741754804527808","0.09741754804527808","0","0.09741754804527808"
"1","734","1756","1000","1","""HK""","0.01","false","""normal""","1","""constant""","0.1","""Scale-free""","2","0","1","""uniform""","""deterministic-normal""","0","0","1","""normal""","0.10000000000000009","0.9","false","""/home/ramaswamy.51/Documents/github/Spirals/Media/data/cluster/endsim/BehaviorSearch/Step6_Trial""","true","0","1","0","0","true","false","""-578569600""","0.09805895129850209","0.09805895129850209","0.09805895129850209","0","0.09805895129850209"
"1","735","1756","1000","1","""HK""","0.01","false","""normal""","1","""constant""","0.1","""Scale-free""","2","0","1","""uniform""","""deterministic-normal""","0","0","1","""normal""","0.10000000000000009","0.9","false","""/home/ramaswamy.51/Documents/github/Spirals/Media/data/cluster/endsim/BehaviorSearch/Step6_Trial""","true","0","1","0","0","true","false","""2137761217""","0.10885733476327493","0.10885733476327493","0.10885733476327493","0","0.10885733476327493"
"1","736","1756","1000","1","""HK""","0.01","false","""normal""","1","""constant""","0.1","""Scale-free""","2","0","1","""uniform""","""deterministic-normal""","0","0","1","""normal""","0.10000000000000009","0.9","false","""/home/ramaswamy.51/Documents/github/Spirals/Media/data/cluster/endsim/BehaviorSearch/Step6_Trial""","true","0","1","0","0","true","false","""1980844495""","0.10185539870622277","0.10185539870622277","0.10185539870622277","0","0.10185539870622277"
"1","737","1792","1000","1","""HK""","0.01","false","""normal""","1","""constant""","0.1","""Scale-free""","1","0","1","""uniform""","""deterministic-normal""","0","0","1","""normal""","0","0.8","false","""/home/ramaswamy.51/Documents/github/Spirals/Media/data/cluster/endsim/BehaviorSearch/Step6_Trial""","true","0","1","0","0","true","false","""-1305002185""","0.11218608350131312","0.11218608350131312","0.11218608350131312","0","0.11218608350131312"
"1","738","1792","1000","1","""HK""","0.01","false","""normal""","1","""constant""","0.1","""Scale-free""","1","0","1","""uniform""","""deterministic-normal""","0","0","1","""normal""","0","0.8","false","""/home/ramaswamy.51/Documents/github/Spirals/Media/data/cluster/endsim/BehaviorSearch/Step6_Trial""","true","0","1","0","0","true","false","""-1881253523""","0.07932534896219731","0.07932534896219731","0.07932534896219731","0","0.07932534896219731"
"1","739","1792","1000","1","""HK""","0.01","false","""normal""","1","""constant""","0.1","""Scale-free""","1","0","1","""uniform""","""deterministic-normal""","0","0","1","""normal""","0","0.8","false","""/home/ramaswamy.51/Documents/github/Spirals/Media/data/cluster/endsim/BehaviorSearch/Step6_Trial""","true","0","1","0","0","true","false","""-1168515226""","0.09170437044655963","0.09170437044655963","0.09170437044655963","0","0.09170437044655963"
"1","740","1792","1000","1","""HK""","0.01","false","""normal""","1","""constant""","0.1","""Scale-free""","1","0","1","""uniform""","""deterministic-normal""","0","0","1","""normal""","0","0.8","false","""/home/ramaswamy.51/Documents/github/Spirals/Media/data/cluster/endsim/BehaviorSearch/Step6_Trial""","true","0","1","0","0","true","false","""1543452782""","0.1026968697897048","0.1026968697897048","0.1026968697897048","0","0.1026968697897048"
"1","741","1884","1000","1","""HK""","0.01","false","""normal""","1","""constant""","0.1","""Scale-free""","2","0","1","""uniform""","""deterministic-normal""","0","0","1","""normal""","0.20000000000000018","0.9","false","""/home/ramaswamy.51/Documents/github/Spirals/Media/data/cluster/endsim/BehaviorSearch/Step6_Trial""","true","0","1","0","0","true","false","""-1282513643""","0.09810011332625179","0.09810011332625179","0.09810011332625179","0","0.09810011332625179"
"1","742","1884","1000","1","""HK""","0.01","false","""normal""","1","""constant""","0.1","""Scale-free""","2","0","1","""uniform""","""deterministic-normal""","0","0","1","""normal""","0.20000000000000018","0.9","false","""/home/ramaswamy.51/Documents/github/Spirals/Media/data/cluster/endsim/BehaviorSearch/Step6_Trial""","true","0","1","0","0","true","false","""751339772""","0.10520108020480587","0.10520108020480587","0.10520108020480587","0","0.10520108020480587"
"1","743","1884","1000","1","""HK""","0.01","false","""normal""","1","""constant""","0.1","""Scale-free""","2","0","1","""uniform""","""deterministic-normal""","0","0","1","""normal""","0.20000000000000018","0.9","false","""/home/ramaswamy.51/Documents/github/Spirals/Media/data/cluster/endsim/BehaviorSearch/Step6_Trial""","true","0","1","0","0","true","false","""-1858230943""","0.10127590708476819","0.10127590708476819","0.10127590708476819","0","0.10127590708476819"
"1","744","1884","1000","1","""HK""","0.01","false","""normal""","1","""constant""","0.1","""Scale-free""","2","0","1","""uniform""","""deterministic-normal""","0","0","1","""normal""","0.20000000000000018","0.9","false","""/home/ramaswamy.51/Documents/github/Spirals/Media/data/cluster/endsim/BehaviorSearch/Step6_Trial""","true","0","1","0","0","true","false","""-621531084""","0.11664903322706946","0.11664903322706946","0.11664903322706946","0","0.11664903322706946"
"1","745","1904","1000","1","""HK""","0.01","false","""normal""","1","""constant""","0","""Scale-free""","1","0","1","""uniform""","""deterministic-normal""","0","0","1","""normal""","0.20000000000000018","0.9","false","""/home/ramaswamy.51/Documents/github/Spirals/Media/data/cluster/endsim/BehaviorSearch/Step6_Trial""","true","0","1","0","0","true","false","""-1564270366""","0.17821352244243666","0.17821352244243666","0.17821352244243666","0","0.17821352244243666"
"1","746","1904","1000","1","""HK""","0.01","false","""normal""","1","""constant""","0","""Scale-free""","1","0","1","""uniform""","""deterministic-normal""","0","0","1","""normal""","0.20000000000000018","0.9","false","""/home/ramaswamy.51/Documents/github/Spirals/Media/data/cluster/endsim/BehaviorSearch/Step6_Trial""","true","0","1","0","0","true","false","""629902951""","0.19819639968645303","0.19819639968645303","0.19819639968645303","0","0.19819639968645303"
"1","747","1904","1000","1","""HK""","0.01","false","""normal""","1","""constant""","0","""Scale-free""","1","0","1","""uniform""","""deterministic-normal""","0","0","1","""normal""","0.20000000000000018","0.9","false","""/home/ramaswamy.51/Documents/github/Spirals/Media/data/cluster/endsim/BehaviorSearch/Step6_Trial""","true","0","1","0","0","true","false","""256093606""","0.17055580900629114","0.17055580900629114","0.17055580900629114","0","0.17055580900629114"
"1","748","1904","1000","1","""HK""","0.01","false","""normal""","1","""constant""","0","""Scale-free""","1","0","1","""uniform""","""deterministic-normal""","0","0","1","""normal""","0.20000000000000018","0.9","false","""/home/ramaswamy.51/Documents/github/Spirals/Media/data/cluster/endsim/BehaviorSearch/Step6_Trial""","true","0","1","0","0","true","false","""58445723""","0.1711882946622054","0.1711882946622054","0.1711882946622054","0","0.1711882946622054"
"1","749","1960","1000","1","""HK""","0.03","false","""normal""","1","""constant""","0.1","""Scale-free""","1","0","1","""uniform""","""deterministic-normal""","0","0","1","""normal""","-0.09999999999999998","1","false","""/home/ramaswamy.51/Documents/github/Spirals/Media/data/cluster/endsim/BehaviorSearch/Step6_Trial""","true","0","1","0","0","true","false","""-2134666378""","0.08146114069920735","0.08146114069920735","0.08146114069920735","0","0.08146114069920735"
"1","750","1960","1000","1","""HK""","0.03","false","""normal""","1","""constant""","0.1","""Scale-free""","1","0","1","""uniform""","""deterministic-normal""","0","0","1","""normal""","-0.09999999999999998","1","false","""/home/ramaswamy.51/Documents/github/Spirals/Media/data/cluster/endsim/BehaviorSearch/Step6_Trial""","true","0","1","0","0","true","false","""87607369""","0.09859519397036295","0.09859519397036295","0.09859519397036295","0","0.09859519397036295"
"1","751","1960","1000","1","""HK""","0.03","false","""normal""","1","""constant""","0.1","""Scale-free""","1","0","1","""uniform""","""deterministic-normal""","0","0","1","""normal""","-0.09999999999999998","1","false","""/home/ramaswamy.51/Documents/github/Spirals/Media/data/cluster/endsim/BehaviorSearch/Step6_Trial""","true","0","1","0","0","true","false","""2044605711""","0.0889741095670446","0.0889741095670446","0.0889741095670446","0","0.0889741095670446"
"1","752","1960","1000","1","""HK""","0.03","false","""normal""","1","""constant""","0.1","""Scale-free""","1","0","1","""uniform""","""deterministic-normal""","0","0","1","""normal""","-0.09999999999999998","1","false","""/home/ramaswamy.51/Documents/github/Spirals/Media/data/cluster/endsim/BehaviorSearch/Step6_Trial""","true","0","1","0","0","true","false","""-1084083958""","0.09249368499592987","0.09249368499592987","0.09249368499592987","0","0.09249368499592987"
"1","753","1976","1000","1","""HK""","0.02","false","""normal""","1","""constant""","0.1","""Scale-free""","1","0","1","""uniform""","""deterministic-normal""","0","0","1","""normal""","-0.3999999999999999","0.9","false","""/home/ramaswamy.51/Documents/github/Spirals/Media/data/cluster/endsim/BehaviorSearch/Step6_Trial""","true","0","1","0","0","true","false","""1273356693""","0.10106069627384416","0.10106069627384416","0.10106069627384416","0","0.10106069627384416"
"1","754","1976","1000","1","""HK""","0.02","false","""normal""","1","""constant""","0.1","""Scale-free""","1","0","1","""uniform""","""deterministic-normal""","0","0","1","""normal""","-0.3999999999999999","0.9","false","""/home/ramaswamy.51/Documents/github/Spirals/Media/data/cluster/endsim/BehaviorSearch/Step6_Trial""","true","0","1","0","0","true","false","""1770316761""","0.11898350778128794","0.11898350778128794","0.11898350778128794","0","0.11898350778128794"
"1","755","1976","1000","1","""HK""","0.02","false","""normal""","1","""constant""","0.1","""Scale-free""","1","0","1","""uniform""","""deterministic-normal""","0","0","1","""normal""","-0.3999999999999999","0.9","false","""/home/ramaswamy.51/Documents/github/Spirals/Media/data/cluster/endsim/BehaviorSearch/Step6_Trial""","true","0","1","0","0","true","false","""1492629614""","0.12211603707757361","0.12211603707757361","0.12211603707757361","0","0.12211603707757361"
"1","756","1976","1000","1","""HK""","0.02","false","""normal""","1","""constant""","0.1","""Scale-free""","1","0","1","""uniform""","""deterministic-normal""","0","0","1","""normal""","-0.3999999999999999","0.9","false","""/home/ramaswamy.51/Documents/github/Spirals/Media/data/cluster/endsim/BehaviorSearch/Step6_Trial""","true","0","1","0","0","true","false","""1442386782""","0.11119936392559589","0.11119936392559589","0.11119936392559589","0","0.11119936392559589"
"1","757","2016","1000","1","""HK""","0.02","false","""normal""","1","""constant""","0.1","""Scale-free""","1","0","1","""uniform""","""deterministic-normal""","0","0","1","""normal""","-0.6","0.9","false","""/home/ramaswamy.51/Documents/github/Spirals/Media/data/cluster/endsim/BehaviorSearch/Step6_Trial""","true","0","1","0","0","true","false","""-844372""","0.14524969669807275","0.14524969669807275","0.14524969669807275","0","0.14524969669807275"
"1","758","2016","1000","1","""HK""","0.02","false","""normal""","1","""constant""","0.1","""Scale-free""","1","0","1","""uniform""","""deterministic-normal""","0","0","1","""normal""","-0.6","0.9","false","""/home/ramaswamy.51/Documents/github/Spirals/Media/data/cluster/endsim/BehaviorSearch/Step6_Trial""","true","0","1","0","0","true","false","""-975654501""","0.13188075593986054","0.13188075593986054","0.13188075593986054","0","0.13188075593986054"
"1","759","2016","1000","1","""HK""","0.02","false","""normal""","1","""constant""","0.1","""Scale-free""","1","0","1","""uniform""","""deterministic-normal""","0","0","1","""normal""","-0.6","0.9","false","""/home/ramaswamy.51/Documents/github/Spirals/Media/data/cluster/endsim/BehaviorSearch/Step6_Trial""","true","0","1","0","0","true","false","""1239390015""","0.1343735111361427","0.1343735111361427","0.1343735111361427","0","0.1343735111361427"
"1","760","2016","1000","1","""HK""","0.02","false","""normal""","1","""constant""","0.1","""Scale-free""","1","0","1","""uniform""","""deterministic-normal""","0","0","1","""normal""","-0.6","0.9","false","""/home/ramaswamy.51/Documents/github/Spirals/Media/data/cluster/endsim/BehaviorSearch/Step6_Trial""","true","0","1","0","0","true","false","""-129520317""","0.12486154694403018","0.12486154694403018","0.12486154694403018","0","0.12486154694403018"
"1","761","2028","1000","1","""HK""","0.01","false","""normal""","1","""constant""","0.30000000000000004","""Scale-free""","1","0","1","""uniform""","""deterministic-normal""","0","0","1","""normal""","-0.19999999999999996","0.9","false","""/home/ramaswamy.51/Documents/github/Spirals/Media/data/cluster/endsim/BehaviorSearch/Step6_Trial""","true","0","1","0","0","true","false","""1315027661""","0.28542654841202597","0.28542654841202597","0.28542654841202597","0","0.28542654841202597"
"1","762","2028","1000","1","""HK""","0.01","false","""normal""","1","""constant""","0.30000000000000004","""Scale-free""","1","0","1","""uniform""","""deterministic-normal""","0","0","1","""normal""","-0.19999999999999996","0.9","false","""/home/ramaswamy.51/Documents/github/Spirals/Media/data/cluster/endsim/BehaviorSearch/Step6_Trial""","true","0","1","0","0","true","false","""194240669""","0.27896503708300874","0.27896503708300874","0.27896503708300874","0","0.27896503708300874"
"1","763","2028","1000","1","""HK""","0.01","false","""normal""","1","""constant""","0.30000000000000004","""Scale-free""","1","0","1","""uniform""","""deterministic-normal""","0","0","1","""normal""","-0.19999999999999996","0.9","false","""/home/ramaswamy.51/Documents/github/Spirals/Media/data/cluster/endsim/BehaviorSearch/Step6_Trial""","true","0","1","0","0","true","false","""-1699396640""","0.26661548136865243","0.26661548136865243","0.26661548136865243","0","0.26661548136865243"
"1","764","2028","1000","1","""HK""","0.01","false","""normal""","1","""constant""","0.30000000000000004","""Scale-free""","1","0","1","""uniform""","""deterministic-normal""","0","0","1","""normal""","-0.19999999999999996","0.9","false","""/home/ramaswamy.51/Documents/github/Spirals/Media/data/cluster/endsim/BehaviorSearch/Step6_Trial""","true","0","1","0","0","true","false","""1854854471""","0.27207774708432136","0.27207774708432136","0.27207774708432136","0","0.27207774708432136"
"1","765","2060","1000","1","""HK""","0.03","false","""normal""","1","""constant""","0","""Scale-free""","1","0","1","""uniform""","""deterministic-normal""","0","0","1","""normal""","-0.09999999999999998","0.9","false","""/home/ramaswamy.51/Documents/github/Spirals/Media/data/cluster/endsim/BehaviorSearch/Step6_Trial""","true","0","1","0","0","true","false","""-1707718141""","0.1513790974395473","0.1513790974395473","0.1513790974395473","0","0.1513790974395473"
"1","766","2060","1000","1","""HK""","0.03","false","""normal""","1","""constant""","0","""Scale-free""","1","0","1","""uniform""","""deterministic-normal""","0","0","1","""normal""","-0.09999999999999998","0.9","false","""/home/ramaswamy.51/Documents/github/Spirals/Media/data/cluster/endsim/BehaviorSearch/Step6_Trial""","true","0","1","0","0","true","false","""-1787170947""","0.13482199082322655","0.13482199082322655","0.13482199082322655","0","0.13482199082322655"
"1","767","2060","1000","1","""HK""","0.03","false","""normal""","1","""constant""","0","""Scale-free""","1","0","1","""uniform""","""deterministic-normal""","0","0","1","""normal""","-0.09999999999999998","0.9","false","""/home/ramaswamy.51/Documents/github/Spirals/Media/data/cluster/endsim/BehaviorSearch/Step6_Trial""","true","0","1","0","0","true","false","""-638340663""","0.14857623131828585","0.14857623131828585","0.14857623131828585","0","0.14857623131828585"
"1","768","2060","1000","1","""HK""","0.03","false","""normal""","1","""constant""","0","""Scale-free""","1","0","1","""uniform""","""deterministic-normal""","0","0","1","""normal""","-0.09999999999999998","0.9","false","""/home/ramaswamy.51/Documents/github/Spirals/Media/data/cluster/endsim/BehaviorSearch/Step6_Trial""","true","0","1","0","0","true","false","""1206463152""","0.14659792633875474","0.14659792633875474","0.14659792633875474","0","0.14659792633875474"
"1","769","2100","1000","1","""HK""","0.03","false","""normal""","1","""constant""","0.1","""Scale-free""","1","0","1","""uniform""","""deterministic-normal""","0","0","1","""normal""","0.10000000000000009","0.8","false","""/home/ramaswamy.51/Documents/github/Spirals/Media/data/cluster/endsim/BehaviorSearch/Step6_Trial""","true","0","1","0","0","true","false","""-1544037689""","0.10654962911607253","0.10654962911607253","0.10654962911607253","0","0.10654962911607253"
"1","770","2100","1000","1","""HK""","0.03","false","""normal""","1","""constant""","0.1","""Scale-free""","1","0","1","""uniform""","""deterministic-normal""","0","0","1","""normal""","0.10000000000000009","0.8","false","""/home/ramaswamy.51/Documents/github/Spirals/Media/data/cluster/endsim/BehaviorSearch/Step6_Trial""","true","0","1","0","0","true","false","""1164143499""","0.11202432797340893","0.11202432797340893","0.11202432797340893","0","0.11202432797340893"
"1","771","2100","1000","1","""HK""","0.03","false","""normal""","1","""constant""","0.1","""Scale-free""","1","0","1","""uniform""","""deterministic-normal""","0","0","1","""normal""","0.10000000000000009","0.8","false","""/home/ramaswamy.51/Documents/github/Spirals/Media/data/cluster/endsim/BehaviorSearch/Step6_Trial""","true","0","1","0","0","true","false","""-1198333323""","0.11266444224708465","0.11266444224708465","0.11266444224708465","0","0.11266444224708465"
"1","772","2100","1000","1","""HK""","0.03","false","""normal""","1","""constant""","0.1","""Scale-free""","1","0","1","""uniform""","""deterministic-normal""","0","0","1","""normal""","0.10000000000000009","0.8","false","""/home/ramaswamy.51/Documents/github/Spirals/Media/data/cluster/endsim/BehaviorSearch/Step6_Trial""","true","0","1","0","0","true","false","""1635883237""","0.11517387374495444","0.11517387374495444","0.11517387374495444","0","0.11517387374495444"
"1","773","2124","1000","1","""HK""","0.060000000000000005","false","""normal""","1","""constant""","0.1","""Scale-free""","1","0","1","""uniform""","""deterministic-normal""","0","0","1","""normal""","-0.09999999999999998","0.9","false","""/home/ramaswamy.51/Documents/github/Spirals/Media/data/cluster/endsim/BehaviorSearch/Step6_Trial""","true","0","1","0","0","true","false","""-2095027963""","0.15132227557738914","0.15132227557738914","0.15132227557738914","0","0.15132227557738914"
"1","774","2124","1000","1","""HK""","0.060000000000000005","false","""normal""","1","""constant""","0.1","""Scale-free""","1","0","1","""uniform""","""deterministic-normal""","0","0","1","""normal""","-0.09999999999999998","0.9","false","""/home/ramaswamy.51/Documents/github/Spirals/Media/data/cluster/endsim/BehaviorSearch/Step6_Trial""","true","0","1","0","0","true","false","""1833094870""","0.12635749982354644","0.12635749982354644","0.12635749982354644","0","0.12635749982354644"
"1","775","2124","1000","1","""HK""","0.060000000000000005","false","""normal""","1","""constant""","0.1","""Scale-free""","1","0","1","""uniform""","""deterministic-normal""","0","0","1","""normal""","-0.09999999999999998","0.9","false","""/home/ramaswamy.51/Documents/github/Spirals/Media/data/cluster/endsim/BehaviorSearch/Step6_Trial""","true","0","1","0","0","true","false","""-1543967222""","0.12437715049678678","0.12437715049678678","0.12437715049678678","0","0.12437715049678678"
"1","776","2124","1000","1","""HK""","0.060000000000000005","false","""normal""","1","""constant""","0.1","""Scale-free""","1","0","1","""uniform""","""deterministic-normal""","0","0","1","""normal""","-0.09999999999999998","0.9","false","""/home/ramaswamy.51/Documents/github/Spirals/Media/data/cluster/endsim/BehaviorSearch/Step6_Trial""","true","0","1","0","0","true","false","""-1158973561""","0.14788852979473746","0.14788852979473746","0.14788852979473746","0","0.14788852979473746"
"1","777","2136","1000","1","""HK""","0.01","false","""normal""","1","""constant""","0.1","""Scale-free""","1","0","1","""uniform""","""deterministic-normal""","0","0","1","""normal""","-0.29999999999999993","0.8","false","""/home/ramaswamy.51/Documents/github/Spirals/Media/data/cluster/endsim/BehaviorSearch/Step6_Trial""","true","0","1","0","0","true","false","""139385917""","0.11430979090844244","0.11430979090844244","0.11430979090844244","0","0.11430979090844244"
"1","778","2136","1000","1","""HK""","0.01","false","""normal""","1","""constant""","0.1","""Scale-free""","1","0","1","""uniform""","""deterministic-normal""","0","0","1","""normal""","-0.29999999999999993","0.8","false","""/home/ramaswamy.51/Documents/github/Spirals/Media/data/cluster/endsim/BehaviorSearch/Step6_Trial""","true","0","1","0","0","true","false","""87368627""","0.11419484670524961","0.11419484670524961","0.11419484670524961","0","0.11419484670524961"
"1","779","2136","1000","1","""HK""","0.01","false","""normal""","1","""constant""","0.1","""Scale-free""","1","0","1","""uniform""","""deterministic-normal""","0","0","1","""normal""","-0.29999999999999993","0.8","false","""/home/ramaswamy.51/Documents/github/Spirals/Media/data/cluster/endsim/BehaviorSearch/Step6_Trial""","true","0","1","0","0","true","false","""-481126397""","0.11691478822821051","0.11691478822821051","0.11691478822821051","0","0.11691478822821051"
"1","780","2136","1000","1","""HK""","0.01","false","""normal""","1","""constant""","0.1","""Scale-free""","1","0","1","""uniform""","""deterministic-normal""","0","0","1","""normal""","-0.29999999999999993","0.8","false","""/home/ramaswamy.51/Documents/github/Spirals/Media/data/cluster/endsim/BehaviorSearch/Step6_Trial""","true","0","1","0","0","true","false","""57338472""","0.10087036220204917","0.10087036220204917","0.10087036220204917","0","0.10087036220204917"
"1","781","2160","1000","1","""HK""","0.02","false","""normal""","1","""constant""","0.2","""Scale-free""","1","0","1","""uniform""","""deterministic-normal""","0","0","1","""normal""","-0.19999999999999996","0.9","false","""/home/ramaswamy.51/Documents/github/Spirals/Media/data/cluster/endsim/BehaviorSearch/Step6_Trial""","true","0","1","0","0","true","false","""1428931002""","0.17362819168096144","0.17362819168096144","0.17362819168096144","0","0.17362819168096144"
"1","782","2160","1000","1","""HK""","0.02","false","""normal""","1","""constant""","0.2","""Scale-free""","1","0","1","""uniform""","""deterministic-normal""","0","0","1","""normal""","-0.19999999999999996","0.9","false","""/home/ramaswamy.51/Documents/github/Spirals/Media/data/cluster/endsim/BehaviorSearch/Step6_Trial""","true","0","1","0","0","true","false","""1154398177""","0.20983817851686867","0.20983817851686867","0.20983817851686867","0","0.20983817851686867"
"1","783","2160","1000","1","""HK""","0.02","false","""normal""","1","""constant""","0.2","""Scale-free""","1","0","1","""uniform""","""deterministic-normal""","0","0","1","""normal""","-0.19999999999999996","0.9","false","""/home/ramaswamy.51/Documents/github/Spirals/Media/data/cluster/endsim/BehaviorSearch/Step6_Trial""","true","0","1","0","0","true","false","""-1026363117""","0.22243804824726232","0.22243804824726232","0.22243804824726232","0","0.22243804824726232"
"1","784","2160","1000","1","""HK""","0.02","false","""normal""","1","""constant""","0.2","""Scale-free""","1","0","1","""uniform""","""deterministic-normal""","0","0","1","""normal""","-0.19999999999999996","0.9","false","""/home/ramaswamy.51/Documents/github/Spirals/Media/data/cluster/endsim/BehaviorSearch/Step6_Trial""","true","0","1","0","0","true","false","""-124125840""","0.22882380164583735","0.22882380164583735","0.22882380164583735","0","0.22882380164583735"
"1","785","2168","1000","1","""HK""","0.03","false","""normal""","1","""constant""","0.1","""Scale-free""","2","0","1","""uniform""","""deterministic-normal""","0","0","1","""normal""","-0.09999999999999998","0.9","false","""/home/ramaswamy.51/Documents/github/Spirals/Media/data/cluster/endsim/BehaviorSearch/Step6_Trial""","true","0","1","0","0","true","false","""-357968839""","0.10388795883406585","0.10388795883406585","0.10388795883406585","0","0.10388795883406585"
"1","786","2168","1000","1","""HK""","0.03","false","""normal""","1","""constant""","0.1","""Scale-free""","2","0","1","""uniform""","""deterministic-normal""","0","0","1","""normal""","-0.09999999999999998","0.9","false","""/home/ramaswamy.51/Documents/github/Spirals/Media/data/cluster/endsim/BehaviorSearch/Step6_Trial""","true","0","1","0","0","true","false","""-287779164""","0.1360093798603448","0.1360093798603448","0.1360093798603448","0","0.1360093798603448"
"1","787","2168","1000","1","""HK""","0.03","false","""normal""","1","""constant""","0.1","""Scale-free""","2","0","1","""uniform""","""deterministic-normal""","0","0","1","""normal""","-0.09999999999999998","0.9","false","""/home/ramaswamy.51/Documents/github/Spirals/Media/data/cluster/endsim/BehaviorSearch/Step6_Trial""","true","0","1","0","0","true","false","""1081920453""","0.11382552202856897","0.11382552202856897","0.11382552202856897","0","0.11382552202856897"
"1","788","2168","1000","1","""HK""","0.03","false","""normal""","1","""constant""","0.1","""Scale-free""","2","0","1","""uniform""","""deterministic-normal""","0","0","1","""normal""","-0.09999999999999998","0.9","false","""/home/ramaswamy.51/Documents/github/Spirals/Media/data/cluster/endsim/BehaviorSearch/Step6_Trial""","true","0","1","0","0","true","false","""-271908305""","0.11837292125035169","0.11837292125035169","0.11837292125035169","0","0.11837292125035169"
"1","789","2188","1000","1","""HK""","0.01","false","""normal""","1","""constant""","0.1","""Scale-free""","1","0","1","""uniform""","""deterministic-normal""","0","0","1","""normal""","-0.5","0.8","false","""/home/ramaswamy.51/Documents/github/Spirals/Media/data/cluster/endsim/BehaviorSearch/Step6_Trial""","true","0","1","0","0","true","false","""-264989521""","0.11834602972166924","0.11834602972166924","0.11834602972166924","0","0.11834602972166924"
"1","790","2188","1000","1","""HK""","0.01","false","""normal""","1","""constant""","0.1","""Scale-free""","1","0","1","""uniform""","""deterministic-normal""","0","0","1","""normal""","-0.5","0.8","false","""/home/ramaswamy.51/Documents/github/Spirals/Media/data/cluster/endsim/BehaviorSearch/Step6_Trial""","true","0","1","0","0","true","false","""-261258936""","0.12084984423492912","0.12084984423492912","0.12084984423492912","0","0.12084984423492912"
"1","791","2188","1000","1","""HK""","0.01","false","""normal""","1","""constant""","0.1","""Scale-free""","1","0","1","""uniform""","""deterministic-normal""","0","0","1","""normal""","-0.5","0.8","false","""/home/ramaswamy.51/Documents/github/Spirals/Media/data/cluster/endsim/BehaviorSearch/Step6_Trial""","true","0","1","0","0","true","false","""882363225""","0.12523488969795368","0.12523488969795368","0.12523488969795368","0","0.12523488969795368"
"1","792","2188","1000","1","""HK""","0.01","false","""normal""","1","""constant""","0.1","""Scale-free""","1","0","1","""uniform""","""deterministic-normal""","0","0","1","""normal""","-0.5","0.8","false","""/home/ramaswamy.51/Documents/github/Spirals/Media/data/cluster/endsim/BehaviorSearch/Step6_Trial""","true","0","1","0","0","true","false","""-544899370""","0.12031900853696274","0.12031900853696274","0.12031900853696274","0","0.12031900853696274"
"1","793","2192","1000","1","""HK""","0.01","false","""normal""","1","""constant""","0.2","""Scale-free""","1","0","1","""uniform""","""deterministic-normal""","0","0","1","""normal""","-0.19999999999999996","0.8","false","""/home/ramaswamy.51/Documents/github/Spirals/Media/data/cluster/endsim/BehaviorSearch/Step6_Trial""","true","0","1","0","0","true","false","""1450258255""","0.2487491898792132","0.2487491898792132","0.2487491898792132","0","0.2487491898792132"
"1","794","2192","1000","1","""HK""","0.01","false","""normal""","1","""constant""","0.2","""Scale-free""","1","0","1","""uniform""","""deterministic-normal""","0","0","1","""normal""","-0.19999999999999996","0.8","false","""/home/ramaswamy.51/Documents/github/Spirals/Media/data/cluster/endsim/BehaviorSearch/Step6_Trial""","true","0","1","0","0","true","false","""87674494""","0.21254863482290307","0.21254863482290307","0.21254863482290307","0","0.21254863482290307"
"1","795","2192","1000","1","""HK""","0.01","false","""normal""","1","""constant""","0.2","""Scale-free""","1","0","1","""uniform""","""deterministic-normal""","0","0","1","""normal""","-0.19999999999999996","0.8","false","""/home/ramaswamy.51/Documents/github/Spirals/Media/data/cluster/endsim/BehaviorSearch/Step6_Trial""","true","0","1","0","0","true","false","""-1324157340""","0.18518323946718224","0.18518323946718224","0.18518323946718224","0","0.18518323946718224"
"1","796","2192","1000","1","""HK""","0.01","false","""normal""","1","""constant""","0.2","""Scale-free""","1","0","1","""uniform""","""deterministic-normal""","0","0","1","""normal""","-0.19999999999999996","0.8","false","""/home/ramaswamy.51/Documents/github/Spirals/Media/data/cluster/endsim/BehaviorSearch/Step6_Trial""","true","0","1","0","0","true","false","""-16259505""","0.18801266115821394","0.18801266115821394","0.18801266115821394","0","0.18801266115821394"
"1","797","2232","1000","1","""HK""","0.03","false","""normal""","1","""constant""","0.1","""Scale-free""","1","0","1","""uniform""","""deterministic-normal""","0","0","1","""normal""","-0.3999999999999999","0.9","false","""/home/ramaswamy.51/Documents/github/Spirals/Media/data/cluster/endsim/BehaviorSearch/Step6_Trial""","true","0","1","0","0","true","false","""-2111417029""","0.11029849725424419","0.11029849725424419","0.11029849725424419","0","0.11029849725424419"
"1","798","2232","1000","1","""HK""","0.03","false","""normal""","1","""constant""","0.1","""Scale-free""","1","0","1","""uniform""","""deterministic-normal""","0","0","1","""normal""","-0.3999999999999999","0.9","false","""/home/ramaswamy.51/Documents/github/Spirals/Media/data/cluster/endsim/BehaviorSearch/Step6_Trial""","true","0","1","0","0","true","false","""-1572038318""","0.12599040259641192","0.12599040259641192","0.12599040259641192","0","0.12599040259641192"
"1","799","2232","1000","1","""HK""","0.03","false","""normal""","1","""constant""","0.1","""Scale-free""","1","0","1","""uniform""","""deterministic-normal""","0","0","1","""normal""","-0.3999999999999999","0.9","false","""/home/ramaswamy.51/Documents/github/Spirals/Media/data/cluster/endsim/BehaviorSearch/Step6_Trial""","true","0","1","0","0","true","false","""1140683997""","0.10959354511486995","0.10959354511486995","0.10959354511486995","0","0.10959354511486995"
"1","800","2232","1000","1","""HK""","0.03","false","""normal""","1","""constant""","0.1","""Scale-free""","1","0","1","""uniform""","""deterministic-normal""","0","0","1","""normal""","-0.3999999999999999","0.9","false","""/home/ramaswamy.51/Documents/github/Spirals/Media/data/cluster/endsim/BehaviorSearch/Step6_Trial""","true","0","1","0","0","true","false","""-1678842033""","0.11360962863677442","0.11360962863677442","0.11360962863677442","0","0.11360962863677442"
"1","801","2244","1000","1","""HK""","0.05","false","""normal""","1","""constant""","0.1","""Scale-free""","1","0","1","""uniform""","""deterministic-normal""","0","0","1","""normal""","0","0.9","false","""/home/ramaswamy.51/Documents/github/Spirals/Media/data/cluster/endsim/BehaviorSearch/Step6_Trial""","true","0","1","0","0","true","false","""1423185718""","0.12195835210547215","0.12195835210547215","0.12195835210547215","0","0.12195835210547215"
"1","802","2244","1000","1","""HK""","0.05","false","""normal""","1","""constant""","0.1","""Scale-free""","1","0","1","""uniform""","""deterministic-normal""","0","0","1","""normal""","0","0.9","false","""/home/ramaswamy.51/Documents/github/Spirals/Media/data/cluster/endsim/BehaviorSearch/Step6_Trial""","true","0","1","0","0","true","false","""356696757""","0.11488648291833574","0.11488648291833574","0.11488648291833574","0","0.11488648291833574"
"1","803","2244","1000","1","""HK""","0.05","false","""normal""","1","""constant""","0.1","""Scale-free""","1","0","1","""uniform""","""deterministic-normal""","0","0","1","""normal""","0","0.9","false","""/home/ramaswamy.51/Documents/github/Spirals/Media/data/cluster/endsim/BehaviorSearch/Step6_Trial""","true","0","1","0","0","true","false","""857951863""","0.10133415665586407","0.10133415665586407","0.10133415665586407","0","0.10133415665586407"
"1","804","2244","1000","1","""HK""","0.05","false","""normal""","1","""constant""","0.1","""Scale-free""","1","0","1","""uniform""","""deterministic-normal""","0","0","1","""normal""","0","0.9","false","""/home/ramaswamy.51/Documents/github/Spirals/Media/data/cluster/endsim/BehaviorSearch/Step6_Trial""","true","0","1","0","0","true","false","""85869070""","0.12040685835066282","0.12040685835066282","0.12040685835066282","0","0.12040685835066282"
"1","805","2248","1000","1","""HK""","0.02","false","""normal""","1","""constant""","0","""Scale-free""","1","0","1","""uniform""","""deterministic-normal""","0","0","1","""normal""","-0.09999999999999998","0.9","false","""/home/ramaswamy.51/Documents/github/Spirals/Media/data/cluster/endsim/BehaviorSearch/Step6_Trial""","true","0","1","0","0","true","false","""-765825910""","0.16839046109473546","0.16839046109473546","0.16839046109473546","0","0.16839046109473546"
"1","806","2248","1000","1","""HK""","0.02","false","""normal""","1","""constant""","0","""Scale-free""","1","0","1","""uniform""","""deterministic-normal""","0","0","1","""normal""","-0.09999999999999998","0.9","false","""/home/ramaswamy.51/Documents/github/Spirals/Media/data/cluster/endsim/BehaviorSearch/Step6_Trial""","true","0","1","0","0","true","false","""1561691996""","0.14366171938396283","0.14366171938396283","0.14366171938396283","0","0.14366171938396283"
"1","807","2248","1000","1","""HK""","0.02","false","""normal""","1","""constant""","0","""Scale-free""","1","0","1","""uniform""","""deterministic-normal""","0","0","1","""normal""","-0.09999999999999998","0.9","false","""/home/ramaswamy.51/Documents/github/Spirals/Media/data/cluster/endsim/BehaviorSearch/Step6_Trial""","true","0","1","0","0","true","false","""1791010451""","0.137453438976219","0.137453438976219","0.137453438976219","0","0.137453438976219"
"1","808","2248","1000","1","""HK""","0.02","false","""normal""","1","""constant""","0","""Scale-free""","1","0","1","""uniform""","""deterministic-normal""","0","0","1","""normal""","-0.09999999999999998","0.9","false","""/home/ramaswamy.51/Documents/github/Spirals/Media/data/cluster/endsim/BehaviorSearch/Step6_Trial""","true","0","1","0","0","true","false","""-1173646980""","0.1495272545195722","0.1495272545195722","0.1495272545195722","0","0.1495272545195722"
"1","809","2344","1000","1","""HK""","0.04","false","""normal""","1","""constant""","0.2","""Scale-free""","1","0","1","""uniform""","""deterministic-normal""","0","0","1","""normal""","-0.29999999999999993","0.9","false","""/home/ramaswamy.51/Documents/github/Spirals/Media/data/cluster/endsim/BehaviorSearch/Step6_Trial""","true","0","1","0","0","true","false","""446656790""","0.2327306316319904","0.2327306316319904","0.2327306316319904","0","0.2327306316319904"
"1","810","2344","1000","1","""HK""","0.04","false","""normal""","1","""constant""","0.2","""Scale-free""","1","0","1","""uniform""","""deterministic-normal""","0","0","1","""normal""","-0.29999999999999993","0.9","false","""/home/ramaswamy.51/Documents/github/Spirals/Media/data/cluster/endsim/BehaviorSearch/Step6_Trial""","true","0","1","0","0","true","false","""1202331642""","0.2069738497576758","0.2069738497576758","0.2069738497576758","0","0.2069738497576758"
"1","811","2344","1000","1","""HK""","0.04","false","""normal""","1","""constant""","0.2","""Scale-free""","1","0","1","""uniform""","""deterministic-normal""","0","0","1","""normal""","-0.29999999999999993","0.9","false","""/home/ramaswamy.51/Documents/github/Spirals/Media/data/cluster/endsim/BehaviorSearch/Step6_Trial""","true","0","1","0","0","true","false","""1211486386""","0.2446145672858226","0.2446145672858226","0.2446145672858226","0","0.2446145672858226"
"1","812","2344","1000","1","""HK""","0.04","false","""normal""","1","""constant""","0.2","""Scale-free""","1","0","1","""uniform""","""deterministic-normal""","0","0","1","""normal""","-0.29999999999999993","0.9","false","""/home/ramaswamy.51/Documents/github/Spirals/Media/data/cluster/endsim/BehaviorSearch/Step6_Trial""","true","0","1","0","0","true","false","""510146293""","0.2326417011489154","0.2326417011489154","0.2326417011489154","0","0.2326417011489154"
"1","813","2480","1000","1","""HK""","0.05","false","""normal""","1","""constant""","0.1","""Scale-free""","1","0","1","""uniform""","""deterministic-normal""","0","0","1","""normal""","-0.19999999999999996","0.9","false","""/home/ramaswamy.51/Documents/github/Spirals/Media/data/cluster/endsim/BehaviorSearch/Step6_Trial""","true","0","1","0","0","true","false","""-544375265""","0.1133928839574653","0.1133928839574653","0.1133928839574653","0","0.1133928839574653"
"1","814","2480","1000","1","""HK""","0.05","false","""normal""","1","""constant""","0.1","""Scale-free""","1","0","1","""uniform""","""deterministic-normal""","0","0","1","""normal""","-0.19999999999999996","0.9","false","""/home/ramaswamy.51/Documents/github/Spirals/Media/data/cluster/endsim/BehaviorSearch/Step6_Trial""","true","0","1","0","0","true","false","""-733045514""","0.12058849182038354","0.12058849182038354","0.12058849182038354","0","0.12058849182038354"
"1","815","2480","1000","1","""HK""","0.05","false","""normal""","1","""constant""","0.1","""Scale-free""","1","0","1","""uniform""","""deterministic-normal""","0","0","1","""normal""","-0.19999999999999996","0.9","false","""/home/ramaswamy.51/Documents/github/Spirals/Media/data/cluster/endsim/BehaviorSearch/Step6_Trial""","true","0","1","0","0","true","false","""-1809626231""","0.11903364062300237","0.11903364062300237","0.11903364062300237","0","0.11903364062300237"
"1","816","2480","1000","1","""HK""","0.05","false","""normal""","1","""constant""","0.1","""Scale-free""","1","0","1","""uniform""","""deterministic-normal""","0","0","1","""normal""","-0.19999999999999996","0.9","false","""/home/ramaswamy.51/Documents/github/Spirals/Media/data/cluster/endsim/BehaviorSearch/Step6_Trial""","true","0","1","0","0","true","false","""1135698456""","0.09601802575746007","0.09601802575746007","0.09601802575746007","0","0.09601802575746007"
"1","817","2664","1000","1","""HK""","0.01","false","""normal""","1","""constant""","0.1","""Scale-free""","1","0","1","""uniform""","""deterministic-normal""","0","0","1","""normal""","-0.09999999999999998","0.6000000000000001","false","""/home/ramaswamy.51/Documents/github/Spirals/Media/data/cluster/endsim/BehaviorSearch/Step6_Trial""","true","0","1","0","0","true","false","""517248277""","0.137426365667636","0.137426365667636","0.137426365667636","0","0.137426365667636"
"1","818","2664","1000","1","""HK""","0.01","false","""normal""","1","""constant""","0.1","""Scale-free""","1","0","1","""uniform""","""deterministic-normal""","0","0","1","""normal""","-0.09999999999999998","0.6000000000000001","false","""/home/ramaswamy.51/Documents/github/Spirals/Media/data/cluster/endsim/BehaviorSearch/Step6_Trial""","true","0","1","0","0","true","false","""-1722590640""","0.10124176597571553","0.10124176597571553","0.10124176597571553","0","0.10124176597571553"
"1","819","2664","1000","1","""HK""","0.01","false","""normal""","1","""constant""","0.1","""Scale-free""","1","0","1","""uniform""","""deterministic-normal""","0","0","1","""normal""","-0.09999999999999998","0.6000000000000001","false","""/home/ramaswamy.51/Documents/github/Spirals/Media/data/cluster/endsim/BehaviorSearch/Step6_Trial""","true","0","1","0","0","true","false","""176693964""","0.11190967483168851","0.11190967483168851","0.11190967483168851","0","0.11190967483168851"
"1","820","2664","1000","1","""HK""","0.01","false","""normal""","1","""constant""","0.1","""Scale-free""","1","0","1","""uniform""","""deterministic-normal""","0","0","1","""normal""","-0.09999999999999998","0.6000000000000001","false","""/home/ramaswamy.51/Documents/github/Spirals/Media/data/cluster/endsim/BehaviorSearch/Step6_Trial""","true","0","1","0","0","true","false","""-1935098367""","0.10322227896740334","0.10322227896740334","0.10322227896740334","0","0.10322227896740334"
"1","821","2684","1000","1","""HK""","0.01","false","""normal""","1","""constant""","0.30000000000000004","""Scale-free""","1","0","1","""uniform""","""deterministic-normal""","0","0","1","""normal""","-0.09999999999999998","0.8","false","""/home/ramaswamy.51/Documents/github/Spirals/Media/data/cluster/endsim/BehaviorSearch/Step6_Trial""","true","0","1","0","0","true","false","""50451300""","0.28814454402479883","0.28814454402479883","0.28814454402479883","0","0.28814454402479883"
"1","822","2684","1000","1","""HK""","0.01","false","""normal""","1","""constant""","0.30000000000000004","""Scale-free""","1","0","1","""uniform""","""deterministic-normal""","0","0","1","""normal""","-0.09999999999999998","0.8","false","""/home/ramaswamy.51/Documents/github/Spirals/Media/data/cluster/endsim/BehaviorSearch/Step6_Trial""","true","0","1","0","0","true","false","""1491867010""","0.2816370064701641","0.2816370064701641","0.2816370064701641","0","0.2816370064701641"
"1","823","2684","1000","1","""HK""","0.01","false","""normal""","1","""constant""","0.30000000000000004","""Scale-free""","1","0","1","""uniform""","""deterministic-normal""","0","0","1","""normal""","-0.09999999999999998","0.8","false","""/home/ramaswamy.51/Documents/github/Spirals/Media/data/cluster/endsim/BehaviorSearch/Step6_Trial""","true","0","1","0","0","true","false","""1186107986""","0.281986810109863","0.281986810109863","0.281986810109863","0","0.281986810109863"
"1","824","2684","1000","1","""HK""","0.01","false","""normal""","1","""constant""","0.30000000000000004","""Scale-free""","1","0","1","""uniform""","""deterministic-normal""","0","0","1","""normal""","-0.09999999999999998","0.8","false","""/home/ramaswamy.51/Documents/github/Spirals/Media/data/cluster/endsim/BehaviorSearch/Step6_Trial""","true","0","1","0","0","true","false","""1533018368""","0.26532782595535187","0.26532782595535187","0.26532782595535187","0","0.26532782595535187"
"1","825","2752","1000","1","""HK""","0.05","false","""normal""","1","""constant""","0.1","""Scale-free""","1","0","1","""uniform""","""deterministic-normal""","0","0","1","""normal""","-0.09999999999999998","1","false","""/home/ramaswamy.51/Documents/github/Spirals/Media/data/cluster/endsim/BehaviorSearch/Step6_Trial""","true","0","1","0","0","true","false","""-617841731""","0.13670660898533324","0.13670660898533324","0.13670660898533324","0","0.13670660898533324"
"1","826","2752","1000","1","""HK""","0.05","false","""normal""","1","""constant""","0.1","""Scale-free""","1","0","1","""uniform""","""deterministic-normal""","0","0","1","""normal""","-0.09999999999999998","1","false","""/home/ramaswamy.51/Documents/github/Spirals/Media/data/cluster/endsim/BehaviorSearch/Step6_Trial""","true","0","1","0","0","true","false","""-1801167579""","0.13560439260988003","0.13560439260988003","0.13560439260988003","0","0.13560439260988003"
"1","827","2752","1000","1","""HK""","0.05","false","""normal""","1","""constant""","0.1","""Scale-free""","1","0","1","""uniform""","""deterministic-normal""","0","0","1","""normal""","-0.09999999999999998","1","false","""/home/ramaswamy.51/Documents/github/Spirals/Media/data/cluster/endsim/BehaviorSearch/Step6_Trial""","true","0","1","0","0","true","false","""2059455216""","0.11543315318354964","0.11543315318354964","0.11543315318354964","0","0.11543315318354964"
"1","828","2752","1000","1","""HK""","0.05","false","""normal""","1","""constant""","0.1","""Scale-free""","1","0","1","""uniform""","""deterministic-normal""","0","0","1","""normal""","-0.09999999999999998","1","false","""/home/ramaswamy.51/Documents/github/Spirals/Media/data/cluster/endsim/BehaviorSearch/Step6_Trial""","true","0","1","0","0","true","false","""419106226""","0.12383027547930141","0.12383027547930141","0.12383027547930141","0","0.12383027547930141"
"1","829","2784","1000","1","""HK""","0.01","false","""normal""","1","""constant""","0","""Scale-free""","1","0","1","""uniform""","""deterministic-normal""","0","0","1","""normal""","0.10000000000000009","0.9","false","""/home/ramaswamy.51/Documents/github/Spirals/Media/data/cluster/endsim/BehaviorSearch/Step6_Trial""","true","0","1","0","0","true","false","""-1083474587""","0.14009537878132605","0.14009537878132605","0.14009537878132605","0","0.14009537878132605"
"1","830","2784","1000","1","""HK""","0.01","false","""normal""","1","""constant""","0","""Scale-free""","1","0","1","""uniform""","""deterministic-normal""","0","0","1","""normal""","0.10000000000000009","0.9","false","""/home/ramaswamy.51/Documents/github/Spirals/Media/data/cluster/endsim/BehaviorSearch/Step6_Trial""","true","0","1","0","0","true","false","""-1933977471""","0.15691283669402953","0.15691283669402953","0.15691283669402953","0","0.15691283669402953"
"1","831","2784","1000","1","""HK""","0.01","false","""normal""","1","""constant""","0","""Scale-free""","1","0","1","""uniform""","""deterministic-normal""","0","0","1","""normal""","0.10000000000000009","0.9","false","""/home/ramaswamy.51/Documents/github/Spirals/Media/data/cluster/endsim/BehaviorSearch/Step6_Trial""","true","0","1","0","0","true","false","""1584724208""","0.1613620740417773","0.1613620740417773","0.1613620740417773","0","0.1613620740417773"
"1","832","2784","1000","1","""HK""","0.01","false","""normal""","1","""constant""","0","""Scale-free""","1","0","1","""uniform""","""deterministic-normal""","0","0","1","""normal""","0.10000000000000009","0.9","false","""/home/ramaswamy.51/Documents/github/Spirals/Media/data/cluster/endsim/BehaviorSearch/Step6_Trial""","true","0","1","0","0","true","false","""712536887""","0.152050437570467","0.152050437570467","0.152050437570467","0","0.152050437570467"
"1","833","3100","1000","1","""HK""","0.01","false","""normal""","1","""constant""","0.1","""Scale-free""","1","0","1","""uniform""","""deterministic-normal""","0","0","1","""normal""","0.30000000000000004","0.8","false","""/home/ramaswamy.51/Documents/github/Spirals/Media/data/cluster/endsim/BehaviorSearch/Step6_Trial""","true","0","1","0","0","true","false","""-1755946219""","0.10788777974947471","0.10788777974947471","0.10788777974947471","0","0.10788777974947471"
"1","834","3100","1000","1","""HK""","0.01","false","""normal""","1","""constant""","0.1","""Scale-free""","1","0","1","""uniform""","""deterministic-normal""","0","0","1","""normal""","0.30000000000000004","0.8","false","""/home/ramaswamy.51/Documents/github/Spirals/Media/data/cluster/endsim/BehaviorSearch/Step6_Trial""","true","0","1","0","0","true","false","""-2129168686""","0.13620150289205857","0.13620150289205857","0.13620150289205857","0","0.13620150289205857"
"1","835","3100","1000","1","""HK""","0.01","false","""normal""","1","""constant""","0.1","""Scale-free""","1","0","1","""uniform""","""deterministic-normal""","0","0","1","""normal""","0.30000000000000004","0.8","false","""/home/ramaswamy.51/Documents/github/Spirals/Media/data/cluster/endsim/BehaviorSearch/Step6_Trial""","true","0","1","0","0","true","false","""610079996""","0.11457304839312203","0.11457304839312203","0.11457304839312203","0","0.11457304839312203"
"1","836","3100","1000","1","""HK""","0.01","false","""normal""","1","""constant""","0.1","""Scale-free""","1","0","1","""uniform""","""deterministic-normal""","0","0","1","""normal""","0.30000000000000004","0.8","false","""/home/ramaswamy.51/Documents/github/Spirals/Media/data/cluster/endsim/BehaviorSearch/Step6_Trial""","true","0","1","0","0","true","false","""-605282187""","0.11149370979629915","0.11149370979629915","0.11149370979629915","0","0.11149370979629915"
"1","837","3152","1000","1","""HK""","0.05","false","""normal""","1","""constant""","0.1","""Scale-free""","1","0","1","""uniform""","""deterministic-normal""","0","0","1","""normal""","-0.09999999999999998","0.7000000000000001","false","""/home/ramaswamy.51/Documents/github/Spirals/Media/data/cluster/endsim/BehaviorSearch/Step6_Trial""","true","0","1","0","0","true","false","""1031935251""","0.14337777509286612","0.14337777509286612","0.14337777509286612","0","0.14337777509286612"
"1","838","3152","1000","1","""HK""","0.05","false","""normal""","1","""constant""","0.1","""Scale-free""","1","0","1","""uniform""","""deterministic-normal""","0","0","1","""normal""","-0.09999999999999998","0.7000000000000001","false","""/home/ramaswamy.51/Documents/github/Spirals/Media/data/cluster/endsim/BehaviorSearch/Step6_Trial""","true","0","1","0","0","true","false","""468710268""","0.14267465954785538","0.14267465954785538","0.14267465954785538","0","0.14267465954785538"
"1","839","3152","1000","1","""HK""","0.05","false","""normal""","1","""constant""","0.1","""Scale-free""","1","0","1","""uniform""","""deterministic-normal""","0","0","1","""normal""","-0.09999999999999998","0.7000000000000001","false","""/home/ramaswamy.51/Documents/github/Spirals/Media/data/cluster/endsim/BehaviorSearch/Step6_Trial""","true","0","1","0","0","true","false","""807757172""","0.13364878796125018","0.13364878796125018","0.13364878796125018","0","0.13364878796125018"
"1","840","3152","1000","1","""HK""","0.05","false","""normal""","1","""constant""","0.1","""Scale-free""","1","0","1","""uniform""","""deterministic-normal""","0","0","1","""normal""","-0.09999999999999998","0.7000000000000001","false","""/home/ramaswamy.51/Documents/github/Spirals/Media/data/cluster/endsim/BehaviorSearch/Step6_Trial""","true","0","1","0","0","true","false","""578653427""","0.14743397834805577","0.14743397834805577","0.14743397834805577","0","0.14743397834805577"
"1","841","3260","1000","1","""HK""","0.01","false","""normal""","1","""constant""","0.2","""Scale-free""","1","0","1","""uniform""","""deterministic-normal""","0","0","1","""normal""","-0.09999999999999998","0.7000000000000001","false","""/home/ramaswamy.51/Documents/github/Spirals/Media/data/cluster/endsim/BehaviorSearch/Step6_Trial""","true","0","1","0","0","true","false","""1629597101""","0.2257290203524981","0.2257290203524981","0.2257290203524981","0","0.2257290203524981"
"1","842","3260","1000","1","""HK""","0.01","false","""normal""","1","""constant""","0.2","""Scale-free""","1","0","1","""uniform""","""deterministic-normal""","0","0","1","""normal""","-0.09999999999999998","0.7000000000000001","false","""/home/ramaswamy.51/Documents/github/Spirals/Media/data/cluster/endsim/BehaviorSearch/Step6_Trial""","true","0","1","0","0","true","false","""-1342903509""","0.20100050398164754","0.20100050398164754","0.20100050398164754","0","0.20100050398164754"
"1","843","3260","1000","1","""HK""","0.01","false","""normal""","1","""constant""","0.2","""Scale-free""","1","0","1","""uniform""","""deterministic-normal""","0","0","1","""normal""","-0.09999999999999998","0.7000000000000001","false","""/home/ramaswamy.51/Documents/github/Spirals/Media/data/cluster/endsim/BehaviorSearch/Step6_Trial""","true","0","1","0","0","true","false","""-2041594024""","0.19907308908164786","0.19907308908164786","0.19907308908164786","0","0.19907308908164786"
"1","844","3260","1000","1","""HK""","0.01","false","""normal""","1","""constant""","0.2","""Scale-free""","1","0","1","""uniform""","""deterministic-normal""","0","0","1","""normal""","-0.09999999999999998","0.7000000000000001","false","""/home/ramaswamy.51/Documents/github/Spirals/Media/data/cluster/endsim/BehaviorSearch/Step6_Trial""","true","0","1","0","0","true","false","""1465377755""","0.21324190181030978","0.21324190181030978","0.21324190181030978","0","0.21324190181030978"
"1","845","3264","1000","1","""HK""","0.060000000000000005","false","""normal""","1","""constant""","0.1","""Scale-free""","1","0","1","""uniform""","""deterministic-normal""","0","0","1","""normal""","-0.29999999999999993","0.9","false","""/home/ramaswamy.51/Documents/github/Spirals/Media/data/cluster/endsim/BehaviorSearch/Step6_Trial""","true","0","1","0","0","true","false","""-414596816""","0.14853100521186033","0.14853100521186033","0.14853100521186033","0","0.14853100521186033"
"1","846","3264","1000","1","""HK""","0.060000000000000005","false","""normal""","1","""constant""","0.1","""Scale-free""","1","0","1","""uniform""","""deterministic-normal""","0","0","1","""normal""","-0.29999999999999993","0.9","false","""/home/ramaswamy.51/Documents/github/Spirals/Media/data/cluster/endsim/BehaviorSearch/Step6_Trial""","true","0","1","0","0","true","false","""-1013751279""","0.1244434143888622","0.1244434143888622","0.1244434143888622","0","0.1244434143888622"
"1","847","3264","1000","1","""HK""","0.060000000000000005","false","""normal""","1","""constant""","0.1","""Scale-free""","1","0","1","""uniform""","""deterministic-normal""","0","0","1","""normal""","-0.29999999999999993","0.9","false","""/home/ramaswamy.51/Documents/github/Spirals/Media/data/cluster/endsim/BehaviorSearch/Step6_Trial""","true","0","1","0","0","true","false","""1105318973""","0.13455835233734062","0.13455835233734062","0.13455835233734062","0","0.13455835233734062"
"1","848","3264","1000","1","""HK""","0.060000000000000005","false","""normal""","1","""constant""","0.1","""Scale-free""","1","0","1","""uniform""","""deterministic-normal""","0","0","1","""normal""","-0.29999999999999993","0.9","false","""/home/ramaswamy.51/Documents/github/Spirals/Media/data/cluster/endsim/BehaviorSearch/Step6_Trial""","true","0","1","0","0","true","false","""1024600711""","0.1316608972206056","0.1316608972206056","0.1316608972206056","0","0.1316608972206056"
"1","849","3344","1000","1","""HK""","0.01","false","""normal""","1","""constant""","0.1","""Scale-free""","1","0","1","""uniform""","""deterministic-normal""","0","0","1","""normal""","-0.6","0.8","false","""/home/ramaswamy.51/Documents/github/Spirals/Media/data/cluster/endsim/BehaviorSearch/Step6_Trial""","true","0","1","0","0","true","false","""-1080187279""","0.15158715415733556","0.15158715415733556","0.15158715415733556","0","0.15158715415733556"
"1","850","3344","1000","1","""HK""","0.01","false","""normal""","1","""constant""","0.1","""Scale-free""","1","0","1","""uniform""","""deterministic-normal""","0","0","1","""normal""","-0.6","0.8","false","""/home/ramaswamy.51/Documents/github/Spirals/Media/data/cluster/endsim/BehaviorSearch/Step6_Trial""","true","0","1","0","0","true","false","""1361710160""","0.15497741753929045","0.15497741753929045","0.15497741753929045","0","0.15497741753929045"
"1","851","3344","1000","1","""HK""","0.01","false","""normal""","1","""constant""","0.1","""Scale-free""","1","0","1","""uniform""","""deterministic-normal""","0","0","1","""normal""","-0.6","0.8","false","""/home/ramaswamy.51/Documents/github/Spirals/Media/data/cluster/endsim/BehaviorSearch/Step6_Trial""","true","0","1","0","0","true","false","""346685635""","0.12980813431456178","0.12980813431456178","0.12980813431456178","0","0.12980813431456178"
"1","852","3344","1000","1","""HK""","0.01","false","""normal""","1","""constant""","0.1","""Scale-free""","1","0","1","""uniform""","""deterministic-normal""","0","0","1","""normal""","-0.6","0.8","false","""/home/ramaswamy.51/Documents/github/Spirals/Media/data/cluster/endsim/BehaviorSearch/Step6_Trial""","true","0","1","0","0","true","false","""-458923809""","0.1402294030889245","0.1402294030889245","0.1402294030889245","0","0.1402294030889245"
"1","853","3368","1000","1","""HK""","0.01","false","""normal""","1","""constant""","0.1","""Scale-free""","1","0","1","""uniform""","""deterministic-normal""","0","0","1","""normal""","-0.6","0.9","false","""/home/ramaswamy.51/Documents/github/Spirals/Media/data/cluster/endsim/BehaviorSearch/Step6_Trial""","true","0","1","0","0","true","false","""-1015143990""","0.12086266870437593","0.12086266870437593","0.12086266870437593","0","0.12086266870437593"
"1","854","3368","1000","1","""HK""","0.01","false","""normal""","1","""constant""","0.1","""Scale-free""","1","0","1","""uniform""","""deterministic-normal""","0","0","1","""normal""","-0.6","0.9","false","""/home/ramaswamy.51/Documents/github/Spirals/Media/data/cluster/endsim/BehaviorSearch/Step6_Trial""","true","0","1","0","0","true","false","""1281631685""","0.13013876139791586","0.13013876139791586","0.13013876139791586","0","0.13013876139791586"
"1","855","3368","1000","1","""HK""","0.01","false","""normal""","1","""constant""","0.1","""Scale-free""","1","0","1","""uniform""","""deterministic-normal""","0","0","1","""normal""","-0.6","0.9","false","""/home/ramaswamy.51/Documents/github/Spirals/Media/data/cluster/endsim/BehaviorSearch/Step6_Trial""","true","0","1","0","0","true","false","""-1973273005""","0.12124820048193763","0.12124820048193763","0.12124820048193763","0","0.12124820048193763"
"1","856","3368","1000","1","""HK""","0.01","false","""normal""","1","""constant""","0.1","""Scale-free""","1","0","1","""uniform""","""deterministic-normal""","0","0","1","""normal""","-0.6","0.9","false","""/home/ramaswamy.51/Documents/github/Spirals/Media/data/cluster/endsim/BehaviorSearch/Step6_Trial""","true","0","1","0","0","true","false","""1614555436""","0.12457763186041623","0.12457763186041623","0.12457763186041623","0","0.12457763186041623"
"1","857","3376","1000","1","""HK""","0.04","false","""normal""","1","""constant""","0.1","""Scale-free""","1","0","1","""uniform""","""deterministic-normal""","0","0","1","""normal""","-0.09999999999999998","1","false","""/home/ramaswamy.51/Documents/github/Spirals/Media/data/cluster/endsim/BehaviorSearch/Step6_Trial""","true","0","1","0","0","true","false","""-1813905196""","0.10333722891637362","0.10333722891637362","0.10333722891637362","0","0.10333722891637362"
"1","858","3376","1000","1","""HK""","0.04","false","""normal""","1","""constant""","0.1","""Scale-free""","1","0","1","""uniform""","""deterministic-normal""","0","0","1","""normal""","-0.09999999999999998","1","false","""/home/ramaswamy.51/Documents/github/Spirals/Media/data/cluster/endsim/BehaviorSearch/Step6_Trial""","true","0","1","0","0","true","false","""1167478853""","0.1032101212462194","0.1032101212462194","0.1032101212462194","0","0.1032101212462194"
"1","859","3376","1000","1","""HK""","0.04","false","""normal""","1","""constant""","0.1","""Scale-free""","1","0","1","""uniform""","""deterministic-normal""","0","0","1","""normal""","-0.09999999999999998","1","false","""/home/ramaswamy.51/Documents/github/Spirals/Media/data/cluster/endsim/BehaviorSearch/Step6_Trial""","true","0","1","0","0","true","false","""1595999723""","0.10137572922751167","0.10137572922751167","0.10137572922751167","0","0.10137572922751167"
"1","860","3376","1000","1","""HK""","0.04","false","""normal""","1","""constant""","0.1","""Scale-free""","1","0","1","""uniform""","""deterministic-normal""","0","0","1","""normal""","-0.09999999999999998","1","false","""/home/ramaswamy.51/Documents/github/Spirals/Media/data/cluster/endsim/BehaviorSearch/Step6_Trial""","true","0","1","0","0","true","false","""-31542161""","0.08776010857946714","0.08776010857946714","0.08776010857946714","0","0.08776010857946714"
"1","861","3452","1000","1","""HK""","0.04","false","""normal""","1","""constant""","0","""Scale-free""","1","0","1","""uniform""","""deterministic-normal""","0","0","1","""normal""","-0.09999999999999998","0.9","false","""/home/ramaswamy.51/Documents/github/Spirals/Media/data/cluster/endsim/BehaviorSearch/Step6_Trial""","true","0","1","0","0","true","false","""1495805735""","0.14497408530409855","0.14497408530409855","0.14497408530409855","0","0.14497408530409855"
"1","862","3452","1000","1","""HK""","0.04","false","""normal""","1","""constant""","0","""Scale-free""","1","0","1","""uniform""","""deterministic-normal""","0","0","1","""normal""","-0.09999999999999998","0.9","false","""/home/ramaswamy.51/Documents/github/Spirals/Media/data/cluster/endsim/BehaviorSearch/Step6_Trial""","true","0","1","0","0","true","false","""364226959""","0.1805142188001705","0.1805142188001705","0.1805142188001705","0","0.1805142188001705"
"1","863","3452","1000","1","""HK""","0.04","false","""normal""","1","""constant""","0","""Scale-free""","1","0","1","""uniform""","""deterministic-normal""","0","0","1","""normal""","-0.09999999999999998","0.9","false","""/home/ramaswamy.51/Documents/github/Spirals/Media/data/cluster/endsim/BehaviorSearch/Step6_Trial""","true","0","1","0","0","true","false","""1722634991""","0.15819071769429444","0.15819071769429444","0.15819071769429444","0","0.15819071769429444"
"1","864","3452","1000","1","""HK""","0.04","false","""normal""","1","""constant""","0","""Scale-free""","1","0","1","""uniform""","""deterministic-normal""","0","0","1","""normal""","-0.09999999999999998","0.9","false","""/home/ramaswamy.51/Documents/github/Spirals/Media/data/cluster/endsim/BehaviorSearch/Step6_Trial""","true","0","1","0","0","true","false","""1158281871""","0.17890877234171365","0.17890877234171365","0.17890877234171365","0","0.17890877234171365"
"1","865","3512","1000","1","""HK""","0.01","false","""normal""","1","""constant""","0","""Scale-free""","1","0","1","""uniform""","""deterministic-normal""","0","0","1","""normal""","-0.29999999999999993","0.9","false","""/home/ramaswamy.51/Documents/github/Spirals/Media/data/cluster/endsim/BehaviorSearch/Step6_Trial""","true","0","1","0","0","true","false","""923950155""","0.15774055378833504","0.15774055378833504","0.15774055378833504","0","0.15774055378833504"
"1","866","3512","1000","1","""HK""","0.01","false","""normal""","1","""constant""","0","""Scale-free""","1","0","1","""uniform""","""deterministic-normal""","0","0","1","""normal""","-0.29999999999999993","0.9","false","""/home/ramaswamy.51/Documents/github/Spirals/Media/data/cluster/endsim/BehaviorSearch/Step6_Trial""","true","0","1","0","0","true","false","""846559261""","0.1635057747276783","0.1635057747276783","0.1635057747276783","0","0.1635057747276783"
"1","867","3512","1000","1","""HK""","0.01","false","""normal""","1","""constant""","0","""Scale-free""","1","0","1","""uniform""","""deterministic-normal""","0","0","1","""normal""","-0.29999999999999993","0.9","false","""/home/ramaswamy.51/Documents/github/Spirals/Media/data/cluster/endsim/BehaviorSearch/Step6_Trial""","true","0","1","0","0","true","false","""1240269914""","0.16129026250499887","0.16129026250499887","0.16129026250499887","0","0.16129026250499887"
"1","868","3512","1000","1","""HK""","0.01","false","""normal""","1","""constant""","0","""Scale-free""","1","0","1","""uniform""","""deterministic-normal""","0","0","1","""normal""","-0.29999999999999993","0.9","false","""/home/ramaswamy.51/Documents/github/Spirals/Media/data/cluster/endsim/BehaviorSearch/Step6_Trial""","true","0","1","0","0","true","false","""-1395143619""","0.18506194658189273","0.18506194658189273","0.18506194658189273","0","0.18506194658189273"
"1","869","3548","1000","1","""HK""","0.04","false","""normal""","1","""constant""","0.2","""Scale-free""","1","0","1","""uniform""","""deterministic-normal""","0","0","1","""normal""","-0.19999999999999996","0.9","false","""/home/ramaswamy.51/Documents/github/Spirals/Media/data/cluster/endsim/BehaviorSearch/Step6_Trial""","true","0","1","0","0","true","false","""1868835089""","0.221651457193863","0.221651457193863","0.221651457193863","0","0.221651457193863"
"1","870","3548","1000","1","""HK""","0.04","false","""normal""","1","""constant""","0.2","""Scale-free""","1","0","1","""uniform""","""deterministic-normal""","0","0","1","""normal""","-0.19999999999999996","0.9","false","""/home/ramaswamy.51/Documents/github/Spirals/Media/data/cluster/endsim/BehaviorSearch/Step6_Trial""","true","0","1","0","0","true","false","""133646391""","0.24458699777632606","0.24458699777632606","0.24458699777632606","0","0.24458699777632606"
"1","871","3548","1000","1","""HK""","0.04","false","""normal""","1","""constant""","0.2","""Scale-free""","1","0","1","""uniform""","""deterministic-normal""","0","0","1","""normal""","-0.19999999999999996","0.9","false","""/home/ramaswamy.51/Documents/github/Spirals/Media/data/cluster/endsim/BehaviorSearch/Step6_Trial""","true","0","1","0","0","true","false","""-1000757433""","0.22862857193224448","0.22862857193224448","0.22862857193224448","0","0.22862857193224448"
"1","872","3548","1000","1","""HK""","0.04","false","""normal""","1","""constant""","0.2","""Scale-free""","1","0","1","""uniform""","""deterministic-normal""","0","0","1","""normal""","-0.19999999999999996","0.9","false","""/home/ramaswamy.51/Documents/github/Spirals/Media/data/cluster/endsim/BehaviorSearch/Step6_Trial""","true","0","1","0","0","true","false","""-889956432""","0.20566936496366922","0.20566936496366922","0.20566936496366922","0","0.20566936496366922"
"1","873","3660","1000","1","""HK""","0.060000000000000005","false","""normal""","1","""constant""","0.1","""Scale-free""","1","0","1","""uniform""","""deterministic-normal""","0","0","1","""normal""","0","0.9","false","""/home/ramaswamy.51/Documents/github/Spirals/Media/data/cluster/endsim/BehaviorSearch/Step6_Trial""","true","0","1","0","0","true","false","""-1363645143""","0.1198069334783198","0.1198069334783198","0.1198069334783198","0","0.1198069334783198"
"1","874","3660","1000","1","""HK""","0.060000000000000005","false","""normal""","1","""constant""","0.1","""Scale-free""","1","0","1","""uniform""","""deterministic-normal""","0","0","1","""normal""","0","0.9","false","""/home/ramaswamy.51/Documents/github/Spirals/Media/data/cluster/endsim/BehaviorSearch/Step6_Trial""","true","0","1","0","0","true","false","""-1486423502""","0.14730280351984848","0.14730280351984848","0.14730280351984848","0","0.14730280351984848"
"1","875","3660","1000","1","""HK""","0.060000000000000005","false","""normal""","1","""constant""","0.1","""Scale-free""","1","0","1","""uniform""","""deterministic-normal""","0","0","1","""normal""","0","0.9","false","""/home/ramaswamy.51/Documents/github/Spirals/Media/data/cluster/endsim/BehaviorSearch/Step6_Trial""","true","0","1","0","0","true","false","""-894565692""","0.14285401091020047","0.14285401091020047","0.14285401091020047","0","0.14285401091020047"
"1","876","3660","1000","1","""HK""","0.060000000000000005","false","""normal""","1","""constant""","0.1","""Scale-free""","1","0","1","""uniform""","""deterministic-normal""","0","0","1","""normal""","0","0.9","false","""/home/ramaswamy.51/Documents/github/Spirals/Media/data/cluster/endsim/BehaviorSearch/Step6_Trial""","true","0","1","0","0","true","false","""1504032875""","0.16010011763596144","0.16010011763596144","0.16010011763596144","0","0.16010011763596144"
"1","877","3744","1000","1","""HK""","0.05","false","""normal""","1","""constant""","0.1","""Scale-free""","1","0","1","""uniform""","""deterministic-normal""","0","0","1","""normal""","0.10000000000000009","0.7000000000000001","false","""/home/ramaswamy.51/Documents/github/Spirals/Media/data/cluster/endsim/BehaviorSearch/Step6_Trial""","true","0","1","0","0","true","false","""-546370453""","0.1365518681305288","0.1365518681305288","0.1365518681305288","0","0.1365518681305288"
"1","878","3744","1000","1","""HK""","0.05","false","""normal""","1","""constant""","0.1","""Scale-free""","1","0","1","""uniform""","""deterministic-normal""","0","0","1","""normal""","0.10000000000000009","0.7000000000000001","false","""/home/ramaswamy.51/Documents/github/Spirals/Media/data/cluster/endsim/BehaviorSearch/Step6_Trial""","true","0","1","0","0","true","false","""-1720114015""","0.1214769065560658","0.1214769065560658","0.1214769065560658","0","0.1214769065560658"
"1","879","3744","1000","1","""HK""","0.05","false","""normal""","1","""constant""","0.1","""Scale-free""","1","0","1","""uniform""","""deterministic-normal""","0","0","1","""normal""","0.10000000000000009","0.7000000000000001","false","""/home/ramaswamy.51/Documents/github/Spirals/Media/data/cluster/endsim/BehaviorSearch/Step6_Trial""","true","0","1","0","0","true","false","""314158201""","0.12470354527650741","0.12470354527650741","0.12470354527650741","0","0.12470354527650741"
"1","880","3744","1000","1","""HK""","0.05","false","""normal""","1","""constant""","0.1","""Scale-free""","1","0","1","""uniform""","""deterministic-normal""","0","0","1","""normal""","0.10000000000000009","0.7000000000000001","false","""/home/ramaswamy.51/Documents/github/Spirals/Media/data/cluster/endsim/BehaviorSearch/Step6_Trial""","true","0","1","0","0","true","false","""-752345442""","0.13869134960395335","0.13869134960395335","0.13869134960395335","0","0.13869134960395335"
"1","881","3764","1000","1","""HK""","0.03","false","""normal""","1","""constant""","0.2","""Scale-free""","1","0","1","""uniform""","""deterministic-normal""","0","0","1","""normal""","0.20000000000000018","0.9","false","""/home/ramaswamy.51/Documents/github/Spirals/Media/data/cluster/endsim/BehaviorSearch/Step6_Trial""","true","0","1","0","0","true","false","""-859376225""","0.20749419526086268","0.20749419526086268","0.20749419526086268","0","0.20749419526086268"
"1","882","3764","1000","1","""HK""","0.03","false","""normal""","1","""constant""","0.2","""Scale-free""","1","0","1","""uniform""","""deterministic-normal""","0","0","1","""normal""","0.20000000000000018","0.9","false","""/home/ramaswamy.51/Documents/github/Spirals/Media/data/cluster/endsim/BehaviorSearch/Step6_Trial""","true","0","1","0","0","true","false","""547416576""","0.21114129936023068","0.21114129936023068","0.21114129936023068","0","0.21114129936023068"
"1","883","3764","1000","1","""HK""","0.03","false","""normal""","1","""constant""","0.2","""Scale-free""","1","0","1","""uniform""","""deterministic-normal""","0","0","1","""normal""","0.20000000000000018","0.9","false","""/home/ramaswamy.51/Documents/github/Spirals/Media/data/cluster/endsim/BehaviorSearch/Step6_Trial""","true","0","1","0","0","true","false","""1733406590""","0.20395647413883","0.20395647413883","0.20395647413883","0","0.20395647413883"
"1","884","3764","1000","1","""HK""","0.03","false","""normal""","1","""constant""","0.2","""Scale-free""","1","0","1","""uniform""","""deterministic-normal""","0","0","1","""normal""","0.20000000000000018","0.9","false","""/home/ramaswamy.51/Documents/github/Spirals/Media/data/cluster/endsim/BehaviorSearch/Step6_Trial""","true","0","1","0","0","true","false","""-256129841""","0.2262409338110733","0.2262409338110733","0.2262409338110733","0","0.2262409338110733"
"1","885","3788","1000","1","""HK""","0.09","false","""normal""","1","""constant""","0.1","""Scale-free""","1","0","1","""uniform""","""deterministic-normal""","0","0","1","""normal""","-0.09999999999999998","0.9","false","""/home/ramaswamy.51/Documents/github/Spirals/Media/data/cluster/endsim/BehaviorSearch/Step6_Trial""","true","0","1","0","0","true","false","""-577330140""","0.18494017200227336","0.18494017200227336","0.18494017200227336","0","0.18494017200227336"
"1","886","3788","1000","1","""HK""","0.09","false","""normal""","1","""constant""","0.1","""Scale-free""","1","0","1","""uniform""","""deterministic-normal""","0","0","1","""normal""","-0.09999999999999998","0.9","false","""/home/ramaswamy.51/Documents/github/Spirals/Media/data/cluster/endsim/BehaviorSearch/Step6_Trial""","true","0","1","0","0","true","false","""393348663""","0.1684975383257312","0.1684975383257312","0.1684975383257312","0","0.1684975383257312"
"1","887","3788","1000","1","""HK""","0.09","false","""normal""","1","""constant""","0.1","""Scale-free""","1","0","1","""uniform""","""deterministic-normal""","0","0","1","""normal""","-0.09999999999999998","0.9","false","""/home/ramaswamy.51/Documents/github/Spirals/Media/data/cluster/endsim/BehaviorSearch/Step6_Trial""","true","0","1","0","0","true","false","""2143388289""","0.17036576499985104","0.17036576499985104","0.17036576499985104","0","0.17036576499985104"
"1","888","3788","1000","1","""HK""","0.09","false","""normal""","1","""constant""","0.1","""Scale-free""","1","0","1","""uniform""","""deterministic-normal""","0","0","1","""normal""","-0.09999999999999998","0.9","false","""/home/ramaswamy.51/Documents/github/Spirals/Media/data/cluster/endsim/BehaviorSearch/Step6_Trial""","true","0","1","0","0","true","false","""1112762282""","0.1710195839756422","0.1710195839756422","0.1710195839756422","0","0.1710195839756422"
"1","889","3796","1000","1","""HK""","0.01","false","""normal""","1","""constant""","0.2","""Scale-free""","1","0","1","""uniform""","""deterministic-normal""","0","0","1","""normal""","-0.19999999999999996","0.9","false","""/home/ramaswamy.51/Documents/github/Spirals/Media/data/cluster/endsim/BehaviorSearch/Step6_Trial""","true","0","1","0","0","true","false","""-725543314""","0.2075498366294","0.2075498366294","0.2075498366294","0","0.2075498366294"
"1","890","3796","1000","1","""HK""","0.01","false","""normal""","1","""constant""","0.2","""Scale-free""","1","0","1","""uniform""","""deterministic-normal""","0","0","1","""normal""","-0.19999999999999996","0.9","false","""/home/ramaswamy.51/Documents/github/Spirals/Media/data/cluster/endsim/BehaviorSearch/Step6_Trial""","true","0","1","0","0","true","false","""1272833605""","0.1965405370680692","0.1965405370680692","0.1965405370680692","0","0.1965405370680692"
"1","891","3796","1000","1","""HK""","0.01","false","""normal""","1","""constant""","0.2","""Scale-free""","1","0","1","""uniform""","""deterministic-normal""","0","0","1","""normal""","-0.19999999999999996","0.9","false","""/home/ramaswamy.51/Documents/github/Spirals/Media/data/cluster/endsim/BehaviorSearch/Step6_Trial""","true","0","1","0","0","true","false","""-2073018853""","0.2247961201557666","0.2247961201557666","0.2247961201557666","0","0.2247961201557666"
"1","892","3796","1000","1","""HK""","0.01","false","""normal""","1","""constant""","0.2","""Scale-free""","1","0","1","""uniform""","""deterministic-normal""","0","0","1","""normal""","-0.19999999999999996","0.9","false","""/home/ramaswamy.51/Documents/github/Spirals/Media/data/cluster/endsim/BehaviorSearch/Step6_Trial""","true","0","1","0","0","true","false","""1355740713""","0.1950156949029259","0.1950156949029259","0.1950156949029259","0","0.1950156949029259"
"1","893","3856","1000","1","""HK""","0.03","false","""normal""","1","""constant""","0.1","""Scale-free""","1","0","1","""uniform""","""deterministic-normal""","0","0","1","""normal""","0.10000000000000009","0.9","false","""/home/ramaswamy.51/Documents/github/Spirals/Media/data/cluster/endsim/BehaviorSearch/Step6_Trial""","true","0","1","0","0","true","false","""1942605823""","0.09356830967265746","0.09356830967265746","0.09356830967265746","0","0.09356830967265746"
"1","894","3856","1000","1","""HK""","0.03","false","""normal""","1","""constant""","0.1","""Scale-free""","1","0","1","""uniform""","""deterministic-normal""","0","0","1","""normal""","0.10000000000000009","0.9","false","""/home/ramaswamy.51/Documents/github/Spirals/Media/data/cluster/endsim/BehaviorSearch/Step6_Trial""","true","0","1","0","0","true","false","""-1427309694""","0.12681793790765616","0.12681793790765616","0.12681793790765616","0","0.12681793790765616"
"1","895","3856","1000","1","""HK""","0.03","false","""normal""","1","""constant""","0.1","""Scale-free""","1","0","1","""uniform""","""deterministic-normal""","0","0","1","""normal""","0.10000000000000009","0.9","false","""/home/ramaswamy.51/Documents/github/Spirals/Media/data/cluster/endsim/BehaviorSearch/Step6_Trial""","true","0","1","0","0","true","false","""-1302048043""","0.12530437891782364","0.12530437891782364","0.12530437891782364","0","0.12530437891782364"
"1","896","3856","1000","1","""HK""","0.03","false","""normal""","1","""constant""","0.1","""Scale-free""","1","0","1","""uniform""","""deterministic-normal""","0","0","1","""normal""","0.10000000000000009","0.9","false","""/home/ramaswamy.51/Documents/github/Spirals/Media/data/cluster/endsim/BehaviorSearch/Step6_Trial""","true","0","1","0","0","true","false","""978406567""","0.12275012298761621","0.12275012298761621","0.12275012298761621","0","0.12275012298761621"
"1","897","3940","1000","1","""HK""","0.01","false","""normal""","1","""constant""","0.1","""Scale-free""","1","0","1","""uniform""","""deterministic-normal""","0","0","1","""normal""","0.10000000000000009","0.8","false","""/home/ramaswamy.51/Documents/github/Spirals/Media/data/cluster/endsim/BehaviorSearch/Step6_Trial""","true","0","1","0","0","true","false","""833561450""","0.09465278635502149","0.09465278635502149","0.09465278635502149","0","0.09465278635502149"
"1","898","3940","1000","1","""HK""","0.01","false","""normal""","1","""constant""","0.1","""Scale-free""","1","0","1","""uniform""","""deterministic-normal""","0","0","1","""normal""","0.10000000000000009","0.8","false","""/home/ramaswamy.51/Documents/github/Spirals/Media/data/cluster/endsim/BehaviorSearch/Step6_Trial""","true","0","1","0","0","true","false","""-977344154""","0.10191688475699844","0.10191688475699844","0.10191688475699844","0","0.10191688475699844"
"1","899","3940","1000","1","""HK""","0.01","false","""normal""","1","""constant""","0.1","""Scale-free""","1","0","1","""uniform""","""deterministic-normal""","0","0","1","""normal""","0.10000000000000009","0.8","false","""/home/ramaswamy.51/Documents/github/Spirals/Media/data/cluster/endsim/BehaviorSearch/Step6_Trial""","true","0","1","0","0","true","false","""-1704692896""","0.0810624511541682","0.0810624511541682","0.0810624511541682","0","0.0810624511541682"
"1","900","3940","1000","1","""HK""","0.01","false","""normal""","1","""constant""","0.1","""Scale-free""","1","0","1","""uniform""","""deterministic-normal""","0","0","1","""normal""","0.10000000000000009","0.8","false","""/home/ramaswamy.51/Documents/github/Spirals/Media/data/cluster/endsim/BehaviorSearch/Step6_Trial""","true","0","1","0","0","true","false","""1190268496""","0.09408575406257419","0.09408575406257419","0.09408575406257419","0","0.09408575406257419"
"1","901","4036","1000","1","""HK""","0.01","false","""normal""","1","""constant""","0","""Scale-free""","1","0","1","""uniform""","""deterministic-normal""","0","0","1","""normal""","-0.09999999999999998","0.8","false","""/home/ramaswamy.51/Documents/github/Spirals/Media/data/cluster/endsim/BehaviorSearch/Step6_Trial""","true","0","1","0","0","true","false","""-947114290""","0.13053846051638776","0.13053846051638776","0.13053846051638776","0","0.13053846051638776"
"1","902","4036","1000","1","""HK""","0.01","false","""normal""","1","""constant""","0","""Scale-free""","1","0","1","""uniform""","""deterministic-normal""","0","0","1","""normal""","-0.09999999999999998","0.8","false","""/home/ramaswamy.51/Documents/github/Spirals/Media/data/cluster/endsim/BehaviorSearch/Step6_Trial""","true","0","1","0","0","true","false","""1319114555""","0.13696474796179853","0.13696474796179853","0.13696474796179853","0","0.13696474796179853"
"1","903","4036","1000","1","""HK""","0.01","false","""normal""","1","""constant""","0","""Scale-free""","1","0","1","""uniform""","""deterministic-normal""","0","0","1","""normal""","-0.09999999999999998","0.8","false","""/home/ramaswamy.51/Documents/github/Spirals/Media/data/cluster/endsim/BehaviorSearch/Step6_Trial""","true","0","1","0","0","true","false","""28171949""","0.15190467188029963","0.15190467188029963","0.15190467188029963","0","0.15190467188029963"
"1","904","4036","1000","1","""HK""","0.01","false","""normal""","1","""constant""","0","""Scale-free""","1","0","1","""uniform""","""deterministic-normal""","0","0","1","""normal""","-0.09999999999999998","0.8","false","""/home/ramaswamy.51/Documents/github/Spirals/Media/data/cluster/endsim/BehaviorSearch/Step6_Trial""","true","0","1","0","0","true","false","""1658732550""","0.14112771301534188","0.14112771301534188","0.14112771301534188","0","0.14112771301534188"
"1","905","4148","1000","1","""HK""","0.03","false","""normal""","1","""constant""","0.1","""Scale-free""","1","0","1","""uniform""","""deterministic-normal""","0","0","1","""normal""","-0.19999999999999996","0.9","false","""/home/ramaswamy.51/Documents/github/Spirals/Media/data/cluster/endsim/BehaviorSearch/Step6_Trial""","true","0","1","0","0","true","false","""1708292925""","0.07497630968812961","0.07497630968812961","0.07497630968812961","0","0.07497630968812961"
"1","906","4148","1000","1","""HK""","0.03","false","""normal""","1","""constant""","0.1","""Scale-free""","1","0","1","""uniform""","""deterministic-normal""","0","0","1","""normal""","-0.19999999999999996","0.9","false","""/home/ramaswamy.51/Documents/github/Spirals/Media/data/cluster/endsim/BehaviorSearch/Step6_Trial""","true","0","1","0","0","true","false","""1267494659""","0.11359887481365788","0.11359887481365788","0.11359887481365788","0","0.11359887481365788"
"1","907","4148","1000","1","""HK""","0.03","false","""normal""","1","""constant""","0.1","""Scale-free""","1","0","1","""uniform""","""deterministic-normal""","0","0","1","""normal""","-0.19999999999999996","0.9","false","""/home/ramaswamy.51/Documents/github/Spirals/Media/data/cluster/endsim/BehaviorSearch/Step6_Trial""","true","0","1","0","0","true","false","""2126605044""","0.10112146756364214","0.10112146756364214","0.10112146756364214","0","0.10112146756364214"
"1","908","4148","1000","1","""HK""","0.03","false","""normal""","1","""constant""","0.1","""Scale-free""","1","0","1","""uniform""","""deterministic-normal""","0","0","1","""normal""","-0.19999999999999996","0.9","false","""/home/ramaswamy.51/Documents/github/Spirals/Media/data/cluster/endsim/BehaviorSearch/Step6_Trial""","true","0","1","0","0","true","false","""1256800439""","0.07999961275231114","0.07999961275231114","0.07999961275231114","0","0.07999961275231114"
"1","909","4268","1000","1","""HK""","0.01","false","""normal""","1","""constant""","0.2","""Scale-free""","1","0","1","""uniform""","""deterministic-normal""","0","0","1","""normal""","-0.6","1","false","""/home/ramaswamy.51/Documents/github/Spirals/Media/data/cluster/endsim/BehaviorSearch/Step6_Trial""","true","0","1","0","0","true","false","""1724868859""","0.22031013788531442","0.22031013788531442","0.22031013788531442","0","0.22031013788531442"
"1","910","4268","1000","1","""HK""","0.01","false","""normal""","1","""constant""","0.2","""Scale-free""","1","0","1","""uniform""","""deterministic-normal""","0","0","1","""normal""","-0.6","1","false","""/home/ramaswamy.51/Documents/github/Spirals/Media/data/cluster/endsim/BehaviorSearch/Step6_Trial""","true","0","1","0","0","true","false","""712962011""","0.2162837853411516","0.2162837853411516","0.2162837853411516","0","0.2162837853411516"
"1","911","4268","1000","1","""HK""","0.01","false","""normal""","1","""constant""","0.2","""Scale-free""","1","0","1","""uniform""","""deterministic-normal""","0","0","1","""normal""","-0.6","1","false","""/home/ramaswamy.51/Documents/github/Spirals/Media/data/cluster/endsim/BehaviorSearch/Step6_Trial""","true","0","1","0","0","true","false","""858411670""","0.1979092578544103","0.1979092578544103","0.1979092578544103","0","0.1979092578544103"
"1","912","4268","1000","1","""HK""","0.01","false","""normal""","1","""constant""","0.2","""Scale-free""","1","0","1","""uniform""","""deterministic-normal""","0","0","1","""normal""","-0.6","1","false","""/home/ramaswamy.51/Documents/github/Spirals/Media/data/cluster/endsim/BehaviorSearch/Step6_Trial""","true","0","1","0","0","true","false","""432881064""","0.19196294240298428","0.19196294240298428","0.19196294240298428","0","0.19196294240298428"
"1","913","4312","1000","1","""HK""","0.02","false","""normal""","1","""constant""","0.1","""Scale-free""","1","0","1","""uniform""","""deterministic-normal""","0","0","1","""normal""","0.40000000000000013","0.9","false","""/home/ramaswamy.51/Documents/github/Spirals/Media/data/cluster/endsim/BehaviorSearch/Step6_Trial""","true","0","1","0","0","true","false","""1408498475""","0.1177919318153842","0.1177919318153842","0.1177919318153842","0","0.1177919318153842"
"1","914","4312","1000","1","""HK""","0.02","false","""normal""","1","""constant""","0.1","""Scale-free""","1","0","1","""uniform""","""deterministic-normal""","0","0","1","""normal""","0.40000000000000013","0.9","false","""/home/ramaswamy.51/Documents/github/Spirals/Media/data/cluster/endsim/BehaviorSearch/Step6_Trial""","true","0","1","0","0","true","false","""1719919647""","0.12180635004385915","0.12180635004385915","0.12180635004385915","0","0.12180635004385915"
"1","915","4312","1000","1","""HK""","0.02","false","""normal""","1","""constant""","0.1","""Scale-free""","1","0","1","""uniform""","""deterministic-normal""","0","0","1","""normal""","0.40000000000000013","0.9","false","""/home/ramaswamy.51/Documents/github/Spirals/Media/data/cluster/endsim/BehaviorSearch/Step6_Trial""","true","0","1","0","0","true","false","""1972573931""","0.12184314528168042","0.12184314528168042","0.12184314528168042","0","0.12184314528168042"
"1","916","4312","1000","1","""HK""","0.02","false","""normal""","1","""constant""","0.1","""Scale-free""","1","0","1","""uniform""","""deterministic-normal""","0","0","1","""normal""","0.40000000000000013","0.9","false","""/home/ramaswamy.51/Documents/github/Spirals/Media/data/cluster/endsim/BehaviorSearch/Step6_Trial""","true","0","1","0","0","true","false","""1930280033""","0.11230407020074262","0.11230407020074262","0.11230407020074262","0","0.11230407020074262"
"1","917","4316","1000","1","""HK""","0.03","false","""normal""","1","""constant""","0.1","""Scale-free""","1","0","1","""uniform""","""deterministic-normal""","0","0","1","""normal""","-0.29999999999999993","0.9","false","""/home/ramaswamy.51/Documents/github/Spirals/Media/data/cluster/endsim/BehaviorSearch/Step6_Trial""","true","0","1","0","0","true","false","""-788833447""","0.09901075633559142","0.09901075633559142","0.09901075633559142","0","0.09901075633559142"
"1","918","4316","1000","1","""HK""","0.03","false","""normal""","1","""constant""","0.1","""Scale-free""","1","0","1","""uniform""","""deterministic-normal""","0","0","1","""normal""","-0.29999999999999993","0.9","false","""/home/ramaswamy.51/Documents/github/Spirals/Media/data/cluster/endsim/BehaviorSearch/Step6_Trial""","true","0","1","0","0","true","false","""-1757081047""","0.10667854490138351","0.10667854490138351","0.10667854490138351","0","0.10667854490138351"
"1","919","4316","1000","1","""HK""","0.03","false","""normal""","1","""constant""","0.1","""Scale-free""","1","0","1","""uniform""","""deterministic-normal""","0","0","1","""normal""","-0.29999999999999993","0.9","false","""/home/ramaswamy.51/Documents/github/Spirals/Media/data/cluster/endsim/BehaviorSearch/Step6_Trial""","true","0","1","0","0","true","false","""-876964624""","0.12580121165728564","0.12580121165728564","0.12580121165728564","0","0.12580121165728564"
"1","920","4316","1000","1","""HK""","0.03","false","""normal""","1","""constant""","0.1","""Scale-free""","1","0","1","""uniform""","""deterministic-normal""","0","0","1","""normal""","-0.29999999999999993","0.9","false","""/home/ramaswamy.51/Documents/github/Spirals/Media/data/cluster/endsim/BehaviorSearch/Step6_Trial""","true","0","1","0","0","true","false","""710194684""","0.09062733798355033","0.09062733798355033","0.09062733798355033","0","0.09062733798355033"
"1","921","4504","1000","1","""HK""","0.03","false","""normal""","1","""constant""","0","""Scale-free""","1","0","1","""uniform""","""deterministic-normal""","0","0","1","""normal""","0.10000000000000009","0.9","false","""/home/ramaswamy.51/Documents/github/Spirals/Media/data/cluster/endsim/BehaviorSearch/Step6_Trial""","true","0","1","0","0","true","false","""447349743""","0.15866852150308267","0.15866852150308267","0.15866852150308267","0","0.15866852150308267"
"1","922","4504","1000","1","""HK""","0.03","false","""normal""","1","""constant""","0","""Scale-free""","1","0","1","""uniform""","""deterministic-normal""","0","0","1","""normal""","0.10000000000000009","0.9","false","""/home/ramaswamy.51/Documents/github/Spirals/Media/data/cluster/endsim/BehaviorSearch/Step6_Trial""","true","0","1","0","0","true","false","""557778856""","0.1452151879982086","0.1452151879982086","0.1452151879982086","0","0.1452151879982086"
"1","923","4504","1000","1","""HK""","0.03","false","""normal""","1","""constant""","0","""Scale-free""","1","0","1","""uniform""","""deterministic-normal""","0","0","1","""normal""","0.10000000000000009","0.9","false","""/home/ramaswamy.51/Documents/github/Spirals/Media/data/cluster/endsim/BehaviorSearch/Step6_Trial""","true","0","1","0","0","true","false","""1098377214""","0.1633373560406144","0.1633373560406144","0.1633373560406144","0","0.1633373560406144"
"1","924","4504","1000","1","""HK""","0.03","false","""normal""","1","""constant""","0","""Scale-free""","1","0","1","""uniform""","""deterministic-normal""","0","0","1","""normal""","0.10000000000000009","0.9","false","""/home/ramaswamy.51/Documents/github/Spirals/Media/data/cluster/endsim/BehaviorSearch/Step6_Trial""","true","0","1","0","0","true","false","""441295413""","0.16190528789531244","0.16190528789531244","0.16190528789531244","0","0.16190528789531244"
"1","925","4536","1000","1","""HK""","0.02","false","""normal""","1","""constant""","0.2","""Scale-free""","1","0","1","""uniform""","""deterministic-normal""","0","0","1","""normal""","-0.09999999999999998","0.9","false","""/home/ramaswamy.51/Documents/github/Spirals/Media/data/cluster/endsim/BehaviorSearch/Step6_Trial""","true","0","1","0","0","true","false","""1250526140""","0.202893848837417","0.202893848837417","0.202893848837417","0","0.202893848837417"
"1","926","4536","1000","1","""HK""","0.02","false","""normal""","1","""constant""","0.2","""Scale-free""","1","0","1","""uniform""","""deterministic-normal""","0","0","1","""normal""","-0.09999999999999998","0.9","false","""/home/ramaswamy.51/Documents/github/Spirals/Media/data/cluster/endsim/BehaviorSearch/Step6_Trial""","true","0","1","0","0","true","false","""-460495734""","0.1998918968066058","0.1998918968066058","0.1998918968066058","0","0.1998918968066058"
"1","927","4536","1000","1","""HK""","0.02","false","""normal""","1","""constant""","0.2","""Scale-free""","1","0","1","""uniform""","""deterministic-normal""","0","0","1","""normal""","-0.09999999999999998","0.9","false","""/home/ramaswamy.51/Documents/github/Spirals/Media/data/cluster/endsim/BehaviorSearch/Step6_Trial""","true","0","1","0","0","true","false","""-923650244""","0.20247366778899645","0.20247366778899645","0.20247366778899645","0","0.20247366778899645"
"1","928","4536","1000","1","""HK""","0.02","false","""normal""","1","""constant""","0.2","""Scale-free""","1","0","1","""uniform""","""deterministic-normal""","0","0","1","""normal""","-0.09999999999999998","0.9","false","""/home/ramaswamy.51/Documents/github/Spirals/Media/data/cluster/endsim/BehaviorSearch/Step6_Trial""","true","0","1","0","0","true","false","""648329764""","0.20888780084684902","0.20888780084684902","0.20888780084684902","0","0.20888780084684902"
"1","929","4560","1000","1","""HK""","0.01","false","""normal""","1","""constant""","0.2","""Scale-free""","2","0","1","""uniform""","""deterministic-normal""","0","0","1","""normal""","-0.09999999999999998","0.9","false","""/home/ramaswamy.51/Documents/github/Spirals/Media/data/cluster/endsim/BehaviorSearch/Step6_Trial""","true","0","1","0","0","true","false","""792152626""","0.2368136741423831","0.2368136741423831","0.2368136741423831","0","0.2368136741423831"
"1","930","4560","1000","1","""HK""","0.01","false","""normal""","1","""constant""","0.2","""Scale-free""","2","0","1","""uniform""","""deterministic-normal""","0","0","1","""normal""","-0.09999999999999998","0.9","false","""/home/ramaswamy.51/Documents/github/Spirals/Media/data/cluster/endsim/BehaviorSearch/Step6_Trial""","true","0","1","0","0","true","false","""667456379""","0.2178018378098171","0.2178018378098171","0.2178018378098171","0","0.2178018378098171"
"1","931","4560","1000","1","""HK""","0.01","false","""normal""","1","""constant""","0.2","""Scale-free""","2","0","1","""uniform""","""deterministic-normal""","0","0","1","""normal""","-0.09999999999999998","0.9","false","""/home/ramaswamy.51/Documents/github/Spirals/Media/data/cluster/endsim/BehaviorSearch/Step6_Trial""","true","0","1","0","0","true","false","""479624416""","0.2224310773519037","0.2224310773519037","0.2224310773519037","0","0.2224310773519037"
"1","932","4560","1000","1","""HK""","0.01","false","""normal""","1","""constant""","0.2","""Scale-free""","2","0","1","""uniform""","""deterministic-normal""","0","0","1","""normal""","-0.09999999999999998","0.9","false","""/home/ramaswamy.51/Documents/github/Spirals/Media/data/cluster/endsim/BehaviorSearch/Step6_Trial""","true","0","1","0","0","true","false","""293309250""","0.272011703200809","0.272011703200809","0.272011703200809","0","0.272011703200809"
"1","933","4964","1000","1","""HK""","0.01","false","""normal""","1","""constant""","0.2","""Scale-free""","2","0","1","""uniform""","""deterministic-normal""","0","0","1","""normal""","0.20000000000000018","0.9","false","""/home/ramaswamy.51/Documents/github/Spirals/Media/data/cluster/endsim/BehaviorSearch/Step6_Trial""","true","0","1","0","0","true","false","""-59523526""","0.2597237262666578","0.2597237262666578","0.2597237262666578","0","0.2597237262666578"
"1","934","4964","1000","1","""HK""","0.01","false","""normal""","1","""constant""","0.2","""Scale-free""","2","0","1","""uniform""","""deterministic-normal""","0","0","1","""normal""","0.20000000000000018","0.9","false","""/home/ramaswamy.51/Documents/github/Spirals/Media/data/cluster/endsim/BehaviorSearch/Step6_Trial""","true","0","1","0","0","true","false","""-2015539339""","0.24247559149756398","0.24247559149756398","0.24247559149756398","0","0.24247559149756398"
"1","935","4964","1000","1","""HK""","0.01","false","""normal""","1","""constant""","0.2","""Scale-free""","2","0","1","""uniform""","""deterministic-normal""","0","0","1","""normal""","0.20000000000000018","0.9","false","""/home/ramaswamy.51/Documents/github/Spirals/Media/data/cluster/endsim/BehaviorSearch/Step6_Trial""","true","0","1","0","0","true","false","""630169288""","0.2663578623355233","0.2663578623355233","0.2663578623355233","0","0.2663578623355233"
"1","936","4964","1000","1","""HK""","0.01","false","""normal""","1","""constant""","0.2","""Scale-free""","2","0","1","""uniform""","""deterministic-normal""","0","0","1","""normal""","0.20000000000000018","0.9","false","""/home/ramaswamy.51/Documents/github/Spirals/Media/data/cluster/endsim/BehaviorSearch/Step6_Trial""","true","0","1","0","0","true","false","""-251656192""","0.24978454893444932","0.24978454893444932","0.24978454893444932","0","0.24978454893444932"
"1","937","5000","1000","1","""HK""","0.01","false","""normal""","1","""constant""","0.1","""Scale-free""","1","0","1","""uniform""","""deterministic-normal""","0","0","1","""normal""","0.40000000000000013","0.9","false","""/home/ramaswamy.51/Documents/github/Spirals/Media/data/cluster/endsim/BehaviorSearch/Step6_Trial""","true","0","1","0","0","true","false","""-396115277""","0.10251368339447631","0.10251368339447631","0.10251368339447631","0","0.10251368339447631"
"1","938","5000","1000","1","""HK""","0.01","false","""normal""","1","""constant""","0.1","""Scale-free""","1","0","1","""uniform""","""deterministic-normal""","0","0","1","""normal""","0.40000000000000013","0.9","false","""/home/ramaswamy.51/Documents/github/Spirals/Media/data/cluster/endsim/BehaviorSearch/Step6_Trial""","true","0","1","0","0","true","false","""-1464484366""","0.10333721290437023","0.10333721290437023","0.10333721290437023","0","0.10333721290437023"
"1","939","5000","1000","1","""HK""","0.01","false","""normal""","1","""constant""","0.1","""Scale-free""","1","0","1","""uniform""","""deterministic-normal""","0","0","1","""normal""","0.40000000000000013","0.9","false","""/home/ramaswamy.51/Documents/github/Spirals/Media/data/cluster/endsim/BehaviorSearch/Step6_Trial""","true","0","1","0","0","true","false","""135750991""","0.10890057719536482","0.10890057719536482","0.10890057719536482","0","0.10890057719536482"
"1","940","5000","1000","1","""HK""","0.01","false","""normal""","1","""constant""","0.1","""Scale-free""","1","0","1","""uniform""","""deterministic-normal""","0","0","1","""normal""","0.40000000000000013","0.9","false","""/home/ramaswamy.51/Documents/github/Spirals/Media/data/cluster/endsim/BehaviorSearch/Step6_Trial""","true","0","1","0","0","true","false","""-1758776478""","0.12162576579556203","0.12162576579556203","0.12162576579556203","0","0.12162576579556203"
"1","941","5012","1000","1","""HK""","0.05","false","""normal""","1","""constant""","0.1","""Scale-free""","1","0","1","""uniform""","""deterministic-normal""","0","0","1","""normal""","0.20000000000000018","0.9","false","""/home/ramaswamy.51/Documents/github/Spirals/Media/data/cluster/endsim/BehaviorSearch/Step6_Trial""","true","0","1","0","0","true","false","""-757069832""","0.09834810075570535","0.09834810075570535","0.09834810075570535","0","0.09834810075570535"
"1","942","5012","1000","1","""HK""","0.05","false","""normal""","1","""constant""","0.1","""Scale-free""","1","0","1","""uniform""","""deterministic-normal""","0","0","1","""normal""","0.20000000000000018","0.9","false","""/home/ramaswamy.51/Documents/github/Spirals/Media/data/cluster/endsim/BehaviorSearch/Step6_Trial""","true","0","1","0","0","true","false","""1834449881""","0.13463407656455678","0.13463407656455678","0.13463407656455678","0","0.13463407656455678"
"1","943","5012","1000","1","""HK""","0.05","false","""normal""","1","""constant""","0.1","""Scale-free""","1","0","1","""uniform""","""deterministic-normal""","0","0","1","""normal""","0.20000000000000018","0.9","false","""/home/ramaswamy.51/Documents/github/Spirals/Media/data/cluster/endsim/BehaviorSearch/Step6_Trial""","true","0","1","0","0","true","false","""1080038527""","0.11264671784937942","0.11264671784937942","0.11264671784937942","0","0.11264671784937942"
"1","944","5012","1000","1","""HK""","0.05","false","""normal""","1","""constant""","0.1","""Scale-free""","1","0","1","""uniform""","""deterministic-normal""","0","0","1","""normal""","0.20000000000000018","0.9","false","""/home/ramaswamy.51/Documents/github/Spirals/Media/data/cluster/endsim/BehaviorSearch/Step6_Trial""","true","0","1","0","0","true","false","""-308148249""","0.14371043320160098","0.14371043320160098","0.14371043320160098","0","0.14371043320160098"
"1","945","5100","1000","1","""HK""","0.02","false","""normal""","1","""constant""","0","""Scale-free""","1","0","1","""uniform""","""deterministic-normal""","0","0","1","""normal""","0","1","false","""/home/ramaswamy.51/Documents/github/Spirals/Media/data/cluster/endsim/BehaviorSearch/Step6_Trial""","true","0","1","0","0","true","false","""1877427650""","0.1642308092820411","0.1642308092820411","0.1642308092820411","0","0.1642308092820411"
"1","946","5100","1000","1","""HK""","0.02","false","""normal""","1","""constant""","0","""Scale-free""","1","0","1","""uniform""","""deterministic-normal""","0","0","1","""normal""","0","1","false","""/home/ramaswamy.51/Documents/github/Spirals/Media/data/cluster/endsim/BehaviorSearch/Step6_Trial""","true","0","1","0","0","true","false","""-1616570106""","0.1498084162056229","0.1498084162056229","0.1498084162056229","0","0.1498084162056229"
"1","947","5100","1000","1","""HK""","0.02","false","""normal""","1","""constant""","0","""Scale-free""","1","0","1","""uniform""","""deterministic-normal""","0","0","1","""normal""","0","1","false","""/home/ramaswamy.51/Documents/github/Spirals/Media/data/cluster/endsim/BehaviorSearch/Step6_Trial""","true","0","1","0","0","true","false","""1189193736""","0.15705488278131258","0.15705488278131258","0.15705488278131258","0","0.15705488278131258"
"1","948","5100","1000","1","""HK""","0.02","false","""normal""","1","""constant""","0","""Scale-free""","1","0","1","""uniform""","""deterministic-normal""","0","0","1","""normal""","0","1","false","""/home/ramaswamy.51/Documents/github/Spirals/Media/data/cluster/endsim/BehaviorSearch/Step6_Trial""","true","0","1","0","0","true","false","""1117844419""","0.14169733755811637","0.14169733755811637","0.14169733755811637","0","0.14169733755811637"
"1","949","5124","1000","1","""HK""","0.01","false","""normal""","1","""constant""","0.2","""Scale-free""","1","0","1","""uniform""","""deterministic-normal""","0","0","1","""normal""","0.20000000000000018","0.9","false","""/home/ramaswamy.51/Documents/github/Spirals/Media/data/cluster/endsim/BehaviorSearch/Step6_Trial""","true","0","1","0","0","true","false","""-286483403""","0.2268305863854972","0.2268305863854972","0.2268305863854972","0","0.2268305863854972"
"1","950","5124","1000","1","""HK""","0.01","false","""normal""","1","""constant""","0.2","""Scale-free""","1","0","1","""uniform""","""deterministic-normal""","0","0","1","""normal""","0.20000000000000018","0.9","false","""/home/ramaswamy.51/Documents/github/Spirals/Media/data/cluster/endsim/BehaviorSearch/Step6_Trial""","true","0","1","0","0","true","false","""697468868""","0.21937973746632902","0.21937973746632902","0.21937973746632902","0","0.21937973746632902"
"1","951","5124","1000","1","""HK""","0.01","false","""normal""","1","""constant""","0.2","""Scale-free""","1","0","1","""uniform""","""deterministic-normal""","0","0","1","""normal""","0.20000000000000018","0.9","false","""/home/ramaswamy.51/Documents/github/Spirals/Media/data/cluster/endsim/BehaviorSearch/Step6_Trial""","true","0","1","0","0","true","false","""-1282655684""","0.2042749819813506","0.2042749819813506","0.2042749819813506","0","0.2042749819813506"
"1","952","5124","1000","1","""HK""","0.01","false","""normal""","1","""constant""","0.2","""Scale-free""","1","0","1","""uniform""","""deterministic-normal""","0","0","1","""normal""","0.20000000000000018","0.9","false","""/home/ramaswamy.51/Documents/github/Spirals/Media/data/cluster/endsim/BehaviorSearch/Step6_Trial""","true","0","1","0","0","true","false","""1889089931""","0.21590117339916162","0.21590117339916162","0.21590117339916162","0","0.21590117339916162"
"1","953","5268","1000","1","""HK""","0.03","false","""normal""","1","""constant""","0.2","""Scale-free""","1","0","1","""uniform""","""deterministic-normal""","0","0","1","""normal""","-0.09999999999999998","0.9","false","""/home/ramaswamy.51/Documents/github/Spirals/Media/data/cluster/endsim/BehaviorSearch/Step6_Trial""","true","0","1","0","0","true","false","""-919973694""","0.212659262237296","0.212659262237296","0.212659262237296","0","0.212659262237296"
"1","954","5268","1000","1","""HK""","0.03","false","""normal""","1","""constant""","0.2","""Scale-free""","1","0","1","""uniform""","""deterministic-normal""","0","0","1","""normal""","-0.09999999999999998","0.9","false","""/home/ramaswamy.51/Documents/github/Spirals/Media/data/cluster/endsim/BehaviorSearch/Step6_Trial""","true","0","1","0","0","true","false","""358219123""","0.2171134668573587","0.2171134668573587","0.2171134668573587","0","0.2171134668573587"
"1","955","5268","1000","1","""HK""","0.03","false","""normal""","1","""constant""","0.2","""Scale-free""","1","0","1","""uniform""","""deterministic-normal""","0","0","1","""normal""","-0.09999999999999998","0.9","false","""/home/ramaswamy.51/Documents/github/Spirals/Media/data/cluster/endsim/BehaviorSearch/Step6_Trial""","true","0","1","0","0","true","false","""812073409""","0.23009837128820596","0.23009837128820596","0.23009837128820596","0","0.23009837128820596"
"1","956","5268","1000","1","""HK""","0.03","false","""normal""","1","""constant""","0.2","""Scale-free""","1","0","1","""uniform""","""deterministic-normal""","0","0","1","""normal""","-0.09999999999999998","0.9","false","""/home/ramaswamy.51/Documents/github/Spirals/Media/data/cluster/endsim/BehaviorSearch/Step6_Trial""","true","0","1","0","0","true","false","""-1265353789""","0.2198116078566383","0.2198116078566383","0.2198116078566383","0","0.2198116078566383"
"1","957","5320","1000","1","""HK""","0.08","false","""normal""","1","""constant""","0.1","""Scale-free""","1","0","1","""uniform""","""deterministic-normal""","0","0","1","""normal""","-0.09999999999999998","0.9","false","""/home/ramaswamy.51/Documents/github/Spirals/Media/data/cluster/endsim/BehaviorSearch/Step6_Trial""","true","0","1","0","0","true","false","""-1998942468""","0.14605445994041802","0.14605445994041802","0.14605445994041802","0","0.14605445994041802"
"1","958","5320","1000","1","""HK""","0.08","false","""normal""","1","""constant""","0.1","""Scale-free""","1","0","1","""uniform""","""deterministic-normal""","0","0","1","""normal""","-0.09999999999999998","0.9","false","""/home/ramaswamy.51/Documents/github/Spirals/Media/data/cluster/endsim/BehaviorSearch/Step6_Trial""","true","0","1","0","0","true","false","""-638317197""","0.17117580102995908","0.17117580102995908","0.17117580102995908","0","0.17117580102995908"
"1","959","5320","1000","1","""HK""","0.08","false","""normal""","1","""constant""","0.1","""Scale-free""","1","0","1","""uniform""","""deterministic-normal""","0","0","1","""normal""","-0.09999999999999998","0.9","false","""/home/ramaswamy.51/Documents/github/Spirals/Media/data/cluster/endsim/BehaviorSearch/Step6_Trial""","true","0","1","0","0","true","false","""1355395139""","0.15612975529765663","0.15612975529765663","0.15612975529765663","0","0.15612975529765663"
"1","960","5320","1000","1","""HK""","0.08","false","""normal""","1","""constant""","0.1","""Scale-free""","1","0","1","""uniform""","""deterministic-normal""","0","0","1","""normal""","-0.09999999999999998","0.9","false","""/home/ramaswamy.51/Documents/github/Spirals/Media/data/cluster/endsim/BehaviorSearch/Step6_Trial""","true","0","1","0","0","true","false","""498258158""","0.16109740067444978","0.16109740067444978","0.16109740067444978","0","0.16109740067444978"
"1","961","5392","1000","1","""HK""","0.02","false","""normal""","1","""constant""","0.1","""Scale-free""","1","0","1","""uniform""","""deterministic-normal""","0","0","1","""normal""","-0.19999999999999996","0.9","false","""/home/ramaswamy.51/Documents/github/Spirals/Media/data/cluster/endsim/BehaviorSearch/Step6_Trial""","true","0","1","0","0","true","false","""-2091609909""","0.11284979777123368","0.11284979777123368","0.11284979777123368","0","0.11284979777123368"
"1","962","5392","1000","1","""HK""","0.02","false","""normal""","1","""constant""","0.1","""Scale-free""","1","0","1","""uniform""","""deterministic-normal""","0","0","1","""normal""","-0.19999999999999996","0.9","false","""/home/ramaswamy.51/Documents/github/Spirals/Media/data/cluster/endsim/BehaviorSearch/Step6_Trial""","true","0","1","0","0","true","false","""-223337644""","0.09555902605754844","0.09555902605754844","0.09555902605754844","0","0.09555902605754844"
"1","963","5392","1000","1","""HK""","0.02","false","""normal""","1","""constant""","0.1","""Scale-free""","1","0","1","""uniform""","""deterministic-normal""","0","0","1","""normal""","-0.19999999999999996","0.9","false","""/home/ramaswamy.51/Documents/github/Spirals/Media/data/cluster/endsim/BehaviorSearch/Step6_Trial""","true","0","1","0","0","true","false","""-1370110652""","0.10963601160860253","0.10963601160860253","0.10963601160860253","0","0.10963601160860253"
"1","964","5392","1000","1","""HK""","0.02","false","""normal""","1","""constant""","0.1","""Scale-free""","1","0","1","""uniform""","""deterministic-normal""","0","0","1","""normal""","-0.19999999999999996","0.9","false","""/home/ramaswamy.51/Documents/github/Spirals/Media/data/cluster/endsim/BehaviorSearch/Step6_Trial""","true","0","1","0","0","true","false","""-575922263""","0.0876133710931401","0.0876133710931401","0.0876133710931401","0","0.0876133710931401"
"1","965","5420","1000","1","""HK""","0.01","false","""normal""","1","""constant""","0.1","""Scale-free""","2","0","1","""uniform""","""deterministic-normal""","0","0","1","""normal""","-0.3999999999999999","0.9","false","""/home/ramaswamy.51/Documents/github/Spirals/Media/data/cluster/endsim/BehaviorSearch/Step6_Trial""","true","0","1","0","0","true","false","""1177984406""","0.12052380128275055","0.12052380128275055","0.12052380128275055","0","0.12052380128275055"
"1","966","5420","1000","1","""HK""","0.01","false","""normal""","1","""constant""","0.1","""Scale-free""","2","0","1","""uniform""","""deterministic-normal""","0","0","1","""normal""","-0.3999999999999999","0.9","false","""/home/ramaswamy.51/Documents/github/Spirals/Media/data/cluster/endsim/BehaviorSearch/Step6_Trial""","true","0","1","0","0","true","false","""-1780402257""","0.11034971101072535","0.11034971101072535","0.11034971101072535","0","0.11034971101072535"
"1","967","5420","1000","1","""HK""","0.01","false","""normal""","1","""constant""","0.1","""Scale-free""","2","0","1","""uniform""","""deterministic-normal""","0","0","1","""normal""","-0.3999999999999999","0.9","false","""/home/ramaswamy.51/Documents/github/Spirals/Media/data/cluster/endsim/BehaviorSearch/Step6_Trial""","true","0","1","0","0","true","false","""-1707437106""","0.11966299128858009","0.11966299128858009","0.11966299128858009","0","0.11966299128858009"
"1","968","5420","1000","1","""HK""","0.01","false","""normal""","1","""constant""","0.1","""Scale-free""","2","0","1","""uniform""","""deterministic-normal""","0","0","1","""normal""","-0.3999999999999999","0.9","false","""/home/ramaswamy.51/Documents/github/Spirals/Media/data/cluster/endsim/BehaviorSearch/Step6_Trial""","true","0","1","0","0","true","false","""1422688696""","0.1341658250015285","0.1341658250015285","0.1341658250015285","0","0.1341658250015285"
"1","969","5492","1000","1","""HK""","0.03","false","""normal""","1","""constant""","0.1","""Scale-free""","1","0","1","""uniform""","""deterministic-normal""","0","0","1","""normal""","0","0.7000000000000001","false","""/home/ramaswamy.51/Documents/github/Spirals/Media/data/cluster/endsim/BehaviorSearch/Step6_Trial""","true","0","1","0","0","true","false","""-1858637937""","0.13073509752605805","0.13073509752605805","0.13073509752605805","0","0.13073509752605805"
"1","970","5492","1000","1","""HK""","0.03","false","""normal""","1","""constant""","0.1","""Scale-free""","1","0","1","""uniform""","""deterministic-normal""","0","0","1","""normal""","0","0.7000000000000001","false","""/home/ramaswamy.51/Documents/github/Spirals/Media/data/cluster/endsim/BehaviorSearch/Step6_Trial""","true","0","1","0","0","true","false","""-1119875883""","0.11892127933043163","0.11892127933043163","0.11892127933043163","0","0.11892127933043163"
"1","971","5492","1000","1","""HK""","0.03","false","""normal""","1","""constant""","0.1","""Scale-free""","1","0","1","""uniform""","""deterministic-normal""","0","0","1","""normal""","0","0.7000000000000001","false","""/home/ramaswamy.51/Documents/github/Spirals/Media/data/cluster/endsim/BehaviorSearch/Step6_Trial""","true","0","1","0","0","true","false","""-1884164167""","0.09492272393104512","0.09492272393104512","0.09492272393104512","0","0.09492272393104512"
"1","972","5492","1000","1","""HK""","0.03","false","""normal""","1","""constant""","0.1","""Scale-free""","1","0","1","""uniform""","""deterministic-normal""","0","0","1","""normal""","0","0.7000000000000001","false","""/home/ramaswamy.51/Documents/github/Spirals/Media/data/cluster/endsim/BehaviorSearch/Step6_Trial""","true","0","1","0","0","true","false","""484486469""","0.12389244956092026","0.12389244956092026","0.12389244956092026","0","0.12389244956092026"
"1","973","5508","1000","1","""HK""","0.05","false","""normal""","1","""constant""","0.1","""Scale-free""","2","0","1","""uniform""","""deterministic-normal""","0","0","1","""normal""","0","0.9","false","""/home/ramaswamy.51/Documents/github/Spirals/Media/data/cluster/endsim/BehaviorSearch/Step6_Trial""","true","0","1","0","0","true","false","""-1995252389""","0.18146178972105886","0.18146178972105886","0.18146178972105886","0","0.18146178972105886"
"1","974","5508","1000","1","""HK""","0.05","false","""normal""","1","""constant""","0.1","""Scale-free""","2","0","1","""uniform""","""deterministic-normal""","0","0","1","""normal""","0","0.9","false","""/home/ramaswamy.51/Documents/github/Spirals/Media/data/cluster/endsim/BehaviorSearch/Step6_Trial""","true","0","1","0","0","true","false","""-1265985322""","0.1382196581167607","0.1382196581167607","0.1382196581167607","0","0.1382196581167607"
"1","975","5508","1000","1","""HK""","0.05","false","""normal""","1","""constant""","0.1","""Scale-free""","2","0","1","""uniform""","""deterministic-normal""","0","0","1","""normal""","0","0.9","false","""/home/ramaswamy.51/Documents/github/Spirals/Media/data/cluster/endsim/BehaviorSearch/Step6_Trial""","true","0","1","0","0","true","false","""-1081087779""","0.16745003146163098","0.16745003146163098","0.16745003146163098","0","0.16745003146163098"
"1","976","5508","1000","1","""HK""","0.05","false","""normal""","1","""constant""","0.1","""Scale-free""","2","0","1","""uniform""","""deterministic-normal""","0","0","1","""normal""","0","0.9","false","""/home/ramaswamy.51/Documents/github/Spirals/Media/data/cluster/endsim/BehaviorSearch/Step6_Trial""","true","0","1","0","0","true","false","""916755377""","0.1582286411532086","0.1582286411532086","0.1582286411532086","0","0.1582286411532086"
"1","977","5528","1000","1","""HK""","0.01","false","""normal""","1","""constant""","0.1","""Scale-free""","2","0","1","""uniform""","""deterministic-normal""","0","0","1","""normal""","-0.09999999999999998","1","false","""/home/ramaswamy.51/Documents/github/Spirals/Media/data/cluster/endsim/BehaviorSearch/Step6_Trial""","true","0","1","0","0","true","false","""53820131""","0.09786810050342999","0.09786810050342999","0.09786810050342999","0","0.09786810050342999"
"1","978","5528","1000","1","""HK""","0.01","false","""normal""","1","""constant""","0.1","""Scale-free""","2","0","1","""uniform""","""deterministic-normal""","0","0","1","""normal""","-0.09999999999999998","1","false","""/home/ramaswamy.51/Documents/github/Spirals/Media/data/cluster/endsim/BehaviorSearch/Step6_Trial""","true","0","1","0","0","true","false","""-29228780""","0.11399268723929772","0.11399268723929772","0.11399268723929772","0","0.11399268723929772"
"1","979","5528","1000","1","""HK""","0.01","false","""normal""","1","""constant""","0.1","""Scale-free""","2","0","1","""uniform""","""deterministic-normal""","0","0","1","""normal""","-0.09999999999999998","1","false","""/home/ramaswamy.51/Documents/github/Spirals/Media/data/cluster/endsim/BehaviorSearch/Step6_Trial""","true","0","1","0","0","true","false","""-358553453""","0.09402461674077821","0.09402461674077821","0.09402461674077821","0","0.09402461674077821"
"1","980","5528","1000","1","""HK""","0.01","false","""normal""","1","""constant""","0.1","""Scale-free""","2","0","1","""uniform""","""deterministic-normal""","0","0","1","""normal""","-0.09999999999999998","1","false","""/home/ramaswamy.51/Documents/github/Spirals/Media/data/cluster/endsim/BehaviorSearch/Step6_Trial""","true","0","1","0","0","true","false","""719271236""","0.11802319569782255","0.11802319569782255","0.11802319569782255","0","0.11802319569782255"
"1","981","5632","1000","1","""HK""","0.03","false","""normal""","1","""constant""","0.1","""Scale-free""","1","0","1","""uniform""","""deterministic-normal""","0","0","1","""normal""","0.20000000000000018","0.9","false","""/home/ramaswamy.51/Documents/github/Spirals/Media/data/cluster/endsim/BehaviorSearch/Step6_Trial""","true","0","1","0","0","true","false","""1255601653""","0.10518828846034309","0.10518828846034309","0.10518828846034309","0","0.10518828846034309"
"1","982","5632","1000","1","""HK""","0.03","false","""normal""","1","""constant""","0.1","""Scale-free""","1","0","1","""uniform""","""deterministic-normal""","0","0","1","""normal""","0.20000000000000018","0.9","false","""/home/ramaswamy.51/Documents/github/Spirals/Media/data/cluster/endsim/BehaviorSearch/Step6_Trial""","true","0","1","0","0","true","false","""-161526401""","0.09246935270033903","0.09246935270033903","0.09246935270033903","0","0.09246935270033903"
"1","983","5632","1000","1","""HK""","0.03","false","""normal""","1","""constant""","0.1","""Scale-free""","1","0","1","""uniform""","""deterministic-normal""","0","0","1","""normal""","0.20000000000000018","0.9","false","""/home/ramaswamy.51/Documents/github/Spirals/Media/data/cluster/endsim/BehaviorSearch/Step6_Trial""","true","0","1","0","0","true","false","""1870529209""","0.09073951780806847","0.09073951780806847","0.09073951780806847","0","0.09073951780806847"
"1","984","5632","1000","1","""HK""","0.03","false","""normal""","1","""constant""","0.1","""Scale-free""","1","0","1","""uniform""","""deterministic-normal""","0","0","1","""normal""","0.20000000000000018","0.9","false","""/home/ramaswamy.51/Documents/github/Spirals/Media/data/cluster/endsim/BehaviorSearch/Step6_Trial""","true","0","1","0","0","true","false","""-571437638""","0.13466630890538617","0.13466630890538617","0.13466630890538617","0","0.13466630890538617"
"1","985","5892","1000","1","""HK""","0.01","false","""normal""","1","""constant""","0","""Scale-free""","1","0","1","""uniform""","""deterministic-normal""","0","0","1","""normal""","0.20000000000000018","0.8","false","""/home/ramaswamy.51/Documents/github/Spirals/Media/data/cluster/endsim/BehaviorSearch/Step6_Trial""","true","0","1","0","0","true","false","""-1490877466""","0.15483553575989423","0.15483553575989423","0.15483553575989423","0","0.15483553575989423"
"1","986","5892","1000","1","""HK""","0.01","false","""normal""","1","""constant""","0","""Scale-free""","1","0","1","""uniform""","""deterministic-normal""","0","0","1","""normal""","0.20000000000000018","0.8","false","""/home/ramaswamy.51/Documents/github/Spirals/Media/data/cluster/endsim/BehaviorSearch/Step6_Trial""","true","0","1","0","0","true","false","""904298569""","0.16006099118408718","0.16006099118408718","0.16006099118408718","0","0.16006099118408718"
"1","987","5892","1000","1","""HK""","0.01","false","""normal""","1","""constant""","0","""Scale-free""","1","0","1","""uniform""","""deterministic-normal""","0","0","1","""normal""","0.20000000000000018","0.8","false","""/home/ramaswamy.51/Documents/github/Spirals/Media/data/cluster/endsim/BehaviorSearch/Step6_Trial""","true","0","1","0","0","true","false","""130079996""","0.17203446690719304","0.17203446690719304","0.17203446690719304","0","0.17203446690719304"
"1","988","5892","1000","1","""HK""","0.01","false","""normal""","1","""constant""","0","""Scale-free""","1","0","1","""uniform""","""deterministic-normal""","0","0","1","""normal""","0.20000000000000018","0.8","false","""/home/ramaswamy.51/Documents/github/Spirals/Media/data/cluster/endsim/BehaviorSearch/Step6_Trial""","true","0","1","0","0","true","false","""-1705710875""","0.15481642380470775","0.15481642380470775","0.15481642380470775","0","0.15481642380470775"
"1","989","5896","1000","1","""HK""","0.01","false","""normal""","1","""constant""","0.2","""Scale-free""","1","0","1","""uniform""","""deterministic-normal""","0","0","1","""normal""","0.10000000000000009","1","false","""/home/ramaswamy.51/Documents/github/Spirals/Media/data/cluster/endsim/BehaviorSearch/Step6_Trial""","true","0","1","0","0","true","false","""1173571859""","0.19887195459402243","0.19887195459402243","0.19887195459402243","0","0.19887195459402243"
"1","990","5896","1000","1","""HK""","0.01","false","""normal""","1","""constant""","0.2","""Scale-free""","1","0","1","""uniform""","""deterministic-normal""","0","0","1","""normal""","0.10000000000000009","1","false","""/home/ramaswamy.51/Documents/github/Spirals/Media/data/cluster/endsim/BehaviorSearch/Step6_Trial""","true","0","1","0","0","true","false","""-979511431""","0.18270845804314576","0.18270845804314576","0.18270845804314576","0","0.18270845804314576"
"1","991","5896","1000","1","""HK""","0.01","false","""normal""","1","""constant""","0.2","""Scale-free""","1","0","1","""uniform""","""deterministic-normal""","0","0","1","""normal""","0.10000000000000009","1","false","""/home/ramaswamy.51/Documents/github/Spirals/Media/data/cluster/endsim/BehaviorSearch/Step6_Trial""","true","0","1","0","0","true","false","""679473028""","0.20687899070182147","0.20687899070182147","0.20687899070182147","0","0.20687899070182147"
"1","992","5896","1000","1","""HK""","0.01","false","""normal""","1","""constant""","0.2","""Scale-free""","1","0","1","""uniform""","""deterministic-normal""","0","0","1","""normal""","0.10000000000000009","1","false","""/home/ramaswamy.51/Documents/github/Spirals/Media/data/cluster/endsim/BehaviorSearch/Step6_Trial""","true","0","1","0","0","true","false","""1993840810""","0.20060188337809357","0.20060188337809357","0.20060188337809357","0","0.20060188337809357"
"1","993","5976","1000","1","""HK""","0.01","false","""normal""","1","""constant""","0.1","""Scale-free""","1","0","1","""uniform""","""deterministic-normal""","0","0","1","""normal""","-0.19999999999999996","0.7000000000000001","false","""/home/ramaswamy.51/Documents/github/Spirals/Media/data/cluster/endsim/BehaviorSearch/Step6_Trial""","true","0","1","0","0","true","false","""94369734""","0.12580008736089507","0.12580008736089507","0.12580008736089507","0","0.12580008736089507"
"1","994","5976","1000","1","""HK""","0.01","false","""normal""","1","""constant""","0.1","""Scale-free""","1","0","1","""uniform""","""deterministic-normal""","0","0","1","""normal""","-0.19999999999999996","0.7000000000000001","false","""/home/ramaswamy.51/Documents/github/Spirals/Media/data/cluster/endsim/BehaviorSearch/Step6_Trial""","true","0","1","0","0","true","false","""1055764183""","0.11644237368384527","0.11644237368384527","0.11644237368384527","0","0.11644237368384527"
"1","995","5976","1000","1","""HK""","0.01","false","""normal""","1","""constant""","0.1","""Scale-free""","1","0","1","""uniform""","""deterministic-normal""","0","0","1","""normal""","-0.19999999999999996","0.7000000000000001","false","""/home/ramaswamy.51/Documents/github/Spirals/Media/data/cluster/endsim/BehaviorSearch/Step6_Trial""","true","0","1","0","0","true","false","""-527340513""","0.11092462095574743","0.11092462095574743","0.11092462095574743","0","0.11092462095574743"
"1","996","5976","1000","1","""HK""","0.01","false","""normal""","1","""constant""","0.1","""Scale-free""","1","0","1","""uniform""","""deterministic-normal""","0","0","1","""normal""","-0.19999999999999996","0.7000000000000001","false","""/home/ramaswamy.51/Documents/github/Spirals/Media/data/cluster/endsim/BehaviorSearch/Step6_Trial""","true","0","1","0","0","true","false","""-1339509919""","0.10193062600172205","0.10193062600172205","0.10193062600172205","0","0.10193062600172205"
"1","997","6100","1000","1","""HK""","0.01","false","""normal""","1","""constant""","0.1","""Scale-free""","1","0","1","""uniform""","""deterministic-normal""","0","0","1","""normal""","0.20000000000000018","0.8","false","""/home/ramaswamy.51/Documents/github/Spirals/Media/data/cluster/endsim/BehaviorSearch/Step6_Trial""","true","0","1","0","0","true","false","""-1561268952""","0.1163441378206208","0.1163441378206208","0.1163441378206208","0","0.1163441378206208"
"1","998","6100","1000","1","""HK""","0.01","false","""normal""","1","""constant""","0.1","""Scale-free""","1","0","1","""uniform""","""deterministic-normal""","0","0","1","""normal""","0.20000000000000018","0.8","false","""/home/ramaswamy.51/Documents/github/Spirals/Media/data/cluster/endsim/BehaviorSearch/Step6_Trial""","true","0","1","0","0","true","false","""-1646347083""","0.10459521808671347","0.10459521808671347","0.10459521808671347","0","0.10459521808671347"
"1","999","6100","1000","1","""HK""","0.01","false","""normal""","1","""constant""","0.1","""Scale-free""","1","0","1","""uniform""","""deterministic-normal""","0","0","1","""normal""","0.20000000000000018","0.8","false","""/home/ramaswamy.51/Documents/github/Spirals/Media/data/cluster/endsim/BehaviorSearch/Step6_Trial""","true","0","1","0","0","true","false","""-1312126233""","0.11866527385380356","0.11866527385380356","0.11866527385380356","0","0.11866527385380356"
"1","1000","6100","1000","1","""HK""","0.01","false","""normal""","1","""constant""","0.1","""Scale-free""","1","0","1","""uniform""","""deterministic-normal""","0","0","1","""normal""","0.20000000000000018","0.8","false","""/home/ramaswamy.51/Documents/github/Spirals/Media/data/cluster/endsim/BehaviorSearch/Step6_Trial""","true","0","1","0","0","true","false","""1595729049""","0.11754883658397935","0.11754883658397935","0.11754883658397935","0","0.11754883658397935"
"1","1001","6276","1000","1","""HK""","0.01","false","""normal""","1","""constant""","0.1","""Scale-free""","1","0","1","""uniform""","""deterministic-normal""","0","0","1","""normal""","-0.7","0.9","false","""/home/ramaswamy.51/Documents/github/Spirals/Media/data/cluster/endsim/BehaviorSearch/Step6_Trial""","true","0","1","0","0","true","false","""1974144616""","0.12376869883169299","0.12376869883169299","0.12376869883169299","0","0.12376869883169299"
"1","1002","6276","1000","1","""HK""","0.01","false","""normal""","1","""constant""","0.1","""Scale-free""","1","0","1","""uniform""","""deterministic-normal""","0","0","1","""normal""","-0.7","0.9","false","""/home/ramaswamy.51/Documents/github/Spirals/Media/data/cluster/endsim/BehaviorSearch/Step6_Trial""","true","0","1","0","0","true","false","""-720792691""","0.1445085523322122","0.1445085523322122","0.1445085523322122","0","0.1445085523322122"
"1","1003","6276","1000","1","""HK""","0.01","false","""normal""","1","""constant""","0.1","""Scale-free""","1","0","1","""uniform""","""deterministic-normal""","0","0","1","""normal""","-0.7","0.9","false","""/home/ramaswamy.51/Documents/github/Spirals/Media/data/cluster/endsim/BehaviorSearch/Step6_Trial""","true","0","1","0","0","true","false","""1031448406""","0.12595075595474173","0.12595075595474173","0.12595075595474173","0","0.12595075595474173"
"1","1004","6276","1000","1","""HK""","0.01","false","""normal""","1","""constant""","0.1","""Scale-free""","1","0","1","""uniform""","""deterministic-normal""","0","0","1","""normal""","-0.7","0.9","false","""/home/ramaswamy.51/Documents/github/Spirals/Media/data/cluster/endsim/BehaviorSearch/Step6_Trial""","true","0","1","0","0","true","false","""99873949""","0.1422752702913131","0.1422752702913131","0.1422752702913131","0","0.1422752702913131"
"1","1005","6320","1000","1","""HK""","0.04","false","""normal""","1","""constant""","0.1","""Scale-free""","1","0","1","""uniform""","""deterministic-normal""","0","0","1","""normal""","-0.19999999999999996","0.9","false","""/home/ramaswamy.51/Documents/github/Spirals/Media/data/cluster/endsim/BehaviorSearch/Step6_Trial""","true","0","1","0","0","true","false","""39356253""","0.1184375217512366","0.1184375217512366","0.1184375217512366","0","0.1184375217512366"
"1","1006","6320","1000","1","""HK""","0.04","false","""normal""","1","""constant""","0.1","""Scale-free""","1","0","1","""uniform""","""deterministic-normal""","0","0","1","""normal""","-0.19999999999999996","0.9","false","""/home/ramaswamy.51/Documents/github/Spirals/Media/data/cluster/endsim/BehaviorSearch/Step6_Trial""","true","0","1","0","0","true","false","""826952941""","0.09996202119903495","0.09996202119903495","0.09996202119903495","0","0.09996202119903495"
"1","1007","6320","1000","1","""HK""","0.04","false","""normal""","1","""constant""","0.1","""Scale-free""","1","0","1","""uniform""","""deterministic-normal""","0","0","1","""normal""","-0.19999999999999996","0.9","false","""/home/ramaswamy.51/Documents/github/Spirals/Media/data/cluster/endsim/BehaviorSearch/Step6_Trial""","true","0","1","0","0","true","false","""-770518145""","0.10221025665024604","0.10221025665024604","0.10221025665024604","0","0.10221025665024604"
"1","1008","6320","1000","1","""HK""","0.04","false","""normal""","1","""constant""","0.1","""Scale-free""","1","0","1","""uniform""","""deterministic-normal""","0","0","1","""normal""","-0.19999999999999996","0.9","false","""/home/ramaswamy.51/Documents/github/Spirals/Media/data/cluster/endsim/BehaviorSearch/Step6_Trial""","true","0","1","0","0","true","false","""1797173453""","0.12394657073221467","0.12394657073221467","0.12394657073221467","0","0.12394657073221467"
"1","1009","6596","1000","1","""HK""","0.01","false","""normal""","1","""constant""","0.1","""Scale-free""","2","0","1","""uniform""","""deterministic-normal""","0","0","1","""normal""","-0.09999999999999998","0.7000000000000001","false","""/home/ramaswamy.51/Documents/github/Spirals/Media/data/cluster/endsim/BehaviorSearch/Step6_Trial""","true","0","1","0","0","true","false","""1439148017""","0.13025719647010772","0.13025719647010772","0.13025719647010772","0","0.13025719647010772"
"1","1010","6596","1000","1","""HK""","0.01","false","""normal""","1","""constant""","0.1","""Scale-free""","2","0","1","""uniform""","""deterministic-normal""","0","0","1","""normal""","-0.09999999999999998","0.7000000000000001","false","""/home/ramaswamy.51/Documents/github/Spirals/Media/data/cluster/endsim/BehaviorSearch/Step6_Trial""","true","0","1","0","0","true","false","""-1231542620""","0.1207699900336667","0.1207699900336667","0.1207699900336667","0","0.1207699900336667"
"1","1011","6596","1000","1","""HK""","0.01","false","""normal""","1","""constant""","0.1","""Scale-free""","2","0","1","""uniform""","""deterministic-normal""","0","0","1","""normal""","-0.09999999999999998","0.7000000000000001","false","""/home/ramaswamy.51/Documents/github/Spirals/Media/data/cluster/endsim/BehaviorSearch/Step6_Trial""","true","0","1","0","0","true","false","""-1320981790""","0.10932061598440661","0.10932061598440661","0.10932061598440661","0","0.10932061598440661"
"1","1012","6596","1000","1","""HK""","0.01","false","""normal""","1","""constant""","0.1","""Scale-free""","2","0","1","""uniform""","""deterministic-normal""","0","0","1","""normal""","-0.09999999999999998","0.7000000000000001","false","""/home/ramaswamy.51/Documents/github/Spirals/Media/data/cluster/endsim/BehaviorSearch/Step6_Trial""","true","0","1","0","0","true","false","""120291737""","0.1031272602936755","0.1031272602936755","0.1031272602936755","0","0.1031272602936755"
"1","1013","6652","1000","1","""HK""","0.05","false","""normal""","1","""constant""","0.2","""Scale-free""","1","0","1","""uniform""","""deterministic-normal""","0","0","1","""normal""","-0.09999999999999998","0.9","false","""/home/ramaswamy.51/Documents/github/Spirals/Media/data/cluster/endsim/BehaviorSearch/Step6_Trial""","true","0","1","0","0","true","false","""-1677263456""","0.22268170925538422","0.22268170925538422","0.22268170925538422","0","0.22268170925538422"
"1","1014","6652","1000","1","""HK""","0.05","false","""normal""","1","""constant""","0.2","""Scale-free""","1","0","1","""uniform""","""deterministic-normal""","0","0","1","""normal""","-0.09999999999999998","0.9","false","""/home/ramaswamy.51/Documents/github/Spirals/Media/data/cluster/endsim/BehaviorSearch/Step6_Trial""","true","0","1","0","0","true","false","""-1919051651""","0.23786478111899545","0.23786478111899545","0.23786478111899545","0","0.23786478111899545"
"1","1015","6652","1000","1","""HK""","0.05","false","""normal""","1","""constant""","0.2","""Scale-free""","1","0","1","""uniform""","""deterministic-normal""","0","0","1","""normal""","-0.09999999999999998","0.9","false","""/home/ramaswamy.51/Documents/github/Spirals/Media/data/cluster/endsim/BehaviorSearch/Step6_Trial""","true","0","1","0","0","true","false","""287586573""","0.2266394911717742","0.2266394911717742","0.2266394911717742","0","0.2266394911717742"
"1","1016","6652","1000","1","""HK""","0.05","false","""normal""","1","""constant""","0.2","""Scale-free""","1","0","1","""uniform""","""deterministic-normal""","0","0","1","""normal""","-0.09999999999999998","0.9","false","""/home/ramaswamy.51/Documents/github/Spirals/Media/data/cluster/endsim/BehaviorSearch/Step6_Trial""","true","0","1","0","0","true","false","""1688774598""","0.20231774621798582","0.20231774621798582","0.20231774621798582","0","0.20231774621798582"
"1","1017","6792","1000","1","""HK""","0.04","false","""normal""","1","""constant""","0.2","""Scale-free""","1","0","1","""uniform""","""deterministic-normal""","0","0","1","""normal""","-0.09999999999999998","0.8","false","""/home/ramaswamy.51/Documents/github/Spirals/Media/data/cluster/endsim/BehaviorSearch/Step6_Trial""","true","0","1","0","0","true","false","""-1517273883""","0.22259807174625879","0.22259807174625879","0.22259807174625879","0","0.22259807174625879"
"1","1018","6792","1000","1","""HK""","0.04","false","""normal""","1","""constant""","0.2","""Scale-free""","1","0","1","""uniform""","""deterministic-normal""","0","0","1","""normal""","-0.09999999999999998","0.8","false","""/home/ramaswamy.51/Documents/github/Spirals/Media/data/cluster/endsim/BehaviorSearch/Step6_Trial""","true","0","1","0","0","true","false","""641985454""","0.2070969647643968","0.2070969647643968","0.2070969647643968","0","0.2070969647643968"
"1","1019","6792","1000","1","""HK""","0.04","false","""normal""","1","""constant""","0.2","""Scale-free""","1","0","1","""uniform""","""deterministic-normal""","0","0","1","""normal""","-0.09999999999999998","0.8","false","""/home/ramaswamy.51/Documents/github/Spirals/Media/data/cluster/endsim/BehaviorSearch/Step6_Trial""","true","0","1","0","0","true","false","""998776686""","0.24158794785744456","0.24158794785744456","0.24158794785744456","0","0.24158794785744456"
"1","1020","6792","1000","1","""HK""","0.04","false","""normal""","1","""constant""","0.2","""Scale-free""","1","0","1","""uniform""","""deterministic-normal""","0","0","1","""normal""","-0.09999999999999998","0.8","false","""/home/ramaswamy.51/Documents/github/Spirals/Media/data/cluster/endsim/BehaviorSearch/Step6_Trial""","true","0","1","0","0","true","false","""-1089625427""","0.23255374279410954","0.23255374279410954","0.23255374279410954","0","0.23255374279410954"
"1","1021","6824","1000","1","""HK""","0.01","false","""normal""","1","""constant""","0.1","""Scale-free""","1","0","1","""uniform""","""deterministic-normal""","0","0","1","""normal""","0.20000000000000018","1","false","""/home/ramaswamy.51/Documents/github/Spirals/Media/data/cluster/endsim/BehaviorSearch/Step6_Trial""","true","0","1","0","0","true","false","""-146855676""","0.07960694312816138","0.07960694312816138","0.07960694312816138","0","0.07960694312816138"
"1","1022","6824","1000","1","""HK""","0.01","false","""normal""","1","""constant""","0.1","""Scale-free""","1","0","1","""uniform""","""deterministic-normal""","0","0","1","""normal""","0.20000000000000018","1","false","""/home/ramaswamy.51/Documents/github/Spirals/Media/data/cluster/endsim/BehaviorSearch/Step6_Trial""","true","0","1","0","0","true","false","""1086133293""","0.0921318920774411","0.0921318920774411","0.0921318920774411","0","0.0921318920774411"
"1","1023","6824","1000","1","""HK""","0.01","false","""normal""","1","""constant""","0.1","""Scale-free""","1","0","1","""uniform""","""deterministic-normal""","0","0","1","""normal""","0.20000000000000018","1","false","""/home/ramaswamy.51/Documents/github/Spirals/Media/data/cluster/endsim/BehaviorSearch/Step6_Trial""","true","0","1","0","0","true","false","""516129861""","0.08886609764765362","0.08886609764765362","0.08886609764765362","0","0.08886609764765362"
"1","1024","6824","1000","1","""HK""","0.01","false","""normal""","1","""constant""","0.1","""Scale-free""","1","0","1","""uniform""","""deterministic-normal""","0","0","1","""normal""","0.20000000000000018","1","false","""/home/ramaswamy.51/Documents/github/Spirals/Media/data/cluster/endsim/BehaviorSearch/Step6_Trial""","true","0","1","0","0","true","false","""773282471""","0.12262600055592598","0.12262600055592598","0.12262600055592598","0","0.12262600055592598"
"1","1025","6864","1000","1","""HK""","0.06999999999999999","false","""normal""","1","""constant""","0.1","""Scale-free""","1","0","1","""uniform""","""deterministic-normal""","0","0","1","""normal""","0.40000000000000013","0.9","false","""/home/ramaswamy.51/Documents/github/Spirals/Media/data/cluster/endsim/BehaviorSearch/Step6_Trial""","true","0","1","0","0","true","false","""-545254761""","0.1856456350061012","0.1856456350061012","0.1856456350061012","0","0.1856456350061012"
"1","1026","6864","1000","1","""HK""","0.06999999999999999","false","""normal""","1","""constant""","0.1","""Scale-free""","1","0","1","""uniform""","""deterministic-normal""","0","0","1","""normal""","0.40000000000000013","0.9","false","""/home/ramaswamy.51/Documents/github/Spirals/Media/data/cluster/endsim/BehaviorSearch/Step6_Trial""","true","0","1","0","0","true","false","""1118257650""","0.1497863631096151","0.1497863631096151","0.1497863631096151","0","0.1497863631096151"
"1","1027","6864","1000","1","""HK""","0.06999999999999999","false","""normal""","1","""constant""","0.1","""Scale-free""","1","0","1","""uniform""","""deterministic-normal""","0","0","1","""normal""","0.40000000000000013","0.9","false","""/home/ramaswamy.51/Documents/github/Spirals/Media/data/cluster/endsim/BehaviorSearch/Step6_Trial""","true","0","1","0","0","true","false","""2105545527""","0.16097846601319074","0.16097846601319074","0.16097846601319074","0","0.16097846601319074"
"1","1028","6864","1000","1","""HK""","0.06999999999999999","false","""normal""","1","""constant""","0.1","""Scale-free""","1","0","1","""uniform""","""deterministic-normal""","0","0","1","""normal""","0.40000000000000013","0.9","false","""/home/ramaswamy.51/Documents/github/Spirals/Media/data/cluster/endsim/BehaviorSearch/Step6_Trial""","true","0","1","0","0","true","false","""138989717""","0.16258801334119966","0.16258801334119966","0.16258801334119966","0","0.16258801334119966"
"1","1029","7060","1000","1","""HK""","0.03","false","""normal""","1","""constant""","0.1","""Scale-free""","1","0","1","""uniform""","""deterministic-normal""","0","0","1","""normal""","0","0.9","false","""/home/ramaswamy.51/Documents/github/Spirals/Media/data/cluster/endsim/BehaviorSearch/Step6_Trial""","true","0","1","0","0","true","false","""794513045""","0.10124884626347364","0.10124884626347364","0.10124884626347364","0","0.10124884626347364"
"1","1030","7060","1000","1","""HK""","0.03","false","""normal""","1","""constant""","0.1","""Scale-free""","1","0","1","""uniform""","""deterministic-normal""","0","0","1","""normal""","0","0.9","false","""/home/ramaswamy.51/Documents/github/Spirals/Media/data/cluster/endsim/BehaviorSearch/Step6_Trial""","true","0","1","0","0","true","false","""-612084037""","0.09705804897616585","0.09705804897616585","0.09705804897616585","0","0.09705804897616585"
"1","1031","7060","1000","1","""HK""","0.03","false","""normal""","1","""constant""","0.1","""Scale-free""","1","0","1","""uniform""","""deterministic-normal""","0","0","1","""normal""","0","0.9","false","""/home/ramaswamy.51/Documents/github/Spirals/Media/data/cluster/endsim/BehaviorSearch/Step6_Trial""","true","0","1","0","0","true","false","""-249163848""","0.10331517151960787","0.10331517151960787","0.10331517151960787","0","0.10331517151960787"
"1","1032","7060","1000","1","""HK""","0.03","false","""normal""","1","""constant""","0.1","""Scale-free""","1","0","1","""uniform""","""deterministic-normal""","0","0","1","""normal""","0","0.9","false","""/home/ramaswamy.51/Documents/github/Spirals/Media/data/cluster/endsim/BehaviorSearch/Step6_Trial""","true","0","1","0","0","true","false","""-1884093994""","0.08429987607931794","0.08429987607931794","0.08429987607931794","0","0.08429987607931794"
"1","1033","7268","1000","1","""HK""","0.01","false","""normal""","1","""constant""","0.2","""Scale-free""","1","0","1","""uniform""","""deterministic-normal""","0","0","1","""normal""","-0.5","1","false","""/home/ramaswamy.51/Documents/github/Spirals/Media/data/cluster/endsim/BehaviorSearch/Step6_Trial""","true","0","1","0","0","true","false","""835657830""","0.22430002928745785","0.22430002928745785","0.22430002928745785","0","0.22430002928745785"
"1","1034","7268","1000","1","""HK""","0.01","false","""normal""","1","""constant""","0.2","""Scale-free""","1","0","1","""uniform""","""deterministic-normal""","0","0","1","""normal""","-0.5","1","false","""/home/ramaswamy.51/Documents/github/Spirals/Media/data/cluster/endsim/BehaviorSearch/Step6_Trial""","true","0","1","0","0","true","false","""-1274268979""","0.22927343538104047","0.22927343538104047","0.22927343538104047","0","0.22927343538104047"
"1","1035","7268","1000","1","""HK""","0.01","false","""normal""","1","""constant""","0.2","""Scale-free""","1","0","1","""uniform""","""deterministic-normal""","0","0","1","""normal""","-0.5","1","false","""/home/ramaswamy.51/Documents/github/Spirals/Media/data/cluster/endsim/BehaviorSearch/Step6_Trial""","true","0","1","0","0","true","false","""-587320186""","0.21890744443297017","0.21890744443297017","0.21890744443297017","0","0.21890744443297017"
"1","1036","7268","1000","1","""HK""","0.01","false","""normal""","1","""constant""","0.2","""Scale-free""","1","0","1","""uniform""","""deterministic-normal""","0","0","1","""normal""","-0.5","1","false","""/home/ramaswamy.51/Documents/github/Spirals/Media/data/cluster/endsim/BehaviorSearch/Step6_Trial""","true","0","1","0","0","true","false","""1614987842""","0.18860191886338842","0.18860191886338842","0.18860191886338842","0","0.18860191886338842"
"1","1037","7284","1000","1","""HK""","0.08","false","""normal""","1","""constant""","0.1","""Scale-free""","1","0","1","""uniform""","""deterministic-normal""","0","0","1","""normal""","0.10000000000000009","1","false","""/home/ramaswamy.51/Documents/github/Spirals/Media/data/cluster/endsim/BehaviorSearch/Step6_Trial""","true","0","1","0","0","true","false","""353374761""","0.1685815557779391","0.1685815557779391","0.1685815557779391","0","0.1685815557779391"
"1","1038","7284","1000","1","""HK""","0.08","false","""normal""","1","""constant""","0.1","""Scale-free""","1","0","1","""uniform""","""deterministic-normal""","0","0","1","""normal""","0.10000000000000009","1","false","""/home/ramaswamy.51/Documents/github/Spirals/Media/data/cluster/endsim/BehaviorSearch/Step6_Trial""","true","0","1","0","0","true","false","""-2040926690""","0.15571884505017292","0.15571884505017292","0.15571884505017292","0","0.15571884505017292"
"1","1039","7284","1000","1","""HK""","0.08","false","""normal""","1","""constant""","0.1","""Scale-free""","1","0","1","""uniform""","""deterministic-normal""","0","0","1","""normal""","0.10000000000000009","1","false","""/home/ramaswamy.51/Documents/github/Spirals/Media/data/cluster/endsim/BehaviorSearch/Step6_Trial""","true","0","1","0","0","true","false","""-32197936""","0.15440937531824409","0.15440937531824409","0.15440937531824409","0","0.15440937531824409"
"1","1040","7284","1000","1","""HK""","0.08","false","""normal""","1","""constant""","0.1","""Scale-free""","1","0","1","""uniform""","""deterministic-normal""","0","0","1","""normal""","0.10000000000000009","1","false","""/home/ramaswamy.51/Documents/github/Spirals/Media/data/cluster/endsim/BehaviorSearch/Step6_Trial""","true","0","1","0","0","true","false","""1219077271""","0.14533580181506342","0.14533580181506342","0.14533580181506342","0","0.14533580181506342"
"1","1041","7356","1000","1","""HK""","0.060000000000000005","false","""normal""","1","""constant""","0.1","""Scale-free""","2","0","1","""uniform""","""deterministic-normal""","0","0","1","""normal""","0.30000000000000004","0.9","false","""/home/ramaswamy.51/Documents/github/Spirals/Media/data/cluster/endsim/BehaviorSearch/Step6_Trial""","true","0","1","0","0","true","false","""1853626604""","0.18888835770159373","0.18888835770159373","0.18888835770159373","0","0.18888835770159373"
"1","1042","7356","1000","1","""HK""","0.060000000000000005","false","""normal""","1","""constant""","0.1","""Scale-free""","2","0","1","""uniform""","""deterministic-normal""","0","0","1","""normal""","0.30000000000000004","0.9","false","""/home/ramaswamy.51/Documents/github/Spirals/Media/data/cluster/endsim/BehaviorSearch/Step6_Trial""","true","0","1","0","0","true","false","""462411860""","0.15077002647690316","0.15077002647690316","0.15077002647690316","0","0.15077002647690316"
"1","1043","7356","1000","1","""HK""","0.060000000000000005","false","""normal""","1","""constant""","0.1","""Scale-free""","2","0","1","""uniform""","""deterministic-normal""","0","0","1","""normal""","0.30000000000000004","0.9","false","""/home/ramaswamy.51/Documents/github/Spirals/Media/data/cluster/endsim/BehaviorSearch/Step6_Trial""","true","0","1","0","0","true","false","""1190785627""","0.1499822208618001","0.1499822208618001","0.1499822208618001","0","0.1499822208618001"
"1","1044","7356","1000","1","""HK""","0.060000000000000005","false","""normal""","1","""constant""","0.1","""Scale-free""","2","0","1","""uniform""","""deterministic-normal""","0","0","1","""normal""","0.30000000000000004","0.9","false","""/home/ramaswamy.51/Documents/github/Spirals/Media/data/cluster/endsim/BehaviorSearch/Step6_Trial""","true","0","1","0","0","true","false","""-740507308""","0.19147368429475203","0.19147368429475203","0.19147368429475203","0","0.19147368429475203"
"1","1045","7392","1000","1","""HK""","0.05","false","""normal""","1","""constant""","0.1","""Scale-free""","1","0","1","""uniform""","""deterministic-normal""","0","0","1","""normal""","0.40000000000000013","0.9","false","""/home/ramaswamy.51/Documents/github/Spirals/Media/data/cluster/endsim/BehaviorSearch/Step6_Trial""","true","0","1","0","0","true","false","""-91778106""","0.1494347706482518","0.1494347706482518","0.1494347706482518","0","0.1494347706482518"
"1","1046","7392","1000","1","""HK""","0.05","false","""normal""","1","""constant""","0.1","""Scale-free""","1","0","1","""uniform""","""deterministic-normal""","0","0","1","""normal""","0.40000000000000013","0.9","false","""/home/ramaswamy.51/Documents/github/Spirals/Media/data/cluster/endsim/BehaviorSearch/Step6_Trial""","true","0","1","0","0","true","false","""-347131743""","0.14079742384514707","0.14079742384514707","0.14079742384514707","0","0.14079742384514707"
"1","1047","7392","1000","1","""HK""","0.05","false","""normal""","1","""constant""","0.1","""Scale-free""","1","0","1","""uniform""","""deterministic-normal""","0","0","1","""normal""","0.40000000000000013","0.9","false","""/home/ramaswamy.51/Documents/github/Spirals/Media/data/cluster/endsim/BehaviorSearch/Step6_Trial""","true","0","1","0","0","true","false","""-687863739""","0.14065556793902068","0.14065556793902068","0.14065556793902068","0","0.14065556793902068"
"1","1048","7392","1000","1","""HK""","0.05","false","""normal""","1","""constant""","0.1","""Scale-free""","1","0","1","""uniform""","""deterministic-normal""","0","0","1","""normal""","0.40000000000000013","0.9","false","""/home/ramaswamy.51/Documents/github/Spirals/Media/data/cluster/endsim/BehaviorSearch/Step6_Trial""","true","0","1","0","0","true","false","""-560713363""","0.13410749766382904","0.13410749766382904","0.13410749766382904","0","0.13410749766382904"
"1","1049","7536","1000","1","""HK""","0.01","false","""normal""","1","""constant""","0.2","""Scale-free""","1","0","1","""uniform""","""deterministic-normal""","0","0","1","""normal""","-0.29999999999999993","0.9","false","""/home/ramaswamy.51/Documents/github/Spirals/Media/data/cluster/endsim/BehaviorSearch/Step6_Trial""","true","0","1","0","0","true","false","""-1153331728""","0.20979876115649218","0.20979876115649218","0.20979876115649218","0","0.20979876115649218"
"1","1050","7536","1000","1","""HK""","0.01","false","""normal""","1","""constant""","0.2","""Scale-free""","1","0","1","""uniform""","""deterministic-normal""","0","0","1","""normal""","-0.29999999999999993","0.9","false","""/home/ramaswamy.51/Documents/github/Spirals/Media/data/cluster/endsim/BehaviorSearch/Step6_Trial""","true","0","1","0","0","true","false","""194501933""","0.21424305714247513","0.21424305714247513","0.21424305714247513","0","0.21424305714247513"
"1","1051","7536","1000","1","""HK""","0.01","false","""normal""","1","""constant""","0.2","""Scale-free""","1","0","1","""uniform""","""deterministic-normal""","0","0","1","""normal""","-0.29999999999999993","0.9","false","""/home/ramaswamy.51/Documents/github/Spirals/Media/data/cluster/endsim/BehaviorSearch/Step6_Trial""","true","0","1","0","0","true","false","""1964550137""","0.2011081196749303","0.2011081196749303","0.2011081196749303","0","0.2011081196749303"
"1","1052","7536","1000","1","""HK""","0.01","false","""normal""","1","""constant""","0.2","""Scale-free""","1","0","1","""uniform""","""deterministic-normal""","0","0","1","""normal""","-0.29999999999999993","0.9","false","""/home/ramaswamy.51/Documents/github/Spirals/Media/data/cluster/endsim/BehaviorSearch/Step6_Trial""","true","0","1","0","0","true","false","""-752510051""","0.19451263156923188","0.19451263156923188","0.19451263156923188","0","0.19451263156923188"
"1","1053","7584","1000","1","""HK""","0.01","false","""normal""","1","""constant""","0","""Scale-free""","2","0","1","""uniform""","""deterministic-normal""","0","0","1","""normal""","-0.09999999999999998","0.9","false","""/home/ramaswamy.51/Documents/github/Spirals/Media/data/cluster/endsim/BehaviorSearch/Step6_Trial""","true","0","1","0","0","true","false","""2035509679""","0.15064396749620054","0.15064396749620054","0.15064396749620054","0","0.15064396749620054"
"1","1054","7584","1000","1","""HK""","0.01","false","""normal""","1","""constant""","0","""Scale-free""","2","0","1","""uniform""","""deterministic-normal""","0","0","1","""normal""","-0.09999999999999998","0.9","false","""/home/ramaswamy.51/Documents/github/Spirals/Media/data/cluster/endsim/BehaviorSearch/Step6_Trial""","true","0","1","0","0","true","false","""-19644875""","0.15817534611045808","0.15817534611045808","0.15817534611045808","0","0.15817534611045808"
"1","1055","7584","1000","1","""HK""","0.01","false","""normal""","1","""constant""","0","""Scale-free""","2","0","1","""uniform""","""deterministic-normal""","0","0","1","""normal""","-0.09999999999999998","0.9","false","""/home/ramaswamy.51/Documents/github/Spirals/Media/data/cluster/endsim/BehaviorSearch/Step6_Trial""","true","0","1","0","0","true","false","""-832087734""","0.16740416677545994","0.16740416677545994","0.16740416677545994","0","0.16740416677545994"
"1","1056","7584","1000","1","""HK""","0.01","false","""normal""","1","""constant""","0","""Scale-free""","2","0","1","""uniform""","""deterministic-normal""","0","0","1","""normal""","-0.09999999999999998","0.9","false","""/home/ramaswamy.51/Documents/github/Spirals/Media/data/cluster/endsim/BehaviorSearch/Step6_Trial""","true","0","1","0","0","true","false","""312481180""","0.14433389869787594","0.14433389869787594","0.14433389869787594","0","0.14433389869787594"
"1","1057","7700","1000","1","""HK""","0.02","false","""normal""","1","""constant""","0.2","""Scale-free""","1","0","1","""uniform""","""deterministic-normal""","0","0","1","""normal""","-0.09999999999999998","1","false","""/home/ramaswamy.51/Documents/github/Spirals/Media/data/cluster/endsim/BehaviorSearch/Step6_Trial""","true","0","1","0","0","true","false","""-1426820923""","0.19152470839538824","0.19152470839538824","0.19152470839538824","0","0.19152470839538824"
"1","1058","7700","1000","1","""HK""","0.02","false","""normal""","1","""constant""","0.2","""Scale-free""","1","0","1","""uniform""","""deterministic-normal""","0","0","1","""normal""","-0.09999999999999998","1","false","""/home/ramaswamy.51/Documents/github/Spirals/Media/data/cluster/endsim/BehaviorSearch/Step6_Trial""","true","0","1","0","0","true","false","""1362637782""","0.21079538792093086","0.21079538792093086","0.21079538792093086","0","0.21079538792093086"
"1","1059","7700","1000","1","""HK""","0.02","false","""normal""","1","""constant""","0.2","""Scale-free""","1","0","1","""uniform""","""deterministic-normal""","0","0","1","""normal""","-0.09999999999999998","1","false","""/home/ramaswamy.51/Documents/github/Spirals/Media/data/cluster/endsim/BehaviorSearch/Step6_Trial""","true","0","1","0","0","true","false","""1479023175""","0.22183609366138876","0.22183609366138876","0.22183609366138876","0","0.22183609366138876"
"1","1060","7700","1000","1","""HK""","0.02","false","""normal""","1","""constant""","0.2","""Scale-free""","1","0","1","""uniform""","""deterministic-normal""","0","0","1","""normal""","-0.09999999999999998","1","false","""/home/ramaswamy.51/Documents/github/Spirals/Media/data/cluster/endsim/BehaviorSearch/Step6_Trial""","true","0","1","0","0","true","false","""439345796""","0.21409527193928446","0.21409527193928446","0.21409527193928446","0","0.21409527193928446"
"1","1061","8016","1000","1","""HK""","0.060000000000000005","false","""normal""","1","""constant""","0","""Scale-free""","1","0","1","""uniform""","""deterministic-normal""","0","0","1","""normal""","-0.09999999999999998","0.9","false","""/home/ramaswamy.51/Documents/github/Spirals/Media/data/cluster/endsim/BehaviorSearch/Step6_Trial""","true","0","1","0","0","true","false","""1145437775""","0.21781601105322412","0.21781601105322412","0.21781601105322412","0","0.21781601105322412"
"1","1062","8016","1000","1","""HK""","0.060000000000000005","false","""normal""","1","""constant""","0","""Scale-free""","1","0","1","""uniform""","""deterministic-normal""","0","0","1","""normal""","-0.09999999999999998","0.9","false","""/home/ramaswamy.51/Documents/github/Spirals/Media/data/cluster/endsim/BehaviorSearch/Step6_Trial""","true","0","1","0","0","true","false","""203070249""","0.2287761818701783","0.2287761818701783","0.2287761818701783","0","0.2287761818701783"
"1","1063","8016","1000","1","""HK""","0.060000000000000005","false","""normal""","1","""constant""","0","""Scale-free""","1","0","1","""uniform""","""deterministic-normal""","0","0","1","""normal""","-0.09999999999999998","0.9","false","""/home/ramaswamy.51/Documents/github/Spirals/Media/data/cluster/endsim/BehaviorSearch/Step6_Trial""","true","0","1","0","0","true","false","""967351896""","0.23340350206378097","0.23340350206378097","0.23340350206378097","0","0.23340350206378097"
"1","1064","8016","1000","1","""HK""","0.060000000000000005","false","""normal""","1","""constant""","0","""Scale-free""","1","0","1","""uniform""","""deterministic-normal""","0","0","1","""normal""","-0.09999999999999998","0.9","false","""/home/ramaswamy.51/Documents/github/Spirals/Media/data/cluster/endsim/BehaviorSearch/Step6_Trial""","true","0","1","0","0","true","false","""-1914888211""","0.22922119556123566","0.22922119556123566","0.22922119556123566","0","0.22922119556123566"
"1","1065","8356","1000","1","""HK""","0.01","false","""normal""","1","""constant""","0.2","""Scale-free""","1","0","1","""uniform""","""deterministic-normal""","0","0","1","""normal""","-0.3999999999999999","0.9","false","""/home/ramaswamy.51/Documents/github/Spirals/Media/data/cluster/endsim/BehaviorSearch/Step6_Trial""","true","0","1","0","0","true","false","""754275203""","0.19898438924864492","0.19898438924864492","0.19898438924864492","0","0.19898438924864492"
"1","1066","8356","1000","1","""HK""","0.01","false","""normal""","1","""constant""","0.2","""Scale-free""","1","0","1","""uniform""","""deterministic-normal""","0","0","1","""normal""","-0.3999999999999999","0.9","false","""/home/ramaswamy.51/Documents/github/Spirals/Media/data/cluster/endsim/BehaviorSearch/Step6_Trial""","true","0","1","0","0","true","false","""-1013915700""","0.2127035710657089","0.2127035710657089","0.2127035710657089","0","0.2127035710657089"
"1","1067","8356","1000","1","""HK""","0.01","false","""normal""","1","""constant""","0.2","""Scale-free""","1","0","1","""uniform""","""deterministic-normal""","0","0","1","""normal""","-0.3999999999999999","0.9","false","""/home/ramaswamy.51/Documents/github/Spirals/Media/data/cluster/endsim/BehaviorSearch/Step6_Trial""","true","0","1","0","0","true","false","""1511625716""","0.1996439099220574","0.1996439099220574","0.1996439099220574","0","0.1996439099220574"
"1","1068","8356","1000","1","""HK""","0.01","false","""normal""","1","""constant""","0.2","""Scale-free""","1","0","1","""uniform""","""deterministic-normal""","0","0","1","""normal""","-0.3999999999999999","0.9","false","""/home/ramaswamy.51/Documents/github/Spirals/Media/data/cluster/endsim/BehaviorSearch/Step6_Trial""","true","0","1","0","0","true","false","""-511972688""","0.22157603725318517","0.22157603725318517","0.22157603725318517","0","0.22157603725318517"
"1","1069","8512","1000","1","""HK""","0.01","false","""normal""","1","""constant""","0.1","""Scale-free""","1","0","1","""uniform""","""deterministic-normal""","0","0","1","""normal""","0.10000000000000009","0.7000000000000001","false","""/home/ramaswamy.51/Documents/github/Spirals/Media/data/cluster/endsim/BehaviorSearch/Step6_Trial""","true","0","1","0","0","true","false","""-822360851""","0.11503271535829528","0.11503271535829528","0.11503271535829528","0","0.11503271535829528"
"1","1070","8512","1000","1","""HK""","0.01","false","""normal""","1","""constant""","0.1","""Scale-free""","1","0","1","""uniform""","""deterministic-normal""","0","0","1","""normal""","0.10000000000000009","0.7000000000000001","false","""/home/ramaswamy.51/Documents/github/Spirals/Media/data/cluster/endsim/BehaviorSearch/Step6_Trial""","true","0","1","0","0","true","false","""-853735098""","0.11766869806892233","0.11766869806892233","0.11766869806892233","0","0.11766869806892233"
"1","1071","8512","1000","1","""HK""","0.01","false","""normal""","1","""constant""","0.1","""Scale-free""","1","0","1","""uniform""","""deterministic-normal""","0","0","1","""normal""","0.10000000000000009","0.7000000000000001","false","""/home/ramaswamy.51/Documents/github/Spirals/Media/data/cluster/endsim/BehaviorSearch/Step6_Trial""","true","0","1","0","0","true","false","""-1813077943""","0.10819980415616522","0.10819980415616522","0.10819980415616522","0","0.10819980415616522"
"1","1072","8512","1000","1","""HK""","0.01","false","""normal""","1","""constant""","0.1","""Scale-free""","1","0","1","""uniform""","""deterministic-normal""","0","0","1","""normal""","0.10000000000000009","0.7000000000000001","false","""/home/ramaswamy.51/Documents/github/Spirals/Media/data/cluster/endsim/BehaviorSearch/Step6_Trial""","true","0","1","0","0","true","false","""413776634""","0.12209469007457047","0.12209469007457047","0.12209469007457047","0","0.12209469007457047"
"1","1073","8640","1000","1","""HK""","0.03","false","""normal""","1","""constant""","0.2","""Scale-free""","1","0","1","""uniform""","""deterministic-normal""","0","0","1","""normal""","-0.09999999999999998","1","false","""/home/ramaswamy.51/Documents/github/Spirals/Media/data/cluster/endsim/BehaviorSearch/Step6_Trial""","true","0","1","0","0","true","false","""-445946510""","0.22554030212245116","0.22554030212245116","0.22554030212245116","0","0.22554030212245116"
"1","1074","8640","1000","1","""HK""","0.03","false","""normal""","1","""constant""","0.2","""Scale-free""","1","0","1","""uniform""","""deterministic-normal""","0","0","1","""normal""","-0.09999999999999998","1","false","""/home/ramaswamy.51/Documents/github/Spirals/Media/data/cluster/endsim/BehaviorSearch/Step6_Trial""","true","0","1","0","0","true","false","""-1101469055""","0.2035745844113165","0.2035745844113165","0.2035745844113165","0","0.2035745844113165"
"1","1075","8640","1000","1","""HK""","0.03","false","""normal""","1","""constant""","0.2","""Scale-free""","1","0","1","""uniform""","""deterministic-normal""","0","0","1","""normal""","-0.09999999999999998","1","false","""/home/ramaswamy.51/Documents/github/Spirals/Media/data/cluster/endsim/BehaviorSearch/Step6_Trial""","true","0","1","0","0","true","false","""834484790""","0.22784103083007193","0.22784103083007193","0.22784103083007193","0","0.22784103083007193"
"1","1076","8640","1000","1","""HK""","0.03","false","""normal""","1","""constant""","0.2","""Scale-free""","1","0","1","""uniform""","""deterministic-normal""","0","0","1","""normal""","-0.09999999999999998","1","false","""/home/ramaswamy.51/Documents/github/Spirals/Media/data/cluster/endsim/BehaviorSearch/Step6_Trial""","true","0","1","0","0","true","false","""-762552342""","0.20949910059790655","0.20949910059790655","0.20949910059790655","0","0.20949910059790655"
"1","1077","8644","1000","1","""HK""","0.06999999999999999","false","""normal""","1","""constant""","0.1","""Scale-free""","1","0","1","""uniform""","""deterministic-normal""","0","0","1","""normal""","-0.09999999999999998","1","false","""/home/ramaswamy.51/Documents/github/Spirals/Media/data/cluster/endsim/BehaviorSearch/Step6_Trial""","true","0","1","0","0","true","false","""-114734062""","0.1511505578945442","0.1511505578945442","0.1511505578945442","0","0.1511505578945442"
"1","1078","8644","1000","1","""HK""","0.06999999999999999","false","""normal""","1","""constant""","0.1","""Scale-free""","1","0","1","""uniform""","""deterministic-normal""","0","0","1","""normal""","-0.09999999999999998","1","false","""/home/ramaswamy.51/Documents/github/Spirals/Media/data/cluster/endsim/BehaviorSearch/Step6_Trial""","true","0","1","0","0","true","false","""2084679967""","0.17573354944861522","0.17573354944861522","0.17573354944861522","0","0.17573354944861522"
"1","1079","8644","1000","1","""HK""","0.06999999999999999","false","""normal""","1","""constant""","0.1","""Scale-free""","1","0","1","""uniform""","""deterministic-normal""","0","0","1","""normal""","-0.09999999999999998","1","false","""/home/ramaswamy.51/Documents/github/Spirals/Media/data/cluster/endsim/BehaviorSearch/Step6_Trial""","true","0","1","0","0","true","false","""1030576644""","0.1306930106237936","0.1306930106237936","0.1306930106237936","0","0.1306930106237936"
"1","1080","8644","1000","1","""HK""","0.06999999999999999","false","""normal""","1","""constant""","0.1","""Scale-free""","1","0","1","""uniform""","""deterministic-normal""","0","0","1","""normal""","-0.09999999999999998","1","false","""/home/ramaswamy.51/Documents/github/Spirals/Media/data/cluster/endsim/BehaviorSearch/Step6_Trial""","true","0","1","0","0","true","false","""440364999""","0.15267824239245317","0.15267824239245317","0.15267824239245317","0","0.15267824239245317"
"1","1081","8724","1000","1","""HK""","0.04","false","""normal""","1","""constant""","0","""Scale-free""","1","0","1","""uniform""","""deterministic-normal""","0","0","1","""normal""","-0.19999999999999996","0.9","false","""/home/ramaswamy.51/Documents/github/Spirals/Media/data/cluster/endsim/BehaviorSearch/Step6_Trial""","true","0","1","0","0","true","false","""-692164090""","0.17821988175504067","0.17821988175504067","0.17821988175504067","0","0.17821988175504067"
"1","1082","8724","1000","1","""HK""","0.04","false","""normal""","1","""constant""","0","""Scale-free""","1","0","1","""uniform""","""deterministic-normal""","0","0","1","""normal""","-0.19999999999999996","0.9","false","""/home/ramaswamy.51/Documents/github/Spirals/Media/data/cluster/endsim/BehaviorSearch/Step6_Trial""","true","0","1","0","0","true","false","""2098757862""","0.1651726054864693","0.1651726054864693","0.1651726054864693","0","0.1651726054864693"
"1","1083","8724","1000","1","""HK""","0.04","false","""normal""","1","""constant""","0","""Scale-free""","1","0","1","""uniform""","""deterministic-normal""","0","0","1","""normal""","-0.19999999999999996","0.9","false","""/home/ramaswamy.51/Documents/github/Spirals/Media/data/cluster/endsim/BehaviorSearch/Step6_Trial""","true","0","1","0","0","true","false","""1972049184""","0.18001484703305676","0.18001484703305676","0.18001484703305676","0","0.18001484703305676"
"1","1084","8724","1000","1","""HK""","0.04","false","""normal""","1","""constant""","0","""Scale-free""","1","0","1","""uniform""","""deterministic-normal""","0","0","1","""normal""","-0.19999999999999996","0.9","false","""/home/ramaswamy.51/Documents/github/Spirals/Media/data/cluster/endsim/BehaviorSearch/Step6_Trial""","true","0","1","0","0","true","false","""1259837369""","0.16245255036478862","0.16245255036478862","0.16245255036478862","0","0.16245255036478862"
"1","1085","8956","1000","1","""HK""","0.03","false","""normal""","1","""constant""","0.1","""Scale-free""","1","0","1","""uniform""","""deterministic-normal""","0","0","1","""normal""","-0.5","0.8","false","""/home/ramaswamy.51/Documents/github/Spirals/Media/data/cluster/endsim/BehaviorSearch/Step6_Trial""","true","0","1","0","0","true","false","""524921364""","0.15241505817607187","0.15241505817607187","0.15241505817607187","0","0.15241505817607187"
"1","1086","8956","1000","1","""HK""","0.03","false","""normal""","1","""constant""","0.1","""Scale-free""","1","0","1","""uniform""","""deterministic-normal""","0","0","1","""normal""","-0.5","0.8","false","""/home/ramaswamy.51/Documents/github/Spirals/Media/data/cluster/endsim/BehaviorSearch/Step6_Trial""","true","0","1","0","0","true","false","""982287806""","0.1432460015765429","0.1432460015765429","0.1432460015765429","0","0.1432460015765429"
"1","1087","8956","1000","1","""HK""","0.03","false","""normal""","1","""constant""","0.1","""Scale-free""","1","0","1","""uniform""","""deterministic-normal""","0","0","1","""normal""","-0.5","0.8","false","""/home/ramaswamy.51/Documents/github/Spirals/Media/data/cluster/endsim/BehaviorSearch/Step6_Trial""","true","0","1","0","0","true","false","""71290852""","0.14068875465650113","0.14068875465650113","0.14068875465650113","0","0.14068875465650113"
"1","1088","8956","1000","1","""HK""","0.03","false","""normal""","1","""constant""","0.1","""Scale-free""","1","0","1","""uniform""","""deterministic-normal""","0","0","1","""normal""","-0.5","0.8","false","""/home/ramaswamy.51/Documents/github/Spirals/Media/data/cluster/endsim/BehaviorSearch/Step6_Trial""","true","0","1","0","0","true","false","""1678739015""","0.12661656867921134","0.12661656867921134","0.12661656867921134","0","0.12661656867921134"
"1","1089","9144","1000","1","""HK""","0.05","false","""normal""","1","""constant""","0.2","""Scale-free""","1","0","1","""uniform""","""deterministic-normal""","0","0","1","""normal""","-0.09999999999999998","0.8","false","""/home/ramaswamy.51/Documents/github/Spirals/Media/data/cluster/endsim/BehaviorSearch/Step6_Trial""","true","0","1","0","0","true","false","""263174132""","0.21964346299133927","0.21964346299133927","0.21964346299133927","0","0.21964346299133927"
"1","1090","9144","1000","1","""HK""","0.05","false","""normal""","1","""constant""","0.2","""Scale-free""","1","0","1","""uniform""","""deterministic-normal""","0","0","1","""normal""","-0.09999999999999998","0.8","false","""/home/ramaswamy.51/Documents/github/Spirals/Media/data/cluster/endsim/BehaviorSearch/Step6_Trial""","true","0","1","0","0","true","false","""915442792""","0.20832750777913023","0.20832750777913023","0.20832750777913023","0","0.20832750777913023"
"1","1091","9144","1000","1","""HK""","0.05","false","""normal""","1","""constant""","0.2","""Scale-free""","1","0","1","""uniform""","""deterministic-normal""","0","0","1","""normal""","-0.09999999999999998","0.8","false","""/home/ramaswamy.51/Documents/github/Spirals/Media/data/cluster/endsim/BehaviorSearch/Step6_Trial""","true","0","1","0","0","true","false","""614102990""","0.2521735626551757","0.2521735626551757","0.2521735626551757","0","0.2521735626551757"
"1","1092","9144","1000","1","""HK""","0.05","false","""normal""","1","""constant""","0.2","""Scale-free""","1","0","1","""uniform""","""deterministic-normal""","0","0","1","""normal""","-0.09999999999999998","0.8","false","""/home/ramaswamy.51/Documents/github/Spirals/Media/data/cluster/endsim/BehaviorSearch/Step6_Trial""","true","0","1","0","0","true","false","""914243993""","0.22302174109129289","0.22302174109129289","0.22302174109129289","0","0.22302174109129289"
"1","1093","9148","1000","1","""HK""","0.060000000000000005","false","""normal""","1","""constant""","0.1","""Scale-free""","1","0","1","""uniform""","""deterministic-normal""","0","0","1","""normal""","-0.09999999999999998","1","false","""/home/ramaswamy.51/Documents/github/Spirals/Media/data/cluster/endsim/BehaviorSearch/Step6_Trial""","true","0","1","0","0","true","false","""-200303010""","0.120710969397413","0.120710969397413","0.120710969397413","0","0.120710969397413"
"1","1094","9148","1000","1","""HK""","0.060000000000000005","false","""normal""","1","""constant""","0.1","""Scale-free""","1","0","1","""uniform""","""deterministic-normal""","0","0","1","""normal""","-0.09999999999999998","1","false","""/home/ramaswamy.51/Documents/github/Spirals/Media/data/cluster/endsim/BehaviorSearch/Step6_Trial""","true","0","1","0","0","true","false","""538714585""","0.10180190844149477","0.10180190844149477","0.10180190844149477","0","0.10180190844149477"
"1","1095","9148","1000","1","""HK""","0.060000000000000005","false","""normal""","1","""constant""","0.1","""Scale-free""","1","0","1","""uniform""","""deterministic-normal""","0","0","1","""normal""","-0.09999999999999998","1","false","""/home/ramaswamy.51/Documents/github/Spirals/Media/data/cluster/endsim/BehaviorSearch/Step6_Trial""","true","0","1","0","0","true","false","""-515423636""","0.12085488840108231","0.12085488840108231","0.12085488840108231","0","0.12085488840108231"
"1","1096","9148","1000","1","""HK""","0.060000000000000005","false","""normal""","1","""constant""","0.1","""Scale-free""","1","0","1","""uniform""","""deterministic-normal""","0","0","1","""normal""","-0.09999999999999998","1","false","""/home/ramaswamy.51/Documents/github/Spirals/Media/data/cluster/endsim/BehaviorSearch/Step6_Trial""","true","0","1","0","0","true","false","""-1233232631""","0.1371256826585601","0.1371256826585601","0.1371256826585601","0","0.1371256826585601"
"1","1097","9168","1000","1","""HK""","0.04","false","""normal""","1","""constant""","0.1","""Scale-free""","1","0","1","""uniform""","""deterministic-normal""","0","0","1","""normal""","0","1","false","""/home/ramaswamy.51/Documents/github/Spirals/Media/data/cluster/endsim/BehaviorSearch/Step6_Trial""","true","0","1","0","0","true","false","""1264653742""","0.10823357962600745","0.10823357962600745","0.10823357962600745","0","0.10823357962600745"
"1","1098","9168","1000","1","""HK""","0.04","false","""normal""","1","""constant""","0.1","""Scale-free""","1","0","1","""uniform""","""deterministic-normal""","0","0","1","""normal""","0","1","false","""/home/ramaswamy.51/Documents/github/Spirals/Media/data/cluster/endsim/BehaviorSearch/Step6_Trial""","true","0","1","0","0","true","false","""-1778714823""","0.11005057504382641","0.11005057504382641","0.11005057504382641","0","0.11005057504382641"
"1","1099","9168","1000","1","""HK""","0.04","false","""normal""","1","""constant""","0.1","""Scale-free""","1","0","1","""uniform""","""deterministic-normal""","0","0","1","""normal""","0","1","false","""/home/ramaswamy.51/Documents/github/Spirals/Media/data/cluster/endsim/BehaviorSearch/Step6_Trial""","true","0","1","0","0","true","false","""-1080943510""","0.09756799539181484","0.09756799539181484","0.09756799539181484","0","0.09756799539181484"
"1","1100","9168","1000","1","""HK""","0.04","false","""normal""","1","""constant""","0.1","""Scale-free""","1","0","1","""uniform""","""deterministic-normal""","0","0","1","""normal""","0","1","false","""/home/ramaswamy.51/Documents/github/Spirals/Media/data/cluster/endsim/BehaviorSearch/Step6_Trial""","true","0","1","0","0","true","false","""-624218933""","0.09729285787435225","0.09729285787435225","0.09729285787435225","0","0.09729285787435225"
"1","1101","9224","1000","1","""HK""","0.01","false","""normal""","1","""constant""","0.1","""Scale-free""","1","0","1","""uniform""","""deterministic-normal""","0","0","1","""normal""","0.5","0.9","false","""/home/ramaswamy.51/Documents/github/Spirals/Media/data/cluster/endsim/BehaviorSearch/Step6_Trial""","true","0","1","0","0","true","false","""-1310725664""","0.1311171355587034","0.1311171355587034","0.1311171355587034","0","0.1311171355587034"
"1","1102","9224","1000","1","""HK""","0.01","false","""normal""","1","""constant""","0.1","""Scale-free""","1","0","1","""uniform""","""deterministic-normal""","0","0","1","""normal""","0.5","0.9","false","""/home/ramaswamy.51/Documents/github/Spirals/Media/data/cluster/endsim/BehaviorSearch/Step6_Trial""","true","0","1","0","0","true","false","""-689892927""","0.12675611183928254","0.12675611183928254","0.12675611183928254","0","0.12675611183928254"
"1","1103","9224","1000","1","""HK""","0.01","false","""normal""","1","""constant""","0.1","""Scale-free""","1","0","1","""uniform""","""deterministic-normal""","0","0","1","""normal""","0.5","0.9","false","""/home/ramaswamy.51/Documents/github/Spirals/Media/data/cluster/endsim/BehaviorSearch/Step6_Trial""","true","0","1","0","0","true","false","""798339694""","0.13303353960156247","0.13303353960156247","0.13303353960156247","0","0.13303353960156247"
"1","1104","9224","1000","1","""HK""","0.01","false","""normal""","1","""constant""","0.1","""Scale-free""","1","0","1","""uniform""","""deterministic-normal""","0","0","1","""normal""","0.5","0.9","false","""/home/ramaswamy.51/Documents/github/Spirals/Media/data/cluster/endsim/BehaviorSearch/Step6_Trial""","true","0","1","0","0","true","false","""-435407491""","0.08907444322975071","0.08907444322975071","0.08907444322975071","0","0.08907444322975071"
"1","1105","9584","1000","1","""HK""","0.04","false","""normal""","1","""constant""","0.1","""Scale-free""","1","0","1","""uniform""","""deterministic-normal""","0","0","1","""normal""","0","0.9","false","""/home/ramaswamy.51/Documents/github/Spirals/Media/data/cluster/endsim/BehaviorSearch/Step6_Trial""","true","0","1","0","0","true","false","""792345518""","0.1135206321068783","0.1135206321068783","0.1135206321068783","0","0.1135206321068783"
"1","1106","9584","1000","1","""HK""","0.04","false","""normal""","1","""constant""","0.1","""Scale-free""","1","0","1","""uniform""","""deterministic-normal""","0","0","1","""normal""","0","0.9","false","""/home/ramaswamy.51/Documents/github/Spirals/Media/data/cluster/endsim/BehaviorSearch/Step6_Trial""","true","0","1","0","0","true","false","""-1166052871""","0.09016319819365275","0.09016319819365275","0.09016319819365275","0","0.09016319819365275"
"1","1107","9584","1000","1","""HK""","0.04","false","""normal""","1","""constant""","0.1","""Scale-free""","1","0","1","""uniform""","""deterministic-normal""","0","0","1","""normal""","0","0.9","false","""/home/ramaswamy.51/Documents/github/Spirals/Media/data/cluster/endsim/BehaviorSearch/Step6_Trial""","true","0","1","0","0","true","false","""188857915""","0.11557804855807507","0.11557804855807507","0.11557804855807507","0","0.11557804855807507"
"1","1108","9584","1000","1","""HK""","0.04","false","""normal""","1","""constant""","0.1","""Scale-free""","1","0","1","""uniform""","""deterministic-normal""","0","0","1","""normal""","0","0.9","false","""/home/ramaswamy.51/Documents/github/Spirals/Media/data/cluster/endsim/BehaviorSearch/Step6_Trial""","true","0","1","0","0","true","false","""1952003922""","0.10327992523685246","0.10327992523685246","0.10327992523685246","0","0.10327992523685246"
"1","1109","9800","1000","1","""HK""","0.01","false","""normal""","1","""constant""","0.1","""Scale-free""","1","0","1","""uniform""","""deterministic-normal""","0","0","1","""normal""","-0.3999999999999999","0.8","false","""/home/ramaswamy.51/Documents/github/Spirals/Media/data/cluster/endsim/BehaviorSearch/Step6_Trial""","true","0","1","0","0","true","false","""1482337929""","0.11587120509040942","0.11587120509040942","0.11587120509040942","0","0.11587120509040942"
"1","1110","9800","1000","1","""HK""","0.01","false","""normal""","1","""constant""","0.1","""Scale-free""","1","0","1","""uniform""","""deterministic-normal""","0","0","1","""normal""","-0.3999999999999999","0.8","false","""/home/ramaswamy.51/Documents/github/Spirals/Media/data/cluster/endsim/BehaviorSearch/Step6_Trial""","true","0","1","0","0","true","false","""1824395401""","0.10612799625631877","0.10612799625631877","0.10612799625631877","0","0.10612799625631877"
"1","1111","9800","1000","1","""HK""","0.01","false","""normal""","1","""constant""","0.1","""Scale-free""","1","0","1","""uniform""","""deterministic-normal""","0","0","1","""normal""","-0.3999999999999999","0.8","false","""/home/ramaswamy.51/Documents/github/Spirals/Media/data/cluster/endsim/BehaviorSearch/Step6_Trial""","true","0","1","0","0","true","false","""792838683""","0.1470027625131294","0.1470027625131294","0.1470027625131294","0","0.1470027625131294"
"1","1112","9800","1000","1","""HK""","0.01","false","""normal""","1","""constant""","0.1","""Scale-free""","1","0","1","""uniform""","""deterministic-normal""","0","0","1","""normal""","-0.3999999999999999","0.8","false","""/home/ramaswamy.51/Documents/github/Spirals/Media/data/cluster/endsim/BehaviorSearch/Step6_Trial""","true","0","1","0","0","true","false","""730115511""","0.10985737699015312","0.10985737699015312","0.10985737699015312","0","0.10985737699015312"
"1","1113","10100","1000","1","""HK""","0.02","false","""normal""","1","""constant""","0","""Scale-free""","1","0","1","""uniform""","""deterministic-normal""","0","0","1","""normal""","0.20000000000000018","0.9","false","""/home/ramaswamy.51/Documents/github/Spirals/Media/data/cluster/endsim/BehaviorSearch/Step6_Trial""","true","0","1","0","0","true","false","""719324305""","0.15476841349167533","0.15476841349167533","0.15476841349167533","0","0.15476841349167533"
"1","1114","10100","1000","1","""HK""","0.02","false","""normal""","1","""constant""","0","""Scale-free""","1","0","1","""uniform""","""deterministic-normal""","0","0","1","""normal""","0.20000000000000018","0.9","false","""/home/ramaswamy.51/Documents/github/Spirals/Media/data/cluster/endsim/BehaviorSearch/Step6_Trial""","true","0","1","0","0","true","false","""1871811071""","0.17038299630490322","0.17038299630490322","0.17038299630490322","0","0.17038299630490322"
"1","1115","10100","1000","1","""HK""","0.02","false","""normal""","1","""constant""","0","""Scale-free""","1","0","1","""uniform""","""deterministic-normal""","0","0","1","""normal""","0.20000000000000018","0.9","false","""/home/ramaswamy.51/Documents/github/Spirals/Media/data/cluster/endsim/BehaviorSearch/Step6_Trial""","true","0","1","0","0","true","false","""-1852299153""","0.1646787120306798","0.1646787120306798","0.1646787120306798","0","0.1646787120306798"
"1","1116","10100","1000","1","""HK""","0.02","false","""normal""","1","""constant""","0","""Scale-free""","1","0","1","""uniform""","""deterministic-normal""","0","0","1","""normal""","0.20000000000000018","0.9","false","""/home/ramaswamy.51/Documents/github/Spirals/Media/data/cluster/endsim/BehaviorSearch/Step6_Trial""","true","0","1","0","0","true","false","""326400049""","0.14832264947629753","0.14832264947629753","0.14832264947629753","0","0.14832264947629753"
"1","1117","10188","1000","1","""HK""","0.01","false","""normal""","1","""constant""","0","""Scale-free""","1","0","1","""uniform""","""deterministic-normal""","0","0","1","""normal""","-0.3999999999999999","0.8","false","""/home/ramaswamy.51/Documents/github/Spirals/Media/data/cluster/endsim/BehaviorSearch/Step6_Trial""","true","0","1","0","0","true","false","""1250332896""","0.182649027741417","0.182649027741417","0.182649027741417","0","0.182649027741417"
"1","1118","10188","1000","1","""HK""","0.01","false","""normal""","1","""constant""","0","""Scale-free""","1","0","1","""uniform""","""deterministic-normal""","0","0","1","""normal""","-0.3999999999999999","0.8","false","""/home/ramaswamy.51/Documents/github/Spirals/Media/data/cluster/endsim/BehaviorSearch/Step6_Trial""","true","0","1","0","0","true","false","""-298339613""","0.18349354996025738","0.18349354996025738","0.18349354996025738","0","0.18349354996025738"
"1","1119","10188","1000","1","""HK""","0.01","false","""normal""","1","""constant""","0","""Scale-free""","1","0","1","""uniform""","""deterministic-normal""","0","0","1","""normal""","-0.3999999999999999","0.8","false","""/home/ramaswamy.51/Documents/github/Spirals/Media/data/cluster/endsim/BehaviorSearch/Step6_Trial""","true","0","1","0","0","true","false","""-2083301272""","0.17813178195794668","0.17813178195794668","0.17813178195794668","0","0.17813178195794668"
"1","1120","10188","1000","1","""HK""","0.01","false","""normal""","1","""constant""","0","""Scale-free""","1","0","1","""uniform""","""deterministic-normal""","0","0","1","""normal""","-0.3999999999999999","0.8","false","""/home/ramaswamy.51/Documents/github/Spirals/Media/data/cluster/endsim/BehaviorSearch/Step6_Trial""","true","0","1","0","0","true","false","""1110751850""","0.17554628267582065","0.17554628267582065","0.17554628267582065","0","0.17554628267582065"
"1","1121","10296","1000","1","""HK""","0.04","false","""normal""","1","""constant""","0.1","""Scale-free""","1","0","1","""uniform""","""deterministic-normal""","0","0","1","""normal""","-0.29999999999999993","0.9","false","""/home/ramaswamy.51/Documents/github/Spirals/Media/data/cluster/endsim/BehaviorSearch/Step6_Trial""","true","0","1","0","0","true","false","""2004059720""","0.12546657204545883","0.12546657204545883","0.12546657204545883","0","0.12546657204545883"
"1","1122","10296","1000","1","""HK""","0.04","false","""normal""","1","""constant""","0.1","""Scale-free""","1","0","1","""uniform""","""deterministic-normal""","0","0","1","""normal""","-0.29999999999999993","0.9","false","""/home/ramaswamy.51/Documents/github/Spirals/Media/data/cluster/endsim/BehaviorSearch/Step6_Trial""","true","0","1","0","0","true","false","""246884590""","0.10799252451951477","0.10799252451951477","0.10799252451951477","0","0.10799252451951477"
"1","1123","10296","1000","1","""HK""","0.04","false","""normal""","1","""constant""","0.1","""Scale-free""","1","0","1","""uniform""","""deterministic-normal""","0","0","1","""normal""","-0.29999999999999993","0.9","false","""/home/ramaswamy.51/Documents/github/Spirals/Media/data/cluster/endsim/BehaviorSearch/Step6_Trial""","true","0","1","0","0","true","false","""-1469852879""","0.11246218803958323","0.11246218803958323","0.11246218803958323","0","0.11246218803958323"
"1","1124","10296","1000","1","""HK""","0.04","false","""normal""","1","""constant""","0.1","""Scale-free""","1","0","1","""uniform""","""deterministic-normal""","0","0","1","""normal""","-0.29999999999999993","0.9","false","""/home/ramaswamy.51/Documents/github/Spirals/Media/data/cluster/endsim/BehaviorSearch/Step6_Trial""","true","0","1","0","0","true","false","""1121661007""","0.1069608629989581","0.1069608629989581","0.1069608629989581","0","0.1069608629989581"
"1","1125","10316","1000","1","""HK""","0.05","false","""normal""","1","""constant""","0.2","""Scale-free""","1","0","1","""uniform""","""deterministic-normal""","0","0","1","""normal""","-0.09999999999999998","1","false","""/home/ramaswamy.51/Documents/github/Spirals/Media/data/cluster/endsim/BehaviorSearch/Step6_Trial""","true","0","1","0","0","true","false","""-1041506249""","0.2553475471790786","0.2553475471790786","0.2553475471790786","0","0.2553475471790786"
"1","1126","10316","1000","1","""HK""","0.05","false","""normal""","1","""constant""","0.2","""Scale-free""","1","0","1","""uniform""","""deterministic-normal""","0","0","1","""normal""","-0.09999999999999998","1","false","""/home/ramaswamy.51/Documents/github/Spirals/Media/data/cluster/endsim/BehaviorSearch/Step6_Trial""","true","0","1","0","0","true","false","""-1348629556""","0.21646485982630104","0.21646485982630104","0.21646485982630104","0","0.21646485982630104"
"1","1127","10316","1000","1","""HK""","0.05","false","""normal""","1","""constant""","0.2","""Scale-free""","1","0","1","""uniform""","""deterministic-normal""","0","0","1","""normal""","-0.09999999999999998","1","false","""/home/ramaswamy.51/Documents/github/Spirals/Media/data/cluster/endsim/BehaviorSearch/Step6_Trial""","true","0","1","0","0","true","false","""-1797985439""","0.2577691342471385","0.2577691342471385","0.2577691342471385","0","0.2577691342471385"
"1","1128","10316","1000","1","""HK""","0.05","false","""normal""","1","""constant""","0.2","""Scale-free""","1","0","1","""uniform""","""deterministic-normal""","0","0","1","""normal""","-0.09999999999999998","1","false","""/home/ramaswamy.51/Documents/github/Spirals/Media/data/cluster/endsim/BehaviorSearch/Step6_Trial""","true","0","1","0","0","true","false","""1225777066""","0.22700392168987207","0.22700392168987207","0.22700392168987207","0","0.22700392168987207"
"1","1129","10680","1000","1","""HK""","0.01","false","""normal""","1","""constant""","0.2","""Scale-free""","1","0","1","""uniform""","""deterministic-normal""","0","0","1","""normal""","0.20000000000000018","1","false","""/home/ramaswamy.51/Documents/github/Spirals/Media/data/cluster/endsim/BehaviorSearch/Step6_Trial""","true","0","1","0","0","true","false","""-731687992""","0.18597130805160053","0.18597130805160053","0.18597130805160053","0","0.18597130805160053"
"1","1130","10680","1000","1","""HK""","0.01","false","""normal""","1","""constant""","0.2","""Scale-free""","1","0","1","""uniform""","""deterministic-normal""","0","0","1","""normal""","0.20000000000000018","1","false","""/home/ramaswamy.51/Documents/github/Spirals/Media/data/cluster/endsim/BehaviorSearch/Step6_Trial""","true","0","1","0","0","true","false","""-1042335480""","0.18388293934909433","0.18388293934909433","0.18388293934909433","0","0.18388293934909433"
"1","1131","10680","1000","1","""HK""","0.01","false","""normal""","1","""constant""","0.2","""Scale-free""","1","0","1","""uniform""","""deterministic-normal""","0","0","1","""normal""","0.20000000000000018","1","false","""/home/ramaswamy.51/Documents/github/Spirals/Media/data/cluster/endsim/BehaviorSearch/Step6_Trial""","true","0","1","0","0","true","false","""854626570""","0.201881601615487","0.201881601615487","0.201881601615487","0","0.201881601615487"
"1","1132","10680","1000","1","""HK""","0.01","false","""normal""","1","""constant""","0.2","""Scale-free""","1","0","1","""uniform""","""deterministic-normal""","0","0","1","""normal""","0.20000000000000018","1","false","""/home/ramaswamy.51/Documents/github/Spirals/Media/data/cluster/endsim/BehaviorSearch/Step6_Trial""","true","0","1","0","0","true","false","""1434759252""","0.2207057326973923","0.2207057326973923","0.2207057326973923","0","0.2207057326973923"
"1","1133","10780","1000","1","""HK""","0.02","false","""normal""","1","""constant""","0.1","""Scale-free""","1","0","1","""uniform""","""deterministic-normal""","0","0","1","""normal""","0.20000000000000018","0.9","false","""/home/ramaswamy.51/Documents/github/Spirals/Media/data/cluster/endsim/BehaviorSearch/Step6_Trial""","true","0","1","0","0","true","false","""-1164266333""","0.0982236023672408","0.0982236023672408","0.0982236023672408","0","0.0982236023672408"
"1","1134","10780","1000","1","""HK""","0.02","false","""normal""","1","""constant""","0.1","""Scale-free""","1","0","1","""uniform""","""deterministic-normal""","0","0","1","""normal""","0.20000000000000018","0.9","false","""/home/ramaswamy.51/Documents/github/Spirals/Media/data/cluster/endsim/BehaviorSearch/Step6_Trial""","true","0","1","0","0","true","false","""1556235679""","0.1137500231360263","0.1137500231360263","0.1137500231360263","0","0.1137500231360263"
"1","1135","10780","1000","1","""HK""","0.02","false","""normal""","1","""constant""","0.1","""Scale-free""","1","0","1","""uniform""","""deterministic-normal""","0","0","1","""normal""","0.20000000000000018","0.9","false","""/home/ramaswamy.51/Documents/github/Spirals/Media/data/cluster/endsim/BehaviorSearch/Step6_Trial""","true","0","1","0","0","true","false","""-1031793460""","0.10950634133507758","0.10950634133507758","0.10950634133507758","0","0.10950634133507758"
"1","1136","10780","1000","1","""HK""","0.02","false","""normal""","1","""constant""","0.1","""Scale-free""","1","0","1","""uniform""","""deterministic-normal""","0","0","1","""normal""","0.20000000000000018","0.9","false","""/home/ramaswamy.51/Documents/github/Spirals/Media/data/cluster/endsim/BehaviorSearch/Step6_Trial""","true","0","1","0","0","true","false","""1397288918""","0.0918342731286218","0.0918342731286218","0.0918342731286218","0","0.0918342731286218"
"1","1137","10972","1000","1","""HK""","0.02","false","""normal""","1","""constant""","0","""Scale-free""","1","0","1","""uniform""","""deterministic-normal""","0","0","1","""normal""","-0.09999999999999998","0.6000000000000001","false","""/home/ramaswamy.51/Documents/github/Spirals/Media/data/cluster/endsim/BehaviorSearch/Step6_Trial""","true","0","1","0","0","true","false","""1651874086""","0.12990614854709007","0.12990614854709007","0.12990614854709007","0","0.12990614854709007"
"1","1138","10972","1000","1","""HK""","0.02","false","""normal""","1","""constant""","0","""Scale-free""","1","0","1","""uniform""","""deterministic-normal""","0","0","1","""normal""","-0.09999999999999998","0.6000000000000001","false","""/home/ramaswamy.51/Documents/github/Spirals/Media/data/cluster/endsim/BehaviorSearch/Step6_Trial""","true","0","1","0","0","true","false","""-472255000""","0.12385537953090629","0.12385537953090629","0.12385537953090629","0","0.12385537953090629"
"1","1139","10972","1000","1","""HK""","0.02","false","""normal""","1","""constant""","0","""Scale-free""","1","0","1","""uniform""","""deterministic-normal""","0","0","1","""normal""","-0.09999999999999998","0.6000000000000001","false","""/home/ramaswamy.51/Documents/github/Spirals/Media/data/cluster/endsim/BehaviorSearch/Step6_Trial""","true","0","1","0","0","true","false","""1334745166""","0.13341833046029067","0.13341833046029067","0.13341833046029067","0","0.13341833046029067"
"1","1140","10972","1000","1","""HK""","0.02","false","""normal""","1","""constant""","0","""Scale-free""","1","0","1","""uniform""","""deterministic-normal""","0","0","1","""normal""","-0.09999999999999998","0.6000000000000001","false","""/home/ramaswamy.51/Documents/github/Spirals/Media/data/cluster/endsim/BehaviorSearch/Step6_Trial""","true","0","1","0","0","true","false","""1743889226""","0.11172967760022247","0.11172967760022247","0.11172967760022247","0","0.11172967760022247"
"1","1141","11076","1000","1","""HK""","0.05","false","""normal""","1","""constant""","0","""Scale-free""","1","0","1","""uniform""","""deterministic-normal""","0","0","1","""normal""","-0.09999999999999998","0.9","false","""/home/ramaswamy.51/Documents/github/Spirals/Media/data/cluster/endsim/BehaviorSearch/Step6_Trial""","true","0","1","0","0","true","false","""-1434752100""","0.21860478829591248","0.21860478829591248","0.21860478829591248","0","0.21860478829591248"
"1","1142","11076","1000","1","""HK""","0.05","false","""normal""","1","""constant""","0","""Scale-free""","1","0","1","""uniform""","""deterministic-normal""","0","0","1","""normal""","-0.09999999999999998","0.9","false","""/home/ramaswamy.51/Documents/github/Spirals/Media/data/cluster/endsim/BehaviorSearch/Step6_Trial""","true","0","1","0","0","true","false","""969454153""","0.2294111880925345","0.2294111880925345","0.2294111880925345","0","0.2294111880925345"
"1","1143","11076","1000","1","""HK""","0.05","false","""normal""","1","""constant""","0","""Scale-free""","1","0","1","""uniform""","""deterministic-normal""","0","0","1","""normal""","-0.09999999999999998","0.9","false","""/home/ramaswamy.51/Documents/github/Spirals/Media/data/cluster/endsim/BehaviorSearch/Step6_Trial""","true","0","1","0","0","true","false","""-798966354""","0.21882315600332872","0.21882315600332872","0.21882315600332872","0","0.21882315600332872"
"1","1144","11076","1000","1","""HK""","0.05","false","""normal""","1","""constant""","0","""Scale-free""","1","0","1","""uniform""","""deterministic-normal""","0","0","1","""normal""","-0.09999999999999998","0.9","false","""/home/ramaswamy.51/Documents/github/Spirals/Media/data/cluster/endsim/BehaviorSearch/Step6_Trial""","true","0","1","0","0","true","false","""1860699944""","0.21560213705905173","0.21560213705905173","0.21560213705905173","0","0.21560213705905173"
"1","1145","11132","1000","1","""HK""","0.02","false","""normal""","1","""constant""","0.1","""Scale-free""","2","0","1","""uniform""","""deterministic-normal""","0","0","1","""normal""","-0.09999999999999998","0.8","false","""/home/ramaswamy.51/Documents/github/Spirals/Media/data/cluster/endsim/BehaviorSearch/Step6_Trial""","true","0","1","0","0","true","false","""1135569605""","0.12633411059283686","0.12633411059283686","0.12633411059283686","0","0.12633411059283686"
"1","1146","11132","1000","1","""HK""","0.02","false","""normal""","1","""constant""","0.1","""Scale-free""","2","0","1","""uniform""","""deterministic-normal""","0","0","1","""normal""","-0.09999999999999998","0.8","false","""/home/ramaswamy.51/Documents/github/Spirals/Media/data/cluster/endsim/BehaviorSearch/Step6_Trial""","true","0","1","0","0","true","false","""-2132282127""","0.09938731322275746","0.09938731322275746","0.09938731322275746","0","0.09938731322275746"
"1","1147","11132","1000","1","""HK""","0.02","false","""normal""","1","""constant""","0.1","""Scale-free""","2","0","1","""uniform""","""deterministic-normal""","0","0","1","""normal""","-0.09999999999999998","0.8","false","""/home/ramaswamy.51/Documents/github/Spirals/Media/data/cluster/endsim/BehaviorSearch/Step6_Trial""","true","0","1","0","0","true","false","""-920924047""","0.10122754335672611","0.10122754335672611","0.10122754335672611","0","0.10122754335672611"
"1","1148","11132","1000","1","""HK""","0.02","false","""normal""","1","""constant""","0.1","""Scale-free""","2","0","1","""uniform""","""deterministic-normal""","0","0","1","""normal""","-0.09999999999999998","0.8","false","""/home/ramaswamy.51/Documents/github/Spirals/Media/data/cluster/endsim/BehaviorSearch/Step6_Trial""","true","0","1","0","0","true","false","""-821843980""","0.14158363995594497","0.14158363995594497","0.14158363995594497","0","0.14158363995594497"
"1","1149","11276","1000","1","""HK""","0.08","false","""normal""","1","""constant""","0.1","""Scale-free""","1","0","1","""uniform""","""deterministic-normal""","0","0","1","""normal""","0.30000000000000004","0.9","false","""/home/ramaswamy.51/Documents/github/Spirals/Media/data/cluster/endsim/BehaviorSearch/Step6_Trial""","true","0","1","0","0","true","false","""108028524""","0.17826824112160736","0.17826824112160736","0.17826824112160736","0","0.17826824112160736"
"1","1150","11276","1000","1","""HK""","0.08","false","""normal""","1","""constant""","0.1","""Scale-free""","1","0","1","""uniform""","""deterministic-normal""","0","0","1","""normal""","0.30000000000000004","0.9","false","""/home/ramaswamy.51/Documents/github/Spirals/Media/data/cluster/endsim/BehaviorSearch/Step6_Trial""","true","0","1","0","0","true","false","""1321268460""","0.1626164112827519","0.1626164112827519","0.1626164112827519","0","0.1626164112827519"
"1","1151","11276","1000","1","""HK""","0.08","false","""normal""","1","""constant""","0.1","""Scale-free""","1","0","1","""uniform""","""deterministic-normal""","0","0","1","""normal""","0.30000000000000004","0.9","false","""/home/ramaswamy.51/Documents/github/Spirals/Media/data/cluster/endsim/BehaviorSearch/Step6_Trial""","true","0","1","0","0","true","false","""-453369041""","0.18612633557218883","0.18612633557218883","0.18612633557218883","0","0.18612633557218883"
"1","1152","11276","1000","1","""HK""","0.08","false","""normal""","1","""constant""","0.1","""Scale-free""","1","0","1","""uniform""","""deterministic-normal""","0","0","1","""normal""","0.30000000000000004","0.9","false","""/home/ramaswamy.51/Documents/github/Spirals/Media/data/cluster/endsim/BehaviorSearch/Step6_Trial""","true","0","1","0","0","true","false","""2064613916""","0.16316647615892543","0.16316647615892543","0.16316647615892543","0","0.16316647615892543"
"1","1153","11316","1000","1","""HK""","0.05","false","""normal""","1","""constant""","0.1","""Scale-free""","2","0","1","""uniform""","""deterministic-normal""","0","0","1","""normal""","-0.09999999999999998","0.8","false","""/home/ramaswamy.51/Documents/github/Spirals/Media/data/cluster/endsim/BehaviorSearch/Step6_Trial""","true","0","1","0","0","true","false","""344451718""","0.16704005957384332","0.16704005957384332","0.16704005957384332","0","0.16704005957384332"
"1","1154","11316","1000","1","""HK""","0.05","false","""normal""","1","""constant""","0.1","""Scale-free""","2","0","1","""uniform""","""deterministic-normal""","0","0","1","""normal""","-0.09999999999999998","0.8","false","""/home/ramaswamy.51/Documents/github/Spirals/Media/data/cluster/endsim/BehaviorSearch/Step6_Trial""","true","0","1","0","0","true","false","""-995068975""","0.1698227356885151","0.1698227356885151","0.1698227356885151","0","0.1698227356885151"
"1","1155","11316","1000","1","""HK""","0.05","false","""normal""","1","""constant""","0.1","""Scale-free""","2","0","1","""uniform""","""deterministic-normal""","0","0","1","""normal""","-0.09999999999999998","0.8","false","""/home/ramaswamy.51/Documents/github/Spirals/Media/data/cluster/endsim/BehaviorSearch/Step6_Trial""","true","0","1","0","0","true","false","""-458388838""","0.1522988790384295","0.1522988790384295","0.1522988790384295","0","0.1522988790384295"
"1","1156","11316","1000","1","""HK""","0.05","false","""normal""","1","""constant""","0.1","""Scale-free""","2","0","1","""uniform""","""deterministic-normal""","0","0","1","""normal""","-0.09999999999999998","0.8","false","""/home/ramaswamy.51/Documents/github/Spirals/Media/data/cluster/endsim/BehaviorSearch/Step6_Trial""","true","0","1","0","0","true","false","""-165090108""","0.17091522154449204","0.17091522154449204","0.17091522154449204","0","0.17091522154449204"
"1","1157","11336","1000","1","""HK""","0.09","false","""normal""","1","""constant""","0.1","""Scale-free""","1","0","1","""uniform""","""deterministic-normal""","0","0","1","""normal""","-0.19999999999999996","0.9","false","""/home/ramaswamy.51/Documents/github/Spirals/Media/data/cluster/endsim/BehaviorSearch/Step6_Trial""","true","0","1","0","0","true","false","""-441171544""","0.15964520335472346","0.15964520335472346","0.15964520335472346","0","0.15964520335472346"
"1","1158","11336","1000","1","""HK""","0.09","false","""normal""","1","""constant""","0.1","""Scale-free""","1","0","1","""uniform""","""deterministic-normal""","0","0","1","""normal""","-0.19999999999999996","0.9","false","""/home/ramaswamy.51/Documents/github/Spirals/Media/data/cluster/endsim/BehaviorSearch/Step6_Trial""","true","0","1","0","0","true","false","""415174882""","0.18473026983457186","0.18473026983457186","0.18473026983457186","0","0.18473026983457186"
"1","1159","11336","1000","1","""HK""","0.09","false","""normal""","1","""constant""","0.1","""Scale-free""","1","0","1","""uniform""","""deterministic-normal""","0","0","1","""normal""","-0.19999999999999996","0.9","false","""/home/ramaswamy.51/Documents/github/Spirals/Media/data/cluster/endsim/BehaviorSearch/Step6_Trial""","true","0","1","0","0","true","false","""-267040679""","0.19639765060825962","0.19639765060825962","0.19639765060825962","0","0.19639765060825962"
"1","1160","11336","1000","1","""HK""","0.09","false","""normal""","1","""constant""","0.1","""Scale-free""","1","0","1","""uniform""","""deterministic-normal""","0","0","1","""normal""","-0.19999999999999996","0.9","false","""/home/ramaswamy.51/Documents/github/Spirals/Media/data/cluster/endsim/BehaviorSearch/Step6_Trial""","true","0","1","0","0","true","false","""-626347590""","0.16137073889982098","0.16137073889982098","0.16137073889982098","0","0.16137073889982098"
"1","1161","11372","1000","1","""HK""","0.04","false","""normal""","1","""constant""","0.1","""Scale-free""","1","0","1","""uniform""","""deterministic-normal""","0","0","1","""normal""","0.10000000000000009","0.9","false","""/home/ramaswamy.51/Documents/github/Spirals/Media/data/cluster/endsim/BehaviorSearch/Step6_Trial""","true","0","1","0","0","true","false","""-1790074498""","0.09517132544265627","0.09517132544265627","0.09517132544265627","0","0.09517132544265627"
"1","1162","11372","1000","1","""HK""","0.04","false","""normal""","1","""constant""","0.1","""Scale-free""","1","0","1","""uniform""","""deterministic-normal""","0","0","1","""normal""","0.10000000000000009","0.9","false","""/home/ramaswamy.51/Documents/github/Spirals/Media/data/cluster/endsim/BehaviorSearch/Step6_Trial""","true","0","1","0","0","true","false","""-116835138""","0.09850789870442445","0.09850789870442445","0.09850789870442445","0","0.09850789870442445"
"1","1163","11372","1000","1","""HK""","0.04","false","""normal""","1","""constant""","0.1","""Scale-free""","1","0","1","""uniform""","""deterministic-normal""","0","0","1","""normal""","0.10000000000000009","0.9","false","""/home/ramaswamy.51/Documents/github/Spirals/Media/data/cluster/endsim/BehaviorSearch/Step6_Trial""","true","0","1","0","0","true","false","""-310116567""","0.10573931820076217","0.10573931820076217","0.10573931820076217","0","0.10573931820076217"
"1","1164","11372","1000","1","""HK""","0.04","false","""normal""","1","""constant""","0.1","""Scale-free""","1","0","1","""uniform""","""deterministic-normal""","0","0","1","""normal""","0.10000000000000009","0.9","false","""/home/ramaswamy.51/Documents/github/Spirals/Media/data/cluster/endsim/BehaviorSearch/Step6_Trial""","true","0","1","0","0","true","false","""1585810898""","0.10406651986536038","0.10406651986536038","0.10406651986536038","0","0.10406651986536038"
"1","1165","11648","1000","1","""HK""","0.04","false","""normal""","1","""constant""","0.1","""Scale-free""","1","0","1","""uniform""","""deterministic-normal""","0","0","1","""normal""","0.30000000000000004","0.9","false","""/home/ramaswamy.51/Documents/github/Spirals/Media/data/cluster/endsim/BehaviorSearch/Step6_Trial""","true","0","1","0","0","true","false","""1990625944""","0.12109515414373954","0.12109515414373954","0.12109515414373954","0","0.12109515414373954"
"1","1166","11648","1000","1","""HK""","0.04","false","""normal""","1","""constant""","0.1","""Scale-free""","1","0","1","""uniform""","""deterministic-normal""","0","0","1","""normal""","0.30000000000000004","0.9","false","""/home/ramaswamy.51/Documents/github/Spirals/Media/data/cluster/endsim/BehaviorSearch/Step6_Trial""","true","0","1","0","0","true","false","""733314388""","0.11978885788072599","0.11978885788072599","0.11978885788072599","0","0.11978885788072599"
"1","1167","11648","1000","1","""HK""","0.04","false","""normal""","1","""constant""","0.1","""Scale-free""","1","0","1","""uniform""","""deterministic-normal""","0","0","1","""normal""","0.30000000000000004","0.9","false","""/home/ramaswamy.51/Documents/github/Spirals/Media/data/cluster/endsim/BehaviorSearch/Step6_Trial""","true","0","1","0","0","true","false","""-1186647595""","0.1306980521412128","0.1306980521412128","0.1306980521412128","0","0.1306980521412128"
"1","1168","11648","1000","1","""HK""","0.04","false","""normal""","1","""constant""","0.1","""Scale-free""","1","0","1","""uniform""","""deterministic-normal""","0","0","1","""normal""","0.30000000000000004","0.9","false","""/home/ramaswamy.51/Documents/github/Spirals/Media/data/cluster/endsim/BehaviorSearch/Step6_Trial""","true","0","1","0","0","true","false","""585692381""","0.11927704721697671","0.11927704721697671","0.11927704721697671","0","0.11927704721697671"
"1","1169","11952","1000","1","""HK""","0.04","false","""normal""","1","""constant""","0","""Scale-free""","1","0","1","""uniform""","""deterministic-normal""","0","0","1","""normal""","0.10000000000000009","0.9","false","""/home/ramaswamy.51/Documents/github/Spirals/Media/data/cluster/endsim/BehaviorSearch/Step6_Trial""","true","0","1","0","0","true","false","""-845782446""","0.1714258244369492","0.1714258244369492","0.1714258244369492","0","0.1714258244369492"
"1","1170","11952","1000","1","""HK""","0.04","false","""normal""","1","""constant""","0","""Scale-free""","1","0","1","""uniform""","""deterministic-normal""","0","0","1","""normal""","0.10000000000000009","0.9","false","""/home/ramaswamy.51/Documents/github/Spirals/Media/data/cluster/endsim/BehaviorSearch/Step6_Trial""","true","0","1","0","0","true","false","""-1490401496""","0.1541598280782529","0.1541598280782529","0.1541598280782529","0","0.1541598280782529"
"1","1171","11952","1000","1","""HK""","0.04","false","""normal""","1","""constant""","0","""Scale-free""","1","0","1","""uniform""","""deterministic-normal""","0","0","1","""normal""","0.10000000000000009","0.9","false","""/home/ramaswamy.51/Documents/github/Spirals/Media/data/cluster/endsim/BehaviorSearch/Step6_Trial""","true","0","1","0","0","true","false","""1669625031""","0.194900507374795","0.194900507374795","0.194900507374795","0","0.194900507374795"
"1","1172","11952","1000","1","""HK""","0.04","false","""normal""","1","""constant""","0","""Scale-free""","1","0","1","""uniform""","""deterministic-normal""","0","0","1","""normal""","0.10000000000000009","0.9","false","""/home/ramaswamy.51/Documents/github/Spirals/Media/data/cluster/endsim/BehaviorSearch/Step6_Trial""","true","0","1","0","0","true","false","""1249033124""","0.17228813265883322","0.17228813265883322","0.17228813265883322","0","0.17228813265883322"
"1","1173","11960","1000","1","""HK""","0.01","false","""normal""","1","""constant""","0.1","""Scale-free""","1","0","1","""uniform""","""deterministic-normal""","0","0","1","""normal""","-0.8","0.9","false","""/home/ramaswamy.51/Documents/github/Spirals/Media/data/cluster/endsim/BehaviorSearch/Step6_Trial""","true","0","1","0","0","true","false","""227048521""","0.13761089448139083","0.13761089448139083","0.13761089448139083","0","0.13761089448139083"
"1","1174","11960","1000","1","""HK""","0.01","false","""normal""","1","""constant""","0.1","""Scale-free""","1","0","1","""uniform""","""deterministic-normal""","0","0","1","""normal""","-0.8","0.9","false","""/home/ramaswamy.51/Documents/github/Spirals/Media/data/cluster/endsim/BehaviorSearch/Step6_Trial""","true","0","1","0","0","true","false","""-455056770""","0.1562751205563259","0.1562751205563259","0.1562751205563259","0","0.1562751205563259"
"1","1175","11960","1000","1","""HK""","0.01","false","""normal""","1","""constant""","0.1","""Scale-free""","1","0","1","""uniform""","""deterministic-normal""","0","0","1","""normal""","-0.8","0.9","false","""/home/ramaswamy.51/Documents/github/Spirals/Media/data/cluster/endsim/BehaviorSearch/Step6_Trial""","true","0","1","0","0","true","false","""-1972329127""","0.14697692252340222","0.14697692252340222","0.14697692252340222","0","0.14697692252340222"
"1","1176","11960","1000","1","""HK""","0.01","false","""normal""","1","""constant""","0.1","""Scale-free""","1","0","1","""uniform""","""deterministic-normal""","0","0","1","""normal""","-0.8","0.9","false","""/home/ramaswamy.51/Documents/github/Spirals/Media/data/cluster/endsim/BehaviorSearch/Step6_Trial""","true","0","1","0","0","true","false","""1892599018""","0.13394454544077325","0.13394454544077325","0.13394454544077325","0","0.13394454544077325"
"1","1177","12196","1000","1","""HK""","0.05","false","""normal""","1","""constant""","0.1","""Scale-free""","1","0","1","""uniform""","""deterministic-normal""","0","0","1","""normal""","-0.3999999999999999","0.9","false","""/home/ramaswamy.51/Documents/github/Spirals/Media/data/cluster/endsim/BehaviorSearch/Step6_Trial""","true","0","1","0","0","true","false","""304008925""","0.12651836620480753","0.12651836620480753","0.12651836620480753","0","0.12651836620480753"
"1","1178","12196","1000","1","""HK""","0.05","false","""normal""","1","""constant""","0.1","""Scale-free""","1","0","1","""uniform""","""deterministic-normal""","0","0","1","""normal""","-0.3999999999999999","0.9","false","""/home/ramaswamy.51/Documents/github/Spirals/Media/data/cluster/endsim/BehaviorSearch/Step6_Trial""","true","0","1","0","0","true","false","""1823250223""","0.12356590583358326","0.12356590583358326","0.12356590583358326","0","0.12356590583358326"
"1","1179","12196","1000","1","""HK""","0.05","false","""normal""","1","""constant""","0.1","""Scale-free""","1","0","1","""uniform""","""deterministic-normal""","0","0","1","""normal""","-0.3999999999999999","0.9","false","""/home/ramaswamy.51/Documents/github/Spirals/Media/data/cluster/endsim/BehaviorSearch/Step6_Trial""","true","0","1","0","0","true","false","""378144477""","0.13917004068925268","0.13917004068925268","0.13917004068925268","0","0.13917004068925268"
"1","1180","12196","1000","1","""HK""","0.05","false","""normal""","1","""constant""","0.1","""Scale-free""","1","0","1","""uniform""","""deterministic-normal""","0","0","1","""normal""","-0.3999999999999999","0.9","false","""/home/ramaswamy.51/Documents/github/Spirals/Media/data/cluster/endsim/BehaviorSearch/Step6_Trial""","true","0","1","0","0","true","false","""-1622184449""","0.13208147514590854","0.13208147514590854","0.13208147514590854","0","0.13208147514590854"
"1","1181","12256","1000","1","""HK""","0.03","false","""normal""","1","""constant""","0.2","""Scale-free""","1","0","1","""uniform""","""deterministic-normal""","0","0","1","""normal""","0.40000000000000013","0.9","false","""/home/ramaswamy.51/Documents/github/Spirals/Media/data/cluster/endsim/BehaviorSearch/Step6_Trial""","true","0","1","0","0","true","false","""731204850""","0.23289652936767377","0.23289652936767377","0.23289652936767377","0","0.23289652936767377"
"1","1182","12256","1000","1","""HK""","0.03","false","""normal""","1","""constant""","0.2","""Scale-free""","1","0","1","""uniform""","""deterministic-normal""","0","0","1","""normal""","0.40000000000000013","0.9","false","""/home/ramaswamy.51/Documents/github/Spirals/Media/data/cluster/endsim/BehaviorSearch/Step6_Trial""","true","0","1","0","0","true","false","""1792844096""","0.22336296178013368","0.22336296178013368","0.22336296178013368","0","0.22336296178013368"
"1","1183","12256","1000","1","""HK""","0.03","false","""normal""","1","""constant""","0.2","""Scale-free""","1","0","1","""uniform""","""deterministic-normal""","0","0","1","""normal""","0.40000000000000013","0.9","false","""/home/ramaswamy.51/Documents/github/Spirals/Media/data/cluster/endsim/BehaviorSearch/Step6_Trial""","true","0","1","0","0","true","false","""1454139510""","0.22333436587404537","0.22333436587404537","0.22333436587404537","0","0.22333436587404537"
"1","1184","12256","1000","1","""HK""","0.03","false","""normal""","1","""constant""","0.2","""Scale-free""","1","0","1","""uniform""","""deterministic-normal""","0","0","1","""normal""","0.40000000000000013","0.9","false","""/home/ramaswamy.51/Documents/github/Spirals/Media/data/cluster/endsim/BehaviorSearch/Step6_Trial""","true","0","1","0","0","true","false","""28788449""","0.21304471733640493","0.21304471733640493","0.21304471733640493","0","0.21304471733640493"
"1","1185","12284","1000","1","""HK""","0.02","false","""normal""","1","""constant""","0.1","""Scale-free""","1","0","1","""uniform""","""deterministic-normal""","0","0","1","""normal""","0.20000000000000018","1","false","""/home/ramaswamy.51/Documents/github/Spirals/Media/data/cluster/endsim/BehaviorSearch/Step6_Trial""","true","0","1","0","0","true","false","""-610039949""","0.08528141586418564","0.08528141586418564","0.08528141586418564","0","0.08528141586418564"
"1","1186","12284","1000","1","""HK""","0.02","false","""normal""","1","""constant""","0.1","""Scale-free""","1","0","1","""uniform""","""deterministic-normal""","0","0","1","""normal""","0.20000000000000018","1","false","""/home/ramaswamy.51/Documents/github/Spirals/Media/data/cluster/endsim/BehaviorSearch/Step6_Trial""","true","0","1","0","0","true","false","""-271272240""","0.10304693506915197","0.10304693506915197","0.10304693506915197","0","0.10304693506915197"
"1","1187","12284","1000","1","""HK""","0.02","false","""normal""","1","""constant""","0.1","""Scale-free""","1","0","1","""uniform""","""deterministic-normal""","0","0","1","""normal""","0.20000000000000018","1","false","""/home/ramaswamy.51/Documents/github/Spirals/Media/data/cluster/endsim/BehaviorSearch/Step6_Trial""","true","0","1","0","0","true","false","""806618101""","0.10001000308218333","0.10001000308218333","0.10001000308218333","0","0.10001000308218333"
"1","1188","12284","1000","1","""HK""","0.02","false","""normal""","1","""constant""","0.1","""Scale-free""","1","0","1","""uniform""","""deterministic-normal""","0","0","1","""normal""","0.20000000000000018","1","false","""/home/ramaswamy.51/Documents/github/Spirals/Media/data/cluster/endsim/BehaviorSearch/Step6_Trial""","true","0","1","0","0","true","false","""1433220936""","0.08722566861652198","0.08722566861652198","0.08722566861652198","0","0.08722566861652198"
"1","1189","12364","1000","1","""HK""","0.03","false","""normal""","1","""constant""","0.1","""Scale-free""","1","0","1","""uniform""","""deterministic-normal""","0","0","1","""normal""","0.30000000000000004","0.9","false","""/home/ramaswamy.51/Documents/github/Spirals/Media/data/cluster/endsim/BehaviorSearch/Step6_Trial""","true","0","1","0","0","true","false","""-1438715243""","0.12088772801897361","0.12088772801897361","0.12088772801897361","0","0.12088772801897361"
"1","1190","12364","1000","1","""HK""","0.03","false","""normal""","1","""constant""","0.1","""Scale-free""","1","0","1","""uniform""","""deterministic-normal""","0","0","1","""normal""","0.30000000000000004","0.9","false","""/home/ramaswamy.51/Documents/github/Spirals/Media/data/cluster/endsim/BehaviorSearch/Step6_Trial""","true","0","1","0","0","true","false","""-1309190685""","0.11993392428709611","0.11993392428709611","0.11993392428709611","0","0.11993392428709611"
"1","1191","12364","1000","1","""HK""","0.03","false","""normal""","1","""constant""","0.1","""Scale-free""","1","0","1","""uniform""","""deterministic-normal""","0","0","1","""normal""","0.30000000000000004","0.9","false","""/home/ramaswamy.51/Documents/github/Spirals/Media/data/cluster/endsim/BehaviorSearch/Step6_Trial""","true","0","1","0","0","true","false","""450522776""","0.1062657608734099","0.1062657608734099","0.1062657608734099","0","0.1062657608734099"
"1","1192","12364","1000","1","""HK""","0.03","false","""normal""","1","""constant""","0.1","""Scale-free""","1","0","1","""uniform""","""deterministic-normal""","0","0","1","""normal""","0.30000000000000004","0.9","false","""/home/ramaswamy.51/Documents/github/Spirals/Media/data/cluster/endsim/BehaviorSearch/Step6_Trial""","true","0","1","0","0","true","false","""-1011772828""","0.13160312076560607","0.13160312076560607","0.13160312076560607","0","0.13160312076560607"
"1","1193","12428","1000","1","""HK""","0.02","false","""normal""","1","""constant""","0.1","""Scale-free""","1","0","1","""uniform""","""deterministic-normal""","0","0","1","""normal""","0.40000000000000013","1","false","""/home/ramaswamy.51/Documents/github/Spirals/Media/data/cluster/endsim/BehaviorSearch/Step6_Trial""","true","0","1","0","0","true","false","""495133208""","0.10165997296470426","0.10165997296470426","0.10165997296470426","0","0.10165997296470426"
"1","1194","12428","1000","1","""HK""","0.02","false","""normal""","1","""constant""","0.1","""Scale-free""","1","0","1","""uniform""","""deterministic-normal""","0","0","1","""normal""","0.40000000000000013","1","false","""/home/ramaswamy.51/Documents/github/Spirals/Media/data/cluster/endsim/BehaviorSearch/Step6_Trial""","true","0","1","0","0","true","false","""-453469682""","0.14138369913851945","0.14138369913851945","0.14138369913851945","0","0.14138369913851945"
"1","1195","12428","1000","1","""HK""","0.02","false","""normal""","1","""constant""","0.1","""Scale-free""","1","0","1","""uniform""","""deterministic-normal""","0","0","1","""normal""","0.40000000000000013","1","false","""/home/ramaswamy.51/Documents/github/Spirals/Media/data/cluster/endsim/BehaviorSearch/Step6_Trial""","true","0","1","0","0","true","false","""-979474840""","0.1141810394586184","0.1141810394586184","0.1141810394586184","0","0.1141810394586184"
"1","1196","12428","1000","1","""HK""","0.02","false","""normal""","1","""constant""","0.1","""Scale-free""","1","0","1","""uniform""","""deterministic-normal""","0","0","1","""normal""","0.40000000000000013","1","false","""/home/ramaswamy.51/Documents/github/Spirals/Media/data/cluster/endsim/BehaviorSearch/Step6_Trial""","true","0","1","0","0","true","false","""220578059""","0.11261864970746506","0.11261864970746506","0.11261864970746506","0","0.11261864970746506"
"1","1197","12700","1000","1","""HK""","0.05","false","""normal""","1","""constant""","0.1","""Scale-free""","1","0","1","""uniform""","""deterministic-normal""","0","0","1","""normal""","0.10000000000000009","0.9","false","""/home/ramaswamy.51/Documents/github/Spirals/Media/data/cluster/endsim/BehaviorSearch/Step6_Trial""","true","0","1","0","0","true","false","""75250240""","0.11035237638252941","0.11035237638252941","0.11035237638252941","0","0.11035237638252941"
"1","1198","12700","1000","1","""HK""","0.05","false","""normal""","1","""constant""","0.1","""Scale-free""","1","0","1","""uniform""","""deterministic-normal""","0","0","1","""normal""","0.10000000000000009","0.9","false","""/home/ramaswamy.51/Documents/github/Spirals/Media/data/cluster/endsim/BehaviorSearch/Step6_Trial""","true","0","1","0","0","true","false","""1355877006""","0.12079872170799685","0.12079872170799685","0.12079872170799685","0","0.12079872170799685"
"1","1199","12700","1000","1","""HK""","0.05","false","""normal""","1","""constant""","0.1","""Scale-free""","1","0","1","""uniform""","""deterministic-normal""","0","0","1","""normal""","0.10000000000000009","0.9","false","""/home/ramaswamy.51/Documents/github/Spirals/Media/data/cluster/endsim/BehaviorSearch/Step6_Trial""","true","0","1","0","0","true","false","""-1582438219""","0.13073559623761505","0.13073559623761505","0.13073559623761505","0","0.13073559623761505"
"1","1200","12700","1000","1","""HK""","0.05","false","""normal""","1","""constant""","0.1","""Scale-free""","1","0","1","""uniform""","""deterministic-normal""","0","0","1","""normal""","0.10000000000000009","0.9","false","""/home/ramaswamy.51/Documents/github/Spirals/Media/data/cluster/endsim/BehaviorSearch/Step6_Trial""","true","0","1","0","0","true","false","""-1958846073""","0.1395275679025502","0.1395275679025502","0.1395275679025502","0","0.1395275679025502"
"1","1201","12708","1000","1","""HK""","0.01","false","""normal""","1","""constant""","0.2","""Scale-free""","2","0","1","""uniform""","""deterministic-normal""","0","0","1","""normal""","-0.09999999999999998","0.8","false","""/home/ramaswamy.51/Documents/github/Spirals/Media/data/cluster/endsim/BehaviorSearch/Step6_Trial""","true","0","1","0","0","true","false","""-1631012339""","0.21743330683795856","0.21743330683795856","0.21743330683795856","0","0.21743330683795856"
"1","1202","12708","1000","1","""HK""","0.01","false","""normal""","1","""constant""","0.2","""Scale-free""","2","0","1","""uniform""","""deterministic-normal""","0","0","1","""normal""","-0.09999999999999998","0.8","false","""/home/ramaswamy.51/Documents/github/Spirals/Media/data/cluster/endsim/BehaviorSearch/Step6_Trial""","true","0","1","0","0","true","false","""1722564180""","0.23993832295451523","0.23993832295451523","0.23993832295451523","0","0.23993832295451523"
"1","1203","12708","1000","1","""HK""","0.01","false","""normal""","1","""constant""","0.2","""Scale-free""","2","0","1","""uniform""","""deterministic-normal""","0","0","1","""normal""","-0.09999999999999998","0.8","false","""/home/ramaswamy.51/Documents/github/Spirals/Media/data/cluster/endsim/BehaviorSearch/Step6_Trial""","true","0","1","0","0","true","false","""819085541""","0.22252883081661864","0.22252883081661864","0.22252883081661864","0","0.22252883081661864"
"1","1204","12708","1000","1","""HK""","0.01","false","""normal""","1","""constant""","0.2","""Scale-free""","2","0","1","""uniform""","""deterministic-normal""","0","0","1","""normal""","-0.09999999999999998","0.8","false","""/home/ramaswamy.51/Documents/github/Spirals/Media/data/cluster/endsim/BehaviorSearch/Step6_Trial""","true","0","1","0","0","true","false","""-1022505127""","0.2570368112452519","0.2570368112452519","0.2570368112452519","0","0.2570368112452519"
"1","1205","12760","1000","1","""HK""","0.01","false","""normal""","1","""constant""","0.2","""Scale-free""","1","0","1","""uniform""","""deterministic-normal""","0","0","1","""normal""","-0.29999999999999993","0.7000000000000001","false","""/home/ramaswamy.51/Documents/github/Spirals/Media/data/cluster/endsim/BehaviorSearch/Step6_Trial""","true","0","1","0","0","true","false","""-761081600""","0.21648588437794672","0.21648588437794672","0.21648588437794672","0","0.21648588437794672"
"1","1206","12760","1000","1","""HK""","0.01","false","""normal""","1","""constant""","0.2","""Scale-free""","1","0","1","""uniform""","""deterministic-normal""","0","0","1","""normal""","-0.29999999999999993","0.7000000000000001","false","""/home/ramaswamy.51/Documents/github/Spirals/Media/data/cluster/endsim/BehaviorSearch/Step6_Trial""","true","0","1","0","0","true","false","""-586751779""","0.24384974471325405","0.24384974471325405","0.24384974471325405","0","0.24384974471325405"
"1","1207","12760","1000","1","""HK""","0.01","false","""normal""","1","""constant""","0.2","""Scale-free""","1","0","1","""uniform""","""deterministic-normal""","0","0","1","""normal""","-0.29999999999999993","0.7000000000000001","false","""/home/ramaswamy.51/Documents/github/Spirals/Media/data/cluster/endsim/BehaviorSearch/Step6_Trial""","true","0","1","0","0","true","false","""1230243567""","0.2358406488933486","0.2358406488933486","0.2358406488933486","0","0.2358406488933486"
"1","1208","12760","1000","1","""HK""","0.01","false","""normal""","1","""constant""","0.2","""Scale-free""","1","0","1","""uniform""","""deterministic-normal""","0","0","1","""normal""","-0.29999999999999993","0.7000000000000001","false","""/home/ramaswamy.51/Documents/github/Spirals/Media/data/cluster/endsim/BehaviorSearch/Step6_Trial""","true","0","1","0","0","true","false","""-1571104934""","0.23956389547015747","0.23956389547015747","0.23956389547015747","0","0.23956389547015747"
"1","1209","12892","1000","1","""HK""","0.02","false","""normal""","1","""constant""","0.1","""Scale-free""","1","0","1","""uniform""","""deterministic-normal""","0","0","1","""normal""","-0.29999999999999993","0.9","false","""/home/ramaswamy.51/Documents/github/Spirals/Media/data/cluster/endsim/BehaviorSearch/Step6_Trial""","true","0","1","0","0","true","false","""2096136434""","0.09740881376897839","0.09740881376897839","0.09740881376897839","0","0.09740881376897839"
"1","1210","12892","1000","1","""HK""","0.02","false","""normal""","1","""constant""","0.1","""Scale-free""","1","0","1","""uniform""","""deterministic-normal""","0","0","1","""normal""","-0.29999999999999993","0.9","false","""/home/ramaswamy.51/Documents/github/Spirals/Media/data/cluster/endsim/BehaviorSearch/Step6_Trial""","true","0","1","0","0","true","false","""-653362302""","0.09502027474405049","0.09502027474405049","0.09502027474405049","0","0.09502027474405049"
"1","1211","12892","1000","1","""HK""","0.02","false","""normal""","1","""constant""","0.1","""Scale-free""","1","0","1","""uniform""","""deterministic-normal""","0","0","1","""normal""","-0.29999999999999993","0.9","false","""/home/ramaswamy.51/Documents/github/Spirals/Media/data/cluster/endsim/BehaviorSearch/Step6_Trial""","true","0","1","0","0","true","false","""30512261""","0.10196989176387043","0.10196989176387043","0.10196989176387043","0","0.10196989176387043"
"1","1212","12892","1000","1","""HK""","0.02","false","""normal""","1","""constant""","0.1","""Scale-free""","1","0","1","""uniform""","""deterministic-normal""","0","0","1","""normal""","-0.29999999999999993","0.9","false","""/home/ramaswamy.51/Documents/github/Spirals/Media/data/cluster/endsim/BehaviorSearch/Step6_Trial""","true","0","1","0","0","true","false","""1739527935""","0.09540330350754983","0.09540330350754983","0.09540330350754983","0","0.09540330350754983"
"1","1213","12984","1000","1","""HK""","0.060000000000000005","false","""normal""","1","""constant""","0.1","""Scale-free""","1","0","1","""uniform""","""deterministic-normal""","0","0","1","""normal""","0.10000000000000009","0.9","false","""/home/ramaswamy.51/Documents/github/Spirals/Media/data/cluster/endsim/BehaviorSearch/Step6_Trial""","true","0","1","0","0","true","false","""-822452549""","0.1337298739884941","0.1337298739884941","0.1337298739884941","0","0.1337298739884941"
"1","1214","12984","1000","1","""HK""","0.060000000000000005","false","""normal""","1","""constant""","0.1","""Scale-free""","1","0","1","""uniform""","""deterministic-normal""","0","0","1","""normal""","0.10000000000000009","0.9","false","""/home/ramaswamy.51/Documents/github/Spirals/Media/data/cluster/endsim/BehaviorSearch/Step6_Trial""","true","0","1","0","0","true","false","""-640706225""","0.1224846944717976","0.1224846944717976","0.1224846944717976","0","0.1224846944717976"
"1","1215","12984","1000","1","""HK""","0.060000000000000005","false","""normal""","1","""constant""","0.1","""Scale-free""","1","0","1","""uniform""","""deterministic-normal""","0","0","1","""normal""","0.10000000000000009","0.9","false","""/home/ramaswamy.51/Documents/github/Spirals/Media/data/cluster/endsim/BehaviorSearch/Step6_Trial""","true","0","1","0","0","true","false","""-1757491737""","0.15517956779113512","0.15517956779113512","0.15517956779113512","0","0.15517956779113512"
"1","1216","12984","1000","1","""HK""","0.060000000000000005","false","""normal""","1","""constant""","0.1","""Scale-free""","1","0","1","""uniform""","""deterministic-normal""","0","0","1","""normal""","0.10000000000000009","0.9","false","""/home/ramaswamy.51/Documents/github/Spirals/Media/data/cluster/endsim/BehaviorSearch/Step6_Trial""","true","0","1","0","0","true","false","""911090130""","0.13700076860371205","0.13700076860371205","0.13700076860371205","0","0.13700076860371205"
"1","1217","13148","1000","1","""HK""","0.02","false","""normal""","1","""constant""","0.1","""Scale-free""","1","0","1","""uniform""","""deterministic-normal""","0","0","1","""normal""","0.20000000000000018","0.8","false","""/home/ramaswamy.51/Documents/github/Spirals/Media/data/cluster/endsim/BehaviorSearch/Step6_Trial""","true","0","1","0","0","true","false","""1330347942""","0.1187030720263523","0.1187030720263523","0.1187030720263523","0","0.1187030720263523"
"1","1218","13148","1000","1","""HK""","0.02","false","""normal""","1","""constant""","0.1","""Scale-free""","1","0","1","""uniform""","""deterministic-normal""","0","0","1","""normal""","0.20000000000000018","0.8","false","""/home/ramaswamy.51/Documents/github/Spirals/Media/data/cluster/endsim/BehaviorSearch/Step6_Trial""","true","0","1","0","0","true","false","""-127346904""","0.10575046182695542","0.10575046182695542","0.10575046182695542","0","0.10575046182695542"
"1","1219","13148","1000","1","""HK""","0.02","false","""normal""","1","""constant""","0.1","""Scale-free""","1","0","1","""uniform""","""deterministic-normal""","0","0","1","""normal""","0.20000000000000018","0.8","false","""/home/ramaswamy.51/Documents/github/Spirals/Media/data/cluster/endsim/BehaviorSearch/Step6_Trial""","true","0","1","0","0","true","false","""826180340""","0.13056562182802325","0.13056562182802325","0.13056562182802325","0","0.13056562182802325"
"1","1220","13148","1000","1","""HK""","0.02","false","""normal""","1","""constant""","0.1","""Scale-free""","1","0","1","""uniform""","""deterministic-normal""","0","0","1","""normal""","0.20000000000000018","0.8","false","""/home/ramaswamy.51/Documents/github/Spirals/Media/data/cluster/endsim/BehaviorSearch/Step6_Trial""","true","0","1","0","0","true","false","""-1867277670""","0.10901654924802769","0.10901654924802769","0.10901654924802769","0","0.10901654924802769"
"1","1221","13304","1000","1","""HK""","0.04","false","""normal""","1","""constant""","0.2","""Scale-free""","1","0","1","""uniform""","""deterministic-normal""","0","0","1","""normal""","-0.09999999999999998","0.9","false","""/home/ramaswamy.51/Documents/github/Spirals/Media/data/cluster/endsim/BehaviorSearch/Step6_Trial""","true","0","1","0","0","true","false","""626598236""","0.21823219568938965","0.21823219568938965","0.21823219568938965","0","0.21823219568938965"
"1","1222","13304","1000","1","""HK""","0.04","false","""normal""","1","""constant""","0.2","""Scale-free""","1","0","1","""uniform""","""deterministic-normal""","0","0","1","""normal""","-0.09999999999999998","0.9","false","""/home/ramaswamy.51/Documents/github/Spirals/Media/data/cluster/endsim/BehaviorSearch/Step6_Trial""","true","0","1","0","0","true","false","""-1168576058""","0.22181570376239093","0.22181570376239093","0.22181570376239093","0","0.22181570376239093"
"1","1223","13304","1000","1","""HK""","0.04","false","""normal""","1","""constant""","0.2","""Scale-free""","1","0","1","""uniform""","""deterministic-normal""","0","0","1","""normal""","-0.09999999999999998","0.9","false","""/home/ramaswamy.51/Documents/github/Spirals/Media/data/cluster/endsim/BehaviorSearch/Step6_Trial""","true","0","1","0","0","true","false","""-1700977223""","0.23287985861029625","0.23287985861029625","0.23287985861029625","0","0.23287985861029625"
"1","1224","13304","1000","1","""HK""","0.04","false","""normal""","1","""constant""","0.2","""Scale-free""","1","0","1","""uniform""","""deterministic-normal""","0","0","1","""normal""","-0.09999999999999998","0.9","false","""/home/ramaswamy.51/Documents/github/Spirals/Media/data/cluster/endsim/BehaviorSearch/Step6_Trial""","true","0","1","0","0","true","false","""-1892859803""","0.24023027655665788","0.24023027655665788","0.24023027655665788","0","0.24023027655665788"
"1","1225","13328","1000","1","""HK""","0.08","false","""normal""","1","""constant""","0.1","""Scale-free""","1","0","1","""uniform""","""deterministic-normal""","0","0","1","""normal""","-0.09999999999999998","0.8","false","""/home/ramaswamy.51/Documents/github/Spirals/Media/data/cluster/endsim/BehaviorSearch/Step6_Trial""","true","0","1","0","0","true","false","""312012856""","0.17217899430239048","0.17217899430239048","0.17217899430239048","0","0.17217899430239048"
"1","1226","13328","1000","1","""HK""","0.08","false","""normal""","1","""constant""","0.1","""Scale-free""","1","0","1","""uniform""","""deterministic-normal""","0","0","1","""normal""","-0.09999999999999998","0.8","false","""/home/ramaswamy.51/Documents/github/Spirals/Media/data/cluster/endsim/BehaviorSearch/Step6_Trial""","true","0","1","0","0","true","false","""1602315104""","0.18143621764337486","0.18143621764337486","0.18143621764337486","0","0.18143621764337486"
"1","1227","13328","1000","1","""HK""","0.08","false","""normal""","1","""constant""","0.1","""Scale-free""","1","0","1","""uniform""","""deterministic-normal""","0","0","1","""normal""","-0.09999999999999998","0.8","false","""/home/ramaswamy.51/Documents/github/Spirals/Media/data/cluster/endsim/BehaviorSearch/Step6_Trial""","true","0","1","0","0","true","false","""456023291""","0.176404279761678","0.176404279761678","0.176404279761678","0","0.176404279761678"
"1","1228","13328","1000","1","""HK""","0.08","false","""normal""","1","""constant""","0.1","""Scale-free""","1","0","1","""uniform""","""deterministic-normal""","0","0","1","""normal""","-0.09999999999999998","0.8","false","""/home/ramaswamy.51/Documents/github/Spirals/Media/data/cluster/endsim/BehaviorSearch/Step6_Trial""","true","0","1","0","0","true","false","""-1477299372""","0.146288266357064","0.146288266357064","0.146288266357064","0","0.146288266357064"
"1","1229","14184","1000","1","""HK""","0.01","false","""normal""","1","""constant""","0.1","""Scale-free""","2","0","1","""uniform""","""deterministic-normal""","0","0","1","""normal""","-0.29999999999999993","0.9","false","""/home/ramaswamy.51/Documents/github/Spirals/Media/data/cluster/endsim/BehaviorSearch/Step6_Trial""","true","0","1","0","0","true","false","""93242579""","0.126276241751832","0.126276241751832","0.126276241751832","0","0.126276241751832"
"1","1230","14184","1000","1","""HK""","0.01","false","""normal""","1","""constant""","0.1","""Scale-free""","2","0","1","""uniform""","""deterministic-normal""","0","0","1","""normal""","-0.29999999999999993","0.9","false","""/home/ramaswamy.51/Documents/github/Spirals/Media/data/cluster/endsim/BehaviorSearch/Step6_Trial""","true","0","1","0","0","true","false","""411638761""","0.10564278855363984","0.10564278855363984","0.10564278855363984","0","0.10564278855363984"
"1","1231","14184","1000","1","""HK""","0.01","false","""normal""","1","""constant""","0.1","""Scale-free""","2","0","1","""uniform""","""deterministic-normal""","0","0","1","""normal""","-0.29999999999999993","0.9","false","""/home/ramaswamy.51/Documents/github/Spirals/Media/data/cluster/endsim/BehaviorSearch/Step6_Trial""","true","0","1","0","0","true","false","""1551657445""","0.11557327893453404","0.11557327893453404","0.11557327893453404","0","0.11557327893453404"
"1","1232","14184","1000","1","""HK""","0.01","false","""normal""","1","""constant""","0.1","""Scale-free""","2","0","1","""uniform""","""deterministic-normal""","0","0","1","""normal""","-0.29999999999999993","0.9","false","""/home/ramaswamy.51/Documents/github/Spirals/Media/data/cluster/endsim/BehaviorSearch/Step6_Trial""","true","0","1","0","0","true","false","""1221535372""","0.09939798320179125","0.09939798320179125","0.09939798320179125","0","0.09939798320179125"
"1","1233","14228","1000","1","""HK""","0.04","false","""normal""","1","""constant""","0.1","""Scale-free""","1","0","1","""uniform""","""deterministic-normal""","0","0","1","""normal""","0.20000000000000018","0.9","false","""/home/ramaswamy.51/Documents/github/Spirals/Media/data/cluster/endsim/BehaviorSearch/Step6_Trial""","true","0","1","0","0","true","false","""-1225111445""","0.1266614582473812","0.1266614582473812","0.1266614582473812","0","0.1266614582473812"
"1","1234","14228","1000","1","""HK""","0.04","false","""normal""","1","""constant""","0.1","""Scale-free""","1","0","1","""uniform""","""deterministic-normal""","0","0","1","""normal""","0.20000000000000018","0.9","false","""/home/ramaswamy.51/Documents/github/Spirals/Media/data/cluster/endsim/BehaviorSearch/Step6_Trial""","true","0","1","0","0","true","false","""-815489853""","0.13048261038347303","0.13048261038347303","0.13048261038347303","0","0.13048261038347303"
"1","1235","14228","1000","1","""HK""","0.04","false","""normal""","1","""constant""","0.1","""Scale-free""","1","0","1","""uniform""","""deterministic-normal""","0","0","1","""normal""","0.20000000000000018","0.9","false","""/home/ramaswamy.51/Documents/github/Spirals/Media/data/cluster/endsim/BehaviorSearch/Step6_Trial""","true","0","1","0","0","true","false","""-1893723997""","0.1291951989497342","0.1291951989497342","0.1291951989497342","0","0.1291951989497342"
"1","1236","14228","1000","1","""HK""","0.04","false","""normal""","1","""constant""","0.1","""Scale-free""","1","0","1","""uniform""","""deterministic-normal""","0","0","1","""normal""","0.20000000000000018","0.9","false","""/home/ramaswamy.51/Documents/github/Spirals/Media/data/cluster/endsim/BehaviorSearch/Step6_Trial""","true","0","1","0","0","true","false","""174911218""","0.13578208756682722","0.13578208756682722","0.13578208756682722","0","0.13578208756682722"
"1","1237","14300","1000","1","""HK""","0.01","false","""normal""","1","""constant""","0.1","""Scale-free""","1","0","1","""uniform""","""deterministic-normal""","0","0","1","""normal""","0.20000000000000018","0.6000000000000001","false","""/home/ramaswamy.51/Documents/github/Spirals/Media/data/cluster/endsim/BehaviorSearch/Step6_Trial""","true","0","1","0","0","true","false","""289007209""","0.14048191600820556","0.14048191600820556","0.14048191600820556","0","0.14048191600820556"
"1","1238","14300","1000","1","""HK""","0.01","false","""normal""","1","""constant""","0.1","""Scale-free""","1","0","1","""uniform""","""deterministic-normal""","0","0","1","""normal""","0.20000000000000018","0.6000000000000001","false","""/home/ramaswamy.51/Documents/github/Spirals/Media/data/cluster/endsim/BehaviorSearch/Step6_Trial""","true","0","1","0","0","true","false","""-2128100116""","0.10636675272027951","0.10636675272027951","0.10636675272027951","0","0.10636675272027951"
"1","1239","14300","1000","1","""HK""","0.01","false","""normal""","1","""constant""","0.1","""Scale-free""","1","0","1","""uniform""","""deterministic-normal""","0","0","1","""normal""","0.20000000000000018","0.6000000000000001","false","""/home/ramaswamy.51/Documents/github/Spirals/Media/data/cluster/endsim/BehaviorSearch/Step6_Trial""","true","0","1","0","0","true","false","""1483058043""","0.12797342882953933","0.12797342882953933","0.12797342882953933","0","0.12797342882953933"
"1","1240","14300","1000","1","""HK""","0.01","false","""normal""","1","""constant""","0.1","""Scale-free""","1","0","1","""uniform""","""deterministic-normal""","0","0","1","""normal""","0.20000000000000018","0.6000000000000001","false","""/home/ramaswamy.51/Documents/github/Spirals/Media/data/cluster/endsim/BehaviorSearch/Step6_Trial""","true","0","1","0","0","true","false","""-1071344189""","0.1429714416331945","0.1429714416331945","0.1429714416331945","0","0.1429714416331945"
"1","1241","14448","1000","1","""HK""","0.02","false","""normal""","1","""constant""","0.1","""Scale-free""","2","0","1","""uniform""","""deterministic-normal""","0","0","1","""normal""","-0.09999999999999998","0.9","false","""/home/ramaswamy.51/Documents/github/Spirals/Media/data/cluster/endsim/BehaviorSearch/Step6_Trial""","true","0","1","0","0","true","false","""2047114167""","0.1253116859117021","0.1253116859117021","0.1253116859117021","0","0.1253116859117021"
"1","1242","14448","1000","1","""HK""","0.02","false","""normal""","1","""constant""","0.1","""Scale-free""","2","0","1","""uniform""","""deterministic-normal""","0","0","1","""normal""","-0.09999999999999998","0.9","false","""/home/ramaswamy.51/Documents/github/Spirals/Media/data/cluster/endsim/BehaviorSearch/Step6_Trial""","true","0","1","0","0","true","false","""-644310069""","0.13404588372304635","0.13404588372304635","0.13404588372304635","0","0.13404588372304635"
"1","1243","14448","1000","1","""HK""","0.02","false","""normal""","1","""constant""","0.1","""Scale-free""","2","0","1","""uniform""","""deterministic-normal""","0","0","1","""normal""","-0.09999999999999998","0.9","false","""/home/ramaswamy.51/Documents/github/Spirals/Media/data/cluster/endsim/BehaviorSearch/Step6_Trial""","true","0","1","0","0","true","false","""-1450380850""","0.11237986074816418","0.11237986074816418","0.11237986074816418","0","0.11237986074816418"
"1","1244","14448","1000","1","""HK""","0.02","false","""normal""","1","""constant""","0.1","""Scale-free""","2","0","1","""uniform""","""deterministic-normal""","0","0","1","""normal""","-0.09999999999999998","0.9","false","""/home/ramaswamy.51/Documents/github/Spirals/Media/data/cluster/endsim/BehaviorSearch/Step6_Trial""","true","0","1","0","0","true","false","""-1654706543""","0.10183096553063423","0.10183096553063423","0.10183096553063423","0","0.10183096553063423"
"1","1245","14532","1000","1","""HK""","0.01","false","""normal""","1","""constant""","0.1","""Scale-free""","1","0","1","""uniform""","""deterministic-normal""","0","0","1","""normal""","0.40000000000000013","1","false","""/home/ramaswamy.51/Documents/github/Spirals/Media/data/cluster/endsim/BehaviorSearch/Step6_Trial""","true","0","1","0","0","true","false","""659386928""","0.10803682821767409","0.10803682821767409","0.10803682821767409","0","0.10803682821767409"
"1","1246","14532","1000","1","""HK""","0.01","false","""normal""","1","""constant""","0.1","""Scale-free""","1","0","1","""uniform""","""deterministic-normal""","0","0","1","""normal""","0.40000000000000013","1","false","""/home/ramaswamy.51/Documents/github/Spirals/Media/data/cluster/endsim/BehaviorSearch/Step6_Trial""","true","0","1","0","0","true","false","""-406533571""","0.08608803543155327","0.08608803543155327","0.08608803543155327","0","0.08608803543155327"
"1","1247","14532","1000","1","""HK""","0.01","false","""normal""","1","""constant""","0.1","""Scale-free""","1","0","1","""uniform""","""deterministic-normal""","0","0","1","""normal""","0.40000000000000013","1","false","""/home/ramaswamy.51/Documents/github/Spirals/Media/data/cluster/endsim/BehaviorSearch/Step6_Trial""","true","0","1","0","0","true","false","""-1000032050""","0.10492331699703593","0.10492331699703593","0.10492331699703593","0","0.10492331699703593"
"1","1248","14532","1000","1","""HK""","0.01","false","""normal""","1","""constant""","0.1","""Scale-free""","1","0","1","""uniform""","""deterministic-normal""","0","0","1","""normal""","0.40000000000000013","1","false","""/home/ramaswamy.51/Documents/github/Spirals/Media/data/cluster/endsim/BehaviorSearch/Step6_Trial""","true","0","1","0","0","true","false","""-476804552""","0.07925228406714825","0.07925228406714825","0.07925228406714825","0","0.07925228406714825"
"1","1249","14892","1000","1","""HK""","0.06999999999999999","false","""normal""","1","""constant""","0.2","""Scale-free""","1","0","1","""uniform""","""deterministic-normal""","0","0","1","""normal""","-0.09999999999999998","0.9","false","""/home/ramaswamy.51/Documents/github/Spirals/Media/data/cluster/endsim/BehaviorSearch/Step6_Trial""","true","0","1","0","0","true","false","""1472346498""","0.24506485002448125","0.24506485002448125","0.24506485002448125","0","0.24506485002448125"
"1","1250","14892","1000","1","""HK""","0.06999999999999999","false","""normal""","1","""constant""","0.2","""Scale-free""","1","0","1","""uniform""","""deterministic-normal""","0","0","1","""normal""","-0.09999999999999998","0.9","false","""/home/ramaswamy.51/Documents/github/Spirals/Media/data/cluster/endsim/BehaviorSearch/Step6_Trial""","true","0","1","0","0","true","false","""691684810""","0.24146901588122843","0.24146901588122843","0.24146901588122843","0","0.24146901588122843"
"1","1251","14892","1000","1","""HK""","0.06999999999999999","false","""normal""","1","""constant""","0.2","""Scale-free""","1","0","1","""uniform""","""deterministic-normal""","0","0","1","""normal""","-0.09999999999999998","0.9","false","""/home/ramaswamy.51/Documents/github/Spirals/Media/data/cluster/endsim/BehaviorSearch/Step6_Trial""","true","0","1","0","0","true","false","""981184887""","0.2529529447171056","0.2529529447171056","0.2529529447171056","0","0.2529529447171056"
"1","1252","14892","1000","1","""HK""","0.06999999999999999","false","""normal""","1","""constant""","0.2","""Scale-free""","1","0","1","""uniform""","""deterministic-normal""","0","0","1","""normal""","-0.09999999999999998","0.9","false","""/home/ramaswamy.51/Documents/github/Spirals/Media/data/cluster/endsim/BehaviorSearch/Step6_Trial""","true","0","1","0","0","true","false","""1805573840""","0.23583951914991672","0.23583951914991672","0.23583951914991672","0","0.23583951914991672"
"1","1253","14904","1000","1","""HK""","0.01","false","""normal""","1","""constant""","0.2","""Scale-free""","2","0","1","""uniform""","""deterministic-normal""","0","0","1","""normal""","-0.09999999999999998","1","false","""/home/ramaswamy.51/Documents/github/Spirals/Media/data/cluster/endsim/BehaviorSearch/Step6_Trial""","true","0","1","0","0","true","false","""-1536009979""","0.25557276561958875","0.25557276561958875","0.25557276561958875","0","0.25557276561958875"
"1","1254","14904","1000","1","""HK""","0.01","false","""normal""","1","""constant""","0.2","""Scale-free""","2","0","1","""uniform""","""deterministic-normal""","0","0","1","""normal""","-0.09999999999999998","1","false","""/home/ramaswamy.51/Documents/github/Spirals/Media/data/cluster/endsim/BehaviorSearch/Step6_Trial""","true","0","1","0","0","true","false","""2045657484""","0.23340128202723517","0.23340128202723517","0.23340128202723517","0","0.23340128202723517"
"1","1255","14904","1000","1","""HK""","0.01","false","""normal""","1","""constant""","0.2","""Scale-free""","2","0","1","""uniform""","""deterministic-normal""","0","0","1","""normal""","-0.09999999999999998","1","false","""/home/ramaswamy.51/Documents/github/Spirals/Media/data/cluster/endsim/BehaviorSearch/Step6_Trial""","true","0","1","0","0","true","false","""894169968""","0.21945436624902695","0.21945436624902695","0.21945436624902695","0","0.21945436624902695"
"1","1256","14904","1000","1","""HK""","0.01","false","""normal""","1","""constant""","0.2","""Scale-free""","2","0","1","""uniform""","""deterministic-normal""","0","0","1","""normal""","-0.09999999999999998","1","false","""/home/ramaswamy.51/Documents/github/Spirals/Media/data/cluster/endsim/BehaviorSearch/Step6_Trial""","true","0","1","0","0","true","false","""-522525135""","0.23856385324867457","0.23856385324867457","0.23856385324867457","0","0.23856385324867457"
"1","1257","15124","1000","1","""HK""","0.060000000000000005","false","""normal""","1","""constant""","0.2","""Scale-free""","1","0","1","""uniform""","""deterministic-normal""","0","0","1","""normal""","-0.09999999999999998","0.9","false","""/home/ramaswamy.51/Documents/github/Spirals/Media/data/cluster/endsim/BehaviorSearch/Step6_Trial""","true","0","1","0","0","true","false","""1780808539""","0.2374186522940404","0.2374186522940404","0.2374186522940404","0","0.2374186522940404"
"1","1258","15124","1000","1","""HK""","0.060000000000000005","false","""normal""","1","""constant""","0.2","""Scale-free""","1","0","1","""uniform""","""deterministic-normal""","0","0","1","""normal""","-0.09999999999999998","0.9","false","""/home/ramaswamy.51/Documents/github/Spirals/Media/data/cluster/endsim/BehaviorSearch/Step6_Trial""","true","0","1","0","0","true","false","""-722775377""","0.22561976375229348","0.22561976375229348","0.22561976375229348","0","0.22561976375229348"
"1","1259","15124","1000","1","""HK""","0.060000000000000005","false","""normal""","1","""constant""","0.2","""Scale-free""","1","0","1","""uniform""","""deterministic-normal""","0","0","1","""normal""","-0.09999999999999998","0.9","false","""/home/ramaswamy.51/Documents/github/Spirals/Media/data/cluster/endsim/BehaviorSearch/Step6_Trial""","true","0","1","0","0","true","false","""840890528""","0.22900040279932682","0.22900040279932682","0.22900040279932682","0","0.22900040279932682"
"1","1260","15124","1000","1","""HK""","0.060000000000000005","false","""normal""","1","""constant""","0.2","""Scale-free""","1","0","1","""uniform""","""deterministic-normal""","0","0","1","""normal""","-0.09999999999999998","0.9","false","""/home/ramaswamy.51/Documents/github/Spirals/Media/data/cluster/endsim/BehaviorSearch/Step6_Trial""","true","0","1","0","0","true","false","""-303079846""","0.23470666651854596","0.23470666651854596","0.23470666651854596","0","0.23470666651854596"
"1","1261","15192","1000","1","""HK""","0.05","false","""normal""","1","""constant""","0.2","""Scale-free""","1","0","1","""uniform""","""deterministic-normal""","0","0","1","""normal""","-0.19999999999999996","1","false","""/home/ramaswamy.51/Documents/github/Spirals/Media/data/cluster/endsim/BehaviorSearch/Step6_Trial""","true","0","1","0","0","true","false","""-123702273""","0.20775071093695668","0.20775071093695668","0.20775071093695668","0","0.20775071093695668"
"1","1262","15192","1000","1","""HK""","0.05","false","""normal""","1","""constant""","0.2","""Scale-free""","1","0","1","""uniform""","""deterministic-normal""","0","0","1","""normal""","-0.19999999999999996","1","false","""/home/ramaswamy.51/Documents/github/Spirals/Media/data/cluster/endsim/BehaviorSearch/Step6_Trial""","true","0","1","0","0","true","false","""529883057""","0.21029031714376362","0.21029031714376362","0.21029031714376362","0","0.21029031714376362"
"1","1263","15192","1000","1","""HK""","0.05","false","""normal""","1","""constant""","0.2","""Scale-free""","1","0","1","""uniform""","""deterministic-normal""","0","0","1","""normal""","-0.19999999999999996","1","false","""/home/ramaswamy.51/Documents/github/Spirals/Media/data/cluster/endsim/BehaviorSearch/Step6_Trial""","true","0","1","0","0","true","false","""-1549022203""","0.20530767310329065","0.20530767310329065","0.20530767310329065","0","0.20530767310329065"
"1","1264","15192","1000","1","""HK""","0.05","false","""normal""","1","""constant""","0.2","""Scale-free""","1","0","1","""uniform""","""deterministic-normal""","0","0","1","""normal""","-0.19999999999999996","1","false","""/home/ramaswamy.51/Documents/github/Spirals/Media/data/cluster/endsim/BehaviorSearch/Step6_Trial""","true","0","1","0","0","true","false","""174338287""","0.21448844596001185","0.21448844596001185","0.21448844596001185","0","0.21448844596001185"
"1","1265","15224","1000","1","""HK""","0.01","false","""normal""","1","""constant""","0.1","""Scale-free""","1","0","1","""uniform""","""deterministic-normal""","0","0","1","""normal""","-0.3999999999999999","0.7000000000000001","false","""/home/ramaswamy.51/Documents/github/Spirals/Media/data/cluster/endsim/BehaviorSearch/Step6_Trial""","true","0","1","0","0","true","false","""-961545036""","0.13067245013912437","0.13067245013912437","0.13067245013912437","0","0.13067245013912437"
"1","1266","15224","1000","1","""HK""","0.01","false","""normal""","1","""constant""","0.1","""Scale-free""","1","0","1","""uniform""","""deterministic-normal""","0","0","1","""normal""","-0.3999999999999999","0.7000000000000001","false","""/home/ramaswamy.51/Documents/github/Spirals/Media/data/cluster/endsim/BehaviorSearch/Step6_Trial""","true","0","1","0","0","true","false","""1312054182""","0.13668352957424973","0.13668352957424973","0.13668352957424973","0","0.13668352957424973"
"1","1267","15224","1000","1","""HK""","0.01","false","""normal""","1","""constant""","0.1","""Scale-free""","1","0","1","""uniform""","""deterministic-normal""","0","0","1","""normal""","-0.3999999999999999","0.7000000000000001","false","""/home/ramaswamy.51/Documents/github/Spirals/Media/data/cluster/endsim/BehaviorSearch/Step6_Trial""","true","0","1","0","0","true","false","""1836587773""","0.14044874415449368","0.14044874415449368","0.14044874415449368","0","0.14044874415449368"
"1","1268","15224","1000","1","""HK""","0.01","false","""normal""","1","""constant""","0.1","""Scale-free""","1","0","1","""uniform""","""deterministic-normal""","0","0","1","""normal""","-0.3999999999999999","0.7000000000000001","false","""/home/ramaswamy.51/Documents/github/Spirals/Media/data/cluster/endsim/BehaviorSearch/Step6_Trial""","true","0","1","0","0","true","false","""-1866783266""","0.135519218930034","0.135519218930034","0.135519218930034","0","0.135519218930034"
"1","1269","15352","1000","1","""HK""","0.02","false","""normal""","1","""constant""","0","""Scale-free""","1","0","1","""uniform""","""deterministic-normal""","0","0","1","""normal""","0","0.9","false","""/home/ramaswamy.51/Documents/github/Spirals/Media/data/cluster/endsim/BehaviorSearch/Step6_Trial""","true","0","1","0","0","true","false","""-2110657475""","0.15218802517996655","0.15218802517996655","0.15218802517996655","0","0.15218802517996655"
"1","1270","15352","1000","1","""HK""","0.02","false","""normal""","1","""constant""","0","""Scale-free""","1","0","1","""uniform""","""deterministic-normal""","0","0","1","""normal""","0","0.9","false","""/home/ramaswamy.51/Documents/github/Spirals/Media/data/cluster/endsim/BehaviorSearch/Step6_Trial""","true","0","1","0","0","true","false","""-342630770""","0.14017868274217382","0.14017868274217382","0.14017868274217382","0","0.14017868274217382"
"1","1271","15352","1000","1","""HK""","0.02","false","""normal""","1","""constant""","0","""Scale-free""","1","0","1","""uniform""","""deterministic-normal""","0","0","1","""normal""","0","0.9","false","""/home/ramaswamy.51/Documents/github/Spirals/Media/data/cluster/endsim/BehaviorSearch/Step6_Trial""","true","0","1","0","0","true","false","""-680948284""","0.15529407139765716","0.15529407139765716","0.15529407139765716","0","0.15529407139765716"
"1","1272","15352","1000","1","""HK""","0.02","false","""normal""","1","""constant""","0","""Scale-free""","1","0","1","""uniform""","""deterministic-normal""","0","0","1","""normal""","0","0.9","false","""/home/ramaswamy.51/Documents/github/Spirals/Media/data/cluster/endsim/BehaviorSearch/Step6_Trial""","true","0","1","0","0","true","false","""353951157""","0.1582143565686269","0.1582143565686269","0.1582143565686269","0","0.1582143565686269"
"1","1273","15732","1000","1","""HK""","0.03","false","""normal""","1","""constant""","0","""Scale-free""","1","0","1","""uniform""","""deterministic-normal""","0","0","1","""normal""","0","0.9","false","""/home/ramaswamy.51/Documents/github/Spirals/Media/data/cluster/endsim/BehaviorSearch/Step6_Trial""","true","0","1","0","0","true","false","""-1272998760""","0.13552582710350516","0.13552582710350516","0.13552582710350516","0","0.13552582710350516"
"1","1274","15732","1000","1","""HK""","0.03","false","""normal""","1","""constant""","0","""Scale-free""","1","0","1","""uniform""","""deterministic-normal""","0","0","1","""normal""","0","0.9","false","""/home/ramaswamy.51/Documents/github/Spirals/Media/data/cluster/endsim/BehaviorSearch/Step6_Trial""","true","0","1","0","0","true","false","""-1452555776""","0.15033676031133367","0.15033676031133367","0.15033676031133367","0","0.15033676031133367"
"1","1275","15732","1000","1","""HK""","0.03","false","""normal""","1","""constant""","0","""Scale-free""","1","0","1","""uniform""","""deterministic-normal""","0","0","1","""normal""","0","0.9","false","""/home/ramaswamy.51/Documents/github/Spirals/Media/data/cluster/endsim/BehaviorSearch/Step6_Trial""","true","0","1","0","0","true","false","""-1096456031""","0.1548179901711453","0.1548179901711453","0.1548179901711453","0","0.1548179901711453"
"1","1276","15732","1000","1","""HK""","0.03","false","""normal""","1","""constant""","0","""Scale-free""","1","0","1","""uniform""","""deterministic-normal""","0","0","1","""normal""","0","0.9","false","""/home/ramaswamy.51/Documents/github/Spirals/Media/data/cluster/endsim/BehaviorSearch/Step6_Trial""","true","0","1","0","0","true","false","""2063211070""","0.12098402602359223","0.12098402602359223","0.12098402602359223","0","0.12098402602359223"
"1","1277","15796","1000","1","""HK""","0.02","false","""normal""","1","""constant""","0.1","""Scale-free""","1","0","1","""uniform""","""deterministic-normal""","0","0","1","""normal""","0.10000000000000009","0.9","false","""/home/ramaswamy.51/Documents/github/Spirals/Media/data/cluster/endsim/BehaviorSearch/Step6_Trial""","true","0","1","0","0","true","false","""384065533""","0.09252568355995335","0.09252568355995335","0.09252568355995335","0","0.09252568355995335"
"1","1278","15796","1000","1","""HK""","0.02","false","""normal""","1","""constant""","0.1","""Scale-free""","1","0","1","""uniform""","""deterministic-normal""","0","0","1","""normal""","0.10000000000000009","0.9","false","""/home/ramaswamy.51/Documents/github/Spirals/Media/data/cluster/endsim/BehaviorSearch/Step6_Trial""","true","0","1","0","0","true","false","""1595669503""","0.09502702769838155","0.09502702769838155","0.09502702769838155","0","0.09502702769838155"
"1","1279","15796","1000","1","""HK""","0.02","false","""normal""","1","""constant""","0.1","""Scale-free""","1","0","1","""uniform""","""deterministic-normal""","0","0","1","""normal""","0.10000000000000009","0.9","false","""/home/ramaswamy.51/Documents/github/Spirals/Media/data/cluster/endsim/BehaviorSearch/Step6_Trial""","true","0","1","0","0","true","false","""-268641953""","0.10208240967193673","0.10208240967193673","0.10208240967193673","0","0.10208240967193673"
"1","1280","15796","1000","1","""HK""","0.02","false","""normal""","1","""constant""","0.1","""Scale-free""","1","0","1","""uniform""","""deterministic-normal""","0","0","1","""normal""","0.10000000000000009","0.9","false","""/home/ramaswamy.51/Documents/github/Spirals/Media/data/cluster/endsim/BehaviorSearch/Step6_Trial""","true","0","1","0","0","true","false","""-971862859""","0.08732762612771537","0.08732762612771537","0.08732762612771537","0","0.08732762612771537"
"1","1281","15952","1000","1","""HK""","0.02","false","""normal""","1","""constant""","0","""Scale-free""","1","0","1","""uniform""","""deterministic-normal""","0","0","1","""normal""","0.20000000000000018","0.8","false","""/home/ramaswamy.51/Documents/github/Spirals/Media/data/cluster/endsim/BehaviorSearch/Step6_Trial""","true","0","1","0","0","true","false","""2011200826""","0.14891827756921297","0.14891827756921297","0.14891827756921297","0","0.14891827756921297"
"1","1282","15952","1000","1","""HK""","0.02","false","""normal""","1","""constant""","0","""Scale-free""","1","0","1","""uniform""","""deterministic-normal""","0","0","1","""normal""","0.20000000000000018","0.8","false","""/home/ramaswamy.51/Documents/github/Spirals/Media/data/cluster/endsim/BehaviorSearch/Step6_Trial""","true","0","1","0","0","true","false","""-58545790""","0.15211689095978892","0.15211689095978892","0.15211689095978892","0","0.15211689095978892"
"1","1283","15952","1000","1","""HK""","0.02","false","""normal""","1","""constant""","0","""Scale-free""","1","0","1","""uniform""","""deterministic-normal""","0","0","1","""normal""","0.20000000000000018","0.8","false","""/home/ramaswamy.51/Documents/github/Spirals/Media/data/cluster/endsim/BehaviorSearch/Step6_Trial""","true","0","1","0","0","true","false","""-1821408556""","0.1561526752401739","0.1561526752401739","0.1561526752401739","0","0.1561526752401739"
"1","1284","15952","1000","1","""HK""","0.02","false","""normal""","1","""constant""","0","""Scale-free""","1","0","1","""uniform""","""deterministic-normal""","0","0","1","""normal""","0.20000000000000018","0.8","false","""/home/ramaswamy.51/Documents/github/Spirals/Media/data/cluster/endsim/BehaviorSearch/Step6_Trial""","true","0","1","0","0","true","false","""-1009780840""","0.1364524933408296","0.1364524933408296","0.1364524933408296","0","0.1364524933408296"
"1","1285","16120","1000","1","""HK""","0.060000000000000005","false","""normal""","1","""constant""","0.2","""Scale-free""","1","0","1","""uniform""","""deterministic-normal""","0","0","1","""normal""","-0.29999999999999993","0.9","false","""/home/ramaswamy.51/Documents/github/Spirals/Media/data/cluster/endsim/BehaviorSearch/Step6_Trial""","true","0","1","0","0","true","false","""-1548819581""","0.2388206976083257","0.2388206976083257","0.2388206976083257","0","0.2388206976083257"
"1","1286","16120","1000","1","""HK""","0.060000000000000005","false","""normal""","1","""constant""","0.2","""Scale-free""","1","0","1","""uniform""","""deterministic-normal""","0","0","1","""normal""","-0.29999999999999993","0.9","false","""/home/ramaswamy.51/Documents/github/Spirals/Media/data/cluster/endsim/BehaviorSearch/Step6_Trial""","true","0","1","0","0","true","false","""-224483013""","0.22997037390172148","0.22997037390172148","0.22997037390172148","0","0.22997037390172148"
"1","1287","16120","1000","1","""HK""","0.060000000000000005","false","""normal""","1","""constant""","0.2","""Scale-free""","1","0","1","""uniform""","""deterministic-normal""","0","0","1","""normal""","-0.29999999999999993","0.9","false","""/home/ramaswamy.51/Documents/github/Spirals/Media/data/cluster/endsim/BehaviorSearch/Step6_Trial""","true","0","1","0","0","true","false","""425634968""","0.24581166082311937","0.24581166082311937","0.24581166082311937","0","0.24581166082311937"
"1","1288","16120","1000","1","""HK""","0.060000000000000005","false","""normal""","1","""constant""","0.2","""Scale-free""","1","0","1","""uniform""","""deterministic-normal""","0","0","1","""normal""","-0.29999999999999993","0.9","false","""/home/ramaswamy.51/Documents/github/Spirals/Media/data/cluster/endsim/BehaviorSearch/Step6_Trial""","true","0","1","0","0","true","false","""-1624488661""","0.2333799132074575","0.2333799132074575","0.2333799132074575","0","0.2333799132074575"
"1","1289","16244","1000","1","""HK""","0.08","false","""normal""","1","""constant""","0.1","""Scale-free""","1","0","1","""uniform""","""deterministic-normal""","0","0","1","""normal""","-0.19999999999999996","0.9","false","""/home/ramaswamy.51/Documents/github/Spirals/Media/data/cluster/endsim/BehaviorSearch/Step6_Trial""","true","0","1","0","0","true","false","""-763418457""","0.17328805233732864","0.17328805233732864","0.17328805233732864","0","0.17328805233732864"
"1","1290","16244","1000","1","""HK""","0.08","false","""normal""","1","""constant""","0.1","""Scale-free""","1","0","1","""uniform""","""deterministic-normal""","0","0","1","""normal""","-0.19999999999999996","0.9","false","""/home/ramaswamy.51/Documents/github/Spirals/Media/data/cluster/endsim/BehaviorSearch/Step6_Trial""","true","0","1","0","0","true","false","""1243622138""","0.14926319577682384","0.14926319577682384","0.14926319577682384","0","0.14926319577682384"
"1","1291","16244","1000","1","""HK""","0.08","false","""normal""","1","""constant""","0.1","""Scale-free""","1","0","1","""uniform""","""deterministic-normal""","0","0","1","""normal""","-0.19999999999999996","0.9","false","""/home/ramaswamy.51/Documents/github/Spirals/Media/data/cluster/endsim/BehaviorSearch/Step6_Trial""","true","0","1","0","0","true","false","""1671220137""","0.1612258805189352","0.1612258805189352","0.1612258805189352","0","0.1612258805189352"
"1","1292","16244","1000","1","""HK""","0.08","false","""normal""","1","""constant""","0.1","""Scale-free""","1","0","1","""uniform""","""deterministic-normal""","0","0","1","""normal""","-0.19999999999999996","0.9","false","""/home/ramaswamy.51/Documents/github/Spirals/Media/data/cluster/endsim/BehaviorSearch/Step6_Trial""","true","0","1","0","0","true","false","""-735203663""","0.1692913733591508","0.1692913733591508","0.1692913733591508","0","0.1692913733591508"
"1","1293","16384","1000","1","""HK""","0.01","false","""normal""","1","""constant""","0.1","""Scale-free""","1","0","1","""uniform""","""deterministic-normal""","0","0","1","""normal""","-0.6","1","false","""/home/ramaswamy.51/Documents/github/Spirals/Media/data/cluster/endsim/BehaviorSearch/Step6_Trial""","true","0","1","0","0","true","false","""-1693141585""","0.10599765830120457","0.10599765830120457","0.10599765830120457","0","0.10599765830120457"
"1","1294","16384","1000","1","""HK""","0.01","false","""normal""","1","""constant""","0.1","""Scale-free""","1","0","1","""uniform""","""deterministic-normal""","0","0","1","""normal""","-0.6","1","false","""/home/ramaswamy.51/Documents/github/Spirals/Media/data/cluster/endsim/BehaviorSearch/Step6_Trial""","true","0","1","0","0","true","false","""-1473079293""","0.10586372085701377","0.10586372085701377","0.10586372085701377","0","0.10586372085701377"
"1","1295","16384","1000","1","""HK""","0.01","false","""normal""","1","""constant""","0.1","""Scale-free""","1","0","1","""uniform""","""deterministic-normal""","0","0","1","""normal""","-0.6","1","false","""/home/ramaswamy.51/Documents/github/Spirals/Media/data/cluster/endsim/BehaviorSearch/Step6_Trial""","true","0","1","0","0","true","false","""1441420007""","0.10469305745158537","0.10469305745158537","0.10469305745158537","0","0.10469305745158537"
"1","1296","16384","1000","1","""HK""","0.01","false","""normal""","1","""constant""","0.1","""Scale-free""","1","0","1","""uniform""","""deterministic-normal""","0","0","1","""normal""","-0.6","1","false","""/home/ramaswamy.51/Documents/github/Spirals/Media/data/cluster/endsim/BehaviorSearch/Step6_Trial""","true","0","1","0","0","true","false","""2145835148""","0.1258528022976891","0.1258528022976891","0.1258528022976891","0","0.1258528022976891"
"1","1297","16648","1000","1","""HK""","0.04","false","""normal""","1","""constant""","0.1","""Scale-free""","2","0","1","""uniform""","""deterministic-normal""","0","0","1","""normal""","-0.09999999999999998","0.9","false","""/home/ramaswamy.51/Documents/github/Spirals/Media/data/cluster/endsim/BehaviorSearch/Step6_Trial""","true","0","1","0","0","true","false","""-1126952005""","0.12948616879397498","0.12948616879397498","0.12948616879397498","0","0.12948616879397498"
"1","1298","16648","1000","1","""HK""","0.04","false","""normal""","1","""constant""","0.1","""Scale-free""","2","0","1","""uniform""","""deterministic-normal""","0","0","1","""normal""","-0.09999999999999998","0.9","false","""/home/ramaswamy.51/Documents/github/Spirals/Media/data/cluster/endsim/BehaviorSearch/Step6_Trial""","true","0","1","0","0","true","false","""705515252""","0.09969281475231478","0.09969281475231478","0.09969281475231478","0","0.09969281475231478"
"1","1299","16648","1000","1","""HK""","0.04","false","""normal""","1","""constant""","0.1","""Scale-free""","2","0","1","""uniform""","""deterministic-normal""","0","0","1","""normal""","-0.09999999999999998","0.9","false","""/home/ramaswamy.51/Documents/github/Spirals/Media/data/cluster/endsim/BehaviorSearch/Step6_Trial""","true","0","1","0","0","true","false","""834125656""","0.13731738151560063","0.13731738151560063","0.13731738151560063","0","0.13731738151560063"
"1","1300","16648","1000","1","""HK""","0.04","false","""normal""","1","""constant""","0.1","""Scale-free""","2","0","1","""uniform""","""deterministic-normal""","0","0","1","""normal""","-0.09999999999999998","0.9","false","""/home/ramaswamy.51/Documents/github/Spirals/Media/data/cluster/endsim/BehaviorSearch/Step6_Trial""","true","0","1","0","0","true","false","""1671032323""","0.11798755368117757","0.11798755368117757","0.11798755368117757","0","0.11798755368117757"
"1","1301","16944","1000","1","""HK""","0.02","false","""normal""","1","""constant""","0","""Scale-free""","1","0","1","""uniform""","""deterministic-normal""","0","0","1","""normal""","-0.09999999999999998","0.8","false","""/home/ramaswamy.51/Documents/github/Spirals/Media/data/cluster/endsim/BehaviorSearch/Step6_Trial""","true","0","1","0","0","true","false","""-1387947578""","0.14072219665328684","0.14072219665328684","0.14072219665328684","0","0.14072219665328684"
"1","1302","16944","1000","1","""HK""","0.02","false","""normal""","1","""constant""","0","""Scale-free""","1","0","1","""uniform""","""deterministic-normal""","0","0","1","""normal""","-0.09999999999999998","0.8","false","""/home/ramaswamy.51/Documents/github/Spirals/Media/data/cluster/endsim/BehaviorSearch/Step6_Trial""","true","0","1","0","0","true","false","""1301742903""","0.1307539376985168","0.1307539376985168","0.1307539376985168","0","0.1307539376985168"
"1","1303","16944","1000","1","""HK""","0.02","false","""normal""","1","""constant""","0","""Scale-free""","1","0","1","""uniform""","""deterministic-normal""","0","0","1","""normal""","-0.09999999999999998","0.8","false","""/home/ramaswamy.51/Documents/github/Spirals/Media/data/cluster/endsim/BehaviorSearch/Step6_Trial""","true","0","1","0","0","true","false","""521791991""","0.12585106515040637","0.12585106515040637","0.12585106515040637","0","0.12585106515040637"
"1","1304","16944","1000","1","""HK""","0.02","false","""normal""","1","""constant""","0","""Scale-free""","1","0","1","""uniform""","""deterministic-normal""","0","0","1","""normal""","-0.09999999999999998","0.8","false","""/home/ramaswamy.51/Documents/github/Spirals/Media/data/cluster/endsim/BehaviorSearch/Step6_Trial""","true","0","1","0","0","true","false","""699885439""","0.1303458684687047","0.1303458684687047","0.1303458684687047","0","0.1303458684687047"
"1","1305","17008","1000","1","""HK""","0.05","false","""normal""","1","""constant""","0.1","""Scale-free""","1","0","1","""uniform""","""deterministic-normal""","0","0","1","""normal""","-0.19999999999999996","0.8","false","""/home/ramaswamy.51/Documents/github/Spirals/Media/data/cluster/endsim/BehaviorSearch/Step6_Trial""","true","0","1","0","0","true","false","""-1048399358""","0.12524951961364503","0.12524951961364503","0.12524951961364503","0","0.12524951961364503"
"1","1306","17008","1000","1","""HK""","0.05","false","""normal""","1","""constant""","0.1","""Scale-free""","1","0","1","""uniform""","""deterministic-normal""","0","0","1","""normal""","-0.19999999999999996","0.8","false","""/home/ramaswamy.51/Documents/github/Spirals/Media/data/cluster/endsim/BehaviorSearch/Step6_Trial""","true","0","1","0","0","true","false","""1578679811""","0.1267932564794361","0.1267932564794361","0.1267932564794361","0","0.1267932564794361"
"1","1307","17008","1000","1","""HK""","0.05","false","""normal""","1","""constant""","0.1","""Scale-free""","1","0","1","""uniform""","""deterministic-normal""","0","0","1","""normal""","-0.19999999999999996","0.8","false","""/home/ramaswamy.51/Documents/github/Spirals/Media/data/cluster/endsim/BehaviorSearch/Step6_Trial""","true","0","1","0","0","true","false","""-1513706559""","0.1240753171339919","0.1240753171339919","0.1240753171339919","0","0.1240753171339919"
"1","1308","17008","1000","1","""HK""","0.05","false","""normal""","1","""constant""","0.1","""Scale-free""","1","0","1","""uniform""","""deterministic-normal""","0","0","1","""normal""","-0.19999999999999996","0.8","false","""/home/ramaswamy.51/Documents/github/Spirals/Media/data/cluster/endsim/BehaviorSearch/Step6_Trial""","true","0","1","0","0","true","false","""924318892""","0.12332199256265544","0.12332199256265544","0.12332199256265544","0","0.12332199256265544"
"1","1309","17456","1000","1","""HK""","0.01","false","""normal""","1","""constant""","0","""Scale-free""","1","0","1","""uniform""","""deterministic-normal""","0","0","1","""normal""","-0.19999999999999996","0.8","false","""/home/ramaswamy.51/Documents/github/Spirals/Media/data/cluster/endsim/BehaviorSearch/Step6_Trial""","true","0","1","0","0","true","false","""2009541795""","0.1436570402876404","0.1436570402876404","0.1436570402876404","0","0.1436570402876404"
"1","1310","17456","1000","1","""HK""","0.01","false","""normal""","1","""constant""","0","""Scale-free""","1","0","1","""uniform""","""deterministic-normal""","0","0","1","""normal""","-0.19999999999999996","0.8","false","""/home/ramaswamy.51/Documents/github/Spirals/Media/data/cluster/endsim/BehaviorSearch/Step6_Trial""","true","0","1","0","0","true","false","""988303406""","0.1425550936306173","0.1425550936306173","0.1425550936306173","0","0.1425550936306173"
"1","1311","17456","1000","1","""HK""","0.01","false","""normal""","1","""constant""","0","""Scale-free""","1","0","1","""uniform""","""deterministic-normal""","0","0","1","""normal""","-0.19999999999999996","0.8","false","""/home/ramaswamy.51/Documents/github/Spirals/Media/data/cluster/endsim/BehaviorSearch/Step6_Trial""","true","0","1","0","0","true","false","""1124212762""","0.15324421974947988","0.15324421974947988","0.15324421974947988","0","0.15324421974947988"
"1","1312","17456","1000","1","""HK""","0.01","false","""normal""","1","""constant""","0","""Scale-free""","1","0","1","""uniform""","""deterministic-normal""","0","0","1","""normal""","-0.19999999999999996","0.8","false","""/home/ramaswamy.51/Documents/github/Spirals/Media/data/cluster/endsim/BehaviorSearch/Step6_Trial""","true","0","1","0","0","true","false","""-1733219657""","0.15995554845230392","0.15995554845230392","0.15995554845230392","0","0.15995554845230392"
"1","1313","17796","1000","1","""HK""","0.04","false","""normal""","1","""constant""","0.1","""Scale-free""","1","0","1","""uniform""","""deterministic-normal""","0","0","1","""normal""","-0.3999999999999999","0.9","false","""/home/ramaswamy.51/Documents/github/Spirals/Media/data/cluster/endsim/BehaviorSearch/Step6_Trial""","true","0","1","0","0","true","false","""1852700541""","0.1046054734951849","0.1046054734951849","0.1046054734951849","0","0.1046054734951849"
"1","1314","17796","1000","1","""HK""","0.04","false","""normal""","1","""constant""","0.1","""Scale-free""","1","0","1","""uniform""","""deterministic-normal""","0","0","1","""normal""","-0.3999999999999999","0.9","false","""/home/ramaswamy.51/Documents/github/Spirals/Media/data/cluster/endsim/BehaviorSearch/Step6_Trial""","true","0","1","0","0","true","false","""1048365583""","0.12055337076332531","0.12055337076332531","0.12055337076332531","0","0.12055337076332531"
"1","1315","17796","1000","1","""HK""","0.04","false","""normal""","1","""constant""","0.1","""Scale-free""","1","0","1","""uniform""","""deterministic-normal""","0","0","1","""normal""","-0.3999999999999999","0.9","false","""/home/ramaswamy.51/Documents/github/Spirals/Media/data/cluster/endsim/BehaviorSearch/Step6_Trial""","true","0","1","0","0","true","false","""-584372686""","0.10213662025473494","0.10213662025473494","0.10213662025473494","0","0.10213662025473494"
"1","1316","17796","1000","1","""HK""","0.04","false","""normal""","1","""constant""","0.1","""Scale-free""","1","0","1","""uniform""","""deterministic-normal""","0","0","1","""normal""","-0.3999999999999999","0.9","false","""/home/ramaswamy.51/Documents/github/Spirals/Media/data/cluster/endsim/BehaviorSearch/Step6_Trial""","true","0","1","0","0","true","false","""2007967183""","0.1401145909910616","0.1401145909910616","0.1401145909910616","0","0.1401145909910616"
"1","1317","17804","1000","1","""HK""","0.01","false","""normal""","1","""constant""","0.1","""Scale-free""","2","0","1","""uniform""","""deterministic-normal""","0","0","1","""normal""","-0.19999999999999996","1","false","""/home/ramaswamy.51/Documents/github/Spirals/Media/data/cluster/endsim/BehaviorSearch/Step6_Trial""","true","0","1","0","0","true","false","""107086173""","0.0971824472922194","0.0971824472922194","0.0971824472922194","0","0.0971824472922194"
"1","1318","17804","1000","1","""HK""","0.01","false","""normal""","1","""constant""","0.1","""Scale-free""","2","0","1","""uniform""","""deterministic-normal""","0","0","1","""normal""","-0.19999999999999996","1","false","""/home/ramaswamy.51/Documents/github/Spirals/Media/data/cluster/endsim/BehaviorSearch/Step6_Trial""","true","0","1","0","0","true","false","""1069080319""","0.09704228227596252","0.09704228227596252","0.09704228227596252","0","0.09704228227596252"
"1","1319","17804","1000","1","""HK""","0.01","false","""normal""","1","""constant""","0.1","""Scale-free""","2","0","1","""uniform""","""deterministic-normal""","0","0","1","""normal""","-0.19999999999999996","1","false","""/home/ramaswamy.51/Documents/github/Spirals/Media/data/cluster/endsim/BehaviorSearch/Step6_Trial""","true","0","1","0","0","true","false","""-569987024""","0.10354219046699129","0.10354219046699129","0.10354219046699129","0","0.10354219046699129"
"1","1320","17804","1000","1","""HK""","0.01","false","""normal""","1","""constant""","0.1","""Scale-free""","2","0","1","""uniform""","""deterministic-normal""","0","0","1","""normal""","-0.19999999999999996","1","false","""/home/ramaswamy.51/Documents/github/Spirals/Media/data/cluster/endsim/BehaviorSearch/Step6_Trial""","true","0","1","0","0","true","false","""-1766815630""","0.07626639001336992","0.07626639001336992","0.07626639001336992","0","0.07626639001336992"
"1","1321","18388","1000","1","""HK""","0.03","false","""normal""","1","""constant""","0","""Scale-free""","1","0","1","""uniform""","""deterministic-normal""","0","0","1","""normal""","-0.19999999999999996","0.9","false","""/home/ramaswamy.51/Documents/github/Spirals/Media/data/cluster/endsim/BehaviorSearch/Step6_Trial""","true","0","1","0","0","true","false","""1146383199""","0.16460577423591885","0.16460577423591885","0.16460577423591885","0","0.16460577423591885"
"1","1322","18388","1000","1","""HK""","0.03","false","""normal""","1","""constant""","0","""Scale-free""","1","0","1","""uniform""","""deterministic-normal""","0","0","1","""normal""","-0.19999999999999996","0.9","false","""/home/ramaswamy.51/Documents/github/Spirals/Media/data/cluster/endsim/BehaviorSearch/Step6_Trial""","true","0","1","0","0","true","false","""43938227""","0.14703808260545992","0.14703808260545992","0.14703808260545992","0","0.14703808260545992"
"1","1323","18388","1000","1","""HK""","0.03","false","""normal""","1","""constant""","0","""Scale-free""","1","0","1","""uniform""","""deterministic-normal""","0","0","1","""normal""","-0.19999999999999996","0.9","false","""/home/ramaswamy.51/Documents/github/Spirals/Media/data/cluster/endsim/BehaviorSearch/Step6_Trial""","true","0","1","0","0","true","false","""-1784665578""","0.16157883075293145","0.16157883075293145","0.16157883075293145","0","0.16157883075293145"
"1","1324","18388","1000","1","""HK""","0.03","false","""normal""","1","""constant""","0","""Scale-free""","1","0","1","""uniform""","""deterministic-normal""","0","0","1","""normal""","-0.19999999999999996","0.9","false","""/home/ramaswamy.51/Documents/github/Spirals/Media/data/cluster/endsim/BehaviorSearch/Step6_Trial""","true","0","1","0","0","true","false","""671957548""","0.1542355912600136","0.1542355912600136","0.1542355912600136","0","0.1542355912600136"
"1","1325","18412","1000","1","""HK""","0.06999999999999999","false","""normal""","1","""constant""","0.1","""Scale-free""","1","0","1","""uniform""","""deterministic-normal""","0","0","1","""normal""","0.10000000000000009","0.9","false","""/home/ramaswamy.51/Documents/github/Spirals/Media/data/cluster/endsim/BehaviorSearch/Step6_Trial""","true","0","1","0","0","true","false","""-87703648""","0.14191939894659403","0.14191939894659403","0.14191939894659403","0","0.14191939894659403"
"1","1326","18412","1000","1","""HK""","0.06999999999999999","false","""normal""","1","""constant""","0.1","""Scale-free""","1","0","1","""uniform""","""deterministic-normal""","0","0","1","""normal""","0.10000000000000009","0.9","false","""/home/ramaswamy.51/Documents/github/Spirals/Media/data/cluster/endsim/BehaviorSearch/Step6_Trial""","true","0","1","0","0","true","false","""614953602""","0.14108431587968365","0.14108431587968365","0.14108431587968365","0","0.14108431587968365"
"1","1327","18412","1000","1","""HK""","0.06999999999999999","false","""normal""","1","""constant""","0.1","""Scale-free""","1","0","1","""uniform""","""deterministic-normal""","0","0","1","""normal""","0.10000000000000009","0.9","false","""/home/ramaswamy.51/Documents/github/Spirals/Media/data/cluster/endsim/BehaviorSearch/Step6_Trial""","true","0","1","0","0","true","false","""-1066881343""","0.13859985816742534","0.13859985816742534","0.13859985816742534","0","0.13859985816742534"
"1","1328","18412","1000","1","""HK""","0.06999999999999999","false","""normal""","1","""constant""","0.1","""Scale-free""","1","0","1","""uniform""","""deterministic-normal""","0","0","1","""normal""","0.10000000000000009","0.9","false","""/home/ramaswamy.51/Documents/github/Spirals/Media/data/cluster/endsim/BehaviorSearch/Step6_Trial""","true","0","1","0","0","true","false","""118948583""","0.15581028942944172","0.15581028942944172","0.15581028942944172","0","0.15581028942944172"
"1","1329","18524","1000","1","""HK""","0.01","false","""normal""","1","""constant""","0","""Scale-free""","1","0","1","""uniform""","""deterministic-normal""","0","0","1","""normal""","-0.5","0.9","false","""/home/ramaswamy.51/Documents/github/Spirals/Media/data/cluster/endsim/BehaviorSearch/Step6_Trial""","true","0","1","0","0","true","false","""846020716""","0.18151651442416705","0.18151651442416705","0.18151651442416705","0","0.18151651442416705"
"1","1330","18524","1000","1","""HK""","0.01","false","""normal""","1","""constant""","0","""Scale-free""","1","0","1","""uniform""","""deterministic-normal""","0","0","1","""normal""","-0.5","0.9","false","""/home/ramaswamy.51/Documents/github/Spirals/Media/data/cluster/endsim/BehaviorSearch/Step6_Trial""","true","0","1","0","0","true","false","""1516930668""","0.17915115488218905","0.17915115488218905","0.17915115488218905","0","0.17915115488218905"
"1","1331","18524","1000","1","""HK""","0.01","false","""normal""","1","""constant""","0","""Scale-free""","1","0","1","""uniform""","""deterministic-normal""","0","0","1","""normal""","-0.5","0.9","false","""/home/ramaswamy.51/Documents/github/Spirals/Media/data/cluster/endsim/BehaviorSearch/Step6_Trial""","true","0","1","0","0","true","false","""1886494585""","0.1888692545327305","0.1888692545327305","0.1888692545327305","0","0.1888692545327305"
"1","1332","18524","1000","1","""HK""","0.01","false","""normal""","1","""constant""","0","""Scale-free""","1","0","1","""uniform""","""deterministic-normal""","0","0","1","""normal""","-0.5","0.9","false","""/home/ramaswamy.51/Documents/github/Spirals/Media/data/cluster/endsim/BehaviorSearch/Step6_Trial""","true","0","1","0","0","true","false","""977326893""","0.18644292812570407","0.18644292812570407","0.18644292812570407","0","0.18644292812570407"
"1","1333","18556","1000","1","""HK""","0.03","false","""normal""","1","""constant""","0.1","""Scale-free""","2","0","1","""uniform""","""deterministic-normal""","0","0","1","""normal""","-0.09999999999999998","1","false","""/home/ramaswamy.51/Documents/github/Spirals/Media/data/cluster/endsim/BehaviorSearch/Step6_Trial""","true","0","1","0","0","true","false","""-1929093785""","0.12631095796498973","0.12631095796498973","0.12631095796498973","0","0.12631095796498973"
"1","1334","18556","1000","1","""HK""","0.03","false","""normal""","1","""constant""","0.1","""Scale-free""","2","0","1","""uniform""","""deterministic-normal""","0","0","1","""normal""","-0.09999999999999998","1","false","""/home/ramaswamy.51/Documents/github/Spirals/Media/data/cluster/endsim/BehaviorSearch/Step6_Trial""","true","0","1","0","0","true","false","""-281866982""","0.10838770200114159","0.10838770200114159","0.10838770200114159","0","0.10838770200114159"
"1","1335","18556","1000","1","""HK""","0.03","false","""normal""","1","""constant""","0.1","""Scale-free""","2","0","1","""uniform""","""deterministic-normal""","0","0","1","""normal""","-0.09999999999999998","1","false","""/home/ramaswamy.51/Documents/github/Spirals/Media/data/cluster/endsim/BehaviorSearch/Step6_Trial""","true","0","1","0","0","true","false","""1764562567""","0.10391968463531391","0.10391968463531391","0.10391968463531391","0","0.10391968463531391"
"1","1336","18556","1000","1","""HK""","0.03","false","""normal""","1","""constant""","0.1","""Scale-free""","2","0","1","""uniform""","""deterministic-normal""","0","0","1","""normal""","-0.09999999999999998","1","false","""/home/ramaswamy.51/Documents/github/Spirals/Media/data/cluster/endsim/BehaviorSearch/Step6_Trial""","true","0","1","0","0","true","false","""-604798742""","0.16095083045490396","0.16095083045490396","0.16095083045490396","0","0.16095083045490396"
"1","1337","18656","1000","1","""HK""","0.01","false","""normal""","1","""constant""","0","""Scale-free""","2","0","1","""uniform""","""deterministic-normal""","0","0","1","""normal""","0","0.9","false","""/home/ramaswamy.51/Documents/github/Spirals/Media/data/cluster/endsim/BehaviorSearch/Step6_Trial""","true","0","1","0","0","true","false","""-525017236""","0.1650375006122182","0.1650375006122182","0.1650375006122182","0","0.1650375006122182"
"1","1338","18656","1000","1","""HK""","0.01","false","""normal""","1","""constant""","0","""Scale-free""","2","0","1","""uniform""","""deterministic-normal""","0","0","1","""normal""","0","0.9","false","""/home/ramaswamy.51/Documents/github/Spirals/Media/data/cluster/endsim/BehaviorSearch/Step6_Trial""","true","0","1","0","0","true","false","""156302088""","0.14881419888210545","0.14881419888210545","0.14881419888210545","0","0.14881419888210545"
"1","1339","18656","1000","1","""HK""","0.01","false","""normal""","1","""constant""","0","""Scale-free""","2","0","1","""uniform""","""deterministic-normal""","0","0","1","""normal""","0","0.9","false","""/home/ramaswamy.51/Documents/github/Spirals/Media/data/cluster/endsim/BehaviorSearch/Step6_Trial""","true","0","1","0","0","true","false","""-188149787""","0.16221693163764891","0.16221693163764891","0.16221693163764891","0","0.16221693163764891"
"1","1340","18656","1000","1","""HK""","0.01","false","""normal""","1","""constant""","0","""Scale-free""","2","0","1","""uniform""","""deterministic-normal""","0","0","1","""normal""","0","0.9","false","""/home/ramaswamy.51/Documents/github/Spirals/Media/data/cluster/endsim/BehaviorSearch/Step6_Trial""","true","0","1","0","0","true","false","""-1508844074""","0.17564369406722183","0.17564369406722183","0.17564369406722183","0","0.17564369406722183"
"1","1341","18728","1000","1","""HK""","0.05","false","""normal""","1","""constant""","0","""Scale-free""","1","0","1","""uniform""","""deterministic-normal""","0","0","1","""normal""","-0.09999999999999998","0.8","false","""/home/ramaswamy.51/Documents/github/Spirals/Media/data/cluster/endsim/BehaviorSearch/Step6_Trial""","true","0","1","0","0","true","false","""-349929979""","0.21807491786063285","0.21807491786063285","0.21807491786063285","0","0.21807491786063285"
"1","1342","18728","1000","1","""HK""","0.05","false","""normal""","1","""constant""","0","""Scale-free""","1","0","1","""uniform""","""deterministic-normal""","0","0","1","""normal""","-0.09999999999999998","0.8","false","""/home/ramaswamy.51/Documents/github/Spirals/Media/data/cluster/endsim/BehaviorSearch/Step6_Trial""","true","0","1","0","0","true","false","""-806074844""","0.22137177250508439","0.22137177250508439","0.22137177250508439","0","0.22137177250508439"
"1","1343","18728","1000","1","""HK""","0.05","false","""normal""","1","""constant""","0","""Scale-free""","1","0","1","""uniform""","""deterministic-normal""","0","0","1","""normal""","-0.09999999999999998","0.8","false","""/home/ramaswamy.51/Documents/github/Spirals/Media/data/cluster/endsim/BehaviorSearch/Step6_Trial""","true","0","1","0","0","true","false","""1013917128""","0.2220983883824969","0.2220983883824969","0.2220983883824969","0","0.2220983883824969"
"1","1344","18728","1000","1","""HK""","0.05","false","""normal""","1","""constant""","0","""Scale-free""","1","0","1","""uniform""","""deterministic-normal""","0","0","1","""normal""","-0.09999999999999998","0.8","false","""/home/ramaswamy.51/Documents/github/Spirals/Media/data/cluster/endsim/BehaviorSearch/Step6_Trial""","true","0","1","0","0","true","false","""-1595449589""","0.21075464304128602","0.21075464304128602","0.21075464304128602","0","0.21075464304128602"
"1","1345","18980","1000","1","""HK""","0.04","false","""normal""","1","""constant""","0","""Scale-free""","1","0","1","""uniform""","""deterministic-normal""","0","0","1","""normal""","-0.09999999999999998","0.8","false","""/home/ramaswamy.51/Documents/github/Spirals/Media/data/cluster/endsim/BehaviorSearch/Step6_Trial""","true","0","1","0","0","true","false","""-376901055""","0.16233455284431622","0.16233455284431622","0.16233455284431622","0","0.16233455284431622"
"1","1346","18980","1000","1","""HK""","0.04","false","""normal""","1","""constant""","0","""Scale-free""","1","0","1","""uniform""","""deterministic-normal""","0","0","1","""normal""","-0.09999999999999998","0.8","false","""/home/ramaswamy.51/Documents/github/Spirals/Media/data/cluster/endsim/BehaviorSearch/Step6_Trial""","true","0","1","0","0","true","false","""378779762""","0.1416101520570313","0.1416101520570313","0.1416101520570313","0","0.1416101520570313"
"1","1347","18980","1000","1","""HK""","0.04","false","""normal""","1","""constant""","0","""Scale-free""","1","0","1","""uniform""","""deterministic-normal""","0","0","1","""normal""","-0.09999999999999998","0.8","false","""/home/ramaswamy.51/Documents/github/Spirals/Media/data/cluster/endsim/BehaviorSearch/Step6_Trial""","true","0","1","0","0","true","false","""1822302160""","0.1682963546775613","0.1682963546775613","0.1682963546775613","0","0.1682963546775613"
"1","1348","18980","1000","1","""HK""","0.04","false","""normal""","1","""constant""","0","""Scale-free""","1","0","1","""uniform""","""deterministic-normal""","0","0","1","""normal""","-0.09999999999999998","0.8","false","""/home/ramaswamy.51/Documents/github/Spirals/Media/data/cluster/endsim/BehaviorSearch/Step6_Trial""","true","0","1","0","0","true","false","""604532895""","0.16023342380579922","0.16023342380579922","0.16023342380579922","0","0.16023342380579922"
"1","1349","19196","1000","1","""HK""","0.06999999999999999","false","""normal""","1","""constant""","0","""Scale-free""","1","0","1","""uniform""","""deterministic-normal""","0","0","1","""normal""","-0.09999999999999998","0.9","false","""/home/ramaswamy.51/Documents/github/Spirals/Media/data/cluster/endsim/BehaviorSearch/Step6_Trial""","true","0","1","0","0","true","false","""465638588""","0.24668234348959855","0.24668234348959855","0.24668234348959855","0","0.24668234348959855"
"1","1350","19196","1000","1","""HK""","0.06999999999999999","false","""normal""","1","""constant""","0","""Scale-free""","1","0","1","""uniform""","""deterministic-normal""","0","0","1","""normal""","-0.09999999999999998","0.9","false","""/home/ramaswamy.51/Documents/github/Spirals/Media/data/cluster/endsim/BehaviorSearch/Step6_Trial""","true","0","1","0","0","true","false","""820306527""","0.22071124867877476","0.22071124867877476","0.22071124867877476","0","0.22071124867877476"
"1","1351","19196","1000","1","""HK""","0.06999999999999999","false","""normal""","1","""constant""","0","""Scale-free""","1","0","1","""uniform""","""deterministic-normal""","0","0","1","""normal""","-0.09999999999999998","0.9","false","""/home/ramaswamy.51/Documents/github/Spirals/Media/data/cluster/endsim/BehaviorSearch/Step6_Trial""","true","0","1","0","0","true","false","""206112""","0.2385139550458606","0.2385139550458606","0.2385139550458606","0","0.2385139550458606"
"1","1352","19196","1000","1","""HK""","0.06999999999999999","false","""normal""","1","""constant""","0","""Scale-free""","1","0","1","""uniform""","""deterministic-normal""","0","0","1","""normal""","-0.09999999999999998","0.9","false","""/home/ramaswamy.51/Documents/github/Spirals/Media/data/cluster/endsim/BehaviorSearch/Step6_Trial""","true","0","1","0","0","true","false","""-1491179834""","0.22422602259109015","0.22422602259109015","0.22422602259109015","0","0.22422602259109015"
"1","1353","19512","1000","1","""HK""","0.05","false","""normal""","1","""constant""","0.2","""Scale-free""","1","0","1","""uniform""","""deterministic-normal""","0","0","1","""normal""","-0.09999999999999998","0.7000000000000001","false","""/home/ramaswamy.51/Documents/github/Spirals/Media/data/cluster/endsim/BehaviorSearch/Step6_Trial""","true","0","1","0","0","true","false","""-414184388""","0.24537309395082357","0.24537309395082357","0.24537309395082357","0","0.24537309395082357"
"1","1354","19512","1000","1","""HK""","0.05","false","""normal""","1","""constant""","0.2","""Scale-free""","1","0","1","""uniform""","""deterministic-normal""","0","0","1","""normal""","-0.09999999999999998","0.7000000000000001","false","""/home/ramaswamy.51/Documents/github/Spirals/Media/data/cluster/endsim/BehaviorSearch/Step6_Trial""","true","0","1","0","0","true","false","""769473739""","0.23234386733727197","0.23234386733727197","0.23234386733727197","0","0.23234386733727197"
"1","1355","19512","1000","1","""HK""","0.05","false","""normal""","1","""constant""","0.2","""Scale-free""","1","0","1","""uniform""","""deterministic-normal""","0","0","1","""normal""","-0.09999999999999998","0.7000000000000001","false","""/home/ramaswamy.51/Documents/github/Spirals/Media/data/cluster/endsim/BehaviorSearch/Step6_Trial""","true","0","1","0","0","true","false","""1466662656""","0.2308971579154274","0.2308971579154274","0.2308971579154274","0","0.2308971579154274"
"1","1356","19512","1000","1","""HK""","0.05","false","""normal""","1","""constant""","0.2","""Scale-free""","1","0","1","""uniform""","""deterministic-normal""","0","0","1","""normal""","-0.09999999999999998","0.7000000000000001","false","""/home/ramaswamy.51/Documents/github/Spirals/Media/data/cluster/endsim/BehaviorSearch/Step6_Trial""","true","0","1","0","0","true","false","""1904860167""","0.21643443008953744","0.21643443008953744","0.21643443008953744","0","0.21643443008953744"
"1","1357","19700","1000","1","""HK""","0.08","false","""normal""","1","""constant""","0.1","""Scale-free""","1","0","1","""uniform""","""deterministic-normal""","0","0","1","""normal""","0","0.9","false","""/home/ramaswamy.51/Documents/github/Spirals/Media/data/cluster/endsim/BehaviorSearch/Step6_Trial""","true","0","1","0","0","true","false","""539021471""","0.18237831178958666","0.18237831178958666","0.18237831178958666","0","0.18237831178958666"
"1","1358","19700","1000","1","""HK""","0.08","false","""normal""","1","""constant""","0.1","""Scale-free""","1","0","1","""uniform""","""deterministic-normal""","0","0","1","""normal""","0","0.9","false","""/home/ramaswamy.51/Documents/github/Spirals/Media/data/cluster/endsim/BehaviorSearch/Step6_Trial""","true","0","1","0","0","true","false","""1446778844""","0.1690632995620172","0.1690632995620172","0.1690632995620172","0","0.1690632995620172"
"1","1359","19700","1000","1","""HK""","0.08","false","""normal""","1","""constant""","0.1","""Scale-free""","1","0","1","""uniform""","""deterministic-normal""","0","0","1","""normal""","0","0.9","false","""/home/ramaswamy.51/Documents/github/Spirals/Media/data/cluster/endsim/BehaviorSearch/Step6_Trial""","true","0","1","0","0","true","false","""1773401909""","0.15221372121792046","0.15221372121792046","0.15221372121792046","0","0.15221372121792046"
"1","1360","19700","1000","1","""HK""","0.08","false","""normal""","1","""constant""","0.1","""Scale-free""","1","0","1","""uniform""","""deterministic-normal""","0","0","1","""normal""","0","0.9","false","""/home/ramaswamy.51/Documents/github/Spirals/Media/data/cluster/endsim/BehaviorSearch/Step6_Trial""","true","0","1","0","0","true","false","""496791063""","0.14521213706097352","0.14521213706097352","0.14521213706097352","0","0.14521213706097352"
"1","1361","19776","1000","1","""HK""","0.03","false","""normal""","1","""constant""","0","""Scale-free""","2","0","1","""uniform""","""deterministic-normal""","0","0","1","""normal""","0.20000000000000018","0.9","false","""/home/ramaswamy.51/Documents/github/Spirals/Media/data/cluster/endsim/BehaviorSearch/Step6_Trial""","true","0","1","0","0","true","false","""-1864827463""","0.15336553418814725","0.15336553418814725","0.15336553418814725","0","0.15336553418814725"
"1","1362","19776","1000","1","""HK""","0.03","false","""normal""","1","""constant""","0","""Scale-free""","2","0","1","""uniform""","""deterministic-normal""","0","0","1","""normal""","0.20000000000000018","0.9","false","""/home/ramaswamy.51/Documents/github/Spirals/Media/data/cluster/endsim/BehaviorSearch/Step6_Trial""","true","0","1","0","0","true","false","""-259832598""","0.1619932272623097","0.1619932272623097","0.1619932272623097","0","0.1619932272623097"
"1","1363","19776","1000","1","""HK""","0.03","false","""normal""","1","""constant""","0","""Scale-free""","2","0","1","""uniform""","""deterministic-normal""","0","0","1","""normal""","0.20000000000000018","0.9","false","""/home/ramaswamy.51/Documents/github/Spirals/Media/data/cluster/endsim/BehaviorSearch/Step6_Trial""","true","0","1","0","0","true","false","""1106309267""","0.15509420680342842","0.15509420680342842","0.15509420680342842","0","0.15509420680342842"
"1","1364","19776","1000","1","""HK""","0.03","false","""normal""","1","""constant""","0","""Scale-free""","2","0","1","""uniform""","""deterministic-normal""","0","0","1","""normal""","0.20000000000000018","0.9","false","""/home/ramaswamy.51/Documents/github/Spirals/Media/data/cluster/endsim/BehaviorSearch/Step6_Trial""","true","0","1","0","0","true","false","""-605334233""","0.16752372024144108","0.16752372024144108","0.16752372024144108","0","0.16752372024144108"
"1","1365","19824","1000","1","""HK""","0.03","false","""normal""","1","""constant""","0","""Scale-free""","1","0","1","""uniform""","""deterministic-normal""","0","0","1","""normal""","-0.09999999999999998","0.8","false","""/home/ramaswamy.51/Documents/github/Spirals/Media/data/cluster/endsim/BehaviorSearch/Step6_Trial""","true","0","1","0","0","true","false","""1496493453""","0.16612907302665203","0.16612907302665203","0.16612907302665203","0","0.16612907302665203"
"1","1366","19824","1000","1","""HK""","0.03","false","""normal""","1","""constant""","0","""Scale-free""","1","0","1","""uniform""","""deterministic-normal""","0","0","1","""normal""","-0.09999999999999998","0.8","false","""/home/ramaswamy.51/Documents/github/Spirals/Media/data/cluster/endsim/BehaviorSearch/Step6_Trial""","true","0","1","0","0","true","false","""-1779635636""","0.126455525992001","0.126455525992001","0.126455525992001","0","0.126455525992001"
"1","1367","19824","1000","1","""HK""","0.03","false","""normal""","1","""constant""","0","""Scale-free""","1","0","1","""uniform""","""deterministic-normal""","0","0","1","""normal""","-0.09999999999999998","0.8","false","""/home/ramaswamy.51/Documents/github/Spirals/Media/data/cluster/endsim/BehaviorSearch/Step6_Trial""","true","0","1","0","0","true","false","""1811226969""","0.1480792946147688","0.1480792946147688","0.1480792946147688","0","0.1480792946147688"
"1","1368","19824","1000","1","""HK""","0.03","false","""normal""","1","""constant""","0","""Scale-free""","1","0","1","""uniform""","""deterministic-normal""","0","0","1","""normal""","-0.09999999999999998","0.8","false","""/home/ramaswamy.51/Documents/github/Spirals/Media/data/cluster/endsim/BehaviorSearch/Step6_Trial""","true","0","1","0","0","true","false","""-484882831""","0.14523207413930936","0.14523207413930936","0.14523207413930936","0","0.14523207413930936"
"1","1369","19868","1000","1","""HK""","0.01","false","""normal""","1","""constant""","0.2","""Scale-free""","1","0","1","""uniform""","""deterministic-normal""","0","0","1","""normal""","0","1","false","""/home/ramaswamy.51/Documents/github/Spirals/Media/data/cluster/endsim/BehaviorSearch/Step6_Trial""","true","0","1","0","0","true","false","""-2045481243""","0.2243969275521772","0.2243969275521772","0.2243969275521772","0","0.2243969275521772"
"1","1370","19868","1000","1","""HK""","0.01","false","""normal""","1","""constant""","0.2","""Scale-free""","1","0","1","""uniform""","""deterministic-normal""","0","0","1","""normal""","0","1","false","""/home/ramaswamy.51/Documents/github/Spirals/Media/data/cluster/endsim/BehaviorSearch/Step6_Trial""","true","0","1","0","0","true","false","""978053741""","0.19188180884035422","0.19188180884035422","0.19188180884035422","0","0.19188180884035422"
"1","1371","19868","1000","1","""HK""","0.01","false","""normal""","1","""constant""","0.2","""Scale-free""","1","0","1","""uniform""","""deterministic-normal""","0","0","1","""normal""","0","1","false","""/home/ramaswamy.51/Documents/github/Spirals/Media/data/cluster/endsim/BehaviorSearch/Step6_Trial""","true","0","1","0","0","true","false","""-1340589658""","0.21571289669241214","0.21571289669241214","0.21571289669241214","0","0.21571289669241214"
"1","1372","19868","1000","1","""HK""","0.01","false","""normal""","1","""constant""","0.2","""Scale-free""","1","0","1","""uniform""","""deterministic-normal""","0","0","1","""normal""","0","1","false","""/home/ramaswamy.51/Documents/github/Spirals/Media/data/cluster/endsim/BehaviorSearch/Step6_Trial""","true","0","1","0","0","true","false","""1404188670""","0.1977796156736562","0.1977796156736562","0.1977796156736562","0","0.1977796156736562"
"1","1373","20200","1000","1","""HK""","0.02","false","""normal""","1","""constant""","0.1","""Scale-free""","1","0","1","""uniform""","""deterministic-normal""","0","0","1","""normal""","0.10000000000000009","0.8","false","""/home/ramaswamy.51/Documents/github/Spirals/Media/data/cluster/endsim/BehaviorSearch/Step6_Trial""","true","0","1","0","0","true","false","""176349579""","0.1082692397219171","0.1082692397219171","0.1082692397219171","0","0.1082692397219171"
"1","1374","20200","1000","1","""HK""","0.02","false","""normal""","1","""constant""","0.1","""Scale-free""","1","0","1","""uniform""","""deterministic-normal""","0","0","1","""normal""","0.10000000000000009","0.8","false","""/home/ramaswamy.51/Documents/github/Spirals/Media/data/cluster/endsim/BehaviorSearch/Step6_Trial""","true","0","1","0","0","true","false","""-1282027234""","0.11054589895377459","0.11054589895377459","0.11054589895377459","0","0.11054589895377459"
"1","1375","20200","1000","1","""HK""","0.02","false","""normal""","1","""constant""","0.1","""Scale-free""","1","0","1","""uniform""","""deterministic-normal""","0","0","1","""normal""","0.10000000000000009","0.8","false","""/home/ramaswamy.51/Documents/github/Spirals/Media/data/cluster/endsim/BehaviorSearch/Step6_Trial""","true","0","1","0","0","true","false","""267674557""","0.10179851351453445","0.10179851351453445","0.10179851351453445","0","0.10179851351453445"
"1","1376","20200","1000","1","""HK""","0.02","false","""normal""","1","""constant""","0.1","""Scale-free""","1","0","1","""uniform""","""deterministic-normal""","0","0","1","""normal""","0.10000000000000009","0.8","false","""/home/ramaswamy.51/Documents/github/Spirals/Media/data/cluster/endsim/BehaviorSearch/Step6_Trial""","true","0","1","0","0","true","false","""-1030461223""","0.11474157039658416","0.11474157039658416","0.11474157039658416","0","0.11474157039658416"
"1","1377","20304","1000","1","""HK""","0.01","false","""normal""","1","""constant""","0","""Scale-free""","1","0","1","""uniform""","""deterministic-normal""","0","0","1","""normal""","0.10000000000000009","0.8","false","""/home/ramaswamy.51/Documents/github/Spirals/Media/data/cluster/endsim/BehaviorSearch/Step6_Trial""","true","0","1","0","0","true","false","""111740367""","0.13725160098607114","0.13725160098607114","0.13725160098607114","0","0.13725160098607114"
"1","1378","20304","1000","1","""HK""","0.01","false","""normal""","1","""constant""","0","""Scale-free""","1","0","1","""uniform""","""deterministic-normal""","0","0","1","""normal""","0.10000000000000009","0.8","false","""/home/ramaswamy.51/Documents/github/Spirals/Media/data/cluster/endsim/BehaviorSearch/Step6_Trial""","true","0","1","0","0","true","false","""-1386376360""","0.14815134199476157","0.14815134199476157","0.14815134199476157","0","0.14815134199476157"
"1","1379","20304","1000","1","""HK""","0.01","false","""normal""","1","""constant""","0","""Scale-free""","1","0","1","""uniform""","""deterministic-normal""","0","0","1","""normal""","0.10000000000000009","0.8","false","""/home/ramaswamy.51/Documents/github/Spirals/Media/data/cluster/endsim/BehaviorSearch/Step6_Trial""","true","0","1","0","0","true","false","""227068342""","0.15048947879078836","0.15048947879078836","0.15048947879078836","0","0.15048947879078836"
"1","1380","20304","1000","1","""HK""","0.01","false","""normal""","1","""constant""","0","""Scale-free""","1","0","1","""uniform""","""deterministic-normal""","0","0","1","""normal""","0.10000000000000009","0.8","false","""/home/ramaswamy.51/Documents/github/Spirals/Media/data/cluster/endsim/BehaviorSearch/Step6_Trial""","true","0","1","0","0","true","false","""-1033402065""","0.14331381390847528","0.14331381390847528","0.14331381390847528","0","0.14331381390847528"
"1","1381","20676","1000","1","""HK""","0.05","false","""normal""","1","""constant""","0.1","""Scale-free""","1","0","1","""uniform""","""deterministic-normal""","0","0","1","""normal""","0.30000000000000004","0.9","false","""/home/ramaswamy.51/Documents/github/Spirals/Media/data/cluster/endsim/BehaviorSearch/Step6_Trial""","true","0","1","0","0","true","false","""1105726951""","0.13229621287055499","0.13229621287055499","0.13229621287055499","0","0.13229621287055499"
"1","1382","20676","1000","1","""HK""","0.05","false","""normal""","1","""constant""","0.1","""Scale-free""","1","0","1","""uniform""","""deterministic-normal""","0","0","1","""normal""","0.30000000000000004","0.9","false","""/home/ramaswamy.51/Documents/github/Spirals/Media/data/cluster/endsim/BehaviorSearch/Step6_Trial""","true","0","1","0","0","true","false","""1229146663""","0.15523596235412918","0.15523596235412918","0.15523596235412918","0","0.15523596235412918"
"1","1383","20676","1000","1","""HK""","0.05","false","""normal""","1","""constant""","0.1","""Scale-free""","1","0","1","""uniform""","""deterministic-normal""","0","0","1","""normal""","0.30000000000000004","0.9","false","""/home/ramaswamy.51/Documents/github/Spirals/Media/data/cluster/endsim/BehaviorSearch/Step6_Trial""","true","0","1","0","0","true","false","""-1487529462""","0.13650237924520014","0.13650237924520014","0.13650237924520014","0","0.13650237924520014"
"1","1384","20676","1000","1","""HK""","0.05","false","""normal""","1","""constant""","0.1","""Scale-free""","1","0","1","""uniform""","""deterministic-normal""","0","0","1","""normal""","0.30000000000000004","0.9","false","""/home/ramaswamy.51/Documents/github/Spirals/Media/data/cluster/endsim/BehaviorSearch/Step6_Trial""","true","0","1","0","0","true","false","""1016292859""","0.1337107144219526","0.1337107144219526","0.1337107144219526","0","0.1337107144219526"
"1","1385","21656","1000","1","""HK""","0.01","false","""normal""","1","""constant""","0","""Scale-free""","2","0","1","""uniform""","""deterministic-normal""","0","0","1","""normal""","-0.19999999999999996","0.9","false","""/home/ramaswamy.51/Documents/github/Spirals/Media/data/cluster/endsim/BehaviorSearch/Step6_Trial""","true","0","1","0","0","true","false","""1618623366""","0.16783826292742368","0.16783826292742368","0.16783826292742368","0","0.16783826292742368"
"1","1386","21656","1000","1","""HK""","0.01","false","""normal""","1","""constant""","0","""Scale-free""","2","0","1","""uniform""","""deterministic-normal""","0","0","1","""normal""","-0.19999999999999996","0.9","false","""/home/ramaswamy.51/Documents/github/Spirals/Media/data/cluster/endsim/BehaviorSearch/Step6_Trial""","true","0","1","0","0","true","false","""-1546476575""","0.1794368687982227","0.1794368687982227","0.1794368687982227","0","0.1794368687982227"
"1","1387","21656","1000","1","""HK""","0.01","false","""normal""","1","""constant""","0","""Scale-free""","2","0","1","""uniform""","""deterministic-normal""","0","0","1","""normal""","-0.19999999999999996","0.9","false","""/home/ramaswamy.51/Documents/github/Spirals/Media/data/cluster/endsim/BehaviorSearch/Step6_Trial""","true","0","1","0","0","true","false","""1428571047""","0.15027479139763913","0.15027479139763913","0.15027479139763913","0","0.15027479139763913"
"1","1388","21656","1000","1","""HK""","0.01","false","""normal""","1","""constant""","0","""Scale-free""","2","0","1","""uniform""","""deterministic-normal""","0","0","1","""normal""","-0.19999999999999996","0.9","false","""/home/ramaswamy.51/Documents/github/Spirals/Media/data/cluster/endsim/BehaviorSearch/Step6_Trial""","true","0","1","0","0","true","false","""151258551""","0.1754639420049329","0.1754639420049329","0.1754639420049329","0","0.1754639420049329"
"1","1389","21744","1000","1","""HK""","0.01","false","""normal""","1","""constant""","0.1","""Scale-free""","2","0","1","""uniform""","""deterministic-normal""","0","0","1","""normal""","0","0.8","false","""/home/ramaswamy.51/Documents/github/Spirals/Media/data/cluster/endsim/BehaviorSearch/Step6_Trial""","true","0","1","0","0","true","false","""-1841514582""","0.12028536228543057","0.12028536228543057","0.12028536228543057","0","0.12028536228543057"
"1","1390","21744","1000","1","""HK""","0.01","false","""normal""","1","""constant""","0.1","""Scale-free""","2","0","1","""uniform""","""deterministic-normal""","0","0","1","""normal""","0","0.8","false","""/home/ramaswamy.51/Documents/github/Spirals/Media/data/cluster/endsim/BehaviorSearch/Step6_Trial""","true","0","1","0","0","true","false","""27444960""","0.1272248324761144","0.1272248324761144","0.1272248324761144","0","0.1272248324761144"
"1","1391","21744","1000","1","""HK""","0.01","false","""normal""","1","""constant""","0.1","""Scale-free""","2","0","1","""uniform""","""deterministic-normal""","0","0","1","""normal""","0","0.8","false","""/home/ramaswamy.51/Documents/github/Spirals/Media/data/cluster/endsim/BehaviorSearch/Step6_Trial""","true","0","1","0","0","true","false","""-1112876462""","0.09771799718546707","0.09771799718546707","0.09771799718546707","0","0.09771799718546707"
"1","1392","21744","1000","1","""HK""","0.01","false","""normal""","1","""constant""","0.1","""Scale-free""","2","0","1","""uniform""","""deterministic-normal""","0","0","1","""normal""","0","0.8","false","""/home/ramaswamy.51/Documents/github/Spirals/Media/data/cluster/endsim/BehaviorSearch/Step6_Trial""","true","0","1","0","0","true","false","""-884015768""","0.11586026322043326","0.11586026322043326","0.11586026322043326","0","0.11586026322043326"
"1","1393","22092","1000","1","""HK""","0.05","false","""normal""","1","""constant""","0.1","""Scale-free""","1","0","1","""uniform""","""deterministic-normal""","0","0","1","""normal""","-0.29999999999999993","0.9","false","""/home/ramaswamy.51/Documents/github/Spirals/Media/data/cluster/endsim/BehaviorSearch/Step6_Trial""","true","0","1","0","0","true","false","""-264511805""","0.12473219597809808","0.12473219597809808","0.12473219597809808","0","0.12473219597809808"
"1","1394","22092","1000","1","""HK""","0.05","false","""normal""","1","""constant""","0.1","""Scale-free""","1","0","1","""uniform""","""deterministic-normal""","0","0","1","""normal""","-0.29999999999999993","0.9","false","""/home/ramaswamy.51/Documents/github/Spirals/Media/data/cluster/endsim/BehaviorSearch/Step6_Trial""","true","0","1","0","0","true","false","""68213159""","0.1291626921753189","0.1291626921753189","0.1291626921753189","0","0.1291626921753189"
"1","1395","22092","1000","1","""HK""","0.05","false","""normal""","1","""constant""","0.1","""Scale-free""","1","0","1","""uniform""","""deterministic-normal""","0","0","1","""normal""","-0.29999999999999993","0.9","false","""/home/ramaswamy.51/Documents/github/Spirals/Media/data/cluster/endsim/BehaviorSearch/Step6_Trial""","true","0","1","0","0","true","false","""-1178230413""","0.12480512192900584","0.12480512192900584","0.12480512192900584","0","0.12480512192900584"
"1","1396","22092","1000","1","""HK""","0.05","false","""normal""","1","""constant""","0.1","""Scale-free""","1","0","1","""uniform""","""deterministic-normal""","0","0","1","""normal""","-0.29999999999999993","0.9","false","""/home/ramaswamy.51/Documents/github/Spirals/Media/data/cluster/endsim/BehaviorSearch/Step6_Trial""","true","0","1","0","0","true","false","""824009431""","0.11098001486247813","0.11098001486247813","0.11098001486247813","0","0.11098001486247813"
"1","1397","22120","1000","1","""HK""","0.09","false","""normal""","1","""constant""","0.1","""Scale-free""","1","0","1","""uniform""","""deterministic-normal""","0","0","1","""normal""","-0.09999999999999998","1","false","""/home/ramaswamy.51/Documents/github/Spirals/Media/data/cluster/endsim/BehaviorSearch/Step6_Trial""","true","0","1","0","0","true","false","""380833041""","0.1831849355340489","0.1831849355340489","0.1831849355340489","0","0.1831849355340489"
"1","1398","22120","1000","1","""HK""","0.09","false","""normal""","1","""constant""","0.1","""Scale-free""","1","0","1","""uniform""","""deterministic-normal""","0","0","1","""normal""","-0.09999999999999998","1","false","""/home/ramaswamy.51/Documents/github/Spirals/Media/data/cluster/endsim/BehaviorSearch/Step6_Trial""","true","0","1","0","0","true","false","""-1068694252""","0.1655665493183202","0.1655665493183202","0.1655665493183202","0","0.1655665493183202"
"1","1399","22120","1000","1","""HK""","0.09","false","""normal""","1","""constant""","0.1","""Scale-free""","1","0","1","""uniform""","""deterministic-normal""","0","0","1","""normal""","-0.09999999999999998","1","false","""/home/ramaswamy.51/Documents/github/Spirals/Media/data/cluster/endsim/BehaviorSearch/Step6_Trial""","true","0","1","0","0","true","false","""-776967945""","0.1589549406434227","0.1589549406434227","0.1589549406434227","0","0.1589549406434227"
"1","1400","22120","1000","1","""HK""","0.09","false","""normal""","1","""constant""","0.1","""Scale-free""","1","0","1","""uniform""","""deterministic-normal""","0","0","1","""normal""","-0.09999999999999998","1","false","""/home/ramaswamy.51/Documents/github/Spirals/Media/data/cluster/endsim/BehaviorSearch/Step6_Trial""","true","0","1","0","0","true","false","""-1848448372""","0.17833144047570976","0.17833144047570976","0.17833144047570976","0","0.17833144047570976"
"1","1401","22152","1000","1","""HK""","0.01","false","""normal""","1","""constant""","0.1","""Scale-free""","2","0","1","""uniform""","""deterministic-normal""","0","0","1","""normal""","0.30000000000000004","0.9","false","""/home/ramaswamy.51/Documents/github/Spirals/Media/data/cluster/endsim/BehaviorSearch/Step6_Trial""","true","0","1","0","0","true","false","""535646716""","0.12159405350980701","0.12159405350980701","0.12159405350980701","0","0.12159405350980701"
"1","1402","22152","1000","1","""HK""","0.01","false","""normal""","1","""constant""","0.1","""Scale-free""","2","0","1","""uniform""","""deterministic-normal""","0","0","1","""normal""","0.30000000000000004","0.9","false","""/home/ramaswamy.51/Documents/github/Spirals/Media/data/cluster/endsim/BehaviorSearch/Step6_Trial""","true","0","1","0","0","true","false","""-1560070499""","0.11511011257789247","0.11511011257789247","0.11511011257789247","0","0.11511011257789247"
"1","1403","22152","1000","1","""HK""","0.01","false","""normal""","1","""constant""","0.1","""Scale-free""","2","0","1","""uniform""","""deterministic-normal""","0","0","1","""normal""","0.30000000000000004","0.9","false","""/home/ramaswamy.51/Documents/github/Spirals/Media/data/cluster/endsim/BehaviorSearch/Step6_Trial""","true","0","1","0","0","true","false","""1441432600""","0.11228699115146096","0.11228699115146096","0.11228699115146096","0","0.11228699115146096"
"1","1404","22152","1000","1","""HK""","0.01","false","""normal""","1","""constant""","0.1","""Scale-free""","2","0","1","""uniform""","""deterministic-normal""","0","0","1","""normal""","0.30000000000000004","0.9","false","""/home/ramaswamy.51/Documents/github/Spirals/Media/data/cluster/endsim/BehaviorSearch/Step6_Trial""","true","0","1","0","0","true","false","""622549158""","0.11756747578262966","0.11756747578262966","0.11756747578262966","0","0.11756747578262966"
"1","1405","22408","1000","1","""HK""","0.03","false","""normal""","1","""constant""","0","""Scale-free""","1","0","1","""uniform""","""deterministic-normal""","0","0","1","""normal""","-0.5","0.9","false","""/home/ramaswamy.51/Documents/github/Spirals/Media/data/cluster/endsim/BehaviorSearch/Step6_Trial""","true","0","1","0","0","true","false","""110047202""","0.16707685071406325","0.16707685071406325","0.16707685071406325","0","0.16707685071406325"
"1","1406","22408","1000","1","""HK""","0.03","false","""normal""","1","""constant""","0","""Scale-free""","1","0","1","""uniform""","""deterministic-normal""","0","0","1","""normal""","-0.5","0.9","false","""/home/ramaswamy.51/Documents/github/Spirals/Media/data/cluster/endsim/BehaviorSearch/Step6_Trial""","true","0","1","0","0","true","false","""-21846932""","0.18653165119158988","0.18653165119158988","0.18653165119158988","0","0.18653165119158988"
"1","1407","22408","1000","1","""HK""","0.03","false","""normal""","1","""constant""","0","""Scale-free""","1","0","1","""uniform""","""deterministic-normal""","0","0","1","""normal""","-0.5","0.9","false","""/home/ramaswamy.51/Documents/github/Spirals/Media/data/cluster/endsim/BehaviorSearch/Step6_Trial""","true","0","1","0","0","true","false","""145999731""","0.19275614619216752","0.19275614619216752","0.19275614619216752","0","0.19275614619216752"
"1","1408","22408","1000","1","""HK""","0.03","false","""normal""","1","""constant""","0","""Scale-free""","1","0","1","""uniform""","""deterministic-normal""","0","0","1","""normal""","-0.5","0.9","false","""/home/ramaswamy.51/Documents/github/Spirals/Media/data/cluster/endsim/BehaviorSearch/Step6_Trial""","true","0","1","0","0","true","false","""-1070917273""","0.19623279485160974","0.19623279485160974","0.19623279485160974","0","0.19623279485160974"
"1","1409","22484","1000","1","""HK""","0.04","false","""normal""","1","""constant""","0.1","""Scale-free""","1","0","1","""uniform""","""deterministic-normal""","0","0","1","""normal""","-0.09999999999999998","0.7000000000000001","false","""/home/ramaswamy.51/Documents/github/Spirals/Media/data/cluster/endsim/BehaviorSearch/Step6_Trial""","true","0","1","0","0","true","false","""418822944""","0.11144597818549622","0.11144597818549622","0.11144597818549622","0","0.11144597818549622"
"1","1410","22484","1000","1","""HK""","0.04","false","""normal""","1","""constant""","0.1","""Scale-free""","1","0","1","""uniform""","""deterministic-normal""","0","0","1","""normal""","-0.09999999999999998","0.7000000000000001","false","""/home/ramaswamy.51/Documents/github/Spirals/Media/data/cluster/endsim/BehaviorSearch/Step6_Trial""","true","0","1","0","0","true","false","""2123534419""","0.13789674889453177","0.13789674889453177","0.13789674889453177","0","0.13789674889453177"
"1","1411","22484","1000","1","""HK""","0.04","false","""normal""","1","""constant""","0.1","""Scale-free""","1","0","1","""uniform""","""deterministic-normal""","0","0","1","""normal""","-0.09999999999999998","0.7000000000000001","false","""/home/ramaswamy.51/Documents/github/Spirals/Media/data/cluster/endsim/BehaviorSearch/Step6_Trial""","true","0","1","0","0","true","false","""-1948468983""","0.12468922224607139","0.12468922224607139","0.12468922224607139","0","0.12468922224607139"
"1","1412","22484","1000","1","""HK""","0.04","false","""normal""","1","""constant""","0.1","""Scale-free""","1","0","1","""uniform""","""deterministic-normal""","0","0","1","""normal""","-0.09999999999999998","0.7000000000000001","false","""/home/ramaswamy.51/Documents/github/Spirals/Media/data/cluster/endsim/BehaviorSearch/Step6_Trial""","true","0","1","0","0","true","false","""-60249098""","0.1256631278374598","0.1256631278374598","0.1256631278374598","0","0.1256631278374598"
"1","1413","22612","1000","1","""HK""","0.060000000000000005","false","""normal""","1","""constant""","0.1","""Scale-free""","1","0","1","""uniform""","""deterministic-normal""","0","0","1","""normal""","-0.5","0.9","false","""/home/ramaswamy.51/Documents/github/Spirals/Media/data/cluster/endsim/BehaviorSearch/Step6_Trial""","true","0","1","0","0","true","false","""856047288""","0.1154011934390644","0.1154011934390644","0.1154011934390644","0","0.1154011934390644"
"1","1414","22612","1000","1","""HK""","0.060000000000000005","false","""normal""","1","""constant""","0.1","""Scale-free""","1","0","1","""uniform""","""deterministic-normal""","0","0","1","""normal""","-0.5","0.9","false","""/home/ramaswamy.51/Documents/github/Spirals/Media/data/cluster/endsim/BehaviorSearch/Step6_Trial""","true","0","1","0","0","true","false","""2085927970""","0.16040095818002006","0.16040095818002006","0.16040095818002006","0","0.16040095818002006"
"1","1415","22612","1000","1","""HK""","0.060000000000000005","false","""normal""","1","""constant""","0.1","""Scale-free""","1","0","1","""uniform""","""deterministic-normal""","0","0","1","""normal""","-0.5","0.9","false","""/home/ramaswamy.51/Documents/github/Spirals/Media/data/cluster/endsim/BehaviorSearch/Step6_Trial""","true","0","1","0","0","true","false","""-636010715""","0.141596392361156","0.141596392361156","0.141596392361156","0","0.141596392361156"
"1","1416","22612","1000","1","""HK""","0.060000000000000005","false","""normal""","1","""constant""","0.1","""Scale-free""","1","0","1","""uniform""","""deterministic-normal""","0","0","1","""normal""","-0.5","0.9","false","""/home/ramaswamy.51/Documents/github/Spirals/Media/data/cluster/endsim/BehaviorSearch/Step6_Trial""","true","0","1","0","0","true","false","""118865706""","0.1416622821526992","0.1416622821526992","0.1416622821526992","0","0.1416622821526992"
"1","1417","22780","1000","1","""HK""","0.01","false","""normal""","1","""constant""","0.30000000000000004","""Scale-free""","1","0","1","""uniform""","""deterministic-normal""","0","0","1","""normal""","-0.09999999999999998","0.9","false","""/home/ramaswamy.51/Documents/github/Spirals/Media/data/cluster/endsim/BehaviorSearch/Step6_Trial""","true","0","1","0","0","true","false","""352363511""","0.2786414447582162","0.2786414447582162","0.2786414447582162","0","0.2786414447582162"
"1","1418","22780","1000","1","""HK""","0.01","false","""normal""","1","""constant""","0.30000000000000004","""Scale-free""","1","0","1","""uniform""","""deterministic-normal""","0","0","1","""normal""","-0.09999999999999998","0.9","false","""/home/ramaswamy.51/Documents/github/Spirals/Media/data/cluster/endsim/BehaviorSearch/Step6_Trial""","true","0","1","0","0","true","false","""-234502559""","0.25864598184983706","0.25864598184983706","0.25864598184983706","0","0.25864598184983706"
"1","1419","22780","1000","1","""HK""","0.01","false","""normal""","1","""constant""","0.30000000000000004","""Scale-free""","1","0","1","""uniform""","""deterministic-normal""","0","0","1","""normal""","-0.09999999999999998","0.9","false","""/home/ramaswamy.51/Documents/github/Spirals/Media/data/cluster/endsim/BehaviorSearch/Step6_Trial""","true","0","1","0","0","true","false","""-1226773925""","0.25452967690408657","0.25452967690408657","0.25452967690408657","0","0.25452967690408657"
"1","1420","22780","1000","1","""HK""","0.01","false","""normal""","1","""constant""","0.30000000000000004","""Scale-free""","1","0","1","""uniform""","""deterministic-normal""","0","0","1","""normal""","-0.09999999999999998","0.9","false","""/home/ramaswamy.51/Documents/github/Spirals/Media/data/cluster/endsim/BehaviorSearch/Step6_Trial""","true","0","1","0","0","true","false","""-2135027441""","0.29616785179510935","0.29616785179510935","0.29616785179510935","0","0.29616785179510935"
"1","1421","22928","1000","1","""HK""","0.060000000000000005","false","""normal""","1","""constant""","0.1","""Scale-free""","1","0","1","""uniform""","""deterministic-normal""","0","0","1","""normal""","-0.3999999999999999","0.9","false","""/home/ramaswamy.51/Documents/github/Spirals/Media/data/cluster/endsim/BehaviorSearch/Step6_Trial""","true","0","1","0","0","true","false","""777443159""","0.13366979277438024","0.13366979277438024","0.13366979277438024","0","0.13366979277438024"
"1","1422","22928","1000","1","""HK""","0.060000000000000005","false","""normal""","1","""constant""","0.1","""Scale-free""","1","0","1","""uniform""","""deterministic-normal""","0","0","1","""normal""","-0.3999999999999999","0.9","false","""/home/ramaswamy.51/Documents/github/Spirals/Media/data/cluster/endsim/BehaviorSearch/Step6_Trial""","true","0","1","0","0","true","false","""206133033""","0.13520501145483296","0.13520501145483296","0.13520501145483296","0","0.13520501145483296"
"1","1423","22928","1000","1","""HK""","0.060000000000000005","false","""normal""","1","""constant""","0.1","""Scale-free""","1","0","1","""uniform""","""deterministic-normal""","0","0","1","""normal""","-0.3999999999999999","0.9","false","""/home/ramaswamy.51/Documents/github/Spirals/Media/data/cluster/endsim/BehaviorSearch/Step6_Trial""","true","0","1","0","0","true","false","""-1546342466""","0.15525654971025077","0.15525654971025077","0.15525654971025077","0","0.15525654971025077"
"1","1424","22928","1000","1","""HK""","0.060000000000000005","false","""normal""","1","""constant""","0.1","""Scale-free""","1","0","1","""uniform""","""deterministic-normal""","0","0","1","""normal""","-0.3999999999999999","0.9","false","""/home/ramaswamy.51/Documents/github/Spirals/Media/data/cluster/endsim/BehaviorSearch/Step6_Trial""","true","0","1","0","0","true","false","""-1614542385""","0.1418467212600963","0.1418467212600963","0.1418467212600963","0","0.1418467212600963"
"1","1425","23464","1000","1","""HK""","0.01","false","""normal""","1","""constant""","0.2","""Scale-free""","1","0","1","""uniform""","""deterministic-normal""","0","0","1","""normal""","0.10000000000000009","0.8","false","""/home/ramaswamy.51/Documents/github/Spirals/Media/data/cluster/endsim/BehaviorSearch/Step6_Trial""","true","0","1","0","0","true","false","""677522062""","0.19463969348151727","0.19463969348151727","0.19463969348151727","0","0.19463969348151727"
"1","1426","23464","1000","1","""HK""","0.01","false","""normal""","1","""constant""","0.2","""Scale-free""","1","0","1","""uniform""","""deterministic-normal""","0","0","1","""normal""","0.10000000000000009","0.8","false","""/home/ramaswamy.51/Documents/github/Spirals/Media/data/cluster/endsim/BehaviorSearch/Step6_Trial""","true","0","1","0","0","true","false","""1276486754""","0.20827905553807755","0.20827905553807755","0.20827905553807755","0","0.20827905553807755"
"1","1427","23464","1000","1","""HK""","0.01","false","""normal""","1","""constant""","0.2","""Scale-free""","1","0","1","""uniform""","""deterministic-normal""","0","0","1","""normal""","0.10000000000000009","0.8","false","""/home/ramaswamy.51/Documents/github/Spirals/Media/data/cluster/endsim/BehaviorSearch/Step6_Trial""","true","0","1","0","0","true","false","""2135720092""","0.20607701098947032","0.20607701098947032","0.20607701098947032","0","0.20607701098947032"
"1","1428","23464","1000","1","""HK""","0.01","false","""normal""","1","""constant""","0.2","""Scale-free""","1","0","1","""uniform""","""deterministic-normal""","0","0","1","""normal""","0.10000000000000009","0.8","false","""/home/ramaswamy.51/Documents/github/Spirals/Media/data/cluster/endsim/BehaviorSearch/Step6_Trial""","true","0","1","0","0","true","false","""-470345192""","0.20526041784455978","0.20526041784455978","0.20526041784455978","0","0.20526041784455978"
"1","1429","23620","1000","1","""HK""","0.04","false","""normal""","1","""constant""","0.2","""Scale-free""","1","0","1","""uniform""","""deterministic-normal""","0","0","1","""normal""","-0.09999999999999998","1","false","""/home/ramaswamy.51/Documents/github/Spirals/Media/data/cluster/endsim/BehaviorSearch/Step6_Trial""","true","0","1","0","0","true","false","""1626314493""","0.22323295535030596","0.22323295535030596","0.22323295535030596","0","0.22323295535030596"
"1","1430","23620","1000","1","""HK""","0.04","false","""normal""","1","""constant""","0.2","""Scale-free""","1","0","1","""uniform""","""deterministic-normal""","0","0","1","""normal""","-0.09999999999999998","1","false","""/home/ramaswamy.51/Documents/github/Spirals/Media/data/cluster/endsim/BehaviorSearch/Step6_Trial""","true","0","1","0","0","true","false","""-1943726889""","0.24321589927764514","0.24321589927764514","0.24321589927764514","0","0.24321589927764514"
"1","1431","23620","1000","1","""HK""","0.04","false","""normal""","1","""constant""","0.2","""Scale-free""","1","0","1","""uniform""","""deterministic-normal""","0","0","1","""normal""","-0.09999999999999998","1","false","""/home/ramaswamy.51/Documents/github/Spirals/Media/data/cluster/endsim/BehaviorSearch/Step6_Trial""","true","0","1","0","0","true","false","""-243557211""","0.22303696857745328","0.22303696857745328","0.22303696857745328","0","0.22303696857745328"
"1","1432","23620","1000","1","""HK""","0.04","false","""normal""","1","""constant""","0.2","""Scale-free""","1","0","1","""uniform""","""deterministic-normal""","0","0","1","""normal""","-0.09999999999999998","1","false","""/home/ramaswamy.51/Documents/github/Spirals/Media/data/cluster/endsim/BehaviorSearch/Step6_Trial""","true","0","1","0","0","true","false","""-953248424""","0.204300950675085","0.204300950675085","0.204300950675085","0","0.204300950675085"
"1","1433","23632","1000","1","""HK""","0.01","false","""normal""","1","""constant""","0","""Scale-free""","2","0","1","""uniform""","""deterministic-normal""","0","0","1","""normal""","-0.3999999999999999","0.9","false","""/home/ramaswamy.51/Documents/github/Spirals/Media/data/cluster/endsim/BehaviorSearch/Step6_Trial""","true","0","1","0","0","true","false","""1865803133""","0.17456881076385347","0.17456881076385347","0.17456881076385347","0","0.17456881076385347"
"1","1434","23632","1000","1","""HK""","0.01","false","""normal""","1","""constant""","0","""Scale-free""","2","0","1","""uniform""","""deterministic-normal""","0","0","1","""normal""","-0.3999999999999999","0.9","false","""/home/ramaswamy.51/Documents/github/Spirals/Media/data/cluster/endsim/BehaviorSearch/Step6_Trial""","true","0","1","0","0","true","false","""1505938941""","0.18404028658437746","0.18404028658437746","0.18404028658437746","0","0.18404028658437746"
"1","1435","23632","1000","1","""HK""","0.01","false","""normal""","1","""constant""","0","""Scale-free""","2","0","1","""uniform""","""deterministic-normal""","0","0","1","""normal""","-0.3999999999999999","0.9","false","""/home/ramaswamy.51/Documents/github/Spirals/Media/data/cluster/endsim/BehaviorSearch/Step6_Trial""","true","0","1","0","0","true","false","""1773749670""","0.18673492832557326","0.18673492832557326","0.18673492832557326","0","0.18673492832557326"
"1","1436","23632","1000","1","""HK""","0.01","false","""normal""","1","""constant""","0","""Scale-free""","2","0","1","""uniform""","""deterministic-normal""","0","0","1","""normal""","-0.3999999999999999","0.9","false","""/home/ramaswamy.51/Documents/github/Spirals/Media/data/cluster/endsim/BehaviorSearch/Step6_Trial""","true","0","1","0","0","true","false","""-2076058395""","0.1722511501782228","0.1722511501782228","0.1722511501782228","0","0.1722511501782228"
"1","1437","23636","1000","1","""HK""","0.01","false","""normal""","1","""constant""","0","""Scale-free""","2","0","1","""uniform""","""deterministic-normal""","0","0","1","""normal""","0.20000000000000018","0.9","false","""/home/ramaswamy.51/Documents/github/Spirals/Media/data/cluster/endsim/BehaviorSearch/Step6_Trial""","true","0","1","0","0","true","false","""-1724903553""","0.16286300504257176","0.16286300504257176","0.16286300504257176","0","0.16286300504257176"
"1","1438","23636","1000","1","""HK""","0.01","false","""normal""","1","""constant""","0","""Scale-free""","2","0","1","""uniform""","""deterministic-normal""","0","0","1","""normal""","0.20000000000000018","0.9","false","""/home/ramaswamy.51/Documents/github/Spirals/Media/data/cluster/endsim/BehaviorSearch/Step6_Trial""","true","0","1","0","0","true","false","""1279016439""","0.17757362289574763","0.17757362289574763","0.17757362289574763","0","0.17757362289574763"
"1","1439","23636","1000","1","""HK""","0.01","false","""normal""","1","""constant""","0","""Scale-free""","2","0","1","""uniform""","""deterministic-normal""","0","0","1","""normal""","0.20000000000000018","0.9","false","""/home/ramaswamy.51/Documents/github/Spirals/Media/data/cluster/endsim/BehaviorSearch/Step6_Trial""","true","0","1","0","0","true","false","""545723216""","0.1908214562038701","0.1908214562038701","0.1908214562038701","0","0.1908214562038701"
"1","1440","23636","1000","1","""HK""","0.01","false","""normal""","1","""constant""","0","""Scale-free""","2","0","1","""uniform""","""deterministic-normal""","0","0","1","""normal""","0.20000000000000018","0.9","false","""/home/ramaswamy.51/Documents/github/Spirals/Media/data/cluster/endsim/BehaviorSearch/Step6_Trial""","true","0","1","0","0","true","false","""851536552""","0.17236541017379142","0.17236541017379142","0.17236541017379142","0","0.17236541017379142"
"1","1441","23680","1000","1","""HK""","0.06999999999999999","false","""normal""","1","""constant""","0.1","""Scale-free""","1","0","1","""uniform""","""deterministic-normal""","0","0","1","""normal""","-0.3999999999999999","0.9","false","""/home/ramaswamy.51/Documents/github/Spirals/Media/data/cluster/endsim/BehaviorSearch/Step6_Trial""","true","0","1","0","0","true","false","""-1727288067""","0.1385626797771792","0.1385626797771792","0.1385626797771792","0","0.1385626797771792"
"1","1442","23680","1000","1","""HK""","0.06999999999999999","false","""normal""","1","""constant""","0.1","""Scale-free""","1","0","1","""uniform""","""deterministic-normal""","0","0","1","""normal""","-0.3999999999999999","0.9","false","""/home/ramaswamy.51/Documents/github/Spirals/Media/data/cluster/endsim/BehaviorSearch/Step6_Trial""","true","0","1","0","0","true","false","""1832128897""","0.16116878769758405","0.16116878769758405","0.16116878769758405","0","0.16116878769758405"
"1","1443","23680","1000","1","""HK""","0.06999999999999999","false","""normal""","1","""constant""","0.1","""Scale-free""","1","0","1","""uniform""","""deterministic-normal""","0","0","1","""normal""","-0.3999999999999999","0.9","false","""/home/ramaswamy.51/Documents/github/Spirals/Media/data/cluster/endsim/BehaviorSearch/Step6_Trial""","true","0","1","0","0","true","false","""-1608028375""","0.14318419995841108","0.14318419995841108","0.14318419995841108","0","0.14318419995841108"
"1","1444","23680","1000","1","""HK""","0.06999999999999999","false","""normal""","1","""constant""","0.1","""Scale-free""","1","0","1","""uniform""","""deterministic-normal""","0","0","1","""normal""","-0.3999999999999999","0.9","false","""/home/ramaswamy.51/Documents/github/Spirals/Media/data/cluster/endsim/BehaviorSearch/Step6_Trial""","true","0","1","0","0","true","false","""1770170732""","0.17519622942280302","0.17519622942280302","0.17519622942280302","0","0.17519622942280302"
"1","1445","23768","1000","1","""HK""","0.01","false","""normal""","1","""constant""","0.1","""Scale-free""","2","0","1","""uniform""","""deterministic-normal""","0","0","1","""normal""","0","1","false","""/home/ramaswamy.51/Documents/github/Spirals/Media/data/cluster/endsim/BehaviorSearch/Step6_Trial""","true","0","1","0","0","true","false","""-1905408510""","0.1047078912796845","0.1047078912796845","0.1047078912796845","0","0.1047078912796845"
"1","1446","23768","1000","1","""HK""","0.01","false","""normal""","1","""constant""","0.1","""Scale-free""","2","0","1","""uniform""","""deterministic-normal""","0","0","1","""normal""","0","1","false","""/home/ramaswamy.51/Documents/github/Spirals/Media/data/cluster/endsim/BehaviorSearch/Step6_Trial""","true","0","1","0","0","true","false","""1841361628""","0.09399522842431396","0.09399522842431396","0.09399522842431396","0","0.09399522842431396"
"1","1447","23768","1000","1","""HK""","0.01","false","""normal""","1","""constant""","0.1","""Scale-free""","2","0","1","""uniform""","""deterministic-normal""","0","0","1","""normal""","0","1","false","""/home/ramaswamy.51/Documents/github/Spirals/Media/data/cluster/endsim/BehaviorSearch/Step6_Trial""","true","0","1","0","0","true","false","""-284916108""","0.11582066133429952","0.11582066133429952","0.11582066133429952","0","0.11582066133429952"
"1","1448","23768","1000","1","""HK""","0.01","false","""normal""","1","""constant""","0.1","""Scale-free""","2","0","1","""uniform""","""deterministic-normal""","0","0","1","""normal""","0","1","false","""/home/ramaswamy.51/Documents/github/Spirals/Media/data/cluster/endsim/BehaviorSearch/Step6_Trial""","true","0","1","0","0","true","false","""1469348300""","0.10627798612725393","0.10627798612725393","0.10627798612725393","0","0.10627798612725393"
"1","1449","23908","1000","1","""HK""","0.01","false","""normal""","1","""constant""","0.2","""Scale-free""","1","0","1","""uniform""","""deterministic-normal""","0","0","1","""normal""","-0.5","0.9","false","""/home/ramaswamy.51/Documents/github/Spirals/Media/data/cluster/endsim/BehaviorSearch/Step6_Trial""","true","0","1","0","0","true","false","""1960075247""","0.22393766285492944","0.22393766285492944","0.22393766285492944","0","0.22393766285492944"
"1","1450","23908","1000","1","""HK""","0.01","false","""normal""","1","""constant""","0.2","""Scale-free""","1","0","1","""uniform""","""deterministic-normal""","0","0","1","""normal""","-0.5","0.9","false","""/home/ramaswamy.51/Documents/github/Spirals/Media/data/cluster/endsim/BehaviorSearch/Step6_Trial""","true","0","1","0","0","true","false","""-1345605563""","0.22667435728225022","0.22667435728225022","0.22667435728225022","0","0.22667435728225022"
"1","1451","23908","1000","1","""HK""","0.01","false","""normal""","1","""constant""","0.2","""Scale-free""","1","0","1","""uniform""","""deterministic-normal""","0","0","1","""normal""","-0.5","0.9","false","""/home/ramaswamy.51/Documents/github/Spirals/Media/data/cluster/endsim/BehaviorSearch/Step6_Trial""","true","0","1","0","0","true","false","""708701961""","0.20819312365451695","0.20819312365451695","0.20819312365451695","0","0.20819312365451695"
"1","1452","23908","1000","1","""HK""","0.01","false","""normal""","1","""constant""","0.2","""Scale-free""","1","0","1","""uniform""","""deterministic-normal""","0","0","1","""normal""","-0.5","0.9","false","""/home/ramaswamy.51/Documents/github/Spirals/Media/data/cluster/endsim/BehaviorSearch/Step6_Trial""","true","0","1","0","0","true","false","""-405713862""","0.19706857590828616","0.19706857590828616","0.19706857590828616","0","0.19706857590828616"
"1","1453","23936","1000","1","""HK""","0.03","false","""normal""","1","""constant""","0.1","""Scale-free""","1","0","1","""uniform""","""deterministic-normal""","0","0","1","""normal""","-0.19999999999999996","0.8","false","""/home/ramaswamy.51/Documents/github/Spirals/Media/data/cluster/endsim/BehaviorSearch/Step6_Trial""","true","0","1","0","0","true","false","""1903090148""","0.09269269985505865","0.09269269985505865","0.09269269985505865","0","0.09269269985505865"
"1","1454","23936","1000","1","""HK""","0.03","false","""normal""","1","""constant""","0.1","""Scale-free""","1","0","1","""uniform""","""deterministic-normal""","0","0","1","""normal""","-0.19999999999999996","0.8","false","""/home/ramaswamy.51/Documents/github/Spirals/Media/data/cluster/endsim/BehaviorSearch/Step6_Trial""","true","0","1","0","0","true","false","""-803186326""","0.09989125483917206","0.09989125483917206","0.09989125483917206","0","0.09989125483917206"
"1","1455","23936","1000","1","""HK""","0.03","false","""normal""","1","""constant""","0.1","""Scale-free""","1","0","1","""uniform""","""deterministic-normal""","0","0","1","""normal""","-0.19999999999999996","0.8","false","""/home/ramaswamy.51/Documents/github/Spirals/Media/data/cluster/endsim/BehaviorSearch/Step6_Trial""","true","0","1","0","0","true","false","""697869890""","0.1204324580760613","0.1204324580760613","0.1204324580760613","0","0.1204324580760613"
"1","1456","23936","1000","1","""HK""","0.03","false","""normal""","1","""constant""","0.1","""Scale-free""","1","0","1","""uniform""","""deterministic-normal""","0","0","1","""normal""","-0.19999999999999996","0.8","false","""/home/ramaswamy.51/Documents/github/Spirals/Media/data/cluster/endsim/BehaviorSearch/Step6_Trial""","true","0","1","0","0","true","false","""2106801660""","0.11104147470228187","0.11104147470228187","0.11104147470228187","0","0.11104147470228187"
"1","1457","24008","1000","1","""HK""","0.01","false","""normal""","1","""constant""","0.2","""Scale-free""","2","0","1","""uniform""","""deterministic-normal""","0","0","1","""normal""","-0.19999999999999996","0.9","false","""/home/ramaswamy.51/Documents/github/Spirals/Media/data/cluster/endsim/BehaviorSearch/Step6_Trial""","true","0","1","0","0","true","false","""1590240946""","0.25331660078352475","0.25331660078352475","0.25331660078352475","0","0.25331660078352475"
"1","1458","24008","1000","1","""HK""","0.01","false","""normal""","1","""constant""","0.2","""Scale-free""","2","0","1","""uniform""","""deterministic-normal""","0","0","1","""normal""","-0.19999999999999996","0.9","false","""/home/ramaswamy.51/Documents/github/Spirals/Media/data/cluster/endsim/BehaviorSearch/Step6_Trial""","true","0","1","0","0","true","false","""-57704921""","0.20822148174601043","0.20822148174601043","0.20822148174601043","0","0.20822148174601043"
"1","1459","24008","1000","1","""HK""","0.01","false","""normal""","1","""constant""","0.2","""Scale-free""","2","0","1","""uniform""","""deterministic-normal""","0","0","1","""normal""","-0.19999999999999996","0.9","false","""/home/ramaswamy.51/Documents/github/Spirals/Media/data/cluster/endsim/BehaviorSearch/Step6_Trial""","true","0","1","0","0","true","false","""-631686350""","0.252383378844664","0.252383378844664","0.252383378844664","0","0.252383378844664"
"1","1460","24008","1000","1","""HK""","0.01","false","""normal""","1","""constant""","0.2","""Scale-free""","2","0","1","""uniform""","""deterministic-normal""","0","0","1","""normal""","-0.19999999999999996","0.9","false","""/home/ramaswamy.51/Documents/github/Spirals/Media/data/cluster/endsim/BehaviorSearch/Step6_Trial""","true","0","1","0","0","true","false","""-1358490284""","0.22956251937671487","0.22956251937671487","0.22956251937671487","0","0.22956251937671487"
"1","1461","24376","1000","1","""HK""","0.01","false","""normal""","1","""constant""","0","""Scale-free""","1","0","1","""uniform""","""deterministic-normal""","0","0","1","""normal""","0.10000000000000009","1","false","""/home/ramaswamy.51/Documents/github/Spirals/Media/data/cluster/endsim/BehaviorSearch/Step6_Trial""","true","0","1","0","0","true","false","""76490874""","0.18714951232250368","0.18714951232250368","0.18714951232250368","0","0.18714951232250368"
"1","1462","24376","1000","1","""HK""","0.01","false","""normal""","1","""constant""","0","""Scale-free""","1","0","1","""uniform""","""deterministic-normal""","0","0","1","""normal""","0.10000000000000009","1","false","""/home/ramaswamy.51/Documents/github/Spirals/Media/data/cluster/endsim/BehaviorSearch/Step6_Trial""","true","0","1","0","0","true","false","""-1673121549""","0.17445515908224346","0.17445515908224346","0.17445515908224346","0","0.17445515908224346"
"1","1463","24376","1000","1","""HK""","0.01","false","""normal""","1","""constant""","0","""Scale-free""","1","0","1","""uniform""","""deterministic-normal""","0","0","1","""normal""","0.10000000000000009","1","false","""/home/ramaswamy.51/Documents/github/Spirals/Media/data/cluster/endsim/BehaviorSearch/Step6_Trial""","true","0","1","0","0","true","false","""-1553134435""","0.18179676906377157","0.18179676906377157","0.18179676906377157","0","0.18179676906377157"
"1","1464","24376","1000","1","""HK""","0.01","false","""normal""","1","""constant""","0","""Scale-free""","1","0","1","""uniform""","""deterministic-normal""","0","0","1","""normal""","0.10000000000000009","1","false","""/home/ramaswamy.51/Documents/github/Spirals/Media/data/cluster/endsim/BehaviorSearch/Step6_Trial""","true","0","1","0","0","true","false","""1976432073""","0.17967244778324887","0.17967244778324887","0.17967244778324887","0","0.17967244778324887"
"1","1465","24776","1000","1","""HK""","0.08","false","""normal""","1","""constant""","0.1","""Scale-free""","1","0","1","""uniform""","""deterministic-normal""","0","0","1","""normal""","-0.09999999999999998","0.7000000000000001","false","""/home/ramaswamy.51/Documents/github/Spirals/Media/data/cluster/endsim/BehaviorSearch/Step6_Trial""","true","0","1","0","0","true","false","""1496352967""","0.1724952313662116","0.1724952313662116","0.1724952313662116","0","0.1724952313662116"
"1","1466","24776","1000","1","""HK""","0.08","false","""normal""","1","""constant""","0.1","""Scale-free""","1","0","1","""uniform""","""deterministic-normal""","0","0","1","""normal""","-0.09999999999999998","0.7000000000000001","false","""/home/ramaswamy.51/Documents/github/Spirals/Media/data/cluster/endsim/BehaviorSearch/Step6_Trial""","true","0","1","0","0","true","false","""-473356211""","0.18255610117176294","0.18255610117176294","0.18255610117176294","0","0.18255610117176294"
"1","1467","24776","1000","1","""HK""","0.08","false","""normal""","1","""constant""","0.1","""Scale-free""","1","0","1","""uniform""","""deterministic-normal""","0","0","1","""normal""","-0.09999999999999998","0.7000000000000001","false","""/home/ramaswamy.51/Documents/github/Spirals/Media/data/cluster/endsim/BehaviorSearch/Step6_Trial""","true","0","1","0","0","true","false","""421793404""","0.1745112132314937","0.1745112132314937","0.1745112132314937","0","0.1745112132314937"
"1","1468","24776","1000","1","""HK""","0.08","false","""normal""","1","""constant""","0.1","""Scale-free""","1","0","1","""uniform""","""deterministic-normal""","0","0","1","""normal""","-0.09999999999999998","0.7000000000000001","false","""/home/ramaswamy.51/Documents/github/Spirals/Media/data/cluster/endsim/BehaviorSearch/Step6_Trial""","true","0","1","0","0","true","false","""1312146044""","0.16997921263370544","0.16997921263370544","0.16997921263370544","0","0.16997921263370544"
"1","1469","24788","1000","1","""HK""","0.01","false","""normal""","1","""constant""","0.1","""Scale-free""","1","0","1","""uniform""","""deterministic-normal""","0","0","1","""normal""","0.30000000000000004","0.7000000000000001","false","""/home/ramaswamy.51/Documents/github/Spirals/Media/data/cluster/endsim/BehaviorSearch/Step6_Trial""","true","0","1","0","0","true","false","""-290978882""","0.14318912734473788","0.14318912734473788","0.14318912734473788","0","0.14318912734473788"
"1","1470","24788","1000","1","""HK""","0.01","false","""normal""","1","""constant""","0.1","""Scale-free""","1","0","1","""uniform""","""deterministic-normal""","0","0","1","""normal""","0.30000000000000004","0.7000000000000001","false","""/home/ramaswamy.51/Documents/github/Spirals/Media/data/cluster/endsim/BehaviorSearch/Step6_Trial""","true","0","1","0","0","true","false","""1613845163""","0.15084859547230584","0.15084859547230584","0.15084859547230584","0","0.15084859547230584"
"1","1471","24788","1000","1","""HK""","0.01","false","""normal""","1","""constant""","0.1","""Scale-free""","1","0","1","""uniform""","""deterministic-normal""","0","0","1","""normal""","0.30000000000000004","0.7000000000000001","false","""/home/ramaswamy.51/Documents/github/Spirals/Media/data/cluster/endsim/BehaviorSearch/Step6_Trial""","true","0","1","0","0","true","false","""-119496038""","0.15325260503610405","0.15325260503610405","0.15325260503610405","0","0.15325260503610405"
"1","1472","24788","1000","1","""HK""","0.01","false","""normal""","1","""constant""","0.1","""Scale-free""","1","0","1","""uniform""","""deterministic-normal""","0","0","1","""normal""","0.30000000000000004","0.7000000000000001","false","""/home/ramaswamy.51/Documents/github/Spirals/Media/data/cluster/endsim/BehaviorSearch/Step6_Trial""","true","0","1","0","0","true","false","""1574458230""","0.15050989899406697","0.15050989899406697","0.15050989899406697","0","0.15050989899406697"
"1","1473","25000","1000","1","""HK""","0.02","false","""normal""","1","""constant""","0.2","""Scale-free""","1","0","1","""uniform""","""deterministic-normal""","0","0","1","""normal""","-0.29999999999999993","0.9","false","""/home/ramaswamy.51/Documents/github/Spirals/Media/data/cluster/endsim/BehaviorSearch/Step6_Trial""","true","0","1","0","0","true","false","""-909633940""","0.1967229028861203","0.1967229028861203","0.1967229028861203","0","0.1967229028861203"
"1","1474","25000","1000","1","""HK""","0.02","false","""normal""","1","""constant""","0.2","""Scale-free""","1","0","1","""uniform""","""deterministic-normal""","0","0","1","""normal""","-0.29999999999999993","0.9","false","""/home/ramaswamy.51/Documents/github/Spirals/Media/data/cluster/endsim/BehaviorSearch/Step6_Trial""","true","0","1","0","0","true","false","""2009140295""","0.21663010292879248","0.21663010292879248","0.21663010292879248","0","0.21663010292879248"
"1","1475","25000","1000","1","""HK""","0.02","false","""normal""","1","""constant""","0.2","""Scale-free""","1","0","1","""uniform""","""deterministic-normal""","0","0","1","""normal""","-0.29999999999999993","0.9","false","""/home/ramaswamy.51/Documents/github/Spirals/Media/data/cluster/endsim/BehaviorSearch/Step6_Trial""","true","0","1","0","0","true","false","""-1968778634""","0.21328146245628785","0.21328146245628785","0.21328146245628785","0","0.21328146245628785"
"1","1476","25000","1000","1","""HK""","0.02","false","""normal""","1","""constant""","0.2","""Scale-free""","1","0","1","""uniform""","""deterministic-normal""","0","0","1","""normal""","-0.29999999999999993","0.9","false","""/home/ramaswamy.51/Documents/github/Spirals/Media/data/cluster/endsim/BehaviorSearch/Step6_Trial""","true","0","1","0","0","true","false","""1991803717""","0.2314239608712299","0.2314239608712299","0.2314239608712299","0","0.2314239608712299"
"1","1477","25144","1000","1","""HK""","0.01","false","""normal""","1","""constant""","0","""Scale-free""","1","0","1","""uniform""","""deterministic-normal""","0","0","1","""normal""","0","0.8","false","""/home/ramaswamy.51/Documents/github/Spirals/Media/data/cluster/endsim/BehaviorSearch/Step6_Trial""","true","0","1","0","0","true","false","""-912745081""","0.15381247936594178","0.15381247936594178","0.15381247936594178","0","0.15381247936594178"
"1","1478","25144","1000","1","""HK""","0.01","false","""normal""","1","""constant""","0","""Scale-free""","1","0","1","""uniform""","""deterministic-normal""","0","0","1","""normal""","0","0.8","false","""/home/ramaswamy.51/Documents/github/Spirals/Media/data/cluster/endsim/BehaviorSearch/Step6_Trial""","true","0","1","0","0","true","false","""264654598""","0.11800711197859222","0.11800711197859222","0.11800711197859222","0","0.11800711197859222"
"1","1479","25144","1000","1","""HK""","0.01","false","""normal""","1","""constant""","0","""Scale-free""","1","0","1","""uniform""","""deterministic-normal""","0","0","1","""normal""","0","0.8","false","""/home/ramaswamy.51/Documents/github/Spirals/Media/data/cluster/endsim/BehaviorSearch/Step6_Trial""","true","0","1","0","0","true","false","""1285977920""","0.14036722244280292","0.14036722244280292","0.14036722244280292","0","0.14036722244280292"
"1","1480","25144","1000","1","""HK""","0.01","false","""normal""","1","""constant""","0","""Scale-free""","1","0","1","""uniform""","""deterministic-normal""","0","0","1","""normal""","0","0.8","false","""/home/ramaswamy.51/Documents/github/Spirals/Media/data/cluster/endsim/BehaviorSearch/Step6_Trial""","true","0","1","0","0","true","false","""1440000137""","0.1513233298694916","0.1513233298694916","0.1513233298694916","0","0.1513233298694916"
"1","1481","25388","1000","1","""HK""","0.01","false","""normal""","1","""constant""","0.1","""Scale-free""","1","0","1","""uniform""","""deterministic-normal""","0","0","1","""normal""","0.6000000000000001","0.9","false","""/home/ramaswamy.51/Documents/github/Spirals/Media/data/cluster/endsim/BehaviorSearch/Step6_Trial""","true","0","1","0","0","true","false","""621159799""","0.15942641178594547","0.15942641178594547","0.15942641178594547","0","0.15942641178594547"
"1","1482","25388","1000","1","""HK""","0.01","false","""normal""","1","""constant""","0.1","""Scale-free""","1","0","1","""uniform""","""deterministic-normal""","0","0","1","""normal""","0.6000000000000001","0.9","false","""/home/ramaswamy.51/Documents/github/Spirals/Media/data/cluster/endsim/BehaviorSearch/Step6_Trial""","true","0","1","0","0","true","false","""1219589130""","0.1338503879785682","0.1338503879785682","0.1338503879785682","0","0.1338503879785682"
"1","1483","25388","1000","1","""HK""","0.01","false","""normal""","1","""constant""","0.1","""Scale-free""","1","0","1","""uniform""","""deterministic-normal""","0","0","1","""normal""","0.6000000000000001","0.9","false","""/home/ramaswamy.51/Documents/github/Spirals/Media/data/cluster/endsim/BehaviorSearch/Step6_Trial""","true","0","1","0","0","true","false","""-1537675407""","0.15774477048206367","0.15774477048206367","0.15774477048206367","0","0.15774477048206367"
"1","1484","25388","1000","1","""HK""","0.01","false","""normal""","1","""constant""","0.1","""Scale-free""","1","0","1","""uniform""","""deterministic-normal""","0","0","1","""normal""","0.6000000000000001","0.9","false","""/home/ramaswamy.51/Documents/github/Spirals/Media/data/cluster/endsim/BehaviorSearch/Step6_Trial""","true","0","1","0","0","true","false","""1703942894""","0.15511851191943257","0.15511851191943257","0.15511851191943257","0","0.15511851191943257"
"1","1485","25480","1000","1","""HK""","0.03","false","""normal""","1","""constant""","0.1","""Scale-free""","1","0","1","""uniform""","""deterministic-normal""","0","0","1","""normal""","-0.3999999999999999","0.8","false","""/home/ramaswamy.51/Documents/github/Spirals/Media/data/cluster/endsim/BehaviorSearch/Step6_Trial""","true","0","1","0","0","true","false","""-1985420578""","0.12453875855201683","0.12453875855201683","0.12453875855201683","0","0.12453875855201683"
"1","1486","25480","1000","1","""HK""","0.03","false","""normal""","1","""constant""","0.1","""Scale-free""","1","0","1","""uniform""","""deterministic-normal""","0","0","1","""normal""","-0.3999999999999999","0.8","false","""/home/ramaswamy.51/Documents/github/Spirals/Media/data/cluster/endsim/BehaviorSearch/Step6_Trial""","true","0","1","0","0","true","false","""-2093412313""","0.10852468545148039","0.10852468545148039","0.10852468545148039","0","0.10852468545148039"
"1","1487","25480","1000","1","""HK""","0.03","false","""normal""","1","""constant""","0.1","""Scale-free""","1","0","1","""uniform""","""deterministic-normal""","0","0","1","""normal""","-0.3999999999999999","0.8","false","""/home/ramaswamy.51/Documents/github/Spirals/Media/data/cluster/endsim/BehaviorSearch/Step6_Trial""","true","0","1","0","0","true","false","""-1405226530""","0.12985372251855135","0.12985372251855135","0.12985372251855135","0","0.12985372251855135"
"1","1488","25480","1000","1","""HK""","0.03","false","""normal""","1","""constant""","0.1","""Scale-free""","1","0","1","""uniform""","""deterministic-normal""","0","0","1","""normal""","-0.3999999999999999","0.8","false","""/home/ramaswamy.51/Documents/github/Spirals/Media/data/cluster/endsim/BehaviorSearch/Step6_Trial""","true","0","1","0","0","true","false","""-1607680294""","0.13620457426850138","0.13620457426850138","0.13620457426850138","0","0.13620457426850138"
"1","1489","25656","1000","1","""HK""","0.01","false","""normal""","1","""constant""","0","""Scale-free""","1","0","1","""uniform""","""deterministic-normal""","0","0","1","""normal""","-0.29999999999999993","0.6000000000000001","false","""/home/ramaswamy.51/Documents/github/Spirals/Media/data/cluster/endsim/BehaviorSearch/Step6_Trial""","true","0","1","0","0","true","false","""-1260569057""","0.16625563415786093","0.16625563415786093","0.16625563415786093","0","0.16625563415786093"
"1","1490","25656","1000","1","""HK""","0.01","false","""normal""","1","""constant""","0","""Scale-free""","1","0","1","""uniform""","""deterministic-normal""","0","0","1","""normal""","-0.29999999999999993","0.6000000000000001","false","""/home/ramaswamy.51/Documents/github/Spirals/Media/data/cluster/endsim/BehaviorSearch/Step6_Trial""","true","0","1","0","0","true","false","""8740722""","0.17316389935269322","0.17316389935269322","0.17316389935269322","0","0.17316389935269322"
"1","1491","25656","1000","1","""HK""","0.01","false","""normal""","1","""constant""","0","""Scale-free""","1","0","1","""uniform""","""deterministic-normal""","0","0","1","""normal""","-0.29999999999999993","0.6000000000000001","false","""/home/ramaswamy.51/Documents/github/Spirals/Media/data/cluster/endsim/BehaviorSearch/Step6_Trial""","true","0","1","0","0","true","false","""-1056779866""","0.16052716719101104","0.16052716719101104","0.16052716719101104","0","0.16052716719101104"
"1","1492","25656","1000","1","""HK""","0.01","false","""normal""","1","""constant""","0","""Scale-free""","1","0","1","""uniform""","""deterministic-normal""","0","0","1","""normal""","-0.29999999999999993","0.6000000000000001","false","""/home/ramaswamy.51/Documents/github/Spirals/Media/data/cluster/endsim/BehaviorSearch/Step6_Trial""","true","0","1","0","0","true","false","""1321140591""","0.18008012467131992","0.18008012467131992","0.18008012467131992","0","0.18008012467131992"
"1","1493","25840","1000","1","""HK""","0.01","false","""normal""","1","""constant""","0.1","""Scale-free""","1","0","1","""uniform""","""deterministic-normal""","0","0","1","""normal""","0.20000000000000018","0.7000000000000001","false","""/home/ramaswamy.51/Documents/github/Spirals/Media/data/cluster/endsim/BehaviorSearch/Step6_Trial""","true","0","1","0","0","true","false","""-1161718825""","0.1262708242175937","0.1262708242175937","0.1262708242175937","0","0.1262708242175937"
"1","1494","25840","1000","1","""HK""","0.01","false","""normal""","1","""constant""","0.1","""Scale-free""","1","0","1","""uniform""","""deterministic-normal""","0","0","1","""normal""","0.20000000000000018","0.7000000000000001","false","""/home/ramaswamy.51/Documents/github/Spirals/Media/data/cluster/endsim/BehaviorSearch/Step6_Trial""","true","0","1","0","0","true","false","""-701543115""","0.10799221967801753","0.10799221967801753","0.10799221967801753","0","0.10799221967801753"
"1","1495","25840","1000","1","""HK""","0.01","false","""normal""","1","""constant""","0.1","""Scale-free""","1","0","1","""uniform""","""deterministic-normal""","0","0","1","""normal""","0.20000000000000018","0.7000000000000001","false","""/home/ramaswamy.51/Documents/github/Spirals/Media/data/cluster/endsim/BehaviorSearch/Step6_Trial""","true","0","1","0","0","true","false","""1502937124""","0.12894813043201442","0.12894813043201442","0.12894813043201442","0","0.12894813043201442"
"1","1496","25840","1000","1","""HK""","0.01","false","""normal""","1","""constant""","0.1","""Scale-free""","1","0","1","""uniform""","""deterministic-normal""","0","0","1","""normal""","0.20000000000000018","0.7000000000000001","false","""/home/ramaswamy.51/Documents/github/Spirals/Media/data/cluster/endsim/BehaviorSearch/Step6_Trial""","true","0","1","0","0","true","false","""1170800182""","0.12992323220330923","0.12992323220330923","0.12992323220330923","0","0.12992323220330923"
"1","1497","26056","1000","1","""HK""","0.04","false","""normal""","1","""constant""","0","""Scale-free""","1","0","1","""uniform""","""deterministic-normal""","0","0","1","""normal""","0.10000000000000009","1","false","""/home/ramaswamy.51/Documents/github/Spirals/Media/data/cluster/endsim/BehaviorSearch/Step6_Trial""","true","0","1","0","0","true","false","""-1513764295""","0.17920896463415203","0.17920896463415203","0.17920896463415203","0","0.17920896463415203"
"1","1498","26056","1000","1","""HK""","0.04","false","""normal""","1","""constant""","0","""Scale-free""","1","0","1","""uniform""","""deterministic-normal""","0","0","1","""normal""","0.10000000000000009","1","false","""/home/ramaswamy.51/Documents/github/Spirals/Media/data/cluster/endsim/BehaviorSearch/Step6_Trial""","true","0","1","0","0","true","false","""-686937891""","0.1632841863165826","0.1632841863165826","0.1632841863165826","0","0.1632841863165826"
"1","1499","26056","1000","1","""HK""","0.04","false","""normal""","1","""constant""","0","""Scale-free""","1","0","1","""uniform""","""deterministic-normal""","0","0","1","""normal""","0.10000000000000009","1","false","""/home/ramaswamy.51/Documents/github/Spirals/Media/data/cluster/endsim/BehaviorSearch/Step6_Trial""","true","0","1","0","0","true","false","""1733704148""","0.16599739972425984","0.16599739972425984","0.16599739972425984","0","0.16599739972425984"
"1","1500","26056","1000","1","""HK""","0.04","false","""normal""","1","""constant""","0","""Scale-free""","1","0","1","""uniform""","""deterministic-normal""","0","0","1","""normal""","0.10000000000000009","1","false","""/home/ramaswamy.51/Documents/github/Spirals/Media/data/cluster/endsim/BehaviorSearch/Step6_Trial""","true","0","1","0","0","true","false","""-1637017209""","0.17937046203156326","0.17937046203156326","0.17937046203156326","0","0.17937046203156326"
