"search-number","evaluation","number_of_agents*","number_of_opinion_dimensions*","model*","boundary_mean*","set-seed?*","boundary_distribution*","conformity_mean*","conformity_distribution*","boundary_std*","network_type*","scale_free_degree*","scale_free_selection-mu*","scale_free_selection-sigma*","scale_free_selection-distribution*","media_house_distribution*","number_of_media_houses*","media_house_distribution_normal_mean*","media_house_distribution_normal_std*","opinion_distribution*","opinion_mean*","opinion_std*","save_end_sim_data*","endsimdirectory*","use_media_influence_factor?*","media_influence_factor*","silence_alpha*","silence_tau*","silence_delta0*","classify_proponents_by_boundary?*","use_silence?*","fitness","num-replicates","best-fitness-so-far"
"1","4","1000","1","""HK""","0.29000000000000004","false","""normal""","1","""constant""","0.5","""Scale-free""","5","0","1","""uniform""","""deterministic-normal""","0","0","1","""normal""","0.20000000000000018","0.9","false","""/home/ramaswamy.51/Documents/github/Spirals/Media/data/cluster/endsim/BehaviorSearch/Step6_Trial""","true","0","1","0","0","true","false","0.4140035755696333","4","0.4140035755696333"
"1","8","1000","1","""HK""","0.2","false","""normal""","1","""constant""","0.4","""Scale-free""","5","0","1","""uniform""","""deterministic-normal""","0","0","1","""normal""","-0.5","0.5","false","""/home/ramaswamy.51/Documents/github/Spirals/Media/data/cluster/endsim/BehaviorSearch/Step6_Trial""","true","0","1","0","0","true","false","0.4284877159512675","4","0.4140035755696333"
"1","12","1000","1","""HK""","0.13","false","""normal""","1","""constant""","0.4","""Scale-free""","3","0","1","""uniform""","""deterministic-normal""","0","0","1","""normal""","-0.9","0.1","false","""/home/ramaswamy.51/Documents/github/Spirals/Media/data/cluster/endsim/BehaviorSearch/Step6_Trial""","true","0","1","0","0","true","false","0.4303909805171512","4","0.4140035755696333"
"1","16","1000","1","""HK""","0.25","false","""normal""","1","""constant""","0.2","""Scale-free""","5","0","1","""uniform""","""deterministic-normal""","0","0","1","""normal""","0.8","1","false","""/home/ramaswamy.51/Documents/github/Spirals/Media/data/cluster/endsim/BehaviorSearch/Step6_Trial""","true","0","1","0","0","true","false","0.4058738395564412","4","0.4058738395564412"
"1","20","1000","1","""HK""","0.04","false","""normal""","1","""constant""","0.5","""Scale-free""","2","0","1","""uniform""","""deterministic-normal""","0","0","1","""normal""","0.7000000000000002","0.7000000000000001","false","""/home/ramaswamy.51/Documents/github/Spirals/Media/data/cluster/endsim/BehaviorSearch/Step6_Trial""","true","0","1","0","0","true","false","0.3850941540508328","4","0.3850941540508328"
"1","24","1000","1","""HK""","0.17","false","""normal""","1","""constant""","0.30000000000000004","""Scale-free""","5","0","1","""uniform""","""deterministic-normal""","0","0","1","""normal""","0.40000000000000013","0.8","false","""/home/ramaswamy.51/Documents/github/Spirals/Media/data/cluster/endsim/BehaviorSearch/Step6_Trial""","true","0","1","0","0","true","false","0.38394361583566966","4","0.38394361583566966"
"1","28","1000","1","""HK""","0.11","false","""normal""","1","""constant""","0.1","""Scale-free""","1","0","1","""uniform""","""deterministic-normal""","0","0","1","""normal""","0.9000000000000001","0.9","false","""/home/ramaswamy.51/Documents/github/Spirals/Media/data/cluster/endsim/BehaviorSearch/Step6_Trial""","true","0","1","0","0","true","false","0.2414727950330111","4","0.2414727950330111"
"1","32","1000","1","""HK""","0.19","false","""normal""","1","""constant""","0.2","""Scale-free""","5","0","1","""uniform""","""deterministic-normal""","0","0","1","""normal""","-0.29999999999999993","0.9","false","""/home/ramaswamy.51/Documents/github/Spirals/Media/data/cluster/endsim/BehaviorSearch/Step6_Trial""","true","0","1","0","0","true","false","0.3785003156306601","4","0.2414727950330111"
"1","36","1000","1","""HK""","0.09999999999999999","false","""normal""","1","""constant""","0.1","""Scale-free""","1","0","1","""uniform""","""deterministic-normal""","0","0","1","""normal""","0.10000000000000009","0.1","false","""/home/ramaswamy.51/Documents/github/Spirals/Media/data/cluster/endsim/BehaviorSearch/Step6_Trial""","true","0","1","0","0","true","false","0.46793525445955775","4","0.2414727950330111"
"1","40","1000","1","""HK""","0.04","false","""normal""","1","""constant""","0","""Scale-free""","4","0","1","""uniform""","""deterministic-normal""","0","0","1","""normal""","1","0.4","false","""/home/ramaswamy.51/Documents/github/Spirals/Media/data/cluster/endsim/BehaviorSearch/Step6_Trial""","true","0","1","0","0","true","false","0.5806552991675614","4","0.2414727950330111"
"1","44","1000","1","""HK""","0.2","false","""normal""","1","""constant""","0.5","""Scale-free""","2","0","1","""uniform""","""deterministic-normal""","0","0","1","""normal""","-1","0.7000000000000001","false","""/home/ramaswamy.51/Documents/github/Spirals/Media/data/cluster/endsim/BehaviorSearch/Step6_Trial""","true","0","1","0","0","true","false","0.3991199445327224","4","0.2414727950330111"
"1","48","1000","1","""HK""","0.11","false","""normal""","1","""constant""","0.30000000000000004","""Scale-free""","5","0","1","""uniform""","""deterministic-normal""","0","0","1","""normal""","1","0.5","false","""/home/ramaswamy.51/Documents/github/Spirals/Media/data/cluster/endsim/BehaviorSearch/Step6_Trial""","true","0","1","0","0","true","false","0.4237109538206064","4","0.2414727950330111"
"1","52","1000","1","""HK""","0.25","false","""normal""","1","""constant""","0","""Scale-free""","4","0","1","""uniform""","""deterministic-normal""","0","0","1","""normal""","-0.9","0.5","false","""/home/ramaswamy.51/Documents/github/Spirals/Media/data/cluster/endsim/BehaviorSearch/Step6_Trial""","true","0","1","0","0","true","false","0.5095184510641297","4","0.2414727950330111"
"1","56","1000","1","""HK""","0.24000000000000002","false","""normal""","1","""constant""","0.4","""Scale-free""","2","0","1","""uniform""","""deterministic-normal""","0","0","1","""normal""","0","0.8","false","""/home/ramaswamy.51/Documents/github/Spirals/Media/data/cluster/endsim/BehaviorSearch/Step6_Trial""","true","0","1","0","0","true","false","0.38672145336359626","4","0.2414727950330111"
"1","60","1000","1","""HK""","0.01","false","""normal""","1","""constant""","0.4","""Scale-free""","5","0","1","""uniform""","""deterministic-normal""","0","0","1","""normal""","0.10000000000000009","0.6000000000000001","false","""/home/ramaswamy.51/Documents/github/Spirals/Media/data/cluster/endsim/BehaviorSearch/Step6_Trial""","true","0","1","0","0","true","false","0.3753333153751325","4","0.2414727950330111"
"1","64","1000","1","""HK""","0.09","false","""normal""","1","""constant""","0.30000000000000004","""Scale-free""","3","0","1","""uniform""","""deterministic-normal""","0","0","1","""normal""","0.8","0.4","false","""/home/ramaswamy.51/Documents/github/Spirals/Media/data/cluster/endsim/BehaviorSearch/Step6_Trial""","true","0","1","0","0","true","false","0.4154391174489928","4","0.2414727950330111"
"1","68","1000","1","""HK""","0.2","false","""normal""","1","""constant""","0.5","""Scale-free""","3","0","1","""uniform""","""deterministic-normal""","0","0","1","""normal""","-0.09999999999999998","0.9","false","""/home/ramaswamy.51/Documents/github/Spirals/Media/data/cluster/endsim/BehaviorSearch/Step6_Trial""","true","0","1","0","0","true","false","0.39003565725699196","4","0.2414727950330111"
"1","72","1000","1","""HK""","0.09","false","""normal""","1","""constant""","0.4","""Scale-free""","4","0","1","""uniform""","""deterministic-normal""","0","0","1","""normal""","1","0.1","false","""/home/ramaswamy.51/Documents/github/Spirals/Media/data/cluster/endsim/BehaviorSearch/Step6_Trial""","true","0","1","0","0","true","false","0.42485060147823983","4","0.2414727950330111"
"1","76","1000","1","""HK""","0.15000000000000002","false","""normal""","1","""constant""","0.1","""Scale-free""","1","0","1","""uniform""","""deterministic-normal""","0","0","1","""normal""","0.5","0.7000000000000001","false","""/home/ramaswamy.51/Documents/github/Spirals/Media/data/cluster/endsim/BehaviorSearch/Step6_Trial""","true","0","1","0","0","true","false","0.2870174246012594","4","0.2414727950330111"
"1","80","1000","1","""HK""","0.11","false","""normal""","1","""constant""","0.2","""Scale-free""","1","0","1","""uniform""","""deterministic-normal""","0","0","1","""normal""","-0.6","0.30000000000000004","false","""/home/ramaswamy.51/Documents/github/Spirals/Media/data/cluster/endsim/BehaviorSearch/Step6_Trial""","true","0","1","0","0","true","false","0.3565332782186815","4","0.2414727950330111"
"1","84","1000","1","""HK""","0.03","false","""normal""","1","""constant""","0.2","""Scale-free""","5","0","1","""uniform""","""deterministic-normal""","0","0","1","""normal""","0.9000000000000001","0.2","false","""/home/ramaswamy.51/Documents/github/Spirals/Media/data/cluster/endsim/BehaviorSearch/Step6_Trial""","true","0","1","0","0","true","false","0.4278391006147962","4","0.2414727950330111"
"1","88","1000","1","""HK""","0.2","false","""normal""","1","""constant""","0.5","""Scale-free""","2","0","1","""uniform""","""deterministic-normal""","0","0","1","""normal""","-0.8","0.9","false","""/home/ramaswamy.51/Documents/github/Spirals/Media/data/cluster/endsim/BehaviorSearch/Step6_Trial""","true","0","1","0","0","true","false","0.3912044191950481","4","0.2414727950330111"
"1","92","1000","1","""HK""","0.04","false","""normal""","1","""constant""","0.5","""Scale-free""","2","0","1","""uniform""","""deterministic-normal""","0","0","1","""normal""","0.5","0.1","false","""/home/ramaswamy.51/Documents/github/Spirals/Media/data/cluster/endsim/BehaviorSearch/Step6_Trial""","true","0","1","0","0","true","false","0.42743085552358534","4","0.2414727950330111"
"1","96","1000","1","""HK""","0.28","false","""normal""","1","""constant""","0.30000000000000004","""Scale-free""","2","0","1","""uniform""","""deterministic-normal""","0","0","1","""normal""","0.30000000000000004","0.5","false","""/home/ramaswamy.51/Documents/github/Spirals/Media/data/cluster/endsim/BehaviorSearch/Step6_Trial""","true","0","1","0","0","true","false","0.41054697786553807","4","0.2414727950330111"
"1","100","1000","1","""HK""","0.17","false","""normal""","1","""constant""","0.5","""Scale-free""","5","0","1","""uniform""","""deterministic-normal""","0","0","1","""normal""","-0.3999999999999999","0.1","false","""/home/ramaswamy.51/Documents/github/Spirals/Media/data/cluster/endsim/BehaviorSearch/Step6_Trial""","true","0","1","0","0","true","false","0.45997409385701593","4","0.2414727950330111"
"1","104","1000","1","""HK""","0.24000000000000002","false","""normal""","1","""constant""","0.5","""Scale-free""","4","0","1","""uniform""","""deterministic-normal""","0","0","1","""normal""","1","0.30000000000000004","false","""/home/ramaswamy.51/Documents/github/Spirals/Media/data/cluster/endsim/BehaviorSearch/Step6_Trial""","true","0","1","0","0","true","false","0.44326320125010427","4","0.2414727950330111"
"1","108","1000","1","""HK""","0.14","false","""normal""","1","""constant""","0.1","""Scale-free""","3","0","1","""uniform""","""deterministic-normal""","0","0","1","""normal""","-0.9","0.6000000000000001","false","""/home/ramaswamy.51/Documents/github/Spirals/Media/data/cluster/endsim/BehaviorSearch/Step6_Trial""","true","0","1","0","0","true","false","0.38975417656413913","4","0.2414727950330111"
"1","112","1000","1","""HK""","0.19","false","""normal""","1","""constant""","0.1","""Scale-free""","2","0","1","""uniform""","""deterministic-normal""","0","0","1","""normal""","-0.09999999999999998","0.4","false","""/home/ramaswamy.51/Documents/github/Spirals/Media/data/cluster/endsim/BehaviorSearch/Step6_Trial""","true","0","1","0","0","true","false","0.40641767377948235","4","0.2414727950330111"
"1","116","1000","1","""HK""","0.18000000000000002","false","""normal""","1","""constant""","0","""Scale-free""","4","0","1","""uniform""","""deterministic-normal""","0","0","1","""normal""","-1","0.9","false","""/home/ramaswamy.51/Documents/github/Spirals/Media/data/cluster/endsim/BehaviorSearch/Step6_Trial""","true","0","1","0","0","true","false","0.5095184510641297","4","0.2414727950330111"
"1","120","1000","1","""HK""","0.2","false","""normal""","1","""constant""","0","""Scale-free""","5","0","1","""uniform""","""deterministic-normal""","0","0","1","""normal""","0.9000000000000001","0","false","""/home/ramaswamy.51/Documents/github/Spirals/Media/data/cluster/endsim/BehaviorSearch/Step6_Trial""","true","0","1","0","0","true","false","0.5095184510641297","4","0.2414727950330111"
"1","124","1000","1","""HK""","0.2","false","""normal""","1","""constant""","0.4","""Scale-free""","4","0","1","""uniform""","""deterministic-normal""","0","0","1","""normal""","0.10000000000000009","0.6000000000000001","false","""/home/ramaswamy.51/Documents/github/Spirals/Media/data/cluster/endsim/BehaviorSearch/Step6_Trial""","true","0","1","0","0","true","false","0.39949363806087773","4","0.2414727950330111"
"1","128","1000","1","""HK""","0.15000000000000002","false","""normal""","1","""constant""","0.2","""Scale-free""","1","0","1","""uniform""","""deterministic-normal""","0","0","1","""normal""","0.5","0.7000000000000001","false","""/home/ramaswamy.51/Documents/github/Spirals/Media/data/cluster/endsim/BehaviorSearch/Step6_Trial""","true","0","1","0","0","true","false","0.3133758992894514","4","0.2414727950330111"
"1","132","1000","1","""HK""","0.11","false","""normal""","1","""constant""","0.2","""Scale-free""","5","0","1","""uniform""","""deterministic-normal""","0","0","1","""normal""","-0.19999999999999996","0.9","false","""/home/ramaswamy.51/Documents/github/Spirals/Media/data/cluster/endsim/BehaviorSearch/Step6_Trial""","true","0","1","0","0","true","false","0.33566639645772917","4","0.2414727950330111"
"1","136","1000","1","""HK""","0.29000000000000004","false","""normal""","1","""constant""","0.5","""Scale-free""","5","0","1","""uniform""","""deterministic-normal""","0","0","1","""normal""","0.40000000000000013","0.4","false","""/home/ramaswamy.51/Documents/github/Spirals/Media/data/cluster/endsim/BehaviorSearch/Step6_Trial""","true","0","1","0","0","true","false","0.44916086512779796","4","0.2414727950330111"
"1","140","1000","1","""HK""","0.19","false","""normal""","1","""constant""","0.2","""Scale-free""","4","0","1","""uniform""","""deterministic-normal""","0","0","1","""normal""","-0.29999999999999993","0.7000000000000001","false","""/home/ramaswamy.51/Documents/github/Spirals/Media/data/cluster/endsim/BehaviorSearch/Step6_Trial""","true","0","1","0","0","true","false","0.3712520839028156","4","0.2414727950330111"
"1","144","1000","1","""HK""","0.19","false","""normal""","1","""constant""","0.2","""Scale-free""","4","0","1","""uniform""","""deterministic-normal""","0","0","1","""normal""","0","0.7000000000000001","false","""/home/ramaswamy.51/Documents/github/Spirals/Media/data/cluster/endsim/BehaviorSearch/Step6_Trial""","true","0","1","0","0","true","false","0.36387086132004487","4","0.2414727950330111"
"1","148","1000","1","""HK""","0.15000000000000002","false","""normal""","1","""constant""","0.1","""Scale-free""","1","0","1","""uniform""","""deterministic-normal""","0","0","1","""normal""","0.40000000000000013","0.7000000000000001","false","""/home/ramaswamy.51/Documents/github/Spirals/Media/data/cluster/endsim/BehaviorSearch/Step6_Trial""","true","0","1","0","0","true","false","0.29577002044785095","4","0.2414727950330111"
"1","152","1000","1","""HK""","0.19","false","""normal""","1","""constant""","0.2","""Scale-free""","5","0","1","""uniform""","""deterministic-normal""","0","0","1","""normal""","0.5","0.7000000000000001","false","""/home/ramaswamy.51/Documents/github/Spirals/Media/data/cluster/endsim/BehaviorSearch/Step6_Trial""","true","0","1","0","0","true","false","0.3854627321356159","4","0.2414727950330111"
"1","156","1000","1","""HK""","0.01","false","""normal""","1","""constant""","0.4","""Scale-free""","5","0","1","""uniform""","""deterministic-normal""","0","0","1","""normal""","-0.29999999999999993","0.7000000000000001","false","""/home/ramaswamy.51/Documents/github/Spirals/Media/data/cluster/endsim/BehaviorSearch/Step6_Trial""","true","0","1","0","0","true","false","0.372649063957929","4","0.2414727950330111"
"1","160","1000","1","""HK""","0.2","false","""normal""","1","""constant""","0.5","""Scale-free""","3","0","1","""uniform""","""deterministic-normal""","0","0","1","""normal""","-0.19999999999999996","1","false","""/home/ramaswamy.51/Documents/github/Spirals/Media/data/cluster/endsim/BehaviorSearch/Step6_Trial""","true","0","1","0","0","true","false","0.37974514790545477","4","0.2414727950330111"
"1","164","1000","1","""HK""","0.01","false","""normal""","1","""constant""","0.4","""Scale-free""","5","0","1","""uniform""","""deterministic-normal""","0","0","1","""normal""","0.40000000000000013","0.7000000000000001","false","""/home/ramaswamy.51/Documents/github/Spirals/Media/data/cluster/endsim/BehaviorSearch/Step6_Trial""","true","0","1","0","0","true","false","0.37533618458987145","4","0.2414727950330111"
"1","168","1000","1","""HK""","0.19","false","""normal""","1","""constant""","0.2","""Scale-free""","1","0","1","""uniform""","""deterministic-normal""","0","0","1","""normal""","-0.6","0.2","false","""/home/ramaswamy.51/Documents/github/Spirals/Media/data/cluster/endsim/BehaviorSearch/Step6_Trial""","true","0","1","0","0","true","false","0.38731638752812997","4","0.2414727950330111"
"1","172","1000","1","""HK""","0.19","false","""normal""","1","""constant""","0.30000000000000004","""Scale-free""","5","0","1","""uniform""","""deterministic-normal""","0","0","1","""normal""","-0.29999999999999993","0.7000000000000001","false","""/home/ramaswamy.51/Documents/github/Spirals/Media/data/cluster/endsim/BehaviorSearch/Step6_Trial""","true","0","1","0","0","true","false","0.39122241357015075","4","0.2414727950330111"
"1","176","1000","1","""HK""","0.09999999999999999","false","""normal""","1","""constant""","0.1","""Scale-free""","1","0","1","""uniform""","""deterministic-normal""","0","0","1","""normal""","-0.5","0.30000000000000004","false","""/home/ramaswamy.51/Documents/github/Spirals/Media/data/cluster/endsim/BehaviorSearch/Step6_Trial""","true","0","1","0","0","true","false","0.3321191674053199","4","0.2414727950330111"
"1","180","1000","1","""HK""","0.11","false","""normal""","1","""constant""","0.2","""Scale-free""","1","0","1","""uniform""","""deterministic-normal""","0","0","1","""normal""","0.5","0.9","false","""/home/ramaswamy.51/Documents/github/Spirals/Media/data/cluster/endsim/BehaviorSearch/Step6_Trial""","true","0","1","0","0","true","false","0.28119560446422776","4","0.2414727950330111"
"1","184","1000","1","""HK""","0.13","false","""normal""","1","""constant""","0.2","""Scale-free""","1","0","1","""uniform""","""deterministic-normal""","0","0","1","""normal""","0.5","0.7000000000000001","false","""/home/ramaswamy.51/Documents/github/Spirals/Media/data/cluster/endsim/BehaviorSearch/Step6_Trial""","true","0","1","0","0","true","false","0.30292262343950294","4","0.2414727950330111"
"1","188","1000","1","""HK""","0.01","false","""normal""","1","""constant""","0.4","""Scale-free""","5","0","1","""uniform""","""deterministic-normal""","0","0","1","""normal""","-0.3999999999999999","0.7000000000000001","false","""/home/ramaswamy.51/Documents/github/Spirals/Media/data/cluster/endsim/BehaviorSearch/Step6_Trial""","true","0","1","0","0","true","false","0.3739171592643566","4","0.2414727950330111"
"1","192","1000","1","""HK""","0.15000000000000002","false","""normal""","1","""constant""","0.1","""Scale-free""","2","0","1","""uniform""","""deterministic-normal""","0","0","1","""normal""","0.40000000000000013","0.7000000000000001","false","""/home/ramaswamy.51/Documents/github/Spirals/Media/data/cluster/endsim/BehaviorSearch/Step6_Trial""","true","0","1","0","0","true","false","0.3311021125928234","4","0.2414727950330111"
"1","196","1000","1","""HK""","0.11","false","""normal""","1","""constant""","0.30000000000000004","""Scale-free""","5","0","1","""uniform""","""deterministic-normal""","0","0","1","""normal""","-0.29999999999999993","0.9","false","""/home/ramaswamy.51/Documents/github/Spirals/Media/data/cluster/endsim/BehaviorSearch/Step6_Trial""","true","0","1","0","0","true","false","0.37257730731199595","4","0.2414727950330111"
"1","200","1000","1","""HK""","0.11","false","""normal""","1","""constant""","0.2","""Scale-free""","1","0","1","""uniform""","""deterministic-normal""","0","0","1","""normal""","-0.7","0.30000000000000004","false","""/home/ramaswamy.51/Documents/github/Spirals/Media/data/cluster/endsim/BehaviorSearch/Step6_Trial""","true","0","1","0","0","true","false","0.35799374759431984","4","0.2414727950330111"
"1","204","1000","1","""HK""","0.24000000000000002","false","""normal""","1","""constant""","0.2","""Scale-free""","1","0","1","""uniform""","""deterministic-normal""","0","0","1","""normal""","-0.6","0.30000000000000004","false","""/home/ramaswamy.51/Documents/github/Spirals/Media/data/cluster/endsim/BehaviorSearch/Step6_Trial""","true","0","1","0","0","true","false","0.4055290487871491","4","0.2414727950330111"
"1","208","1000","1","""HK""","0.11","false","""normal""","1","""constant""","0.2","""Scale-free""","1","0","1","""uniform""","""deterministic-normal""","0","0","1","""normal""","-0.6","0.4","false","""/home/ramaswamy.51/Documents/github/Spirals/Media/data/cluster/endsim/BehaviorSearch/Step6_Trial""","true","0","1","0","0","true","false","0.3480522767181203","4","0.2414727950330111"
"1","212","1000","1","""HK""","0.16","false","""normal""","1","""constant""","0.2","""Scale-free""","1","0","1","""uniform""","""deterministic-normal""","0","0","1","""normal""","0.5","0.7000000000000001","false","""/home/ramaswamy.51/Documents/github/Spirals/Media/data/cluster/endsim/BehaviorSearch/Step6_Trial""","true","0","1","0","0","true","false","0.3256224345902025","4","0.2414727950330111"
"1","216","1000","1","""HK""","0.11","false","""normal""","1","""constant""","0.2","""Scale-free""","1","0","1","""uniform""","""deterministic-normal""","0","0","1","""normal""","-0.19999999999999996","0.8","false","""/home/ramaswamy.51/Documents/github/Spirals/Media/data/cluster/endsim/BehaviorSearch/Step6_Trial""","true","0","1","0","0","true","false","0.2840884991232428","4","0.2414727950330111"
"1","220","1000","1","""HK""","0.15000000000000002","false","""normal""","1","""constant""","0.2","""Scale-free""","1","0","1","""uniform""","""deterministic-normal""","0","0","1","""normal""","0.40000000000000013","0.6000000000000001","false","""/home/ramaswamy.51/Documents/github/Spirals/Media/data/cluster/endsim/BehaviorSearch/Step6_Trial""","true","0","1","0","0","true","false","0.31618450131078296","4","0.2414727950330111"
"1","224","1000","1","""HK""","0.11","false","""normal""","1","""constant""","0.2","""Scale-free""","1","0","1","""uniform""","""deterministic-normal""","0","0","1","""normal""","0.40000000000000013","0.7000000000000001","false","""/home/ramaswamy.51/Documents/github/Spirals/Media/data/cluster/endsim/BehaviorSearch/Step6_Trial""","true","0","1","0","0","true","false","0.29042480835217627","4","0.2414727950330111"
"1","228","1000","1","""HK""","0.11","false","""normal""","1","""constant""","0.2","""Scale-free""","1","0","1","""uniform""","""deterministic-normal""","0","0","1","""normal""","0","0.8","false","""/home/ramaswamy.51/Documents/github/Spirals/Media/data/cluster/endsim/BehaviorSearch/Step6_Trial""","true","0","1","0","0","true","false","0.27210696811214097","4","0.2414727950330111"
"1","232","1000","1","""HK""","0.12","false","""normal""","1","""constant""","0.1","""Scale-free""","1","0","1","""uniform""","""deterministic-normal""","0","0","1","""normal""","0.40000000000000013","0.8","false","""/home/ramaswamy.51/Documents/github/Spirals/Media/data/cluster/endsim/BehaviorSearch/Step6_Trial""","true","0","1","0","0","true","false","0.23552979956366527","4","0.23552979956366527"
"1","236","1000","1","""HK""","0.15000000000000002","false","""normal""","1","""constant""","0.2","""Scale-free""","1","0","1","""uniform""","""deterministic-normal""","0","0","1","""normal""","0.40000000000000013","0.7000000000000001","false","""/home/ramaswamy.51/Documents/github/Spirals/Media/data/cluster/endsim/BehaviorSearch/Step6_Trial""","true","0","1","0","0","true","false","0.3147135545346521","4","0.23552979956366527"
"1","240","1000","1","""HK""","0.13","false","""normal""","1","""constant""","0.2","""Scale-free""","1","0","1","""uniform""","""deterministic-normal""","0","0","1","""normal""","0.40000000000000013","0.7000000000000001","false","""/home/ramaswamy.51/Documents/github/Spirals/Media/data/cluster/endsim/BehaviorSearch/Step6_Trial""","true","0","1","0","0","true","false","0.29742380958810793","4","0.23552979956366527"
"1","244","1000","1","""HK""","0.11","false","""normal""","1","""constant""","0.2","""Scale-free""","2","0","1","""uniform""","""deterministic-normal""","0","0","1","""normal""","-0.19999999999999996","0.8","false","""/home/ramaswamy.51/Documents/github/Spirals/Media/data/cluster/endsim/BehaviorSearch/Step6_Trial""","true","0","1","0","0","true","false","0.30908170597960577","4","0.23552979956366527"
"1","248","1000","1","""HK""","0.14","false","""normal""","1","""constant""","0.2","""Scale-free""","1","0","1","""uniform""","""deterministic-normal""","0","0","1","""normal""","-0.29999999999999993","0.8","false","""/home/ramaswamy.51/Documents/github/Spirals/Media/data/cluster/endsim/BehaviorSearch/Step6_Trial""","true","0","1","0","0","true","false","0.2900608555214283","4","0.23552979956366527"
"1","252","1000","1","""HK""","0.11","false","""normal""","1","""constant""","0.2","""Scale-free""","1","0","1","""uniform""","""deterministic-normal""","0","0","1","""normal""","0.20000000000000018","0.8","false","""/home/ramaswamy.51/Documents/github/Spirals/Media/data/cluster/endsim/BehaviorSearch/Step6_Trial""","true","0","1","0","0","true","false","0.2762873010107538","4","0.23552979956366527"
"1","256","1000","1","""HK""","0.15000000000000002","false","""normal""","1","""constant""","0.2","""Scale-free""","1","0","1","""uniform""","""deterministic-normal""","0","0","1","""normal""","0.7000000000000002","0.7000000000000001","false","""/home/ramaswamy.51/Documents/github/Spirals/Media/data/cluster/endsim/BehaviorSearch/Step6_Trial""","true","0","1","0","0","true","false","0.3270412074353026","4","0.23552979956366527"
"1","260","1000","1","""HK""","0.2","false","""normal""","1","""constant""","0.2","""Scale-free""","1","0","1","""uniform""","""deterministic-normal""","0","0","1","""normal""","0.5","0.7000000000000001","false","""/home/ramaswamy.51/Documents/github/Spirals/Media/data/cluster/endsim/BehaviorSearch/Step6_Trial""","true","0","1","0","0","true","false","0.34224870183836104","4","0.23552979956366527"
"1","264","1000","1","""HK""","0.09999999999999999","false","""normal""","1","""constant""","0.2","""Scale-free""","1","0","1","""uniform""","""deterministic-normal""","0","0","1","""normal""","-0.09999999999999998","0.8","false","""/home/ramaswamy.51/Documents/github/Spirals/Media/data/cluster/endsim/BehaviorSearch/Step6_Trial""","true","0","1","0","0","true","false","0.26627821502709836","4","0.23552979956366527"
"1","268","1000","1","""HK""","0.04","false","""normal""","1","""constant""","0.2","""Scale-free""","1","0","1","""uniform""","""deterministic-normal""","0","0","1","""normal""","0","0.8","false","""/home/ramaswamy.51/Documents/github/Spirals/Media/data/cluster/endsim/BehaviorSearch/Step6_Trial""","true","0","1","0","0","true","false","0.22436915943429306","4","0.22436915943429306"
"1","272","1000","1","""HK""","0.15000000000000002","false","""normal""","1","""constant""","0.2","""Scale-free""","1","0","1","""uniform""","""deterministic-normal""","0","0","1","""normal""","0.7000000000000002","0.8","false","""/home/ramaswamy.51/Documents/github/Spirals/Media/data/cluster/endsim/BehaviorSearch/Step6_Trial""","true","0","1","0","0","true","false","0.3161775681714125","4","0.22436915943429306"
"1","276","1000","1","""HK""","0.11","false","""normal""","1","""constant""","0.2","""Scale-free""","2","0","1","""uniform""","""deterministic-normal""","0","0","1","""normal""","-0.09999999999999998","0.8","false","""/home/ramaswamy.51/Documents/github/Spirals/Media/data/cluster/endsim/BehaviorSearch/Step6_Trial""","true","0","1","0","0","true","false","0.2926257758008036","4","0.22436915943429306"
"1","280","1000","1","""HK""","0.17","false","""normal""","1","""constant""","0.2","""Scale-free""","1","0","1","""uniform""","""deterministic-normal""","0","0","1","""normal""","0.6000000000000001","0.9","false","""/home/ramaswamy.51/Documents/github/Spirals/Media/data/cluster/endsim/BehaviorSearch/Step6_Trial""","true","0","1","0","0","true","false","0.3116176033735375","4","0.22436915943429306"
"1","284","1000","1","""HK""","0.14","false","""normal""","1","""constant""","0.2","""Scale-free""","1","0","1","""uniform""","""deterministic-normal""","0","0","1","""normal""","0.40000000000000013","0.7000000000000001","false","""/home/ramaswamy.51/Documents/github/Spirals/Media/data/cluster/endsim/BehaviorSearch/Step6_Trial""","true","0","1","0","0","true","false","0.3011838717671229","4","0.22436915943429306"
"1","288","1000","1","""HK""","0.16","false","""normal""","1","""constant""","0.2","""Scale-free""","1","0","1","""uniform""","""deterministic-normal""","0","0","1","""normal""","0","0.8","false","""/home/ramaswamy.51/Documents/github/Spirals/Media/data/cluster/endsim/BehaviorSearch/Step6_Trial""","true","0","1","0","0","true","false","0.2943705708403196","4","0.22436915943429306"
"1","292","1000","1","""HK""","0.11","false","""normal""","1","""constant""","0.2","""Scale-free""","1","0","1","""uniform""","""deterministic-normal""","0","0","1","""normal""","0.6000000000000001","0.9","false","""/home/ramaswamy.51/Documents/github/Spirals/Media/data/cluster/endsim/BehaviorSearch/Step6_Trial""","true","0","1","0","0","true","false","0.2870237935710191","4","0.22436915943429306"
"1","296","1000","1","""HK""","0.13","false","""normal""","1","""constant""","0.2","""Scale-free""","1","0","1","""uniform""","""deterministic-normal""","0","0","1","""normal""","0.5","0.9","false","""/home/ramaswamy.51/Documents/github/Spirals/Media/data/cluster/endsim/BehaviorSearch/Step6_Trial""","true","0","1","0","0","true","false","0.3029100435249065","4","0.22436915943429306"
"1","300","1000","1","""HK""","0.11","false","""normal""","1","""constant""","0.2","""Scale-free""","1","0","1","""uniform""","""deterministic-normal""","0","0","1","""normal""","-0.09999999999999998","0.8","false","""/home/ramaswamy.51/Documents/github/Spirals/Media/data/cluster/endsim/BehaviorSearch/Step6_Trial""","true","0","1","0","0","true","false","0.28551327559276474","4","0.22436915943429306"
"1","304","1000","1","""HK""","0.09","false","""normal""","1","""constant""","0.2","""Scale-free""","1","0","1","""uniform""","""deterministic-normal""","0","0","1","""normal""","0","0.8","false","""/home/ramaswamy.51/Documents/github/Spirals/Media/data/cluster/endsim/BehaviorSearch/Step6_Trial""","true","0","1","0","0","true","false","0.2634518087735565","4","0.22436915943429306"
"1","308","1000","1","""HK""","0.15000000000000002","false","""normal""","1","""constant""","0.2","""Scale-free""","1","0","1","""uniform""","""deterministic-normal""","0","0","1","""normal""","-0.09999999999999998","0.8","false","""/home/ramaswamy.51/Documents/github/Spirals/Media/data/cluster/endsim/BehaviorSearch/Step6_Trial""","true","0","1","0","0","true","false","0.29270219324323127","4","0.22436915943429306"
"1","312","1000","1","""HK""","0.17","false","""normal""","1","""constant""","0.1","""Scale-free""","1","0","1","""uniform""","""deterministic-normal""","0","0","1","""normal""","0","0.7000000000000001","false","""/home/ramaswamy.51/Documents/github/Spirals/Media/data/cluster/endsim/BehaviorSearch/Step6_Trial""","true","0","1","0","0","true","false","0.31240120872574617","4","0.22436915943429306"
"1","316","1000","1","""HK""","0.13","false","""normal""","1","""constant""","0.2","""Scale-free""","1","0","1","""uniform""","""deterministic-normal""","0","0","1","""normal""","0.10000000000000009","0.8","false","""/home/ramaswamy.51/Documents/github/Spirals/Media/data/cluster/endsim/BehaviorSearch/Step6_Trial""","true","0","1","0","0","true","false","0.28646821593114574","4","0.22436915943429306"
"1","320","1000","1","""HK""","0.09999999999999999","false","""normal""","1","""constant""","0.1","""Scale-free""","1","0","1","""uniform""","""deterministic-normal""","0","0","1","""normal""","-0.09999999999999998","0.9","false","""/home/ramaswamy.51/Documents/github/Spirals/Media/data/cluster/endsim/BehaviorSearch/Step6_Trial""","true","0","1","0","0","true","false","0.19773133119307154","4","0.19773133119307154"
"1","324","1000","1","""HK""","0.09","false","""normal""","1","""constant""","0.2","""Scale-free""","1","0","1","""uniform""","""deterministic-normal""","0","0","1","""normal""","-0.09999999999999998","0.9","false","""/home/ramaswamy.51/Documents/github/Spirals/Media/data/cluster/endsim/BehaviorSearch/Step6_Trial""","true","0","1","0","0","true","false","0.2510880559917235","4","0.19773133119307154"
"1","328","1000","1","""HK""","0.09999999999999999","false","""normal""","1","""constant""","0.2","""Scale-free""","1","0","1","""uniform""","""deterministic-normal""","0","0","1","""normal""","0.5","0.9","false","""/home/ramaswamy.51/Documents/github/Spirals/Media/data/cluster/endsim/BehaviorSearch/Step6_Trial""","true","0","1","0","0","true","false","0.2728432170059787","4","0.19773133119307154"
"1","332","1000","1","""HK""","0.09999999999999999","false","""normal""","1","""constant""","0.1","""Scale-free""","1","0","1","""uniform""","""deterministic-normal""","0","0","1","""normal""","-0.7","0.9","false","""/home/ramaswamy.51/Documents/github/Spirals/Media/data/cluster/endsim/BehaviorSearch/Step6_Trial""","true","0","1","0","0","true","false","0.21626435161377527","4","0.19773133119307154"
"1","336","1000","1","""HK""","0.12","false","""normal""","1","""constant""","0.1","""Scale-free""","1","0","1","""uniform""","""deterministic-normal""","0","0","1","""normal""","-0.09999999999999998","0.9","false","""/home/ramaswamy.51/Documents/github/Spirals/Media/data/cluster/endsim/BehaviorSearch/Step6_Trial""","true","0","1","0","0","true","false","0.21860776166900822","4","0.19773133119307154"
"1","340","1000","1","""HK""","0.06999999999999999","false","""normal""","1","""constant""","0.1","""Scale-free""","1","0","1","""uniform""","""deterministic-normal""","0","0","1","""normal""","0","0.8","false","""/home/ramaswamy.51/Documents/github/Spirals/Media/data/cluster/endsim/BehaviorSearch/Step6_Trial""","true","0","1","0","0","true","false","0.151318443596632","4","0.151318443596632"
"1","344","1000","1","""HK""","0.09","false","""normal""","1","""constant""","0.2","""Scale-free""","1","0","1","""uniform""","""deterministic-normal""","0","0","1","""normal""","0.40000000000000013","0.9","false","""/home/ramaswamy.51/Documents/github/Spirals/Media/data/cluster/endsim/BehaviorSearch/Step6_Trial""","true","0","1","0","0","true","false","0.262710839628334","4","0.151318443596632"
"1","348","1000","1","""HK""","0.09999999999999999","false","""normal""","1","""constant""","0.2","""Scale-free""","1","0","1","""uniform""","""deterministic-normal""","0","0","1","""normal""","-0.09999999999999998","0.9","false","""/home/ramaswamy.51/Documents/github/Spirals/Media/data/cluster/endsim/BehaviorSearch/Step6_Trial""","true","0","1","0","0","true","false","0.25735417463549126","4","0.151318443596632"
"1","352","1000","1","""HK""","0.09999999999999999","false","""normal""","1","""constant""","0.2","""Scale-free""","1","0","1","""uniform""","""deterministic-normal""","0","0","1","""normal""","0","0.8","false","""/home/ramaswamy.51/Documents/github/Spirals/Media/data/cluster/endsim/BehaviorSearch/Step6_Trial""","true","0","1","0","0","true","false","0.2722351278243164","4","0.151318443596632"
"1","356","1000","1","""HK""","0.09999999999999999","false","""normal""","1","""constant""","0.30000000000000004","""Scale-free""","1","0","1","""uniform""","""deterministic-normal""","0","0","1","""normal""","0","0.7000000000000001","false","""/home/ramaswamy.51/Documents/github/Spirals/Media/data/cluster/endsim/BehaviorSearch/Step6_Trial""","true","0","1","0","0","true","false","0.3122149268807605","4","0.151318443596632"
"1","360","1000","1","""HK""","0.06999999999999999","false","""normal""","1","""constant""","0.1","""Scale-free""","1","0","1","""uniform""","""deterministic-normal""","0","0","1","""normal""","0","0.9","false","""/home/ramaswamy.51/Documents/github/Spirals/Media/data/cluster/endsim/BehaviorSearch/Step6_Trial""","true","0","1","0","0","true","false","0.14447331674856068","4","0.14447331674856068"
"1","364","1000","1","""HK""","0.12","false","""normal""","1","""constant""","0.1","""Scale-free""","1","0","1","""uniform""","""deterministic-normal""","0","0","1","""normal""","0.30000000000000004","0.8","false","""/home/ramaswamy.51/Documents/github/Spirals/Media/data/cluster/endsim/BehaviorSearch/Step6_Trial""","true","0","1","0","0","true","false","0.22678030424371892","4","0.14447331674856068"
"1","368","1000","1","""HK""","0.06999999999999999","false","""normal""","1","""constant""","0.1","""Scale-free""","1","0","1","""uniform""","""deterministic-normal""","0","0","1","""normal""","0","0.7000000000000001","false","""/home/ramaswamy.51/Documents/github/Spirals/Media/data/cluster/endsim/BehaviorSearch/Step6_Trial""","true","0","1","0","0","true","false","0.16169507246252024","4","0.14447331674856068"
"1","372","1000","1","""HK""","0.08","false","""normal""","1","""constant""","0.1","""Scale-free""","1","0","1","""uniform""","""deterministic-normal""","0","0","1","""normal""","0","0.8","false","""/home/ramaswamy.51/Documents/github/Spirals/Media/data/cluster/endsim/BehaviorSearch/Step6_Trial""","true","0","1","0","0","true","false","0.15990344462261294","4","0.14447331674856068"
"1","376","1000","1","""HK""","0.06999999999999999","false","""normal""","1","""constant""","0.2","""Scale-free""","1","0","1","""uniform""","""deterministic-normal""","0","0","1","""normal""","0.40000000000000013","0.9","false","""/home/ramaswamy.51/Documents/github/Spirals/Media/data/cluster/endsim/BehaviorSearch/Step6_Trial""","true","0","1","0","0","true","false","0.25286730598496904","4","0.14447331674856068"
"1","380","1000","1","""HK""","0.04","false","""normal""","1","""constant""","0.1","""Scale-free""","1","0","1","""uniform""","""deterministic-normal""","0","0","1","""normal""","0","0.7000000000000001","false","""/home/ramaswamy.51/Documents/github/Spirals/Media/data/cluster/endsim/BehaviorSearch/Step6_Trial""","true","0","1","0","0","true","false","0.11891256029597183","4","0.11891256029597183"
"1","384","1000","1","""HK""","0.06999999999999999","false","""normal""","1","""constant""","0.1","""Scale-free""","1","0","1","""uniform""","""deterministic-normal""","0","0","1","""normal""","-0.19999999999999996","0.8","false","""/home/ramaswamy.51/Documents/github/Spirals/Media/data/cluster/endsim/BehaviorSearch/Step6_Trial""","true","0","1","0","0","true","false","0.14923029034662172","4","0.11891256029597183"
"1","388","1000","1","""HK""","0.02","false","""normal""","1","""constant""","0.1","""Scale-free""","1","0","1","""uniform""","""deterministic-normal""","0","0","1","""normal""","-0.09999999999999998","0.8","false","""/home/ramaswamy.51/Documents/github/Spirals/Media/data/cluster/endsim/BehaviorSearch/Step6_Trial""","true","0","1","0","0","true","false","0.10318010919413105","4","0.10318010919413105"
"1","392","1000","1","""HK""","0.06999999999999999","false","""normal""","1","""constant""","0.1","""Scale-free""","1","0","1","""uniform""","""deterministic-normal""","0","0","1","""normal""","-0.09999999999999998","0.8","false","""/home/ramaswamy.51/Documents/github/Spirals/Media/data/cluster/endsim/BehaviorSearch/Step6_Trial""","true","0","1","0","0","true","false","0.15101375377424991","4","0.10318010919413105"
"1","396","1000","1","""HK""","0.06999999999999999","false","""normal""","1","""constant""","0.1","""Scale-free""","1","0","1","""uniform""","""deterministic-normal""","0","0","1","""normal""","-0.09999999999999998","0.9","false","""/home/ramaswamy.51/Documents/github/Spirals/Media/data/cluster/endsim/BehaviorSearch/Step6_Trial""","true","0","1","0","0","true","false","0.15123655922814705","4","0.10318010919413105"
"1","400","1000","1","""HK""","0.06999999999999999","false","""normal""","1","""constant""","0.1","""Scale-free""","1","0","1","""uniform""","""deterministic-normal""","0","0","1","""normal""","0.10000000000000009","0.8","false","""/home/ramaswamy.51/Documents/github/Spirals/Media/data/cluster/endsim/BehaviorSearch/Step6_Trial""","true","0","1","0","0","true","false","0.1464596388749662","4","0.10318010919413105"
"1","404","1000","1","""HK""","0.05","false","""normal""","1","""constant""","0.1","""Scale-free""","1","0","1","""uniform""","""deterministic-normal""","0","0","1","""normal""","-0.3999999999999999","0.8","false","""/home/ramaswamy.51/Documents/github/Spirals/Media/data/cluster/endsim/BehaviorSearch/Step6_Trial""","true","0","1","0","0","true","false","0.13770630177792914","4","0.10318010919413105"
"1","408","1000","1","""HK""","0.04","false","""normal""","1","""constant""","0.1","""Scale-free""","1","0","1","""uniform""","""deterministic-normal""","0","0","1","""normal""","0","0.8","false","""/home/ramaswamy.51/Documents/github/Spirals/Media/data/cluster/endsim/BehaviorSearch/Step6_Trial""","true","0","1","0","0","true","false","0.10928561594637648","4","0.10318010919413105"
"1","412","1000","1","""HK""","0.06999999999999999","false","""normal""","1","""constant""","0.1","""Scale-free""","1","0","1","""uniform""","""deterministic-normal""","0","0","1","""normal""","-0.3999999999999999","0.8","false","""/home/ramaswamy.51/Documents/github/Spirals/Media/data/cluster/endsim/BehaviorSearch/Step6_Trial""","true","0","1","0","0","true","false","0.16686447184490447","4","0.10318010919413105"
"1","416","1000","1","""HK""","0.04","false","""normal""","1","""constant""","0.1","""Scale-free""","1","0","1","""uniform""","""deterministic-normal""","0","0","1","""normal""","-0.29999999999999993","0.8","false","""/home/ramaswamy.51/Documents/github/Spirals/Media/data/cluster/endsim/BehaviorSearch/Step6_Trial""","true","0","1","0","0","true","false","0.12034318955248449","4","0.10318010919413105"
"1","420","1000","1","""HK""","0.06999999999999999","false","""normal""","1","""constant""","0.1","""Scale-free""","2","0","1","""uniform""","""deterministic-normal""","0","0","1","""normal""","-0.19999999999999996","0.8","false","""/home/ramaswamy.51/Documents/github/Spirals/Media/data/cluster/endsim/BehaviorSearch/Step6_Trial""","true","0","1","0","0","true","false","0.19312621877495478","4","0.10318010919413105"
"1","424","1000","1","""HK""","0.09","false","""normal""","1","""constant""","0","""Scale-free""","1","0","1","""uniform""","""deterministic-normal""","0","0","1","""normal""","-0.09999999999999998","0.8","false","""/home/ramaswamy.51/Documents/github/Spirals/Media/data/cluster/endsim/BehaviorSearch/Step6_Trial""","true","0","1","0","0","true","false","0.2191939770324084","4","0.10318010919413105"
"1","428","1000","1","""HK""","0.02","false","""normal""","1","""constant""","0.1","""Scale-free""","1","0","1","""uniform""","""deterministic-normal""","0","0","1","""normal""","-0.5","0.7000000000000001","false","""/home/ramaswamy.51/Documents/github/Spirals/Media/data/cluster/endsim/BehaviorSearch/Step6_Trial""","true","0","1","0","0","true","false","0.15095028997384868","4","0.10318010919413105"
"1","432","1000","1","""HK""","0.06999999999999999","false","""normal""","1","""constant""","0.1","""Scale-free""","1","0","1","""uniform""","""deterministic-normal""","0","0","1","""normal""","0.10000000000000009","0.7000000000000001","false","""/home/ramaswamy.51/Documents/github/Spirals/Media/data/cluster/endsim/BehaviorSearch/Step6_Trial""","true","0","1","0","0","true","false","0.15680411295352442","4","0.10318010919413105"
"1","436","1000","1","""HK""","0.06999999999999999","false","""normal""","1","""constant""","0.1","""Scale-free""","1","0","1","""uniform""","""deterministic-normal""","0","0","1","""normal""","-0.5","0.8","false","""/home/ramaswamy.51/Documents/github/Spirals/Media/data/cluster/endsim/BehaviorSearch/Step6_Trial""","true","0","1","0","0","true","false","0.1834752026989694","4","0.10318010919413105"
"1","440","1000","1","""HK""","0.04","false","""normal""","1","""constant""","0","""Scale-free""","1","0","1","""uniform""","""deterministic-normal""","0","0","1","""normal""","0","0.7000000000000001","false","""/home/ramaswamy.51/Documents/github/Spirals/Media/data/cluster/endsim/BehaviorSearch/Step6_Trial""","true","0","1","0","0","true","false","0.15400947433424814","4","0.10318010919413105"
"1","444","1000","1","""HK""","0.02","false","""normal""","1","""constant""","0.1","""Scale-free""","1","0","1","""uniform""","""deterministic-normal""","0","0","1","""normal""","0","0.8","false","""/home/ramaswamy.51/Documents/github/Spirals/Media/data/cluster/endsim/BehaviorSearch/Step6_Trial""","true","0","1","0","0","true","false","0.10513441017385311","4","0.10318010919413105"
"1","448","1000","1","""HK""","0.04","false","""normal""","1","""constant""","0.1","""Scale-free""","1","0","1","""uniform""","""deterministic-normal""","0","0","1","""normal""","-0.09999999999999998","0.8","false","""/home/ramaswamy.51/Documents/github/Spirals/Media/data/cluster/endsim/BehaviorSearch/Step6_Trial""","true","0","1","0","0","true","false","0.1223841424645919","4","0.10318010919413105"
"1","452","1000","1","""HK""","0.04","false","""normal""","1","""constant""","0.1","""Scale-free""","2","0","1","""uniform""","""deterministic-normal""","0","0","1","""normal""","-0.7","0.8","false","""/home/ramaswamy.51/Documents/github/Spirals/Media/data/cluster/endsim/BehaviorSearch/Step6_Trial""","true","0","1","0","0","true","false","0.18728073777483573","4","0.10318010919413105"
"1","456","1000","1","""HK""","0.02","false","""normal""","1","""constant""","0.1","""Scale-free""","1","0","1","""uniform""","""deterministic-normal""","0","0","1","""normal""","-0.3999999999999999","0.8","false","""/home/ramaswamy.51/Documents/github/Spirals/Media/data/cluster/endsim/BehaviorSearch/Step6_Trial""","true","0","1","0","0","true","false","0.11886517493357514","4","0.10318010919413105"
"1","460","1000","1","""HK""","0.02","false","""normal""","1","""constant""","0.1","""Scale-free""","1","0","1","""uniform""","""deterministic-normal""","0","0","1","""normal""","-0.19999999999999996","1","false","""/home/ramaswamy.51/Documents/github/Spirals/Media/data/cluster/endsim/BehaviorSearch/Step6_Trial""","true","0","1","0","0","true","false","0.09094406086967835","4","0.09094406086967835"
"1","464","1000","1","""HK""","0.03","false","""normal""","1","""constant""","0.1","""Scale-free""","1","0","1","""uniform""","""deterministic-normal""","0","0","1","""normal""","-0.09999999999999998","0.7000000000000001","false","""/home/ramaswamy.51/Documents/github/Spirals/Media/data/cluster/endsim/BehaviorSearch/Step6_Trial""","true","0","1","0","0","true","false","0.11904330127515916","4","0.09094406086967835"
"1","468","1000","1","""HK""","0.04","false","""normal""","1","""constant""","0","""Scale-free""","1","0","1","""uniform""","""deterministic-normal""","0","0","1","""normal""","0","0.8","false","""/home/ramaswamy.51/Documents/github/Spirals/Media/data/cluster/endsim/BehaviorSearch/Step6_Trial""","true","0","1","0","0","true","false","0.16503002306108677","4","0.09094406086967835"
"1","472","1000","1","""HK""","0.02","false","""normal""","1","""constant""","0.1","""Scale-free""","1","0","1","""uniform""","""deterministic-normal""","0","0","1","""normal""","0.20000000000000018","0.7000000000000001","false","""/home/ramaswamy.51/Documents/github/Spirals/Media/data/cluster/endsim/BehaviorSearch/Step6_Trial""","true","0","1","0","0","true","false","0.116758097861511","4","0.09094406086967835"
"1","476","1000","1","""HK""","0.02","false","""normal""","1","""constant""","0.1","""Scale-free""","1","0","1","""uniform""","""deterministic-normal""","0","0","1","""normal""","-0.09999999999999998","0.7000000000000001","false","""/home/ramaswamy.51/Documents/github/Spirals/Media/data/cluster/endsim/BehaviorSearch/Step6_Trial""","true","0","1","0","0","true","false","0.10297381596870198","4","0.09094406086967835"
"1","480","1000","1","""HK""","0.02","false","""normal""","1","""constant""","0.1","""Scale-free""","1","0","1","""uniform""","""deterministic-normal""","0","0","1","""normal""","-0.09999999999999998","0.6000000000000001","false","""/home/ramaswamy.51/Documents/github/Spirals/Media/data/cluster/endsim/BehaviorSearch/Step6_Trial""","true","0","1","0","0","true","false","0.12526163861942824","4","0.09094406086967835"
"1","484","1000","1","""HK""","0.01","false","""normal""","1","""constant""","0.2","""Scale-free""","1","0","1","""uniform""","""deterministic-normal""","0","0","1","""normal""","-0.09999999999999998","0.8","false","""/home/ramaswamy.51/Documents/github/Spirals/Media/data/cluster/endsim/BehaviorSearch/Step6_Trial""","true","0","1","0","0","true","false","0.21247362661614566","4","0.09094406086967835"
"1","488","1000","1","""HK""","0.01","false","""normal""","1","""constant""","0.1","""Scale-free""","1","0","1","""uniform""","""deterministic-normal""","0","0","1","""normal""","-0.09999999999999998","0.8","false","""/home/ramaswamy.51/Documents/github/Spirals/Media/data/cluster/endsim/BehaviorSearch/Step6_Trial""","true","0","1","0","0","true","false","0.0843944167920442","4","0.0843944167920442"
"1","492","1000","1","""HK""","0.01","false","""normal""","1","""constant""","0.1","""Scale-free""","1","0","1","""uniform""","""deterministic-normal""","0","0","1","""normal""","-0.09999999999999998","0.9","false","""/home/ramaswamy.51/Documents/github/Spirals/Media/data/cluster/endsim/BehaviorSearch/Step6_Trial""","true","0","1","0","0","true","false","0.08328764699380478","4","0.08328764699380478"
"1","496","1000","1","""HK""","0.01","false","""normal""","1","""constant""","0.1","""Scale-free""","1","0","1","""uniform""","""deterministic-normal""","0","0","1","""normal""","-0.09999999999999998","0.7000000000000001","false","""/home/ramaswamy.51/Documents/github/Spirals/Media/data/cluster/endsim/BehaviorSearch/Step6_Trial""","true","0","1","0","0","true","false","0.10051852762261015","4","0.08328764699380478"
"1","500","1000","1","""HK""","0.02","false","""normal""","1","""constant""","0.1","""Scale-free""","1","0","1","""uniform""","""deterministic-normal""","0","0","1","""normal""","-0.29999999999999993","0.7000000000000001","false","""/home/ramaswamy.51/Documents/github/Spirals/Media/data/cluster/endsim/BehaviorSearch/Step6_Trial""","true","0","1","0","0","true","false","0.128077916106699","4","0.08328764699380478"
"1","504","1000","1","""HK""","0.03","false","""normal""","1","""constant""","0.1","""Scale-free""","1","0","1","""uniform""","""deterministic-normal""","0","0","1","""normal""","-0.09999999999999998","0.8","false","""/home/ramaswamy.51/Documents/github/Spirals/Media/data/cluster/endsim/BehaviorSearch/Step6_Trial""","true","0","1","0","0","true","false","0.09631380946680265","4","0.08328764699380478"
"1","508","1000","1","""HK""","0.01","false","""normal""","1","""constant""","0.1","""Scale-free""","1","0","1","""uniform""","""deterministic-normal""","0","0","1","""normal""","-0.19999999999999996","1","false","""/home/ramaswamy.51/Documents/github/Spirals/Media/data/cluster/endsim/BehaviorSearch/Step6_Trial""","true","0","1","0","0","true","false","0.09133273745230225","4","0.08328764699380478"
"1","512","1000","1","""HK""","0.01","false","""normal""","1","""constant""","0.1","""Scale-free""","1","0","1","""uniform""","""deterministic-normal""","0","0","1","""normal""","-0.3999999999999999","1","false","""/home/ramaswamy.51/Documents/github/Spirals/Media/data/cluster/endsim/BehaviorSearch/Step6_Trial""","true","0","1","0","0","true","false","0.0885244487176591","4","0.08328764699380478"
"1","516","1000","1","""HK""","0.02","false","""normal""","1","""constant""","0.2","""Scale-free""","1","0","1","""uniform""","""deterministic-normal""","0","0","1","""normal""","-0.3999999999999999","1","false","""/home/ramaswamy.51/Documents/github/Spirals/Media/data/cluster/endsim/BehaviorSearch/Step6_Trial""","true","0","1","0","0","true","false","0.21146817728985567","4","0.08328764699380478"
"1","520","1000","1","""HK""","0.01","false","""normal""","1","""constant""","0.1","""Scale-free""","1","0","1","""uniform""","""deterministic-normal""","0","0","1","""normal""","-0.29999999999999993","1","false","""/home/ramaswamy.51/Documents/github/Spirals/Media/data/cluster/endsim/BehaviorSearch/Step6_Trial""","true","0","1","0","0","true","false","0.08492492560380277","4","0.08328764699380478"
"1","524","1000","1","""HK""","0.05","false","""normal""","1","""constant""","0.1","""Scale-free""","1","0","1","""uniform""","""deterministic-normal""","0","0","1","""normal""","-0.09999999999999998","0.8","false","""/home/ramaswamy.51/Documents/github/Spirals/Media/data/cluster/endsim/BehaviorSearch/Step6_Trial""","true","0","1","0","0","true","false","0.126784583968849","4","0.08328764699380478"
"1","528","1000","1","""HK""","0.01","false","""normal""","1","""constant""","0.1","""Scale-free""","1","0","1","""uniform""","""deterministic-normal""","0","0","1","""normal""","-0.5","1","false","""/home/ramaswamy.51/Documents/github/Spirals/Media/data/cluster/endsim/BehaviorSearch/Step6_Trial""","true","0","1","0","0","true","false","0.10778903000390876","4","0.08328764699380478"
"1","532","1000","1","""HK""","0.060000000000000005","false","""normal""","1","""constant""","0.1","""Scale-free""","1","0","1","""uniform""","""deterministic-normal""","0","0","1","""normal""","-0.09999999999999998","0.8","false","""/home/ramaswamy.51/Documents/github/Spirals/Media/data/cluster/endsim/BehaviorSearch/Step6_Trial""","true","0","1","0","0","true","false","0.14122952547058856","4","0.08328764699380478"
"1","536","1000","1","""HK""","0.01","false","""normal""","1","""constant""","0.1","""Scale-free""","1","0","1","""uniform""","""deterministic-normal""","0","0","1","""normal""","-0.19999999999999996","0.8","false","""/home/ramaswamy.51/Documents/github/Spirals/Media/data/cluster/endsim/BehaviorSearch/Step6_Trial""","true","0","1","0","0","true","false","0.09188190718789484","4","0.08328764699380478"
"1","540","1000","1","""HK""","0.02","false","""normal""","1","""constant""","0.1","""Scale-free""","1","0","1","""uniform""","""deterministic-normal""","0","0","1","""normal""","-0.29999999999999993","1","false","""/home/ramaswamy.51/Documents/github/Spirals/Media/data/cluster/endsim/BehaviorSearch/Step6_Trial""","true","0","1","0","0","true","false","0.09704593989427918","4","0.08328764699380478"
"1","544","1000","1","""HK""","0.01","false","""normal""","1","""constant""","0","""Scale-free""","1","0","1","""uniform""","""deterministic-normal""","0","0","1","""normal""","-0.29999999999999993","1","false","""/home/ramaswamy.51/Documents/github/Spirals/Media/data/cluster/endsim/BehaviorSearch/Step6_Trial""","true","0","1","0","0","true","false","0.17329117031254845","4","0.08328764699380478"
"1","548","1000","1","""HK""","0.01","false","""normal""","1","""constant""","0.1","""Scale-free""","2","0","1","""uniform""","""deterministic-normal""","0","0","1","""normal""","-0.19999999999999996","0.9","false","""/home/ramaswamy.51/Documents/github/Spirals/Media/data/cluster/endsim/BehaviorSearch/Step6_Trial""","true","0","1","0","0","true","false","0.10090734106189296","4","0.08328764699380478"
"1","552","1000","1","""HK""","0.03","false","""normal""","1","""constant""","0.1","""Scale-free""","1","0","1","""uniform""","""deterministic-normal""","0","0","1","""normal""","-0.29999999999999993","1","false","""/home/ramaswamy.51/Documents/github/Spirals/Media/data/cluster/endsim/BehaviorSearch/Step6_Trial""","true","0","1","0","0","true","false","0.09538750804042301","4","0.08328764699380478"
"1","556","1000","1","""HK""","0.01","false","""normal""","1","""constant""","0.1","""Scale-free""","1","0","1","""uniform""","""deterministic-normal""","0","0","1","""normal""","0.10000000000000009","1","false","""/home/ramaswamy.51/Documents/github/Spirals/Media/data/cluster/endsim/BehaviorSearch/Step6_Trial""","true","0","1","0","0","true","false","0.08759731155236244","4","0.08328764699380478"
"1","560","1000","1","""HK""","0.06999999999999999","false","""normal""","1","""constant""","0.1","""Scale-free""","1","0","1","""uniform""","""deterministic-normal""","0","0","1","""normal""","-0.29999999999999993","1","false","""/home/ramaswamy.51/Documents/github/Spirals/Media/data/cluster/endsim/BehaviorSearch/Step6_Trial""","true","0","1","0","0","true","false","0.14939012172592517","4","0.08328764699380478"
"1","564","1000","1","""HK""","0.01","false","""normal""","1","""constant""","0.1","""Scale-free""","1","0","1","""uniform""","""deterministic-normal""","0","0","1","""normal""","0.20000000000000018","0.9","false","""/home/ramaswamy.51/Documents/github/Spirals/Media/data/cluster/endsim/BehaviorSearch/Step6_Trial""","true","0","1","0","0","true","false","0.10166398794369952","4","0.08328764699380478"
"1","568","1000","1","""HK""","0.03","false","""normal""","1","""constant""","0.1","""Scale-free""","1","0","1","""uniform""","""deterministic-normal""","0","0","1","""normal""","-0.3999999999999999","1","false","""/home/ramaswamy.51/Documents/github/Spirals/Media/data/cluster/endsim/BehaviorSearch/Step6_Trial""","true","0","1","0","0","true","false","0.10162249791816587","4","0.08328764699380478"
"1","572","1000","1","""HK""","0.02","false","""normal""","1","""constant""","0.1","""Scale-free""","1","0","1","""uniform""","""deterministic-normal""","0","0","1","""normal""","-0.09999999999999998","0.9","false","""/home/ramaswamy.51/Documents/github/Spirals/Media/data/cluster/endsim/BehaviorSearch/Step6_Trial""","true","0","1","0","0","true","false","0.09180789863717036","4","0.08328764699380478"
"1","576","1000","1","""HK""","0.02","false","""normal""","1","""constant""","0.1","""Scale-free""","1","0","1","""uniform""","""deterministic-normal""","0","0","1","""normal""","-0.29999999999999993","0.8","false","""/home/ramaswamy.51/Documents/github/Spirals/Media/data/cluster/endsim/BehaviorSearch/Step6_Trial""","true","0","1","0","0","true","false","0.11328797879291833","4","0.08328764699380478"
"1","580","1000","1","""HK""","0.03","false","""normal""","1","""constant""","0.1","""Scale-free""","2","0","1","""uniform""","""deterministic-normal""","0","0","1","""normal""","-0.29999999999999993","1","false","""/home/ramaswamy.51/Documents/github/Spirals/Media/data/cluster/endsim/BehaviorSearch/Step6_Trial""","true","0","1","0","0","true","false","0.11604455472453894","4","0.08328764699380478"
"1","584","1000","1","""HK""","0.060000000000000005","false","""normal""","1","""constant""","0.1","""Scale-free""","1","0","1","""uniform""","""deterministic-normal""","0","0","1","""normal""","-0.5","1","false","""/home/ramaswamy.51/Documents/github/Spirals/Media/data/cluster/endsim/BehaviorSearch/Step6_Trial""","true","0","1","0","0","true","false","0.15373200262650977","4","0.08328764699380478"
"1","588","1000","1","""HK""","0.01","false","""normal""","1","""constant""","0.1","""Scale-free""","1","0","1","""uniform""","""deterministic-normal""","0","0","1","""normal""","-0.3999999999999999","0.9","false","""/home/ramaswamy.51/Documents/github/Spirals/Media/data/cluster/endsim/BehaviorSearch/Step6_Trial""","true","0","1","0","0","true","false","0.116514813729401","4","0.08328764699380478"
"1","592","1000","1","""HK""","0.01","false","""normal""","1","""constant""","0.1","""Scale-free""","1","0","1","""uniform""","""deterministic-normal""","0","0","1","""normal""","-0.29999999999999993","0.9","false","""/home/ramaswamy.51/Documents/github/Spirals/Media/data/cluster/endsim/BehaviorSearch/Step6_Trial""","true","0","1","0","0","true","false","0.09511689315685026","4","0.08328764699380478"
"1","596","1000","1","""HK""","0.01","false","""normal""","1","""constant""","0.1","""Scale-free""","1","0","1","""uniform""","""deterministic-normal""","0","0","1","""normal""","0","0.9","false","""/home/ramaswamy.51/Documents/github/Spirals/Media/data/cluster/endsim/BehaviorSearch/Step6_Trial""","true","0","1","0","0","true","false","0.08926024493541007","4","0.08328764699380478"
"1","600","1000","1","""HK""","0.04","false","""normal""","1","""constant""","0.1","""Scale-free""","1","0","1","""uniform""","""deterministic-normal""","0","0","1","""normal""","-0.09999999999999998","0.9","false","""/home/ramaswamy.51/Documents/github/Spirals/Media/data/cluster/endsim/BehaviorSearch/Step6_Trial""","true","0","1","0","0","true","false","0.09792278710574388","4","0.08328764699380478"
"1","604","1000","1","""HK""","0.01","false","""normal""","1","""constant""","0.1","""Scale-free""","1","0","1","""uniform""","""deterministic-normal""","0","0","1","""normal""","-0.7","1","false","""/home/ramaswamy.51/Documents/github/Spirals/Media/data/cluster/endsim/BehaviorSearch/Step6_Trial""","true","0","1","0","0","true","false","0.11070024600321406","4","0.08328764699380478"
"1","608","1000","1","""HK""","0.01","false","""normal""","1","""constant""","0.1","""Scale-free""","1","0","1","""uniform""","""deterministic-normal""","0","0","1","""normal""","-0.09999999999999998","1","false","""/home/ramaswamy.51/Documents/github/Spirals/Media/data/cluster/endsim/BehaviorSearch/Step6_Trial""","true","0","1","0","0","true","false","0.0857575283912545","4","0.08328764699380478"
"1","612","1000","1","""HK""","0.01","false","""normal""","1","""constant""","0.1","""Scale-free""","1","0","1","""uniform""","""deterministic-normal""","0","0","1","""normal""","-0.5","0.9","false","""/home/ramaswamy.51/Documents/github/Spirals/Media/data/cluster/endsim/BehaviorSearch/Step6_Trial""","true","0","1","0","0","true","false","0.11108960066379489","4","0.08328764699380478"
"1","616","1000","1","""HK""","0.01","false","""normal""","1","""constant""","0.1","""Scale-free""","2","0","1","""uniform""","""deterministic-normal""","0","0","1","""normal""","-0.09999999999999998","0.8","false","""/home/ramaswamy.51/Documents/github/Spirals/Media/data/cluster/endsim/BehaviorSearch/Step6_Trial""","true","0","1","0","0","true","false","0.11300401943507031","4","0.08328764699380478"
"1","620","1000","1","""HK""","0.01","false","""normal""","1","""constant""","0.1","""Scale-free""","1","0","1","""uniform""","""deterministic-normal""","0","0","1","""normal""","-0.19999999999999996","0.9","false","""/home/ramaswamy.51/Documents/github/Spirals/Media/data/cluster/endsim/BehaviorSearch/Step6_Trial""","true","0","1","0","0","true","false","0.0865559801456659","4","0.08328764699380478"
"1","624","1000","1","""HK""","0.01","false","""normal""","1","""constant""","0","""Scale-free""","1","0","1","""uniform""","""deterministic-normal""","0","0","1","""normal""","-0.09999999999999998","0.9","false","""/home/ramaswamy.51/Documents/github/Spirals/Media/data/cluster/endsim/BehaviorSearch/Step6_Trial""","true","0","1","0","0","true","false","0.15699338386136913","4","0.08328764699380478"
"1","628","1000","1","""HK""","0.060000000000000005","false","""normal""","1","""constant""","0.1","""Scale-free""","1","0","1","""uniform""","""deterministic-normal""","0","0","1","""normal""","-0.19999999999999996","0.9","false","""/home/ramaswamy.51/Documents/github/Spirals/Media/data/cluster/endsim/BehaviorSearch/Step6_Trial""","true","0","1","0","0","true","false","0.12818897533935297","4","0.08328764699380478"
"1","632","1000","1","""HK""","0.03","false","""normal""","1","""constant""","0","""Scale-free""","1","0","1","""uniform""","""deterministic-normal""","0","0","1","""normal""","0.20000000000000018","0.8","false","""/home/ramaswamy.51/Documents/github/Spirals/Media/data/cluster/endsim/BehaviorSearch/Step6_Trial""","true","0","1","0","0","true","false","0.15662651353645138","4","0.08328764699380478"
"1","636","1000","1","""HK""","0.01","false","""normal""","1","""constant""","0","""Scale-free""","1","0","1","""uniform""","""deterministic-normal""","0","0","1","""normal""","-0.09999999999999998","0.7000000000000001","false","""/home/ramaswamy.51/Documents/github/Spirals/Media/data/cluster/endsim/BehaviorSearch/Step6_Trial""","true","0","1","0","0","true","false","0.13284793913336834","4","0.08328764699380478"
"1","640","1000","1","""HK""","0.03","false","""normal""","1","""constant""","0.1","""Scale-free""","1","0","1","""uniform""","""deterministic-normal""","0","0","1","""normal""","-0.09999999999999998","0.9","false","""/home/ramaswamy.51/Documents/github/Spirals/Media/data/cluster/endsim/BehaviorSearch/Step6_Trial""","true","0","1","0","0","true","false","0.09691240350881421","4","0.08328764699380478"
"1","644","1000","1","""HK""","0.01","false","""normal""","1","""constant""","0.2","""Scale-free""","1","0","1","""uniform""","""deterministic-normal""","0","0","1","""normal""","-0.09999999999999998","0.9","false","""/home/ramaswamy.51/Documents/github/Spirals/Media/data/cluster/endsim/BehaviorSearch/Step6_Trial""","true","0","1","0","0","true","false","0.21371748898173581","4","0.08328764699380478"
"1","648","1000","1","""HK""","0.01","false","""normal""","1","""constant""","0","""Scale-free""","1","0","1","""uniform""","""deterministic-normal""","0","0","1","""normal""","0","0.9","false","""/home/ramaswamy.51/Documents/github/Spirals/Media/data/cluster/endsim/BehaviorSearch/Step6_Trial""","true","0","1","0","0","true","false","0.15508310842593065","4","0.08328764699380478"
"1","652","1000","1","""HK""","0.01","false","""normal""","1","""constant""","0.1","""Scale-free""","2","0","1","""uniform""","""deterministic-normal""","0","0","1","""normal""","-0.09999999999999998","0.9","false","""/home/ramaswamy.51/Documents/github/Spirals/Media/data/cluster/endsim/BehaviorSearch/Step6_Trial""","true","0","1","0","0","true","false","0.10916116226531651","4","0.08328764699380478"
"1","656","1000","1","""HK""","0.060000000000000005","false","""normal""","1","""constant""","0.1","""Scale-free""","1","0","1","""uniform""","""deterministic-normal""","0","0","1","""normal""","0","1","false","""/home/ramaswamy.51/Documents/github/Spirals/Media/data/cluster/endsim/BehaviorSearch/Step6_Trial""","true","0","1","0","0","true","false","0.13126758440388495","4","0.08328764699380478"
"1","660","1000","1","""HK""","0.01","false","""normal""","1","""constant""","0.1","""Scale-free""","2","0","1","""uniform""","""deterministic-normal""","0","0","1","""normal""","0","0.9","false","""/home/ramaswamy.51/Documents/github/Spirals/Media/data/cluster/endsim/BehaviorSearch/Step6_Trial""","true","0","1","0","0","true","false","0.10122039315277198","4","0.08328764699380478"
"1","664","1000","1","""HK""","0.01","false","""normal""","1","""constant""","0.1","""Scale-free""","1","0","1","""uniform""","""deterministic-normal""","0","0","1","""normal""","0","1","false","""/home/ramaswamy.51/Documents/github/Spirals/Media/data/cluster/endsim/BehaviorSearch/Step6_Trial""","true","0","1","0","0","true","false","0.09100630369775378","4","0.08328764699380478"
"1","668","1000","1","""HK""","0.01","false","""normal""","1","""constant""","0","""Scale-free""","1","0","1","""uniform""","""deterministic-normal""","0","0","1","""normal""","-0.29999999999999993","0.8","false","""/home/ramaswamy.51/Documents/github/Spirals/Media/data/cluster/endsim/BehaviorSearch/Step6_Trial""","true","0","1","0","0","true","false","0.16823122289682393","4","0.08328764699380478"
"1","672","1000","1","""HK""","0.01","false","""normal""","1","""constant""","0","""Scale-free""","1","0","1","""uniform""","""deterministic-normal""","0","0","1","""normal""","-0.19999999999999996","0.9","false","""/home/ramaswamy.51/Documents/github/Spirals/Media/data/cluster/endsim/BehaviorSearch/Step6_Trial""","true","0","1","0","0","true","false","0.1687293867425112","4","0.08328764699380478"
"1","676","1000","1","""HK""","0.01","false","""normal""","1","""constant""","0.2","""Scale-free""","1","0","1","""uniform""","""deterministic-normal""","0","0","1","""normal""","0.10000000000000009","0.9","false","""/home/ramaswamy.51/Documents/github/Spirals/Media/data/cluster/endsim/BehaviorSearch/Step6_Trial""","true","0","1","0","0","true","false","0.21009033734133892","4","0.08328764699380478"
"1","680","1000","1","""HK""","0.01","false","""normal""","1","""constant""","0.1","""Scale-free""","1","0","1","""uniform""","""deterministic-normal""","0","0","1","""normal""","0.10000000000000009","0.9","false","""/home/ramaswamy.51/Documents/github/Spirals/Media/data/cluster/endsim/BehaviorSearch/Step6_Trial""","true","0","1","0","0","true","false","0.09859628174841097","4","0.08328764699380478"
"1","684","1000","1","""HK""","0.01","false","""normal""","1","""constant""","0","""Scale-free""","1","0","1","""uniform""","""deterministic-normal""","0","0","1","""normal""","-0.3999999999999999","0.9","false","""/home/ramaswamy.51/Documents/github/Spirals/Media/data/cluster/endsim/BehaviorSearch/Step6_Trial""","true","0","1","0","0","true","false","0.17145811351601886","4","0.08328764699380478"
"1","688","1000","1","""HK""","0.01","false","""normal""","1","""constant""","0.1","""Scale-free""","1","0","1","""uniform""","""deterministic-normal""","0","0","1","""normal""","-0.29999999999999993","0.7000000000000001","false","""/home/ramaswamy.51/Documents/github/Spirals/Media/data/cluster/endsim/BehaviorSearch/Step6_Trial""","true","0","1","0","0","true","false","0.12124756367616402","4","0.08328764699380478"
"1","692","1000","1","""HK""","0.01","false","""normal""","1","""constant""","0.2","""Scale-free""","1","0","1","""uniform""","""deterministic-normal""","0","0","1","""normal""","0","0.9","false","""/home/ramaswamy.51/Documents/github/Spirals/Media/data/cluster/endsim/BehaviorSearch/Step6_Trial""","true","0","1","0","0","true","false","0.20989659264814634","4","0.08328764699380478"
"1","696","1000","1","""HK""","0.02","false","""normal""","1","""constant""","0.1","""Scale-free""","1","0","1","""uniform""","""deterministic-normal""","0","0","1","""normal""","-0.09999999999999998","1","false","""/home/ramaswamy.51/Documents/github/Spirals/Media/data/cluster/endsim/BehaviorSearch/Step6_Trial""","true","0","1","0","0","true","false","0.08898366289913359","4","0.08328764699380478"
"1","700","1000","1","""HK""","0.01","false","""normal""","1","""constant""","0","""Scale-free""","1","0","1","""uniform""","""deterministic-normal""","0","0","1","""normal""","-0.09999999999999998","1","false","""/home/ramaswamy.51/Documents/github/Spirals/Media/data/cluster/endsim/BehaviorSearch/Step6_Trial""","true","0","1","0","0","true","false","0.16281453101286522","4","0.08328764699380478"
"1","704","1000","1","""HK""","0.01","false","""normal""","1","""constant""","0.1","""Scale-free""","1","0","1","""uniform""","""deterministic-normal""","0","0","1","""normal""","0.30000000000000004","0.9","false","""/home/ramaswamy.51/Documents/github/Spirals/Media/data/cluster/endsim/BehaviorSearch/Step6_Trial""","true","0","1","0","0","true","false","0.11223405349187154","4","0.08328764699380478"
"1","708","1000","1","""HK""","0.01","false","""normal""","1","""constant""","0.1","""Scale-free""","1","0","1","""uniform""","""deterministic-normal""","0","0","1","""normal""","0","0.7000000000000001","false","""/home/ramaswamy.51/Documents/github/Spirals/Media/data/cluster/endsim/BehaviorSearch/Step6_Trial""","true","0","1","0","0","true","false","0.09784397613012671","4","0.08328764699380478"
"1","712","1000","1","""HK""","0.01","false","""normal""","1","""constant""","0.2","""Scale-free""","1","0","1","""uniform""","""deterministic-normal""","0","0","1","""normal""","-0.09999999999999998","1","false","""/home/ramaswamy.51/Documents/github/Spirals/Media/data/cluster/endsim/BehaviorSearch/Step6_Trial""","true","0","1","0","0","true","false","0.20778979424343197","4","0.08328764699380478"
"1","716","1000","1","""HK""","0.05","false","""normal""","1","""constant""","0.1","""Scale-free""","1","0","1","""uniform""","""deterministic-normal""","0","0","1","""normal""","-0.09999999999999998","0.9","false","""/home/ramaswamy.51/Documents/github/Spirals/Media/data/cluster/endsim/BehaviorSearch/Step6_Trial""","true","0","1","0","0","true","false","0.11806328082612036","4","0.08328764699380478"
"1","720","1000","1","""HK""","0.13","false","""normal""","1","""constant""","0.2","""Scale-free""","1","0","1","""uniform""","""deterministic-normal""","0","0","1","""normal""","-0.09999999999999998","0.9","false","""/home/ramaswamy.51/Documents/github/Spirals/Media/data/cluster/endsim/BehaviorSearch/Step6_Trial""","true","0","1","0","0","true","false","0.2801763479022972","4","0.08328764699380478"
"1","724","1000","1","""HK""","0.01","false","""normal""","1","""constant""","0.2","""Scale-free""","1","0","1","""uniform""","""deterministic-normal""","0","0","1","""normal""","0","0.8","false","""/home/ramaswamy.51/Documents/github/Spirals/Media/data/cluster/endsim/BehaviorSearch/Step6_Trial""","true","0","1","0","0","true","false","0.21062330570782098","4","0.08328764699380478"
"1","728","1000","1","""HK""","0.02","false","""normal""","1","""constant""","0","""Scale-free""","1","0","1","""uniform""","""deterministic-normal""","0","0","1","""normal""","-0.19999999999999996","0.9","false","""/home/ramaswamy.51/Documents/github/Spirals/Media/data/cluster/endsim/BehaviorSearch/Step6_Trial""","true","0","1","0","0","true","false","0.15229623138682297","4","0.08328764699380478"
"1","732","1000","1","""HK""","0.02","false","""normal""","1","""constant""","0.1","""Scale-free""","1","0","1","""uniform""","""deterministic-normal""","0","0","1","""normal""","0","0.9","false","""/home/ramaswamy.51/Documents/github/Spirals/Media/data/cluster/endsim/BehaviorSearch/Step6_Trial""","true","0","1","0","0","true","false","0.09351424685070522","4","0.08328764699380478"
"1","736","1000","1","""HK""","0.01","false","""normal""","1","""constant""","0.1","""Scale-free""","2","0","1","""uniform""","""deterministic-normal""","0","0","1","""normal""","0.10000000000000009","0.9","false","""/home/ramaswamy.51/Documents/github/Spirals/Media/data/cluster/endsim/BehaviorSearch/Step6_Trial""","true","0","1","0","0","true","false","0.10154730820331948","4","0.08328764699380478"
"1","740","1000","1","""HK""","0.01","false","""normal""","1","""constant""","0.1","""Scale-free""","1","0","1","""uniform""","""deterministic-normal""","0","0","1","""normal""","0","0.8","false","""/home/ramaswamy.51/Documents/github/Spirals/Media/data/cluster/endsim/BehaviorSearch/Step6_Trial""","true","0","1","0","0","true","false","0.09647816817494373","4","0.08328764699380478"
"1","744","1000","1","""HK""","0.01","false","""normal""","1","""constant""","0.1","""Scale-free""","2","0","1","""uniform""","""deterministic-normal""","0","0","1","""normal""","0.20000000000000018","0.9","false","""/home/ramaswamy.51/Documents/github/Spirals/Media/data/cluster/endsim/BehaviorSearch/Step6_Trial""","true","0","1","0","0","true","false","0.10530653346072383","4","0.08328764699380478"
"1","748","1000","1","""HK""","0.01","false","""normal""","1","""constant""","0","""Scale-free""","1","0","1","""uniform""","""deterministic-normal""","0","0","1","""normal""","0.20000000000000018","0.9","false","""/home/ramaswamy.51/Documents/github/Spirals/Media/data/cluster/endsim/BehaviorSearch/Step6_Trial""","true","0","1","0","0","true","false","0.17953850644934655","4","0.08328764699380478"
"1","752","1000","1","""HK""","0.03","false","""normal""","1","""constant""","0.1","""Scale-free""","1","0","1","""uniform""","""deterministic-normal""","0","0","1","""normal""","-0.09999999999999998","1","false","""/home/ramaswamy.51/Documents/github/Spirals/Media/data/cluster/endsim/BehaviorSearch/Step6_Trial""","true","0","1","0","0","true","false","0.0903810323081362","4","0.08328764699380478"
"1","756","1000","1","""HK""","0.02","false","""normal""","1","""constant""","0.1","""Scale-free""","1","0","1","""uniform""","""deterministic-normal""","0","0","1","""normal""","-0.3999999999999999","0.9","false","""/home/ramaswamy.51/Documents/github/Spirals/Media/data/cluster/endsim/BehaviorSearch/Step6_Trial""","true","0","1","0","0","true","false","0.1133399012645754","4","0.08328764699380478"
"1","760","1000","1","""HK""","0.02","false","""normal""","1","""constant""","0.1","""Scale-free""","1","0","1","""uniform""","""deterministic-normal""","0","0","1","""normal""","-0.6","0.9","false","""/home/ramaswamy.51/Documents/github/Spirals/Media/data/cluster/endsim/BehaviorSearch/Step6_Trial""","true","0","1","0","0","true","false","0.13409137767952656","4","0.08328764699380478"
"1","764","1000","1","""HK""","0.01","false","""normal""","1","""constant""","0.30000000000000004","""Scale-free""","1","0","1","""uniform""","""deterministic-normal""","0","0","1","""normal""","-0.19999999999999996","0.9","false","""/home/ramaswamy.51/Documents/github/Spirals/Media/data/cluster/endsim/BehaviorSearch/Step6_Trial""","true","0","1","0","0","true","false","0.2757712034870021","4","0.08328764699380478"
"1","768","1000","1","""HK""","0.03","false","""normal""","1","""constant""","0","""Scale-free""","1","0","1","""uniform""","""deterministic-normal""","0","0","1","""normal""","-0.09999999999999998","0.9","false","""/home/ramaswamy.51/Documents/github/Spirals/Media/data/cluster/endsim/BehaviorSearch/Step6_Trial""","true","0","1","0","0","true","false","0.14534381147995362","4","0.08328764699380478"
"1","772","1000","1","""HK""","0.03","false","""normal""","1","""constant""","0.1","""Scale-free""","1","0","1","""uniform""","""deterministic-normal""","0","0","1","""normal""","0.10000000000000009","0.8","false","""/home/ramaswamy.51/Documents/github/Spirals/Media/data/cluster/endsim/BehaviorSearch/Step6_Trial""","true","0","1","0","0","true","false","0.11160306827038013","4","0.08328764699380478"
"1","776","1000","1","""HK""","0.060000000000000005","false","""normal""","1","""constant""","0.1","""Scale-free""","1","0","1","""uniform""","""deterministic-normal""","0","0","1","""normal""","-0.09999999999999998","0.9","false","""/home/ramaswamy.51/Documents/github/Spirals/Media/data/cluster/endsim/BehaviorSearch/Step6_Trial""","true","0","1","0","0","true","false","0.13748636392311495","4","0.08328764699380478"
"1","780","1000","1","""HK""","0.01","false","""normal""","1","""constant""","0.1","""Scale-free""","1","0","1","""uniform""","""deterministic-normal""","0","0","1","""normal""","-0.29999999999999993","0.8","false","""/home/ramaswamy.51/Documents/github/Spirals/Media/data/cluster/endsim/BehaviorSearch/Step6_Trial""","true","0","1","0","0","true","false","0.11157244701098792","4","0.08328764699380478"
"1","784","1000","1","""HK""","0.02","false","""normal""","1","""constant""","0.2","""Scale-free""","1","0","1","""uniform""","""deterministic-normal""","0","0","1","""normal""","-0.19999999999999996","0.9","false","""/home/ramaswamy.51/Documents/github/Spirals/Media/data/cluster/endsim/BehaviorSearch/Step6_Trial""","true","0","1","0","0","true","false","0.20868205502273246","4","0.08328764699380478"
"1","788","1000","1","""HK""","0.03","false","""normal""","1","""constant""","0.1","""Scale-free""","2","0","1","""uniform""","""deterministic-normal""","0","0","1","""normal""","-0.09999999999999998","0.9","false","""/home/ramaswamy.51/Documents/github/Spirals/Media/data/cluster/endsim/BehaviorSearch/Step6_Trial""","true","0","1","0","0","true","false","0.11802394549333284","4","0.08328764699380478"
"1","792","1000","1","""HK""","0.01","false","""normal""","1","""constant""","0.1","""Scale-free""","1","0","1","""uniform""","""deterministic-normal""","0","0","1","""normal""","-0.5","0.8","false","""/home/ramaswamy.51/Documents/github/Spirals/Media/data/cluster/endsim/BehaviorSearch/Step6_Trial""","true","0","1","0","0","true","false","0.1211874430478787","4","0.08328764699380478"
"1","796","1000","1","""HK""","0.01","false","""normal""","1","""constant""","0.2","""Scale-free""","1","0","1","""uniform""","""deterministic-normal""","0","0","1","""normal""","-0.19999999999999996","0.8","false","""/home/ramaswamy.51/Documents/github/Spirals/Media/data/cluster/endsim/BehaviorSearch/Step6_Trial""","true","0","1","0","0","true","false","0.2086234313318781","4","0.08328764699380478"
"1","800","1000","1","""HK""","0.03","false","""normal""","1","""constant""","0.1","""Scale-free""","1","0","1","""uniform""","""deterministic-normal""","0","0","1","""normal""","-0.3999999999999999","0.9","false","""/home/ramaswamy.51/Documents/github/Spirals/Media/data/cluster/endsim/BehaviorSearch/Step6_Trial""","true","0","1","0","0","true","false","0.11487301840057512","4","0.08328764699380478"
"1","804","1000","1","""HK""","0.05","false","""normal""","1","""constant""","0.1","""Scale-free""","1","0","1","""uniform""","""deterministic-normal""","0","0","1","""normal""","0","0.9","false","""/home/ramaswamy.51/Documents/github/Spirals/Media/data/cluster/endsim/BehaviorSearch/Step6_Trial""","true","0","1","0","0","true","false","0.11464646250758369","4","0.08328764699380478"
"1","808","1000","1","""HK""","0.02","false","""normal""","1","""constant""","0","""Scale-free""","1","0","1","""uniform""","""deterministic-normal""","0","0","1","""normal""","-0.09999999999999998","0.9","false","""/home/ramaswamy.51/Documents/github/Spirals/Media/data/cluster/endsim/BehaviorSearch/Step6_Trial""","true","0","1","0","0","true","false","0.14975821849362236","4","0.08328764699380478"
"1","812","1000","1","""HK""","0.04","false","""normal""","1","""constant""","0.2","""Scale-free""","1","0","1","""uniform""","""deterministic-normal""","0","0","1","""normal""","-0.29999999999999993","0.9","false","""/home/ramaswamy.51/Documents/github/Spirals/Media/data/cluster/endsim/BehaviorSearch/Step6_Trial""","true","0","1","0","0","true","false","0.22924018745610106","4","0.08328764699380478"
"1","816","1000","1","""HK""","0.05","false","""normal""","1","""constant""","0.1","""Scale-free""","1","0","1","""uniform""","""deterministic-normal""","0","0","1","""normal""","-0.19999999999999996","0.9","false","""/home/ramaswamy.51/Documents/github/Spirals/Media/data/cluster/endsim/BehaviorSearch/Step6_Trial""","true","0","1","0","0","true","false","0.11225826053957783","4","0.08328764699380478"
"1","820","1000","1","""HK""","0.01","false","""normal""","1","""constant""","0.1","""Scale-free""","1","0","1","""uniform""","""deterministic-normal""","0","0","1","""normal""","-0.09999999999999998","0.6000000000000001","false","""/home/ramaswamy.51/Documents/github/Spirals/Media/data/cluster/endsim/BehaviorSearch/Step6_Trial""","true","0","1","0","0","true","false","0.11345002136061084","4","0.08328764699380478"
"1","824","1000","1","""HK""","0.01","false","""normal""","1","""constant""","0.30000000000000004","""Scale-free""","1","0","1","""uniform""","""deterministic-normal""","0","0","1","""normal""","-0.09999999999999998","0.8","false","""/home/ramaswamy.51/Documents/github/Spirals/Media/data/cluster/endsim/BehaviorSearch/Step6_Trial""","true","0","1","0","0","true","false","0.2792740466400444","4","0.08328764699380478"
"1","828","1000","1","""HK""","0.05","false","""normal""","1","""constant""","0.1","""Scale-free""","1","0","1","""uniform""","""deterministic-normal""","0","0","1","""normal""","-0.09999999999999998","1","false","""/home/ramaswamy.51/Documents/github/Spirals/Media/data/cluster/endsim/BehaviorSearch/Step6_Trial""","true","0","1","0","0","true","false","0.12789360756451607","4","0.08328764699380478"
"1","832","1000","1","""HK""","0.01","false","""normal""","1","""constant""","0","""Scale-free""","1","0","1","""uniform""","""deterministic-normal""","0","0","1","""normal""","0.10000000000000009","0.9","false","""/home/ramaswamy.51/Documents/github/Spirals/Media/data/cluster/endsim/BehaviorSearch/Step6_Trial""","true","0","1","0","0","true","false","0.15260518177189997","4","0.08328764699380478"
"1","836","1000","1","""HK""","0.01","false","""normal""","1","""constant""","0.1","""Scale-free""","1","0","1","""uniform""","""deterministic-normal""","0","0","1","""normal""","0.30000000000000004","0.8","false","""/home/ramaswamy.51/Documents/github/Spirals/Media/data/cluster/endsim/BehaviorSearch/Step6_Trial""","true","0","1","0","0","true","false","0.11753901020773862","4","0.08328764699380478"
"1","840","1000","1","""HK""","0.05","false","""normal""","1","""constant""","0.1","""Scale-free""","1","0","1","""uniform""","""deterministic-normal""","0","0","1","""normal""","-0.09999999999999998","0.7000000000000001","false","""/home/ramaswamy.51/Documents/github/Spirals/Media/data/cluster/endsim/BehaviorSearch/Step6_Trial""","true","0","1","0","0","true","false","0.14178380023750686","4","0.08328764699380478"
"1","844","1000","1","""HK""","0.01","false","""normal""","1","""constant""","0.2","""Scale-free""","1","0","1","""uniform""","""deterministic-normal""","0","0","1","""normal""","-0.09999999999999998","0.7000000000000001","false","""/home/ramaswamy.51/Documents/github/Spirals/Media/data/cluster/endsim/BehaviorSearch/Step6_Trial""","true","0","1","0","0","true","false","0.2097611288065258","4","0.08328764699380478"
"1","848","1000","1","""HK""","0.060000000000000005","false","""normal""","1","""constant""","0.1","""Scale-free""","1","0","1","""uniform""","""deterministic-normal""","0","0","1","""normal""","-0.29999999999999993","0.9","false","""/home/ramaswamy.51/Documents/github/Spirals/Media/data/cluster/endsim/BehaviorSearch/Step6_Trial""","true","0","1","0","0","true","false","0.13479841728966718","4","0.08328764699380478"
"1","852","1000","1","""HK""","0.01","false","""normal""","1","""constant""","0.1","""Scale-free""","1","0","1","""uniform""","""deterministic-normal""","0","0","1","""normal""","-0.6","0.8","false","""/home/ramaswamy.51/Documents/github/Spirals/Media/data/cluster/endsim/BehaviorSearch/Step6_Trial""","true","0","1","0","0","true","false","0.14415052727502808","4","0.08328764699380478"
"1","856","1000","1","""HK""","0.01","false","""normal""","1","""constant""","0.1","""Scale-free""","1","0","1","""uniform""","""deterministic-normal""","0","0","1","""normal""","-0.6","0.9","false","""/home/ramaswamy.51/Documents/github/Spirals/Media/data/cluster/endsim/BehaviorSearch/Step6_Trial""","true","0","1","0","0","true","false","0.12420681561116143","4","0.08328764699380478"
"1","860","1000","1","""HK""","0.04","false","""normal""","1","""constant""","0.1","""Scale-free""","1","0","1","""uniform""","""deterministic-normal""","0","0","1","""normal""","-0.09999999999999998","1","false","""/home/ramaswamy.51/Documents/github/Spirals/Media/data/cluster/endsim/BehaviorSearch/Step6_Trial""","true","0","1","0","0","true","false","0.09892079699239295","4","0.08328764699380478"
"1","864","1000","1","""HK""","0.04","false","""normal""","1","""constant""","0","""Scale-free""","1","0","1","""uniform""","""deterministic-normal""","0","0","1","""normal""","-0.09999999999999998","0.9","false","""/home/ramaswamy.51/Documents/github/Spirals/Media/data/cluster/endsim/BehaviorSearch/Step6_Trial""","true","0","1","0","0","true","false","0.16564694853506928","4","0.08328764699380478"
"1","868","1000","1","""HK""","0.01","false","""normal""","1","""constant""","0","""Scale-free""","1","0","1","""uniform""","""deterministic-normal""","0","0","1","""normal""","-0.29999999999999993","0.9","false","""/home/ramaswamy.51/Documents/github/Spirals/Media/data/cluster/endsim/BehaviorSearch/Step6_Trial""","true","0","1","0","0","true","false","0.16689963440072625","4","0.08328764699380478"
"1","872","1000","1","""HK""","0.04","false","""normal""","1","""constant""","0.2","""Scale-free""","1","0","1","""uniform""","""deterministic-normal""","0","0","1","""normal""","-0.19999999999999996","0.9","false","""/home/ramaswamy.51/Documents/github/Spirals/Media/data/cluster/endsim/BehaviorSearch/Step6_Trial""","true","0","1","0","0","true","false","0.22513409796652567","4","0.08328764699380478"
"1","876","1000","1","""HK""","0.060000000000000005","false","""normal""","1","""constant""","0.1","""Scale-free""","1","0","1","""uniform""","""deterministic-normal""","0","0","1","""normal""","0","0.9","false","""/home/ramaswamy.51/Documents/github/Spirals/Media/data/cluster/endsim/BehaviorSearch/Step6_Trial""","true","0","1","0","0","true","false","0.14251596638608255","4","0.08328764699380478"
"1","880","1000","1","""HK""","0.05","false","""normal""","1","""constant""","0.1","""Scale-free""","1","0","1","""uniform""","""deterministic-normal""","0","0","1","""normal""","0.10000000000000009","0.7000000000000001","false","""/home/ramaswamy.51/Documents/github/Spirals/Media/data/cluster/endsim/BehaviorSearch/Step6_Trial""","true","0","1","0","0","true","false","0.13035591739176383","4","0.08328764699380478"
"1","884","1000","1","""HK""","0.03","false","""normal""","1","""constant""","0.2","""Scale-free""","1","0","1","""uniform""","""deterministic-normal""","0","0","1","""normal""","0.20000000000000018","0.9","false","""/home/ramaswamy.51/Documents/github/Spirals/Media/data/cluster/endsim/BehaviorSearch/Step6_Trial""","true","0","1","0","0","true","false","0.21220822564274916","4","0.08328764699380478"
"1","888","1000","1","""HK""","0.09","false","""normal""","1","""constant""","0.1","""Scale-free""","1","0","1","""uniform""","""deterministic-normal""","0","0","1","""normal""","-0.09999999999999998","0.9","false","""/home/ramaswamy.51/Documents/github/Spirals/Media/data/cluster/endsim/BehaviorSearch/Step6_Trial""","true","0","1","0","0","true","false","0.17370576482587444","4","0.08328764699380478"
"1","892","1000","1","""HK""","0.01","false","""normal""","1","""constant""","0.2","""Scale-free""","1","0","1","""uniform""","""deterministic-normal""","0","0","1","""normal""","-0.19999999999999996","0.9","false","""/home/ramaswamy.51/Documents/github/Spirals/Media/data/cluster/endsim/BehaviorSearch/Step6_Trial""","true","0","1","0","0","true","false","0.20597554718904043","4","0.08328764699380478"
"1","896","1000","1","""HK""","0.03","false","""normal""","1","""constant""","0.1","""Scale-free""","1","0","1","""uniform""","""deterministic-normal""","0","0","1","""normal""","0.10000000000000009","0.9","false","""/home/ramaswamy.51/Documents/github/Spirals/Media/data/cluster/endsim/BehaviorSearch/Step6_Trial""","true","0","1","0","0","true","false","0.11711018737143837","4","0.08328764699380478"
"1","900","1000","1","""HK""","0.01","false","""normal""","1","""constant""","0.1","""Scale-free""","1","0","1","""uniform""","""deterministic-normal""","0","0","1","""normal""","0.10000000000000009","0.8","false","""/home/ramaswamy.51/Documents/github/Spirals/Media/data/cluster/endsim/BehaviorSearch/Step6_Trial""","true","0","1","0","0","true","false","0.09292946908219057","4","0.08328764699380478"
"1","904","1000","1","""HK""","0.01","false","""normal""","1","""constant""","0","""Scale-free""","1","0","1","""uniform""","""deterministic-normal""","0","0","1","""normal""","-0.09999999999999998","0.8","false","""/home/ramaswamy.51/Documents/github/Spirals/Media/data/cluster/endsim/BehaviorSearch/Step6_Trial""","true","0","1","0","0","true","false","0.14013389834345696","4","0.08328764699380478"
"1","908","1000","1","""HK""","0.03","false","""normal""","1","""constant""","0.1","""Scale-free""","1","0","1","""uniform""","""deterministic-normal""","0","0","1","""normal""","-0.19999999999999996","0.9","false","""/home/ramaswamy.51/Documents/github/Spirals/Media/data/cluster/endsim/BehaviorSearch/Step6_Trial""","true","0","1","0","0","true","false","0.0924240662044352","4","0.08328764699380478"
"1","912","1000","1","""HK""","0.01","false","""normal""","1","""constant""","0.2","""Scale-free""","1","0","1","""uniform""","""deterministic-normal""","0","0","1","""normal""","-0.6","1","false","""/home/ramaswamy.51/Documents/github/Spirals/Media/data/cluster/endsim/BehaviorSearch/Step6_Trial""","true","0","1","0","0","true","false","0.20661653087096515","4","0.08328764699380478"
"1","916","1000","1","""HK""","0.02","false","""normal""","1","""constant""","0.1","""Scale-free""","1","0","1","""uniform""","""deterministic-normal""","0","0","1","""normal""","0.40000000000000013","0.9","false","""/home/ramaswamy.51/Documents/github/Spirals/Media/data/cluster/endsim/BehaviorSearch/Step6_Trial""","true","0","1","0","0","true","false","0.1184363743354166","4","0.08328764699380478"
"1","920","1000","1","""HK""","0.03","false","""normal""","1","""constant""","0.1","""Scale-free""","1","0","1","""uniform""","""deterministic-normal""","0","0","1","""normal""","-0.29999999999999993","0.9","false","""/home/ramaswamy.51/Documents/github/Spirals/Media/data/cluster/endsim/BehaviorSearch/Step6_Trial""","true","0","1","0","0","true","false","0.10552946271945272","4","0.08328764699380478"
"1","924","1000","1","""HK""","0.03","false","""normal""","1","""constant""","0","""Scale-free""","1","0","1","""uniform""","""deterministic-normal""","0","0","1","""normal""","0.10000000000000009","0.9","false","""/home/ramaswamy.51/Documents/github/Spirals/Media/data/cluster/endsim/BehaviorSearch/Step6_Trial""","true","0","1","0","0","true","false","0.15728158835930453","4","0.08328764699380478"
"1","928","1000","1","""HK""","0.02","false","""normal""","1","""constant""","0.2","""Scale-free""","1","0","1","""uniform""","""deterministic-normal""","0","0","1","""normal""","-0.09999999999999998","0.9","false","""/home/ramaswamy.51/Documents/github/Spirals/Media/data/cluster/endsim/BehaviorSearch/Step6_Trial""","true","0","1","0","0","true","false","0.20353680356996706","4","0.08328764699380478"
"1","932","1000","1","""HK""","0.01","false","""normal""","1","""constant""","0.2","""Scale-free""","2","0","1","""uniform""","""deterministic-normal""","0","0","1","""normal""","-0.09999999999999998","0.9","false","""/home/ramaswamy.51/Documents/github/Spirals/Media/data/cluster/endsim/BehaviorSearch/Step6_Trial""","true","0","1","0","0","true","false","0.23726457312622823","4","0.08328764699380478"
"1","936","1000","1","""HK""","0.01","false","""normal""","1","""constant""","0.2","""Scale-free""","2","0","1","""uniform""","""deterministic-normal""","0","0","1","""normal""","0.20000000000000018","0.9","false","""/home/ramaswamy.51/Documents/github/Spirals/Media/data/cluster/endsim/BehaviorSearch/Step6_Trial""","true","0","1","0","0","true","false","0.25458543225854857","4","0.08328764699380478"
"1","940","1000","1","""HK""","0.01","false","""normal""","1","""constant""","0.1","""Scale-free""","1","0","1","""uniform""","""deterministic-normal""","0","0","1","""normal""","0.40000000000000013","0.9","false","""/home/ramaswamy.51/Documents/github/Spirals/Media/data/cluster/endsim/BehaviorSearch/Step6_Trial""","true","0","1","0","0","true","false","0.10909430982244334","4","0.08328764699380478"
"1","944","1000","1","""HK""","0.05","false","""normal""","1","""constant""","0.1","""Scale-free""","1","0","1","""uniform""","""deterministic-normal""","0","0","1","""normal""","0.20000000000000018","0.9","false","""/home/ramaswamy.51/Documents/github/Spirals/Media/data/cluster/endsim/BehaviorSearch/Step6_Trial""","true","0","1","0","0","true","false","0.12233483209281064","4","0.08328764699380478"
"1","948","1000","1","""HK""","0.02","false","""normal""","1","""constant""","0","""Scale-free""","1","0","1","""uniform""","""deterministic-normal""","0","0","1","""normal""","0","1","false","""/home/ramaswamy.51/Documents/github/Spirals/Media/data/cluster/endsim/BehaviorSearch/Step6_Trial""","true","0","1","0","0","true","false","0.15319786145677322","4","0.08328764699380478"
"1","952","1000","1","""HK""","0.01","false","""normal""","1","""constant""","0.2","""Scale-free""","1","0","1","""uniform""","""deterministic-normal""","0","0","1","""normal""","0.20000000000000018","0.9","false","""/home/ramaswamy.51/Documents/github/Spirals/Media/data/cluster/endsim/BehaviorSearch/Step6_Trial""","true","0","1","0","0","true","false","0.21659661980808462","4","0.08328764699380478"
"1","956","1000","1","""HK""","0.03","false","""normal""","1","""constant""","0.2","""Scale-free""","1","0","1","""uniform""","""deterministic-normal""","0","0","1","""normal""","-0.09999999999999998","0.9","false","""/home/ramaswamy.51/Documents/github/Spirals/Media/data/cluster/endsim/BehaviorSearch/Step6_Trial""","true","0","1","0","0","true","false","0.21992067705987475","4","0.08328764699380478"
"1","960","1000","1","""HK""","0.08","false","""normal""","1","""constant""","0.1","""Scale-free""","1","0","1","""uniform""","""deterministic-normal""","0","0","1","""normal""","-0.09999999999999998","0.9","false","""/home/ramaswamy.51/Documents/github/Spirals/Media/data/cluster/endsim/BehaviorSearch/Step6_Trial""","true","0","1","0","0","true","false","0.15861435423562087","4","0.08328764699380478"
"1","964","1000","1","""HK""","0.02","false","""normal""","1","""constant""","0.1","""Scale-free""","1","0","1","""uniform""","""deterministic-normal""","0","0","1","""normal""","-0.19999999999999996","0.9","false","""/home/ramaswamy.51/Documents/github/Spirals/Media/data/cluster/endsim/BehaviorSearch/Step6_Trial""","true","0","1","0","0","true","false","0.10141455163263119","4","0.08328764699380478"
"1","968","1000","1","""HK""","0.01","false","""normal""","1","""constant""","0.1","""Scale-free""","2","0","1","""uniform""","""deterministic-normal""","0","0","1","""normal""","-0.3999999999999999","0.9","false","""/home/ramaswamy.51/Documents/github/Spirals/Media/data/cluster/endsim/BehaviorSearch/Step6_Trial""","true","0","1","0","0","true","false","0.12117558214589613","4","0.08328764699380478"
"1","972","1000","1","""HK""","0.03","false","""normal""","1","""constant""","0.1","""Scale-free""","1","0","1","""uniform""","""deterministic-normal""","0","0","1","""normal""","0","0.7000000000000001","false","""/home/ramaswamy.51/Documents/github/Spirals/Media/data/cluster/endsim/BehaviorSearch/Step6_Trial""","true","0","1","0","0","true","false","0.11711788758711376","4","0.08328764699380478"
"1","976","1000","1","""HK""","0.05","false","""normal""","1","""constant""","0.1","""Scale-free""","2","0","1","""uniform""","""deterministic-normal""","0","0","1","""normal""","0","0.9","false","""/home/ramaswamy.51/Documents/github/Spirals/Media/data/cluster/endsim/BehaviorSearch/Step6_Trial""","true","0","1","0","0","true","false","0.16134003011316478","4","0.08328764699380478"
"1","980","1000","1","""HK""","0.01","false","""normal""","1","""constant""","0.1","""Scale-free""","2","0","1","""uniform""","""deterministic-normal""","0","0","1","""normal""","-0.09999999999999998","1","false","""/home/ramaswamy.51/Documents/github/Spirals/Media/data/cluster/endsim/BehaviorSearch/Step6_Trial""","true","0","1","0","0","true","false","0.10597715004533212","4","0.08328764699380478"
"1","984","1000","1","""HK""","0.03","false","""normal""","1","""constant""","0.1","""Scale-free""","1","0","1","""uniform""","""deterministic-normal""","0","0","1","""normal""","0.20000000000000018","0.9","false","""/home/ramaswamy.51/Documents/github/Spirals/Media/data/cluster/endsim/BehaviorSearch/Step6_Trial""","true","0","1","0","0","true","false","0.1057658669685342","4","0.08328764699380478"
"1","988","1000","1","""HK""","0.01","false","""normal""","1","""constant""","0","""Scale-free""","1","0","1","""uniform""","""deterministic-normal""","0","0","1","""normal""","0.20000000000000018","0.8","false","""/home/ramaswamy.51/Documents/github/Spirals/Media/data/cluster/endsim/BehaviorSearch/Step6_Trial""","true","0","1","0","0","true","false","0.16043685441397054","4","0.08328764699380478"
"1","992","1000","1","""HK""","0.01","false","""normal""","1","""constant""","0.2","""Scale-free""","1","0","1","""uniform""","""deterministic-normal""","0","0","1","""normal""","0.10000000000000009","1","false","""/home/ramaswamy.51/Documents/github/Spirals/Media/data/cluster/endsim/BehaviorSearch/Step6_Trial""","true","0","1","0","0","true","false","0.1972653216792708","4","0.08328764699380478"
"1","996","1000","1","""HK""","0.01","false","""normal""","1","""constant""","0.1","""Scale-free""","1","0","1","""uniform""","""deterministic-normal""","0","0","1","""normal""","-0.19999999999999996","0.7000000000000001","false","""/home/ramaswamy.51/Documents/github/Spirals/Media/data/cluster/endsim/BehaviorSearch/Step6_Trial""","true","0","1","0","0","true","false","0.11377442700055244","4","0.08328764699380478"
"1","1000","1000","1","""HK""","0.01","false","""normal""","1","""constant""","0.1","""Scale-free""","1","0","1","""uniform""","""deterministic-normal""","0","0","1","""normal""","0.20000000000000018","0.8","false","""/home/ramaswamy.51/Documents/github/Spirals/Media/data/cluster/endsim/BehaviorSearch/Step6_Trial""","true","0","1","0","0","true","false","0.11428836658627929","4","0.08328764699380478"
"1","1004","1000","1","""HK""","0.01","false","""normal""","1","""constant""","0.1","""Scale-free""","1","0","1","""uniform""","""deterministic-normal""","0","0","1","""normal""","-0.7","0.9","false","""/home/ramaswamy.51/Documents/github/Spirals/Media/data/cluster/endsim/BehaviorSearch/Step6_Trial""","true","0","1","0","0","true","false","0.13412581935249002","4","0.08328764699380478"
"1","1008","1000","1","""HK""","0.04","false","""normal""","1","""constant""","0.1","""Scale-free""","1","0","1","""uniform""","""deterministic-normal""","0","0","1","""normal""","-0.19999999999999996","0.9","false","""/home/ramaswamy.51/Documents/github/Spirals/Media/data/cluster/endsim/BehaviorSearch/Step6_Trial""","true","0","1","0","0","true","false","0.11113909258318307","4","0.08328764699380478"
"1","1012","1000","1","""HK""","0.01","false","""normal""","1","""constant""","0.1","""Scale-free""","2","0","1","""uniform""","""deterministic-normal""","0","0","1","""normal""","-0.09999999999999998","0.7000000000000001","false","""/home/ramaswamy.51/Documents/github/Spirals/Media/data/cluster/endsim/BehaviorSearch/Step6_Trial""","true","0","1","0","0","true","false","0.11586876569546414","4","0.08328764699380478"
"1","1016","1000","1","""HK""","0.05","false","""normal""","1","""constant""","0.2","""Scale-free""","1","0","1","""uniform""","""deterministic-normal""","0","0","1","""normal""","-0.09999999999999998","0.9","false","""/home/ramaswamy.51/Documents/github/Spirals/Media/data/cluster/endsim/BehaviorSearch/Step6_Trial""","true","0","1","0","0","true","false","0.22237593194103492","4","0.08328764699380478"
"1","1020","1000","1","""HK""","0.04","false","""normal""","1","""constant""","0.2","""Scale-free""","1","0","1","""uniform""","""deterministic-normal""","0","0","1","""normal""","-0.09999999999999998","0.8","false","""/home/ramaswamy.51/Documents/github/Spirals/Media/data/cluster/endsim/BehaviorSearch/Step6_Trial""","true","0","1","0","0","true","false","0.2259591817905524","4","0.08328764699380478"
"1","1024","1000","1","""HK""","0.01","false","""normal""","1","""constant""","0.1","""Scale-free""","1","0","1","""uniform""","""deterministic-normal""","0","0","1","""normal""","0.20000000000000018","1","false","""/home/ramaswamy.51/Documents/github/Spirals/Media/data/cluster/endsim/BehaviorSearch/Step6_Trial""","true","0","1","0","0","true","false","0.09580773335229552","4","0.08328764699380478"
"1","1028","1000","1","""HK""","0.06999999999999999","false","""normal""","1","""constant""","0.1","""Scale-free""","1","0","1","""uniform""","""deterministic-normal""","0","0","1","""normal""","0.40000000000000013","0.9","false","""/home/ramaswamy.51/Documents/github/Spirals/Media/data/cluster/endsim/BehaviorSearch/Step6_Trial""","true","0","1","0","0","true","false","0.1647496193675267","4","0.08328764699380478"
"1","1032","1000","1","""HK""","0.03","false","""normal""","1","""constant""","0.1","""Scale-free""","1","0","1","""uniform""","""deterministic-normal""","0","0","1","""normal""","0","0.9","false","""/home/ramaswamy.51/Documents/github/Spirals/Media/data/cluster/endsim/BehaviorSearch/Step6_Trial""","true","0","1","0","0","true","false","0.09648048570964132","4","0.08328764699380478"
"1","1036","1000","1","""HK""","0.01","false","""normal""","1","""constant""","0.2","""Scale-free""","1","0","1","""uniform""","""deterministic-normal""","0","0","1","""normal""","-0.5","1","false","""/home/ramaswamy.51/Documents/github/Spirals/Media/data/cluster/endsim/BehaviorSearch/Step6_Trial""","true","0","1","0","0","true","false","0.21527070699121423","4","0.08328764699380478"
"1","1040","1000","1","""HK""","0.08","false","""normal""","1","""constant""","0.1","""Scale-free""","1","0","1","""uniform""","""deterministic-normal""","0","0","1","""normal""","0.10000000000000009","1","false","""/home/ramaswamy.51/Documents/github/Spirals/Media/data/cluster/endsim/BehaviorSearch/Step6_Trial""","true","0","1","0","0","true","false","0.1560113944903549","4","0.08328764699380478"
"1","1044","1000","1","""HK""","0.060000000000000005","false","""normal""","1","""constant""","0.1","""Scale-free""","2","0","1","""uniform""","""deterministic-normal""","0","0","1","""normal""","0.30000000000000004","0.9","false","""/home/ramaswamy.51/Documents/github/Spirals/Media/data/cluster/endsim/BehaviorSearch/Step6_Trial""","true","0","1","0","0","true","false","0.17027857233376226","4","0.08328764699380478"
"1","1048","1000","1","""HK""","0.05","false","""normal""","1","""constant""","0.1","""Scale-free""","1","0","1","""uniform""","""deterministic-normal""","0","0","1","""normal""","0.40000000000000013","0.9","false","""/home/ramaswamy.51/Documents/github/Spirals/Media/data/cluster/endsim/BehaviorSearch/Step6_Trial""","true","0","1","0","0","true","false","0.14124881502406214","4","0.08328764699380478"
"1","1052","1000","1","""HK""","0.01","false","""normal""","1","""constant""","0.2","""Scale-free""","1","0","1","""uniform""","""deterministic-normal""","0","0","1","""normal""","-0.29999999999999993","0.9","false","""/home/ramaswamy.51/Documents/github/Spirals/Media/data/cluster/endsim/BehaviorSearch/Step6_Trial""","true","0","1","0","0","true","false","0.20491564238578236","4","0.08328764699380478"
"1","1056","1000","1","""HK""","0.01","false","""normal""","1","""constant""","0","""Scale-free""","2","0","1","""uniform""","""deterministic-normal""","0","0","1","""normal""","-0.09999999999999998","0.9","false","""/home/ramaswamy.51/Documents/github/Spirals/Media/data/cluster/endsim/BehaviorSearch/Step6_Trial""","true","0","1","0","0","true","false","0.15513934476999863","4","0.08328764699380478"
"1","1060","1000","1","""HK""","0.02","false","""normal""","1","""constant""","0.2","""Scale-free""","1","0","1","""uniform""","""deterministic-normal""","0","0","1","""normal""","-0.09999999999999998","1","false","""/home/ramaswamy.51/Documents/github/Spirals/Media/data/cluster/endsim/BehaviorSearch/Step6_Trial""","true","0","1","0","0","true","false","0.20956286547924807","4","0.08328764699380478"
"1","1064","1000","1","""HK""","0.060000000000000005","false","""normal""","1","""constant""","0","""Scale-free""","1","0","1","""uniform""","""deterministic-normal""","0","0","1","""normal""","-0.09999999999999998","0.9","false","""/home/ramaswamy.51/Documents/github/Spirals/Media/data/cluster/endsim/BehaviorSearch/Step6_Trial""","true","0","1","0","0","true","false","0.22730422263710479","4","0.08328764699380478"
"1","1068","1000","1","""HK""","0.01","false","""normal""","1","""constant""","0.2","""Scale-free""","1","0","1","""uniform""","""deterministic-normal""","0","0","1","""normal""","-0.3999999999999999","0.9","false","""/home/ramaswamy.51/Documents/github/Spirals/Media/data/cluster/endsim/BehaviorSearch/Step6_Trial""","true","0","1","0","0","true","false","0.2082269768723991","4","0.08328764699380478"
"1","1072","1000","1","""HK""","0.01","false","""normal""","1","""constant""","0.1","""Scale-free""","1","0","1","""uniform""","""deterministic-normal""","0","0","1","""normal""","0.10000000000000009","0.7000000000000001","false","""/home/ramaswamy.51/Documents/github/Spirals/Media/data/cluster/endsim/BehaviorSearch/Step6_Trial""","true","0","1","0","0","true","false","0.11574897691448832","4","0.08328764699380478"
"1","1076","1000","1","""HK""","0.03","false","""normal""","1","""constant""","0.2","""Scale-free""","1","0","1","""uniform""","""deterministic-normal""","0","0","1","""normal""","-0.09999999999999998","1","false","""/home/ramaswamy.51/Documents/github/Spirals/Media/data/cluster/endsim/BehaviorSearch/Step6_Trial""","true","0","1","0","0","true","false","0.21661375449043654","4","0.08328764699380478"
"1","1080","1000","1","""HK""","0.06999999999999999","false","""normal""","1","""constant""","0.1","""Scale-free""","1","0","1","""uniform""","""deterministic-normal""","0","0","1","""normal""","-0.09999999999999998","1","false","""/home/ramaswamy.51/Documents/github/Spirals/Media/data/cluster/endsim/BehaviorSearch/Step6_Trial""","true","0","1","0","0","true","false","0.15256384008985155","4","0.08328764699380478"
"1","1084","1000","1","""HK""","0.04","false","""normal""","1","""constant""","0","""Scale-free""","1","0","1","""uniform""","""deterministic-normal""","0","0","1","""normal""","-0.19999999999999996","0.9","false","""/home/ramaswamy.51/Documents/github/Spirals/Media/data/cluster/endsim/BehaviorSearch/Step6_Trial""","true","0","1","0","0","true","false","0.17146497115983883","4","0.08328764699380478"
"1","1088","1000","1","""HK""","0.03","false","""normal""","1","""constant""","0.1","""Scale-free""","1","0","1","""uniform""","""deterministic-normal""","0","0","1","""normal""","-0.5","0.8","false","""/home/ramaswamy.51/Documents/github/Spirals/Media/data/cluster/endsim/BehaviorSearch/Step6_Trial""","true","0","1","0","0","true","false","0.1407415957720818","4","0.08328764699380478"
"1","1092","1000","1","""HK""","0.05","false","""normal""","1","""constant""","0.2","""Scale-free""","1","0","1","""uniform""","""deterministic-normal""","0","0","1","""normal""","-0.09999999999999998","0.8","false","""/home/ramaswamy.51/Documents/github/Spirals/Media/data/cluster/endsim/BehaviorSearch/Step6_Trial""","true","0","1","0","0","true","false","0.22579156862923455","4","0.08328764699380478"
"1","1096","1000","1","""HK""","0.060000000000000005","false","""normal""","1","""constant""","0.1","""Scale-free""","1","0","1","""uniform""","""deterministic-normal""","0","0","1","""normal""","-0.09999999999999998","1","false","""/home/ramaswamy.51/Documents/github/Spirals/Media/data/cluster/endsim/BehaviorSearch/Step6_Trial""","true","0","1","0","0","true","false","0.12012336222463754","4","0.08328764699380478"
"1","1100","1000","1","""HK""","0.04","false","""normal""","1","""constant""","0.1","""Scale-free""","1","0","1","""uniform""","""deterministic-normal""","0","0","1","""normal""","0","1","false","""/home/ramaswamy.51/Documents/github/Spirals/Media/data/cluster/endsim/BehaviorSearch/Step6_Trial""","true","0","1","0","0","true","false","0.10328625198400024","4","0.08328764699380478"
"1","1104","1000","1","""HK""","0.01","false","""normal""","1","""constant""","0.1","""Scale-free""","1","0","1","""uniform""","""deterministic-normal""","0","0","1","""normal""","0.5","0.9","false","""/home/ramaswamy.51/Documents/github/Spirals/Media/data/cluster/endsim/BehaviorSearch/Step6_Trial""","true","0","1","0","0","true","false","0.11999530755732478","4","0.08328764699380478"
"1","1108","1000","1","""HK""","0.04","false","""normal""","1","""constant""","0.1","""Scale-free""","1","0","1","""uniform""","""deterministic-normal""","0","0","1","""normal""","0","0.9","false","""/home/ramaswamy.51/Documents/github/Spirals/Media/data/cluster/endsim/BehaviorSearch/Step6_Trial""","true","0","1","0","0","true","false","0.10563545102386465","4","0.08328764699380478"
"1","1112","1000","1","""HK""","0.01","false","""normal""","1","""constant""","0.1","""Scale-free""","1","0","1","""uniform""","""deterministic-normal""","0","0","1","""normal""","-0.3999999999999999","0.8","false","""/home/ramaswamy.51/Documents/github/Spirals/Media/data/cluster/endsim/BehaviorSearch/Step6_Trial""","true","0","1","0","0","true","false","0.11971483521250269","4","0.08328764699380478"
"1","1116","1000","1","""HK""","0.02","false","""normal""","1","""constant""","0","""Scale-free""","1","0","1","""uniform""","""deterministic-normal""","0","0","1","""normal""","0.20000000000000018","0.9","false","""/home/ramaswamy.51/Documents/github/Spirals/Media/data/cluster/endsim/BehaviorSearch/Step6_Trial""","true","0","1","0","0","true","false","0.15953819282588896","4","0.08328764699380478"
"1","1120","1000","1","""HK""","0.01","false","""normal""","1","""constant""","0","""Scale-free""","1","0","1","""uniform""","""deterministic-normal""","0","0","1","""normal""","-0.3999999999999999","0.8","false","""/home/ramaswamy.51/Documents/github/Spirals/Media/data/cluster/endsim/BehaviorSearch/Step6_Trial""","true","0","1","0","0","true","false","0.1799551605838604","4","0.08328764699380478"
"1","1124","1000","1","""HK""","0.04","false","""normal""","1","""constant""","0.1","""Scale-free""","1","0","1","""uniform""","""deterministic-normal""","0","0","1","""normal""","-0.29999999999999993","0.9","false","""/home/ramaswamy.51/Documents/github/Spirals/Media/data/cluster/endsim/BehaviorSearch/Step6_Trial""","true","0","1","0","0","true","false","0.11322053690087874","4","0.08328764699380478"
"1","1128","1000","1","""HK""","0.05","false","""normal""","1","""constant""","0.2","""Scale-free""","1","0","1","""uniform""","""deterministic-normal""","0","0","1","""normal""","-0.09999999999999998","1","false","""/home/ramaswamy.51/Documents/github/Spirals/Media/data/cluster/endsim/BehaviorSearch/Step6_Trial""","true","0","1","0","0","true","false","0.23914636573559755","4","0.08328764699380478"
"1","1132","1000","1","""HK""","0.01","false","""normal""","1","""constant""","0.2","""Scale-free""","1","0","1","""uniform""","""deterministic-normal""","0","0","1","""normal""","0.20000000000000018","1","false","""/home/ramaswamy.51/Documents/github/Spirals/Media/data/cluster/endsim/BehaviorSearch/Step6_Trial""","true","0","1","0","0","true","false","0.19811039542839354","4","0.08328764699380478"
"1","1136","1000","1","""HK""","0.02","false","""normal""","1","""constant""","0.1","""Scale-free""","1","0","1","""uniform""","""deterministic-normal""","0","0","1","""normal""","0.20000000000000018","0.9","false","""/home/ramaswamy.51/Documents/github/Spirals/Media/data/cluster/endsim/BehaviorSearch/Step6_Trial""","true","0","1","0","0","true","false","0.10332855999174162","4","0.08328764699380478"
"1","1140","1000","1","""HK""","0.02","false","""normal""","1","""constant""","0","""Scale-free""","1","0","1","""uniform""","""deterministic-normal""","0","0","1","""normal""","-0.09999999999999998","0.6000000000000001","false","""/home/ramaswamy.51/Documents/github/Spirals/Media/data/cluster/endsim/BehaviorSearch/Step6_Trial""","true","0","1","0","0","true","false","0.12472738403462737","4","0.08328764699380478"
"1","1144","1000","1","""HK""","0.05","false","""normal""","1","""constant""","0","""Scale-free""","1","0","1","""uniform""","""deterministic-normal""","0","0","1","""normal""","-0.09999999999999998","0.9","false","""/home/ramaswamy.51/Documents/github/Spirals/Media/data/cluster/endsim/BehaviorSearch/Step6_Trial""","true","0","1","0","0","true","false","0.22061031736270686","4","0.08328764699380478"
"1","1148","1000","1","""HK""","0.02","false","""normal""","1","""constant""","0.1","""Scale-free""","2","0","1","""uniform""","""deterministic-normal""","0","0","1","""normal""","-0.09999999999999998","0.8","false","""/home/ramaswamy.51/Documents/github/Spirals/Media/data/cluster/endsim/BehaviorSearch/Step6_Trial""","true","0","1","0","0","true","false","0.11713315178206635","4","0.08328764699380478"
"1","1152","1000","1","""HK""","0.08","false","""normal""","1","""constant""","0.1","""Scale-free""","1","0","1","""uniform""","""deterministic-normal""","0","0","1","""normal""","0.30000000000000004","0.9","false","""/home/ramaswamy.51/Documents/github/Spirals/Media/data/cluster/endsim/BehaviorSearch/Step6_Trial""","true","0","1","0","0","true","false","0.17254436603386838","4","0.08328764699380478"
"1","1156","1000","1","""HK""","0.05","false","""normal""","1","""constant""","0.1","""Scale-free""","2","0","1","""uniform""","""deterministic-normal""","0","0","1","""normal""","-0.09999999999999998","0.8","false","""/home/ramaswamy.51/Documents/github/Spirals/Media/data/cluster/endsim/BehaviorSearch/Step6_Trial""","true","0","1","0","0","true","false","0.16501922396132","4","0.08328764699380478"
"1","1160","1000","1","""HK""","0.09","false","""normal""","1","""constant""","0.1","""Scale-free""","1","0","1","""uniform""","""deterministic-normal""","0","0","1","""normal""","-0.19999999999999996","0.9","false","""/home/ramaswamy.51/Documents/github/Spirals/Media/data/cluster/endsim/BehaviorSearch/Step6_Trial""","true","0","1","0","0","true","false","0.17553596567434399","4","0.08328764699380478"
"1","1164","1000","1","""HK""","0.04","false","""normal""","1","""constant""","0.1","""Scale-free""","1","0","1","""uniform""","""deterministic-normal""","0","0","1","""normal""","0.10000000000000009","0.9","false","""/home/ramaswamy.51/Documents/github/Spirals/Media/data/cluster/endsim/BehaviorSearch/Step6_Trial""","true","0","1","0","0","true","false","0.10087126555330081","4","0.08328764699380478"
"1","1168","1000","1","""HK""","0.04","false","""normal""","1","""constant""","0.1","""Scale-free""","1","0","1","""uniform""","""deterministic-normal""","0","0","1","""normal""","0.30000000000000004","0.9","false","""/home/ramaswamy.51/Documents/github/Spirals/Media/data/cluster/endsim/BehaviorSearch/Step6_Trial""","true","0","1","0","0","true","false","0.12271477784566376","4","0.08328764699380478"
"1","1172","1000","1","""HK""","0.04","false","""normal""","1","""constant""","0","""Scale-free""","1","0","1","""uniform""","""deterministic-normal""","0","0","1","""normal""","0.10000000000000009","0.9","false","""/home/ramaswamy.51/Documents/github/Spirals/Media/data/cluster/endsim/BehaviorSearch/Step6_Trial""","true","0","1","0","0","true","false","0.1731935731372076","4","0.08328764699380478"
"1","1176","1000","1","""HK""","0.01","false","""normal""","1","""constant""","0.1","""Scale-free""","1","0","1","""uniform""","""deterministic-normal""","0","0","1","""normal""","-0.8","0.9","false","""/home/ramaswamy.51/Documents/github/Spirals/Media/data/cluster/endsim/BehaviorSearch/Step6_Trial""","true","0","1","0","0","true","false","0.14370187075047305","4","0.08328764699380478"
"1","1180","1000","1","""HK""","0.05","false","""normal""","1","""constant""","0.1","""Scale-free""","1","0","1","""uniform""","""deterministic-normal""","0","0","1","""normal""","-0.3999999999999999","0.9","false","""/home/ramaswamy.51/Documents/github/Spirals/Media/data/cluster/endsim/BehaviorSearch/Step6_Trial""","true","0","1","0","0","true","false","0.130333946968388","4","0.08328764699380478"
"1","1184","1000","1","""HK""","0.03","false","""normal""","1","""constant""","0.2","""Scale-free""","1","0","1","""uniform""","""deterministic-normal""","0","0","1","""normal""","0.40000000000000013","0.9","false","""/home/ramaswamy.51/Documents/github/Spirals/Media/data/cluster/endsim/BehaviorSearch/Step6_Trial""","true","0","1","0","0","true","false","0.22315964358956444","4","0.08328764699380478"
"1","1188","1000","1","""HK""","0.02","false","""normal""","1","""constant""","0.1","""Scale-free""","1","0","1","""uniform""","""deterministic-normal""","0","0","1","""normal""","0.20000000000000018","1","false","""/home/ramaswamy.51/Documents/github/Spirals/Media/data/cluster/endsim/BehaviorSearch/Step6_Trial""","true","0","1","0","0","true","false","0.09389100565801073","4","0.08328764699380478"
"1","1192","1000","1","""HK""","0.03","false","""normal""","1","""constant""","0.1","""Scale-free""","1","0","1","""uniform""","""deterministic-normal""","0","0","1","""normal""","0.30000000000000004","0.9","false","""/home/ramaswamy.51/Documents/github/Spirals/Media/data/cluster/endsim/BehaviorSearch/Step6_Trial""","true","0","1","0","0","true","false","0.11967263348627141","4","0.08328764699380478"
"1","1196","1000","1","""HK""","0.02","false","""normal""","1","""constant""","0.1","""Scale-free""","1","0","1","""uniform""","""deterministic-normal""","0","0","1","""normal""","0.40000000000000013","1","false","""/home/ramaswamy.51/Documents/github/Spirals/Media/data/cluster/endsim/BehaviorSearch/Step6_Trial""","true","0","1","0","0","true","false","0.11746084031732679","4","0.08328764699380478"
"1","1200","1000","1","""HK""","0.05","false","""normal""","1","""constant""","0.1","""Scale-free""","1","0","1","""uniform""","""deterministic-normal""","0","0","1","""normal""","0.10000000000000009","0.9","false","""/home/ramaswamy.51/Documents/github/Spirals/Media/data/cluster/endsim/BehaviorSearch/Step6_Trial""","true","0","1","0","0","true","false","0.12535356555767288","4","0.08328764699380478"
"1","1204","1000","1","""HK""","0.01","false","""normal""","1","""constant""","0.2","""Scale-free""","2","0","1","""uniform""","""deterministic-normal""","0","0","1","""normal""","-0.09999999999999998","0.8","false","""/home/ramaswamy.51/Documents/github/Spirals/Media/data/cluster/endsim/BehaviorSearch/Step6_Trial""","true","0","1","0","0","true","false","0.2342343179635861","4","0.08328764699380478"
"1","1208","1000","1","""HK""","0.01","false","""normal""","1","""constant""","0.2","""Scale-free""","1","0","1","""uniform""","""deterministic-normal""","0","0","1","""normal""","-0.29999999999999993","0.7000000000000001","false","""/home/ramaswamy.51/Documents/github/Spirals/Media/data/cluster/endsim/BehaviorSearch/Step6_Trial""","true","0","1","0","0","true","false","0.23393504336367668","4","0.08328764699380478"
"1","1212","1000","1","""HK""","0.02","false","""normal""","1","""constant""","0.1","""Scale-free""","1","0","1","""uniform""","""deterministic-normal""","0","0","1","""normal""","-0.29999999999999993","0.9","false","""/home/ramaswamy.51/Documents/github/Spirals/Media/data/cluster/endsim/BehaviorSearch/Step6_Trial""","true","0","1","0","0","true","false","0.09745057094611229","4","0.08328764699380478"
"1","1216","1000","1","""HK""","0.060000000000000005","false","""normal""","1","""constant""","0.1","""Scale-free""","1","0","1","""uniform""","""deterministic-normal""","0","0","1","""normal""","0.10000000000000009","0.9","false","""/home/ramaswamy.51/Documents/github/Spirals/Media/data/cluster/endsim/BehaviorSearch/Step6_Trial""","true","0","1","0","0","true","false","0.13709872621378472","4","0.08328764699380478"
"1","1220","1000","1","""HK""","0.02","false","""normal""","1","""constant""","0.1","""Scale-free""","1","0","1","""uniform""","""deterministic-normal""","0","0","1","""normal""","0.20000000000000018","0.8","false","""/home/ramaswamy.51/Documents/github/Spirals/Media/data/cluster/endsim/BehaviorSearch/Step6_Trial""","true","0","1","0","0","true","false","0.11600892623233967","4","0.08328764699380478"
"1","1224","1000","1","""HK""","0.04","false","""normal""","1","""constant""","0.2","""Scale-free""","1","0","1","""uniform""","""deterministic-normal""","0","0","1","""normal""","-0.09999999999999998","0.9","false","""/home/ramaswamy.51/Documents/github/Spirals/Media/data/cluster/endsim/BehaviorSearch/Step6_Trial""","true","0","1","0","0","true","false","0.22828950865468367","4","0.08328764699380478"
"1","1228","1000","1","""HK""","0.08","false","""normal""","1","""constant""","0.1","""Scale-free""","1","0","1","""uniform""","""deterministic-normal""","0","0","1","""normal""","-0.09999999999999998","0.8","false","""/home/ramaswamy.51/Documents/github/Spirals/Media/data/cluster/endsim/BehaviorSearch/Step6_Trial""","true","0","1","0","0","true","false","0.16907693951612685","4","0.08328764699380478"
"1","1232","1000","1","""HK""","0.01","false","""normal""","1","""constant""","0.1","""Scale-free""","2","0","1","""uniform""","""deterministic-normal""","0","0","1","""normal""","-0.29999999999999993","0.9","false","""/home/ramaswamy.51/Documents/github/Spirals/Media/data/cluster/endsim/BehaviorSearch/Step6_Trial""","true","0","1","0","0","true","false","0.11172257311044928","4","0.08328764699380478"
"1","1236","1000","1","""HK""","0.04","false","""normal""","1","""constant""","0.1","""Scale-free""","1","0","1","""uniform""","""deterministic-normal""","0","0","1","""normal""","0.20000000000000018","0.9","false","""/home/ramaswamy.51/Documents/github/Spirals/Media/data/cluster/endsim/BehaviorSearch/Step6_Trial""","true","0","1","0","0","true","false","0.1305303387868539","4","0.08328764699380478"
"1","1240","1000","1","""HK""","0.01","false","""normal""","1","""constant""","0.1","""Scale-free""","1","0","1","""uniform""","""deterministic-normal""","0","0","1","""normal""","0.20000000000000018","0.6000000000000001","false","""/home/ramaswamy.51/Documents/github/Spirals/Media/data/cluster/endsim/BehaviorSearch/Step6_Trial""","true","0","1","0","0","true","false","0.12944838479780474","4","0.08328764699380478"
"1","1244","1000","1","""HK""","0.02","false","""normal""","1","""constant""","0.1","""Scale-free""","2","0","1","""uniform""","""deterministic-normal""","0","0","1","""normal""","-0.09999999999999998","0.9","false","""/home/ramaswamy.51/Documents/github/Spirals/Media/data/cluster/endsim/BehaviorSearch/Step6_Trial""","true","0","1","0","0","true","false","0.1183920989783867","4","0.08328764699380478"
"1","1248","1000","1","""HK""","0.01","false","""normal""","1","""constant""","0.1","""Scale-free""","1","0","1","""uniform""","""deterministic-normal""","0","0","1","""normal""","0.40000000000000013","1","false","""/home/ramaswamy.51/Documents/github/Spirals/Media/data/cluster/endsim/BehaviorSearch/Step6_Trial""","true","0","1","0","0","true","false","0.09457511617835289","4","0.08328764699380478"
"1","1252","1000","1","""HK""","0.06999999999999999","false","""normal""","1","""constant""","0.2","""Scale-free""","1","0","1","""uniform""","""deterministic-normal""","0","0","1","""normal""","-0.09999999999999998","0.9","false","""/home/ramaswamy.51/Documents/github/Spirals/Media/data/cluster/endsim/BehaviorSearch/Step6_Trial""","true","0","1","0","0","true","false","0.243831582443183","4","0.08328764699380478"
"1","1256","1000","1","""HK""","0.01","false","""normal""","1","""constant""","0.2","""Scale-free""","2","0","1","""uniform""","""deterministic-normal""","0","0","1","""normal""","-0.09999999999999998","1","false","""/home/ramaswamy.51/Documents/github/Spirals/Media/data/cluster/endsim/BehaviorSearch/Step6_Trial""","true","0","1","0","0","true","false","0.23674806678613136","4","0.08328764699380478"
"1","1260","1000","1","""HK""","0.060000000000000005","false","""normal""","1","""constant""","0.2","""Scale-free""","1","0","1","""uniform""","""deterministic-normal""","0","0","1","""normal""","-0.09999999999999998","0.9","false","""/home/ramaswamy.51/Documents/github/Spirals/Media/data/cluster/endsim/BehaviorSearch/Step6_Trial""","true","0","1","0","0","true","false","0.2316863713410517","4","0.08328764699380478"
"1","1264","1000","1","""HK""","0.05","false","""normal""","1","""constant""","0.2","""Scale-free""","1","0","1","""uniform""","""deterministic-normal""","0","0","1","""normal""","-0.19999999999999996","1","false","""/home/ramaswamy.51/Documents/github/Spirals/Media/data/cluster/endsim/BehaviorSearch/Step6_Trial""","true","0","1","0","0","true","false","0.2094592867860057","4","0.08328764699380478"
"1","1268","1000","1","""HK""","0.01","false","""normal""","1","""constant""","0.1","""Scale-free""","1","0","1","""uniform""","""deterministic-normal""","0","0","1","""normal""","-0.3999999999999999","0.7000000000000001","false","""/home/ramaswamy.51/Documents/github/Spirals/Media/data/cluster/endsim/BehaviorSearch/Step6_Trial""","true","0","1","0","0","true","false","0.13583098569947544","4","0.08328764699380478"
"1","1272","1000","1","""HK""","0.02","false","""normal""","1","""constant""","0","""Scale-free""","1","0","1","""uniform""","""deterministic-normal""","0","0","1","""normal""","0","0.9","false","""/home/ramaswamy.51/Documents/github/Spirals/Media/data/cluster/endsim/BehaviorSearch/Step6_Trial""","true","0","1","0","0","true","false","0.1514687839721061","4","0.08328764699380478"
"1","1276","1000","1","""HK""","0.03","false","""normal""","1","""constant""","0","""Scale-free""","1","0","1","""uniform""","""deterministic-normal""","0","0","1","""normal""","0","0.9","false","""/home/ramaswamy.51/Documents/github/Spirals/Media/data/cluster/endsim/BehaviorSearch/Step6_Trial""","true","0","1","0","0","true","false","0.1404161509023941","4","0.08328764699380478"
"1","1280","1000","1","""HK""","0.02","false","""normal""","1","""constant""","0.1","""Scale-free""","1","0","1","""uniform""","""deterministic-normal""","0","0","1","""normal""","0.10000000000000009","0.9","false","""/home/ramaswamy.51/Documents/github/Spirals/Media/data/cluster/endsim/BehaviorSearch/Step6_Trial""","true","0","1","0","0","true","false","0.09424068676449675","4","0.08328764699380478"
"1","1284","1000","1","""HK""","0.02","false","""normal""","1","""constant""","0","""Scale-free""","1","0","1","""uniform""","""deterministic-normal""","0","0","1","""normal""","0.20000000000000018","0.8","false","""/home/ramaswamy.51/Documents/github/Spirals/Media/data/cluster/endsim/BehaviorSearch/Step6_Trial""","true","0","1","0","0","true","false","0.14841008427750135","4","0.08328764699380478"
"1","1288","1000","1","""HK""","0.060000000000000005","false","""normal""","1","""constant""","0.2","""Scale-free""","1","0","1","""uniform""","""deterministic-normal""","0","0","1","""normal""","-0.29999999999999993","0.9","false","""/home/ramaswamy.51/Documents/github/Spirals/Media/data/cluster/endsim/BehaviorSearch/Step6_Trial""","true","0","1","0","0","true","false","0.236995661385156","4","0.08328764699380478"
"1","1292","1000","1","""HK""","0.08","false","""normal""","1","""constant""","0.1","""Scale-free""","1","0","1","""uniform""","""deterministic-normal""","0","0","1","""normal""","-0.19999999999999996","0.9","false","""/home/ramaswamy.51/Documents/github/Spirals/Media/data/cluster/endsim/BehaviorSearch/Step6_Trial""","true","0","1","0","0","true","false","0.1632671254980596","4","0.08328764699380478"
"1","1296","1000","1","""HK""","0.01","false","""normal""","1","""constant""","0.1","""Scale-free""","1","0","1","""uniform""","""deterministic-normal""","0","0","1","""normal""","-0.6","1","false","""/home/ramaswamy.51/Documents/github/Spirals/Media/data/cluster/endsim/BehaviorSearch/Step6_Trial""","true","0","1","0","0","true","false","0.1106018097268732","4","0.08328764699380478"
"1","1300","1000","1","""HK""","0.04","false","""normal""","1","""constant""","0.1","""Scale-free""","2","0","1","""uniform""","""deterministic-normal""","0","0","1","""normal""","-0.09999999999999998","0.9","false","""/home/ramaswamy.51/Documents/github/Spirals/Media/data/cluster/endsim/BehaviorSearch/Step6_Trial""","true","0","1","0","0","true","false","0.121120979685767","4","0.08328764699380478"
"1","1304","1000","1","""HK""","0.02","false","""normal""","1","""constant""","0","""Scale-free""","1","0","1","""uniform""","""deterministic-normal""","0","0","1","""normal""","-0.09999999999999998","0.8","false","""/home/ramaswamy.51/Documents/github/Spirals/Media/data/cluster/endsim/BehaviorSearch/Step6_Trial""","true","0","1","0","0","true","false","0.13191826699272866","4","0.08328764699380478"
"1","1308","1000","1","""HK""","0.05","false","""normal""","1","""constant""","0.1","""Scale-free""","1","0","1","""uniform""","""deterministic-normal""","0","0","1","""normal""","-0.19999999999999996","0.8","false","""/home/ramaswamy.51/Documents/github/Spirals/Media/data/cluster/endsim/BehaviorSearch/Step6_Trial""","true","0","1","0","0","true","false","0.1248600214474321","4","0.08328764699380478"
"1","1312","1000","1","""HK""","0.01","false","""normal""","1","""constant""","0","""Scale-free""","1","0","1","""uniform""","""deterministic-normal""","0","0","1","""normal""","-0.19999999999999996","0.8","false","""/home/ramaswamy.51/Documents/github/Spirals/Media/data/cluster/endsim/BehaviorSearch/Step6_Trial""","true","0","1","0","0","true","false","0.14985297553001037","4","0.08328764699380478"
"1","1316","1000","1","""HK""","0.04","false","""normal""","1","""constant""","0.1","""Scale-free""","1","0","1","""uniform""","""deterministic-normal""","0","0","1","""normal""","-0.3999999999999999","0.9","false","""/home/ramaswamy.51/Documents/github/Spirals/Media/data/cluster/endsim/BehaviorSearch/Step6_Trial""","true","0","1","0","0","true","false","0.11685251387607669","4","0.08328764699380478"
"1","1320","1000","1","""HK""","0.01","false","""normal""","1","""constant""","0.1","""Scale-free""","2","0","1","""uniform""","""deterministic-normal""","0","0","1","""normal""","-0.19999999999999996","1","false","""/home/ramaswamy.51/Documents/github/Spirals/Media/data/cluster/endsim/BehaviorSearch/Step6_Trial""","true","0","1","0","0","true","false","0.0935083275121358","4","0.08328764699380478"
"1","1324","1000","1","""HK""","0.03","false","""normal""","1","""constant""","0","""Scale-free""","1","0","1","""uniform""","""deterministic-normal""","0","0","1","""normal""","-0.19999999999999996","0.9","false","""/home/ramaswamy.51/Documents/github/Spirals/Media/data/cluster/endsim/BehaviorSearch/Step6_Trial""","true","0","1","0","0","true","false","0.15686456971358095","4","0.08328764699380478"
"1","1328","1000","1","""HK""","0.06999999999999999","false","""normal""","1","""constant""","0.1","""Scale-free""","1","0","1","""uniform""","""deterministic-normal""","0","0","1","""normal""","0.10000000000000009","0.9","false","""/home/ramaswamy.51/Documents/github/Spirals/Media/data/cluster/endsim/BehaviorSearch/Step6_Trial""","true","0","1","0","0","true","false","0.14435346560578619","4","0.08328764699380478"
"1","1332","1000","1","""HK""","0.01","false","""normal""","1","""constant""","0","""Scale-free""","1","0","1","""uniform""","""deterministic-normal""","0","0","1","""normal""","-0.5","0.9","false","""/home/ramaswamy.51/Documents/github/Spirals/Media/data/cluster/endsim/BehaviorSearch/Step6_Trial""","true","0","1","0","0","true","false","0.18399496299119766","4","0.08328764699380478"
"1","1336","1000","1","""HK""","0.03","false","""normal""","1","""constant""","0.1","""Scale-free""","2","0","1","""uniform""","""deterministic-normal""","0","0","1","""normal""","-0.09999999999999998","1","false","""/home/ramaswamy.51/Documents/github/Spirals/Media/data/cluster/endsim/BehaviorSearch/Step6_Trial""","true","0","1","0","0","true","false","0.12489229376408731","4","0.08328764699380478"
"1","1340","1000","1","""HK""","0.01","false","""normal""","1","""constant""","0","""Scale-free""","2","0","1","""uniform""","""deterministic-normal""","0","0","1","""normal""","0","0.9","false","""/home/ramaswamy.51/Documents/github/Spirals/Media/data/cluster/endsim/BehaviorSearch/Step6_Trial""","true","0","1","0","0","true","false","0.1629280812997986","4","0.08328764699380478"
"1","1344","1000","1","""HK""","0.05","false","""normal""","1","""constant""","0","""Scale-free""","1","0","1","""uniform""","""deterministic-normal""","0","0","1","""normal""","-0.09999999999999998","0.8","false","""/home/ramaswamy.51/Documents/github/Spirals/Media/data/cluster/endsim/BehaviorSearch/Step6_Trial""","true","0","1","0","0","true","false","0.21807493044737505","4","0.08328764699380478"
"1","1348","1000","1","""HK""","0.04","false","""normal""","1","""constant""","0","""Scale-free""","1","0","1","""uniform""","""deterministic-normal""","0","0","1","""normal""","-0.09999999999999998","0.8","false","""/home/ramaswamy.51/Documents/github/Spirals/Media/data/cluster/endsim/BehaviorSearch/Step6_Trial""","true","0","1","0","0","true","false","0.158118620846177","4","0.08328764699380478"
"1","1352","1000","1","""HK""","0.06999999999999999","false","""normal""","1","""constant""","0","""Scale-free""","1","0","1","""uniform""","""deterministic-normal""","0","0","1","""normal""","-0.09999999999999998","0.9","false","""/home/ramaswamy.51/Documents/github/Spirals/Media/data/cluster/endsim/BehaviorSearch/Step6_Trial""","true","0","1","0","0","true","false","0.232533392451331","4","0.08328764699380478"
"1","1356","1000","1","""HK""","0.05","false","""normal""","1","""constant""","0.2","""Scale-free""","1","0","1","""uniform""","""deterministic-normal""","0","0","1","""normal""","-0.09999999999999998","0.7000000000000001","false","""/home/ramaswamy.51/Documents/github/Spirals/Media/data/cluster/endsim/BehaviorSearch/Step6_Trial""","true","0","1","0","0","true","false","0.2312621373232651","4","0.08328764699380478"
"1","1360","1000","1","""HK""","0.08","false","""normal""","1","""constant""","0.1","""Scale-free""","1","0","1","""uniform""","""deterministic-normal""","0","0","1","""normal""","0","0.9","false","""/home/ramaswamy.51/Documents/github/Spirals/Media/data/cluster/endsim/BehaviorSearch/Step6_Trial""","true","0","1","0","0","true","false","0.16221686740762448","4","0.08328764699380478"
"1","1364","1000","1","""HK""","0.03","false","""normal""","1","""constant""","0","""Scale-free""","2","0","1","""uniform""","""deterministic-normal""","0","0","1","""normal""","0.20000000000000018","0.9","false","""/home/ramaswamy.51/Documents/github/Spirals/Media/data/cluster/endsim/BehaviorSearch/Step6_Trial""","true","0","1","0","0","true","false","0.1594941721238316","4","0.08328764699380478"
"1","1368","1000","1","""HK""","0.03","false","""normal""","1","""constant""","0","""Scale-free""","1","0","1","""uniform""","""deterministic-normal""","0","0","1","""normal""","-0.09999999999999998","0.8","false","""/home/ramaswamy.51/Documents/github/Spirals/Media/data/cluster/endsim/BehaviorSearch/Step6_Trial""","true","0","1","0","0","true","false","0.1464739919431828","4","0.08328764699380478"
"1","1372","1000","1","""HK""","0.01","false","""normal""","1","""constant""","0.2","""Scale-free""","1","0","1","""uniform""","""deterministic-normal""","0","0","1","""normal""","0","1","false","""/home/ramaswamy.51/Documents/github/Spirals/Media/data/cluster/endsim/BehaviorSearch/Step6_Trial""","true","0","1","0","0","true","false","0.20744281218964994","4","0.08328764699380478"
"1","1376","1000","1","""HK""","0.02","false","""normal""","1","""constant""","0.1","""Scale-free""","1","0","1","""uniform""","""deterministic-normal""","0","0","1","""normal""","0.10000000000000009","0.8","false","""/home/ramaswamy.51/Documents/github/Spirals/Media/data/cluster/endsim/BehaviorSearch/Step6_Trial""","true","0","1","0","0","true","false","0.10883880564670258","4","0.08328764699380478"
"1","1380","1000","1","""HK""","0.01","false","""normal""","1","""constant""","0","""Scale-free""","1","0","1","""uniform""","""deterministic-normal""","0","0","1","""normal""","0.10000000000000009","0.8","false","""/home/ramaswamy.51/Documents/github/Spirals/Media/data/cluster/endsim/BehaviorSearch/Step6_Trial""","true","0","1","0","0","true","false","0.14480155892002408","4","0.08328764699380478"
"1","1384","1000","1","""HK""","0.05","false","""normal""","1","""constant""","0.1","""Scale-free""","1","0","1","""uniform""","""deterministic-normal""","0","0","1","""normal""","0.30000000000000004","0.9","false","""/home/ramaswamy.51/Documents/github/Spirals/Media/data/cluster/endsim/BehaviorSearch/Step6_Trial""","true","0","1","0","0","true","false","0.13943631722295924","4","0.08328764699380478"
"1","1388","1000","1","""HK""","0.01","false","""normal""","1","""constant""","0","""Scale-free""","2","0","1","""uniform""","""deterministic-normal""","0","0","1","""normal""","-0.19999999999999996","0.9","false","""/home/ramaswamy.51/Documents/github/Spirals/Media/data/cluster/endsim/BehaviorSearch/Step6_Trial""","true","0","1","0","0","true","false","0.1682534662820546","4","0.08328764699380478"
"1","1392","1000","1","""HK""","0.01","false","""normal""","1","""constant""","0.1","""Scale-free""","2","0","1","""uniform""","""deterministic-normal""","0","0","1","""normal""","0","0.8","false","""/home/ramaswamy.51/Documents/github/Spirals/Media/data/cluster/endsim/BehaviorSearch/Step6_Trial""","true","0","1","0","0","true","false","0.11527211379186132","4","0.08328764699380478"
"1","1396","1000","1","""HK""","0.05","false","""normal""","1","""constant""","0.1","""Scale-free""","1","0","1","""uniform""","""deterministic-normal""","0","0","1","""normal""","-0.29999999999999993","0.9","false","""/home/ramaswamy.51/Documents/github/Spirals/Media/data/cluster/endsim/BehaviorSearch/Step6_Trial""","true","0","1","0","0","true","false","0.12242000623622523","4","0.08328764699380478"
"1","1400","1000","1","""HK""","0.09","false","""normal""","1","""constant""","0.1","""Scale-free""","1","0","1","""uniform""","""deterministic-normal""","0","0","1","""normal""","-0.09999999999999998","1","false","""/home/ramaswamy.51/Documents/github/Spirals/Media/data/cluster/endsim/BehaviorSearch/Step6_Trial""","true","0","1","0","0","true","false","0.1715094664928754","4","0.08328764699380478"
"1","1404","1000","1","""HK""","0.01","false","""normal""","1","""constant""","0.1","""Scale-free""","2","0","1","""uniform""","""deterministic-normal""","0","0","1","""normal""","0.30000000000000004","0.9","false","""/home/ramaswamy.51/Documents/github/Spirals/Media/data/cluster/endsim/BehaviorSearch/Step6_Trial""","true","0","1","0","0","true","false","0.11663965825544752","4","0.08328764699380478"
"1","1408","1000","1","""HK""","0.03","false","""normal""","1","""constant""","0","""Scale-free""","1","0","1","""uniform""","""deterministic-normal""","0","0","1","""normal""","-0.5","0.9","false","""/home/ramaswamy.51/Documents/github/Spirals/Media/data/cluster/endsim/BehaviorSearch/Step6_Trial""","true","0","1","0","0","true","false","0.18564936073735758","4","0.08328764699380478"
"1","1412","1000","1","""HK""","0.04","false","""normal""","1","""constant""","0.1","""Scale-free""","1","0","1","""uniform""","""deterministic-normal""","0","0","1","""normal""","-0.09999999999999998","0.7000000000000001","false","""/home/ramaswamy.51/Documents/github/Spirals/Media/data/cluster/endsim/BehaviorSearch/Step6_Trial""","true","0","1","0","0","true","false","0.12492376929088979","4","0.08328764699380478"
"1","1416","1000","1","""HK""","0.060000000000000005","false","""normal""","1","""constant""","0.1","""Scale-free""","1","0","1","""uniform""","""deterministic-normal""","0","0","1","""normal""","-0.5","0.9","false","""/home/ramaswamy.51/Documents/github/Spirals/Media/data/cluster/endsim/BehaviorSearch/Step6_Trial""","true","0","1","0","0","true","false","0.1397652065332349","4","0.08328764699380478"
"1","1420","1000","1","""HK""","0.01","false","""normal""","1","""constant""","0.30000000000000004","""Scale-free""","1","0","1","""uniform""","""deterministic-normal""","0","0","1","""normal""","-0.09999999999999998","0.9","false","""/home/ramaswamy.51/Documents/github/Spirals/Media/data/cluster/endsim/BehaviorSearch/Step6_Trial""","true","0","1","0","0","true","false","0.2719962388268123","4","0.08328764699380478"
"1","1424","1000","1","""HK""","0.060000000000000005","false","""normal""","1","""constant""","0.1","""Scale-free""","1","0","1","""uniform""","""deterministic-normal""","0","0","1","""normal""","-0.3999999999999999","0.9","false","""/home/ramaswamy.51/Documents/github/Spirals/Media/data/cluster/endsim/BehaviorSearch/Step6_Trial""","true","0","1","0","0","true","false","0.14149451879989006","4","0.08328764699380478"
"1","1428","1000","1","""HK""","0.01","false","""normal""","1","""constant""","0.2","""Scale-free""","1","0","1","""uniform""","""deterministic-normal""","0","0","1","""normal""","0.10000000000000009","0.8","false","""/home/ramaswamy.51/Documents/github/Spirals/Media/data/cluster/endsim/BehaviorSearch/Step6_Trial""","true","0","1","0","0","true","false","0.2035640444634062","4","0.08328764699380478"
"1","1432","1000","1","""HK""","0.04","false","""normal""","1","""constant""","0.2","""Scale-free""","1","0","1","""uniform""","""deterministic-normal""","0","0","1","""normal""","-0.09999999999999998","1","false","""/home/ramaswamy.51/Documents/github/Spirals/Media/data/cluster/endsim/BehaviorSearch/Step6_Trial""","true","0","1","0","0","true","false","0.22344669347012236","4","0.08328764699380478"
"1","1436","1000","1","""HK""","0.01","false","""normal""","1","""constant""","0","""Scale-free""","2","0","1","""uniform""","""deterministic-normal""","0","0","1","""normal""","-0.3999999999999999","0.9","false","""/home/ramaswamy.51/Documents/github/Spirals/Media/data/cluster/endsim/BehaviorSearch/Step6_Trial""","true","0","1","0","0","true","false","0.17939879396300676","4","0.08328764699380478"
"1","1440","1000","1","""HK""","0.01","false","""normal""","1","""constant""","0","""Scale-free""","2","0","1","""uniform""","""deterministic-normal""","0","0","1","""normal""","0.20000000000000018","0.9","false","""/home/ramaswamy.51/Documents/github/Spirals/Media/data/cluster/endsim/BehaviorSearch/Step6_Trial""","true","0","1","0","0","true","false","0.17590587357899523","4","0.08328764699380478"
"1","1444","1000","1","""HK""","0.06999999999999999","false","""normal""","1","""constant""","0.1","""Scale-free""","1","0","1","""uniform""","""deterministic-normal""","0","0","1","""normal""","-0.3999999999999999","0.9","false","""/home/ramaswamy.51/Documents/github/Spirals/Media/data/cluster/endsim/BehaviorSearch/Step6_Trial""","true","0","1","0","0","true","false","0.15452797421399433","4","0.08328764699380478"
"1","1448","1000","1","""HK""","0.01","false","""normal""","1","""constant""","0.1","""Scale-free""","2","0","1","""uniform""","""deterministic-normal""","0","0","1","""normal""","0","1","false","""/home/ramaswamy.51/Documents/github/Spirals/Media/data/cluster/endsim/BehaviorSearch/Step6_Trial""","true","0","1","0","0","true","false","0.10520044179138797","4","0.08328764699380478"
"1","1452","1000","1","""HK""","0.01","false","""normal""","1","""constant""","0.2","""Scale-free""","1","0","1","""uniform""","""deterministic-normal""","0","0","1","""normal""","-0.5","0.9","false","""/home/ramaswamy.51/Documents/github/Spirals/Media/data/cluster/endsim/BehaviorSearch/Step6_Trial""","true","0","1","0","0","true","false","0.2139684299249957","4","0.08328764699380478"
"1","1456","1000","1","""HK""","0.03","false","""normal""","1","""constant""","0.1","""Scale-free""","1","0","1","""uniform""","""deterministic-normal""","0","0","1","""normal""","-0.19999999999999996","0.8","false","""/home/ramaswamy.51/Documents/github/Spirals/Media/data/cluster/endsim/BehaviorSearch/Step6_Trial""","true","0","1","0","0","true","false","0.10601447186814347","4","0.08328764699380478"
"1","1460","1000","1","""HK""","0.01","false","""normal""","1","""constant""","0.2","""Scale-free""","2","0","1","""uniform""","""deterministic-normal""","0","0","1","""normal""","-0.19999999999999996","0.9","false","""/home/ramaswamy.51/Documents/github/Spirals/Media/data/cluster/endsim/BehaviorSearch/Step6_Trial""","true","0","1","0","0","true","false","0.23587099518772853","4","0.08328764699380478"
"1","1464","1000","1","""HK""","0.01","false","""normal""","1","""constant""","0","""Scale-free""","1","0","1","""uniform""","""deterministic-normal""","0","0","1","""normal""","0.10000000000000009","1","false","""/home/ramaswamy.51/Documents/github/Spirals/Media/data/cluster/endsim/BehaviorSearch/Step6_Trial""","true","0","1","0","0","true","false","0.18076847206294192","4","0.08328764699380478"
"1","1468","1000","1","""HK""","0.08","false","""normal""","1","""constant""","0.1","""Scale-free""","1","0","1","""uniform""","""deterministic-normal""","0","0","1","""normal""","-0.09999999999999998","0.7000000000000001","false","""/home/ramaswamy.51/Documents/github/Spirals/Media/data/cluster/endsim/BehaviorSearch/Step6_Trial""","true","0","1","0","0","true","false","0.1748854396007934","4","0.08328764699380478"
"1","1472","1000","1","""HK""","0.01","false","""normal""","1","""constant""","0.1","""Scale-free""","1","0","1","""uniform""","""deterministic-normal""","0","0","1","""normal""","0.30000000000000004","0.7000000000000001","false","""/home/ramaswamy.51/Documents/github/Spirals/Media/data/cluster/endsim/BehaviorSearch/Step6_Trial""","true","0","1","0","0","true","false","0.14945005671180367","4","0.08328764699380478"
"1","1476","1000","1","""HK""","0.02","false","""normal""","1","""constant""","0.2","""Scale-free""","1","0","1","""uniform""","""deterministic-normal""","0","0","1","""normal""","-0.29999999999999993","0.9","false","""/home/ramaswamy.51/Documents/github/Spirals/Media/data/cluster/endsim/BehaviorSearch/Step6_Trial""","true","0","1","0","0","true","false","0.21451460728560762","4","0.08328764699380478"
"1","1480","1000","1","""HK""","0.01","false","""normal""","1","""constant""","0","""Scale-free""","1","0","1","""uniform""","""deterministic-normal""","0","0","1","""normal""","0","0.8","false","""/home/ramaswamy.51/Documents/github/Spirals/Media/data/cluster/endsim/BehaviorSearch/Step6_Trial""","true","0","1","0","0","true","false","0.14087753591420712","4","0.08328764699380478"
"1","1484","1000","1","""HK""","0.01","false","""normal""","1","""constant""","0.1","""Scale-free""","1","0","1","""uniform""","""deterministic-normal""","0","0","1","""normal""","0.6000000000000001","0.9","false","""/home/ramaswamy.51/Documents/github/Spirals/Media/data/cluster/endsim/BehaviorSearch/Step6_Trial""","true","0","1","0","0","true","false","0.1515350205415025","4","0.08328764699380478"
"1","1488","1000","1","""HK""","0.03","false","""normal""","1","""constant""","0.1","""Scale-free""","1","0","1","""uniform""","""deterministic-normal""","0","0","1","""normal""","-0.3999999999999999","0.8","false","""/home/ramaswamy.51/Documents/github/Spirals/Media/data/cluster/endsim/BehaviorSearch/Step6_Trial""","true","0","1","0","0","true","false","0.12478043519763748","4","0.08328764699380478"
"1","1492","1000","1","""HK""","0.01","false","""normal""","1","""constant""","0","""Scale-free""","1","0","1","""uniform""","""deterministic-normal""","0","0","1","""normal""","-0.29999999999999993","0.6000000000000001","false","""/home/ramaswamy.51/Documents/github/Spirals/Media/data/cluster/endsim/BehaviorSearch/Step6_Trial""","true","0","1","0","0","true","false","0.1700067063432213","4","0.08328764699380478"
"1","1496","1000","1","""HK""","0.01","false","""normal""","1","""constant""","0.1","""Scale-free""","1","0","1","""uniform""","""deterministic-normal""","0","0","1","""normal""","0.20000000000000018","0.7000000000000001","false","""/home/ramaswamy.51/Documents/github/Spirals/Media/data/cluster/endsim/BehaviorSearch/Step6_Trial""","true","0","1","0","0","true","false","0.12328360163273372","4","0.08328764699380478"
"1","1500","1000","1","""HK""","0.04","false","""normal""","1","""constant""","0","""Scale-free""","1","0","1","""uniform""","""deterministic-normal""","0","0","1","""normal""","0.10000000000000009","1","false","""/home/ramaswamy.51/Documents/github/Spirals/Media/data/cluster/endsim/BehaviorSearch/Step6_Trial""","true","0","1","0","0","true","false","0.17196525317663944","4","0.08328764699380478"
