"search-number","evaluation","evals-requested-so-far","number_of_agents*","number_of_opinion_dimensions*","model*","boundary_mean*","set-seed?*","boundary_distribution*","conformity_mean*","conformity_distribution*","boundary_std*","network_type*","scale_free_degree*","scale_free_selection-mu*","scale_free_selection-sigma*","scale_free_selection-distribution*","media_house_distribution*","number_of_media_houses*","media_house_distribution_normal_mean*","media_house_distribution_normal_std*","opinion_distribution*","opinion_mean*","opinion_std*","save_end_sim_data*","endsimdirectory*","use_media_influence_factor?*","media_influence_factor*","silence_alpha*","silence_tau*","silence_delta0*","classify_proponents_by_boundary?*","use_silence?*","random-seed","min-result","max-result","mean-result","stdev-result","final-step-result"
"1","1","120","1000","1","""HK""","0.23","false","""normal""","1","""constant""","0.1","""Scale-free""","1","0","1","""uniform""","""deterministic-normal""","15","-0.3999999999999999","0.8","""normal""","0.10000000000000009","0","false","""/home/ramaswamy.51/Documents/github/Spirals/Media/data/cluster/endsim/BehaviorSearch/Step6_Trial""","true","0.2","0.30000000000000004","0","-0.3999999999999999","true","true","""1728674890""","0.5095184510641297","0.5095184510641297","0.5095184510641297","0","0.5095184510641297"
"1","2","120","1000","1","""HK""","0.23","false","""normal""","1","""constant""","0.1","""Scale-free""","1","0","1","""uniform""","""deterministic-normal""","15","-0.3999999999999999","0.8","""normal""","0.10000000000000009","0","false","""/home/ramaswamy.51/Documents/github/Spirals/Media/data/cluster/endsim/BehaviorSearch/Step6_Trial""","true","0.2","0.30000000000000004","0","-0.3999999999999999","true","true","""-1999703""","0.5095184510641297","0.5095184510641297","0.5095184510641297","0","0.5095184510641297"
"1","3","120","1000","1","""HK""","0.23","false","""normal""","1","""constant""","0.1","""Scale-free""","1","0","1","""uniform""","""deterministic-normal""","15","-0.3999999999999999","0.8","""normal""","0.10000000000000009","0","false","""/home/ramaswamy.51/Documents/github/Spirals/Media/data/cluster/endsim/BehaviorSearch/Step6_Trial""","true","0.2","0.30000000000000004","0","-0.3999999999999999","true","true","""-1521838631""","0.5095184510641297","0.5095184510641297","0.5095184510641297","0","0.5095184510641297"
"1","4","120","1000","1","""HK""","0.23","false","""normal""","1","""constant""","0.1","""Scale-free""","1","0","1","""uniform""","""deterministic-normal""","15","-0.3999999999999999","0.8","""normal""","0.10000000000000009","0","false","""/home/ramaswamy.51/Documents/github/Spirals/Media/data/cluster/endsim/BehaviorSearch/Step6_Trial""","true","0.2","0.30000000000000004","0","-0.3999999999999999","true","true","""-585642864""","0.5095184510641297","0.5095184510641297","0.5095184510641297","0","0.5095184510641297"
"1","5","120","1000","1","""HK""","0.2","false","""normal""","1","""constant""","0.4","""Scale-free""","2","0","1","""uniform""","""deterministic-normal""","20","0.10000000000000009","0.6000000000000001","""normal""","-0.5","0","false","""/home/ramaswamy.51/Documents/github/Spirals/Media/data/cluster/endsim/BehaviorSearch/Step6_Trial""","true","0.4","0.2","0","0.40000000000000013","true","true","""2057562878""","0.3891266374037708","0.3891266374037708","0.3891266374037708","0","0.3891266374037708"
"1","6","120","1000","1","""HK""","0.2","false","""normal""","1","""constant""","0.4","""Scale-free""","2","0","1","""uniform""","""deterministic-normal""","20","0.10000000000000009","0.6000000000000001","""normal""","-0.5","0","false","""/home/ramaswamy.51/Documents/github/Spirals/Media/data/cluster/endsim/BehaviorSearch/Step6_Trial""","true","0.4","0.2","0","0.40000000000000013","true","true","""-1851548157""","0.3908293510495577","0.3908293510495577","0.3908293510495577","0","0.3908293510495577"
"1","7","120","1000","1","""HK""","0.2","false","""normal""","1","""constant""","0.4","""Scale-free""","2","0","1","""uniform""","""deterministic-normal""","20","0.10000000000000009","0.6000000000000001","""normal""","-0.5","0","false","""/home/ramaswamy.51/Documents/github/Spirals/Media/data/cluster/endsim/BehaviorSearch/Step6_Trial""","true","0.4","0.2","0","0.40000000000000013","true","true","""375889331""","0.3889320272661916","0.3889320272661916","0.3889320272661916","0","0.3889320272661916"
"1","8","120","1000","1","""HK""","0.2","false","""normal""","1","""constant""","0.4","""Scale-free""","2","0","1","""uniform""","""deterministic-normal""","20","0.10000000000000009","0.6000000000000001","""normal""","-0.5","0","false","""/home/ramaswamy.51/Documents/github/Spirals/Media/data/cluster/endsim/BehaviorSearch/Step6_Trial""","true","0.4","0.2","0","0.40000000000000013","true","true","""-919400272""","0.38682588813037244","0.38682588813037244","0.38682588813037244","0","0.38682588813037244"
"1","9","120","1000","1","""HK""","0.23","false","""normal""","1","""constant""","0.1","""Scale-free""","2","0","1","""uniform""","""deterministic-normal""","20","-0.5","0.30000000000000004","""normal""","-0.7","0.2","false","""/home/ramaswamy.51/Documents/github/Spirals/Media/data/cluster/endsim/BehaviorSearch/Step6_Trial""","true","0.7000000000000001","0.4","0","-0.29999999999999993","true","true","""1773738884""","0.5951677249389777","0.5951677249389777","0.5951677249389777","0","0.5951677249389777"
"1","10","120","1000","1","""HK""","0.23","false","""normal""","1","""constant""","0.1","""Scale-free""","2","0","1","""uniform""","""deterministic-normal""","20","-0.5","0.30000000000000004","""normal""","-0.7","0.2","false","""/home/ramaswamy.51/Documents/github/Spirals/Media/data/cluster/endsim/BehaviorSearch/Step6_Trial""","true","0.7000000000000001","0.4","0","-0.29999999999999993","true","true","""-41399463""","0.5955357747201047","0.5955357747201047","0.5955357747201047","0","0.5955357747201047"
"1","11","120","1000","1","""HK""","0.23","false","""normal""","1","""constant""","0.1","""Scale-free""","2","0","1","""uniform""","""deterministic-normal""","20","-0.5","0.30000000000000004","""normal""","-0.7","0.2","false","""/home/ramaswamy.51/Documents/github/Spirals/Media/data/cluster/endsim/BehaviorSearch/Step6_Trial""","true","0.7000000000000001","0.4","0","-0.29999999999999993","true","true","""1080887766""","0.607936072829848","0.607936072829848","0.607936072829848","0","0.607936072829848"
"1","12","120","1000","1","""HK""","0.23","false","""normal""","1","""constant""","0.1","""Scale-free""","2","0","1","""uniform""","""deterministic-normal""","20","-0.5","0.30000000000000004","""normal""","-0.7","0.2","false","""/home/ramaswamy.51/Documents/github/Spirals/Media/data/cluster/endsim/BehaviorSearch/Step6_Trial""","true","0.7000000000000001","0.4","0","-0.29999999999999993","true","true","""-826257750""","0.6015448615864483","0.6015448615864483","0.6015448615864483","0","0.6015448615864483"
"1","13","120","1000","1","""HK""","0.14","false","""normal""","1","""constant""","0.5","""Scale-free""","5","0","1","""uniform""","""deterministic-normal""","40","-0.29999999999999993","0.2","""normal""","-0.5","1","false","""/home/ramaswamy.51/Documents/github/Spirals/Media/data/cluster/endsim/BehaviorSearch/Step6_Trial""","true","0.6000000000000001","0","5","-0.8","true","true","""751476563""","0.3311154118535154","0.3311154118535154","0.3311154118535154","0","0.3311154118535154"
"1","14","120","1000","1","""HK""","0.14","false","""normal""","1","""constant""","0.5","""Scale-free""","5","0","1","""uniform""","""deterministic-normal""","40","-0.29999999999999993","0.2","""normal""","-0.5","1","false","""/home/ramaswamy.51/Documents/github/Spirals/Media/data/cluster/endsim/BehaviorSearch/Step6_Trial""","true","0.6000000000000001","0","5","-0.8","true","true","""-1113417532""","0.3320508912127883","0.3320508912127883","0.3320508912127883","0","0.3320508912127883"
"1","15","120","1000","1","""HK""","0.14","false","""normal""","1","""constant""","0.5","""Scale-free""","5","0","1","""uniform""","""deterministic-normal""","40","-0.29999999999999993","0.2","""normal""","-0.5","1","false","""/home/ramaswamy.51/Documents/github/Spirals/Media/data/cluster/endsim/BehaviorSearch/Step6_Trial""","true","0.6000000000000001","0","5","-0.8","true","true","""-256567019""","0.3564577009930507","0.3564577009930507","0.3564577009930507","0","0.3564577009930507"
"1","16","120","1000","1","""HK""","0.14","false","""normal""","1","""constant""","0.5","""Scale-free""","5","0","1","""uniform""","""deterministic-normal""","40","-0.29999999999999993","0.2","""normal""","-0.5","1","false","""/home/ramaswamy.51/Documents/github/Spirals/Media/data/cluster/endsim/BehaviorSearch/Step6_Trial""","true","0.6000000000000001","0","5","-0.8","true","true","""-2013229524""","0.3613916352315329","0.3613916352315329","0.3613916352315329","0","0.3613916352315329"
"1","17","120","1000","1","""HK""","0.17","false","""normal""","1","""constant""","0","""Scale-free""","2","0","1","""uniform""","""deterministic-normal""","5","0.8","0.2","""normal""","-0.19999999999999996","0.30000000000000004","false","""/home/ramaswamy.51/Documents/github/Spirals/Media/data/cluster/endsim/BehaviorSearch/Step6_Trial""","true","0.2","0.5","4","0.6000000000000001","true","true","""-684356630""","0.4660632488688141","0.4660632488688141","0.4660632488688141","0","0.4660632488688141"
"1","18","120","1000","1","""HK""","0.17","false","""normal""","1","""constant""","0","""Scale-free""","2","0","1","""uniform""","""deterministic-normal""","5","0.8","0.2","""normal""","-0.19999999999999996","0.30000000000000004","false","""/home/ramaswamy.51/Documents/github/Spirals/Media/data/cluster/endsim/BehaviorSearch/Step6_Trial""","true","0.2","0.5","4","0.6000000000000001","true","true","""351839919""","0.45827548736938106","0.45827548736938106","0.45827548736938106","0","0.45827548736938106"
"1","19","120","1000","1","""HK""","0.17","false","""normal""","1","""constant""","0","""Scale-free""","2","0","1","""uniform""","""deterministic-normal""","5","0.8","0.2","""normal""","-0.19999999999999996","0.30000000000000004","false","""/home/ramaswamy.51/Documents/github/Spirals/Media/data/cluster/endsim/BehaviorSearch/Step6_Trial""","true","0.2","0.5","4","0.6000000000000001","true","true","""-1169210867""","0.4549725624309156","0.4549725624309156","0.4549725624309156","0","0.4549725624309156"
"1","20","120","1000","1","""HK""","0.17","false","""normal""","1","""constant""","0","""Scale-free""","2","0","1","""uniform""","""deterministic-normal""","5","0.8","0.2","""normal""","-0.19999999999999996","0.30000000000000004","false","""/home/ramaswamy.51/Documents/github/Spirals/Media/data/cluster/endsim/BehaviorSearch/Step6_Trial""","true","0.2","0.5","4","0.6000000000000001","true","true","""-1014220510""","0.45361766197699493","0.45361766197699493","0.45361766197699493","0","0.45361766197699493"
"1","21","120","1000","1","""HK""","0.18000000000000002","false","""normal""","1","""constant""","0.4","""Scale-free""","4","0","1","""uniform""","""deterministic-normal""","20","-0.7","0.1","""normal""","-1","1","false","""/home/ramaswamy.51/Documents/github/Spirals/Media/data/cluster/endsim/BehaviorSearch/Step6_Trial""","true","0.9","0.9","8","-0.8","true","true","""2011233502""","0.3335019786303618","0.3335019786303618","0.3335019786303618","0","0.3335019786303618"
"1","22","120","1000","1","""HK""","0.18000000000000002","false","""normal""","1","""constant""","0.4","""Scale-free""","4","0","1","""uniform""","""deterministic-normal""","20","-0.7","0.1","""normal""","-1","1","false","""/home/ramaswamy.51/Documents/github/Spirals/Media/data/cluster/endsim/BehaviorSearch/Step6_Trial""","true","0.9","0.9","8","-0.8","true","true","""-81659351""","0.3732947057271527","0.3732947057271527","0.3732947057271527","0","0.3732947057271527"
"1","23","120","1000","1","""HK""","0.18000000000000002","false","""normal""","1","""constant""","0.4","""Scale-free""","4","0","1","""uniform""","""deterministic-normal""","20","-0.7","0.1","""normal""","-1","1","false","""/home/ramaswamy.51/Documents/github/Spirals/Media/data/cluster/endsim/BehaviorSearch/Step6_Trial""","true","0.9","0.9","8","-0.8","true","true","""1262992291""","0.3471381684259363","0.3471381684259363","0.3471381684259363","0","0.3471381684259363"
"1","24","120","1000","1","""HK""","0.18000000000000002","false","""normal""","1","""constant""","0.4","""Scale-free""","4","0","1","""uniform""","""deterministic-normal""","20","-0.7","0.1","""normal""","-1","1","false","""/home/ramaswamy.51/Documents/github/Spirals/Media/data/cluster/endsim/BehaviorSearch/Step6_Trial""","true","0.9","0.9","8","-0.8","true","true","""-1782947250""","0.369918132247429","0.369918132247429","0.369918132247429","0","0.369918132247429"
"1","25","120","1000","1","""HK""","0.02","false","""normal""","1","""constant""","0.1","""Scale-free""","1","0","1","""uniform""","""deterministic-normal""","15","-1","0.1","""normal""","0.5","0.1","false","""/home/ramaswamy.51/Documents/github/Spirals/Media/data/cluster/endsim/BehaviorSearch/Step6_Trial""","true","1","0.4","5","0.10000000000000009","true","true","""1786021819""","0.6571616016021722","0.6571616016021722","0.6571616016021722","0","0.6571616016021722"
"1","26","120","1000","1","""HK""","0.02","false","""normal""","1","""constant""","0.1","""Scale-free""","1","0","1","""uniform""","""deterministic-normal""","15","-1","0.1","""normal""","0.5","0.1","false","""/home/ramaswamy.51/Documents/github/Spirals/Media/data/cluster/endsim/BehaviorSearch/Step6_Trial""","true","1","0.4","5","0.10000000000000009","true","true","""-1026613495""","0.6571185195899462","0.6571185195899462","0.6571185195899462","0","0.6571185195899462"
"1","27","120","1000","1","""HK""","0.02","false","""normal""","1","""constant""","0.1","""Scale-free""","1","0","1","""uniform""","""deterministic-normal""","15","-1","0.1","""normal""","0.5","0.1","false","""/home/ramaswamy.51/Documents/github/Spirals/Media/data/cluster/endsim/BehaviorSearch/Step6_Trial""","true","1","0.4","5","0.10000000000000009","true","true","""-1687658700""","0.6395740488640169","0.6395740488640169","0.6395740488640169","0","0.6395740488640169"
"1","28","120","1000","1","""HK""","0.02","false","""normal""","1","""constant""","0.1","""Scale-free""","1","0","1","""uniform""","""deterministic-normal""","15","-1","0.1","""normal""","0.5","0.1","false","""/home/ramaswamy.51/Documents/github/Spirals/Media/data/cluster/endsim/BehaviorSearch/Step6_Trial""","true","1","0.4","5","0.10000000000000009","true","true","""-1253996015""","0.646238742818744","0.646238742818744","0.646238742818744","0","0.646238742818744"
"1","29","120","1000","1","""HK""","0.09999999999999999","false","""normal""","1","""constant""","0.4","""Scale-free""","1","0","1","""uniform""","""deterministic-normal""","10","0","0.2","""normal""","-0.8","0","false","""/home/ramaswamy.51/Documents/github/Spirals/Media/data/cluster/endsim/BehaviorSearch/Step6_Trial""","true","0","0.5","3","0.30000000000000004","true","true","""-351069909""","0.37307185497624373","0.37307185497624373","0.37307185497624373","0","0.37307185497624373"
"1","30","120","1000","1","""HK""","0.09999999999999999","false","""normal""","1","""constant""","0.4","""Scale-free""","1","0","1","""uniform""","""deterministic-normal""","10","0","0.2","""normal""","-0.8","0","false","""/home/ramaswamy.51/Documents/github/Spirals/Media/data/cluster/endsim/BehaviorSearch/Step6_Trial""","true","0","0.5","3","0.30000000000000004","true","true","""1274388976""","0.37342161634223153","0.37342161634223153","0.37342161634223153","0","0.37342161634223153"
"1","31","120","1000","1","""HK""","0.09999999999999999","false","""normal""","1","""constant""","0.4","""Scale-free""","1","0","1","""uniform""","""deterministic-normal""","10","0","0.2","""normal""","-0.8","0","false","""/home/ramaswamy.51/Documents/github/Spirals/Media/data/cluster/endsim/BehaviorSearch/Step6_Trial""","true","0","0.5","3","0.30000000000000004","true","true","""-1770119371""","0.3706807313550061","0.3706807313550061","0.3706807313550061","0","0.3706807313550061"
"1","32","120","1000","1","""HK""","0.09999999999999999","false","""normal""","1","""constant""","0.4","""Scale-free""","1","0","1","""uniform""","""deterministic-normal""","10","0","0.2","""normal""","-0.8","0","false","""/home/ramaswamy.51/Documents/github/Spirals/Media/data/cluster/endsim/BehaviorSearch/Step6_Trial""","true","0","0.5","3","0.30000000000000004","true","true","""553467817""","0.3716110426363609","0.3716110426363609","0.3716110426363609","0","0.3716110426363609"
"1","33","120","1000","1","""HK""","0.15000000000000002","false","""normal""","1","""constant""","0.1","""Scale-free""","3","0","1","""uniform""","""deterministic-normal""","35","0.20000000000000018","0.4","""normal""","-0.09999999999999998","0.8","false","""/home/ramaswamy.51/Documents/github/Spirals/Media/data/cluster/endsim/BehaviorSearch/Step6_Trial""","true","0.6000000000000001","0.30000000000000004","8","-0.09999999999999998","true","true","""-1634841798""","0.1865475072010697","0.1865475072010697","0.1865475072010697","0","0.1865475072010697"
"1","34","120","1000","1","""HK""","0.15000000000000002","false","""normal""","1","""constant""","0.1","""Scale-free""","3","0","1","""uniform""","""deterministic-normal""","35","0.20000000000000018","0.4","""normal""","-0.09999999999999998","0.8","false","""/home/ramaswamy.51/Documents/github/Spirals/Media/data/cluster/endsim/BehaviorSearch/Step6_Trial""","true","0.6000000000000001","0.30000000000000004","8","-0.09999999999999998","true","true","""-42690867""","0.1792940045315741","0.1792940045315741","0.1792940045315741","0","0.1792940045315741"
"1","35","120","1000","1","""HK""","0.15000000000000002","false","""normal""","1","""constant""","0.1","""Scale-free""","3","0","1","""uniform""","""deterministic-normal""","35","0.20000000000000018","0.4","""normal""","-0.09999999999999998","0.8","false","""/home/ramaswamy.51/Documents/github/Spirals/Media/data/cluster/endsim/BehaviorSearch/Step6_Trial""","true","0.6000000000000001","0.30000000000000004","8","-0.09999999999999998","true","true","""1439180087""","0.16357622645781833","0.16357622645781833","0.16357622645781833","0","0.16357622645781833"
"1","36","120","1000","1","""HK""","0.15000000000000002","false","""normal""","1","""constant""","0.1","""Scale-free""","3","0","1","""uniform""","""deterministic-normal""","35","0.20000000000000018","0.4","""normal""","-0.09999999999999998","0.8","false","""/home/ramaswamy.51/Documents/github/Spirals/Media/data/cluster/endsim/BehaviorSearch/Step6_Trial""","true","0.6000000000000001","0.30000000000000004","8","-0.09999999999999998","true","true","""1548856351""","0.19458498682500525","0.19458498682500525","0.19458498682500525","0","0.19458498682500525"
"1","37","120","1000","1","""HK""","0.02","false","""normal""","1","""constant""","0","""Scale-free""","4","0","1","""uniform""","""deterministic-normal""","30","-0.8","0.30000000000000004","""normal""","0.9000000000000001","0.4","false","""/home/ramaswamy.51/Documents/github/Spirals/Media/data/cluster/endsim/BehaviorSearch/Step6_Trial""","true","0","0.7000000000000001","5","0.6000000000000001","true","true","""-1800856968""","0.5439146982758221","0.5439146982758221","0.5439146982758221","0","0.5439146982758221"
"1","38","120","1000","1","""HK""","0.02","false","""normal""","1","""constant""","0","""Scale-free""","4","0","1","""uniform""","""deterministic-normal""","30","-0.8","0.30000000000000004","""normal""","0.9000000000000001","0.4","false","""/home/ramaswamy.51/Documents/github/Spirals/Media/data/cluster/endsim/BehaviorSearch/Step6_Trial""","true","0","0.7000000000000001","5","0.6000000000000001","true","true","""681406935""","0.5257084888060136","0.5257084888060136","0.5257084888060136","0","0.5257084888060136"
"1","39","120","1000","1","""HK""","0.02","false","""normal""","1","""constant""","0","""Scale-free""","4","0","1","""uniform""","""deterministic-normal""","30","-0.8","0.30000000000000004","""normal""","0.9000000000000001","0.4","false","""/home/ramaswamy.51/Documents/github/Spirals/Media/data/cluster/endsim/BehaviorSearch/Step6_Trial""","true","0","0.7000000000000001","5","0.6000000000000001","true","true","""-1969777638""","0.52657392901676","0.52657392901676","0.52657392901676","0","0.52657392901676"
"1","40","120","1000","1","""HK""","0.02","false","""normal""","1","""constant""","0","""Scale-free""","4","0","1","""uniform""","""deterministic-normal""","30","-0.8","0.30000000000000004","""normal""","0.9000000000000001","0.4","false","""/home/ramaswamy.51/Documents/github/Spirals/Media/data/cluster/endsim/BehaviorSearch/Step6_Trial""","true","0","0.7000000000000001","5","0.6000000000000001","true","true","""-825514082""","0.520195074575723","0.520195074575723","0.520195074575723","0","0.520195074575723"
"1","41","120","1000","1","""HK""","0.14","false","""normal""","1","""constant""","0.5","""Scale-free""","4","0","1","""uniform""","""deterministic-normal""","30","0","1","""normal""","-0.6","0.2","false","""/home/ramaswamy.51/Documents/github/Spirals/Media/data/cluster/endsim/BehaviorSearch/Step6_Trial""","true","0.4","0.4","0","-0.9","true","true","""941357593""","0.37906999164180355","0.37906999164180355","0.37906999164180355","0","0.37906999164180355"
"1","42","120","1000","1","""HK""","0.14","false","""normal""","1","""constant""","0.5","""Scale-free""","4","0","1","""uniform""","""deterministic-normal""","30","0","1","""normal""","-0.6","0.2","false","""/home/ramaswamy.51/Documents/github/Spirals/Media/data/cluster/endsim/BehaviorSearch/Step6_Trial""","true","0.4","0.4","0","-0.9","true","true","""-571873430""","0.36245027289289083","0.36245027289289083","0.36245027289289083","0","0.36245027289289083"
"1","43","120","1000","1","""HK""","0.14","false","""normal""","1","""constant""","0.5","""Scale-free""","4","0","1","""uniform""","""deterministic-normal""","30","0","1","""normal""","-0.6","0.2","false","""/home/ramaswamy.51/Documents/github/Spirals/Media/data/cluster/endsim/BehaviorSearch/Step6_Trial""","true","0.4","0.4","0","-0.9","true","true","""276657137""","0.36308374669925947","0.36308374669925947","0.36308374669925947","0","0.36308374669925947"
"1","44","120","1000","1","""HK""","0.14","false","""normal""","1","""constant""","0.5","""Scale-free""","4","0","1","""uniform""","""deterministic-normal""","30","0","1","""normal""","-0.6","0.2","false","""/home/ramaswamy.51/Documents/github/Spirals/Media/data/cluster/endsim/BehaviorSearch/Step6_Trial""","true","0.4","0.4","0","-0.9","true","true","""-583389401""","0.36703351477525764","0.36703351477525764","0.36703351477525764","0","0.36703351477525764"
"1","45","120","1000","1","""HK""","0.08","false","""normal""","1","""constant""","0.2","""Scale-free""","2","0","1","""uniform""","""deterministic-normal""","5","0.30000000000000004","0.5","""normal""","-0.7","0.8","false","""/home/ramaswamy.51/Documents/github/Spirals/Media/data/cluster/endsim/BehaviorSearch/Step6_Trial""","true","0.4","1","3","0.10000000000000009","true","true","""269369615""","0.2146353257727873","0.2146353257727873","0.2146353257727873","0","0.2146353257727873"
"1","46","120","1000","1","""HK""","0.08","false","""normal""","1","""constant""","0.2","""Scale-free""","2","0","1","""uniform""","""deterministic-normal""","5","0.30000000000000004","0.5","""normal""","-0.7","0.8","false","""/home/ramaswamy.51/Documents/github/Spirals/Media/data/cluster/endsim/BehaviorSearch/Step6_Trial""","true","0.4","1","3","0.10000000000000009","true","true","""2038325833""","0.21382003718689194","0.21382003718689194","0.21382003718689194","0","0.21382003718689194"
"1","47","120","1000","1","""HK""","0.08","false","""normal""","1","""constant""","0.2","""Scale-free""","2","0","1","""uniform""","""deterministic-normal""","5","0.30000000000000004","0.5","""normal""","-0.7","0.8","false","""/home/ramaswamy.51/Documents/github/Spirals/Media/data/cluster/endsim/BehaviorSearch/Step6_Trial""","true","0.4","1","3","0.10000000000000009","true","true","""-1930328881""","0.1929621998006122","0.1929621998006122","0.1929621998006122","0","0.1929621998006122"
"1","48","120","1000","1","""HK""","0.08","false","""normal""","1","""constant""","0.2","""Scale-free""","2","0","1","""uniform""","""deterministic-normal""","5","0.30000000000000004","0.5","""normal""","-0.7","0.8","false","""/home/ramaswamy.51/Documents/github/Spirals/Media/data/cluster/endsim/BehaviorSearch/Step6_Trial""","true","0.4","1","3","0.10000000000000009","true","true","""85127480""","0.2016744452216106","0.2016744452216106","0.2016744452216106","0","0.2016744452216106"
"1","49","120","1000","1","""HK""","0.18000000000000002","false","""normal""","1","""constant""","0.5","""Scale-free""","1","0","1","""uniform""","""deterministic-normal""","35","-0.09999999999999998","0.8","""normal""","0.6000000000000001","0.8","false","""/home/ramaswamy.51/Documents/github/Spirals/Media/data/cluster/endsim/BehaviorSearch/Step6_Trial""","true","0","0.9","8","-0.19999999999999996","true","true","""-1523736238""","0.3564543013106425","0.3564543013106425","0.3564543013106425","0","0.3564543013106425"
"1","50","120","1000","1","""HK""","0.18000000000000002","false","""normal""","1","""constant""","0.5","""Scale-free""","1","0","1","""uniform""","""deterministic-normal""","35","-0.09999999999999998","0.8","""normal""","0.6000000000000001","0.8","false","""/home/ramaswamy.51/Documents/github/Spirals/Media/data/cluster/endsim/BehaviorSearch/Step6_Trial""","true","0","0.9","8","-0.19999999999999996","true","true","""-895250390""","0.34921806327675387","0.34921806327675387","0.34921806327675387","0","0.34921806327675387"
"1","51","120","1000","1","""HK""","0.18000000000000002","false","""normal""","1","""constant""","0.5","""Scale-free""","1","0","1","""uniform""","""deterministic-normal""","35","-0.09999999999999998","0.8","""normal""","0.6000000000000001","0.8","false","""/home/ramaswamy.51/Documents/github/Spirals/Media/data/cluster/endsim/BehaviorSearch/Step6_Trial""","true","0","0.9","8","-0.19999999999999996","true","true","""-2097157747""","0.34286522169917055","0.34286522169917055","0.34286522169917055","0","0.34286522169917055"
"1","52","120","1000","1","""HK""","0.18000000000000002","false","""normal""","1","""constant""","0.5","""Scale-free""","1","0","1","""uniform""","""deterministic-normal""","35","-0.09999999999999998","0.8","""normal""","0.6000000000000001","0.8","false","""/home/ramaswamy.51/Documents/github/Spirals/Media/data/cluster/endsim/BehaviorSearch/Step6_Trial""","true","0","0.9","8","-0.19999999999999996","true","true","""270504218""","0.35034659472859725","0.35034659472859725","0.35034659472859725","0","0.35034659472859725"
"1","53","120","1000","1","""HK""","0.060000000000000005","false","""normal""","1","""constant""","0.1","""Scale-free""","3","0","1","""uniform""","""deterministic-normal""","10","0.40000000000000013","0.8","""normal""","0.20000000000000018","0.30000000000000004","false","""/home/ramaswamy.51/Documents/github/Spirals/Media/data/cluster/endsim/BehaviorSearch/Step6_Trial""","true","0.6000000000000001","0.30000000000000004","2","0.40000000000000013","true","true","""1889860099""","0.28378867950737","0.28378867950737","0.28378867950737","0","0.28378867950737"
"1","54","120","1000","1","""HK""","0.060000000000000005","false","""normal""","1","""constant""","0.1","""Scale-free""","3","0","1","""uniform""","""deterministic-normal""","10","0.40000000000000013","0.8","""normal""","0.20000000000000018","0.30000000000000004","false","""/home/ramaswamy.51/Documents/github/Spirals/Media/data/cluster/endsim/BehaviorSearch/Step6_Trial""","true","0.6000000000000001","0.30000000000000004","2","0.40000000000000013","true","true","""-241797802""","0.2709401319223725","0.2709401319223725","0.2709401319223725","0","0.2709401319223725"
"1","55","120","1000","1","""HK""","0.060000000000000005","false","""normal""","1","""constant""","0.1","""Scale-free""","3","0","1","""uniform""","""deterministic-normal""","10","0.40000000000000013","0.8","""normal""","0.20000000000000018","0.30000000000000004","false","""/home/ramaswamy.51/Documents/github/Spirals/Media/data/cluster/endsim/BehaviorSearch/Step6_Trial""","true","0.6000000000000001","0.30000000000000004","2","0.40000000000000013","true","true","""-1869146870""","0.2862757596089163","0.2862757596089163","0.2862757596089163","0","0.2862757596089163"
"1","56","120","1000","1","""HK""","0.060000000000000005","false","""normal""","1","""constant""","0.1","""Scale-free""","3","0","1","""uniform""","""deterministic-normal""","10","0.40000000000000013","0.8","""normal""","0.20000000000000018","0.30000000000000004","false","""/home/ramaswamy.51/Documents/github/Spirals/Media/data/cluster/endsim/BehaviorSearch/Step6_Trial""","true","0.6000000000000001","0.30000000000000004","2","0.40000000000000013","true","true","""-1605325878""","0.30395794013086136","0.30395794013086136","0.30395794013086136","0","0.30395794013086136"
"1","57","120","1000","1","""HK""","0.28","false","""normal""","1","""constant""","0","""Scale-free""","2","0","1","""uniform""","""deterministic-normal""","50","0.7000000000000002","0.30000000000000004","""normal""","-0.3999999999999999","0","false","""/home/ramaswamy.51/Documents/github/Spirals/Media/data/cluster/endsim/BehaviorSearch/Step6_Trial""","true","0.8","1","1","0.6000000000000001","true","true","""432539883""","0.7156852607506536","0.7156852607506536","0.7156852607506536","0","0.7156852607506536"
"1","58","120","1000","1","""HK""","0.28","false","""normal""","1","""constant""","0","""Scale-free""","2","0","1","""uniform""","""deterministic-normal""","50","0.7000000000000002","0.30000000000000004","""normal""","-0.3999999999999999","0","false","""/home/ramaswamy.51/Documents/github/Spirals/Media/data/cluster/endsim/BehaviorSearch/Step6_Trial""","true","0.8","1","1","0.6000000000000001","true","true","""-201948539""","0.7156852607506536","0.7156852607506536","0.7156852607506536","0","0.7156852607506536"
"1","59","120","1000","1","""HK""","0.28","false","""normal""","1","""constant""","0","""Scale-free""","2","0","1","""uniform""","""deterministic-normal""","50","0.7000000000000002","0.30000000000000004","""normal""","-0.3999999999999999","0","false","""/home/ramaswamy.51/Documents/github/Spirals/Media/data/cluster/endsim/BehaviorSearch/Step6_Trial""","true","0.8","1","1","0.6000000000000001","true","true","""-1275338361""","0.7156852607506536","0.7156852607506536","0.7156852607506536","0","0.7156852607506536"
"1","60","120","1000","1","""HK""","0.28","false","""normal""","1","""constant""","0","""Scale-free""","2","0","1","""uniform""","""deterministic-normal""","50","0.7000000000000002","0.30000000000000004","""normal""","-0.3999999999999999","0","false","""/home/ramaswamy.51/Documents/github/Spirals/Media/data/cluster/endsim/BehaviorSearch/Step6_Trial""","true","0.8","1","1","0.6000000000000001","true","true","""-1153488781""","0.7156852607506536","0.7156852607506536","0.7156852607506536","0","0.7156852607506536"
"1","61","120","1000","1","""HK""","0.26","false","""normal""","1","""constant""","0.4","""Scale-free""","5","0","1","""uniform""","""deterministic-normal""","45","0.5","0.1","""normal""","0.40000000000000013","0.8","false","""/home/ramaswamy.51/Documents/github/Spirals/Media/data/cluster/endsim/BehaviorSearch/Step6_Trial""","true","0.7000000000000001","0","1","-0.5","true","true","""-1015307330""","0.2284797258631403","0.2284797258631403","0.2284797258631403","0","0.2284797258631403"
"1","62","120","1000","1","""HK""","0.26","false","""normal""","1","""constant""","0.4","""Scale-free""","5","0","1","""uniform""","""deterministic-normal""","45","0.5","0.1","""normal""","0.40000000000000013","0.8","false","""/home/ramaswamy.51/Documents/github/Spirals/Media/data/cluster/endsim/BehaviorSearch/Step6_Trial""","true","0.7000000000000001","0","1","-0.5","true","true","""-963544583""","0.2685563605512433","0.2685563605512433","0.2685563605512433","0","0.2685563605512433"
"1","63","120","1000","1","""HK""","0.26","false","""normal""","1","""constant""","0.4","""Scale-free""","5","0","1","""uniform""","""deterministic-normal""","45","0.5","0.1","""normal""","0.40000000000000013","0.8","false","""/home/ramaswamy.51/Documents/github/Spirals/Media/data/cluster/endsim/BehaviorSearch/Step6_Trial""","true","0.7000000000000001","0","1","-0.5","true","true","""-368976021""","0.23334686248667066","0.23334686248667066","0.23334686248667066","0","0.23334686248667066"
"1","64","120","1000","1","""HK""","0.26","false","""normal""","1","""constant""","0.4","""Scale-free""","5","0","1","""uniform""","""deterministic-normal""","45","0.5","0.1","""normal""","0.40000000000000013","0.8","false","""/home/ramaswamy.51/Documents/github/Spirals/Media/data/cluster/endsim/BehaviorSearch/Step6_Trial""","true","0.7000000000000001","0","1","-0.5","true","true","""1811175049""","0.25128796633451417","0.25128796633451417","0.25128796633451417","0","0.25128796633451417"
"1","65","120","1000","1","""HK""","0.18000000000000002","false","""normal""","1","""constant""","0.5","""Scale-free""","5","0","1","""uniform""","""deterministic-normal""","35","0.8","0.9","""normal""","0.20000000000000018","0.5","false","""/home/ramaswamy.51/Documents/github/Spirals/Media/data/cluster/endsim/BehaviorSearch/Step6_Trial""","true","0.6000000000000001","0.6000000000000001","2","0.10000000000000009","true","true","""1526078363""","0.29737238351389533","0.29737238351389533","0.29737238351389533","0","0.29737238351389533"
"1","66","120","1000","1","""HK""","0.18000000000000002","false","""normal""","1","""constant""","0.5","""Scale-free""","5","0","1","""uniform""","""deterministic-normal""","35","0.8","0.9","""normal""","0.20000000000000018","0.5","false","""/home/ramaswamy.51/Documents/github/Spirals/Media/data/cluster/endsim/BehaviorSearch/Step6_Trial""","true","0.6000000000000001","0.6000000000000001","2","0.10000000000000009","true","true","""1224597585""","0.3074564604510892","0.3074564604510892","0.3074564604510892","0","0.3074564604510892"
"1","67","120","1000","1","""HK""","0.18000000000000002","false","""normal""","1","""constant""","0.5","""Scale-free""","5","0","1","""uniform""","""deterministic-normal""","35","0.8","0.9","""normal""","0.20000000000000018","0.5","false","""/home/ramaswamy.51/Documents/github/Spirals/Media/data/cluster/endsim/BehaviorSearch/Step6_Trial""","true","0.6000000000000001","0.6000000000000001","2","0.10000000000000009","true","true","""2059515907""","0.3199820716552391","0.3199820716552391","0.3199820716552391","0","0.3199820716552391"
"1","68","120","1000","1","""HK""","0.18000000000000002","false","""normal""","1","""constant""","0.5","""Scale-free""","5","0","1","""uniform""","""deterministic-normal""","35","0.8","0.9","""normal""","0.20000000000000018","0.5","false","""/home/ramaswamy.51/Documents/github/Spirals/Media/data/cluster/endsim/BehaviorSearch/Step6_Trial""","true","0.6000000000000001","0.6000000000000001","2","0.10000000000000009","true","true","""162775575""","0.32663826616503705","0.32663826616503705","0.32663826616503705","0","0.32663826616503705"
"1","69","120","1000","1","""HK""","0.28","false","""normal""","1","""constant""","0","""Scale-free""","1","0","1","""uniform""","""deterministic-normal""","35","0.30000000000000004","0.4","""normal""","-1","0","false","""/home/ramaswamy.51/Documents/github/Spirals/Media/data/cluster/endsim/BehaviorSearch/Step6_Trial""","true","0.7000000000000001","0.2","8","-0.29999999999999993","true","true","""44785131""","0.7156852607506536","0.7156852607506536","0.7156852607506536","0","0.7156852607506536"
"1","70","120","1000","1","""HK""","0.28","false","""normal""","1","""constant""","0","""Scale-free""","1","0","1","""uniform""","""deterministic-normal""","35","0.30000000000000004","0.4","""normal""","-1","0","false","""/home/ramaswamy.51/Documents/github/Spirals/Media/data/cluster/endsim/BehaviorSearch/Step6_Trial""","true","0.7000000000000001","0.2","8","-0.29999999999999993","true","true","""12346363""","0.7156852607506536","0.7156852607506536","0.7156852607506536","0","0.7156852607506536"
"1","71","120","1000","1","""HK""","0.28","false","""normal""","1","""constant""","0","""Scale-free""","1","0","1","""uniform""","""deterministic-normal""","35","0.30000000000000004","0.4","""normal""","-1","0","false","""/home/ramaswamy.51/Documents/github/Spirals/Media/data/cluster/endsim/BehaviorSearch/Step6_Trial""","true","0.7000000000000001","0.2","8","-0.29999999999999993","true","true","""1420486300""","0.7156852607506536","0.7156852607506536","0.7156852607506536","0","0.7156852607506536"
"1","72","120","1000","1","""HK""","0.28","false","""normal""","1","""constant""","0","""Scale-free""","1","0","1","""uniform""","""deterministic-normal""","35","0.30000000000000004","0.4","""normal""","-1","0","false","""/home/ramaswamy.51/Documents/github/Spirals/Media/data/cluster/endsim/BehaviorSearch/Step6_Trial""","true","0.7000000000000001","0.2","8","-0.29999999999999993","true","true","""479145028""","0.7156852607506536","0.7156852607506536","0.7156852607506536","0","0.7156852607506536"
"1","73","120","1000","1","""HK""","0.060000000000000005","false","""normal""","1","""constant""","0.4","""Scale-free""","1","0","1","""uniform""","""deterministic-normal""","45","0.6000000000000001","1","""normal""","0.40000000000000013","0.8","false","""/home/ramaswamy.51/Documents/github/Spirals/Media/data/cluster/endsim/BehaviorSearch/Step6_Trial""","true","0.6000000000000001","0.4","0","0.5","true","true","""420597188""","0.21374117884145125","0.21374117884145125","0.21374117884145125","0","0.21374117884145125"
"1","74","120","1000","1","""HK""","0.060000000000000005","false","""normal""","1","""constant""","0.4","""Scale-free""","1","0","1","""uniform""","""deterministic-normal""","45","0.6000000000000001","1","""normal""","0.40000000000000013","0.8","false","""/home/ramaswamy.51/Documents/github/Spirals/Media/data/cluster/endsim/BehaviorSearch/Step6_Trial""","true","0.6000000000000001","0.4","0","0.5","true","true","""1628882824""","0.18596351098560818","0.18596351098560818","0.18596351098560818","0","0.18596351098560818"
"1","75","120","1000","1","""HK""","0.060000000000000005","false","""normal""","1","""constant""","0.4","""Scale-free""","1","0","1","""uniform""","""deterministic-normal""","45","0.6000000000000001","1","""normal""","0.40000000000000013","0.8","false","""/home/ramaswamy.51/Documents/github/Spirals/Media/data/cluster/endsim/BehaviorSearch/Step6_Trial""","true","0.6000000000000001","0.4","0","0.5","true","true","""-1415536151""","0.20640368305123594","0.20640368305123594","0.20640368305123594","0","0.20640368305123594"
"1","76","120","1000","1","""HK""","0.060000000000000005","false","""normal""","1","""constant""","0.4","""Scale-free""","1","0","1","""uniform""","""deterministic-normal""","45","0.6000000000000001","1","""normal""","0.40000000000000013","0.8","false","""/home/ramaswamy.51/Documents/github/Spirals/Media/data/cluster/endsim/BehaviorSearch/Step6_Trial""","true","0.6000000000000001","0.4","0","0.5","true","true","""-48667266""","0.1925682197431224","0.1925682197431224","0.1925682197431224","0","0.1925682197431224"
"1","77","120","1000","1","""HK""","0.03","false","""normal""","1","""constant""","0.1","""Scale-free""","1","0","1","""uniform""","""deterministic-normal""","10","-0.6","1","""normal""","-0.19999999999999996","0","false","""/home/ramaswamy.51/Documents/github/Spirals/Media/data/cluster/endsim/BehaviorSearch/Step6_Trial""","true","0.4","0.1","7","-0.6","true","true","""1285943254""","0.5095184510641297","0.5095184510641297","0.5095184510641297","0","0.5095184510641297"
"1","78","120","1000","1","""HK""","0.03","false","""normal""","1","""constant""","0.1","""Scale-free""","1","0","1","""uniform""","""deterministic-normal""","10","-0.6","1","""normal""","-0.19999999999999996","0","false","""/home/ramaswamy.51/Documents/github/Spirals/Media/data/cluster/endsim/BehaviorSearch/Step6_Trial""","true","0.4","0.1","7","-0.6","true","true","""-1397274923""","0.5095184510641297","0.5095184510641297","0.5095184510641297","0","0.5095184510641297"
"1","79","120","1000","1","""HK""","0.03","false","""normal""","1","""constant""","0.1","""Scale-free""","1","0","1","""uniform""","""deterministic-normal""","10","-0.6","1","""normal""","-0.19999999999999996","0","false","""/home/ramaswamy.51/Documents/github/Spirals/Media/data/cluster/endsim/BehaviorSearch/Step6_Trial""","true","0.4","0.1","7","-0.6","true","true","""-88826898""","0.5095184510641297","0.5095184510641297","0.5095184510641297","0","0.5095184510641297"
"1","80","120","1000","1","""HK""","0.03","false","""normal""","1","""constant""","0.1","""Scale-free""","1","0","1","""uniform""","""deterministic-normal""","10","-0.6","1","""normal""","-0.19999999999999996","0","false","""/home/ramaswamy.51/Documents/github/Spirals/Media/data/cluster/endsim/BehaviorSearch/Step6_Trial""","true","0.4","0.1","7","-0.6","true","true","""62456323""","0.5095184510641297","0.5095184510641297","0.5095184510641297","0","0.5095184510641297"
"1","81","120","1000","1","""HK""","0.16","false","""normal""","1","""constant""","0.4","""Scale-free""","3","0","1","""uniform""","""deterministic-normal""","10","0.6000000000000001","0.8","""normal""","-0.9","0.5","false","""/home/ramaswamy.51/Documents/github/Spirals/Media/data/cluster/endsim/BehaviorSearch/Step6_Trial""","true","0.4","0.1","0","0.30000000000000004","true","true","""1863202175""","0.3529260205073725","0.3529260205073725","0.3529260205073725","0","0.3529260205073725"
"1","82","120","1000","1","""HK""","0.16","false","""normal""","1","""constant""","0.4","""Scale-free""","3","0","1","""uniform""","""deterministic-normal""","10","0.6000000000000001","0.8","""normal""","-0.9","0.5","false","""/home/ramaswamy.51/Documents/github/Spirals/Media/data/cluster/endsim/BehaviorSearch/Step6_Trial""","true","0.4","0.1","0","0.30000000000000004","true","true","""1020310347""","0.34044803124023354","0.34044803124023354","0.34044803124023354","0","0.34044803124023354"
"1","83","120","1000","1","""HK""","0.16","false","""normal""","1","""constant""","0.4","""Scale-free""","3","0","1","""uniform""","""deterministic-normal""","10","0.6000000000000001","0.8","""normal""","-0.9","0.5","false","""/home/ramaswamy.51/Documents/github/Spirals/Media/data/cluster/endsim/BehaviorSearch/Step6_Trial""","true","0.4","0.1","0","0.30000000000000004","true","true","""254349610""","0.3398798401818318","0.3398798401818318","0.3398798401818318","0","0.3398798401818318"
"1","84","120","1000","1","""HK""","0.16","false","""normal""","1","""constant""","0.4","""Scale-free""","3","0","1","""uniform""","""deterministic-normal""","10","0.6000000000000001","0.8","""normal""","-0.9","0.5","false","""/home/ramaswamy.51/Documents/github/Spirals/Media/data/cluster/endsim/BehaviorSearch/Step6_Trial""","true","0.4","0.1","0","0.30000000000000004","true","true","""1814938043""","0.3365572363309932","0.3365572363309932","0.3365572363309932","0","0.3365572363309932"
"1","85","120","1000","1","""HK""","0.06999999999999999","false","""normal""","1","""constant""","0.1","""Scale-free""","3","0","1","""uniform""","""deterministic-normal""","0","0.9000000000000001","0.4","""normal""","1","1","false","""/home/ramaswamy.51/Documents/github/Spirals/Media/data/cluster/endsim/BehaviorSearch/Step6_Trial""","true","0","0.5","8","0.8","true","true","""-968855483""","0.17376450074324956","0.17376450074324956","0.17376450074324956","0","0.17376450074324956"
"1","86","120","1000","1","""HK""","0.06999999999999999","false","""normal""","1","""constant""","0.1","""Scale-free""","3","0","1","""uniform""","""deterministic-normal""","0","0.9000000000000001","0.4","""normal""","1","1","false","""/home/ramaswamy.51/Documents/github/Spirals/Media/data/cluster/endsim/BehaviorSearch/Step6_Trial""","true","0","0.5","8","0.8","true","true","""292582203""","0.19854393722841557","0.19854393722841557","0.19854393722841557","0","0.19854393722841557"
"1","87","120","1000","1","""HK""","0.06999999999999999","false","""normal""","1","""constant""","0.1","""Scale-free""","3","0","1","""uniform""","""deterministic-normal""","0","0.9000000000000001","0.4","""normal""","1","1","false","""/home/ramaswamy.51/Documents/github/Spirals/Media/data/cluster/endsim/BehaviorSearch/Step6_Trial""","true","0","0.5","8","0.8","true","true","""-654896480""","0.17113905346711464","0.17113905346711464","0.17113905346711464","0","0.17113905346711464"
"1","88","120","1000","1","""HK""","0.06999999999999999","false","""normal""","1","""constant""","0.1","""Scale-free""","3","0","1","""uniform""","""deterministic-normal""","0","0.9000000000000001","0.4","""normal""","1","1","false","""/home/ramaswamy.51/Documents/github/Spirals/Media/data/cluster/endsim/BehaviorSearch/Step6_Trial""","true","0","0.5","8","0.8","true","true","""-1418686834""","0.1701837043774181","0.1701837043774181","0.1701837043774181","0","0.1701837043774181"
"1","89","120","1000","1","""HK""","0.12","false","""normal""","1","""constant""","0.1","""Scale-free""","2","0","1","""uniform""","""deterministic-normal""","25","-0.7","0.8","""normal""","-0.09999999999999998","0.5","false","""/home/ramaswamy.51/Documents/github/Spirals/Media/data/cluster/endsim/BehaviorSearch/Step6_Trial""","true","0","0","4","-0.7","true","true","""1801717181""","0.22358195212825144","0.22358195212825144","0.22358195212825144","0","0.22358195212825144"
"1","90","120","1000","1","""HK""","0.12","false","""normal""","1","""constant""","0.1","""Scale-free""","2","0","1","""uniform""","""deterministic-normal""","25","-0.7","0.8","""normal""","-0.09999999999999998","0.5","false","""/home/ramaswamy.51/Documents/github/Spirals/Media/data/cluster/endsim/BehaviorSearch/Step6_Trial""","true","0","0","4","-0.7","true","true","""-1163247327""","0.25189380511681597","0.25189380511681597","0.25189380511681597","0","0.25189380511681597"
"1","91","120","1000","1","""HK""","0.12","false","""normal""","1","""constant""","0.1","""Scale-free""","2","0","1","""uniform""","""deterministic-normal""","25","-0.7","0.8","""normal""","-0.09999999999999998","0.5","false","""/home/ramaswamy.51/Documents/github/Spirals/Media/data/cluster/endsim/BehaviorSearch/Step6_Trial""","true","0","0","4","-0.7","true","true","""-1199340929""","0.23934554838649755","0.23934554838649755","0.23934554838649755","0","0.23934554838649755"
"1","92","120","1000","1","""HK""","0.12","false","""normal""","1","""constant""","0.1","""Scale-free""","2","0","1","""uniform""","""deterministic-normal""","25","-0.7","0.8","""normal""","-0.09999999999999998","0.5","false","""/home/ramaswamy.51/Documents/github/Spirals/Media/data/cluster/endsim/BehaviorSearch/Step6_Trial""","true","0","0","4","-0.7","true","true","""301585742""","0.24662468524119963","0.24662468524119963","0.24662468524119963","0","0.24662468524119963"
"1","93","120","1000","1","""HK""","0.06999999999999999","false","""normal""","1","""constant""","0.4","""Scale-free""","2","0","1","""uniform""","""deterministic-normal""","10","0.5","0.5","""normal""","-0.09999999999999998","0.5","false","""/home/ramaswamy.51/Documents/github/Spirals/Media/data/cluster/endsim/BehaviorSearch/Step6_Trial""","true","0.4","0.4","7","0.30000000000000004","true","true","""-2093014083""","0.310391610075647","0.310391610075647","0.310391610075647","0","0.310391610075647"
"1","94","120","1000","1","""HK""","0.06999999999999999","false","""normal""","1","""constant""","0.4","""Scale-free""","2","0","1","""uniform""","""deterministic-normal""","10","0.5","0.5","""normal""","-0.09999999999999998","0.5","false","""/home/ramaswamy.51/Documents/github/Spirals/Media/data/cluster/endsim/BehaviorSearch/Step6_Trial""","true","0.4","0.4","7","0.30000000000000004","true","true","""196828195""","0.31554173443175304","0.31554173443175304","0.31554173443175304","0","0.31554173443175304"
"1","95","120","1000","1","""HK""","0.06999999999999999","false","""normal""","1","""constant""","0.4","""Scale-free""","2","0","1","""uniform""","""deterministic-normal""","10","0.5","0.5","""normal""","-0.09999999999999998","0.5","false","""/home/ramaswamy.51/Documents/github/Spirals/Media/data/cluster/endsim/BehaviorSearch/Step6_Trial""","true","0.4","0.4","7","0.30000000000000004","true","true","""50692721""","0.3111261179536195","0.3111261179536195","0.3111261179536195","0","0.3111261179536195"
"1","96","120","1000","1","""HK""","0.06999999999999999","false","""normal""","1","""constant""","0.4","""Scale-free""","2","0","1","""uniform""","""deterministic-normal""","10","0.5","0.5","""normal""","-0.09999999999999998","0.5","false","""/home/ramaswamy.51/Documents/github/Spirals/Media/data/cluster/endsim/BehaviorSearch/Step6_Trial""","true","0.4","0.4","7","0.30000000000000004","true","true","""-449964739""","0.3377290223550387","0.3377290223550387","0.3377290223550387","0","0.3377290223550387"
"1","97","120","1000","1","""HK""","0.09","false","""normal""","1","""constant""","0.4","""Scale-free""","4","0","1","""uniform""","""deterministic-normal""","0","-0.7","0.8","""normal""","0.40000000000000013","0.1","false","""/home/ramaswamy.51/Documents/github/Spirals/Media/data/cluster/endsim/BehaviorSearch/Step6_Trial""","true","0.4","0","3","-0.19999999999999996","true","true","""16893487""","0.4449172953169245","0.4449172953169245","0.4449172953169245","0","0.4449172953169245"
"1","98","120","1000","1","""HK""","0.09","false","""normal""","1","""constant""","0.4","""Scale-free""","4","0","1","""uniform""","""deterministic-normal""","0","-0.7","0.8","""normal""","0.40000000000000013","0.1","false","""/home/ramaswamy.51/Documents/github/Spirals/Media/data/cluster/endsim/BehaviorSearch/Step6_Trial""","true","0.4","0","3","-0.19999999999999996","true","true","""1693029725""","0.4473626883752114","0.4473626883752114","0.4473626883752114","0","0.4473626883752114"
"1","99","120","1000","1","""HK""","0.09","false","""normal""","1","""constant""","0.4","""Scale-free""","4","0","1","""uniform""","""deterministic-normal""","0","-0.7","0.8","""normal""","0.40000000000000013","0.1","false","""/home/ramaswamy.51/Documents/github/Spirals/Media/data/cluster/endsim/BehaviorSearch/Step6_Trial""","true","0.4","0","3","-0.19999999999999996","true","true","""-929803446""","0.4428578405205588","0.4428578405205588","0.4428578405205588","0","0.4428578405205588"
"1","100","120","1000","1","""HK""","0.09","false","""normal""","1","""constant""","0.4","""Scale-free""","4","0","1","""uniform""","""deterministic-normal""","0","-0.7","0.8","""normal""","0.40000000000000013","0.1","false","""/home/ramaswamy.51/Documents/github/Spirals/Media/data/cluster/endsim/BehaviorSearch/Step6_Trial""","true","0.4","0","3","-0.19999999999999996","true","true","""141193135""","0.43626905766795465","0.43626905766795465","0.43626905766795465","0","0.43626905766795465"
"1","101","120","1000","1","""HK""","0.15000000000000002","false","""normal""","1","""constant""","0.5","""Scale-free""","1","0","1","""uniform""","""deterministic-normal""","40","-0.6","0.2","""normal""","-0.7","0.5","false","""/home/ramaswamy.51/Documents/github/Spirals/Media/data/cluster/endsim/BehaviorSearch/Step6_Trial""","true","0.1","0.9","8","0.8","true","true","""1069430784""","0.35123059795853584","0.35123059795853584","0.35123059795853584","0","0.35123059795853584"
"1","102","120","1000","1","""HK""","0.15000000000000002","false","""normal""","1","""constant""","0.5","""Scale-free""","1","0","1","""uniform""","""deterministic-normal""","40","-0.6","0.2","""normal""","-0.7","0.5","false","""/home/ramaswamy.51/Documents/github/Spirals/Media/data/cluster/endsim/BehaviorSearch/Step6_Trial""","true","0.1","0.9","8","0.8","true","true","""-1474277430""","0.374886131329321","0.374886131329321","0.374886131329321","0","0.374886131329321"
"1","103","120","1000","1","""HK""","0.15000000000000002","false","""normal""","1","""constant""","0.5","""Scale-free""","1","0","1","""uniform""","""deterministic-normal""","40","-0.6","0.2","""normal""","-0.7","0.5","false","""/home/ramaswamy.51/Documents/github/Spirals/Media/data/cluster/endsim/BehaviorSearch/Step6_Trial""","true","0.1","0.9","8","0.8","true","true","""82936996""","0.3542410153738769","0.3542410153738769","0.3542410153738769","0","0.3542410153738769"
"1","104","120","1000","1","""HK""","0.15000000000000002","false","""normal""","1","""constant""","0.5","""Scale-free""","1","0","1","""uniform""","""deterministic-normal""","40","-0.6","0.2","""normal""","-0.7","0.5","false","""/home/ramaswamy.51/Documents/github/Spirals/Media/data/cluster/endsim/BehaviorSearch/Step6_Trial""","true","0.1","0.9","8","0.8","true","true","""666549352""","0.3545407303598521","0.3545407303598521","0.3545407303598521","0","0.3545407303598521"
"1","105","120","1000","1","""HK""","0.13","false","""normal""","1","""constant""","0.5","""Scale-free""","1","0","1","""uniform""","""deterministic-normal""","45","-0.5","0.9","""normal""","-0.6","0.4","false","""/home/ramaswamy.51/Documents/github/Spirals/Media/data/cluster/endsim/BehaviorSearch/Step6_Trial""","true","0.4","0.6000000000000001","4","-0.6","true","true","""703896589""","0.38215462341037054","0.38215462341037054","0.38215462341037054","0","0.38215462341037054"
"1","106","120","1000","1","""HK""","0.13","false","""normal""","1","""constant""","0.5","""Scale-free""","1","0","1","""uniform""","""deterministic-normal""","45","-0.5","0.9","""normal""","-0.6","0.4","false","""/home/ramaswamy.51/Documents/github/Spirals/Media/data/cluster/endsim/BehaviorSearch/Step6_Trial""","true","0.4","0.6000000000000001","4","-0.6","true","true","""-861852906""","0.3880313083079187","0.3880313083079187","0.3880313083079187","0","0.3880313083079187"
"1","107","120","1000","1","""HK""","0.13","false","""normal""","1","""constant""","0.5","""Scale-free""","1","0","1","""uniform""","""deterministic-normal""","45","-0.5","0.9","""normal""","-0.6","0.4","false","""/home/ramaswamy.51/Documents/github/Spirals/Media/data/cluster/endsim/BehaviorSearch/Step6_Trial""","true","0.4","0.6000000000000001","4","-0.6","true","true","""707156854""","0.3802635135408422","0.3802635135408422","0.3802635135408422","0","0.3802635135408422"
"1","108","120","1000","1","""HK""","0.13","false","""normal""","1","""constant""","0.5","""Scale-free""","1","0","1","""uniform""","""deterministic-normal""","45","-0.5","0.9","""normal""","-0.6","0.4","false","""/home/ramaswamy.51/Documents/github/Spirals/Media/data/cluster/endsim/BehaviorSearch/Step6_Trial""","true","0.4","0.6000000000000001","4","-0.6","true","true","""1534183197""","0.3925724709685175","0.3925724709685175","0.3925724709685175","0","0.3925724709685175"
"1","109","120","1000","1","""HK""","0.2","false","""normal""","1","""constant""","0.4","""Scale-free""","1","0","1","""uniform""","""deterministic-normal""","45","0.30000000000000004","0.2","""normal""","-0.3999999999999999","0.8","false","""/home/ramaswamy.51/Documents/github/Spirals/Media/data/cluster/endsim/BehaviorSearch/Step6_Trial""","true","1","0.7000000000000001","5","0.10000000000000009","true","true","""1298855051""","0.249672991185566","0.249672991185566","0.249672991185566","0","0.249672991185566"
"1","110","120","1000","1","""HK""","0.2","false","""normal""","1","""constant""","0.4","""Scale-free""","1","0","1","""uniform""","""deterministic-normal""","45","0.30000000000000004","0.2","""normal""","-0.3999999999999999","0.8","false","""/home/ramaswamy.51/Documents/github/Spirals/Media/data/cluster/endsim/BehaviorSearch/Step6_Trial""","true","1","0.7000000000000001","5","0.10000000000000009","true","true","""720483403""","0.26491672878462097","0.26491672878462097","0.26491672878462097","0","0.26491672878462097"
"1","111","120","1000","1","""HK""","0.2","false","""normal""","1","""constant""","0.4","""Scale-free""","1","0","1","""uniform""","""deterministic-normal""","45","0.30000000000000004","0.2","""normal""","-0.3999999999999999","0.8","false","""/home/ramaswamy.51/Documents/github/Spirals/Media/data/cluster/endsim/BehaviorSearch/Step6_Trial""","true","1","0.7000000000000001","5","0.10000000000000009","true","true","""-457403191""","0.24792617355689303","0.24792617355689303","0.24792617355689303","0","0.24792617355689303"
"1","112","120","1000","1","""HK""","0.2","false","""normal""","1","""constant""","0.4","""Scale-free""","1","0","1","""uniform""","""deterministic-normal""","45","0.30000000000000004","0.2","""normal""","-0.3999999999999999","0.8","false","""/home/ramaswamy.51/Documents/github/Spirals/Media/data/cluster/endsim/BehaviorSearch/Step6_Trial""","true","1","0.7000000000000001","5","0.10000000000000009","true","true","""-106997719""","0.24847979636807815","0.24847979636807815","0.24847979636807815","0","0.24847979636807815"
"1","113","120","1000","1","""HK""","0.29000000000000004","false","""normal""","1","""constant""","0.4","""Scale-free""","4","0","1","""uniform""","""deterministic-normal""","20","-0.29999999999999993","0.4","""normal""","-0.29999999999999993","0.30000000000000004","false","""/home/ramaswamy.51/Documents/github/Spirals/Media/data/cluster/endsim/BehaviorSearch/Step6_Trial""","true","0.4","0","10","-0.3999999999999999","true","true","""-112160415""","0.45551111052246407","0.45551111052246407","0.45551111052246407","0","0.45551111052246407"
"1","114","120","1000","1","""HK""","0.29000000000000004","false","""normal""","1","""constant""","0.4","""Scale-free""","4","0","1","""uniform""","""deterministic-normal""","20","-0.29999999999999993","0.4","""normal""","-0.29999999999999993","0.30000000000000004","false","""/home/ramaswamy.51/Documents/github/Spirals/Media/data/cluster/endsim/BehaviorSearch/Step6_Trial""","true","0.4","0","10","-0.3999999999999999","true","true","""-1122984234""","0.42460547034207363","0.42460547034207363","0.42460547034207363","0","0.42460547034207363"
"1","115","120","1000","1","""HK""","0.29000000000000004","false","""normal""","1","""constant""","0.4","""Scale-free""","4","0","1","""uniform""","""deterministic-normal""","20","-0.29999999999999993","0.4","""normal""","-0.29999999999999993","0.30000000000000004","false","""/home/ramaswamy.51/Documents/github/Spirals/Media/data/cluster/endsim/BehaviorSearch/Step6_Trial""","true","0.4","0","10","-0.3999999999999999","true","true","""-328792844""","0.44681125990828235","0.44681125990828235","0.44681125990828235","0","0.44681125990828235"
"1","116","120","1000","1","""HK""","0.29000000000000004","false","""normal""","1","""constant""","0.4","""Scale-free""","4","0","1","""uniform""","""deterministic-normal""","20","-0.29999999999999993","0.4","""normal""","-0.29999999999999993","0.30000000000000004","false","""/home/ramaswamy.51/Documents/github/Spirals/Media/data/cluster/endsim/BehaviorSearch/Step6_Trial""","true","0.4","0","10","-0.3999999999999999","true","true","""1544073203""","0.44389947962529686","0.44389947962529686","0.44389947962529686","0","0.44389947962529686"
"1","117","120","1000","1","""HK""","0.28","false","""normal""","1","""constant""","0.30000000000000004","""Scale-free""","4","0","1","""uniform""","""deterministic-normal""","20","0.30000000000000004","0.2","""normal""","-1","0.5","false","""/home/ramaswamy.51/Documents/github/Spirals/Media/data/cluster/endsim/BehaviorSearch/Step6_Trial""","true","0.2","0.8","9","0.7000000000000002","true","true","""1495420267""","0.39106409950478477","0.39106409950478477","0.39106409950478477","0","0.39106409950478477"
"1","118","120","1000","1","""HK""","0.28","false","""normal""","1","""constant""","0.30000000000000004","""Scale-free""","4","0","1","""uniform""","""deterministic-normal""","20","0.30000000000000004","0.2","""normal""","-1","0.5","false","""/home/ramaswamy.51/Documents/github/Spirals/Media/data/cluster/endsim/BehaviorSearch/Step6_Trial""","true","0.2","0.8","9","0.7000000000000002","true","true","""-316438354""","0.36951999653687695","0.36951999653687695","0.36951999653687695","0","0.36951999653687695"
"1","119","120","1000","1","""HK""","0.28","false","""normal""","1","""constant""","0.30000000000000004","""Scale-free""","4","0","1","""uniform""","""deterministic-normal""","20","0.30000000000000004","0.2","""normal""","-1","0.5","false","""/home/ramaswamy.51/Documents/github/Spirals/Media/data/cluster/endsim/BehaviorSearch/Step6_Trial""","true","0.2","0.8","9","0.7000000000000002","true","true","""-1354880174""","0.3900501962329571","0.3900501962329571","0.3900501962329571","0","0.3900501962329571"
"1","120","120","1000","1","""HK""","0.28","false","""normal""","1","""constant""","0.30000000000000004","""Scale-free""","4","0","1","""uniform""","""deterministic-normal""","20","0.30000000000000004","0.2","""normal""","-1","0.5","false","""/home/ramaswamy.51/Documents/github/Spirals/Media/data/cluster/endsim/BehaviorSearch/Step6_Trial""","true","0.2","0.8","9","0.7000000000000002","true","true","""1331189894""","0.397181264109434","0.397181264109434","0.397181264109434","0","0.397181264109434"
"1","121","124","1000","1","""HK""","0.18000000000000002","false","""normal""","1","""constant""","0.4","""Scale-free""","4","0","1","""uniform""","""deterministic-normal""","20","-0.7","0.1","""normal""","-1","1","false","""/home/ramaswamy.51/Documents/github/Spirals/Media/data/cluster/endsim/BehaviorSearch/Step6_Trial""","true","0.9","0.9","8","-1","true","true","""-1812828100""","0.34941210173514614","0.34941210173514614","0.34941210173514614","0","0.34941210173514614"
"1","122","124","1000","1","""HK""","0.18000000000000002","false","""normal""","1","""constant""","0.4","""Scale-free""","4","0","1","""uniform""","""deterministic-normal""","20","-0.7","0.1","""normal""","-1","1","false","""/home/ramaswamy.51/Documents/github/Spirals/Media/data/cluster/endsim/BehaviorSearch/Step6_Trial""","true","0.9","0.9","8","-1","true","true","""737220950""","0.34417948214472177","0.34417948214472177","0.34417948214472177","0","0.34417948214472177"
"1","123","124","1000","1","""HK""","0.18000000000000002","false","""normal""","1","""constant""","0.4","""Scale-free""","4","0","1","""uniform""","""deterministic-normal""","20","-0.7","0.1","""normal""","-1","1","false","""/home/ramaswamy.51/Documents/github/Spirals/Media/data/cluster/endsim/BehaviorSearch/Step6_Trial""","true","0.9","0.9","8","-1","true","true","""1770494279""","0.3103239101185301","0.3103239101185301","0.3103239101185301","0","0.3103239101185301"
"1","124","124","1000","1","""HK""","0.18000000000000002","false","""normal""","1","""constant""","0.4","""Scale-free""","4","0","1","""uniform""","""deterministic-normal""","20","-0.7","0.1","""normal""","-1","1","false","""/home/ramaswamy.51/Documents/github/Spirals/Media/data/cluster/endsim/BehaviorSearch/Step6_Trial""","true","0.9","0.9","8","-1","true","true","""1715798524""","0.32135423293304455","0.32135423293304455","0.32135423293304455","0","0.32135423293304455"
"1","125","128","1000","1","""HK""","0.06999999999999999","false","""normal""","1","""constant""","0.2","""Scale-free""","3","0","1","""uniform""","""deterministic-normal""","0","0.7000000000000002","0.4","""normal""","1","0.8","false","""/home/ramaswamy.51/Documents/github/Spirals/Media/data/cluster/endsim/BehaviorSearch/Step6_Trial""","true","0","0.7000000000000001","5","-0.29999999999999993","true","true","""1393462321""","0.30241118562911085","0.30241118562911085","0.30241118562911085","0","0.30241118562911085"
"1","126","128","1000","1","""HK""","0.06999999999999999","false","""normal""","1","""constant""","0.2","""Scale-free""","3","0","1","""uniform""","""deterministic-normal""","0","0.7000000000000002","0.4","""normal""","1","0.8","false","""/home/ramaswamy.51/Documents/github/Spirals/Media/data/cluster/endsim/BehaviorSearch/Step6_Trial""","true","0","0.7000000000000001","5","-0.29999999999999993","true","true","""930087530""","0.3023072764733433","0.3023072764733433","0.3023072764733433","0","0.3023072764733433"
"1","127","128","1000","1","""HK""","0.06999999999999999","false","""normal""","1","""constant""","0.2","""Scale-free""","3","0","1","""uniform""","""deterministic-normal""","0","0.7000000000000002","0.4","""normal""","1","0.8","false","""/home/ramaswamy.51/Documents/github/Spirals/Media/data/cluster/endsim/BehaviorSearch/Step6_Trial""","true","0","0.7000000000000001","5","-0.29999999999999993","true","true","""1811727456""","0.30810657935593694","0.30810657935593694","0.30810657935593694","0","0.30810657935593694"
"1","128","128","1000","1","""HK""","0.06999999999999999","false","""normal""","1","""constant""","0.2","""Scale-free""","3","0","1","""uniform""","""deterministic-normal""","0","0.7000000000000002","0.4","""normal""","1","0.8","false","""/home/ramaswamy.51/Documents/github/Spirals/Media/data/cluster/endsim/BehaviorSearch/Step6_Trial""","true","0","0.7000000000000001","5","-0.29999999999999993","true","true","""1678659608""","0.28579837975025574","0.28579837975025574","0.28579837975025574","0","0.28579837975025574"
"1","129","132","1000","1","""HK""","0.2","false","""normal""","1","""constant""","0.4","""Scale-free""","1","0","1","""uniform""","""deterministic-normal""","45","0.30000000000000004","0.2","""normal""","-0.6","1","false","""/home/ramaswamy.51/Documents/github/Spirals/Media/data/cluster/endsim/BehaviorSearch/Step6_Trial""","true","0","0.5","10","0.8","true","true","""873653611""","0.32374172771367676","0.32374172771367676","0.32374172771367676","0","0.32374172771367676"
"1","130","132","1000","1","""HK""","0.2","false","""normal""","1","""constant""","0.4","""Scale-free""","1","0","1","""uniform""","""deterministic-normal""","45","0.30000000000000004","0.2","""normal""","-0.6","1","false","""/home/ramaswamy.51/Documents/github/Spirals/Media/data/cluster/endsim/BehaviorSearch/Step6_Trial""","true","0","0.5","10","0.8","true","true","""-1514185672""","0.33191034811815945","0.33191034811815945","0.33191034811815945","0","0.33191034811815945"
"1","131","132","1000","1","""HK""","0.2","false","""normal""","1","""constant""","0.4","""Scale-free""","1","0","1","""uniform""","""deterministic-normal""","45","0.30000000000000004","0.2","""normal""","-0.6","1","false","""/home/ramaswamy.51/Documents/github/Spirals/Media/data/cluster/endsim/BehaviorSearch/Step6_Trial""","true","0","0.5","10","0.8","true","true","""553067019""","0.33359164505839334","0.33359164505839334","0.33359164505839334","0","0.33359164505839334"
"1","132","132","1000","1","""HK""","0.2","false","""normal""","1","""constant""","0.4","""Scale-free""","1","0","1","""uniform""","""deterministic-normal""","45","0.30000000000000004","0.2","""normal""","-0.6","1","false","""/home/ramaswamy.51/Documents/github/Spirals/Media/data/cluster/endsim/BehaviorSearch/Step6_Trial""","true","0","0.5","10","0.8","true","true","""-1921716705""","0.33717444245931644","0.33717444245931644","0.33717444245931644","0","0.33717444245931644"
"1","133","136","1000","1","""HK""","0.23","false","""normal""","1","""constant""","0.5","""Scale-free""","1","0","1","""uniform""","""deterministic-normal""","35","0.30000000000000004","0.4","""normal""","1","0.8","false","""/home/ramaswamy.51/Documents/github/Spirals/Media/data/cluster/endsim/BehaviorSearch/Step6_Trial""","true","0","0.8","5","-0.29999999999999993","true","true","""-822220055""","0.37368645436746223","0.37368645436746223","0.37368645436746223","0","0.37368645436746223"
"1","134","136","1000","1","""HK""","0.23","false","""normal""","1","""constant""","0.5","""Scale-free""","1","0","1","""uniform""","""deterministic-normal""","35","0.30000000000000004","0.4","""normal""","1","0.8","false","""/home/ramaswamy.51/Documents/github/Spirals/Media/data/cluster/endsim/BehaviorSearch/Step6_Trial""","true","0","0.8","5","-0.29999999999999993","true","true","""-705111986""","0.3823448110944142","0.3823448110944142","0.3823448110944142","0","0.3823448110944142"
"1","135","136","1000","1","""HK""","0.23","false","""normal""","1","""constant""","0.5","""Scale-free""","1","0","1","""uniform""","""deterministic-normal""","35","0.30000000000000004","0.4","""normal""","1","0.8","false","""/home/ramaswamy.51/Documents/github/Spirals/Media/data/cluster/endsim/BehaviorSearch/Step6_Trial""","true","0","0.8","5","-0.29999999999999993","true","true","""-199552111""","0.3713276381316673","0.3713276381316673","0.3713276381316673","0","0.3713276381316673"
"1","136","136","1000","1","""HK""","0.23","false","""normal""","1","""constant""","0.5","""Scale-free""","1","0","1","""uniform""","""deterministic-normal""","35","0.30000000000000004","0.4","""normal""","1","0.8","false","""/home/ramaswamy.51/Documents/github/Spirals/Media/data/cluster/endsim/BehaviorSearch/Step6_Trial""","true","0","0.8","5","-0.29999999999999993","true","true","""-1695703603""","0.363911940868222","0.363911940868222","0.363911940868222","0","0.363911940868222"
"1","137","140","1000","1","""HK""","0.18000000000000002","false","""normal""","1","""constant""","0.5","""Scale-free""","5","0","1","""uniform""","""deterministic-normal""","35","0.8","0.9","""normal""","-0.6","0.4","false","""/home/ramaswamy.51/Documents/github/Spirals/Media/data/cluster/endsim/BehaviorSearch/Step6_Trial""","true","0.4","0.6000000000000001","4","-0.6","true","true","""1592060353""","0.4365097594054408","0.4365097594054408","0.4365097594054408","0","0.4365097594054408"
"1","138","140","1000","1","""HK""","0.18000000000000002","false","""normal""","1","""constant""","0.5","""Scale-free""","5","0","1","""uniform""","""deterministic-normal""","35","0.8","0.9","""normal""","-0.6","0.4","false","""/home/ramaswamy.51/Documents/github/Spirals/Media/data/cluster/endsim/BehaviorSearch/Step6_Trial""","true","0.4","0.6000000000000001","4","-0.6","true","true","""-1969839170""","0.4327527400462946","0.4327527400462946","0.4327527400462946","0","0.4327527400462946"
"1","139","140","1000","1","""HK""","0.18000000000000002","false","""normal""","1","""constant""","0.5","""Scale-free""","5","0","1","""uniform""","""deterministic-normal""","35","0.8","0.9","""normal""","-0.6","0.4","false","""/home/ramaswamy.51/Documents/github/Spirals/Media/data/cluster/endsim/BehaviorSearch/Step6_Trial""","true","0.4","0.6000000000000001","4","-0.6","true","true","""38396996""","0.43014528015811665","0.43014528015811665","0.43014528015811665","0","0.43014528015811665"
"1","140","140","1000","1","""HK""","0.18000000000000002","false","""normal""","1","""constant""","0.5","""Scale-free""","5","0","1","""uniform""","""deterministic-normal""","35","0.8","0.9","""normal""","-0.6","0.4","false","""/home/ramaswamy.51/Documents/github/Spirals/Media/data/cluster/endsim/BehaviorSearch/Step6_Trial""","true","0.4","0.6000000000000001","4","-0.6","true","true","""1015212122""","0.43449686580944297","0.43449686580944297","0.43449686580944297","0","0.43449686580944297"
"1","141","144","1000","1","""HK""","0.18000000000000002","false","""normal""","1","""constant""","0.5","""Scale-free""","1","0","1","""uniform""","""deterministic-normal""","35","0","0.8","""normal""","0.20000000000000018","0.8","false","""/home/ramaswamy.51/Documents/github/Spirals/Media/data/cluster/endsim/BehaviorSearch/Step6_Trial""","true","0.2","0.9","8","-0.19999999999999996","true","true","""457510306""","0.3537373638603731","0.3537373638603731","0.3537373638603731","0","0.3537373638603731"
"1","142","144","1000","1","""HK""","0.18000000000000002","false","""normal""","1","""constant""","0.5","""Scale-free""","1","0","1","""uniform""","""deterministic-normal""","35","0","0.8","""normal""","0.20000000000000018","0.8","false","""/home/ramaswamy.51/Documents/github/Spirals/Media/data/cluster/endsim/BehaviorSearch/Step6_Trial""","true","0.2","0.9","8","-0.19999999999999996","true","true","""794540298""","0.32769311923850813","0.32769311923850813","0.32769311923850813","0","0.32769311923850813"
"1","143","144","1000","1","""HK""","0.18000000000000002","false","""normal""","1","""constant""","0.5","""Scale-free""","1","0","1","""uniform""","""deterministic-normal""","35","0","0.8","""normal""","0.20000000000000018","0.8","false","""/home/ramaswamy.51/Documents/github/Spirals/Media/data/cluster/endsim/BehaviorSearch/Step6_Trial""","true","0.2","0.9","8","-0.19999999999999996","true","true","""1970212565""","0.371960609547464","0.371960609547464","0.371960609547464","0","0.371960609547464"
"1","144","144","1000","1","""HK""","0.18000000000000002","false","""normal""","1","""constant""","0.5","""Scale-free""","1","0","1","""uniform""","""deterministic-normal""","35","0","0.8","""normal""","0.20000000000000018","0.8","false","""/home/ramaswamy.51/Documents/github/Spirals/Media/data/cluster/endsim/BehaviorSearch/Step6_Trial""","true","0.2","0.9","8","-0.19999999999999996","true","true","""-1252215853""","0.3471023681392067","0.3471023681392067","0.3471023681392067","0","0.3471023681392067"
"1","145","152","1000","1","""HK""","0.060000000000000005","false","""normal""","1","""constant""","0.4","""Scale-free""","1","0","1","""uniform""","""deterministic-normal""","45","0.30000000000000004","0.2","""normal""","-0.3999999999999999","0.8","false","""/home/ramaswamy.51/Documents/github/Spirals/Media/data/cluster/endsim/BehaviorSearch/Step6_Trial""","true","1","0.8","5","0.10000000000000009","true","true","""-1500404450""","0.24575030724353514","0.24575030724353514","0.24575030724353514","0","0.24575030724353514"
"1","146","152","1000","1","""HK""","0.060000000000000005","false","""normal""","1","""constant""","0.4","""Scale-free""","1","0","1","""uniform""","""deterministic-normal""","45","0.30000000000000004","0.2","""normal""","-0.3999999999999999","0.8","false","""/home/ramaswamy.51/Documents/github/Spirals/Media/data/cluster/endsim/BehaviorSearch/Step6_Trial""","true","1","0.8","5","0.10000000000000009","true","true","""-1941353650""","0.25297658091035147","0.25297658091035147","0.25297658091035147","0","0.25297658091035147"
"1","147","152","1000","1","""HK""","0.060000000000000005","false","""normal""","1","""constant""","0.4","""Scale-free""","1","0","1","""uniform""","""deterministic-normal""","45","0.30000000000000004","0.2","""normal""","-0.3999999999999999","0.8","false","""/home/ramaswamy.51/Documents/github/Spirals/Media/data/cluster/endsim/BehaviorSearch/Step6_Trial""","true","1","0.8","5","0.10000000000000009","true","true","""2105714834""","0.2536788469300446","0.2536788469300446","0.2536788469300446","0","0.2536788469300446"
"1","148","152","1000","1","""HK""","0.060000000000000005","false","""normal""","1","""constant""","0.4","""Scale-free""","1","0","1","""uniform""","""deterministic-normal""","45","0.30000000000000004","0.2","""normal""","-0.3999999999999999","0.8","false","""/home/ramaswamy.51/Documents/github/Spirals/Media/data/cluster/endsim/BehaviorSearch/Step6_Trial""","true","1","0.8","5","0.10000000000000009","true","true","""-169843255""","0.24513196278438062","0.24513196278438062","0.24513196278438062","0","0.24513196278438062"
"1","149","156","1000","1","""HK""","0.09999999999999999","false","""normal""","1","""constant""","0.1","""Scale-free""","3","0","1","""uniform""","""deterministic-normal""","0","0.8","0.5","""normal""","1","1","false","""/home/ramaswamy.51/Documents/github/Spirals/Media/data/cluster/endsim/BehaviorSearch/Step6_Trial""","true","0","0.5","8","0.8","true","true","""1973285788""","0.21308289138547407","0.21308289138547407","0.21308289138547407","0","0.21308289138547407"
"1","150","156","1000","1","""HK""","0.09999999999999999","false","""normal""","1","""constant""","0.1","""Scale-free""","3","0","1","""uniform""","""deterministic-normal""","0","0.8","0.5","""normal""","1","1","false","""/home/ramaswamy.51/Documents/github/Spirals/Media/data/cluster/endsim/BehaviorSearch/Step6_Trial""","true","0","0.5","8","0.8","true","true","""-1174698293""","0.21190481339876124","0.21190481339876124","0.21190481339876124","0","0.21190481339876124"
"1","151","156","1000","1","""HK""","0.09999999999999999","false","""normal""","1","""constant""","0.1","""Scale-free""","3","0","1","""uniform""","""deterministic-normal""","0","0.8","0.5","""normal""","1","1","false","""/home/ramaswamy.51/Documents/github/Spirals/Media/data/cluster/endsim/BehaviorSearch/Step6_Trial""","true","0","0.5","8","0.8","true","true","""-442524960""","0.19235493881511134","0.19235493881511134","0.19235493881511134","0","0.19235493881511134"
"1","152","156","1000","1","""HK""","0.09999999999999999","false","""normal""","1","""constant""","0.1","""Scale-free""","3","0","1","""uniform""","""deterministic-normal""","0","0.8","0.5","""normal""","1","1","false","""/home/ramaswamy.51/Documents/github/Spirals/Media/data/cluster/endsim/BehaviorSearch/Step6_Trial""","true","0","0.5","8","0.8","true","true","""1635966531""","0.1978443224453443","0.1978443224453443","0.1978443224453443","0","0.1978443224453443"
"1","153","160","1000","1","""HK""","0.19","false","""normal""","1","""constant""","0.4","""Scale-free""","1","0","1","""uniform""","""deterministic-normal""","5","0.30000000000000004","0.5","""normal""","-0.7","0.7000000000000001","false","""/home/ramaswamy.51/Documents/github/Spirals/Media/data/cluster/endsim/BehaviorSearch/Step6_Trial""","true","0.4","1","3","0.10000000000000009","true","true","""164108740""","0.33468096447161433","0.33468096447161433","0.33468096447161433","0","0.33468096447161433"
"1","154","160","1000","1","""HK""","0.19","false","""normal""","1","""constant""","0.4","""Scale-free""","1","0","1","""uniform""","""deterministic-normal""","5","0.30000000000000004","0.5","""normal""","-0.7","0.7000000000000001","false","""/home/ramaswamy.51/Documents/github/Spirals/Media/data/cluster/endsim/BehaviorSearch/Step6_Trial""","true","0.4","1","3","0.10000000000000009","true","true","""-1175343224""","0.3237112169661071","0.3237112169661071","0.3237112169661071","0","0.3237112169661071"
"1","155","160","1000","1","""HK""","0.19","false","""normal""","1","""constant""","0.4","""Scale-free""","1","0","1","""uniform""","""deterministic-normal""","5","0.30000000000000004","0.5","""normal""","-0.7","0.7000000000000001","false","""/home/ramaswamy.51/Documents/github/Spirals/Media/data/cluster/endsim/BehaviorSearch/Step6_Trial""","true","0.4","1","3","0.10000000000000009","true","true","""548417771""","0.325090853667239","0.325090853667239","0.325090853667239","0","0.325090853667239"
"1","156","160","1000","1","""HK""","0.19","false","""normal""","1","""constant""","0.4","""Scale-free""","1","0","1","""uniform""","""deterministic-normal""","5","0.30000000000000004","0.5","""normal""","-0.7","0.7000000000000001","false","""/home/ramaswamy.51/Documents/github/Spirals/Media/data/cluster/endsim/BehaviorSearch/Step6_Trial""","true","0.4","1","3","0.10000000000000009","true","true","""-655602990""","0.3213426707229913","0.3213426707229913","0.3213426707229913","0","0.3213426707229913"
"1","157","164","1000","1","""HK""","0.060000000000000005","false","""normal""","1","""constant""","0.4","""Scale-free""","2","0","1","""uniform""","""deterministic-normal""","45","0.30000000000000004","1","""normal""","0.40000000000000013","0.8","false","""/home/ramaswamy.51/Documents/github/Spirals/Media/data/cluster/endsim/BehaviorSearch/Step6_Trial""","true","0.7000000000000001","0.30000000000000004","0","0.5","true","true","""1601213886""","0.2179243815733146","0.2179243815733146","0.2179243815733146","0","0.2179243815733146"
"1","158","164","1000","1","""HK""","0.060000000000000005","false","""normal""","1","""constant""","0.4","""Scale-free""","2","0","1","""uniform""","""deterministic-normal""","45","0.30000000000000004","1","""normal""","0.40000000000000013","0.8","false","""/home/ramaswamy.51/Documents/github/Spirals/Media/data/cluster/endsim/BehaviorSearch/Step6_Trial""","true","0.7000000000000001","0.30000000000000004","0","0.5","true","true","""2104755797""","0.2245093080438765","0.2245093080438765","0.2245093080438765","0","0.2245093080438765"
"1","159","164","1000","1","""HK""","0.060000000000000005","false","""normal""","1","""constant""","0.4","""Scale-free""","2","0","1","""uniform""","""deterministic-normal""","45","0.30000000000000004","1","""normal""","0.40000000000000013","0.8","false","""/home/ramaswamy.51/Documents/github/Spirals/Media/data/cluster/endsim/BehaviorSearch/Step6_Trial""","true","0.7000000000000001","0.30000000000000004","0","0.5","true","true","""-264852367""","0.23174485952038348","0.23174485952038348","0.23174485952038348","0","0.23174485952038348"
"1","160","164","1000","1","""HK""","0.060000000000000005","false","""normal""","1","""constant""","0.4","""Scale-free""","2","0","1","""uniform""","""deterministic-normal""","45","0.30000000000000004","1","""normal""","0.40000000000000013","0.8","false","""/home/ramaswamy.51/Documents/github/Spirals/Media/data/cluster/endsim/BehaviorSearch/Step6_Trial""","true","0.7000000000000001","0.30000000000000004","0","0.5","true","true","""665582090""","0.20514845548324825","0.20514845548324825","0.20514845548324825","0","0.20514845548324825"
"1","161","168","1000","1","""HK""","0.060000000000000005","false","""normal""","1","""constant""","0.4","""Scale-free""","1","0","1","""uniform""","""deterministic-normal""","40","0.20000000000000018","0.4","""normal""","-0.09999999999999998","0.8","false","""/home/ramaswamy.51/Documents/github/Spirals/Media/data/cluster/endsim/BehaviorSearch/Step6_Trial""","true","0.6000000000000001","0.30000000000000004","8","-0.3999999999999999","true","true","""-1124472098""","0.2713446592978148","0.2713446592978148","0.2713446592978148","0","0.2713446592978148"
"1","162","168","1000","1","""HK""","0.060000000000000005","false","""normal""","1","""constant""","0.4","""Scale-free""","1","0","1","""uniform""","""deterministic-normal""","40","0.20000000000000018","0.4","""normal""","-0.09999999999999998","0.8","false","""/home/ramaswamy.51/Documents/github/Spirals/Media/data/cluster/endsim/BehaviorSearch/Step6_Trial""","true","0.6000000000000001","0.30000000000000004","8","-0.3999999999999999","true","true","""166158517""","0.2464467443019385","0.2464467443019385","0.2464467443019385","0","0.2464467443019385"
"1","163","168","1000","1","""HK""","0.060000000000000005","false","""normal""","1","""constant""","0.4","""Scale-free""","1","0","1","""uniform""","""deterministic-normal""","40","0.20000000000000018","0.4","""normal""","-0.09999999999999998","0.8","false","""/home/ramaswamy.51/Documents/github/Spirals/Media/data/cluster/endsim/BehaviorSearch/Step6_Trial""","true","0.6000000000000001","0.30000000000000004","8","-0.3999999999999999","true","true","""693942076""","0.24713072177393566","0.24713072177393566","0.24713072177393566","0","0.24713072177393566"
"1","164","168","1000","1","""HK""","0.060000000000000005","false","""normal""","1","""constant""","0.4","""Scale-free""","1","0","1","""uniform""","""deterministic-normal""","40","0.20000000000000018","0.4","""normal""","-0.09999999999999998","0.8","false","""/home/ramaswamy.51/Documents/github/Spirals/Media/data/cluster/endsim/BehaviorSearch/Step6_Trial""","true","0.6000000000000001","0.30000000000000004","8","-0.3999999999999999","true","true","""295224450""","0.23793743049559113","0.23793743049559113","0.23793743049559113","0","0.23793743049559113"
"1","165","172","1000","1","""HK""","0.08","false","""normal""","1","""constant""","0.2","""Scale-free""","2","0","1","""uniform""","""deterministic-normal""","5","0.30000000000000004","0.5","""normal""","-0.7","0.8","false","""/home/ramaswamy.51/Documents/github/Spirals/Media/data/cluster/endsim/BehaviorSearch/Step6_Trial""","true","0","0.4","9","0.8","true","true","""-631219565""","0.24313752734237531","0.24313752734237531","0.24313752734237531","0","0.24313752734237531"
"1","166","172","1000","1","""HK""","0.08","false","""normal""","1","""constant""","0.2","""Scale-free""","2","0","1","""uniform""","""deterministic-normal""","5","0.30000000000000004","0.5","""normal""","-0.7","0.8","false","""/home/ramaswamy.51/Documents/github/Spirals/Media/data/cluster/endsim/BehaviorSearch/Step6_Trial""","true","0","0.4","9","0.8","true","true","""894280630""","0.22323064944937002","0.22323064944937002","0.22323064944937002","0","0.22323064944937002"
"1","167","172","1000","1","""HK""","0.08","false","""normal""","1","""constant""","0.2","""Scale-free""","2","0","1","""uniform""","""deterministic-normal""","5","0.30000000000000004","0.5","""normal""","-0.7","0.8","false","""/home/ramaswamy.51/Documents/github/Spirals/Media/data/cluster/endsim/BehaviorSearch/Step6_Trial""","true","0","0.4","9","0.8","true","true","""-748224213""","0.2487714302921594","0.2487714302921594","0.2487714302921594","0","0.2487714302921594"
"1","168","172","1000","1","""HK""","0.08","false","""normal""","1","""constant""","0.2","""Scale-free""","2","0","1","""uniform""","""deterministic-normal""","5","0.30000000000000004","0.5","""normal""","-0.7","0.8","false","""/home/ramaswamy.51/Documents/github/Spirals/Media/data/cluster/endsim/BehaviorSearch/Step6_Trial""","true","0","0.4","9","0.8","true","true","""1253092126""","0.23842782605321972","0.23842782605321972","0.23842782605321972","0","0.23842782605321972"
"1","169","176","1000","1","""HK""","0.08","false","""normal""","1","""constant""","0.1","""Scale-free""","3","0","1","""uniform""","""deterministic-normal""","0","0.8","0.5","""normal""","1","1","false","""/home/ramaswamy.51/Documents/github/Spirals/Media/data/cluster/endsim/BehaviorSearch/Step6_Trial""","true","0","0.5","8","1","true","true","""-85654266""","0.18993021424776985","0.18993021424776985","0.18993021424776985","0","0.18993021424776985"
"1","170","176","1000","1","""HK""","0.08","false","""normal""","1","""constant""","0.1","""Scale-free""","3","0","1","""uniform""","""deterministic-normal""","0","0.8","0.5","""normal""","1","1","false","""/home/ramaswamy.51/Documents/github/Spirals/Media/data/cluster/endsim/BehaviorSearch/Step6_Trial""","true","0","0.5","8","1","true","true","""-1756779139""","0.1963010891313839","0.1963010891313839","0.1963010891313839","0","0.1963010891313839"
"1","171","176","1000","1","""HK""","0.08","false","""normal""","1","""constant""","0.1","""Scale-free""","3","0","1","""uniform""","""deterministic-normal""","0","0.8","0.5","""normal""","1","1","false","""/home/ramaswamy.51/Documents/github/Spirals/Media/data/cluster/endsim/BehaviorSearch/Step6_Trial""","true","0","0.5","8","1","true","true","""-285233687""","0.19327210132510125","0.19327210132510125","0.19327210132510125","0","0.19327210132510125"
"1","172","176","1000","1","""HK""","0.08","false","""normal""","1","""constant""","0.1","""Scale-free""","3","0","1","""uniform""","""deterministic-normal""","0","0.8","0.5","""normal""","1","1","false","""/home/ramaswamy.51/Documents/github/Spirals/Media/data/cluster/endsim/BehaviorSearch/Step6_Trial""","true","0","0.5","8","1","true","true","""1065430845""","0.1765889195912998","0.1765889195912998","0.1765889195912998","0","0.1765889195912998"
"1","173","180","1000","1","""HK""","0.09999999999999999","false","""normal""","1","""constant""","0.1","""Scale-free""","2","0","1","""uniform""","""deterministic-normal""","0","0.8","0.5","""normal""","1","1","false","""/home/ramaswamy.51/Documents/github/Spirals/Media/data/cluster/endsim/BehaviorSearch/Step6_Trial""","true","0","0.6000000000000001","8","1","true","true","""1501520933""","0.18686761046123676","0.18686761046123676","0.18686761046123676","0","0.18686761046123676"
"1","174","180","1000","1","""HK""","0.09999999999999999","false","""normal""","1","""constant""","0.1","""Scale-free""","2","0","1","""uniform""","""deterministic-normal""","0","0.8","0.5","""normal""","1","1","false","""/home/ramaswamy.51/Documents/github/Spirals/Media/data/cluster/endsim/BehaviorSearch/Step6_Trial""","true","0","0.6000000000000001","8","1","true","true","""1049217375""","0.2074694330915224","0.2074694330915224","0.2074694330915224","0","0.2074694330915224"
"1","175","180","1000","1","""HK""","0.09999999999999999","false","""normal""","1","""constant""","0.1","""Scale-free""","2","0","1","""uniform""","""deterministic-normal""","0","0.8","0.5","""normal""","1","1","false","""/home/ramaswamy.51/Documents/github/Spirals/Media/data/cluster/endsim/BehaviorSearch/Step6_Trial""","true","0","0.6000000000000001","8","1","true","true","""1360685557""","0.21985610902527608","0.21985610902527608","0.21985610902527608","0","0.21985610902527608"
"1","176","180","1000","1","""HK""","0.09999999999999999","false","""normal""","1","""constant""","0.1","""Scale-free""","2","0","1","""uniform""","""deterministic-normal""","0","0.8","0.5","""normal""","1","1","false","""/home/ramaswamy.51/Documents/github/Spirals/Media/data/cluster/endsim/BehaviorSearch/Step6_Trial""","true","0","0.6000000000000001","8","1","true","true","""-95654313""","0.21406858804575365","0.21406858804575365","0.21406858804575365","0","0.21406858804575365"
"1","177","184","1000","1","""HK""","0.09999999999999999","false","""normal""","1","""constant""","0.1","""Scale-free""","2","0","1","""uniform""","""deterministic-normal""","0","0.8","0.5","""normal""","0.9000000000000001","1","false","""/home/ramaswamy.51/Documents/github/Spirals/Media/data/cluster/endsim/BehaviorSearch/Step6_Trial""","true","0","0.6000000000000001","8","1","true","true","""1243691569""","0.1775097860280156","0.1775097860280156","0.1775097860280156","0","0.1775097860280156"
"1","178","184","1000","1","""HK""","0.09999999999999999","false","""normal""","1","""constant""","0.1","""Scale-free""","2","0","1","""uniform""","""deterministic-normal""","0","0.8","0.5","""normal""","0.9000000000000001","1","false","""/home/ramaswamy.51/Documents/github/Spirals/Media/data/cluster/endsim/BehaviorSearch/Step6_Trial""","true","0","0.6000000000000001","8","1","true","true","""1581958543""","0.20192123381676927","0.20192123381676927","0.20192123381676927","0","0.20192123381676927"
"1","179","184","1000","1","""HK""","0.09999999999999999","false","""normal""","1","""constant""","0.1","""Scale-free""","2","0","1","""uniform""","""deterministic-normal""","0","0.8","0.5","""normal""","0.9000000000000001","1","false","""/home/ramaswamy.51/Documents/github/Spirals/Media/data/cluster/endsim/BehaviorSearch/Step6_Trial""","true","0","0.6000000000000001","8","1","true","true","""1263720172""","0.20722296918120614","0.20722296918120614","0.20722296918120614","0","0.20722296918120614"
"1","180","184","1000","1","""HK""","0.09999999999999999","false","""normal""","1","""constant""","0.1","""Scale-free""","2","0","1","""uniform""","""deterministic-normal""","0","0.8","0.5","""normal""","0.9000000000000001","1","false","""/home/ramaswamy.51/Documents/github/Spirals/Media/data/cluster/endsim/BehaviorSearch/Step6_Trial""","true","0","0.6000000000000001","8","1","true","true","""-208983874""","0.1971169321320262","0.1971169321320262","0.1971169321320262","0","0.1971169321320262"
"1","181","188","1000","1","""HK""","0.06999999999999999","false","""normal""","1","""constant""","0.1","""Scale-free""","3","0","1","""uniform""","""deterministic-normal""","0","0.9000000000000001","0.4","""normal""","1","1","false","""/home/ramaswamy.51/Documents/github/Spirals/Media/data/cluster/endsim/BehaviorSearch/Step6_Trial""","true","0","0.5","8","0.9000000000000001","true","true","""653234547""","0.19391041482807372","0.19391041482807372","0.19391041482807372","0","0.19391041482807372"
"1","182","188","1000","1","""HK""","0.06999999999999999","false","""normal""","1","""constant""","0.1","""Scale-free""","3","0","1","""uniform""","""deterministic-normal""","0","0.9000000000000001","0.4","""normal""","1","1","false","""/home/ramaswamy.51/Documents/github/Spirals/Media/data/cluster/endsim/BehaviorSearch/Step6_Trial""","true","0","0.5","8","0.9000000000000001","true","true","""2058293294""","0.18590944898260214","0.18590944898260214","0.18590944898260214","0","0.18590944898260214"
"1","183","188","1000","1","""HK""","0.06999999999999999","false","""normal""","1","""constant""","0.1","""Scale-free""","3","0","1","""uniform""","""deterministic-normal""","0","0.9000000000000001","0.4","""normal""","1","1","false","""/home/ramaswamy.51/Documents/github/Spirals/Media/data/cluster/endsim/BehaviorSearch/Step6_Trial""","true","0","0.5","8","0.9000000000000001","true","true","""1089771299""","0.20170629602777632","0.20170629602777632","0.20170629602777632","0","0.20170629602777632"
"1","184","188","1000","1","""HK""","0.06999999999999999","false","""normal""","1","""constant""","0.1","""Scale-free""","3","0","1","""uniform""","""deterministic-normal""","0","0.9000000000000001","0.4","""normal""","1","1","false","""/home/ramaswamy.51/Documents/github/Spirals/Media/data/cluster/endsim/BehaviorSearch/Step6_Trial""","true","0","0.5","8","0.9000000000000001","true","true","""-506134277""","0.1887542139406973","0.1887542139406973","0.1887542139406973","0","0.1887542139406973"
"1","185","192","1000","1","""HK""","0.08","false","""normal""","1","""constant""","0.1","""Scale-free""","2","0","1","""uniform""","""deterministic-normal""","5","0.30000000000000004","0.4","""normal""","-0.09999999999999998","0.8","false","""/home/ramaswamy.51/Documents/github/Spirals/Media/data/cluster/endsim/BehaviorSearch/Step6_Trial""","true","0.6000000000000001","0.30000000000000004","8","0","true","true","""2018334088""","0.1640300516588559","0.1640300516588559","0.1640300516588559","0","0.1640300516588559"
"1","186","192","1000","1","""HK""","0.08","false","""normal""","1","""constant""","0.1","""Scale-free""","2","0","1","""uniform""","""deterministic-normal""","5","0.30000000000000004","0.4","""normal""","-0.09999999999999998","0.8","false","""/home/ramaswamy.51/Documents/github/Spirals/Media/data/cluster/endsim/BehaviorSearch/Step6_Trial""","true","0.6000000000000001","0.30000000000000004","8","0","true","true","""-603988050""","0.16220718129683673","0.16220718129683673","0.16220718129683673","0","0.16220718129683673"
"1","187","192","1000","1","""HK""","0.08","false","""normal""","1","""constant""","0.1","""Scale-free""","2","0","1","""uniform""","""deterministic-normal""","5","0.30000000000000004","0.4","""normal""","-0.09999999999999998","0.8","false","""/home/ramaswamy.51/Documents/github/Spirals/Media/data/cluster/endsim/BehaviorSearch/Step6_Trial""","true","0.6000000000000001","0.30000000000000004","8","0","true","true","""-1256761266""","0.16074105105321354","0.16074105105321354","0.16074105105321354","0","0.16074105105321354"
"1","188","192","1000","1","""HK""","0.08","false","""normal""","1","""constant""","0.1","""Scale-free""","2","0","1","""uniform""","""deterministic-normal""","5","0.30000000000000004","0.4","""normal""","-0.09999999999999998","0.8","false","""/home/ramaswamy.51/Documents/github/Spirals/Media/data/cluster/endsim/BehaviorSearch/Step6_Trial""","true","0.6000000000000001","0.30000000000000004","8","0","true","true","""1655356226""","0.1840849575483267","0.1840849575483267","0.1840849575483267","0","0.1840849575483267"
"1","189","196","1000","1","""HK""","0.11","false","""normal""","1","""constant""","0.1","""Scale-free""","2","0","1","""uniform""","""deterministic-normal""","5","0.30000000000000004","0.4","""normal""","-0.29999999999999993","1","false","""/home/ramaswamy.51/Documents/github/Spirals/Media/data/cluster/endsim/BehaviorSearch/Step6_Trial""","true","0.6000000000000001","0.30000000000000004","8","0","true","true","""1477466805""","0.1762827024971098","0.1762827024971098","0.1762827024971098","0","0.1762827024971098"
"1","190","196","1000","1","""HK""","0.11","false","""normal""","1","""constant""","0.1","""Scale-free""","2","0","1","""uniform""","""deterministic-normal""","5","0.30000000000000004","0.4","""normal""","-0.29999999999999993","1","false","""/home/ramaswamy.51/Documents/github/Spirals/Media/data/cluster/endsim/BehaviorSearch/Step6_Trial""","true","0.6000000000000001","0.30000000000000004","8","0","true","true","""-1900224227""","0.16450855463085823","0.16450855463085823","0.16450855463085823","0","0.16450855463085823"
"1","191","196","1000","1","""HK""","0.11","false","""normal""","1","""constant""","0.1","""Scale-free""","2","0","1","""uniform""","""deterministic-normal""","5","0.30000000000000004","0.4","""normal""","-0.29999999999999993","1","false","""/home/ramaswamy.51/Documents/github/Spirals/Media/data/cluster/endsim/BehaviorSearch/Step6_Trial""","true","0.6000000000000001","0.30000000000000004","8","0","true","true","""719859316""","0.1745333660326259","0.1745333660326259","0.1745333660326259","0","0.1745333660326259"
"1","192","196","1000","1","""HK""","0.11","false","""normal""","1","""constant""","0.1","""Scale-free""","2","0","1","""uniform""","""deterministic-normal""","5","0.30000000000000004","0.4","""normal""","-0.29999999999999993","1","false","""/home/ramaswamy.51/Documents/github/Spirals/Media/data/cluster/endsim/BehaviorSearch/Step6_Trial""","true","0.6000000000000001","0.30000000000000004","8","0","true","true","""239251304""","0.16064498040763026","0.16064498040763026","0.16064498040763026","0","0.16064498040763026"
"1","193","200","1000","1","""HK""","0.08","false","""normal""","1","""constant""","0.2","""Scale-free""","2","0","1","""uniform""","""deterministic-normal""","5","0.30000000000000004","0.4","""normal""","-0.09999999999999998","0.8","false","""/home/ramaswamy.51/Documents/github/Spirals/Media/data/cluster/endsim/BehaviorSearch/Step6_Trial""","true","0.6000000000000001","0.4","9","0","true","true","""-66751232""","0.16554331946713452","0.16554331946713452","0.16554331946713452","0","0.16554331946713452"
"1","194","200","1000","1","""HK""","0.08","false","""normal""","1","""constant""","0.2","""Scale-free""","2","0","1","""uniform""","""deterministic-normal""","5","0.30000000000000004","0.4","""normal""","-0.09999999999999998","0.8","false","""/home/ramaswamy.51/Documents/github/Spirals/Media/data/cluster/endsim/BehaviorSearch/Step6_Trial""","true","0.6000000000000001","0.4","9","0","true","true","""-695242616""","0.13859288384831034","0.13859288384831034","0.13859288384831034","0","0.13859288384831034"
"1","195","200","1000","1","""HK""","0.08","false","""normal""","1","""constant""","0.2","""Scale-free""","2","0","1","""uniform""","""deterministic-normal""","5","0.30000000000000004","0.4","""normal""","-0.09999999999999998","0.8","false","""/home/ramaswamy.51/Documents/github/Spirals/Media/data/cluster/endsim/BehaviorSearch/Step6_Trial""","true","0.6000000000000001","0.4","9","0","true","true","""-1206804861""","0.14714363516496323","0.14714363516496323","0.14714363516496323","0","0.14714363516496323"
"1","196","200","1000","1","""HK""","0.08","false","""normal""","1","""constant""","0.2","""Scale-free""","2","0","1","""uniform""","""deterministic-normal""","5","0.30000000000000004","0.4","""normal""","-0.09999999999999998","0.8","false","""/home/ramaswamy.51/Documents/github/Spirals/Media/data/cluster/endsim/BehaviorSearch/Step6_Trial""","true","0.6000000000000001","0.4","9","0","true","true","""-1471947629""","0.15902646692929007","0.15902646692929007","0.15902646692929007","0","0.15902646692929007"
"1","197","204","1000","1","""HK""","0.15000000000000002","false","""normal""","1","""constant""","0.1","""Scale-free""","3","0","1","""uniform""","""deterministic-normal""","35","0.20000000000000018","0.30000000000000004","""normal""","-0.09999999999999998","0.8","false","""/home/ramaswamy.51/Documents/github/Spirals/Media/data/cluster/endsim/BehaviorSearch/Step6_Trial""","true","0.6000000000000001","0.2","8","-0.09999999999999998","true","true","""1277424814""","0.17882673273145086","0.17882673273145086","0.17882673273145086","0","0.17882673273145086"
"1","198","204","1000","1","""HK""","0.15000000000000002","false","""normal""","1","""constant""","0.1","""Scale-free""","3","0","1","""uniform""","""deterministic-normal""","35","0.20000000000000018","0.30000000000000004","""normal""","-0.09999999999999998","0.8","false","""/home/ramaswamy.51/Documents/github/Spirals/Media/data/cluster/endsim/BehaviorSearch/Step6_Trial""","true","0.6000000000000001","0.2","8","-0.09999999999999998","true","true","""-448007705""","0.21211493316079844","0.21211493316079844","0.21211493316079844","0","0.21211493316079844"
"1","199","204","1000","1","""HK""","0.15000000000000002","false","""normal""","1","""constant""","0.1","""Scale-free""","3","0","1","""uniform""","""deterministic-normal""","35","0.20000000000000018","0.30000000000000004","""normal""","-0.09999999999999998","0.8","false","""/home/ramaswamy.51/Documents/github/Spirals/Media/data/cluster/endsim/BehaviorSearch/Step6_Trial""","true","0.6000000000000001","0.2","8","-0.09999999999999998","true","true","""581174216""","0.17556590813125436","0.17556590813125436","0.17556590813125436","0","0.17556590813125436"
"1","200","204","1000","1","""HK""","0.15000000000000002","false","""normal""","1","""constant""","0.1","""Scale-free""","3","0","1","""uniform""","""deterministic-normal""","35","0.20000000000000018","0.30000000000000004","""normal""","-0.09999999999999998","0.8","false","""/home/ramaswamy.51/Documents/github/Spirals/Media/data/cluster/endsim/BehaviorSearch/Step6_Trial""","true","0.6000000000000001","0.2","8","-0.09999999999999998","true","true","""706140128""","0.20557531783976737","0.20557531783976737","0.20557531783976737","0","0.20557531783976737"
"1","201","208","1000","1","""HK""","0.18000000000000002","false","""normal""","1","""constant""","0.4","""Scale-free""","4","0","1","""uniform""","""deterministic-normal""","20","-0.6","0.1","""normal""","-1","0.8","false","""/home/ramaswamy.51/Documents/github/Spirals/Media/data/cluster/endsim/BehaviorSearch/Step6_Trial""","true","0.6000000000000001","0.4","8","0","true","true","""-96241787""","0.37507153446088176","0.37507153446088176","0.37507153446088176","0","0.37507153446088176"
"1","202","208","1000","1","""HK""","0.18000000000000002","false","""normal""","1","""constant""","0.4","""Scale-free""","4","0","1","""uniform""","""deterministic-normal""","20","-0.6","0.1","""normal""","-1","0.8","false","""/home/ramaswamy.51/Documents/github/Spirals/Media/data/cluster/endsim/BehaviorSearch/Step6_Trial""","true","0.6000000000000001","0.4","8","0","true","true","""913842224""","0.37885592842880944","0.37885592842880944","0.37885592842880944","0","0.37885592842880944"
"1","203","208","1000","1","""HK""","0.18000000000000002","false","""normal""","1","""constant""","0.4","""Scale-free""","4","0","1","""uniform""","""deterministic-normal""","20","-0.6","0.1","""normal""","-1","0.8","false","""/home/ramaswamy.51/Documents/github/Spirals/Media/data/cluster/endsim/BehaviorSearch/Step6_Trial""","true","0.6000000000000001","0.4","8","0","true","true","""-1959733984""","0.39322139498480585","0.39322139498480585","0.39322139498480585","0","0.39322139498480585"
"1","204","208","1000","1","""HK""","0.18000000000000002","false","""normal""","1","""constant""","0.4","""Scale-free""","4","0","1","""uniform""","""deterministic-normal""","20","-0.6","0.1","""normal""","-1","0.8","false","""/home/ramaswamy.51/Documents/github/Spirals/Media/data/cluster/endsim/BehaviorSearch/Step6_Trial""","true","0.6000000000000001","0.4","8","0","true","true","""-576779794""","0.39095892758458484","0.39095892758458484","0.39095892758458484","0","0.39095892758458484"
"1","205","212","1000","1","""HK""","0.16","false","""normal""","1","""constant""","0.1","""Scale-free""","3","0","1","""uniform""","""deterministic-normal""","30","0.30000000000000004","0.4","""normal""","0.40000000000000013","0.8","false","""/home/ramaswamy.51/Documents/github/Spirals/Media/data/cluster/endsim/BehaviorSearch/Step6_Trial""","true","0.8","0.30000000000000004","7","0.40000000000000013","true","true","""-524748874""","0.24509973053390016","0.24509973053390016","0.24509973053390016","0","0.24509973053390016"
"1","206","212","1000","1","""HK""","0.16","false","""normal""","1","""constant""","0.1","""Scale-free""","3","0","1","""uniform""","""deterministic-normal""","30","0.30000000000000004","0.4","""normal""","0.40000000000000013","0.8","false","""/home/ramaswamy.51/Documents/github/Spirals/Media/data/cluster/endsim/BehaviorSearch/Step6_Trial""","true","0.8","0.30000000000000004","7","0.40000000000000013","true","true","""-607547492""","0.256393768020309","0.256393768020309","0.256393768020309","0","0.256393768020309"
"1","207","212","1000","1","""HK""","0.16","false","""normal""","1","""constant""","0.1","""Scale-free""","3","0","1","""uniform""","""deterministic-normal""","30","0.30000000000000004","0.4","""normal""","0.40000000000000013","0.8","false","""/home/ramaswamy.51/Documents/github/Spirals/Media/data/cluster/endsim/BehaviorSearch/Step6_Trial""","true","0.8","0.30000000000000004","7","0.40000000000000013","true","true","""423019334""","0.24031988187100706","0.24031988187100706","0.24031988187100706","0","0.24031988187100706"
"1","208","212","1000","1","""HK""","0.16","false","""normal""","1","""constant""","0.1","""Scale-free""","3","0","1","""uniform""","""deterministic-normal""","30","0.30000000000000004","0.4","""normal""","0.40000000000000013","0.8","false","""/home/ramaswamy.51/Documents/github/Spirals/Media/data/cluster/endsim/BehaviorSearch/Step6_Trial""","true","0.8","0.30000000000000004","7","0.40000000000000013","true","true","""-1710598581""","0.2486381359998481","0.2486381359998481","0.2486381359998481","0","0.2486381359998481"
"1","209","216","1000","1","""HK""","0.02","false","""normal""","1","""constant""","0.1","""Scale-free""","3","0","1","""uniform""","""deterministic-normal""","5","0.20000000000000018","0.4","""normal""","-0.09999999999999998","0.8","false","""/home/ramaswamy.51/Documents/github/Spirals/Media/data/cluster/endsim/BehaviorSearch/Step6_Trial""","true","0.6000000000000001","0.2","8","0.20000000000000018","true","true","""-1360241776""","0.18029941100975663","0.18029941100975663","0.18029941100975663","0","0.18029941100975663"
"1","210","216","1000","1","""HK""","0.02","false","""normal""","1","""constant""","0.1","""Scale-free""","3","0","1","""uniform""","""deterministic-normal""","5","0.20000000000000018","0.4","""normal""","-0.09999999999999998","0.8","false","""/home/ramaswamy.51/Documents/github/Spirals/Media/data/cluster/endsim/BehaviorSearch/Step6_Trial""","true","0.6000000000000001","0.2","8","0.20000000000000018","true","true","""-503775806""","0.15700734340178213","0.15700734340178213","0.15700734340178213","0","0.15700734340178213"
"1","211","216","1000","1","""HK""","0.02","false","""normal""","1","""constant""","0.1","""Scale-free""","3","0","1","""uniform""","""deterministic-normal""","5","0.20000000000000018","0.4","""normal""","-0.09999999999999998","0.8","false","""/home/ramaswamy.51/Documents/github/Spirals/Media/data/cluster/endsim/BehaviorSearch/Step6_Trial""","true","0.6000000000000001","0.2","8","0.20000000000000018","true","true","""-272016139""","0.16961077930986843","0.16961077930986843","0.16961077930986843","0","0.16961077930986843"
"1","212","216","1000","1","""HK""","0.02","false","""normal""","1","""constant""","0.1","""Scale-free""","3","0","1","""uniform""","""deterministic-normal""","5","0.20000000000000018","0.4","""normal""","-0.09999999999999998","0.8","false","""/home/ramaswamy.51/Documents/github/Spirals/Media/data/cluster/endsim/BehaviorSearch/Step6_Trial""","true","0.6000000000000001","0.2","8","0.20000000000000018","true","true","""46832117""","0.1599106678308027","0.1599106678308027","0.1599106678308027","0","0.1599106678308027"
"1","213","220","1000","1","""HK""","0.15000000000000002","false","""normal""","1","""constant""","0.1","""Scale-free""","3","0","1","""uniform""","""deterministic-normal""","35","0.20000000000000018","0.5","""normal""","-0.09999999999999998","0.8","false","""/home/ramaswamy.51/Documents/github/Spirals/Media/data/cluster/endsim/BehaviorSearch/Step6_Trial""","true","0.6000000000000001","0.30000000000000004","8","0.10000000000000009","true","true","""-1161631118""","0.15180909356214584","0.15180909356214584","0.15180909356214584","0","0.15180909356214584"
"1","214","220","1000","1","""HK""","0.15000000000000002","false","""normal""","1","""constant""","0.1","""Scale-free""","3","0","1","""uniform""","""deterministic-normal""","35","0.20000000000000018","0.5","""normal""","-0.09999999999999998","0.8","false","""/home/ramaswamy.51/Documents/github/Spirals/Media/data/cluster/endsim/BehaviorSearch/Step6_Trial""","true","0.6000000000000001","0.30000000000000004","8","0.10000000000000009","true","true","""-438895805""","0.1614474008718552","0.1614474008718552","0.1614474008718552","0","0.1614474008718552"
"1","215","220","1000","1","""HK""","0.15000000000000002","false","""normal""","1","""constant""","0.1","""Scale-free""","3","0","1","""uniform""","""deterministic-normal""","35","0.20000000000000018","0.5","""normal""","-0.09999999999999998","0.8","false","""/home/ramaswamy.51/Documents/github/Spirals/Media/data/cluster/endsim/BehaviorSearch/Step6_Trial""","true","0.6000000000000001","0.30000000000000004","8","0.10000000000000009","true","true","""-1548466645""","0.17745394752850221","0.17745394752850221","0.17745394752850221","0","0.17745394752850221"
"1","216","220","1000","1","""HK""","0.15000000000000002","false","""normal""","1","""constant""","0.1","""Scale-free""","3","0","1","""uniform""","""deterministic-normal""","35","0.20000000000000018","0.5","""normal""","-0.09999999999999998","0.8","false","""/home/ramaswamy.51/Documents/github/Spirals/Media/data/cluster/endsim/BehaviorSearch/Step6_Trial""","true","0.6000000000000001","0.30000000000000004","8","0.10000000000000009","true","true","""1115868100""","0.18188813705055068","0.18188813705055068","0.18188813705055068","0","0.18188813705055068"
"1","217","224","1000","1","""HK""","0.15000000000000002","false","""normal""","1","""constant""","0.1","""Scale-free""","3","0","1","""uniform""","""deterministic-normal""","35","0.20000000000000018","0.4","""normal""","0.10000000000000009","0.8","false","""/home/ramaswamy.51/Documents/github/Spirals/Media/data/cluster/endsim/BehaviorSearch/Step6_Trial""","true","0","0","4","-0.7","true","true","""-825388160""","0.2462617374740488","0.2462617374740488","0.2462617374740488","0","0.2462617374740488"
"1","218","224","1000","1","""HK""","0.15000000000000002","false","""normal""","1","""constant""","0.1","""Scale-free""","3","0","1","""uniform""","""deterministic-normal""","35","0.20000000000000018","0.4","""normal""","0.10000000000000009","0.8","false","""/home/ramaswamy.51/Documents/github/Spirals/Media/data/cluster/endsim/BehaviorSearch/Step6_Trial""","true","0","0","4","-0.7","true","true","""-1686725918""","0.26188830462899254","0.26188830462899254","0.26188830462899254","0","0.26188830462899254"
"1","219","224","1000","1","""HK""","0.15000000000000002","false","""normal""","1","""constant""","0.1","""Scale-free""","3","0","1","""uniform""","""deterministic-normal""","35","0.20000000000000018","0.4","""normal""","0.10000000000000009","0.8","false","""/home/ramaswamy.51/Documents/github/Spirals/Media/data/cluster/endsim/BehaviorSearch/Step6_Trial""","true","0","0","4","-0.7","true","true","""-2118309957""","0.23770022503367194","0.23770022503367194","0.23770022503367194","0","0.23770022503367194"
"1","220","224","1000","1","""HK""","0.15000000000000002","false","""normal""","1","""constant""","0.1","""Scale-free""","3","0","1","""uniform""","""deterministic-normal""","35","0.20000000000000018","0.4","""normal""","0.10000000000000009","0.8","false","""/home/ramaswamy.51/Documents/github/Spirals/Media/data/cluster/endsim/BehaviorSearch/Step6_Trial""","true","0","0","4","-0.7","true","true","""958844494""","0.25156876132470457","0.25156876132470457","0.25156876132470457","0","0.25156876132470457"
"1","221","228","1000","1","""HK""","0.08","false","""normal""","1","""constant""","0.4","""Scale-free""","1","0","1","""uniform""","""deterministic-normal""","45","0.6000000000000001","1","""normal""","0.40000000000000013","1","false","""/home/ramaswamy.51/Documents/github/Spirals/Media/data/cluster/endsim/BehaviorSearch/Step6_Trial""","true","0.6000000000000001","0.4","0","0.8","true","true","""-2061287434""","0.18784831589024464","0.18784831589024464","0.18784831589024464","0","0.18784831589024464"
"1","222","228","1000","1","""HK""","0.08","false","""normal""","1","""constant""","0.4","""Scale-free""","1","0","1","""uniform""","""deterministic-normal""","45","0.6000000000000001","1","""normal""","0.40000000000000013","1","false","""/home/ramaswamy.51/Documents/github/Spirals/Media/data/cluster/endsim/BehaviorSearch/Step6_Trial""","true","0.6000000000000001","0.4","0","0.8","true","true","""1508250558""","0.19413404447848345","0.19413404447848345","0.19413404447848345","0","0.19413404447848345"
"1","223","228","1000","1","""HK""","0.08","false","""normal""","1","""constant""","0.4","""Scale-free""","1","0","1","""uniform""","""deterministic-normal""","45","0.6000000000000001","1","""normal""","0.40000000000000013","1","false","""/home/ramaswamy.51/Documents/github/Spirals/Media/data/cluster/endsim/BehaviorSearch/Step6_Trial""","true","0.6000000000000001","0.4","0","0.8","true","true","""892289702""","0.18376492118181043","0.18376492118181043","0.18376492118181043","0","0.18376492118181043"
"1","224","228","1000","1","""HK""","0.08","false","""normal""","1","""constant""","0.4","""Scale-free""","1","0","1","""uniform""","""deterministic-normal""","45","0.6000000000000001","1","""normal""","0.40000000000000013","1","false","""/home/ramaswamy.51/Documents/github/Spirals/Media/data/cluster/endsim/BehaviorSearch/Step6_Trial""","true","0.6000000000000001","0.4","0","0.8","true","true","""1755234404""","0.15943632365811564","0.15943632365811564","0.15943632365811564","0","0.15943632365811564"
"1","225","232","1000","1","""HK""","0.08","false","""normal""","1","""constant""","0.1","""Scale-free""","3","0","1","""uniform""","""deterministic-normal""","0","0.7000000000000002","0.5","""normal""","1","1","false","""/home/ramaswamy.51/Documents/github/Spirals/Media/data/cluster/endsim/BehaviorSearch/Step6_Trial""","true","0","0.5","8","1","true","true","""124853565""","0.19944467284050565","0.19944467284050565","0.19944467284050565","0","0.19944467284050565"
"1","226","232","1000","1","""HK""","0.08","false","""normal""","1","""constant""","0.1","""Scale-free""","3","0","1","""uniform""","""deterministic-normal""","0","0.7000000000000002","0.5","""normal""","1","1","false","""/home/ramaswamy.51/Documents/github/Spirals/Media/data/cluster/endsim/BehaviorSearch/Step6_Trial""","true","0","0.5","8","1","true","true","""-30106204""","0.1700647650195054","0.1700647650195054","0.1700647650195054","0","0.1700647650195054"
"1","227","232","1000","1","""HK""","0.08","false","""normal""","1","""constant""","0.1","""Scale-free""","3","0","1","""uniform""","""deterministic-normal""","0","0.7000000000000002","0.5","""normal""","1","1","false","""/home/ramaswamy.51/Documents/github/Spirals/Media/data/cluster/endsim/BehaviorSearch/Step6_Trial""","true","0","0.5","8","1","true","true","""897316586""","0.20529364908158237","0.20529364908158237","0.20529364908158237","0","0.20529364908158237"
"1","228","232","1000","1","""HK""","0.08","false","""normal""","1","""constant""","0.1","""Scale-free""","3","0","1","""uniform""","""deterministic-normal""","0","0.7000000000000002","0.5","""normal""","1","1","false","""/home/ramaswamy.51/Documents/github/Spirals/Media/data/cluster/endsim/BehaviorSearch/Step6_Trial""","true","0","0.5","8","1","true","true","""1130637897""","0.19296009429886626","0.19296009429886626","0.19296009429886626","0","0.19296009429886626"
"1","229","236","1000","1","""HK""","0.08","false","""normal""","1","""constant""","0.2","""Scale-free""","2","0","1","""uniform""","""deterministic-normal""","10","0.30000000000000004","0.5","""normal""","-0.09999999999999998","0.8","false","""/home/ramaswamy.51/Documents/github/Spirals/Media/data/cluster/endsim/BehaviorSearch/Step6_Trial""","true","0.6000000000000001","0.4","9","0","true","true","""1791785805""","0.14593125352526443","0.14593125352526443","0.14593125352526443","0","0.14593125352526443"
"1","230","236","1000","1","""HK""","0.08","false","""normal""","1","""constant""","0.2","""Scale-free""","2","0","1","""uniform""","""deterministic-normal""","10","0.30000000000000004","0.5","""normal""","-0.09999999999999998","0.8","false","""/home/ramaswamy.51/Documents/github/Spirals/Media/data/cluster/endsim/BehaviorSearch/Step6_Trial""","true","0.6000000000000001","0.4","9","0","true","true","""-65722354""","0.14897958701772776","0.14897958701772776","0.14897958701772776","0","0.14897958701772776"
"1","231","236","1000","1","""HK""","0.08","false","""normal""","1","""constant""","0.2","""Scale-free""","2","0","1","""uniform""","""deterministic-normal""","10","0.30000000000000004","0.5","""normal""","-0.09999999999999998","0.8","false","""/home/ramaswamy.51/Documents/github/Spirals/Media/data/cluster/endsim/BehaviorSearch/Step6_Trial""","true","0.6000000000000001","0.4","9","0","true","true","""-64370651""","0.1321734444047973","0.1321734444047973","0.1321734444047973","0","0.1321734444047973"
"1","232","236","1000","1","""HK""","0.08","false","""normal""","1","""constant""","0.2","""Scale-free""","2","0","1","""uniform""","""deterministic-normal""","10","0.30000000000000004","0.5","""normal""","-0.09999999999999998","0.8","false","""/home/ramaswamy.51/Documents/github/Spirals/Media/data/cluster/endsim/BehaviorSearch/Step6_Trial""","true","0.6000000000000001","0.4","9","0","true","true","""221592592""","0.16836327879643195","0.16836327879643195","0.16836327879643195","0","0.16836327879643195"
"1","233","240","1000","1","""HK""","0.08","false","""normal""","1","""constant""","0.2","""Scale-free""","2","0","1","""uniform""","""deterministic-normal""","5","0.30000000000000004","0.4","""normal""","-0.09999999999999998","0.8","false","""/home/ramaswamy.51/Documents/github/Spirals/Media/data/cluster/endsim/BehaviorSearch/Step6_Trial""","true","0.6000000000000001","0.4","8","1","true","true","""1722933513""","0.17144521162570073","0.17144521162570073","0.17144521162570073","0","0.17144521162570073"
"1","234","240","1000","1","""HK""","0.08","false","""normal""","1","""constant""","0.2","""Scale-free""","2","0","1","""uniform""","""deterministic-normal""","5","0.30000000000000004","0.4","""normal""","-0.09999999999999998","0.8","false","""/home/ramaswamy.51/Documents/github/Spirals/Media/data/cluster/endsim/BehaviorSearch/Step6_Trial""","true","0.6000000000000001","0.4","8","1","true","true","""-225376115""","0.16486923849208024","0.16486923849208024","0.16486923849208024","0","0.16486923849208024"
"1","235","240","1000","1","""HK""","0.08","false","""normal""","1","""constant""","0.2","""Scale-free""","2","0","1","""uniform""","""deterministic-normal""","5","0.30000000000000004","0.4","""normal""","-0.09999999999999998","0.8","false","""/home/ramaswamy.51/Documents/github/Spirals/Media/data/cluster/endsim/BehaviorSearch/Step6_Trial""","true","0.6000000000000001","0.4","8","1","true","true","""163312641""","0.15585920215709814","0.15585920215709814","0.15585920215709814","0","0.15585920215709814"
"1","236","240","1000","1","""HK""","0.08","false","""normal""","1","""constant""","0.2","""Scale-free""","2","0","1","""uniform""","""deterministic-normal""","5","0.30000000000000004","0.4","""normal""","-0.09999999999999998","0.8","false","""/home/ramaswamy.51/Documents/github/Spirals/Media/data/cluster/endsim/BehaviorSearch/Step6_Trial""","true","0.6000000000000001","0.4","8","1","true","true","""-2146885801""","0.17290868025360376","0.17290868025360376","0.17290868025360376","0","0.17290868025360376"
"1","237","244","1000","1","""HK""","0.02","false","""normal""","1","""constant""","0.1","""Scale-free""","3","0","1","""uniform""","""deterministic-normal""","5","0.20000000000000018","0.4","""normal""","-0.09999999999999998","0.7000000000000001","false","""/home/ramaswamy.51/Documents/github/Spirals/Media/data/cluster/endsim/BehaviorSearch/Step6_Trial""","true","0.6000000000000001","0.2","8","0.20000000000000018","true","true","""1945635173""","0.15592303389296694","0.15592303389296694","0.15592303389296694","0","0.15592303389296694"
"1","238","244","1000","1","""HK""","0.02","false","""normal""","1","""constant""","0.1","""Scale-free""","3","0","1","""uniform""","""deterministic-normal""","5","0.20000000000000018","0.4","""normal""","-0.09999999999999998","0.7000000000000001","false","""/home/ramaswamy.51/Documents/github/Spirals/Media/data/cluster/endsim/BehaviorSearch/Step6_Trial""","true","0.6000000000000001","0.2","8","0.20000000000000018","true","true","""-107326764""","0.15413653825619691","0.15413653825619691","0.15413653825619691","0","0.15413653825619691"
"1","239","244","1000","1","""HK""","0.02","false","""normal""","1","""constant""","0.1","""Scale-free""","3","0","1","""uniform""","""deterministic-normal""","5","0.20000000000000018","0.4","""normal""","-0.09999999999999998","0.7000000000000001","false","""/home/ramaswamy.51/Documents/github/Spirals/Media/data/cluster/endsim/BehaviorSearch/Step6_Trial""","true","0.6000000000000001","0.2","8","0.20000000000000018","true","true","""-436844659""","0.15880371858305756","0.15880371858305756","0.15880371858305756","0","0.15880371858305756"
"1","240","244","1000","1","""HK""","0.02","false","""normal""","1","""constant""","0.1","""Scale-free""","3","0","1","""uniform""","""deterministic-normal""","5","0.20000000000000018","0.4","""normal""","-0.09999999999999998","0.7000000000000001","false","""/home/ramaswamy.51/Documents/github/Spirals/Media/data/cluster/endsim/BehaviorSearch/Step6_Trial""","true","0.6000000000000001","0.2","8","0.20000000000000018","true","true","""-263824671""","0.1421442967254752","0.1421442967254752","0.1421442967254752","0","0.1421442967254752"
"1","241","248","1000","1","""HK""","0.06999999999999999","false","""normal""","1","""constant""","0.1","""Scale-free""","3","0","1","""uniform""","""deterministic-normal""","0","0.9000000000000001","0.4","""normal""","1","0.8","false","""/home/ramaswamy.51/Documents/github/Spirals/Media/data/cluster/endsim/BehaviorSearch/Step6_Trial""","true","0.6000000000000001","0.2","7","0.20000000000000018","true","true","""1890606889""","0.2872925209512323","0.2872925209512323","0.2872925209512323","0","0.2872925209512323"
"1","242","248","1000","1","""HK""","0.06999999999999999","false","""normal""","1","""constant""","0.1","""Scale-free""","3","0","1","""uniform""","""deterministic-normal""","0","0.9000000000000001","0.4","""normal""","1","0.8","false","""/home/ramaswamy.51/Documents/github/Spirals/Media/data/cluster/endsim/BehaviorSearch/Step6_Trial""","true","0.6000000000000001","0.2","7","0.20000000000000018","true","true","""1464830850""","0.31914890597005885","0.31914890597005885","0.31914890597005885","0","0.31914890597005885"
"1","243","248","1000","1","""HK""","0.06999999999999999","false","""normal""","1","""constant""","0.1","""Scale-free""","3","0","1","""uniform""","""deterministic-normal""","0","0.9000000000000001","0.4","""normal""","1","0.8","false","""/home/ramaswamy.51/Documents/github/Spirals/Media/data/cluster/endsim/BehaviorSearch/Step6_Trial""","true","0.6000000000000001","0.2","7","0.20000000000000018","true","true","""-312887246""","0.3039365012154338","0.3039365012154338","0.3039365012154338","0","0.3039365012154338"
"1","244","248","1000","1","""HK""","0.06999999999999999","false","""normal""","1","""constant""","0.1","""Scale-free""","3","0","1","""uniform""","""deterministic-normal""","0","0.9000000000000001","0.4","""normal""","1","0.8","false","""/home/ramaswamy.51/Documents/github/Spirals/Media/data/cluster/endsim/BehaviorSearch/Step6_Trial""","true","0.6000000000000001","0.2","7","0.20000000000000018","true","true","""1824711805""","0.32214089228404313","0.32214089228404313","0.32214089228404313","0","0.32214089228404313"
"1","245","252","1000","1","""HK""","0.08","false","""normal""","1","""constant""","0.1","""Scale-free""","2","0","1","""uniform""","""deterministic-normal""","0","0.20000000000000018","0.4","""normal""","-0.09999999999999998","0.6000000000000001","false","""/home/ramaswamy.51/Documents/github/Spirals/Media/data/cluster/endsim/BehaviorSearch/Step6_Trial""","true","0.4","0.4","9","0","true","true","""283255183""","0.13678658291729665","0.13678658291729665","0.13678658291729665","0","0.13678658291729665"
"1","246","252","1000","1","""HK""","0.08","false","""normal""","1","""constant""","0.1","""Scale-free""","2","0","1","""uniform""","""deterministic-normal""","0","0.20000000000000018","0.4","""normal""","-0.09999999999999998","0.6000000000000001","false","""/home/ramaswamy.51/Documents/github/Spirals/Media/data/cluster/endsim/BehaviorSearch/Step6_Trial""","true","0.4","0.4","9","0","true","true","""860531532""","0.14234601295026478","0.14234601295026478","0.14234601295026478","0","0.14234601295026478"
"1","247","252","1000","1","""HK""","0.08","false","""normal""","1","""constant""","0.1","""Scale-free""","2","0","1","""uniform""","""deterministic-normal""","0","0.20000000000000018","0.4","""normal""","-0.09999999999999998","0.6000000000000001","false","""/home/ramaswamy.51/Documents/github/Spirals/Media/data/cluster/endsim/BehaviorSearch/Step6_Trial""","true","0.4","0.4","9","0","true","true","""544825466""","0.13652498993648154","0.13652498993648154","0.13652498993648154","0","0.13652498993648154"
"1","248","252","1000","1","""HK""","0.08","false","""normal""","1","""constant""","0.1","""Scale-free""","2","0","1","""uniform""","""deterministic-normal""","0","0.20000000000000018","0.4","""normal""","-0.09999999999999998","0.6000000000000001","false","""/home/ramaswamy.51/Documents/github/Spirals/Media/data/cluster/endsim/BehaviorSearch/Step6_Trial""","true","0.4","0.4","9","0","true","true","""2120316872""","0.13006412437689557","0.13006412437689557","0.13006412437689557","0","0.13006412437689557"
"1","249","256","1000","1","""HK""","0.08","false","""normal""","1","""constant""","0","""Scale-free""","3","0","1","""uniform""","""deterministic-normal""","0","0.8","0.5","""normal""","1","1","false","""/home/ramaswamy.51/Documents/github/Spirals/Media/data/cluster/endsim/BehaviorSearch/Step6_Trial""","true","0","0.5","8","1","true","true","""169352327""","0.30700860624061477","0.30700860624061477","0.30700860624061477","0","0.30700860624061477"
"1","250","256","1000","1","""HK""","0.08","false","""normal""","1","""constant""","0","""Scale-free""","3","0","1","""uniform""","""deterministic-normal""","0","0.8","0.5","""normal""","1","1","false","""/home/ramaswamy.51/Documents/github/Spirals/Media/data/cluster/endsim/BehaviorSearch/Step6_Trial""","true","0","0.5","8","1","true","true","""563969336""","0.29956066697734146","0.29956066697734146","0.29956066697734146","0","0.29956066697734146"
"1","251","256","1000","1","""HK""","0.08","false","""normal""","1","""constant""","0","""Scale-free""","3","0","1","""uniform""","""deterministic-normal""","0","0.8","0.5","""normal""","1","1","false","""/home/ramaswamy.51/Documents/github/Spirals/Media/data/cluster/endsim/BehaviorSearch/Step6_Trial""","true","0","0.5","8","1","true","true","""2128189881""","0.3040787434642729","0.3040787434642729","0.3040787434642729","0","0.3040787434642729"
"1","252","256","1000","1","""HK""","0.08","false","""normal""","1","""constant""","0","""Scale-free""","3","0","1","""uniform""","""deterministic-normal""","0","0.8","0.5","""normal""","1","1","false","""/home/ramaswamy.51/Documents/github/Spirals/Media/data/cluster/endsim/BehaviorSearch/Step6_Trial""","true","0","0.5","8","1","true","true","""449392380""","0.3007540099286992","0.3007540099286992","0.3007540099286992","0","0.3007540099286992"
"1","253","260","1000","1","""HK""","0.08","false","""normal""","1","""constant""","0.1","""Scale-free""","2","0","1","""uniform""","""deterministic-normal""","45","0.30000000000000004","1","""normal""","0.20000000000000018","0.4","false","""/home/ramaswamy.51/Documents/github/Spirals/Media/data/cluster/endsim/BehaviorSearch/Step6_Trial""","true","0.8","0.30000000000000004","0","0.40000000000000013","true","true","""-97402930""","0.2473689413821897","0.2473689413821897","0.2473689413821897","0","0.2473689413821897"
"1","254","260","1000","1","""HK""","0.08","false","""normal""","1","""constant""","0.1","""Scale-free""","2","0","1","""uniform""","""deterministic-normal""","45","0.30000000000000004","1","""normal""","0.20000000000000018","0.4","false","""/home/ramaswamy.51/Documents/github/Spirals/Media/data/cluster/endsim/BehaviorSearch/Step6_Trial""","true","0.8","0.30000000000000004","0","0.40000000000000013","true","true","""-324027424""","0.24018428870713054","0.24018428870713054","0.24018428870713054","0","0.24018428870713054"
"1","255","260","1000","1","""HK""","0.08","false","""normal""","1","""constant""","0.1","""Scale-free""","2","0","1","""uniform""","""deterministic-normal""","45","0.30000000000000004","1","""normal""","0.20000000000000018","0.4","false","""/home/ramaswamy.51/Documents/github/Spirals/Media/data/cluster/endsim/BehaviorSearch/Step6_Trial""","true","0.8","0.30000000000000004","0","0.40000000000000013","true","true","""-964964313""","0.2365568933930362","0.2365568933930362","0.2365568933930362","0","0.2365568933930362"
"1","256","260","1000","1","""HK""","0.08","false","""normal""","1","""constant""","0.1","""Scale-free""","2","0","1","""uniform""","""deterministic-normal""","45","0.30000000000000004","1","""normal""","0.20000000000000018","0.4","false","""/home/ramaswamy.51/Documents/github/Spirals/Media/data/cluster/endsim/BehaviorSearch/Step6_Trial""","true","0.8","0.30000000000000004","0","0.40000000000000013","true","true","""279726241""","0.25174497501609566","0.25174497501609566","0.25174497501609566","0","0.25174497501609566"
"1","257","264","1000","1","""HK""","0.08","false","""normal""","1","""constant""","0.4","""Scale-free""","1","0","1","""uniform""","""deterministic-normal""","45","0.30000000000000004","1","""normal""","0.40000000000000013","1","false","""/home/ramaswamy.51/Documents/github/Spirals/Media/data/cluster/endsim/BehaviorSearch/Step6_Trial""","true","0.6000000000000001","0.4","0","0.8","true","true","""-364552801""","0.17627353728064485","0.17627353728064485","0.17627353728064485","0","0.17627353728064485"
"1","258","264","1000","1","""HK""","0.08","false","""normal""","1","""constant""","0.4","""Scale-free""","1","0","1","""uniform""","""deterministic-normal""","45","0.30000000000000004","1","""normal""","0.40000000000000013","1","false","""/home/ramaswamy.51/Documents/github/Spirals/Media/data/cluster/endsim/BehaviorSearch/Step6_Trial""","true","0.6000000000000001","0.4","0","0.8","true","true","""1795798124""","0.19017654280504392","0.19017654280504392","0.19017654280504392","0","0.19017654280504392"
"1","259","264","1000","1","""HK""","0.08","false","""normal""","1","""constant""","0.4","""Scale-free""","1","0","1","""uniform""","""deterministic-normal""","45","0.30000000000000004","1","""normal""","0.40000000000000013","1","false","""/home/ramaswamy.51/Documents/github/Spirals/Media/data/cluster/endsim/BehaviorSearch/Step6_Trial""","true","0.6000000000000001","0.4","0","0.8","true","true","""1928422866""","0.1534322734359409","0.1534322734359409","0.1534322734359409","0","0.1534322734359409"
"1","260","264","1000","1","""HK""","0.08","false","""normal""","1","""constant""","0.4","""Scale-free""","1","0","1","""uniform""","""deterministic-normal""","45","0.30000000000000004","1","""normal""","0.40000000000000013","1","false","""/home/ramaswamy.51/Documents/github/Spirals/Media/data/cluster/endsim/BehaviorSearch/Step6_Trial""","true","0.6000000000000001","0.4","0","0.8","true","true","""1908129065""","0.17271155440001698","0.17271155440001698","0.17271155440001698","0","0.17271155440001698"
"1","261","268","1000","1","""HK""","0.06999999999999999","false","""normal""","1","""constant""","0.1","""Scale-free""","3","0","1","""uniform""","""deterministic-normal""","5","0.30000000000000004","0.6000000000000001","""normal""","-0.7","0.8","false","""/home/ramaswamy.51/Documents/github/Spirals/Media/data/cluster/endsim/BehaviorSearch/Step6_Trial""","true","0.4","1","4","0.10000000000000009","true","true","""824577453""","0.18472586663491972","0.18472586663491972","0.18472586663491972","0","0.18472586663491972"
"1","262","268","1000","1","""HK""","0.06999999999999999","false","""normal""","1","""constant""","0.1","""Scale-free""","3","0","1","""uniform""","""deterministic-normal""","5","0.30000000000000004","0.6000000000000001","""normal""","-0.7","0.8","false","""/home/ramaswamy.51/Documents/github/Spirals/Media/data/cluster/endsim/BehaviorSearch/Step6_Trial""","true","0.4","1","4","0.10000000000000009","true","true","""-1167559099""","0.18738692968290752","0.18738692968290752","0.18738692968290752","0","0.18738692968290752"
"1","263","268","1000","1","""HK""","0.06999999999999999","false","""normal""","1","""constant""","0.1","""Scale-free""","3","0","1","""uniform""","""deterministic-normal""","5","0.30000000000000004","0.6000000000000001","""normal""","-0.7","0.8","false","""/home/ramaswamy.51/Documents/github/Spirals/Media/data/cluster/endsim/BehaviorSearch/Step6_Trial""","true","0.4","1","4","0.10000000000000009","true","true","""554526108""","0.18427194789360818","0.18427194789360818","0.18427194789360818","0","0.18427194789360818"
"1","264","268","1000","1","""HK""","0.06999999999999999","false","""normal""","1","""constant""","0.1","""Scale-free""","3","0","1","""uniform""","""deterministic-normal""","5","0.30000000000000004","0.6000000000000001","""normal""","-0.7","0.8","false","""/home/ramaswamy.51/Documents/github/Spirals/Media/data/cluster/endsim/BehaviorSearch/Step6_Trial""","true","0.4","1","4","0.10000000000000009","true","true","""-1662393328""","0.17087565410798325","0.17087565410798325","0.17087565410798325","0","0.17087565410798325"
"1","265","272","1000","1","""HK""","0.05","false","""normal""","1","""constant""","0.1","""Scale-free""","2","0","1","""uniform""","""deterministic-normal""","0","0.20000000000000018","0.4","""normal""","-0.09999999999999998","0.6000000000000001","false","""/home/ramaswamy.51/Documents/github/Spirals/Media/data/cluster/endsim/BehaviorSearch/Step6_Trial""","true","0.4","0.4","9","0","true","true","""-814368191""","0.10022772839267556","0.10022772839267556","0.10022772839267556","0","0.10022772839267556"
"1","266","272","1000","1","""HK""","0.05","false","""normal""","1","""constant""","0.1","""Scale-free""","2","0","1","""uniform""","""deterministic-normal""","0","0.20000000000000018","0.4","""normal""","-0.09999999999999998","0.6000000000000001","false","""/home/ramaswamy.51/Documents/github/Spirals/Media/data/cluster/endsim/BehaviorSearch/Step6_Trial""","true","0.4","0.4","9","0","true","true","""1361326755""","0.1170166861108344","0.1170166861108344","0.1170166861108344","0","0.1170166861108344"
"1","267","272","1000","1","""HK""","0.05","false","""normal""","1","""constant""","0.1","""Scale-free""","2","0","1","""uniform""","""deterministic-normal""","0","0.20000000000000018","0.4","""normal""","-0.09999999999999998","0.6000000000000001","false","""/home/ramaswamy.51/Documents/github/Spirals/Media/data/cluster/endsim/BehaviorSearch/Step6_Trial""","true","0.4","0.4","9","0","true","true","""-1989898244""","0.11155174126039184","0.11155174126039184","0.11155174126039184","0","0.11155174126039184"
"1","268","272","1000","1","""HK""","0.05","false","""normal""","1","""constant""","0.1","""Scale-free""","2","0","1","""uniform""","""deterministic-normal""","0","0.20000000000000018","0.4","""normal""","-0.09999999999999998","0.6000000000000001","false","""/home/ramaswamy.51/Documents/github/Spirals/Media/data/cluster/endsim/BehaviorSearch/Step6_Trial""","true","0.4","0.4","9","0","true","true","""-1150373799""","0.11962181109636501","0.11962181109636501","0.11962181109636501","0","0.11962181109636501"
"1","269","276","1000","1","""HK""","0.08","false","""normal""","1","""constant""","0.2","""Scale-free""","2","0","1","""uniform""","""deterministic-normal""","0","0.30000000000000004","0.4","""normal""","0.10000000000000009","0.8","false","""/home/ramaswamy.51/Documents/github/Spirals/Media/data/cluster/endsim/BehaviorSearch/Step6_Trial""","true","0.5","0.4","9","0.10000000000000009","true","true","""993548215""","0.19934270643003152","0.19934270643003152","0.19934270643003152","0","0.19934270643003152"
"1","270","276","1000","1","""HK""","0.08","false","""normal""","1","""constant""","0.2","""Scale-free""","2","0","1","""uniform""","""deterministic-normal""","0","0.30000000000000004","0.4","""normal""","0.10000000000000009","0.8","false","""/home/ramaswamy.51/Documents/github/Spirals/Media/data/cluster/endsim/BehaviorSearch/Step6_Trial""","true","0.5","0.4","9","0.10000000000000009","true","true","""1539162701""","0.18849255171153792","0.18849255171153792","0.18849255171153792","0","0.18849255171153792"
"1","271","276","1000","1","""HK""","0.08","false","""normal""","1","""constant""","0.2","""Scale-free""","2","0","1","""uniform""","""deterministic-normal""","0","0.30000000000000004","0.4","""normal""","0.10000000000000009","0.8","false","""/home/ramaswamy.51/Documents/github/Spirals/Media/data/cluster/endsim/BehaviorSearch/Step6_Trial""","true","0.5","0.4","9","0.10000000000000009","true","true","""-2048969162""","0.18474696318784567","0.18474696318784567","0.18474696318784567","0","0.18474696318784567"
"1","272","276","1000","1","""HK""","0.08","false","""normal""","1","""constant""","0.2","""Scale-free""","2","0","1","""uniform""","""deterministic-normal""","0","0.30000000000000004","0.4","""normal""","0.10000000000000009","0.8","false","""/home/ramaswamy.51/Documents/github/Spirals/Media/data/cluster/endsim/BehaviorSearch/Step6_Trial""","true","0.5","0.4","9","0.10000000000000009","true","true","""1949886850""","0.18929464476868607","0.18929464476868607","0.18929464476868607","0","0.18929464476868607"
"1","273","280","1000","1","""HK""","0.08","false","""normal""","1","""constant""","0.1","""Scale-free""","3","0","1","""uniform""","""deterministic-normal""","10","0.10000000000000009","0.5","""normal""","-0.09999999999999998","0.7000000000000001","false","""/home/ramaswamy.51/Documents/github/Spirals/Media/data/cluster/endsim/BehaviorSearch/Step6_Trial""","true","0.6000000000000001","0.2","8","0.20000000000000018","true","true","""-1301803352""","0.17963002375512233","0.17963002375512233","0.17963002375512233","0","0.17963002375512233"
"1","274","280","1000","1","""HK""","0.08","false","""normal""","1","""constant""","0.1","""Scale-free""","3","0","1","""uniform""","""deterministic-normal""","10","0.10000000000000009","0.5","""normal""","-0.09999999999999998","0.7000000000000001","false","""/home/ramaswamy.51/Documents/github/Spirals/Media/data/cluster/endsim/BehaviorSearch/Step6_Trial""","true","0.6000000000000001","0.2","8","0.20000000000000018","true","true","""1961032679""","0.14763210915780933","0.14763210915780933","0.14763210915780933","0","0.14763210915780933"
"1","275","280","1000","1","""HK""","0.08","false","""normal""","1","""constant""","0.1","""Scale-free""","3","0","1","""uniform""","""deterministic-normal""","10","0.10000000000000009","0.5","""normal""","-0.09999999999999998","0.7000000000000001","false","""/home/ramaswamy.51/Documents/github/Spirals/Media/data/cluster/endsim/BehaviorSearch/Step6_Trial""","true","0.6000000000000001","0.2","8","0.20000000000000018","true","true","""1143093066""","0.18533767661489667","0.18533767661489667","0.18533767661489667","0","0.18533767661489667"
"1","276","280","1000","1","""HK""","0.08","false","""normal""","1","""constant""","0.1","""Scale-free""","3","0","1","""uniform""","""deterministic-normal""","10","0.10000000000000009","0.5","""normal""","-0.09999999999999998","0.7000000000000001","false","""/home/ramaswamy.51/Documents/github/Spirals/Media/data/cluster/endsim/BehaviorSearch/Step6_Trial""","true","0.6000000000000001","0.2","8","0.20000000000000018","true","true","""-489833121""","0.1953474255722532","0.1953474255722532","0.1953474255722532","0","0.1953474255722532"
"1","277","284","1000","1","""HK""","0.02","false","""normal""","1","""constant""","0.1","""Scale-free""","3","0","1","""uniform""","""deterministic-normal""","0","0.10000000000000009","0.4","""normal""","-0.09999999999999998","0.6000000000000001","false","""/home/ramaswamy.51/Documents/github/Spirals/Media/data/cluster/endsim/BehaviorSearch/Step6_Trial""","true","0.6000000000000001","0.4","9","0","true","true","""1561417790""","0.15908100764609379","0.15908100764609379","0.15908100764609379","0","0.15908100764609379"
"1","278","284","1000","1","""HK""","0.02","false","""normal""","1","""constant""","0.1","""Scale-free""","3","0","1","""uniform""","""deterministic-normal""","0","0.10000000000000009","0.4","""normal""","-0.09999999999999998","0.6000000000000001","false","""/home/ramaswamy.51/Documents/github/Spirals/Media/data/cluster/endsim/BehaviorSearch/Step6_Trial""","true","0.6000000000000001","0.4","9","0","true","true","""26154335""","0.17132213312590092","0.17132213312590092","0.17132213312590092","0","0.17132213312590092"
"1","279","284","1000","1","""HK""","0.02","false","""normal""","1","""constant""","0.1","""Scale-free""","3","0","1","""uniform""","""deterministic-normal""","0","0.10000000000000009","0.4","""normal""","-0.09999999999999998","0.6000000000000001","false","""/home/ramaswamy.51/Documents/github/Spirals/Media/data/cluster/endsim/BehaviorSearch/Step6_Trial""","true","0.6000000000000001","0.4","9","0","true","true","""-634705422""","0.14954858287360287","0.14954858287360287","0.14954858287360287","0","0.14954858287360287"
"1","280","284","1000","1","""HK""","0.02","false","""normal""","1","""constant""","0.1","""Scale-free""","3","0","1","""uniform""","""deterministic-normal""","0","0.10000000000000009","0.4","""normal""","-0.09999999999999998","0.6000000000000001","false","""/home/ramaswamy.51/Documents/github/Spirals/Media/data/cluster/endsim/BehaviorSearch/Step6_Trial""","true","0.6000000000000001","0.4","9","0","true","true","""1275423845""","0.17707152951540978","0.17707152951540978","0.17707152951540978","0","0.17707152951540978"
"1","281","288","1000","1","""HK""","0.08","false","""normal""","1","""constant""","0.2","""Scale-free""","1","0","1","""uniform""","""deterministic-normal""","5","0.30000000000000004","0.4","""normal""","-0.29999999999999993","1","false","""/home/ramaswamy.51/Documents/github/Spirals/Media/data/cluster/endsim/BehaviorSearch/Step6_Trial""","true","0.6000000000000001","0.5","6","-0.29999999999999993","true","true","""1521535821""","0.14519805960889348","0.14519805960889348","0.14519805960889348","0","0.14519805960889348"
"1","282","288","1000","1","""HK""","0.08","false","""normal""","1","""constant""","0.2","""Scale-free""","1","0","1","""uniform""","""deterministic-normal""","5","0.30000000000000004","0.4","""normal""","-0.29999999999999993","1","false","""/home/ramaswamy.51/Documents/github/Spirals/Media/data/cluster/endsim/BehaviorSearch/Step6_Trial""","true","0.6000000000000001","0.5","6","-0.29999999999999993","true","true","""292285000""","0.13112254040896884","0.13112254040896884","0.13112254040896884","0","0.13112254040896884"
"1","283","288","1000","1","""HK""","0.08","false","""normal""","1","""constant""","0.2","""Scale-free""","1","0","1","""uniform""","""deterministic-normal""","5","0.30000000000000004","0.4","""normal""","-0.29999999999999993","1","false","""/home/ramaswamy.51/Documents/github/Spirals/Media/data/cluster/endsim/BehaviorSearch/Step6_Trial""","true","0.6000000000000001","0.5","6","-0.29999999999999993","true","true","""-259622501""","0.14919332979549602","0.14919332979549602","0.14919332979549602","0","0.14919332979549602"
"1","284","288","1000","1","""HK""","0.08","false","""normal""","1","""constant""","0.2","""Scale-free""","1","0","1","""uniform""","""deterministic-normal""","5","0.30000000000000004","0.4","""normal""","-0.29999999999999993","1","false","""/home/ramaswamy.51/Documents/github/Spirals/Media/data/cluster/endsim/BehaviorSearch/Step6_Trial""","true","0.6000000000000001","0.5","6","-0.29999999999999993","true","true","""1288522058""","0.15983779661560113","0.15983779661560113","0.15983779661560113","0","0.15983779661560113"
"1","285","292","1000","1","""HK""","0.06999999999999999","false","""normal""","1","""constant""","0.2","""Scale-free""","3","0","1","""uniform""","""deterministic-normal""","0","1","0.4","""normal""","1","0.8","false","""/home/ramaswamy.51/Documents/github/Spirals/Media/data/cluster/endsim/BehaviorSearch/Step6_Trial""","true","0","0.5","8","0.5","true","true","""2120974865""","0.2668855206467983","0.2668855206467983","0.2668855206467983","0","0.2668855206467983"
"1","286","292","1000","1","""HK""","0.06999999999999999","false","""normal""","1","""constant""","0.2","""Scale-free""","3","0","1","""uniform""","""deterministic-normal""","0","1","0.4","""normal""","1","0.8","false","""/home/ramaswamy.51/Documents/github/Spirals/Media/data/cluster/endsim/BehaviorSearch/Step6_Trial""","true","0","0.5","8","0.5","true","true","""-577819535""","0.2651993049691914","0.2651993049691914","0.2651993049691914","0","0.2651993049691914"
"1","287","292","1000","1","""HK""","0.06999999999999999","false","""normal""","1","""constant""","0.2","""Scale-free""","3","0","1","""uniform""","""deterministic-normal""","0","1","0.4","""normal""","1","0.8","false","""/home/ramaswamy.51/Documents/github/Spirals/Media/data/cluster/endsim/BehaviorSearch/Step6_Trial""","true","0","0.5","8","0.5","true","true","""395227492""","0.2756003959404059","0.2756003959404059","0.2756003959404059","0","0.2756003959404059"
"1","288","292","1000","1","""HK""","0.06999999999999999","false","""normal""","1","""constant""","0.2","""Scale-free""","3","0","1","""uniform""","""deterministic-normal""","0","1","0.4","""normal""","1","0.8","false","""/home/ramaswamy.51/Documents/github/Spirals/Media/data/cluster/endsim/BehaviorSearch/Step6_Trial""","true","0","0.5","8","0.5","true","true","""955980300""","0.2729553649320084","0.2729553649320084","0.2729553649320084","0","0.2729553649320084"
"1","289","296","1000","1","""HK""","0.05","false","""normal""","1","""constant""","0.1","""Scale-free""","2","0","1","""uniform""","""deterministic-normal""","5","0.30000000000000004","0.4","""normal""","-0.29999999999999993","0.8","false","""/home/ramaswamy.51/Documents/github/Spirals/Media/data/cluster/endsim/BehaviorSearch/Step6_Trial""","true","0.6000000000000001","0.30000000000000004","8","0","true","true","""139374317""","0.18652580879233566","0.18652580879233566","0.18652580879233566","0","0.18652580879233566"
"1","290","296","1000","1","""HK""","0.05","false","""normal""","1","""constant""","0.1","""Scale-free""","2","0","1","""uniform""","""deterministic-normal""","5","0.30000000000000004","0.4","""normal""","-0.29999999999999993","0.8","false","""/home/ramaswamy.51/Documents/github/Spirals/Media/data/cluster/endsim/BehaviorSearch/Step6_Trial""","true","0.6000000000000001","0.30000000000000004","8","0","true","true","""2057044929""","0.186329288341086","0.186329288341086","0.186329288341086","0","0.186329288341086"
"1","291","296","1000","1","""HK""","0.05","false","""normal""","1","""constant""","0.1","""Scale-free""","2","0","1","""uniform""","""deterministic-normal""","5","0.30000000000000004","0.4","""normal""","-0.29999999999999993","0.8","false","""/home/ramaswamy.51/Documents/github/Spirals/Media/data/cluster/endsim/BehaviorSearch/Step6_Trial""","true","0.6000000000000001","0.30000000000000004","8","0","true","true","""-740342650""","0.18743614619148427","0.18743614619148427","0.18743614619148427","0","0.18743614619148427"
"1","292","296","1000","1","""HK""","0.05","false","""normal""","1","""constant""","0.1","""Scale-free""","2","0","1","""uniform""","""deterministic-normal""","5","0.30000000000000004","0.4","""normal""","-0.29999999999999993","0.8","false","""/home/ramaswamy.51/Documents/github/Spirals/Media/data/cluster/endsim/BehaviorSearch/Step6_Trial""","true","0.6000000000000001","0.30000000000000004","8","0","true","true","""-2066392462""","0.1652306740464592","0.1652306740464592","0.1652306740464592","0","0.1652306740464592"
"1","293","300","1000","1","""HK""","0.05","false","""normal""","1","""constant""","0.1","""Scale-free""","3","0","1","""uniform""","""deterministic-normal""","35","0.20000000000000018","0.30000000000000004","""normal""","-0.09999999999999998","0.8","false","""/home/ramaswamy.51/Documents/github/Spirals/Media/data/cluster/endsim/BehaviorSearch/Step6_Trial""","true","0.6000000000000001","0.2","8","0","true","true","""-818003398""","0.16676123631375722","0.16676123631375722","0.16676123631375722","0","0.16676123631375722"
"1","294","300","1000","1","""HK""","0.05","false","""normal""","1","""constant""","0.1","""Scale-free""","3","0","1","""uniform""","""deterministic-normal""","35","0.20000000000000018","0.30000000000000004","""normal""","-0.09999999999999998","0.8","false","""/home/ramaswamy.51/Documents/github/Spirals/Media/data/cluster/endsim/BehaviorSearch/Step6_Trial""","true","0.6000000000000001","0.2","8","0","true","true","""-1178897458""","0.16520014149640389","0.16520014149640389","0.16520014149640389","0","0.16520014149640389"
"1","295","300","1000","1","""HK""","0.05","false","""normal""","1","""constant""","0.1","""Scale-free""","3","0","1","""uniform""","""deterministic-normal""","35","0.20000000000000018","0.30000000000000004","""normal""","-0.09999999999999998","0.8","false","""/home/ramaswamy.51/Documents/github/Spirals/Media/data/cluster/endsim/BehaviorSearch/Step6_Trial""","true","0.6000000000000001","0.2","8","0","true","true","""342982807""","0.17061090852123315","0.17061090852123315","0.17061090852123315","0","0.17061090852123315"
"1","296","300","1000","1","""HK""","0.05","false","""normal""","1","""constant""","0.1","""Scale-free""","3","0","1","""uniform""","""deterministic-normal""","35","0.20000000000000018","0.30000000000000004","""normal""","-0.09999999999999998","0.8","false","""/home/ramaswamy.51/Documents/github/Spirals/Media/data/cluster/endsim/BehaviorSearch/Step6_Trial""","true","0.6000000000000001","0.2","8","0","true","true","""891469701""","0.1830163536946825","0.1830163536946825","0.1830163536946825","0","0.1830163536946825"
"1","297","304","1000","1","""HK""","0.08","false","""normal""","1","""constant""","0.30000000000000004","""Scale-free""","1","0","1","""uniform""","""deterministic-normal""","15","0.20000000000000018","0.4","""normal""","0","0.8","false","""/home/ramaswamy.51/Documents/github/Spirals/Media/data/cluster/endsim/BehaviorSearch/Step6_Trial""","true","0.5","0.2","8","0.20000000000000018","true","true","""-1902000866""","0.2510392378705954","0.2510392378705954","0.2510392378705954","0","0.2510392378705954"
"1","298","304","1000","1","""HK""","0.08","false","""normal""","1","""constant""","0.30000000000000004","""Scale-free""","1","0","1","""uniform""","""deterministic-normal""","15","0.20000000000000018","0.4","""normal""","0","0.8","false","""/home/ramaswamy.51/Documents/github/Spirals/Media/data/cluster/endsim/BehaviorSearch/Step6_Trial""","true","0.5","0.2","8","0.20000000000000018","true","true","""-1722548712""","0.24627518191359926","0.24627518191359926","0.24627518191359926","0","0.24627518191359926"
"1","299","304","1000","1","""HK""","0.08","false","""normal""","1","""constant""","0.30000000000000004","""Scale-free""","1","0","1","""uniform""","""deterministic-normal""","15","0.20000000000000018","0.4","""normal""","0","0.8","false","""/home/ramaswamy.51/Documents/github/Spirals/Media/data/cluster/endsim/BehaviorSearch/Step6_Trial""","true","0.5","0.2","8","0.20000000000000018","true","true","""-345561582""","0.22703782324508034","0.22703782324508034","0.22703782324508034","0","0.22703782324508034"
"1","300","304","1000","1","""HK""","0.08","false","""normal""","1","""constant""","0.30000000000000004","""Scale-free""","1","0","1","""uniform""","""deterministic-normal""","15","0.20000000000000018","0.4","""normal""","0","0.8","false","""/home/ramaswamy.51/Documents/github/Spirals/Media/data/cluster/endsim/BehaviorSearch/Step6_Trial""","true","0.5","0.2","8","0.20000000000000018","true","true","""2079610791""","0.24600476257348758","0.24600476257348758","0.24600476257348758","0","0.24600476257348758"
"1","301","308","1000","1","""HK""","0.08","false","""normal""","1","""constant""","0","""Scale-free""","3","0","1","""uniform""","""deterministic-normal""","10","0.10000000000000009","0.5","""normal""","-0.09999999999999998","0.8","false","""/home/ramaswamy.51/Documents/github/Spirals/Media/data/cluster/endsim/BehaviorSearch/Step6_Trial""","true","0.6000000000000001","0.2","9","0.20000000000000018","true","true","""-156457930""","0.24150828702896715","0.24150828702896715","0.24150828702896715","0","0.24150828702896715"
"1","302","308","1000","1","""HK""","0.08","false","""normal""","1","""constant""","0","""Scale-free""","3","0","1","""uniform""","""deterministic-normal""","10","0.10000000000000009","0.5","""normal""","-0.09999999999999998","0.8","false","""/home/ramaswamy.51/Documents/github/Spirals/Media/data/cluster/endsim/BehaviorSearch/Step6_Trial""","true","0.6000000000000001","0.2","9","0.20000000000000018","true","true","""1356343473""","0.24038239631536798","0.24038239631536798","0.24038239631536798","0","0.24038239631536798"
"1","303","308","1000","1","""HK""","0.08","false","""normal""","1","""constant""","0","""Scale-free""","3","0","1","""uniform""","""deterministic-normal""","10","0.10000000000000009","0.5","""normal""","-0.09999999999999998","0.8","false","""/home/ramaswamy.51/Documents/github/Spirals/Media/data/cluster/endsim/BehaviorSearch/Step6_Trial""","true","0.6000000000000001","0.2","9","0.20000000000000018","true","true","""401342366""","0.249645516673163","0.249645516673163","0.249645516673163","0","0.249645516673163"
"1","304","308","1000","1","""HK""","0.08","false","""normal""","1","""constant""","0","""Scale-free""","3","0","1","""uniform""","""deterministic-normal""","10","0.10000000000000009","0.5","""normal""","-0.09999999999999998","0.8","false","""/home/ramaswamy.51/Documents/github/Spirals/Media/data/cluster/endsim/BehaviorSearch/Step6_Trial""","true","0.6000000000000001","0.2","9","0.20000000000000018","true","true","""272410269""","0.24887045162483876","0.24887045162483876","0.24887045162483876","0","0.24887045162483876"
"1","305","312","1000","1","""HK""","0.08","false","""normal""","1","""constant""","0.2","""Scale-free""","2","0","1","""uniform""","""deterministic-normal""","0","0.20000000000000018","0.4","""normal""","-0.09999999999999998","0.7000000000000001","false","""/home/ramaswamy.51/Documents/github/Spirals/Media/data/cluster/endsim/BehaviorSearch/Step6_Trial""","true","0.30000000000000004","0.4","9","0","true","true","""51716975""","0.20208918194178685","0.20208918194178685","0.20208918194178685","0","0.20208918194178685"
"1","306","312","1000","1","""HK""","0.08","false","""normal""","1","""constant""","0.2","""Scale-free""","2","0","1","""uniform""","""deterministic-normal""","0","0.20000000000000018","0.4","""normal""","-0.09999999999999998","0.7000000000000001","false","""/home/ramaswamy.51/Documents/github/Spirals/Media/data/cluster/endsim/BehaviorSearch/Step6_Trial""","true","0.30000000000000004","0.4","9","0","true","true","""1410720297""","0.19142875281056182","0.19142875281056182","0.19142875281056182","0","0.19142875281056182"
"1","307","312","1000","1","""HK""","0.08","false","""normal""","1","""constant""","0.2","""Scale-free""","2","0","1","""uniform""","""deterministic-normal""","0","0.20000000000000018","0.4","""normal""","-0.09999999999999998","0.7000000000000001","false","""/home/ramaswamy.51/Documents/github/Spirals/Media/data/cluster/endsim/BehaviorSearch/Step6_Trial""","true","0.30000000000000004","0.4","9","0","true","true","""1927218039""","0.2124205341652657","0.2124205341652657","0.2124205341652657","0","0.2124205341652657"
"1","308","312","1000","1","""HK""","0.08","false","""normal""","1","""constant""","0.2","""Scale-free""","2","0","1","""uniform""","""deterministic-normal""","0","0.20000000000000018","0.4","""normal""","-0.09999999999999998","0.7000000000000001","false","""/home/ramaswamy.51/Documents/github/Spirals/Media/data/cluster/endsim/BehaviorSearch/Step6_Trial""","true","0.30000000000000004","0.4","9","0","true","true","""-1588365000""","0.2194830375069457","0.2194830375069457","0.2194830375069457","0","0.2194830375069457"
"1","309","316","1000","1","""HK""","0.05","false","""normal""","1","""constant""","0.2","""Scale-free""","1","0","1","""uniform""","""deterministic-normal""","5","0.30000000000000004","0.4","""normal""","-0.29999999999999993","0.8","false","""/home/ramaswamy.51/Documents/github/Spirals/Media/data/cluster/endsim/BehaviorSearch/Step6_Trial""","true","0.6000000000000001","0.5","6","-0.29999999999999993","true","true","""286585336""","0.15147361805220036","0.15147361805220036","0.15147361805220036","0","0.15147361805220036"
"1","310","316","1000","1","""HK""","0.05","false","""normal""","1","""constant""","0.2","""Scale-free""","1","0","1","""uniform""","""deterministic-normal""","5","0.30000000000000004","0.4","""normal""","-0.29999999999999993","0.8","false","""/home/ramaswamy.51/Documents/github/Spirals/Media/data/cluster/endsim/BehaviorSearch/Step6_Trial""","true","0.6000000000000001","0.5","6","-0.29999999999999993","true","true","""220323896""","0.15996045423513336","0.15996045423513336","0.15996045423513336","0","0.15996045423513336"
"1","311","316","1000","1","""HK""","0.05","false","""normal""","1","""constant""","0.2","""Scale-free""","1","0","1","""uniform""","""deterministic-normal""","5","0.30000000000000004","0.4","""normal""","-0.29999999999999993","0.8","false","""/home/ramaswamy.51/Documents/github/Spirals/Media/data/cluster/endsim/BehaviorSearch/Step6_Trial""","true","0.6000000000000001","0.5","6","-0.29999999999999993","true","true","""2038953140""","0.16087161005353134","0.16087161005353134","0.16087161005353134","0","0.16087161005353134"
"1","312","316","1000","1","""HK""","0.05","false","""normal""","1","""constant""","0.2","""Scale-free""","1","0","1","""uniform""","""deterministic-normal""","5","0.30000000000000004","0.4","""normal""","-0.29999999999999993","0.8","false","""/home/ramaswamy.51/Documents/github/Spirals/Media/data/cluster/endsim/BehaviorSearch/Step6_Trial""","true","0.6000000000000001","0.5","6","-0.29999999999999993","true","true","""1787345944""","0.12557349354429614","0.12557349354429614","0.12557349354429614","0","0.12557349354429614"
"1","313","320","1000","1","""HK""","0.08","false","""normal""","1","""constant""","0.1","""Scale-free""","2","0","1","""uniform""","""deterministic-normal""","0","0.20000000000000018","0.4","""normal""","-0.09999999999999998","0.6000000000000001","false","""/home/ramaswamy.51/Documents/github/Spirals/Media/data/cluster/endsim/BehaviorSearch/Step6_Trial""","true","0.6000000000000001","0.5","9","0","true","true","""2053684941""","0.18311216843438557","0.18311216843438557","0.18311216843438557","0","0.18311216843438557"
"1","314","320","1000","1","""HK""","0.08","false","""normal""","1","""constant""","0.1","""Scale-free""","2","0","1","""uniform""","""deterministic-normal""","0","0.20000000000000018","0.4","""normal""","-0.09999999999999998","0.6000000000000001","false","""/home/ramaswamy.51/Documents/github/Spirals/Media/data/cluster/endsim/BehaviorSearch/Step6_Trial""","true","0.6000000000000001","0.5","9","0","true","true","""1319358498""","0.15951284802220242","0.15951284802220242","0.15951284802220242","0","0.15951284802220242"
"1","315","320","1000","1","""HK""","0.08","false","""normal""","1","""constant""","0.1","""Scale-free""","2","0","1","""uniform""","""deterministic-normal""","0","0.20000000000000018","0.4","""normal""","-0.09999999999999998","0.6000000000000001","false","""/home/ramaswamy.51/Documents/github/Spirals/Media/data/cluster/endsim/BehaviorSearch/Step6_Trial""","true","0.6000000000000001","0.5","9","0","true","true","""1979157609""","0.15391724151573505","0.15391724151573505","0.15391724151573505","0","0.15391724151573505"
"1","316","320","1000","1","""HK""","0.08","false","""normal""","1","""constant""","0.1","""Scale-free""","2","0","1","""uniform""","""deterministic-normal""","0","0.20000000000000018","0.4","""normal""","-0.09999999999999998","0.6000000000000001","false","""/home/ramaswamy.51/Documents/github/Spirals/Media/data/cluster/endsim/BehaviorSearch/Step6_Trial""","true","0.6000000000000001","0.5","9","0","true","true","""805176455""","0.1689292846842033","0.1689292846842033","0.1689292846842033","0","0.1689292846842033"
"1","317","324","1000","1","""HK""","0.15000000000000002","false","""normal""","1","""constant""","0.1","""Scale-free""","3","0","1","""uniform""","""deterministic-normal""","30","0.20000000000000018","0.30000000000000004","""normal""","-0.09999999999999998","0.7000000000000001","false","""/home/ramaswamy.51/Documents/github/Spirals/Media/data/cluster/endsim/BehaviorSearch/Step6_Trial""","true","0.6000000000000001","0.2","8","-0.09999999999999998","true","true","""-1018295086""","0.17934642750944155","0.17934642750944155","0.17934642750944155","0","0.17934642750944155"
"1","318","324","1000","1","""HK""","0.15000000000000002","false","""normal""","1","""constant""","0.1","""Scale-free""","3","0","1","""uniform""","""deterministic-normal""","30","0.20000000000000018","0.30000000000000004","""normal""","-0.09999999999999998","0.7000000000000001","false","""/home/ramaswamy.51/Documents/github/Spirals/Media/data/cluster/endsim/BehaviorSearch/Step6_Trial""","true","0.6000000000000001","0.2","8","-0.09999999999999998","true","true","""953310476""","0.1947891198892721","0.1947891198892721","0.1947891198892721","0","0.1947891198892721"
"1","319","324","1000","1","""HK""","0.15000000000000002","false","""normal""","1","""constant""","0.1","""Scale-free""","3","0","1","""uniform""","""deterministic-normal""","30","0.20000000000000018","0.30000000000000004","""normal""","-0.09999999999999998","0.7000000000000001","false","""/home/ramaswamy.51/Documents/github/Spirals/Media/data/cluster/endsim/BehaviorSearch/Step6_Trial""","true","0.6000000000000001","0.2","8","-0.09999999999999998","true","true","""-1012751192""","0.19981503316891078","0.19981503316891078","0.19981503316891078","0","0.19981503316891078"
"1","320","324","1000","1","""HK""","0.15000000000000002","false","""normal""","1","""constant""","0.1","""Scale-free""","3","0","1","""uniform""","""deterministic-normal""","30","0.20000000000000018","0.30000000000000004","""normal""","-0.09999999999999998","0.7000000000000001","false","""/home/ramaswamy.51/Documents/github/Spirals/Media/data/cluster/endsim/BehaviorSearch/Step6_Trial""","true","0.6000000000000001","0.2","8","-0.09999999999999998","true","true","""-340036862""","0.2041289899597259","0.2041289899597259","0.2041289899597259","0","0.2041289899597259"
"1","321","328","1000","1","""HK""","0.08","false","""normal""","1","""constant""","0.2","""Scale-free""","2","0","1","""uniform""","""deterministic-normal""","5","0.30000000000000004","0.4","""normal""","-0.09999999999999998","0.8","false","""/home/ramaswamy.51/Documents/github/Spirals/Media/data/cluster/endsim/BehaviorSearch/Step6_Trial""","true","0.6000000000000001","0.4","6","0","true","true","""651639755""","0.16618300883480946","0.16618300883480946","0.16618300883480946","0","0.16618300883480946"
"1","322","328","1000","1","""HK""","0.08","false","""normal""","1","""constant""","0.2","""Scale-free""","2","0","1","""uniform""","""deterministic-normal""","5","0.30000000000000004","0.4","""normal""","-0.09999999999999998","0.8","false","""/home/ramaswamy.51/Documents/github/Spirals/Media/data/cluster/endsim/BehaviorSearch/Step6_Trial""","true","0.6000000000000001","0.4","6","0","true","true","""1308901792""","0.15096686958043215","0.15096686958043215","0.15096686958043215","0","0.15096686958043215"
"1","323","328","1000","1","""HK""","0.08","false","""normal""","1","""constant""","0.2","""Scale-free""","2","0","1","""uniform""","""deterministic-normal""","5","0.30000000000000004","0.4","""normal""","-0.09999999999999998","0.8","false","""/home/ramaswamy.51/Documents/github/Spirals/Media/data/cluster/endsim/BehaviorSearch/Step6_Trial""","true","0.6000000000000001","0.4","6","0","true","true","""-1745919710""","0.15751473651575318","0.15751473651575318","0.15751473651575318","0","0.15751473651575318"
"1","324","328","1000","1","""HK""","0.08","false","""normal""","1","""constant""","0.2","""Scale-free""","2","0","1","""uniform""","""deterministic-normal""","5","0.30000000000000004","0.4","""normal""","-0.09999999999999998","0.8","false","""/home/ramaswamy.51/Documents/github/Spirals/Media/data/cluster/endsim/BehaviorSearch/Step6_Trial""","true","0.6000000000000001","0.4","6","0","true","true","""702038932""","0.1529857957820179","0.1529857957820179","0.1529857957820179","0","0.1529857957820179"
"1","325","332","1000","1","""HK""","0.08","false","""normal""","1","""constant""","0.1","""Scale-free""","2","0","1","""uniform""","""deterministic-normal""","5","0.20000000000000018","0.30000000000000004","""normal""","-0.19999999999999996","0.6000000000000001","false","""/home/ramaswamy.51/Documents/github/Spirals/Media/data/cluster/endsim/BehaviorSearch/Step6_Trial""","true","0.4","0.4","9","-0.3999999999999999","true","true","""-1330779817""","0.15147818407871533","0.15147818407871533","0.15147818407871533","0","0.15147818407871533"
"1","326","332","1000","1","""HK""","0.08","false","""normal""","1","""constant""","0.1","""Scale-free""","2","0","1","""uniform""","""deterministic-normal""","5","0.20000000000000018","0.30000000000000004","""normal""","-0.19999999999999996","0.6000000000000001","false","""/home/ramaswamy.51/Documents/github/Spirals/Media/data/cluster/endsim/BehaviorSearch/Step6_Trial""","true","0.4","0.4","9","-0.3999999999999999","true","true","""-904555238""","0.1471376088361272","0.1471376088361272","0.1471376088361272","0","0.1471376088361272"
"1","327","332","1000","1","""HK""","0.08","false","""normal""","1","""constant""","0.1","""Scale-free""","2","0","1","""uniform""","""deterministic-normal""","5","0.20000000000000018","0.30000000000000004","""normal""","-0.19999999999999996","0.6000000000000001","false","""/home/ramaswamy.51/Documents/github/Spirals/Media/data/cluster/endsim/BehaviorSearch/Step6_Trial""","true","0.4","0.4","9","-0.3999999999999999","true","true","""-1161484962""","0.1522066184275225","0.1522066184275225","0.1522066184275225","0","0.1522066184275225"
"1","328","332","1000","1","""HK""","0.08","false","""normal""","1","""constant""","0.1","""Scale-free""","2","0","1","""uniform""","""deterministic-normal""","5","0.20000000000000018","0.30000000000000004","""normal""","-0.19999999999999996","0.6000000000000001","false","""/home/ramaswamy.51/Documents/github/Spirals/Media/data/cluster/endsim/BehaviorSearch/Step6_Trial""","true","0.4","0.4","9","-0.3999999999999999","true","true","""-1895174627""","0.14754266079652079","0.14754266079652079","0.14754266079652079","0","0.14754266079652079"
"1","329","336","1000","1","""HK""","0.09999999999999999","false","""normal""","1","""constant""","0.1","""Scale-free""","2","0","1","""uniform""","""deterministic-normal""","0","0.10000000000000009","0.4","""normal""","-0.09999999999999998","0.6000000000000001","false","""/home/ramaswamy.51/Documents/github/Spirals/Media/data/cluster/endsim/BehaviorSearch/Step6_Trial""","true","0.4","0.4","9","0","true","true","""53536959""","0.14323571453445574","0.14323571453445574","0.14323571453445574","0","0.14323571453445574"
"1","330","336","1000","1","""HK""","0.09999999999999999","false","""normal""","1","""constant""","0.1","""Scale-free""","2","0","1","""uniform""","""deterministic-normal""","0","0.10000000000000009","0.4","""normal""","-0.09999999999999998","0.6000000000000001","false","""/home/ramaswamy.51/Documents/github/Spirals/Media/data/cluster/endsim/BehaviorSearch/Step6_Trial""","true","0.4","0.4","9","0","true","true","""-1550235410""","0.15484402670857253","0.15484402670857253","0.15484402670857253","0","0.15484402670857253"
"1","331","336","1000","1","""HK""","0.09999999999999999","false","""normal""","1","""constant""","0.1","""Scale-free""","2","0","1","""uniform""","""deterministic-normal""","0","0.10000000000000009","0.4","""normal""","-0.09999999999999998","0.6000000000000001","false","""/home/ramaswamy.51/Documents/github/Spirals/Media/data/cluster/endsim/BehaviorSearch/Step6_Trial""","true","0.4","0.4","9","0","true","true","""-1185733709""","0.15022757159641822","0.15022757159641822","0.15022757159641822","0","0.15022757159641822"
"1","332","336","1000","1","""HK""","0.09999999999999999","false","""normal""","1","""constant""","0.1","""Scale-free""","2","0","1","""uniform""","""deterministic-normal""","0","0.10000000000000009","0.4","""normal""","-0.09999999999999998","0.6000000000000001","false","""/home/ramaswamy.51/Documents/github/Spirals/Media/data/cluster/endsim/BehaviorSearch/Step6_Trial""","true","0.4","0.4","9","0","true","true","""-998226879""","0.15221000230749948","0.15221000230749948","0.15221000230749948","0","0.15221000230749948"
"1","333","340","1000","1","""HK""","0.14","false","""normal""","1","""constant""","0.1","""Scale-free""","2","0","1","""uniform""","""deterministic-normal""","5","0.9000000000000001","0.1","""normal""","1","1","false","""/home/ramaswamy.51/Documents/github/Spirals/Media/data/cluster/endsim/BehaviorSearch/Step6_Trial""","true","0","0.5","8","0.8","true","true","""-1148673324""","0.22601534311436433","0.22601534311436433","0.22601534311436433","0","0.22601534311436433"
"1","334","340","1000","1","""HK""","0.14","false","""normal""","1","""constant""","0.1","""Scale-free""","2","0","1","""uniform""","""deterministic-normal""","5","0.9000000000000001","0.1","""normal""","1","1","false","""/home/ramaswamy.51/Documents/github/Spirals/Media/data/cluster/endsim/BehaviorSearch/Step6_Trial""","true","0","0.5","8","0.8","true","true","""-2048310243""","0.22275666918950335","0.22275666918950335","0.22275666918950335","0","0.22275666918950335"
"1","335","340","1000","1","""HK""","0.14","false","""normal""","1","""constant""","0.1","""Scale-free""","2","0","1","""uniform""","""deterministic-normal""","5","0.9000000000000001","0.1","""normal""","1","1","false","""/home/ramaswamy.51/Documents/github/Spirals/Media/data/cluster/endsim/BehaviorSearch/Step6_Trial""","true","0","0.5","8","0.8","true","true","""-1070641154""","0.2525764456927912","0.2525764456927912","0.2525764456927912","0","0.2525764456927912"
"1","336","340","1000","1","""HK""","0.14","false","""normal""","1","""constant""","0.1","""Scale-free""","2","0","1","""uniform""","""deterministic-normal""","5","0.9000000000000001","0.1","""normal""","1","1","false","""/home/ramaswamy.51/Documents/github/Spirals/Media/data/cluster/endsim/BehaviorSearch/Step6_Trial""","true","0","0.5","8","0.8","true","true","""842898967""","0.23725439389911854","0.23725439389911854","0.23725439389911854","0","0.23725439389911854"
"1","337","344","1000","1","""HK""","0.08","false","""normal""","1","""constant""","0.2","""Scale-free""","2","0","1","""uniform""","""deterministic-normal""","5","0.30000000000000004","0.4","""normal""","-0.09999999999999998","0.7000000000000001","false","""/home/ramaswamy.51/Documents/github/Spirals/Media/data/cluster/endsim/BehaviorSearch/Step6_Trial""","true","0.6000000000000001","0.4","9","0.20000000000000018","true","true","""-1008573449""","0.1620900182954792","0.1620900182954792","0.1620900182954792","0","0.1620900182954792"
"1","338","344","1000","1","""HK""","0.08","false","""normal""","1","""constant""","0.2","""Scale-free""","2","0","1","""uniform""","""deterministic-normal""","5","0.30000000000000004","0.4","""normal""","-0.09999999999999998","0.7000000000000001","false","""/home/ramaswamy.51/Documents/github/Spirals/Media/data/cluster/endsim/BehaviorSearch/Step6_Trial""","true","0.6000000000000001","0.4","9","0.20000000000000018","true","true","""1712020332""","0.15999808820873423","0.15999808820873423","0.15999808820873423","0","0.15999808820873423"
"1","339","344","1000","1","""HK""","0.08","false","""normal""","1","""constant""","0.2","""Scale-free""","2","0","1","""uniform""","""deterministic-normal""","5","0.30000000000000004","0.4","""normal""","-0.09999999999999998","0.7000000000000001","false","""/home/ramaswamy.51/Documents/github/Spirals/Media/data/cluster/endsim/BehaviorSearch/Step6_Trial""","true","0.6000000000000001","0.4","9","0.20000000000000018","true","true","""522928943""","0.17171944869189582","0.17171944869189582","0.17171944869189582","0","0.17171944869189582"
"1","340","344","1000","1","""HK""","0.08","false","""normal""","1","""constant""","0.2","""Scale-free""","2","0","1","""uniform""","""deterministic-normal""","5","0.30000000000000004","0.4","""normal""","-0.09999999999999998","0.7000000000000001","false","""/home/ramaswamy.51/Documents/github/Spirals/Media/data/cluster/endsim/BehaviorSearch/Step6_Trial""","true","0.6000000000000001","0.4","9","0.20000000000000018","true","true","""977927870""","0.1445326187845933","0.1445326187845933","0.1445326187845933","0","0.1445326187845933"
"1","341","348","1000","1","""HK""","0.08","false","""normal""","1","""constant""","0.1","""Scale-free""","2","0","1","""uniform""","""deterministic-normal""","10","0.20000000000000018","0.30000000000000004","""normal""","-0.19999999999999996","0.6000000000000001","false","""/home/ramaswamy.51/Documents/github/Spirals/Media/data/cluster/endsim/BehaviorSearch/Step6_Trial""","true","0.4","0.4","9","0","true","true","""-1626787713""","0.1631023183312283","0.1631023183312283","0.1631023183312283","0","0.1631023183312283"
"1","342","348","1000","1","""HK""","0.08","false","""normal""","1","""constant""","0.1","""Scale-free""","2","0","1","""uniform""","""deterministic-normal""","10","0.20000000000000018","0.30000000000000004","""normal""","-0.19999999999999996","0.6000000000000001","false","""/home/ramaswamy.51/Documents/github/Spirals/Media/data/cluster/endsim/BehaviorSearch/Step6_Trial""","true","0.4","0.4","9","0","true","true","""-1588110727""","0.13488322581663892","0.13488322581663892","0.13488322581663892","0","0.13488322581663892"
"1","343","348","1000","1","""HK""","0.08","false","""normal""","1","""constant""","0.1","""Scale-free""","2","0","1","""uniform""","""deterministic-normal""","10","0.20000000000000018","0.30000000000000004","""normal""","-0.19999999999999996","0.6000000000000001","false","""/home/ramaswamy.51/Documents/github/Spirals/Media/data/cluster/endsim/BehaviorSearch/Step6_Trial""","true","0.4","0.4","9","0","true","true","""1788766175""","0.14125377220275176","0.14125377220275176","0.14125377220275176","0","0.14125377220275176"
"1","344","348","1000","1","""HK""","0.08","false","""normal""","1","""constant""","0.1","""Scale-free""","2","0","1","""uniform""","""deterministic-normal""","10","0.20000000000000018","0.30000000000000004","""normal""","-0.19999999999999996","0.6000000000000001","false","""/home/ramaswamy.51/Documents/github/Spirals/Media/data/cluster/endsim/BehaviorSearch/Step6_Trial""","true","0.4","0.4","9","0","true","true","""978448040""","0.12570973128540916","0.12570973128540916","0.12570973128540916","0","0.12570973128540916"
"1","345","352","1000","1","""HK""","0.11","false","""normal""","1","""constant""","0.1","""Scale-free""","2","0","1","""uniform""","""deterministic-normal""","0","0.5","0.5","""normal""","-0.09999999999999998","0.6000000000000001","false","""/home/ramaswamy.51/Documents/github/Spirals/Media/data/cluster/endsim/BehaviorSearch/Step6_Trial""","true","0.4","0.4","9","0","true","true","""-138317160""","0.16721920953868744","0.16721920953868744","0.16721920953868744","0","0.16721920953868744"
"1","346","352","1000","1","""HK""","0.11","false","""normal""","1","""constant""","0.1","""Scale-free""","2","0","1","""uniform""","""deterministic-normal""","0","0.5","0.5","""normal""","-0.09999999999999998","0.6000000000000001","false","""/home/ramaswamy.51/Documents/github/Spirals/Media/data/cluster/endsim/BehaviorSearch/Step6_Trial""","true","0.4","0.4","9","0","true","true","""1469827223""","0.14628866334553217","0.14628866334553217","0.14628866334553217","0","0.14628866334553217"
"1","347","352","1000","1","""HK""","0.11","false","""normal""","1","""constant""","0.1","""Scale-free""","2","0","1","""uniform""","""deterministic-normal""","0","0.5","0.5","""normal""","-0.09999999999999998","0.6000000000000001","false","""/home/ramaswamy.51/Documents/github/Spirals/Media/data/cluster/endsim/BehaviorSearch/Step6_Trial""","true","0.4","0.4","9","0","true","true","""1446840088""","0.1731654139784583","0.1731654139784583","0.1731654139784583","0","0.1731654139784583"
"1","348","352","1000","1","""HK""","0.11","false","""normal""","1","""constant""","0.1","""Scale-free""","2","0","1","""uniform""","""deterministic-normal""","0","0.5","0.5","""normal""","-0.09999999999999998","0.6000000000000001","false","""/home/ramaswamy.51/Documents/github/Spirals/Media/data/cluster/endsim/BehaviorSearch/Step6_Trial""","true","0.4","0.4","9","0","true","true","""-947963541""","0.15480939650726447","0.15480939650726447","0.15480939650726447","0","0.15480939650726447"
"1","349","356","1000","1","""HK""","0.08","false","""normal""","1","""constant""","0.30000000000000004","""Scale-free""","1","0","1","""uniform""","""deterministic-normal""","5","0.30000000000000004","0.4","""normal""","-0.09999999999999998","1","false","""/home/ramaswamy.51/Documents/github/Spirals/Media/data/cluster/endsim/BehaviorSearch/Step6_Trial""","true","0.6000000000000001","0.5","6","-0.29999999999999993","true","true","""333357725""","0.15528079565846029","0.15528079565846029","0.15528079565846029","0","0.15528079565846029"
"1","350","356","1000","1","""HK""","0.08","false","""normal""","1","""constant""","0.30000000000000004","""Scale-free""","1","0","1","""uniform""","""deterministic-normal""","5","0.30000000000000004","0.4","""normal""","-0.09999999999999998","1","false","""/home/ramaswamy.51/Documents/github/Spirals/Media/data/cluster/endsim/BehaviorSearch/Step6_Trial""","true","0.6000000000000001","0.5","6","-0.29999999999999993","true","true","""-167984996""","0.16748357630358154","0.16748357630358154","0.16748357630358154","0","0.16748357630358154"
"1","351","356","1000","1","""HK""","0.08","false","""normal""","1","""constant""","0.30000000000000004","""Scale-free""","1","0","1","""uniform""","""deterministic-normal""","5","0.30000000000000004","0.4","""normal""","-0.09999999999999998","1","false","""/home/ramaswamy.51/Documents/github/Spirals/Media/data/cluster/endsim/BehaviorSearch/Step6_Trial""","true","0.6000000000000001","0.5","6","-0.29999999999999993","true","true","""-1817843602""","0.19058725425216927","0.19058725425216927","0.19058725425216927","0","0.19058725425216927"
"1","352","356","1000","1","""HK""","0.08","false","""normal""","1","""constant""","0.30000000000000004","""Scale-free""","1","0","1","""uniform""","""deterministic-normal""","5","0.30000000000000004","0.4","""normal""","-0.09999999999999998","1","false","""/home/ramaswamy.51/Documents/github/Spirals/Media/data/cluster/endsim/BehaviorSearch/Step6_Trial""","true","0.6000000000000001","0.5","6","-0.29999999999999993","true","true","""-278063453""","0.19055807561835944","0.19055807561835944","0.19055807561835944","0","0.19055807561835944"
"1","353","360","1000","1","""HK""","0.08","false","""normal""","1","""constant""","0.2","""Scale-free""","1","0","1","""uniform""","""deterministic-normal""","5","0.20000000000000018","0.2","""normal""","-0.5","1","false","""/home/ramaswamy.51/Documents/github/Spirals/Media/data/cluster/endsim/BehaviorSearch/Step6_Trial""","true","0.4","0.4","9","-0.29999999999999993","true","true","""-72754025""","0.19229966920446184","0.19229966920446184","0.19229966920446184","0","0.19229966920446184"
"1","354","360","1000","1","""HK""","0.08","false","""normal""","1","""constant""","0.2","""Scale-free""","1","0","1","""uniform""","""deterministic-normal""","5","0.20000000000000018","0.2","""normal""","-0.5","1","false","""/home/ramaswamy.51/Documents/github/Spirals/Media/data/cluster/endsim/BehaviorSearch/Step6_Trial""","true","0.4","0.4","9","-0.29999999999999993","true","true","""1400143578""","0.209782524018772","0.209782524018772","0.209782524018772","0","0.209782524018772"
"1","355","360","1000","1","""HK""","0.08","false","""normal""","1","""constant""","0.2","""Scale-free""","1","0","1","""uniform""","""deterministic-normal""","5","0.20000000000000018","0.2","""normal""","-0.5","1","false","""/home/ramaswamy.51/Documents/github/Spirals/Media/data/cluster/endsim/BehaviorSearch/Step6_Trial""","true","0.4","0.4","9","-0.29999999999999993","true","true","""2083396487""","0.1845829340561156","0.1845829340561156","0.1845829340561156","0","0.1845829340561156"
"1","356","360","1000","1","""HK""","0.08","false","""normal""","1","""constant""","0.2","""Scale-free""","1","0","1","""uniform""","""deterministic-normal""","5","0.20000000000000018","0.2","""normal""","-0.5","1","false","""/home/ramaswamy.51/Documents/github/Spirals/Media/data/cluster/endsim/BehaviorSearch/Step6_Trial""","true","0.4","0.4","9","-0.29999999999999993","true","true","""-1073604458""","0.2023976163159708","0.2023976163159708","0.2023976163159708","0","0.2023976163159708"
"1","357","364","1000","1","""HK""","0.05","false","""normal""","1","""constant""","0.1","""Scale-free""","2","0","1","""uniform""","""deterministic-normal""","5","0.20000000000000018","0.4","""normal""","-0.09999999999999998","0.6000000000000001","false","""/home/ramaswamy.51/Documents/github/Spirals/Media/data/cluster/endsim/BehaviorSearch/Step6_Trial""","true","0.4","0.2","9","0","true","true","""1712431414""","0.1008891920603713","0.1008891920603713","0.1008891920603713","0","0.1008891920603713"
"1","358","364","1000","1","""HK""","0.05","false","""normal""","1","""constant""","0.1","""Scale-free""","2","0","1","""uniform""","""deterministic-normal""","5","0.20000000000000018","0.4","""normal""","-0.09999999999999998","0.6000000000000001","false","""/home/ramaswamy.51/Documents/github/Spirals/Media/data/cluster/endsim/BehaviorSearch/Step6_Trial""","true","0.4","0.2","9","0","true","true","""701687889""","0.12237136424827538","0.12237136424827538","0.12237136424827538","0","0.12237136424827538"
"1","359","364","1000","1","""HK""","0.05","false","""normal""","1","""constant""","0.1","""Scale-free""","2","0","1","""uniform""","""deterministic-normal""","5","0.20000000000000018","0.4","""normal""","-0.09999999999999998","0.6000000000000001","false","""/home/ramaswamy.51/Documents/github/Spirals/Media/data/cluster/endsim/BehaviorSearch/Step6_Trial""","true","0.4","0.2","9","0","true","true","""-298634909""","0.11577741505929573","0.11577741505929573","0.11577741505929573","0","0.11577741505929573"
"1","360","364","1000","1","""HK""","0.05","false","""normal""","1","""constant""","0.1","""Scale-free""","2","0","1","""uniform""","""deterministic-normal""","5","0.20000000000000018","0.4","""normal""","-0.09999999999999998","0.6000000000000001","false","""/home/ramaswamy.51/Documents/github/Spirals/Media/data/cluster/endsim/BehaviorSearch/Step6_Trial""","true","0.4","0.2","9","0","true","true","""581417951""","0.1436626582232569","0.1436626582232569","0.1436626582232569","0","0.1436626582232569"
"1","361","372","1000","1","""HK""","0.08","false","""normal""","1","""constant""","0.2","""Scale-free""","1","0","1","""uniform""","""deterministic-normal""","10","0.30000000000000004","0.30000000000000004","""normal""","-0.09999999999999998","0.8","false","""/home/ramaswamy.51/Documents/github/Spirals/Media/data/cluster/endsim/BehaviorSearch/Step6_Trial""","true","0.6000000000000001","0.4","9","0","true","true","""-1429750705""","0.15129504019058243","0.15129504019058243","0.15129504019058243","0","0.15129504019058243"
"1","362","372","1000","1","""HK""","0.08","false","""normal""","1","""constant""","0.2","""Scale-free""","1","0","1","""uniform""","""deterministic-normal""","10","0.30000000000000004","0.30000000000000004","""normal""","-0.09999999999999998","0.8","false","""/home/ramaswamy.51/Documents/github/Spirals/Media/data/cluster/endsim/BehaviorSearch/Step6_Trial""","true","0.6000000000000001","0.4","9","0","true","true","""1211882101""","0.16410446767593448","0.16410446767593448","0.16410446767593448","0","0.16410446767593448"
"1","363","372","1000","1","""HK""","0.08","false","""normal""","1","""constant""","0.2","""Scale-free""","1","0","1","""uniform""","""deterministic-normal""","10","0.30000000000000004","0.30000000000000004","""normal""","-0.09999999999999998","0.8","false","""/home/ramaswamy.51/Documents/github/Spirals/Media/data/cluster/endsim/BehaviorSearch/Step6_Trial""","true","0.6000000000000001","0.4","9","0","true","true","""672930166""","0.1584498075729584","0.1584498075729584","0.1584498075729584","0","0.1584498075729584"
"1","364","372","1000","1","""HK""","0.08","false","""normal""","1","""constant""","0.2","""Scale-free""","1","0","1","""uniform""","""deterministic-normal""","10","0.30000000000000004","0.30000000000000004","""normal""","-0.09999999999999998","0.8","false","""/home/ramaswamy.51/Documents/github/Spirals/Media/data/cluster/endsim/BehaviorSearch/Step6_Trial""","true","0.6000000000000001","0.4","9","0","true","true","""906305819""","0.15344079965913934","0.15344079965913934","0.15344079965913934","0","0.15344079965913934"
"1","365","376","1000","1","""HK""","0.08","false","""normal""","1","""constant""","0.2","""Scale-free""","2","0","1","""uniform""","""deterministic-normal""","5","0.30000000000000004","0.4","""normal""","-0.09999999999999998","0.6000000000000001","false","""/home/ramaswamy.51/Documents/github/Spirals/Media/data/cluster/endsim/BehaviorSearch/Step6_Trial""","true","0.4","0.4","9","0","true","true","""-907433852""","0.21176318598644184","0.21176318598644184","0.21176318598644184","0","0.21176318598644184"
"1","366","376","1000","1","""HK""","0.08","false","""normal""","1","""constant""","0.2","""Scale-free""","2","0","1","""uniform""","""deterministic-normal""","5","0.30000000000000004","0.4","""normal""","-0.09999999999999998","0.6000000000000001","false","""/home/ramaswamy.51/Documents/github/Spirals/Media/data/cluster/endsim/BehaviorSearch/Step6_Trial""","true","0.4","0.4","9","0","true","true","""1201841556""","0.21925442539013837","0.21925442539013837","0.21925442539013837","0","0.21925442539013837"
"1","367","376","1000","1","""HK""","0.08","false","""normal""","1","""constant""","0.2","""Scale-free""","2","0","1","""uniform""","""deterministic-normal""","5","0.30000000000000004","0.4","""normal""","-0.09999999999999998","0.6000000000000001","false","""/home/ramaswamy.51/Documents/github/Spirals/Media/data/cluster/endsim/BehaviorSearch/Step6_Trial""","true","0.4","0.4","9","0","true","true","""-1239743352""","0.21762578938543306","0.21762578938543306","0.21762578938543306","0","0.21762578938543306"
"1","368","376","1000","1","""HK""","0.08","false","""normal""","1","""constant""","0.2","""Scale-free""","2","0","1","""uniform""","""deterministic-normal""","5","0.30000000000000004","0.4","""normal""","-0.09999999999999998","0.6000000000000001","false","""/home/ramaswamy.51/Documents/github/Spirals/Media/data/cluster/endsim/BehaviorSearch/Step6_Trial""","true","0.4","0.4","9","0","true","true","""-321680816""","0.2168395492780216","0.2168395492780216","0.2168395492780216","0","0.2168395492780216"
"1","369","380","1000","1","""HK""","0.08","false","""normal""","1","""constant""","0.1","""Scale-free""","2","0","1","""uniform""","""deterministic-normal""","10","0.10000000000000009","0.30000000000000004","""normal""","-0.19999999999999996","0.6000000000000001","false","""/home/ramaswamy.51/Documents/github/Spirals/Media/data/cluster/endsim/BehaviorSearch/Step6_Trial""","true","0.5","0.5","9","0","true","true","""-2036673625""","0.13947857461792382","0.13947857461792382","0.13947857461792382","0","0.13947857461792382"
"1","370","380","1000","1","""HK""","0.08","false","""normal""","1","""constant""","0.1","""Scale-free""","2","0","1","""uniform""","""deterministic-normal""","10","0.10000000000000009","0.30000000000000004","""normal""","-0.19999999999999996","0.6000000000000001","false","""/home/ramaswamy.51/Documents/github/Spirals/Media/data/cluster/endsim/BehaviorSearch/Step6_Trial""","true","0.5","0.5","9","0","true","true","""1432581284""","0.14203867874695802","0.14203867874695802","0.14203867874695802","0","0.14203867874695802"
"1","371","380","1000","1","""HK""","0.08","false","""normal""","1","""constant""","0.1","""Scale-free""","2","0","1","""uniform""","""deterministic-normal""","10","0.10000000000000009","0.30000000000000004","""normal""","-0.19999999999999996","0.6000000000000001","false","""/home/ramaswamy.51/Documents/github/Spirals/Media/data/cluster/endsim/BehaviorSearch/Step6_Trial""","true","0.5","0.5","9","0","true","true","""541498064""","0.1677038457724764","0.1677038457724764","0.1677038457724764","0","0.1677038457724764"
"1","372","380","1000","1","""HK""","0.08","false","""normal""","1","""constant""","0.1","""Scale-free""","2","0","1","""uniform""","""deterministic-normal""","10","0.10000000000000009","0.30000000000000004","""normal""","-0.19999999999999996","0.6000000000000001","false","""/home/ramaswamy.51/Documents/github/Spirals/Media/data/cluster/endsim/BehaviorSearch/Step6_Trial""","true","0.5","0.5","9","0","true","true","""-1001268206""","0.15035532056801884","0.15035532056801884","0.15035532056801884","0","0.15035532056801884"
"1","373","384","1000","1","""HK""","0.05","false","""normal""","1","""constant""","0.1","""Scale-free""","2","0","1","""uniform""","""deterministic-normal""","0","0.6000000000000001","0.4","""normal""","-0.09999999999999998","0.8","false","""/home/ramaswamy.51/Documents/github/Spirals/Media/data/cluster/endsim/BehaviorSearch/Step6_Trial""","true","0.6000000000000001","0.4","10","0","true","true","""-20438833""","0.15384004224352013","0.15384004224352013","0.15384004224352013","0","0.15384004224352013"
"1","374","384","1000","1","""HK""","0.05","false","""normal""","1","""constant""","0.1","""Scale-free""","2","0","1","""uniform""","""deterministic-normal""","0","0.6000000000000001","0.4","""normal""","-0.09999999999999998","0.8","false","""/home/ramaswamy.51/Documents/github/Spirals/Media/data/cluster/endsim/BehaviorSearch/Step6_Trial""","true","0.6000000000000001","0.4","10","0","true","true","""1491170554""","0.17569059243725502","0.17569059243725502","0.17569059243725502","0","0.17569059243725502"
"1","375","384","1000","1","""HK""","0.05","false","""normal""","1","""constant""","0.1","""Scale-free""","2","0","1","""uniform""","""deterministic-normal""","0","0.6000000000000001","0.4","""normal""","-0.09999999999999998","0.8","false","""/home/ramaswamy.51/Documents/github/Spirals/Media/data/cluster/endsim/BehaviorSearch/Step6_Trial""","true","0.6000000000000001","0.4","10","0","true","true","""-1207850340""","0.15617979942302085","0.15617979942302085","0.15617979942302085","0","0.15617979942302085"
"1","376","384","1000","1","""HK""","0.05","false","""normal""","1","""constant""","0.1","""Scale-free""","2","0","1","""uniform""","""deterministic-normal""","0","0.6000000000000001","0.4","""normal""","-0.09999999999999998","0.8","false","""/home/ramaswamy.51/Documents/github/Spirals/Media/data/cluster/endsim/BehaviorSearch/Step6_Trial""","true","0.6000000000000001","0.4","10","0","true","true","""1321559234""","0.17025157575500985","0.17025157575500985","0.17025157575500985","0","0.17025157575500985"
"1","377","388","1000","1","""HK""","0.09999999999999999","false","""normal""","1","""constant""","0.1","""Scale-free""","2","0","1","""uniform""","""deterministic-normal""","0","0.30000000000000004","0.4","""normal""","-0.09999999999999998","0.6000000000000001","false","""/home/ramaswamy.51/Documents/github/Spirals/Media/data/cluster/endsim/BehaviorSearch/Step6_Trial""","true","0.4","0.4","9","0","true","true","""-1217154740""","0.13704169465259453","0.13704169465259453","0.13704169465259453","0","0.13704169465259453"
"1","378","388","1000","1","""HK""","0.09999999999999999","false","""normal""","1","""constant""","0.1","""Scale-free""","2","0","1","""uniform""","""deterministic-normal""","0","0.30000000000000004","0.4","""normal""","-0.09999999999999998","0.6000000000000001","false","""/home/ramaswamy.51/Documents/github/Spirals/Media/data/cluster/endsim/BehaviorSearch/Step6_Trial""","true","0.4","0.4","9","0","true","true","""1745744027""","0.14248381695504392","0.14248381695504392","0.14248381695504392","0","0.14248381695504392"
"1","379","388","1000","1","""HK""","0.09999999999999999","false","""normal""","1","""constant""","0.1","""Scale-free""","2","0","1","""uniform""","""deterministic-normal""","0","0.30000000000000004","0.4","""normal""","-0.09999999999999998","0.6000000000000001","false","""/home/ramaswamy.51/Documents/github/Spirals/Media/data/cluster/endsim/BehaviorSearch/Step6_Trial""","true","0.4","0.4","9","0","true","true","""1757266406""","0.1310093299990994","0.1310093299990994","0.1310093299990994","0","0.1310093299990994"
"1","380","388","1000","1","""HK""","0.09999999999999999","false","""normal""","1","""constant""","0.1","""Scale-free""","2","0","1","""uniform""","""deterministic-normal""","0","0.30000000000000004","0.4","""normal""","-0.09999999999999998","0.6000000000000001","false","""/home/ramaswamy.51/Documents/github/Spirals/Media/data/cluster/endsim/BehaviorSearch/Step6_Trial""","true","0.4","0.4","9","0","true","true","""-1547963501""","0.16557293723927843","0.16557293723927843","0.16557293723927843","0","0.16557293723927843"
"1","381","392","1000","1","""HK""","0.09999999999999999","false","""normal""","1","""constant""","0.1","""Scale-free""","2","0","1","""uniform""","""deterministic-normal""","0","0.30000000000000004","0.4","""normal""","-0.09999999999999998","0.6000000000000001","false","""/home/ramaswamy.51/Documents/github/Spirals/Media/data/cluster/endsim/BehaviorSearch/Step6_Trial""","true","0.30000000000000004","0.5","9","0","true","true","""-116923891""","0.16215379152945156","0.16215379152945156","0.16215379152945156","0","0.16215379152945156"
"1","382","392","1000","1","""HK""","0.09999999999999999","false","""normal""","1","""constant""","0.1","""Scale-free""","2","0","1","""uniform""","""deterministic-normal""","0","0.30000000000000004","0.4","""normal""","-0.09999999999999998","0.6000000000000001","false","""/home/ramaswamy.51/Documents/github/Spirals/Media/data/cluster/endsim/BehaviorSearch/Step6_Trial""","true","0.30000000000000004","0.5","9","0","true","true","""-541461010""","0.15029184424517103","0.15029184424517103","0.15029184424517103","0","0.15029184424517103"
"1","383","392","1000","1","""HK""","0.09999999999999999","false","""normal""","1","""constant""","0.1","""Scale-free""","2","0","1","""uniform""","""deterministic-normal""","0","0.30000000000000004","0.4","""normal""","-0.09999999999999998","0.6000000000000001","false","""/home/ramaswamy.51/Documents/github/Spirals/Media/data/cluster/endsim/BehaviorSearch/Step6_Trial""","true","0.30000000000000004","0.5","9","0","true","true","""-1616716235""","0.17207899615598923","0.17207899615598923","0.17207899615598923","0","0.17207899615598923"
"1","384","392","1000","1","""HK""","0.09999999999999999","false","""normal""","1","""constant""","0.1","""Scale-free""","2","0","1","""uniform""","""deterministic-normal""","0","0.30000000000000004","0.4","""normal""","-0.09999999999999998","0.6000000000000001","false","""/home/ramaswamy.51/Documents/github/Spirals/Media/data/cluster/endsim/BehaviorSearch/Step6_Trial""","true","0.30000000000000004","0.5","9","0","true","true","""-77043221""","0.16416718055725676","0.16416718055725676","0.16416718055725676","0","0.16416718055725676"
"1","385","396","1000","1","""HK""","0.09","false","""normal""","1","""constant""","0.2","""Scale-free""","2","0","1","""uniform""","""deterministic-normal""","10","0.30000000000000004","0.5","""normal""","-0.19999999999999996","0.8","false","""/home/ramaswamy.51/Documents/github/Spirals/Media/data/cluster/endsim/BehaviorSearch/Step6_Trial""","true","0.6000000000000001","0.4","9","0","true","true","""839431787""","0.18871286173243165","0.18871286173243165","0.18871286173243165","0","0.18871286173243165"
"1","386","396","1000","1","""HK""","0.09","false","""normal""","1","""constant""","0.2","""Scale-free""","2","0","1","""uniform""","""deterministic-normal""","10","0.30000000000000004","0.5","""normal""","-0.19999999999999996","0.8","false","""/home/ramaswamy.51/Documents/github/Spirals/Media/data/cluster/endsim/BehaviorSearch/Step6_Trial""","true","0.6000000000000001","0.4","9","0","true","true","""-1676786506""","0.1607183191320036","0.1607183191320036","0.1607183191320036","0","0.1607183191320036"
"1","387","396","1000","1","""HK""","0.09","false","""normal""","1","""constant""","0.2","""Scale-free""","2","0","1","""uniform""","""deterministic-normal""","10","0.30000000000000004","0.5","""normal""","-0.19999999999999996","0.8","false","""/home/ramaswamy.51/Documents/github/Spirals/Media/data/cluster/endsim/BehaviorSearch/Step6_Trial""","true","0.6000000000000001","0.4","9","0","true","true","""1252761439""","0.16816476736860914","0.16816476736860914","0.16816476736860914","0","0.16816476736860914"
"1","388","396","1000","1","""HK""","0.09","false","""normal""","1","""constant""","0.2","""Scale-free""","2","0","1","""uniform""","""deterministic-normal""","10","0.30000000000000004","0.5","""normal""","-0.19999999999999996","0.8","false","""/home/ramaswamy.51/Documents/github/Spirals/Media/data/cluster/endsim/BehaviorSearch/Step6_Trial""","true","0.6000000000000001","0.4","9","0","true","true","""-1287683798""","0.16948680936814528","0.16948680936814528","0.16948680936814528","0","0.16948680936814528"
"1","389","400","1000","1","""HK""","0.09999999999999999","false","""normal""","1","""constant""","0.1","""Scale-free""","2","0","1","""uniform""","""deterministic-normal""","0","0.30000000000000004","0.4","""normal""","-0.6","0.6000000000000001","false","""/home/ramaswamy.51/Documents/github/Spirals/Media/data/cluster/endsim/BehaviorSearch/Step6_Trial""","true","0.4","0.4","9","0","true","true","""130809146""","0.2415836199106636","0.2415836199106636","0.2415836199106636","0","0.2415836199106636"
"1","390","400","1000","1","""HK""","0.09999999999999999","false","""normal""","1","""constant""","0.1","""Scale-free""","2","0","1","""uniform""","""deterministic-normal""","0","0.30000000000000004","0.4","""normal""","-0.6","0.6000000000000001","false","""/home/ramaswamy.51/Documents/github/Spirals/Media/data/cluster/endsim/BehaviorSearch/Step6_Trial""","true","0.4","0.4","9","0","true","true","""-78545080""","0.23296449859854407","0.23296449859854407","0.23296449859854407","0","0.23296449859854407"
"1","391","400","1000","1","""HK""","0.09999999999999999","false","""normal""","1","""constant""","0.1","""Scale-free""","2","0","1","""uniform""","""deterministic-normal""","0","0.30000000000000004","0.4","""normal""","-0.6","0.6000000000000001","false","""/home/ramaswamy.51/Documents/github/Spirals/Media/data/cluster/endsim/BehaviorSearch/Step6_Trial""","true","0.4","0.4","9","0","true","true","""1845004758""","0.21430376087172417","0.21430376087172417","0.21430376087172417","0","0.21430376087172417"
"1","392","400","1000","1","""HK""","0.09999999999999999","false","""normal""","1","""constant""","0.1","""Scale-free""","2","0","1","""uniform""","""deterministic-normal""","0","0.30000000000000004","0.4","""normal""","-0.6","0.6000000000000001","false","""/home/ramaswamy.51/Documents/github/Spirals/Media/data/cluster/endsim/BehaviorSearch/Step6_Trial""","true","0.4","0.4","9","0","true","true","""879419636""","0.2212069680015948","0.2212069680015948","0.2212069680015948","0","0.2212069680015948"
"1","393","404","1000","1","""HK""","0.08","false","""normal""","1","""constant""","0.2","""Scale-free""","2","0","1","""uniform""","""deterministic-normal""","5","0.30000000000000004","0.4","""normal""","0.30000000000000004","0.8","false","""/home/ramaswamy.51/Documents/github/Spirals/Media/data/cluster/endsim/BehaviorSearch/Step6_Trial""","true","0.7000000000000001","0.4","6","0.20000000000000018","true","true","""116462465""","0.20470974458958568","0.20470974458958568","0.20470974458958568","0","0.20470974458958568"
"1","394","404","1000","1","""HK""","0.08","false","""normal""","1","""constant""","0.2","""Scale-free""","2","0","1","""uniform""","""deterministic-normal""","5","0.30000000000000004","0.4","""normal""","0.30000000000000004","0.8","false","""/home/ramaswamy.51/Documents/github/Spirals/Media/data/cluster/endsim/BehaviorSearch/Step6_Trial""","true","0.7000000000000001","0.4","6","0.20000000000000018","true","true","""-1351786163""","0.18893219741752326","0.18893219741752326","0.18893219741752326","0","0.18893219741752326"
"1","395","404","1000","1","""HK""","0.08","false","""normal""","1","""constant""","0.2","""Scale-free""","2","0","1","""uniform""","""deterministic-normal""","5","0.30000000000000004","0.4","""normal""","0.30000000000000004","0.8","false","""/home/ramaswamy.51/Documents/github/Spirals/Media/data/cluster/endsim/BehaviorSearch/Step6_Trial""","true","0.7000000000000001","0.4","6","0.20000000000000018","true","true","""-1625476205""","0.18700214680535718","0.18700214680535718","0.18700214680535718","0","0.18700214680535718"
"1","396","404","1000","1","""HK""","0.08","false","""normal""","1","""constant""","0.2","""Scale-free""","2","0","1","""uniform""","""deterministic-normal""","5","0.30000000000000004","0.4","""normal""","0.30000000000000004","0.8","false","""/home/ramaswamy.51/Documents/github/Spirals/Media/data/cluster/endsim/BehaviorSearch/Step6_Trial""","true","0.7000000000000001","0.4","6","0.20000000000000018","true","true","""859726190""","0.19998158527323293","0.19998158527323293","0.19998158527323293","0","0.19998158527323293"
"1","397","408","1000","1","""HK""","0.08","false","""normal""","1","""constant""","0.2","""Scale-free""","2","0","1","""uniform""","""deterministic-normal""","5","0.30000000000000004","0.4","""normal""","-0.09999999999999998","0.8","false","""/home/ramaswamy.51/Documents/github/Spirals/Media/data/cluster/endsim/BehaviorSearch/Step6_Trial""","true","0.6000000000000001","0.5","9","0.20000000000000018","true","true","""-414839408""","0.1598653021481114","0.1598653021481114","0.1598653021481114","0","0.1598653021481114"
"1","398","408","1000","1","""HK""","0.08","false","""normal""","1","""constant""","0.2","""Scale-free""","2","0","1","""uniform""","""deterministic-normal""","5","0.30000000000000004","0.4","""normal""","-0.09999999999999998","0.8","false","""/home/ramaswamy.51/Documents/github/Spirals/Media/data/cluster/endsim/BehaviorSearch/Step6_Trial""","true","0.6000000000000001","0.5","9","0.20000000000000018","true","true","""938558530""","0.15523775479582488","0.15523775479582488","0.15523775479582488","0","0.15523775479582488"
"1","399","408","1000","1","""HK""","0.08","false","""normal""","1","""constant""","0.2","""Scale-free""","2","0","1","""uniform""","""deterministic-normal""","5","0.30000000000000004","0.4","""normal""","-0.09999999999999998","0.8","false","""/home/ramaswamy.51/Documents/github/Spirals/Media/data/cluster/endsim/BehaviorSearch/Step6_Trial""","true","0.6000000000000001","0.5","9","0.20000000000000018","true","true","""-259993459""","0.1313438826619523","0.1313438826619523","0.1313438826619523","0","0.1313438826619523"
"1","400","408","1000","1","""HK""","0.08","false","""normal""","1","""constant""","0.2","""Scale-free""","2","0","1","""uniform""","""deterministic-normal""","5","0.30000000000000004","0.4","""normal""","-0.09999999999999998","0.8","false","""/home/ramaswamy.51/Documents/github/Spirals/Media/data/cluster/endsim/BehaviorSearch/Step6_Trial""","true","0.6000000000000001","0.5","9","0.20000000000000018","true","true","""126149279""","0.15265505938109897","0.15265505938109897","0.15265505938109897","0","0.15265505938109897"
"1","401","412","1000","1","""HK""","0.08","false","""normal""","1","""constant""","0.2","""Scale-free""","2","0","1","""uniform""","""deterministic-normal""","15","0.20000000000000018","0.30000000000000004","""normal""","-0.09999999999999998","0.6000000000000001","false","""/home/ramaswamy.51/Documents/github/Spirals/Media/data/cluster/endsim/BehaviorSearch/Step6_Trial""","true","0.4","0.5","9","0","true","true","""-1533146175""","0.22179980097393126","0.22179980097393126","0.22179980097393126","0","0.22179980097393126"
"1","402","412","1000","1","""HK""","0.08","false","""normal""","1","""constant""","0.2","""Scale-free""","2","0","1","""uniform""","""deterministic-normal""","15","0.20000000000000018","0.30000000000000004","""normal""","-0.09999999999999998","0.6000000000000001","false","""/home/ramaswamy.51/Documents/github/Spirals/Media/data/cluster/endsim/BehaviorSearch/Step6_Trial""","true","0.4","0.5","9","0","true","true","""-1374867423""","0.19937423796142079","0.19937423796142079","0.19937423796142079","0","0.19937423796142079"
"1","403","412","1000","1","""HK""","0.08","false","""normal""","1","""constant""","0.2","""Scale-free""","2","0","1","""uniform""","""deterministic-normal""","15","0.20000000000000018","0.30000000000000004","""normal""","-0.09999999999999998","0.6000000000000001","false","""/home/ramaswamy.51/Documents/github/Spirals/Media/data/cluster/endsim/BehaviorSearch/Step6_Trial""","true","0.4","0.5","9","0","true","true","""1001479302""","0.22872927571444657","0.22872927571444657","0.22872927571444657","0","0.22872927571444657"
"1","404","412","1000","1","""HK""","0.08","false","""normal""","1","""constant""","0.2","""Scale-free""","2","0","1","""uniform""","""deterministic-normal""","15","0.20000000000000018","0.30000000000000004","""normal""","-0.09999999999999998","0.6000000000000001","false","""/home/ramaswamy.51/Documents/github/Spirals/Media/data/cluster/endsim/BehaviorSearch/Step6_Trial""","true","0.4","0.5","9","0","true","true","""1394200801""","0.2232217745393509","0.2232217745393509","0.2232217745393509","0","0.2232217745393509"
"1","405","416","1000","1","""HK""","0.08","false","""normal""","1","""constant""","0.2","""Scale-free""","2","0","1","""uniform""","""deterministic-normal""","5","0.20000000000000018","0.30000000000000004","""normal""","-0.19999999999999996","0.6000000000000001","false","""/home/ramaswamy.51/Documents/github/Spirals/Media/data/cluster/endsim/BehaviorSearch/Step6_Trial""","true","0.4","0.4","9","-0.3999999999999999","true","true","""-2098318974""","0.24447903987122133","0.24447903987122133","0.24447903987122133","0","0.24447903987122133"
"1","406","416","1000","1","""HK""","0.08","false","""normal""","1","""constant""","0.2","""Scale-free""","2","0","1","""uniform""","""deterministic-normal""","5","0.20000000000000018","0.30000000000000004","""normal""","-0.19999999999999996","0.6000000000000001","false","""/home/ramaswamy.51/Documents/github/Spirals/Media/data/cluster/endsim/BehaviorSearch/Step6_Trial""","true","0.4","0.4","9","-0.3999999999999999","true","true","""-1341932288""","0.2583961967433914","0.2583961967433914","0.2583961967433914","0","0.2583961967433914"
"1","407","416","1000","1","""HK""","0.08","false","""normal""","1","""constant""","0.2","""Scale-free""","2","0","1","""uniform""","""deterministic-normal""","5","0.20000000000000018","0.30000000000000004","""normal""","-0.19999999999999996","0.6000000000000001","false","""/home/ramaswamy.51/Documents/github/Spirals/Media/data/cluster/endsim/BehaviorSearch/Step6_Trial""","true","0.4","0.4","9","-0.3999999999999999","true","true","""1138161065""","0.24219587228923736","0.24219587228923736","0.24219587228923736","0","0.24219587228923736"
"1","408","416","1000","1","""HK""","0.08","false","""normal""","1","""constant""","0.2","""Scale-free""","2","0","1","""uniform""","""deterministic-normal""","5","0.20000000000000018","0.30000000000000004","""normal""","-0.19999999999999996","0.6000000000000001","false","""/home/ramaswamy.51/Documents/github/Spirals/Media/data/cluster/endsim/BehaviorSearch/Step6_Trial""","true","0.4","0.4","9","-0.3999999999999999","true","true","""-496878264""","0.2508301524040246","0.2508301524040246","0.2508301524040246","0","0.2508301524040246"
"1","409","420","1000","1","""HK""","0.08","false","""normal""","1","""constant""","0.2","""Scale-free""","2","0","1","""uniform""","""deterministic-normal""","10","0.30000000000000004","0.5","""normal""","-0.09999999999999998","0.9","false","""/home/ramaswamy.51/Documents/github/Spirals/Media/data/cluster/endsim/BehaviorSearch/Step6_Trial""","true","0.6000000000000001","0.4","8","0","true","true","""-1027088856""","0.1451280175177323","0.1451280175177323","0.1451280175177323","0","0.1451280175177323"
"1","410","420","1000","1","""HK""","0.08","false","""normal""","1","""constant""","0.2","""Scale-free""","2","0","1","""uniform""","""deterministic-normal""","10","0.30000000000000004","0.5","""normal""","-0.09999999999999998","0.9","false","""/home/ramaswamy.51/Documents/github/Spirals/Media/data/cluster/endsim/BehaviorSearch/Step6_Trial""","true","0.6000000000000001","0.4","8","0","true","true","""1363552784""","0.16676637664245514","0.16676637664245514","0.16676637664245514","0","0.16676637664245514"
"1","411","420","1000","1","""HK""","0.08","false","""normal""","1","""constant""","0.2","""Scale-free""","2","0","1","""uniform""","""deterministic-normal""","10","0.30000000000000004","0.5","""normal""","-0.09999999999999998","0.9","false","""/home/ramaswamy.51/Documents/github/Spirals/Media/data/cluster/endsim/BehaviorSearch/Step6_Trial""","true","0.6000000000000001","0.4","8","0","true","true","""939992286""","0.1205058391568646","0.1205058391568646","0.1205058391568646","0","0.1205058391568646"
"1","412","420","1000","1","""HK""","0.08","false","""normal""","1","""constant""","0.2","""Scale-free""","2","0","1","""uniform""","""deterministic-normal""","10","0.30000000000000004","0.5","""normal""","-0.09999999999999998","0.9","false","""/home/ramaswamy.51/Documents/github/Spirals/Media/data/cluster/endsim/BehaviorSearch/Step6_Trial""","true","0.6000000000000001","0.4","8","0","true","true","""-1328419944""","0.14665555950403833","0.14665555950403833","0.14665555950403833","0","0.14665555950403833"
"1","413","424","1000","1","""HK""","0.05","false","""normal""","1","""constant""","0.30000000000000004","""Scale-free""","1","0","1","""uniform""","""deterministic-normal""","10","0.40000000000000013","0.4","""normal""","-0.29999999999999993","0.8","false","""/home/ramaswamy.51/Documents/github/Spirals/Media/data/cluster/endsim/BehaviorSearch/Step6_Trial""","true","0.6000000000000001","0.5","6","-0.29999999999999993","true","true","""551962310""","0.17060401439953118","0.17060401439953118","0.17060401439953118","0","0.17060401439953118"
"1","414","424","1000","1","""HK""","0.05","false","""normal""","1","""constant""","0.30000000000000004","""Scale-free""","1","0","1","""uniform""","""deterministic-normal""","10","0.40000000000000013","0.4","""normal""","-0.29999999999999993","0.8","false","""/home/ramaswamy.51/Documents/github/Spirals/Media/data/cluster/endsim/BehaviorSearch/Step6_Trial""","true","0.6000000000000001","0.5","6","-0.29999999999999993","true","true","""1423612011""","0.16768589987077692","0.16768589987077692","0.16768589987077692","0","0.16768589987077692"
"1","415","424","1000","1","""HK""","0.05","false","""normal""","1","""constant""","0.30000000000000004","""Scale-free""","1","0","1","""uniform""","""deterministic-normal""","10","0.40000000000000013","0.4","""normal""","-0.29999999999999993","0.8","false","""/home/ramaswamy.51/Documents/github/Spirals/Media/data/cluster/endsim/BehaviorSearch/Step6_Trial""","true","0.6000000000000001","0.5","6","-0.29999999999999993","true","true","""541787338""","0.17656422442293127","0.17656422442293127","0.17656422442293127","0","0.17656422442293127"
"1","416","424","1000","1","""HK""","0.05","false","""normal""","1","""constant""","0.30000000000000004","""Scale-free""","1","0","1","""uniform""","""deterministic-normal""","10","0.40000000000000013","0.4","""normal""","-0.29999999999999993","0.8","false","""/home/ramaswamy.51/Documents/github/Spirals/Media/data/cluster/endsim/BehaviorSearch/Step6_Trial""","true","0.6000000000000001","0.5","6","-0.29999999999999993","true","true","""-1692308110""","0.16112198711722606","0.16112198711722606","0.16112198711722606","0","0.16112198711722606"
"1","417","428","1000","1","""HK""","0.08","false","""normal""","1","""constant""","0.2","""Scale-free""","2","0","1","""uniform""","""deterministic-normal""","10","0.30000000000000004","0.5","""normal""","-0.3999999999999999","0.8","false","""/home/ramaswamy.51/Documents/github/Spirals/Media/data/cluster/endsim/BehaviorSearch/Step6_Trial""","true","0.6000000000000001","0.4","9","0","true","true","""257721204""","0.14676736365431362","0.14676736365431362","0.14676736365431362","0","0.14676736365431362"
"1","418","428","1000","1","""HK""","0.08","false","""normal""","1","""constant""","0.2","""Scale-free""","2","0","1","""uniform""","""deterministic-normal""","10","0.30000000000000004","0.5","""normal""","-0.3999999999999999","0.8","false","""/home/ramaswamy.51/Documents/github/Spirals/Media/data/cluster/endsim/BehaviorSearch/Step6_Trial""","true","0.6000000000000001","0.4","9","0","true","true","""-2044932307""","0.14312173644873655","0.14312173644873655","0.14312173644873655","0","0.14312173644873655"
"1","419","428","1000","1","""HK""","0.08","false","""normal""","1","""constant""","0.2","""Scale-free""","2","0","1","""uniform""","""deterministic-normal""","10","0.30000000000000004","0.5","""normal""","-0.3999999999999999","0.8","false","""/home/ramaswamy.51/Documents/github/Spirals/Media/data/cluster/endsim/BehaviorSearch/Step6_Trial""","true","0.6000000000000001","0.4","9","0","true","true","""1665593921""","0.16287850645033494","0.16287850645033494","0.16287850645033494","0","0.16287850645033494"
"1","420","428","1000","1","""HK""","0.08","false","""normal""","1","""constant""","0.2","""Scale-free""","2","0","1","""uniform""","""deterministic-normal""","10","0.30000000000000004","0.5","""normal""","-0.3999999999999999","0.8","false","""/home/ramaswamy.51/Documents/github/Spirals/Media/data/cluster/endsim/BehaviorSearch/Step6_Trial""","true","0.6000000000000001","0.4","9","0","true","true","""1841791864""","0.14190271505567106","0.14190271505567106","0.14190271505567106","0","0.14190271505567106"
"1","421","432","1000","1","""HK""","0.05","false","""normal""","1","""constant""","0.1","""Scale-free""","2","0","1","""uniform""","""deterministic-normal""","10","0.30000000000000004","0.4","""normal""","-0.29999999999999993","0.9","false","""/home/ramaswamy.51/Documents/github/Spirals/Media/data/cluster/endsim/BehaviorSearch/Step6_Trial""","true","0.6000000000000001","0.5","7","-0.29999999999999993","true","true","""92090543""","0.1678154677988647","0.1678154677988647","0.1678154677988647","0","0.1678154677988647"
"1","422","432","1000","1","""HK""","0.05","false","""normal""","1","""constant""","0.1","""Scale-free""","2","0","1","""uniform""","""deterministic-normal""","10","0.30000000000000004","0.4","""normal""","-0.29999999999999993","0.9","false","""/home/ramaswamy.51/Documents/github/Spirals/Media/data/cluster/endsim/BehaviorSearch/Step6_Trial""","true","0.6000000000000001","0.5","7","-0.29999999999999993","true","true","""367443628""","0.1897915616955817","0.1897915616955817","0.1897915616955817","0","0.1897915616955817"
"1","423","432","1000","1","""HK""","0.05","false","""normal""","1","""constant""","0.1","""Scale-free""","2","0","1","""uniform""","""deterministic-normal""","10","0.30000000000000004","0.4","""normal""","-0.29999999999999993","0.9","false","""/home/ramaswamy.51/Documents/github/Spirals/Media/data/cluster/endsim/BehaviorSearch/Step6_Trial""","true","0.6000000000000001","0.5","7","-0.29999999999999993","true","true","""-352753241""","0.15657254708865706","0.15657254708865706","0.15657254708865706","0","0.15657254708865706"
"1","424","432","1000","1","""HK""","0.05","false","""normal""","1","""constant""","0.1","""Scale-free""","2","0","1","""uniform""","""deterministic-normal""","10","0.30000000000000004","0.4","""normal""","-0.29999999999999993","0.9","false","""/home/ramaswamy.51/Documents/github/Spirals/Media/data/cluster/endsim/BehaviorSearch/Step6_Trial""","true","0.6000000000000001","0.5","7","-0.29999999999999993","true","true","""480358314""","0.1779788160536902","0.1779788160536902","0.1779788160536902","0","0.1779788160536902"
"1","425","436","1000","1","""HK""","0.08","false","""normal""","1","""constant""","0.2","""Scale-free""","2","0","1","""uniform""","""deterministic-normal""","10","0.30000000000000004","0.5","""normal""","-0.09999999999999998","0.6000000000000001","false","""/home/ramaswamy.51/Documents/github/Spirals/Media/data/cluster/endsim/BehaviorSearch/Step6_Trial""","true","0.5","0.4","9","0.10000000000000009","true","true","""1000263697""","0.21540732108558247","0.21540732108558247","0.21540732108558247","0","0.21540732108558247"
"1","426","436","1000","1","""HK""","0.08","false","""normal""","1","""constant""","0.2","""Scale-free""","2","0","1","""uniform""","""deterministic-normal""","10","0.30000000000000004","0.5","""normal""","-0.09999999999999998","0.6000000000000001","false","""/home/ramaswamy.51/Documents/github/Spirals/Media/data/cluster/endsim/BehaviorSearch/Step6_Trial""","true","0.5","0.4","9","0.10000000000000009","true","true","""-123476865""","0.2247557689124791","0.2247557689124791","0.2247557689124791","0","0.2247557689124791"
"1","427","436","1000","1","""HK""","0.08","false","""normal""","1","""constant""","0.2","""Scale-free""","2","0","1","""uniform""","""deterministic-normal""","10","0.30000000000000004","0.5","""normal""","-0.09999999999999998","0.6000000000000001","false","""/home/ramaswamy.51/Documents/github/Spirals/Media/data/cluster/endsim/BehaviorSearch/Step6_Trial""","true","0.5","0.4","9","0.10000000000000009","true","true","""-1866358697""","0.20668157537247045","0.20668157537247045","0.20668157537247045","0","0.20668157537247045"
"1","428","436","1000","1","""HK""","0.08","false","""normal""","1","""constant""","0.2","""Scale-free""","2","0","1","""uniform""","""deterministic-normal""","10","0.30000000000000004","0.5","""normal""","-0.09999999999999998","0.6000000000000001","false","""/home/ramaswamy.51/Documents/github/Spirals/Media/data/cluster/endsim/BehaviorSearch/Step6_Trial""","true","0.5","0.4","9","0.10000000000000009","true","true","""1457472998""","0.2231296159723078","0.2231296159723078","0.2231296159723078","0","0.2231296159723078"
"1","429","440","1000","1","""HK""","0.02","false","""normal""","1","""constant""","0.1","""Scale-free""","2","0","1","""uniform""","""deterministic-normal""","0","0.10000000000000009","0.4","""normal""","-0.09999999999999998","0.6000000000000001","false","""/home/ramaswamy.51/Documents/github/Spirals/Media/data/cluster/endsim/BehaviorSearch/Step6_Trial""","true","0.4","0.4","9","-0.29999999999999993","true","true","""1512551731""","0.10479816613730882","0.10479816613730882","0.10479816613730882","0","0.10479816613730882"
"1","430","440","1000","1","""HK""","0.02","false","""normal""","1","""constant""","0.1","""Scale-free""","2","0","1","""uniform""","""deterministic-normal""","0","0.10000000000000009","0.4","""normal""","-0.09999999999999998","0.6000000000000001","false","""/home/ramaswamy.51/Documents/github/Spirals/Media/data/cluster/endsim/BehaviorSearch/Step6_Trial""","true","0.4","0.4","9","-0.29999999999999993","true","true","""272701549""","0.11609955797265567","0.11609955797265567","0.11609955797265567","0","0.11609955797265567"
"1","431","440","1000","1","""HK""","0.02","false","""normal""","1","""constant""","0.1","""Scale-free""","2","0","1","""uniform""","""deterministic-normal""","0","0.10000000000000009","0.4","""normal""","-0.09999999999999998","0.6000000000000001","false","""/home/ramaswamy.51/Documents/github/Spirals/Media/data/cluster/endsim/BehaviorSearch/Step6_Trial""","true","0.4","0.4","9","-0.29999999999999993","true","true","""393090730""","0.11098516696315538","0.11098516696315538","0.11098516696315538","0","0.11098516696315538"
"1","432","440","1000","1","""HK""","0.02","false","""normal""","1","""constant""","0.1","""Scale-free""","2","0","1","""uniform""","""deterministic-normal""","0","0.10000000000000009","0.4","""normal""","-0.09999999999999998","0.6000000000000001","false","""/home/ramaswamy.51/Documents/github/Spirals/Media/data/cluster/endsim/BehaviorSearch/Step6_Trial""","true","0.4","0.4","9","-0.29999999999999993","true","true","""670440437""","0.12699874197855088","0.12699874197855088","0.12699874197855088","0","0.12699874197855088"
"1","433","444","1000","1","""HK""","0.01","false","""normal""","1","""constant""","0.2","""Scale-free""","2","0","1","""uniform""","""deterministic-normal""","10","0.40000000000000013","0.5","""normal""","-0.3999999999999999","0.8","false","""/home/ramaswamy.51/Documents/github/Spirals/Media/data/cluster/endsim/BehaviorSearch/Step6_Trial""","true","0.6000000000000001","0.4","9","-0.19999999999999996","true","true","""-1000924253""","0.15631639575451917","0.15631639575451917","0.15631639575451917","0","0.15631639575451917"
"1","434","444","1000","1","""HK""","0.01","false","""normal""","1","""constant""","0.2","""Scale-free""","2","0","1","""uniform""","""deterministic-normal""","10","0.40000000000000013","0.5","""normal""","-0.3999999999999999","0.8","false","""/home/ramaswamy.51/Documents/github/Spirals/Media/data/cluster/endsim/BehaviorSearch/Step6_Trial""","true","0.6000000000000001","0.4","9","-0.19999999999999996","true","true","""1311345133""","0.15842279362415793","0.15842279362415793","0.15842279362415793","0","0.15842279362415793"
"1","435","444","1000","1","""HK""","0.01","false","""normal""","1","""constant""","0.2","""Scale-free""","2","0","1","""uniform""","""deterministic-normal""","10","0.40000000000000013","0.5","""normal""","-0.3999999999999999","0.8","false","""/home/ramaswamy.51/Documents/github/Spirals/Media/data/cluster/endsim/BehaviorSearch/Step6_Trial""","true","0.6000000000000001","0.4","9","-0.19999999999999996","true","true","""1003289407""","0.17222707548995414","0.17222707548995414","0.17222707548995414","0","0.17222707548995414"
"1","436","444","1000","1","""HK""","0.01","false","""normal""","1","""constant""","0.2","""Scale-free""","2","0","1","""uniform""","""deterministic-normal""","10","0.40000000000000013","0.5","""normal""","-0.3999999999999999","0.8","false","""/home/ramaswamy.51/Documents/github/Spirals/Media/data/cluster/endsim/BehaviorSearch/Step6_Trial""","true","0.6000000000000001","0.4","9","-0.19999999999999996","true","true","""-39181655""","0.13983073404526197","0.13983073404526197","0.13983073404526197","0","0.13983073404526197"
"1","437","448","1000","1","""HK""","0.09999999999999999","false","""normal""","1","""constant""","0.1","""Scale-free""","2","0","1","""uniform""","""deterministic-normal""","10","0.10000000000000009","0.30000000000000004","""normal""","-0.19999999999999996","0.5","false","""/home/ramaswamy.51/Documents/github/Spirals/Media/data/cluster/endsim/BehaviorSearch/Step6_Trial""","true","0.4","0.5","9","0.5","true","true","""654631646""","0.1958992347984058","0.1958992347984058","0.1958992347984058","0","0.1958992347984058"
"1","438","448","1000","1","""HK""","0.09999999999999999","false","""normal""","1","""constant""","0.1","""Scale-free""","2","0","1","""uniform""","""deterministic-normal""","10","0.10000000000000009","0.30000000000000004","""normal""","-0.19999999999999996","0.5","false","""/home/ramaswamy.51/Documents/github/Spirals/Media/data/cluster/endsim/BehaviorSearch/Step6_Trial""","true","0.4","0.5","9","0.5","true","true","""1646227567""","0.18934248078342467","0.18934248078342467","0.18934248078342467","0","0.18934248078342467"
"1","439","448","1000","1","""HK""","0.09999999999999999","false","""normal""","1","""constant""","0.1","""Scale-free""","2","0","1","""uniform""","""deterministic-normal""","10","0.10000000000000009","0.30000000000000004","""normal""","-0.19999999999999996","0.5","false","""/home/ramaswamy.51/Documents/github/Spirals/Media/data/cluster/endsim/BehaviorSearch/Step6_Trial""","true","0.4","0.5","9","0.5","true","true","""-1430529316""","0.17489519716341126","0.17489519716341126","0.17489519716341126","0","0.17489519716341126"
"1","440","448","1000","1","""HK""","0.09999999999999999","false","""normal""","1","""constant""","0.1","""Scale-free""","2","0","1","""uniform""","""deterministic-normal""","10","0.10000000000000009","0.30000000000000004","""normal""","-0.19999999999999996","0.5","false","""/home/ramaswamy.51/Documents/github/Spirals/Media/data/cluster/endsim/BehaviorSearch/Step6_Trial""","true","0.4","0.5","9","0.5","true","true","""-1712897714""","0.17876453724544875","0.17876453724544875","0.17876453724544875","0","0.17876453724544875"
"1","441","452","1000","1","""HK""","0.09999999999999999","false","""normal""","1","""constant""","0.1","""Scale-free""","3","0","1","""uniform""","""deterministic-normal""","0","0.30000000000000004","0.4","""normal""","-0.09999999999999998","0.5","false","""/home/ramaswamy.51/Documents/github/Spirals/Media/data/cluster/endsim/BehaviorSearch/Step6_Trial""","true","0.5","0.4","9","0","true","true","""1214211426""","0.15953433001067246","0.15953433001067246","0.15953433001067246","0","0.15953433001067246"
"1","442","452","1000","1","""HK""","0.09999999999999999","false","""normal""","1","""constant""","0.1","""Scale-free""","3","0","1","""uniform""","""deterministic-normal""","0","0.30000000000000004","0.4","""normal""","-0.09999999999999998","0.5","false","""/home/ramaswamy.51/Documents/github/Spirals/Media/data/cluster/endsim/BehaviorSearch/Step6_Trial""","true","0.5","0.4","9","0","true","true","""1763964017""","0.17476987530608298","0.17476987530608298","0.17476987530608298","0","0.17476987530608298"
"1","443","452","1000","1","""HK""","0.09999999999999999","false","""normal""","1","""constant""","0.1","""Scale-free""","3","0","1","""uniform""","""deterministic-normal""","0","0.30000000000000004","0.4","""normal""","-0.09999999999999998","0.5","false","""/home/ramaswamy.51/Documents/github/Spirals/Media/data/cluster/endsim/BehaviorSearch/Step6_Trial""","true","0.5","0.4","9","0","true","true","""1708256541""","0.18530330898122704","0.18530330898122704","0.18530330898122704","0","0.18530330898122704"
"1","444","452","1000","1","""HK""","0.09999999999999999","false","""normal""","1","""constant""","0.1","""Scale-free""","3","0","1","""uniform""","""deterministic-normal""","0","0.30000000000000004","0.4","""normal""","-0.09999999999999998","0.5","false","""/home/ramaswamy.51/Documents/github/Spirals/Media/data/cluster/endsim/BehaviorSearch/Step6_Trial""","true","0.5","0.4","9","0","true","true","""-1695599491""","0.15749750294063014","0.15749750294063014","0.15749750294063014","0","0.15749750294063014"
"1","445","456","1000","1","""HK""","0.08","false","""normal""","1","""constant""","0.1","""Scale-free""","2","0","1","""uniform""","""deterministic-normal""","0","0.20000000000000018","0.4","""normal""","-0.09999999999999998","0.8","false","""/home/ramaswamy.51/Documents/github/Spirals/Media/data/cluster/endsim/BehaviorSearch/Step6_Trial""","true","0.6000000000000001","0.5","6","-0.29999999999999993","true","true","""116167434""","0.1507983968668357","0.1507983968668357","0.1507983968668357","0","0.1507983968668357"
"1","446","456","1000","1","""HK""","0.08","false","""normal""","1","""constant""","0.1","""Scale-free""","2","0","1","""uniform""","""deterministic-normal""","0","0.20000000000000018","0.4","""normal""","-0.09999999999999998","0.8","false","""/home/ramaswamy.51/Documents/github/Spirals/Media/data/cluster/endsim/BehaviorSearch/Step6_Trial""","true","0.6000000000000001","0.5","6","-0.29999999999999993","true","true","""-1230956602""","0.16159432941197008","0.16159432941197008","0.16159432941197008","0","0.16159432941197008"
"1","447","456","1000","1","""HK""","0.08","false","""normal""","1","""constant""","0.1","""Scale-free""","2","0","1","""uniform""","""deterministic-normal""","0","0.20000000000000018","0.4","""normal""","-0.09999999999999998","0.8","false","""/home/ramaswamy.51/Documents/github/Spirals/Media/data/cluster/endsim/BehaviorSearch/Step6_Trial""","true","0.6000000000000001","0.5","6","-0.29999999999999993","true","true","""578736565""","0.18950284130548625","0.18950284130548625","0.18950284130548625","0","0.18950284130548625"
"1","448","456","1000","1","""HK""","0.08","false","""normal""","1","""constant""","0.1","""Scale-free""","2","0","1","""uniform""","""deterministic-normal""","0","0.20000000000000018","0.4","""normal""","-0.09999999999999998","0.8","false","""/home/ramaswamy.51/Documents/github/Spirals/Media/data/cluster/endsim/BehaviorSearch/Step6_Trial""","true","0.6000000000000001","0.5","6","-0.29999999999999993","true","true","""1571933246""","0.15790918796017006","0.15790918796017006","0.15790918796017006","0","0.15790918796017006"
"1","449","460","1000","1","""HK""","0.08","false","""normal""","1","""constant""","0.1","""Scale-free""","2","0","1","""uniform""","""deterministic-normal""","10","0.20000000000000018","0.30000000000000004","""normal""","-0.5","0.6000000000000001","false","""/home/ramaswamy.51/Documents/github/Spirals/Media/data/cluster/endsim/BehaviorSearch/Step6_Trial""","true","0.4","0.4","9","0","true","true","""-2086861262""","0.2060934532414371","0.2060934532414371","0.2060934532414371","0","0.2060934532414371"
"1","450","460","1000","1","""HK""","0.08","false","""normal""","1","""constant""","0.1","""Scale-free""","2","0","1","""uniform""","""deterministic-normal""","10","0.20000000000000018","0.30000000000000004","""normal""","-0.5","0.6000000000000001","false","""/home/ramaswamy.51/Documents/github/Spirals/Media/data/cluster/endsim/BehaviorSearch/Step6_Trial""","true","0.4","0.4","9","0","true","true","""-1482904704""","0.2069122938624945","0.2069122938624945","0.2069122938624945","0","0.2069122938624945"
"1","451","460","1000","1","""HK""","0.08","false","""normal""","1","""constant""","0.1","""Scale-free""","2","0","1","""uniform""","""deterministic-normal""","10","0.20000000000000018","0.30000000000000004","""normal""","-0.5","0.6000000000000001","false","""/home/ramaswamy.51/Documents/github/Spirals/Media/data/cluster/endsim/BehaviorSearch/Step6_Trial""","true","0.4","0.4","9","0","true","true","""-1526133362""","0.20002150625665768","0.20002150625665768","0.20002150625665768","0","0.20002150625665768"
"1","452","460","1000","1","""HK""","0.08","false","""normal""","1","""constant""","0.1","""Scale-free""","2","0","1","""uniform""","""deterministic-normal""","10","0.20000000000000018","0.30000000000000004","""normal""","-0.5","0.6000000000000001","false","""/home/ramaswamy.51/Documents/github/Spirals/Media/data/cluster/endsim/BehaviorSearch/Step6_Trial""","true","0.4","0.4","9","0","true","true","""-576814148""","0.19455045943693525","0.19455045943693525","0.19455045943693525","0","0.19455045943693525"
"1","453","464","1000","1","""HK""","0.01","false","""normal""","1","""constant""","0.2","""Scale-free""","2","0","1","""uniform""","""deterministic-normal""","10","0.30000000000000004","0.4","""normal""","-0.09999999999999998","1","false","""/home/ramaswamy.51/Documents/github/Spirals/Media/data/cluster/endsim/BehaviorSearch/Step6_Trial""","true","0.5","0.4","9","0","true","true","""870953748""","0.1453219104699165","0.1453219104699165","0.1453219104699165","0","0.1453219104699165"
"1","454","464","1000","1","""HK""","0.01","false","""normal""","1","""constant""","0.2","""Scale-free""","2","0","1","""uniform""","""deterministic-normal""","10","0.30000000000000004","0.4","""normal""","-0.09999999999999998","1","false","""/home/ramaswamy.51/Documents/github/Spirals/Media/data/cluster/endsim/BehaviorSearch/Step6_Trial""","true","0.5","0.4","9","0","true","true","""233171568""","0.1475788175449613","0.1475788175449613","0.1475788175449613","0","0.1475788175449613"
"1","455","464","1000","1","""HK""","0.01","false","""normal""","1","""constant""","0.2","""Scale-free""","2","0","1","""uniform""","""deterministic-normal""","10","0.30000000000000004","0.4","""normal""","-0.09999999999999998","1","false","""/home/ramaswamy.51/Documents/github/Spirals/Media/data/cluster/endsim/BehaviorSearch/Step6_Trial""","true","0.5","0.4","9","0","true","true","""140158435""","0.17338686410458695","0.17338686410458695","0.17338686410458695","0","0.17338686410458695"
"1","456","464","1000","1","""HK""","0.01","false","""normal""","1","""constant""","0.2","""Scale-free""","2","0","1","""uniform""","""deterministic-normal""","10","0.30000000000000004","0.4","""normal""","-0.09999999999999998","1","false","""/home/ramaswamy.51/Documents/github/Spirals/Media/data/cluster/endsim/BehaviorSearch/Step6_Trial""","true","0.5","0.4","9","0","true","true","""1239507854""","0.1354505566078278","0.1354505566078278","0.1354505566078278","0","0.1354505566078278"
"1","457","468","1000","1","""HK""","0.08","false","""normal""","1","""constant""","0.2","""Scale-free""","2","0","1","""uniform""","""deterministic-normal""","10","0.20000000000000018","0.5","""normal""","0.10000000000000009","0.9","false","""/home/ramaswamy.51/Documents/github/Spirals/Media/data/cluster/endsim/BehaviorSearch/Step6_Trial""","true","0.4","0.2","9","0","true","true","""1949694236""","0.17859349897077656","0.17859349897077656","0.17859349897077656","0","0.17859349897077656"
"1","458","468","1000","1","""HK""","0.08","false","""normal""","1","""constant""","0.2","""Scale-free""","2","0","1","""uniform""","""deterministic-normal""","10","0.20000000000000018","0.5","""normal""","0.10000000000000009","0.9","false","""/home/ramaswamy.51/Documents/github/Spirals/Media/data/cluster/endsim/BehaviorSearch/Step6_Trial""","true","0.4","0.2","9","0","true","true","""-1155768578""","0.19612945487186817","0.19612945487186817","0.19612945487186817","0","0.19612945487186817"
"1","459","468","1000","1","""HK""","0.08","false","""normal""","1","""constant""","0.2","""Scale-free""","2","0","1","""uniform""","""deterministic-normal""","10","0.20000000000000018","0.5","""normal""","0.10000000000000009","0.9","false","""/home/ramaswamy.51/Documents/github/Spirals/Media/data/cluster/endsim/BehaviorSearch/Step6_Trial""","true","0.4","0.2","9","0","true","true","""769163346""","0.19423438533441087","0.19423438533441087","0.19423438533441087","0","0.19423438533441087"
"1","460","468","1000","1","""HK""","0.08","false","""normal""","1","""constant""","0.2","""Scale-free""","2","0","1","""uniform""","""deterministic-normal""","10","0.20000000000000018","0.5","""normal""","0.10000000000000009","0.9","false","""/home/ramaswamy.51/Documents/github/Spirals/Media/data/cluster/endsim/BehaviorSearch/Step6_Trial""","true","0.4","0.2","9","0","true","true","""-1162604472""","0.19277644373843134","0.19277644373843134","0.19277644373843134","0","0.19277644373843134"
"1","461","472","1000","1","""HK""","0.09","false","""normal""","1","""constant""","0.1","""Scale-free""","2","0","1","""uniform""","""deterministic-normal""","0","0.30000000000000004","0.4","""normal""","0.30000000000000004","0.6000000000000001","false","""/home/ramaswamy.51/Documents/github/Spirals/Media/data/cluster/endsim/BehaviorSearch/Step6_Trial""","true","0.5","0.4","9","-0.09999999999999998","true","true","""1499806835""","0.18460207913406462","0.18460207913406462","0.18460207913406462","0","0.18460207913406462"
"1","462","472","1000","1","""HK""","0.09","false","""normal""","1","""constant""","0.1","""Scale-free""","2","0","1","""uniform""","""deterministic-normal""","0","0.30000000000000004","0.4","""normal""","0.30000000000000004","0.6000000000000001","false","""/home/ramaswamy.51/Documents/github/Spirals/Media/data/cluster/endsim/BehaviorSearch/Step6_Trial""","true","0.5","0.4","9","-0.09999999999999998","true","true","""141437614""","0.1932809707313035","0.1932809707313035","0.1932809707313035","0","0.1932809707313035"
"1","463","472","1000","1","""HK""","0.09","false","""normal""","1","""constant""","0.1","""Scale-free""","2","0","1","""uniform""","""deterministic-normal""","0","0.30000000000000004","0.4","""normal""","0.30000000000000004","0.6000000000000001","false","""/home/ramaswamy.51/Documents/github/Spirals/Media/data/cluster/endsim/BehaviorSearch/Step6_Trial""","true","0.5","0.4","9","-0.09999999999999998","true","true","""-1249394758""","0.18521624790236788","0.18521624790236788","0.18521624790236788","0","0.18521624790236788"
"1","464","472","1000","1","""HK""","0.09","false","""normal""","1","""constant""","0.1","""Scale-free""","2","0","1","""uniform""","""deterministic-normal""","0","0.30000000000000004","0.4","""normal""","0.30000000000000004","0.6000000000000001","false","""/home/ramaswamy.51/Documents/github/Spirals/Media/data/cluster/endsim/BehaviorSearch/Step6_Trial""","true","0.5","0.4","9","-0.09999999999999998","true","true","""1986398783""","0.1802038123365306","0.1802038123365306","0.1802038123365306","0","0.1802038123365306"
"1","465","476","1000","1","""HK""","0.08","false","""normal""","1","""constant""","0.2","""Scale-free""","1","0","1","""uniform""","""deterministic-normal""","5","0.20000000000000018","0.4","""normal""","-0.29999999999999993","1","false","""/home/ramaswamy.51/Documents/github/Spirals/Media/data/cluster/endsim/BehaviorSearch/Step6_Trial""","true","0.6000000000000001","0.5","6","0","true","true","""-732148560""","0.1575425487492465","0.1575425487492465","0.1575425487492465","0","0.1575425487492465"
"1","466","476","1000","1","""HK""","0.08","false","""normal""","1","""constant""","0.2","""Scale-free""","1","0","1","""uniform""","""deterministic-normal""","5","0.20000000000000018","0.4","""normal""","-0.29999999999999993","1","false","""/home/ramaswamy.51/Documents/github/Spirals/Media/data/cluster/endsim/BehaviorSearch/Step6_Trial""","true","0.6000000000000001","0.5","6","0","true","true","""1438310332""","0.1613038949881166","0.1613038949881166","0.1613038949881166","0","0.1613038949881166"
"1","467","476","1000","1","""HK""","0.08","false","""normal""","1","""constant""","0.2","""Scale-free""","1","0","1","""uniform""","""deterministic-normal""","5","0.20000000000000018","0.4","""normal""","-0.29999999999999993","1","false","""/home/ramaswamy.51/Documents/github/Spirals/Media/data/cluster/endsim/BehaviorSearch/Step6_Trial""","true","0.6000000000000001","0.5","6","0","true","true","""-1260200468""","0.14086613360732647","0.14086613360732647","0.14086613360732647","0","0.14086613360732647"
"1","468","476","1000","1","""HK""","0.08","false","""normal""","1","""constant""","0.2","""Scale-free""","1","0","1","""uniform""","""deterministic-normal""","5","0.20000000000000018","0.4","""normal""","-0.29999999999999993","1","false","""/home/ramaswamy.51/Documents/github/Spirals/Media/data/cluster/endsim/BehaviorSearch/Step6_Trial""","true","0.6000000000000001","0.5","6","0","true","true","""503352774""","0.14498881876483002","0.14498881876483002","0.14498881876483002","0","0.14498881876483002"
"1","469","480","1000","1","""HK""","0.05","false","""normal""","1","""constant""","0","""Scale-free""","2","0","1","""uniform""","""deterministic-normal""","0","0.20000000000000018","0.30000000000000004","""normal""","-0.09999999999999998","0.7000000000000001","false","""/home/ramaswamy.51/Documents/github/Spirals/Media/data/cluster/endsim/BehaviorSearch/Step6_Trial""","true","0.4","0.6000000000000001","9","0","true","true","""-31198459""","0.23278361423168076","0.23278361423168076","0.23278361423168076","0","0.23278361423168076"
"1","470","480","1000","1","""HK""","0.05","false","""normal""","1","""constant""","0","""Scale-free""","2","0","1","""uniform""","""deterministic-normal""","0","0.20000000000000018","0.30000000000000004","""normal""","-0.09999999999999998","0.7000000000000001","false","""/home/ramaswamy.51/Documents/github/Spirals/Media/data/cluster/endsim/BehaviorSearch/Step6_Trial""","true","0.4","0.6000000000000001","9","0","true","true","""1490184440""","0.22052477159347467","0.22052477159347467","0.22052477159347467","0","0.22052477159347467"
"1","471","480","1000","1","""HK""","0.05","false","""normal""","1","""constant""","0","""Scale-free""","2","0","1","""uniform""","""deterministic-normal""","0","0.20000000000000018","0.30000000000000004","""normal""","-0.09999999999999998","0.7000000000000001","false","""/home/ramaswamy.51/Documents/github/Spirals/Media/data/cluster/endsim/BehaviorSearch/Step6_Trial""","true","0.4","0.6000000000000001","9","0","true","true","""313989542""","0.22976307890561912","0.22976307890561912","0.22976307890561912","0","0.22976307890561912"
"1","472","480","1000","1","""HK""","0.05","false","""normal""","1","""constant""","0","""Scale-free""","2","0","1","""uniform""","""deterministic-normal""","0","0.20000000000000018","0.30000000000000004","""normal""","-0.09999999999999998","0.7000000000000001","false","""/home/ramaswamy.51/Documents/github/Spirals/Media/data/cluster/endsim/BehaviorSearch/Step6_Trial""","true","0.4","0.6000000000000001","9","0","true","true","""1426266537""","0.2265208455896512","0.2265208455896512","0.2265208455896512","0","0.2265208455896512"
"1","473","484","1000","1","""HK""","0.08","false","""normal""","1","""constant""","0.2","""Scale-free""","2","0","1","""uniform""","""deterministic-normal""","0","0.20000000000000018","0.4","""normal""","-0.3999999999999999","0.6000000000000001","false","""/home/ramaswamy.51/Documents/github/Spirals/Media/data/cluster/endsim/BehaviorSearch/Step6_Trial""","true","0.5","0.4","9","0.10000000000000009","true","true","""-190169636""","0.21628911502168108","0.21628911502168108","0.21628911502168108","0","0.21628911502168108"
"1","474","484","1000","1","""HK""","0.08","false","""normal""","1","""constant""","0.2","""Scale-free""","2","0","1","""uniform""","""deterministic-normal""","0","0.20000000000000018","0.4","""normal""","-0.3999999999999999","0.6000000000000001","false","""/home/ramaswamy.51/Documents/github/Spirals/Media/data/cluster/endsim/BehaviorSearch/Step6_Trial""","true","0.5","0.4","9","0.10000000000000009","true","true","""2144941600""","0.23915268640699933","0.23915268640699933","0.23915268640699933","0","0.23915268640699933"
"1","475","484","1000","1","""HK""","0.08","false","""normal""","1","""constant""","0.2","""Scale-free""","2","0","1","""uniform""","""deterministic-normal""","0","0.20000000000000018","0.4","""normal""","-0.3999999999999999","0.6000000000000001","false","""/home/ramaswamy.51/Documents/github/Spirals/Media/data/cluster/endsim/BehaviorSearch/Step6_Trial""","true","0.5","0.4","9","0.10000000000000009","true","true","""-59121509""","0.24570809738098115","0.24570809738098115","0.24570809738098115","0","0.24570809738098115"
"1","476","484","1000","1","""HK""","0.08","false","""normal""","1","""constant""","0.2","""Scale-free""","2","0","1","""uniform""","""deterministic-normal""","0","0.20000000000000018","0.4","""normal""","-0.3999999999999999","0.6000000000000001","false","""/home/ramaswamy.51/Documents/github/Spirals/Media/data/cluster/endsim/BehaviorSearch/Step6_Trial""","true","0.5","0.4","9","0.10000000000000009","true","true","""2048836595""","0.2198187483890242","0.2198187483890242","0.2198187483890242","0","0.2198187483890242"
"1","477","488","1000","1","""HK""","0.06999999999999999","false","""normal""","1","""constant""","0.1","""Scale-free""","2","0","1","""uniform""","""deterministic-normal""","0","0.20000000000000018","0.4","""normal""","-0.19999999999999996","0.6000000000000001","false","""/home/ramaswamy.51/Documents/github/Spirals/Media/data/cluster/endsim/BehaviorSearch/Step6_Trial""","true","0.4","0.4","9","0","true","true","""947710397""","0.15100376118710881","0.15100376118710881","0.15100376118710881","0","0.15100376118710881"
"1","478","488","1000","1","""HK""","0.06999999999999999","false","""normal""","1","""constant""","0.1","""Scale-free""","2","0","1","""uniform""","""deterministic-normal""","0","0.20000000000000018","0.4","""normal""","-0.19999999999999996","0.6000000000000001","false","""/home/ramaswamy.51/Documents/github/Spirals/Media/data/cluster/endsim/BehaviorSearch/Step6_Trial""","true","0.4","0.4","9","0","true","true","""-1727867546""","0.13250898779931872","0.13250898779931872","0.13250898779931872","0","0.13250898779931872"
"1","479","488","1000","1","""HK""","0.06999999999999999","false","""normal""","1","""constant""","0.1","""Scale-free""","2","0","1","""uniform""","""deterministic-normal""","0","0.20000000000000018","0.4","""normal""","-0.19999999999999996","0.6000000000000001","false","""/home/ramaswamy.51/Documents/github/Spirals/Media/data/cluster/endsim/BehaviorSearch/Step6_Trial""","true","0.4","0.4","9","0","true","true","""262089399""","0.13939082949288","0.13939082949288","0.13939082949288","0","0.13939082949288"
"1","480","488","1000","1","""HK""","0.06999999999999999","false","""normal""","1","""constant""","0.1","""Scale-free""","2","0","1","""uniform""","""deterministic-normal""","0","0.20000000000000018","0.4","""normal""","-0.19999999999999996","0.6000000000000001","false","""/home/ramaswamy.51/Documents/github/Spirals/Media/data/cluster/endsim/BehaviorSearch/Step6_Trial""","true","0.4","0.4","9","0","true","true","""-1515437725""","0.1254041675860878","0.1254041675860878","0.1254041675860878","0","0.1254041675860878"
"1","481","492","1000","1","""HK""","0.08","false","""normal""","1","""constant""","0.1","""Scale-free""","3","0","1","""uniform""","""deterministic-normal""","5","0.30000000000000004","0.1","""normal""","-0.19999999999999996","0.6000000000000001","false","""/home/ramaswamy.51/Documents/github/Spirals/Media/data/cluster/endsim/BehaviorSearch/Step6_Trial""","true","0.4","0.2","9","0","true","true","""1112386446""","0.15829096820880137","0.15829096820880137","0.15829096820880137","0","0.15829096820880137"
"1","482","492","1000","1","""HK""","0.08","false","""normal""","1","""constant""","0.1","""Scale-free""","3","0","1","""uniform""","""deterministic-normal""","5","0.30000000000000004","0.1","""normal""","-0.19999999999999996","0.6000000000000001","false","""/home/ramaswamy.51/Documents/github/Spirals/Media/data/cluster/endsim/BehaviorSearch/Step6_Trial""","true","0.4","0.2","9","0","true","true","""-2061610757""","0.13531887976392556","0.13531887976392556","0.13531887976392556","0","0.13531887976392556"
"1","483","492","1000","1","""HK""","0.08","false","""normal""","1","""constant""","0.1","""Scale-free""","3","0","1","""uniform""","""deterministic-normal""","5","0.30000000000000004","0.1","""normal""","-0.19999999999999996","0.6000000000000001","false","""/home/ramaswamy.51/Documents/github/Spirals/Media/data/cluster/endsim/BehaviorSearch/Step6_Trial""","true","0.4","0.2","9","0","true","true","""-1076901267""","0.12030220593807846","0.12030220593807846","0.12030220593807846","0","0.12030220593807846"
"1","484","492","1000","1","""HK""","0.08","false","""normal""","1","""constant""","0.1","""Scale-free""","3","0","1","""uniform""","""deterministic-normal""","5","0.30000000000000004","0.1","""normal""","-0.19999999999999996","0.6000000000000001","false","""/home/ramaswamy.51/Documents/github/Spirals/Media/data/cluster/endsim/BehaviorSearch/Step6_Trial""","true","0.4","0.2","9","0","true","true","""-1901490145""","0.14617903565944815","0.14617903565944815","0.14617903565944815","0","0.14617903565944815"
"1","485","496","1000","1","""HK""","0.02","false","""normal""","1","""constant""","0.1","""Scale-free""","2","0","1","""uniform""","""deterministic-normal""","0","0.10000000000000009","0.4","""normal""","-0.09999999999999998","0.6000000000000001","false","""/home/ramaswamy.51/Documents/github/Spirals/Media/data/cluster/endsim/BehaviorSearch/Step6_Trial""","true","0.4","0.4","9","-0.3999999999999999","true","true","""2075219997""","0.10801126445734911","0.10801126445734911","0.10801126445734911","0","0.10801126445734911"
"1","486","496","1000","1","""HK""","0.02","false","""normal""","1","""constant""","0.1","""Scale-free""","2","0","1","""uniform""","""deterministic-normal""","0","0.10000000000000009","0.4","""normal""","-0.09999999999999998","0.6000000000000001","false","""/home/ramaswamy.51/Documents/github/Spirals/Media/data/cluster/endsim/BehaviorSearch/Step6_Trial""","true","0.4","0.4","9","-0.3999999999999999","true","true","""-262935291""","0.12322196993993273","0.12322196993993273","0.12322196993993273","0","0.12322196993993273"
"1","487","496","1000","1","""HK""","0.02","false","""normal""","1","""constant""","0.1","""Scale-free""","2","0","1","""uniform""","""deterministic-normal""","0","0.10000000000000009","0.4","""normal""","-0.09999999999999998","0.6000000000000001","false","""/home/ramaswamy.51/Documents/github/Spirals/Media/data/cluster/endsim/BehaviorSearch/Step6_Trial""","true","0.4","0.4","9","-0.3999999999999999","true","true","""-393327442""","0.11979344329654562","0.11979344329654562","0.11979344329654562","0","0.11979344329654562"
"1","488","496","1000","1","""HK""","0.02","false","""normal""","1","""constant""","0.1","""Scale-free""","2","0","1","""uniform""","""deterministic-normal""","0","0.10000000000000009","0.4","""normal""","-0.09999999999999998","0.6000000000000001","false","""/home/ramaswamy.51/Documents/github/Spirals/Media/data/cluster/endsim/BehaviorSearch/Step6_Trial""","true","0.4","0.4","9","-0.3999999999999999","true","true","""1174656409""","0.10894767681681715","0.10894767681681715","0.10894767681681715","0","0.10894767681681715"
"1","489","500","1000","1","""HK""","0.02","false","""normal""","1","""constant""","0.2","""Scale-free""","2","0","1","""uniform""","""deterministic-normal""","0","0.10000000000000009","0.30000000000000004","""normal""","-0.09999999999999998","0.6000000000000001","false","""/home/ramaswamy.51/Documents/github/Spirals/Media/data/cluster/endsim/BehaviorSearch/Step6_Trial""","true","0.4","0.4","10","-0.5","true","true","""-610104481""","0.2011118180490888","0.2011118180490888","0.2011118180490888","0","0.2011118180490888"
"1","490","500","1000","1","""HK""","0.02","false","""normal""","1","""constant""","0.2","""Scale-free""","2","0","1","""uniform""","""deterministic-normal""","0","0.10000000000000009","0.30000000000000004","""normal""","-0.09999999999999998","0.6000000000000001","false","""/home/ramaswamy.51/Documents/github/Spirals/Media/data/cluster/endsim/BehaviorSearch/Step6_Trial""","true","0.4","0.4","10","-0.5","true","true","""-1059795386""","0.19167433411092802","0.19167433411092802","0.19167433411092802","0","0.19167433411092802"
"1","491","500","1000","1","""HK""","0.02","false","""normal""","1","""constant""","0.2","""Scale-free""","2","0","1","""uniform""","""deterministic-normal""","0","0.10000000000000009","0.30000000000000004","""normal""","-0.09999999999999998","0.6000000000000001","false","""/home/ramaswamy.51/Documents/github/Spirals/Media/data/cluster/endsim/BehaviorSearch/Step6_Trial""","true","0.4","0.4","10","-0.5","true","true","""1906388834""","0.20547834470209564","0.20547834470209564","0.20547834470209564","0","0.20547834470209564"
"1","492","500","1000","1","""HK""","0.02","false","""normal""","1","""constant""","0.2","""Scale-free""","2","0","1","""uniform""","""deterministic-normal""","0","0.10000000000000009","0.30000000000000004","""normal""","-0.09999999999999998","0.6000000000000001","false","""/home/ramaswamy.51/Documents/github/Spirals/Media/data/cluster/endsim/BehaviorSearch/Step6_Trial""","true","0.4","0.4","10","-0.5","true","true","""-70459994""","0.21208906869726327","0.21208906869726327","0.21208906869726327","0","0.21208906869726327"
"1","493","508","1000","1","""HK""","0.08","false","""normal""","1","""constant""","0.1","""Scale-free""","3","0","1","""uniform""","""deterministic-normal""","5","0.30000000000000004","0.1","""normal""","-0.19999999999999996","0.5","false","""/home/ramaswamy.51/Documents/github/Spirals/Media/data/cluster/endsim/BehaviorSearch/Step6_Trial""","true","0.4","0.2","10","0","true","true","""2144136546""","0.17912176370439875","0.17912176370439875","0.17912176370439875","0","0.17912176370439875"
"1","494","508","1000","1","""HK""","0.08","false","""normal""","1","""constant""","0.1","""Scale-free""","3","0","1","""uniform""","""deterministic-normal""","5","0.30000000000000004","0.1","""normal""","-0.19999999999999996","0.5","false","""/home/ramaswamy.51/Documents/github/Spirals/Media/data/cluster/endsim/BehaviorSearch/Step6_Trial""","true","0.4","0.2","10","0","true","true","""-1479865357""","0.20013856390520193","0.20013856390520193","0.20013856390520193","0","0.20013856390520193"
"1","495","508","1000","1","""HK""","0.08","false","""normal""","1","""constant""","0.1","""Scale-free""","3","0","1","""uniform""","""deterministic-normal""","5","0.30000000000000004","0.1","""normal""","-0.19999999999999996","0.5","false","""/home/ramaswamy.51/Documents/github/Spirals/Media/data/cluster/endsim/BehaviorSearch/Step6_Trial""","true","0.4","0.2","10","0","true","true","""-1234539375""","0.16144067447346178","0.16144067447346178","0.16144067447346178","0","0.16144067447346178"
"1","496","508","1000","1","""HK""","0.08","false","""normal""","1","""constant""","0.1","""Scale-free""","3","0","1","""uniform""","""deterministic-normal""","5","0.30000000000000004","0.1","""normal""","-0.19999999999999996","0.5","false","""/home/ramaswamy.51/Documents/github/Spirals/Media/data/cluster/endsim/BehaviorSearch/Step6_Trial""","true","0.4","0.2","10","0","true","true","""420368593""","0.17882381936935737","0.17882381936935737","0.17882381936935737","0","0.17882381936935737"
"1","497","512","1000","1","""HK""","0.09999999999999999","false","""normal""","1","""constant""","0.1","""Scale-free""","2","0","1","""uniform""","""deterministic-normal""","0","0.20000000000000018","0.4","""normal""","-0.09999999999999998","0.6000000000000001","false","""/home/ramaswamy.51/Documents/github/Spirals/Media/data/cluster/endsim/BehaviorSearch/Step6_Trial""","true","0.4","0.4","9","0","true","true","""-22336829""","0.1540917835919886","0.1540917835919886","0.1540917835919886","0","0.1540917835919886"
"1","498","512","1000","1","""HK""","0.09999999999999999","false","""normal""","1","""constant""","0.1","""Scale-free""","2","0","1","""uniform""","""deterministic-normal""","0","0.20000000000000018","0.4","""normal""","-0.09999999999999998","0.6000000000000001","false","""/home/ramaswamy.51/Documents/github/Spirals/Media/data/cluster/endsim/BehaviorSearch/Step6_Trial""","true","0.4","0.4","9","0","true","true","""-698088434""","0.1687918969358243","0.1687918969358243","0.1687918969358243","0","0.1687918969358243"
"1","499","512","1000","1","""HK""","0.09999999999999999","false","""normal""","1","""constant""","0.1","""Scale-free""","2","0","1","""uniform""","""deterministic-normal""","0","0.20000000000000018","0.4","""normal""","-0.09999999999999998","0.6000000000000001","false","""/home/ramaswamy.51/Documents/github/Spirals/Media/data/cluster/endsim/BehaviorSearch/Step6_Trial""","true","0.4","0.4","9","0","true","true","""-1309864547""","0.14093014598742834","0.14093014598742834","0.14093014598742834","0","0.14093014598742834"
"1","500","512","1000","1","""HK""","0.09999999999999999","false","""normal""","1","""constant""","0.1","""Scale-free""","2","0","1","""uniform""","""deterministic-normal""","0","0.20000000000000018","0.4","""normal""","-0.09999999999999998","0.6000000000000001","false","""/home/ramaswamy.51/Documents/github/Spirals/Media/data/cluster/endsim/BehaviorSearch/Step6_Trial""","true","0.4","0.4","9","0","true","true","""550189228""","0.15670519583847625","0.15670519583847625","0.15670519583847625","0","0.15670519583847625"
"1","501","516","1000","1","""HK""","0.05","false","""normal""","1","""constant""","0.1","""Scale-free""","2","0","1","""uniform""","""deterministic-normal""","0","0.20000000000000018","0.4","""normal""","-0.09999999999999998","0.6000000000000001","false","""/home/ramaswamy.51/Documents/github/Spirals/Media/data/cluster/endsim/BehaviorSearch/Step6_Trial""","true","0.30000000000000004","0.4","9","0","true","true","""-1867450595""","0.11779684326276195","0.11779684326276195","0.11779684326276195","0","0.11779684326276195"
"1","502","516","1000","1","""HK""","0.05","false","""normal""","1","""constant""","0.1","""Scale-free""","2","0","1","""uniform""","""deterministic-normal""","0","0.20000000000000018","0.4","""normal""","-0.09999999999999998","0.6000000000000001","false","""/home/ramaswamy.51/Documents/github/Spirals/Media/data/cluster/endsim/BehaviorSearch/Step6_Trial""","true","0.30000000000000004","0.4","9","0","true","true","""393623037""","0.11621947192755505","0.11621947192755505","0.11621947192755505","0","0.11621947192755505"
"1","503","516","1000","1","""HK""","0.05","false","""normal""","1","""constant""","0.1","""Scale-free""","2","0","1","""uniform""","""deterministic-normal""","0","0.20000000000000018","0.4","""normal""","-0.09999999999999998","0.6000000000000001","false","""/home/ramaswamy.51/Documents/github/Spirals/Media/data/cluster/endsim/BehaviorSearch/Step6_Trial""","true","0.30000000000000004","0.4","9","0","true","true","""79550657""","0.1105418108786395","0.1105418108786395","0.1105418108786395","0","0.1105418108786395"
"1","504","516","1000","1","""HK""","0.05","false","""normal""","1","""constant""","0.1","""Scale-free""","2","0","1","""uniform""","""deterministic-normal""","0","0.20000000000000018","0.4","""normal""","-0.09999999999999998","0.6000000000000001","false","""/home/ramaswamy.51/Documents/github/Spirals/Media/data/cluster/endsim/BehaviorSearch/Step6_Trial""","true","0.30000000000000004","0.4","9","0","true","true","""1411150671""","0.12296957982331495","0.12296957982331495","0.12296957982331495","0","0.12296957982331495"
"1","505","520","1000","1","""HK""","0.04","false","""normal""","1","""constant""","0.1","""Scale-free""","2","0","1","""uniform""","""deterministic-normal""","0","-0.3999999999999999","0.4","""normal""","-0.09999999999999998","0.5","false","""/home/ramaswamy.51/Documents/github/Spirals/Media/data/cluster/endsim/BehaviorSearch/Step6_Trial""","true","0.2","0.4","10","-0.29999999999999993","true","true","""1298005604""","0.14094156947110134","0.14094156947110134","0.14094156947110134","0","0.14094156947110134"
"1","506","520","1000","1","""HK""","0.04","false","""normal""","1","""constant""","0.1","""Scale-free""","2","0","1","""uniform""","""deterministic-normal""","0","-0.3999999999999999","0.4","""normal""","-0.09999999999999998","0.5","false","""/home/ramaswamy.51/Documents/github/Spirals/Media/data/cluster/endsim/BehaviorSearch/Step6_Trial""","true","0.2","0.4","10","-0.29999999999999993","true","true","""361375241""","0.14941330826206978","0.14941330826206978","0.14941330826206978","0","0.14941330826206978"
"1","507","520","1000","1","""HK""","0.04","false","""normal""","1","""constant""","0.1","""Scale-free""","2","0","1","""uniform""","""deterministic-normal""","0","-0.3999999999999999","0.4","""normal""","-0.09999999999999998","0.5","false","""/home/ramaswamy.51/Documents/github/Spirals/Media/data/cluster/endsim/BehaviorSearch/Step6_Trial""","true","0.2","0.4","10","-0.29999999999999993","true","true","""399398246""","0.13124871884501255","0.13124871884501255","0.13124871884501255","0","0.13124871884501255"
"1","508","520","1000","1","""HK""","0.04","false","""normal""","1","""constant""","0.1","""Scale-free""","2","0","1","""uniform""","""deterministic-normal""","0","-0.3999999999999999","0.4","""normal""","-0.09999999999999998","0.5","false","""/home/ramaswamy.51/Documents/github/Spirals/Media/data/cluster/endsim/BehaviorSearch/Step6_Trial""","true","0.2","0.4","10","-0.29999999999999993","true","true","""-133384552""","0.14547273315321443","0.14547273315321443","0.14547273315321443","0","0.14547273315321443"
"1","509","524","1000","1","""HK""","0.02","false","""normal""","1","""constant""","0.1","""Scale-free""","3","0","1","""uniform""","""deterministic-normal""","0","0.10000000000000009","0.4","""normal""","-0.19999999999999996","0.6000000000000001","false","""/home/ramaswamy.51/Documents/github/Spirals/Media/data/cluster/endsim/BehaviorSearch/Step6_Trial""","true","0.6000000000000001","0.2","9","0","true","true","""-1502055547""","0.1724034945767162","0.1724034945767162","0.1724034945767162","0","0.1724034945767162"
"1","510","524","1000","1","""HK""","0.02","false","""normal""","1","""constant""","0.1","""Scale-free""","3","0","1","""uniform""","""deterministic-normal""","0","0.10000000000000009","0.4","""normal""","-0.19999999999999996","0.6000000000000001","false","""/home/ramaswamy.51/Documents/github/Spirals/Media/data/cluster/endsim/BehaviorSearch/Step6_Trial""","true","0.6000000000000001","0.2","9","0","true","true","""107198109""","0.15940344073250415","0.15940344073250415","0.15940344073250415","0","0.15940344073250415"
"1","511","524","1000","1","""HK""","0.02","false","""normal""","1","""constant""","0.1","""Scale-free""","3","0","1","""uniform""","""deterministic-normal""","0","0.10000000000000009","0.4","""normal""","-0.19999999999999996","0.6000000000000001","false","""/home/ramaswamy.51/Documents/github/Spirals/Media/data/cluster/endsim/BehaviorSearch/Step6_Trial""","true","0.6000000000000001","0.2","9","0","true","true","""-1694075967""","0.18206122360538704","0.18206122360538704","0.18206122360538704","0","0.18206122360538704"
"1","512","524","1000","1","""HK""","0.02","false","""normal""","1","""constant""","0.1","""Scale-free""","3","0","1","""uniform""","""deterministic-normal""","0","0.10000000000000009","0.4","""normal""","-0.19999999999999996","0.6000000000000001","false","""/home/ramaswamy.51/Documents/github/Spirals/Media/data/cluster/endsim/BehaviorSearch/Step6_Trial""","true","0.6000000000000001","0.2","9","0","true","true","""-2114196694""","0.16438519870260662","0.16438519870260662","0.16438519870260662","0","0.16438519870260662"
"1","513","528","1000","1","""HK""","0.02","false","""normal""","1","""constant""","0.1","""Scale-free""","2","0","1","""uniform""","""deterministic-normal""","0","0.10000000000000009","0.4","""normal""","-0.09999999999999998","0.6000000000000001","false","""/home/ramaswamy.51/Documents/github/Spirals/Media/data/cluster/endsim/BehaviorSearch/Step6_Trial""","true","0.4","0.30000000000000004","9","-0.5","true","true","""-746866382""","0.1245290898447228","0.1245290898447228","0.1245290898447228","0","0.1245290898447228"
"1","514","528","1000","1","""HK""","0.02","false","""normal""","1","""constant""","0.1","""Scale-free""","2","0","1","""uniform""","""deterministic-normal""","0","0.10000000000000009","0.4","""normal""","-0.09999999999999998","0.6000000000000001","false","""/home/ramaswamy.51/Documents/github/Spirals/Media/data/cluster/endsim/BehaviorSearch/Step6_Trial""","true","0.4","0.30000000000000004","9","-0.5","true","true","""409117041""","0.11076619972744337","0.11076619972744337","0.11076619972744337","0","0.11076619972744337"
"1","515","528","1000","1","""HK""","0.02","false","""normal""","1","""constant""","0.1","""Scale-free""","2","0","1","""uniform""","""deterministic-normal""","0","0.10000000000000009","0.4","""normal""","-0.09999999999999998","0.6000000000000001","false","""/home/ramaswamy.51/Documents/github/Spirals/Media/data/cluster/endsim/BehaviorSearch/Step6_Trial""","true","0.4","0.30000000000000004","9","-0.5","true","true","""989195494""","0.10456247352453743","0.10456247352453743","0.10456247352453743","0","0.10456247352453743"
"1","516","528","1000","1","""HK""","0.02","false","""normal""","1","""constant""","0.1","""Scale-free""","2","0","1","""uniform""","""deterministic-normal""","0","0.10000000000000009","0.4","""normal""","-0.09999999999999998","0.6000000000000001","false","""/home/ramaswamy.51/Documents/github/Spirals/Media/data/cluster/endsim/BehaviorSearch/Step6_Trial""","true","0.4","0.30000000000000004","9","-0.5","true","true","""-1261425187""","0.12663103608137088","0.12663103608137088","0.12663103608137088","0","0.12663103608137088"
"1","517","532","1000","1","""HK""","0.08","false","""normal""","1","""constant""","0.1","""Scale-free""","2","0","1","""uniform""","""deterministic-normal""","10","0.20000000000000018","0.30000000000000004","""normal""","-0.3999999999999999","0.8","false","""/home/ramaswamy.51/Documents/github/Spirals/Media/data/cluster/endsim/BehaviorSearch/Step6_Trial""","true","0.6000000000000001","0.4","9","0","true","true","""1650376174""","0.2035785984809543","0.2035785984809543","0.2035785984809543","0","0.2035785984809543"
"1","518","532","1000","1","""HK""","0.08","false","""normal""","1","""constant""","0.1","""Scale-free""","2","0","1","""uniform""","""deterministic-normal""","10","0.20000000000000018","0.30000000000000004","""normal""","-0.3999999999999999","0.8","false","""/home/ramaswamy.51/Documents/github/Spirals/Media/data/cluster/endsim/BehaviorSearch/Step6_Trial""","true","0.6000000000000001","0.4","9","0","true","true","""1300879214""","0.16900190502824752","0.16900190502824752","0.16900190502824752","0","0.16900190502824752"
"1","519","532","1000","1","""HK""","0.08","false","""normal""","1","""constant""","0.1","""Scale-free""","2","0","1","""uniform""","""deterministic-normal""","10","0.20000000000000018","0.30000000000000004","""normal""","-0.3999999999999999","0.8","false","""/home/ramaswamy.51/Documents/github/Spirals/Media/data/cluster/endsim/BehaviorSearch/Step6_Trial""","true","0.6000000000000001","0.4","9","0","true","true","""905931400""","0.20096509903401738","0.20096509903401738","0.20096509903401738","0","0.20096509903401738"
"1","520","532","1000","1","""HK""","0.08","false","""normal""","1","""constant""","0.1","""Scale-free""","2","0","1","""uniform""","""deterministic-normal""","10","0.20000000000000018","0.30000000000000004","""normal""","-0.3999999999999999","0.8","false","""/home/ramaswamy.51/Documents/github/Spirals/Media/data/cluster/endsim/BehaviorSearch/Step6_Trial""","true","0.6000000000000001","0.4","9","0","true","true","""782018007""","0.20167783721049262","0.20167783721049262","0.20167783721049262","0","0.20167783721049262"
"1","521","536","1000","1","""HK""","0.06999999999999999","false","""normal""","1","""constant""","0.1","""Scale-free""","2","0","1","""uniform""","""deterministic-normal""","0","0.20000000000000018","0.5","""normal""","-0.19999999999999996","0.6000000000000001","false","""/home/ramaswamy.51/Documents/github/Spirals/Media/data/cluster/endsim/BehaviorSearch/Step6_Trial""","true","0.4","0.2","9","0.10000000000000009","true","true","""-736966586""","0.14691894158010496","0.14691894158010496","0.14691894158010496","0","0.14691894158010496"
"1","522","536","1000","1","""HK""","0.06999999999999999","false","""normal""","1","""constant""","0.1","""Scale-free""","2","0","1","""uniform""","""deterministic-normal""","0","0.20000000000000018","0.5","""normal""","-0.19999999999999996","0.6000000000000001","false","""/home/ramaswamy.51/Documents/github/Spirals/Media/data/cluster/endsim/BehaviorSearch/Step6_Trial""","true","0.4","0.2","9","0.10000000000000009","true","true","""-773857228""","0.14870232434459243","0.14870232434459243","0.14870232434459243","0","0.14870232434459243"
"1","523","536","1000","1","""HK""","0.06999999999999999","false","""normal""","1","""constant""","0.1","""Scale-free""","2","0","1","""uniform""","""deterministic-normal""","0","0.20000000000000018","0.5","""normal""","-0.19999999999999996","0.6000000000000001","false","""/home/ramaswamy.51/Documents/github/Spirals/Media/data/cluster/endsim/BehaviorSearch/Step6_Trial""","true","0.4","0.2","9","0.10000000000000009","true","true","""-1605849872""","0.14387690838809242","0.14387690838809242","0.14387690838809242","0","0.14387690838809242"
"1","524","536","1000","1","""HK""","0.06999999999999999","false","""normal""","1","""constant""","0.1","""Scale-free""","2","0","1","""uniform""","""deterministic-normal""","0","0.20000000000000018","0.5","""normal""","-0.19999999999999996","0.6000000000000001","false","""/home/ramaswamy.51/Documents/github/Spirals/Media/data/cluster/endsim/BehaviorSearch/Step6_Trial""","true","0.4","0.2","9","0.10000000000000009","true","true","""-479304838""","0.14538347482492206","0.14538347482492206","0.14538347482492206","0","0.14538347482492206"
"1","525","544","1000","1","""HK""","0.08","false","""normal""","1","""constant""","0.2","""Scale-free""","2","0","1","""uniform""","""deterministic-normal""","10","0.20000000000000018","0.30000000000000004","""normal""","-0.19999999999999996","0.5","false","""/home/ramaswamy.51/Documents/github/Spirals/Media/data/cluster/endsim/BehaviorSearch/Step6_Trial""","true","0.4","0.4","7","0","true","true","""1552802844""","0.24192446033916776","0.24192446033916776","0.24192446033916776","0","0.24192446033916776"
"1","526","544","1000","1","""HK""","0.08","false","""normal""","1","""constant""","0.2","""Scale-free""","2","0","1","""uniform""","""deterministic-normal""","10","0.20000000000000018","0.30000000000000004","""normal""","-0.19999999999999996","0.5","false","""/home/ramaswamy.51/Documents/github/Spirals/Media/data/cluster/endsim/BehaviorSearch/Step6_Trial""","true","0.4","0.4","7","0","true","true","""-784820233""","0.2488079008480182","0.2488079008480182","0.2488079008480182","0","0.2488079008480182"
"1","527","544","1000","1","""HK""","0.08","false","""normal""","1","""constant""","0.2","""Scale-free""","2","0","1","""uniform""","""deterministic-normal""","10","0.20000000000000018","0.30000000000000004","""normal""","-0.19999999999999996","0.5","false","""/home/ramaswamy.51/Documents/github/Spirals/Media/data/cluster/endsim/BehaviorSearch/Step6_Trial""","true","0.4","0.4","7","0","true","true","""-315969614""","0.23346467620219152","0.23346467620219152","0.23346467620219152","0","0.23346467620219152"
"1","528","544","1000","1","""HK""","0.08","false","""normal""","1","""constant""","0.2","""Scale-free""","2","0","1","""uniform""","""deterministic-normal""","10","0.20000000000000018","0.30000000000000004","""normal""","-0.19999999999999996","0.5","false","""/home/ramaswamy.51/Documents/github/Spirals/Media/data/cluster/endsim/BehaviorSearch/Step6_Trial""","true","0.4","0.4","7","0","true","true","""427656902""","0.25640314335512304","0.25640314335512304","0.25640314335512304","0","0.25640314335512304"
"1","529","548","1000","1","""HK""","0.08","false","""normal""","1","""constant""","0.1","""Scale-free""","2","0","1","""uniform""","""deterministic-normal""","10","0.20000000000000018","0.30000000000000004","""normal""","-0.3999999999999999","0.6000000000000001","false","""/home/ramaswamy.51/Documents/github/Spirals/Media/data/cluster/endsim/BehaviorSearch/Step6_Trial""","true","0.4","0.4","9","0","true","true","""-1256413670""","0.1597264630116019","0.1597264630116019","0.1597264630116019","0","0.1597264630116019"
"1","530","548","1000","1","""HK""","0.08","false","""normal""","1","""constant""","0.1","""Scale-free""","2","0","1","""uniform""","""deterministic-normal""","10","0.20000000000000018","0.30000000000000004","""normal""","-0.3999999999999999","0.6000000000000001","false","""/home/ramaswamy.51/Documents/github/Spirals/Media/data/cluster/endsim/BehaviorSearch/Step6_Trial""","true","0.4","0.4","9","0","true","true","""-154058170""","0.1859355649558337","0.1859355649558337","0.1859355649558337","0","0.1859355649558337"
"1","531","548","1000","1","""HK""","0.08","false","""normal""","1","""constant""","0.1","""Scale-free""","2","0","1","""uniform""","""deterministic-normal""","10","0.20000000000000018","0.30000000000000004","""normal""","-0.3999999999999999","0.6000000000000001","false","""/home/ramaswamy.51/Documents/github/Spirals/Media/data/cluster/endsim/BehaviorSearch/Step6_Trial""","true","0.4","0.4","9","0","true","true","""2002838297""","0.17789327765489735","0.17789327765489735","0.17789327765489735","0","0.17789327765489735"
"1","532","548","1000","1","""HK""","0.08","false","""normal""","1","""constant""","0.1","""Scale-free""","2","0","1","""uniform""","""deterministic-normal""","10","0.20000000000000018","0.30000000000000004","""normal""","-0.3999999999999999","0.6000000000000001","false","""/home/ramaswamy.51/Documents/github/Spirals/Media/data/cluster/endsim/BehaviorSearch/Step6_Trial""","true","0.4","0.4","9","0","true","true","""1792398607""","0.16927494870035303","0.16927494870035303","0.16927494870035303","0","0.16927494870035303"
"1","533","552","1000","1","""HK""","0.05","false","""normal""","1","""constant""","0.1","""Scale-free""","2","0","1","""uniform""","""deterministic-normal""","0","0.20000000000000018","0.4","""normal""","-0.19999999999999996","0.6000000000000001","false","""/home/ramaswamy.51/Documents/github/Spirals/Media/data/cluster/endsim/BehaviorSearch/Step6_Trial""","true","0.4","0.4","9","0","true","true","""-1775275275""","0.12239264052487181","0.12239264052487181","0.12239264052487181","0","0.12239264052487181"
"1","534","552","1000","1","""HK""","0.05","false","""normal""","1","""constant""","0.1","""Scale-free""","2","0","1","""uniform""","""deterministic-normal""","0","0.20000000000000018","0.4","""normal""","-0.19999999999999996","0.6000000000000001","false","""/home/ramaswamy.51/Documents/github/Spirals/Media/data/cluster/endsim/BehaviorSearch/Step6_Trial""","true","0.4","0.4","9","0","true","true","""524056936""","0.1391875310416266","0.1391875310416266","0.1391875310416266","0","0.1391875310416266"
"1","535","552","1000","1","""HK""","0.05","false","""normal""","1","""constant""","0.1","""Scale-free""","2","0","1","""uniform""","""deterministic-normal""","0","0.20000000000000018","0.4","""normal""","-0.19999999999999996","0.6000000000000001","false","""/home/ramaswamy.51/Documents/github/Spirals/Media/data/cluster/endsim/BehaviorSearch/Step6_Trial""","true","0.4","0.4","9","0","true","true","""-1445851175""","0.14817101295364182","0.14817101295364182","0.14817101295364182","0","0.14817101295364182"
"1","536","552","1000","1","""HK""","0.05","false","""normal""","1","""constant""","0.1","""Scale-free""","2","0","1","""uniform""","""deterministic-normal""","0","0.20000000000000018","0.4","""normal""","-0.19999999999999996","0.6000000000000001","false","""/home/ramaswamy.51/Documents/github/Spirals/Media/data/cluster/endsim/BehaviorSearch/Step6_Trial""","true","0.4","0.4","9","0","true","true","""105416631""","0.1471336667315681","0.1471336667315681","0.1471336667315681","0","0.1471336667315681"
"1","537","556","1000","1","""HK""","0.06999999999999999","false","""normal""","1","""constant""","0.2","""Scale-free""","2","0","1","""uniform""","""deterministic-normal""","0","0.30000000000000004","0.4","""normal""","-0.09999999999999998","0.6000000000000001","false","""/home/ramaswamy.51/Documents/github/Spirals/Media/data/cluster/endsim/BehaviorSearch/Step6_Trial""","true","0.4","0.6000000000000001","9","0","true","true","""1106319211""","0.21776897280775578","0.21776897280775578","0.21776897280775578","0","0.21776897280775578"
"1","538","556","1000","1","""HK""","0.06999999999999999","false","""normal""","1","""constant""","0.2","""Scale-free""","2","0","1","""uniform""","""deterministic-normal""","0","0.30000000000000004","0.4","""normal""","-0.09999999999999998","0.6000000000000001","false","""/home/ramaswamy.51/Documents/github/Spirals/Media/data/cluster/endsim/BehaviorSearch/Step6_Trial""","true","0.4","0.6000000000000001","9","0","true","true","""-955282049""","0.21947015190875865","0.21947015190875865","0.21947015190875865","0","0.21947015190875865"
"1","539","556","1000","1","""HK""","0.06999999999999999","false","""normal""","1","""constant""","0.2","""Scale-free""","2","0","1","""uniform""","""deterministic-normal""","0","0.30000000000000004","0.4","""normal""","-0.09999999999999998","0.6000000000000001","false","""/home/ramaswamy.51/Documents/github/Spirals/Media/data/cluster/endsim/BehaviorSearch/Step6_Trial""","true","0.4","0.6000000000000001","9","0","true","true","""-869337880""","0.22299242380592216","0.22299242380592216","0.22299242380592216","0","0.22299242380592216"
"1","540","556","1000","1","""HK""","0.06999999999999999","false","""normal""","1","""constant""","0.2","""Scale-free""","2","0","1","""uniform""","""deterministic-normal""","0","0.30000000000000004","0.4","""normal""","-0.09999999999999998","0.6000000000000001","false","""/home/ramaswamy.51/Documents/github/Spirals/Media/data/cluster/endsim/BehaviorSearch/Step6_Trial""","true","0.4","0.6000000000000001","9","0","true","true","""2078966795""","0.22830391884120663","0.22830391884120663","0.22830391884120663","0","0.22830391884120663"
"1","541","560","1000","1","""HK""","0.11","false","""normal""","1","""constant""","0.30000000000000004","""Scale-free""","2","0","1","""uniform""","""deterministic-normal""","0","0.20000000000000018","0.4","""normal""","0.40000000000000013","0.6000000000000001","false","""/home/ramaswamy.51/Documents/github/Spirals/Media/data/cluster/endsim/BehaviorSearch/Step6_Trial""","true","0.30000000000000004","0.30000000000000004","9","0.20000000000000018","true","true","""834749947""","0.326081574365933","0.326081574365933","0.326081574365933","0","0.326081574365933"
"1","542","560","1000","1","""HK""","0.11","false","""normal""","1","""constant""","0.30000000000000004","""Scale-free""","2","0","1","""uniform""","""deterministic-normal""","0","0.20000000000000018","0.4","""normal""","0.40000000000000013","0.6000000000000001","false","""/home/ramaswamy.51/Documents/github/Spirals/Media/data/cluster/endsim/BehaviorSearch/Step6_Trial""","true","0.30000000000000004","0.30000000000000004","9","0.20000000000000018","true","true","""-1901593211""","0.2937591641637956","0.2937591641637956","0.2937591641637956","0","0.2937591641637956"
"1","543","560","1000","1","""HK""","0.11","false","""normal""","1","""constant""","0.30000000000000004","""Scale-free""","2","0","1","""uniform""","""deterministic-normal""","0","0.20000000000000018","0.4","""normal""","0.40000000000000013","0.6000000000000001","false","""/home/ramaswamy.51/Documents/github/Spirals/Media/data/cluster/endsim/BehaviorSearch/Step6_Trial""","true","0.30000000000000004","0.30000000000000004","9","0.20000000000000018","true","true","""95623142""","0.3052080283131349","0.3052080283131349","0.3052080283131349","0","0.3052080283131349"
"1","544","560","1000","1","""HK""","0.11","false","""normal""","1","""constant""","0.30000000000000004","""Scale-free""","2","0","1","""uniform""","""deterministic-normal""","0","0.20000000000000018","0.4","""normal""","0.40000000000000013","0.6000000000000001","false","""/home/ramaswamy.51/Documents/github/Spirals/Media/data/cluster/endsim/BehaviorSearch/Step6_Trial""","true","0.30000000000000004","0.30000000000000004","9","0.20000000000000018","true","true","""-1011982784""","0.2852104851817606","0.2852104851817606","0.2852104851817606","0","0.2852104851817606"
"1","545","564","1000","1","""HK""","0.05","false","""normal""","1","""constant""","0.1","""Scale-free""","2","0","1","""uniform""","""deterministic-normal""","5","0.20000000000000018","0.4","""normal""","-0.09999999999999998","0.6000000000000001","false","""/home/ramaswamy.51/Documents/github/Spirals/Media/data/cluster/endsim/BehaviorSearch/Step6_Trial""","true","0.4","0.5","9","0","true","true","""1458931303""","0.12144295147337071","0.12144295147337071","0.12144295147337071","0","0.12144295147337071"
"1","546","564","1000","1","""HK""","0.05","false","""normal""","1","""constant""","0.1","""Scale-free""","2","0","1","""uniform""","""deterministic-normal""","5","0.20000000000000018","0.4","""normal""","-0.09999999999999998","0.6000000000000001","false","""/home/ramaswamy.51/Documents/github/Spirals/Media/data/cluster/endsim/BehaviorSearch/Step6_Trial""","true","0.4","0.5","9","0","true","true","""-356160727""","0.12822690929462408","0.12822690929462408","0.12822690929462408","0","0.12822690929462408"
"1","547","564","1000","1","""HK""","0.05","false","""normal""","1","""constant""","0.1","""Scale-free""","2","0","1","""uniform""","""deterministic-normal""","5","0.20000000000000018","0.4","""normal""","-0.09999999999999998","0.6000000000000001","false","""/home/ramaswamy.51/Documents/github/Spirals/Media/data/cluster/endsim/BehaviorSearch/Step6_Trial""","true","0.4","0.5","9","0","true","true","""2092598591""","0.115415829651079","0.115415829651079","0.115415829651079","0","0.115415829651079"
"1","548","564","1000","1","""HK""","0.05","false","""normal""","1","""constant""","0.1","""Scale-free""","2","0","1","""uniform""","""deterministic-normal""","5","0.20000000000000018","0.4","""normal""","-0.09999999999999998","0.6000000000000001","false","""/home/ramaswamy.51/Documents/github/Spirals/Media/data/cluster/endsim/BehaviorSearch/Step6_Trial""","true","0.4","0.5","9","0","true","true","""462386182""","0.12640570926602449","0.12640570926602449","0.12640570926602449","0","0.12640570926602449"
"1","549","568","1000","1","""HK""","0.05","false","""normal""","1","""constant""","0.1","""Scale-free""","3","0","1","""uniform""","""deterministic-normal""","5","0.30000000000000004","0.1","""normal""","-0.19999999999999996","0.6000000000000001","false","""/home/ramaswamy.51/Documents/github/Spirals/Media/data/cluster/endsim/BehaviorSearch/Step6_Trial""","true","0.4","0.2","9","-0.29999999999999993","true","true","""1916969852""","0.14344939072550378","0.14344939072550378","0.14344939072550378","0","0.14344939072550378"
"1","550","568","1000","1","""HK""","0.05","false","""normal""","1","""constant""","0.1","""Scale-free""","3","0","1","""uniform""","""deterministic-normal""","5","0.30000000000000004","0.1","""normal""","-0.19999999999999996","0.6000000000000001","false","""/home/ramaswamy.51/Documents/github/Spirals/Media/data/cluster/endsim/BehaviorSearch/Step6_Trial""","true","0.4","0.2","9","-0.29999999999999993","true","true","""-788481300""","0.13102362100898401","0.13102362100898401","0.13102362100898401","0","0.13102362100898401"
"1","551","568","1000","1","""HK""","0.05","false","""normal""","1","""constant""","0.1","""Scale-free""","3","0","1","""uniform""","""deterministic-normal""","5","0.30000000000000004","0.1","""normal""","-0.19999999999999996","0.6000000000000001","false","""/home/ramaswamy.51/Documents/github/Spirals/Media/data/cluster/endsim/BehaviorSearch/Step6_Trial""","true","0.4","0.2","9","-0.29999999999999993","true","true","""2105744739""","0.11767249930397802","0.11767249930397802","0.11767249930397802","0","0.11767249930397802"
"1","552","568","1000","1","""HK""","0.05","false","""normal""","1","""constant""","0.1","""Scale-free""","3","0","1","""uniform""","""deterministic-normal""","5","0.30000000000000004","0.1","""normal""","-0.19999999999999996","0.6000000000000001","false","""/home/ramaswamy.51/Documents/github/Spirals/Media/data/cluster/endsim/BehaviorSearch/Step6_Trial""","true","0.4","0.2","9","-0.29999999999999993","true","true","""1229109913""","0.12183809512678676","0.12183809512678676","0.12183809512678676","0","0.12183809512678676"
"1","553","572","1000","1","""HK""","0.02","false","""normal""","1","""constant""","0.1","""Scale-free""","1","0","1","""uniform""","""deterministic-normal""","0","0.20000000000000018","0.4","""normal""","-0.19999999999999996","0.6000000000000001","false","""/home/ramaswamy.51/Documents/github/Spirals/Media/data/cluster/endsim/BehaviorSearch/Step6_Trial""","true","0.4","0.4","9","0","true","true","""1780793427""","0.120085119262064","0.120085119262064","0.120085119262064","0","0.120085119262064"
"1","554","572","1000","1","""HK""","0.02","false","""normal""","1","""constant""","0.1","""Scale-free""","1","0","1","""uniform""","""deterministic-normal""","0","0.20000000000000018","0.4","""normal""","-0.19999999999999996","0.6000000000000001","false","""/home/ramaswamy.51/Documents/github/Spirals/Media/data/cluster/endsim/BehaviorSearch/Step6_Trial""","true","0.4","0.4","9","0","true","true","""-1262049463""","0.12034138209031223","0.12034138209031223","0.12034138209031223","0","0.12034138209031223"
"1","555","572","1000","1","""HK""","0.02","false","""normal""","1","""constant""","0.1","""Scale-free""","1","0","1","""uniform""","""deterministic-normal""","0","0.20000000000000018","0.4","""normal""","-0.19999999999999996","0.6000000000000001","false","""/home/ramaswamy.51/Documents/github/Spirals/Media/data/cluster/endsim/BehaviorSearch/Step6_Trial""","true","0.4","0.4","9","0","true","true","""-1207723066""","0.14626819657407886","0.14626819657407886","0.14626819657407886","0","0.14626819657407886"
"1","556","572","1000","1","""HK""","0.02","false","""normal""","1","""constant""","0.1","""Scale-free""","1","0","1","""uniform""","""deterministic-normal""","0","0.20000000000000018","0.4","""normal""","-0.19999999999999996","0.6000000000000001","false","""/home/ramaswamy.51/Documents/github/Spirals/Media/data/cluster/endsim/BehaviorSearch/Step6_Trial""","true","0.4","0.4","9","0","true","true","""80269115""","0.13824164181703588","0.13824164181703588","0.13824164181703588","0","0.13824164181703588"
"1","557","576","1000","1","""HK""","0.08","false","""normal""","1","""constant""","0.1","""Scale-free""","3","0","1","""uniform""","""deterministic-normal""","5","0.30000000000000004","0.4","""normal""","-0.29999999999999993","1","false","""/home/ramaswamy.51/Documents/github/Spirals/Media/data/cluster/endsim/BehaviorSearch/Step6_Trial""","true","0.6000000000000001","0.5","7","-0.29999999999999993","true","true","""175396115""","0.1355070129838757","0.1355070129838757","0.1355070129838757","0","0.1355070129838757"
"1","558","576","1000","1","""HK""","0.08","false","""normal""","1","""constant""","0.1","""Scale-free""","3","0","1","""uniform""","""deterministic-normal""","5","0.30000000000000004","0.4","""normal""","-0.29999999999999993","1","false","""/home/ramaswamy.51/Documents/github/Spirals/Media/data/cluster/endsim/BehaviorSearch/Step6_Trial""","true","0.6000000000000001","0.5","7","-0.29999999999999993","true","true","""-1125633722""","0.17686512367412432","0.17686512367412432","0.17686512367412432","0","0.17686512367412432"
"1","559","576","1000","1","""HK""","0.08","false","""normal""","1","""constant""","0.1","""Scale-free""","3","0","1","""uniform""","""deterministic-normal""","5","0.30000000000000004","0.4","""normal""","-0.29999999999999993","1","false","""/home/ramaswamy.51/Documents/github/Spirals/Media/data/cluster/endsim/BehaviorSearch/Step6_Trial""","true","0.6000000000000001","0.5","7","-0.29999999999999993","true","true","""1583460033""","0.1542416860298613","0.1542416860298613","0.1542416860298613","0","0.1542416860298613"
"1","560","576","1000","1","""HK""","0.08","false","""normal""","1","""constant""","0.1","""Scale-free""","3","0","1","""uniform""","""deterministic-normal""","5","0.30000000000000004","0.4","""normal""","-0.29999999999999993","1","false","""/home/ramaswamy.51/Documents/github/Spirals/Media/data/cluster/endsim/BehaviorSearch/Step6_Trial""","true","0.6000000000000001","0.5","7","-0.29999999999999993","true","true","""-1189777187""","0.15282303115300955","0.15282303115300955","0.15282303115300955","0","0.15282303115300955"
"1","561","580","1000","1","""HK""","0.05","false","""normal""","1","""constant""","0.1","""Scale-free""","2","0","1","""uniform""","""deterministic-normal""","5","0.20000000000000018","0.4","""normal""","-0.09999999999999998","0.6000000000000001","false","""/home/ramaswamy.51/Documents/github/Spirals/Media/data/cluster/endsim/BehaviorSearch/Step6_Trial""","true","0.30000000000000004","0.2","9","0","true","true","""-326994061""","0.12139901561666919","0.12139901561666919","0.12139901561666919","0","0.12139901561666919"
"1","562","580","1000","1","""HK""","0.05","false","""normal""","1","""constant""","0.1","""Scale-free""","2","0","1","""uniform""","""deterministic-normal""","5","0.20000000000000018","0.4","""normal""","-0.09999999999999998","0.6000000000000001","false","""/home/ramaswamy.51/Documents/github/Spirals/Media/data/cluster/endsim/BehaviorSearch/Step6_Trial""","true","0.30000000000000004","0.2","9","0","true","true","""1637717917""","0.12546437748647327","0.12546437748647327","0.12546437748647327","0","0.12546437748647327"
"1","563","580","1000","1","""HK""","0.05","false","""normal""","1","""constant""","0.1","""Scale-free""","2","0","1","""uniform""","""deterministic-normal""","5","0.20000000000000018","0.4","""normal""","-0.09999999999999998","0.6000000000000001","false","""/home/ramaswamy.51/Documents/github/Spirals/Media/data/cluster/endsim/BehaviorSearch/Step6_Trial""","true","0.30000000000000004","0.2","9","0","true","true","""-2085456791""","0.128218318864448","0.128218318864448","0.128218318864448","0","0.128218318864448"
"1","564","580","1000","1","""HK""","0.05","false","""normal""","1","""constant""","0.1","""Scale-free""","2","0","1","""uniform""","""deterministic-normal""","5","0.20000000000000018","0.4","""normal""","-0.09999999999999998","0.6000000000000001","false","""/home/ramaswamy.51/Documents/github/Spirals/Media/data/cluster/endsim/BehaviorSearch/Step6_Trial""","true","0.30000000000000004","0.2","9","0","true","true","""2020360588""","0.11994174063471745","0.11994174063471745","0.11994174063471745","0","0.11994174063471745"
"1","565","584","1000","1","""HK""","0.02","false","""normal""","1","""constant""","0.1","""Scale-free""","2","0","1","""uniform""","""deterministic-normal""","0","0.10000000000000009","0.4","""normal""","-0.09999999999999998","0.6000000000000001","false","""/home/ramaswamy.51/Documents/github/Spirals/Media/data/cluster/endsim/BehaviorSearch/Step6_Trial""","true","0.4","0.4","9","0","true","true","""514857743""","0.11260268552596543","0.11260268552596543","0.11260268552596543","0","0.11260268552596543"
"1","566","584","1000","1","""HK""","0.02","false","""normal""","1","""constant""","0.1","""Scale-free""","2","0","1","""uniform""","""deterministic-normal""","0","0.10000000000000009","0.4","""normal""","-0.09999999999999998","0.6000000000000001","false","""/home/ramaswamy.51/Documents/github/Spirals/Media/data/cluster/endsim/BehaviorSearch/Step6_Trial""","true","0.4","0.4","9","0","true","true","""1591496447""","0.10567059852174748","0.10567059852174748","0.10567059852174748","0","0.10567059852174748"
"1","567","584","1000","1","""HK""","0.02","false","""normal""","1","""constant""","0.1","""Scale-free""","2","0","1","""uniform""","""deterministic-normal""","0","0.10000000000000009","0.4","""normal""","-0.09999999999999998","0.6000000000000001","false","""/home/ramaswamy.51/Documents/github/Spirals/Media/data/cluster/endsim/BehaviorSearch/Step6_Trial""","true","0.4","0.4","9","0","true","true","""-1665368015""","0.13744632327725415","0.13744632327725415","0.13744632327725415","0","0.13744632327725415"
"1","568","584","1000","1","""HK""","0.02","false","""normal""","1","""constant""","0.1","""Scale-free""","2","0","1","""uniform""","""deterministic-normal""","0","0.10000000000000009","0.4","""normal""","-0.09999999999999998","0.6000000000000001","false","""/home/ramaswamy.51/Documents/github/Spirals/Media/data/cluster/endsim/BehaviorSearch/Step6_Trial""","true","0.4","0.4","9","0","true","true","""-32338206""","0.11349186394648923","0.11349186394648923","0.11349186394648923","0","0.11349186394648923"
"1","569","588","1000","1","""HK""","0.05","false","""normal""","1","""constant""","0.1","""Scale-free""","2","0","1","""uniform""","""deterministic-normal""","5","0.20000000000000018","0.4","""normal""","-0.09999999999999998","0.6000000000000001","false","""/home/ramaswamy.51/Documents/github/Spirals/Media/data/cluster/endsim/BehaviorSearch/Step6_Trial""","true","0.4","0.5","9","-0.29999999999999993","true","true","""1321149327""","0.130043870066068","0.130043870066068","0.130043870066068","0","0.130043870066068"
"1","570","588","1000","1","""HK""","0.05","false","""normal""","1","""constant""","0.1","""Scale-free""","2","0","1","""uniform""","""deterministic-normal""","5","0.20000000000000018","0.4","""normal""","-0.09999999999999998","0.6000000000000001","false","""/home/ramaswamy.51/Documents/github/Spirals/Media/data/cluster/endsim/BehaviorSearch/Step6_Trial""","true","0.4","0.5","9","-0.29999999999999993","true","true","""-590957463""","0.12952746977149776","0.12952746977149776","0.12952746977149776","0","0.12952746977149776"
"1","571","588","1000","1","""HK""","0.05","false","""normal""","1","""constant""","0.1","""Scale-free""","2","0","1","""uniform""","""deterministic-normal""","5","0.20000000000000018","0.4","""normal""","-0.09999999999999998","0.6000000000000001","false","""/home/ramaswamy.51/Documents/github/Spirals/Media/data/cluster/endsim/BehaviorSearch/Step6_Trial""","true","0.4","0.5","9","-0.29999999999999993","true","true","""1625314753""","0.1083721643714514","0.1083721643714514","0.1083721643714514","0","0.1083721643714514"
"1","572","588","1000","1","""HK""","0.05","false","""normal""","1","""constant""","0.1","""Scale-free""","2","0","1","""uniform""","""deterministic-normal""","5","0.20000000000000018","0.4","""normal""","-0.09999999999999998","0.6000000000000001","false","""/home/ramaswamy.51/Documents/github/Spirals/Media/data/cluster/endsim/BehaviorSearch/Step6_Trial""","true","0.4","0.5","9","-0.29999999999999993","true","true","""172387578""","0.11968398349420656","0.11968398349420656","0.11968398349420656","0","0.11968398349420656"
"1","573","592","1000","1","""HK""","0.08","false","""normal""","1","""constant""","0.1","""Scale-free""","2","0","1","""uniform""","""deterministic-normal""","0","0","0.4","""normal""","-0.19999999999999996","0.6000000000000001","false","""/home/ramaswamy.51/Documents/github/Spirals/Media/data/cluster/endsim/BehaviorSearch/Step6_Trial""","true","0.4","0.2","9","0","true","true","""2019839236""","0.13310989996924072","0.13310989996924072","0.13310989996924072","0","0.13310989996924072"
"1","574","592","1000","1","""HK""","0.08","false","""normal""","1","""constant""","0.1","""Scale-free""","2","0","1","""uniform""","""deterministic-normal""","0","0","0.4","""normal""","-0.19999999999999996","0.6000000000000001","false","""/home/ramaswamy.51/Documents/github/Spirals/Media/data/cluster/endsim/BehaviorSearch/Step6_Trial""","true","0.4","0.2","9","0","true","true","""-1080676377""","0.1439577832139175","0.1439577832139175","0.1439577832139175","0","0.1439577832139175"
"1","575","592","1000","1","""HK""","0.08","false","""normal""","1","""constant""","0.1","""Scale-free""","2","0","1","""uniform""","""deterministic-normal""","0","0","0.4","""normal""","-0.19999999999999996","0.6000000000000001","false","""/home/ramaswamy.51/Documents/github/Spirals/Media/data/cluster/endsim/BehaviorSearch/Step6_Trial""","true","0.4","0.2","9","0","true","true","""-2045354997""","0.13577656888940035","0.13577656888940035","0.13577656888940035","0","0.13577656888940035"
"1","576","592","1000","1","""HK""","0.08","false","""normal""","1","""constant""","0.1","""Scale-free""","2","0","1","""uniform""","""deterministic-normal""","0","0","0.4","""normal""","-0.19999999999999996","0.6000000000000001","false","""/home/ramaswamy.51/Documents/github/Spirals/Media/data/cluster/endsim/BehaviorSearch/Step6_Trial""","true","0.4","0.2","9","0","true","true","""-1844611498""","0.1382635986733438","0.1382635986733438","0.1382635986733438","0","0.1382635986733438"
"1","577","596","1000","1","""HK""","0.02","false","""normal""","1","""constant""","0.1","""Scale-free""","2","0","1","""uniform""","""deterministic-normal""","0","-0.09999999999999998","0.4","""normal""","-0.09999999999999998","0.6000000000000001","false","""/home/ramaswamy.51/Documents/github/Spirals/Media/data/cluster/endsim/BehaviorSearch/Step6_Trial""","true","0.4","0.4","9","-0.3999999999999999","true","true","""282006083""","0.1180540836625441","0.1180540836625441","0.1180540836625441","0","0.1180540836625441"
"1","578","596","1000","1","""HK""","0.02","false","""normal""","1","""constant""","0.1","""Scale-free""","2","0","1","""uniform""","""deterministic-normal""","0","-0.09999999999999998","0.4","""normal""","-0.09999999999999998","0.6000000000000001","false","""/home/ramaswamy.51/Documents/github/Spirals/Media/data/cluster/endsim/BehaviorSearch/Step6_Trial""","true","0.4","0.4","9","-0.3999999999999999","true","true","""-139103031""","0.11573545579517046","0.11573545579517046","0.11573545579517046","0","0.11573545579517046"
"1","579","596","1000","1","""HK""","0.02","false","""normal""","1","""constant""","0.1","""Scale-free""","2","0","1","""uniform""","""deterministic-normal""","0","-0.09999999999999998","0.4","""normal""","-0.09999999999999998","0.6000000000000001","false","""/home/ramaswamy.51/Documents/github/Spirals/Media/data/cluster/endsim/BehaviorSearch/Step6_Trial""","true","0.4","0.4","9","-0.3999999999999999","true","true","""687008102""","0.10009107005729301","0.10009107005729301","0.10009107005729301","0","0.10009107005729301"
"1","580","596","1000","1","""HK""","0.02","false","""normal""","1","""constant""","0.1","""Scale-free""","2","0","1","""uniform""","""deterministic-normal""","0","-0.09999999999999998","0.4","""normal""","-0.09999999999999998","0.6000000000000001","false","""/home/ramaswamy.51/Documents/github/Spirals/Media/data/cluster/endsim/BehaviorSearch/Step6_Trial""","true","0.4","0.4","9","-0.3999999999999999","true","true","""327475776""","0.11698307407266699","0.11698307407266699","0.11698307407266699","0","0.11698307407266699"
"1","581","600","1000","1","""HK""","0.05","false","""normal""","1","""constant""","0.1","""Scale-free""","3","0","1","""uniform""","""deterministic-normal""","5","0.10000000000000009","0.4","""normal""","-0.09999999999999998","0.6000000000000001","false","""/home/ramaswamy.51/Documents/github/Spirals/Media/data/cluster/endsim/BehaviorSearch/Step6_Trial""","true","0.30000000000000004","0.4","9","0.10000000000000009","true","true","""1623103998""","0.12125168280009625","0.12125168280009625","0.12125168280009625","0","0.12125168280009625"
"1","582","600","1000","1","""HK""","0.05","false","""normal""","1","""constant""","0.1","""Scale-free""","3","0","1","""uniform""","""deterministic-normal""","5","0.10000000000000009","0.4","""normal""","-0.09999999999999998","0.6000000000000001","false","""/home/ramaswamy.51/Documents/github/Spirals/Media/data/cluster/endsim/BehaviorSearch/Step6_Trial""","true","0.30000000000000004","0.4","9","0.10000000000000009","true","true","""-1801448336""","0.11278730913412484","0.11278730913412484","0.11278730913412484","0","0.11278730913412484"
"1","583","600","1000","1","""HK""","0.05","false","""normal""","1","""constant""","0.1","""Scale-free""","3","0","1","""uniform""","""deterministic-normal""","5","0.10000000000000009","0.4","""normal""","-0.09999999999999998","0.6000000000000001","false","""/home/ramaswamy.51/Documents/github/Spirals/Media/data/cluster/endsim/BehaviorSearch/Step6_Trial""","true","0.30000000000000004","0.4","9","0.10000000000000009","true","true","""1371419092""","0.13250905418133352","0.13250905418133352","0.13250905418133352","0","0.13250905418133352"
"1","584","600","1000","1","""HK""","0.05","false","""normal""","1","""constant""","0.1","""Scale-free""","3","0","1","""uniform""","""deterministic-normal""","5","0.10000000000000009","0.4","""normal""","-0.09999999999999998","0.6000000000000001","false","""/home/ramaswamy.51/Documents/github/Spirals/Media/data/cluster/endsim/BehaviorSearch/Step6_Trial""","true","0.30000000000000004","0.4","9","0.10000000000000009","true","true","""-820919854""","0.13303640800829034","0.13303640800829034","0.13303640800829034","0","0.13303640800829034"
"1","585","604","1000","1","""HK""","0.05","false","""normal""","1","""constant""","0.1","""Scale-free""","2","0","1","""uniform""","""deterministic-normal""","0","-0.09999999999999998","0.4","""normal""","-0.09999999999999998","0.6000000000000001","false","""/home/ramaswamy.51/Documents/github/Spirals/Media/data/cluster/endsim/BehaviorSearch/Step6_Trial""","true","0.4","0.4","8","-0.3999999999999999","true","true","""-1188798351""","0.1391764773802755","0.1391764773802755","0.1391764773802755","0","0.1391764773802755"
"1","586","604","1000","1","""HK""","0.05","false","""normal""","1","""constant""","0.1","""Scale-free""","2","0","1","""uniform""","""deterministic-normal""","0","-0.09999999999999998","0.4","""normal""","-0.09999999999999998","0.6000000000000001","false","""/home/ramaswamy.51/Documents/github/Spirals/Media/data/cluster/endsim/BehaviorSearch/Step6_Trial""","true","0.4","0.4","8","-0.3999999999999999","true","true","""-1407145336""","0.1282140614149562","0.1282140614149562","0.1282140614149562","0","0.1282140614149562"
"1","587","604","1000","1","""HK""","0.05","false","""normal""","1","""constant""","0.1","""Scale-free""","2","0","1","""uniform""","""deterministic-normal""","0","-0.09999999999999998","0.4","""normal""","-0.09999999999999998","0.6000000000000001","false","""/home/ramaswamy.51/Documents/github/Spirals/Media/data/cluster/endsim/BehaviorSearch/Step6_Trial""","true","0.4","0.4","8","-0.3999999999999999","true","true","""1570063068""","0.12677711764715432","0.12677711764715432","0.12677711764715432","0","0.12677711764715432"
"1","588","604","1000","1","""HK""","0.05","false","""normal""","1","""constant""","0.1","""Scale-free""","2","0","1","""uniform""","""deterministic-normal""","0","-0.09999999999999998","0.4","""normal""","-0.09999999999999998","0.6000000000000001","false","""/home/ramaswamy.51/Documents/github/Spirals/Media/data/cluster/endsim/BehaviorSearch/Step6_Trial""","true","0.4","0.4","8","-0.3999999999999999","true","true","""-1730345630""","0.13300969687074352","0.13300969687074352","0.13300969687074352","0","0.13300969687074352"
"1","589","608","1000","1","""HK""","0.01","false","""normal""","1","""constant""","0.1","""Scale-free""","2","0","1","""uniform""","""deterministic-normal""","5","0","0.4","""normal""","-0.09999999999999998","0.7000000000000001","false","""/home/ramaswamy.51/Documents/github/Spirals/Media/data/cluster/endsim/BehaviorSearch/Step6_Trial""","true","0.4","0.1","9","0.40000000000000013","true","true","""1072187017""","0.10023801884050541","0.10023801884050541","0.10023801884050541","0","0.10023801884050541"
"1","590","608","1000","1","""HK""","0.01","false","""normal""","1","""constant""","0.1","""Scale-free""","2","0","1","""uniform""","""deterministic-normal""","5","0","0.4","""normal""","-0.09999999999999998","0.7000000000000001","false","""/home/ramaswamy.51/Documents/github/Spirals/Media/data/cluster/endsim/BehaviorSearch/Step6_Trial""","true","0.4","0.1","9","0.40000000000000013","true","true","""1026874149""","0.11446223407711743","0.11446223407711743","0.11446223407711743","0","0.11446223407711743"
"1","591","608","1000","1","""HK""","0.01","false","""normal""","1","""constant""","0.1","""Scale-free""","2","0","1","""uniform""","""deterministic-normal""","5","0","0.4","""normal""","-0.09999999999999998","0.7000000000000001","false","""/home/ramaswamy.51/Documents/github/Spirals/Media/data/cluster/endsim/BehaviorSearch/Step6_Trial""","true","0.4","0.1","9","0.40000000000000013","true","true","""1058053446""","0.11967570412170606","0.11967570412170606","0.11967570412170606","0","0.11967570412170606"
"1","592","608","1000","1","""HK""","0.01","false","""normal""","1","""constant""","0.1","""Scale-free""","2","0","1","""uniform""","""deterministic-normal""","5","0","0.4","""normal""","-0.09999999999999998","0.7000000000000001","false","""/home/ramaswamy.51/Documents/github/Spirals/Media/data/cluster/endsim/BehaviorSearch/Step6_Trial""","true","0.4","0.1","9","0.40000000000000013","true","true","""-145986362""","0.10648797336219253","0.10648797336219253","0.10648797336219253","0","0.10648797336219253"
"1","593","612","1000","1","""HK""","0.01","false","""normal""","1","""constant""","0.1","""Scale-free""","2","0","1","""uniform""","""deterministic-normal""","0","0.10000000000000009","0.4","""normal""","-0.09999999999999998","0.6000000000000001","false","""/home/ramaswamy.51/Documents/github/Spirals/Media/data/cluster/endsim/BehaviorSearch/Step6_Trial""","true","0.30000000000000004","0.4","7","0","true","true","""-2072223670""","0.1359732082250345","0.1359732082250345","0.1359732082250345","0","0.1359732082250345"
"1","594","612","1000","1","""HK""","0.01","false","""normal""","1","""constant""","0.1","""Scale-free""","2","0","1","""uniform""","""deterministic-normal""","0","0.10000000000000009","0.4","""normal""","-0.09999999999999998","0.6000000000000001","false","""/home/ramaswamy.51/Documents/github/Spirals/Media/data/cluster/endsim/BehaviorSearch/Step6_Trial""","true","0.30000000000000004","0.4","7","0","true","true","""2002720944""","0.09909457050500091","0.09909457050500091","0.09909457050500091","0","0.09909457050500091"
"1","595","612","1000","1","""HK""","0.01","false","""normal""","1","""constant""","0.1","""Scale-free""","2","0","1","""uniform""","""deterministic-normal""","0","0.10000000000000009","0.4","""normal""","-0.09999999999999998","0.6000000000000001","false","""/home/ramaswamy.51/Documents/github/Spirals/Media/data/cluster/endsim/BehaviorSearch/Step6_Trial""","true","0.30000000000000004","0.4","7","0","true","true","""-1937933774""","0.12974711569724173","0.12974711569724173","0.12974711569724173","0","0.12974711569724173"
"1","596","612","1000","1","""HK""","0.01","false","""normal""","1","""constant""","0.1","""Scale-free""","2","0","1","""uniform""","""deterministic-normal""","0","0.10000000000000009","0.4","""normal""","-0.09999999999999998","0.6000000000000001","false","""/home/ramaswamy.51/Documents/github/Spirals/Media/data/cluster/endsim/BehaviorSearch/Step6_Trial""","true","0.30000000000000004","0.4","7","0","true","true","""861823773""","0.10756608852810474","0.10756608852810474","0.10756608852810474","0","0.10756608852810474"
"1","597","616","1000","1","""HK""","0.05","false","""normal""","1","""constant""","0.1","""Scale-free""","4","0","1","""uniform""","""deterministic-normal""","5","0.20000000000000018","0.4","""normal""","-0.09999999999999998","0.6000000000000001","false","""/home/ramaswamy.51/Documents/github/Spirals/Media/data/cluster/endsim/BehaviorSearch/Step6_Trial""","true","0.30000000000000004","0.4","8","-0.19999999999999996","true","true","""-1456960849""","0.1196826343823498","0.1196826343823498","0.1196826343823498","0","0.1196826343823498"
"1","598","616","1000","1","""HK""","0.05","false","""normal""","1","""constant""","0.1","""Scale-free""","4","0","1","""uniform""","""deterministic-normal""","5","0.20000000000000018","0.4","""normal""","-0.09999999999999998","0.6000000000000001","false","""/home/ramaswamy.51/Documents/github/Spirals/Media/data/cluster/endsim/BehaviorSearch/Step6_Trial""","true","0.30000000000000004","0.4","8","-0.19999999999999996","true","true","""-1459132931""","0.11187280867021762","0.11187280867021762","0.11187280867021762","0","0.11187280867021762"
"1","599","616","1000","1","""HK""","0.05","false","""normal""","1","""constant""","0.1","""Scale-free""","4","0","1","""uniform""","""deterministic-normal""","5","0.20000000000000018","0.4","""normal""","-0.09999999999999998","0.6000000000000001","false","""/home/ramaswamy.51/Documents/github/Spirals/Media/data/cluster/endsim/BehaviorSearch/Step6_Trial""","true","0.30000000000000004","0.4","8","-0.19999999999999996","true","true","""1681173976""","0.12736034541710595","0.12736034541710595","0.12736034541710595","0","0.12736034541710595"
"1","600","616","1000","1","""HK""","0.05","false","""normal""","1","""constant""","0.1","""Scale-free""","4","0","1","""uniform""","""deterministic-normal""","5","0.20000000000000018","0.4","""normal""","-0.09999999999999998","0.6000000000000001","false","""/home/ramaswamy.51/Documents/github/Spirals/Media/data/cluster/endsim/BehaviorSearch/Step6_Trial""","true","0.30000000000000004","0.4","8","-0.19999999999999996","true","true","""-1575009972""","0.1266026587015692","0.1266026587015692","0.1266026587015692","0","0.1266026587015692"
"1","601","620","1000","1","""HK""","0.02","false","""normal""","1","""constant""","0.1","""Scale-free""","2","0","1","""uniform""","""deterministic-normal""","0","0.10000000000000009","0.4","""normal""","-0.09999999999999998","0.7000000000000001","false","""/home/ramaswamy.51/Documents/github/Spirals/Media/data/cluster/endsim/BehaviorSearch/Step6_Trial""","true","0.30000000000000004","0.4","7","0","true","true","""328018827""","0.11553753537164987","0.11553753537164987","0.11553753537164987","0","0.11553753537164987"
"1","602","620","1000","1","""HK""","0.02","false","""normal""","1","""constant""","0.1","""Scale-free""","2","0","1","""uniform""","""deterministic-normal""","0","0.10000000000000009","0.4","""normal""","-0.09999999999999998","0.7000000000000001","false","""/home/ramaswamy.51/Documents/github/Spirals/Media/data/cluster/endsim/BehaviorSearch/Step6_Trial""","true","0.30000000000000004","0.4","7","0","true","true","""1364828506""","0.09206313055548225","0.09206313055548225","0.09206313055548225","0","0.09206313055548225"
"1","603","620","1000","1","""HK""","0.02","false","""normal""","1","""constant""","0.1","""Scale-free""","2","0","1","""uniform""","""deterministic-normal""","0","0.10000000000000009","0.4","""normal""","-0.09999999999999998","0.7000000000000001","false","""/home/ramaswamy.51/Documents/github/Spirals/Media/data/cluster/endsim/BehaviorSearch/Step6_Trial""","true","0.30000000000000004","0.4","7","0","true","true","""744622391""","0.10831933879990417","0.10831933879990417","0.10831933879990417","0","0.10831933879990417"
"1","604","620","1000","1","""HK""","0.02","false","""normal""","1","""constant""","0.1","""Scale-free""","2","0","1","""uniform""","""deterministic-normal""","0","0.10000000000000009","0.4","""normal""","-0.09999999999999998","0.7000000000000001","false","""/home/ramaswamy.51/Documents/github/Spirals/Media/data/cluster/endsim/BehaviorSearch/Step6_Trial""","true","0.30000000000000004","0.4","7","0","true","true","""1630743920""","0.13018640456177658","0.13018640456177658","0.13018640456177658","0","0.13018640456177658"
"1","605","624","1000","1","""HK""","0.02","false","""normal""","1","""constant""","0.1","""Scale-free""","2","0","1","""uniform""","""deterministic-normal""","0","0.10000000000000009","0.4","""normal""","-0.09999999999999998","0.6000000000000001","false","""/home/ramaswamy.51/Documents/github/Spirals/Media/data/cluster/endsim/BehaviorSearch/Step6_Trial""","true","0.30000000000000004","0.4","9","0","true","true","""-1452291891""","0.1083358350376634","0.1083358350376634","0.1083358350376634","0","0.1083358350376634"
"1","606","624","1000","1","""HK""","0.02","false","""normal""","1","""constant""","0.1","""Scale-free""","2","0","1","""uniform""","""deterministic-normal""","0","0.10000000000000009","0.4","""normal""","-0.09999999999999998","0.6000000000000001","false","""/home/ramaswamy.51/Documents/github/Spirals/Media/data/cluster/endsim/BehaviorSearch/Step6_Trial""","true","0.30000000000000004","0.4","9","0","true","true","""519102852""","0.10046920271943244","0.10046920271943244","0.10046920271943244","0","0.10046920271943244"
"1","607","624","1000","1","""HK""","0.02","false","""normal""","1","""constant""","0.1","""Scale-free""","2","0","1","""uniform""","""deterministic-normal""","0","0.10000000000000009","0.4","""normal""","-0.09999999999999998","0.6000000000000001","false","""/home/ramaswamy.51/Documents/github/Spirals/Media/data/cluster/endsim/BehaviorSearch/Step6_Trial""","true","0.30000000000000004","0.4","9","0","true","true","""-1443671532""","0.12948502527206399","0.12948502527206399","0.12948502527206399","0","0.12948502527206399"
"1","608","624","1000","1","""HK""","0.02","false","""normal""","1","""constant""","0.1","""Scale-free""","2","0","1","""uniform""","""deterministic-normal""","0","0.10000000000000009","0.4","""normal""","-0.09999999999999998","0.6000000000000001","false","""/home/ramaswamy.51/Documents/github/Spirals/Media/data/cluster/endsim/BehaviorSearch/Step6_Trial""","true","0.30000000000000004","0.4","9","0","true","true","""-1645084910""","0.09427305834026768","0.09427305834026768","0.09427305834026768","0","0.09427305834026768"
"1","609","628","1000","1","""HK""","0.05","false","""normal""","1","""constant""","0.1","""Scale-free""","2","0","1","""uniform""","""deterministic-normal""","0","0.40000000000000013","0.4","""normal""","-0.09999999999999998","0.6000000000000001","false","""/home/ramaswamy.51/Documents/github/Spirals/Media/data/cluster/endsim/BehaviorSearch/Step6_Trial""","true","0.4","0.4","9","0.20000000000000018","true","true","""1933826681""","0.11103004700967847","0.11103004700967847","0.11103004700967847","0","0.11103004700967847"
"1","610","628","1000","1","""HK""","0.05","false","""normal""","1","""constant""","0.1","""Scale-free""","2","0","1","""uniform""","""deterministic-normal""","0","0.40000000000000013","0.4","""normal""","-0.09999999999999998","0.6000000000000001","false","""/home/ramaswamy.51/Documents/github/Spirals/Media/data/cluster/endsim/BehaviorSearch/Step6_Trial""","true","0.4","0.4","9","0.20000000000000018","true","true","""1431863333""","0.12736911473428722","0.12736911473428722","0.12736911473428722","0","0.12736911473428722"
"1","611","628","1000","1","""HK""","0.05","false","""normal""","1","""constant""","0.1","""Scale-free""","2","0","1","""uniform""","""deterministic-normal""","0","0.40000000000000013","0.4","""normal""","-0.09999999999999998","0.6000000000000001","false","""/home/ramaswamy.51/Documents/github/Spirals/Media/data/cluster/endsim/BehaviorSearch/Step6_Trial""","true","0.4","0.4","9","0.20000000000000018","true","true","""1189421809""","0.12674110032003738","0.12674110032003738","0.12674110032003738","0","0.12674110032003738"
"1","612","628","1000","1","""HK""","0.05","false","""normal""","1","""constant""","0.1","""Scale-free""","2","0","1","""uniform""","""deterministic-normal""","0","0.40000000000000013","0.4","""normal""","-0.09999999999999998","0.6000000000000001","false","""/home/ramaswamy.51/Documents/github/Spirals/Media/data/cluster/endsim/BehaviorSearch/Step6_Trial""","true","0.4","0.4","9","0.20000000000000018","true","true","""821057880""","0.11128054877063961","0.11128054877063961","0.11128054877063961","0","0.11128054877063961"
"1","613","632","1000","1","""HK""","0.01","false","""normal""","1","""constant""","0.1","""Scale-free""","2","0","1","""uniform""","""deterministic-normal""","0","-0.19999999999999996","0.4","""normal""","-0.09999999999999998","0.6000000000000001","false","""/home/ramaswamy.51/Documents/github/Spirals/Media/data/cluster/endsim/BehaviorSearch/Step6_Trial""","true","0.2","0.7000000000000001","9","0","true","true","""449821555""","0.12455116895476757","0.12455116895476757","0.12455116895476757","0","0.12455116895476757"
"1","614","632","1000","1","""HK""","0.01","false","""normal""","1","""constant""","0.1","""Scale-free""","2","0","1","""uniform""","""deterministic-normal""","0","-0.19999999999999996","0.4","""normal""","-0.09999999999999998","0.6000000000000001","false","""/home/ramaswamy.51/Documents/github/Spirals/Media/data/cluster/endsim/BehaviorSearch/Step6_Trial""","true","0.2","0.7000000000000001","9","0","true","true","""-1262584486""","0.12350266773109506","0.12350266773109506","0.12350266773109506","0","0.12350266773109506"
"1","615","632","1000","1","""HK""","0.01","false","""normal""","1","""constant""","0.1","""Scale-free""","2","0","1","""uniform""","""deterministic-normal""","0","-0.19999999999999996","0.4","""normal""","-0.09999999999999998","0.6000000000000001","false","""/home/ramaswamy.51/Documents/github/Spirals/Media/data/cluster/endsim/BehaviorSearch/Step6_Trial""","true","0.2","0.7000000000000001","9","0","true","true","""-1227316968""","0.10255834589596861","0.10255834589596861","0.10255834589596861","0","0.10255834589596861"
"1","616","632","1000","1","""HK""","0.01","false","""normal""","1","""constant""","0.1","""Scale-free""","2","0","1","""uniform""","""deterministic-normal""","0","-0.19999999999999996","0.4","""normal""","-0.09999999999999998","0.6000000000000001","false","""/home/ramaswamy.51/Documents/github/Spirals/Media/data/cluster/endsim/BehaviorSearch/Step6_Trial""","true","0.2","0.7000000000000001","9","0","true","true","""-563845242""","0.09734865323599819","0.09734865323599819","0.09734865323599819","0","0.09734865323599819"
"1","617","636","1000","1","""HK""","0.01","false","""normal""","1","""constant""","0.1","""Scale-free""","2","0","1","""uniform""","""deterministic-normal""","0","0.10000000000000009","0.4","""normal""","-0.09999999999999998","0.8","false","""/home/ramaswamy.51/Documents/github/Spirals/Media/data/cluster/endsim/BehaviorSearch/Step6_Trial""","true","0.4","0.4","7","0","true","true","""1163357379""","0.11637227641459456","0.11637227641459456","0.11637227641459456","0","0.11637227641459456"
"1","618","636","1000","1","""HK""","0.01","false","""normal""","1","""constant""","0.1","""Scale-free""","2","0","1","""uniform""","""deterministic-normal""","0","0.10000000000000009","0.4","""normal""","-0.09999999999999998","0.8","false","""/home/ramaswamy.51/Documents/github/Spirals/Media/data/cluster/endsim/BehaviorSearch/Step6_Trial""","true","0.4","0.4","7","0","true","true","""-320299168""","0.12144799595643543","0.12144799595643543","0.12144799595643543","0","0.12144799595643543"
"1","619","636","1000","1","""HK""","0.01","false","""normal""","1","""constant""","0.1","""Scale-free""","2","0","1","""uniform""","""deterministic-normal""","0","0.10000000000000009","0.4","""normal""","-0.09999999999999998","0.8","false","""/home/ramaswamy.51/Documents/github/Spirals/Media/data/cluster/endsim/BehaviorSearch/Step6_Trial""","true","0.4","0.4","7","0","true","true","""1902085118""","0.11080273759614277","0.11080273759614277","0.11080273759614277","0","0.11080273759614277"
"1","620","636","1000","1","""HK""","0.01","false","""normal""","1","""constant""","0.1","""Scale-free""","2","0","1","""uniform""","""deterministic-normal""","0","0.10000000000000009","0.4","""normal""","-0.09999999999999998","0.8","false","""/home/ramaswamy.51/Documents/github/Spirals/Media/data/cluster/endsim/BehaviorSearch/Step6_Trial""","true","0.4","0.4","7","0","true","true","""387395301""","0.10748176635238459","0.10748176635238459","0.10748176635238459","0","0.10748176635238459"
"1","621","644","1000","1","""HK""","0.02","false","""normal""","1","""constant""","0.1","""Scale-free""","2","0","1","""uniform""","""deterministic-normal""","0","0.10000000000000009","0.4","""normal""","-0.09999999999999998","0.7000000000000001","false","""/home/ramaswamy.51/Documents/github/Spirals/Media/data/cluster/endsim/BehaviorSearch/Step6_Trial""","true","0.1","0.4","7","0","true","true","""-1074945330""","0.10432901258526835","0.10432901258526835","0.10432901258526835","0","0.10432901258526835"
"1","622","644","1000","1","""HK""","0.02","false","""normal""","1","""constant""","0.1","""Scale-free""","2","0","1","""uniform""","""deterministic-normal""","0","0.10000000000000009","0.4","""normal""","-0.09999999999999998","0.7000000000000001","false","""/home/ramaswamy.51/Documents/github/Spirals/Media/data/cluster/endsim/BehaviorSearch/Step6_Trial""","true","0.1","0.4","7","0","true","true","""-1930783084""","0.11390522633975227","0.11390522633975227","0.11390522633975227","0","0.11390522633975227"
"1","623","644","1000","1","""HK""","0.02","false","""normal""","1","""constant""","0.1","""Scale-free""","2","0","1","""uniform""","""deterministic-normal""","0","0.10000000000000009","0.4","""normal""","-0.09999999999999998","0.7000000000000001","false","""/home/ramaswamy.51/Documents/github/Spirals/Media/data/cluster/endsim/BehaviorSearch/Step6_Trial""","true","0.1","0.4","7","0","true","true","""-1186805652""","0.11293011462899669","0.11293011462899669","0.11293011462899669","0","0.11293011462899669"
"1","624","644","1000","1","""HK""","0.02","false","""normal""","1","""constant""","0.1","""Scale-free""","2","0","1","""uniform""","""deterministic-normal""","0","0.10000000000000009","0.4","""normal""","-0.09999999999999998","0.7000000000000001","false","""/home/ramaswamy.51/Documents/github/Spirals/Media/data/cluster/endsim/BehaviorSearch/Step6_Trial""","true","0.1","0.4","7","0","true","true","""1809757801""","0.10549419285629966","0.10549419285629966","0.10549419285629966","0","0.10549419285629966"
"1","625","648","1000","1","""HK""","0.02","false","""normal""","1","""constant""","0.1","""Scale-free""","2","0","1","""uniform""","""deterministic-normal""","0","-0.19999999999999996","0.5","""normal""","-0.09999999999999998","0.6000000000000001","false","""/home/ramaswamy.51/Documents/github/Spirals/Media/data/cluster/endsim/BehaviorSearch/Step6_Trial""","true","0.2","0.7000000000000001","7","0","true","true","""-1214162170""","0.09716618025575355","0.09716618025575355","0.09716618025575355","0","0.09716618025575355"
"1","626","648","1000","1","""HK""","0.02","false","""normal""","1","""constant""","0.1","""Scale-free""","2","0","1","""uniform""","""deterministic-normal""","0","-0.19999999999999996","0.5","""normal""","-0.09999999999999998","0.6000000000000001","false","""/home/ramaswamy.51/Documents/github/Spirals/Media/data/cluster/endsim/BehaviorSearch/Step6_Trial""","true","0.2","0.7000000000000001","7","0","true","true","""1317352781""","0.11481842685078318","0.11481842685078318","0.11481842685078318","0","0.11481842685078318"
"1","627","648","1000","1","""HK""","0.02","false","""normal""","1","""constant""","0.1","""Scale-free""","2","0","1","""uniform""","""deterministic-normal""","0","-0.19999999999999996","0.5","""normal""","-0.09999999999999998","0.6000000000000001","false","""/home/ramaswamy.51/Documents/github/Spirals/Media/data/cluster/endsim/BehaviorSearch/Step6_Trial""","true","0.2","0.7000000000000001","7","0","true","true","""-259564278""","0.12150846491173023","0.12150846491173023","0.12150846491173023","0","0.12150846491173023"
"1","628","648","1000","1","""HK""","0.02","false","""normal""","1","""constant""","0.1","""Scale-free""","2","0","1","""uniform""","""deterministic-normal""","0","-0.19999999999999996","0.5","""normal""","-0.09999999999999998","0.6000000000000001","false","""/home/ramaswamy.51/Documents/github/Spirals/Media/data/cluster/endsim/BehaviorSearch/Step6_Trial""","true","0.2","0.7000000000000001","7","0","true","true","""-760669189""","0.10648309960078528","0.10648309960078528","0.10648309960078528","0","0.10648309960078528"
"1","629","652","1000","1","""HK""","0.05","false","""normal""","1","""constant""","0.1","""Scale-free""","3","0","1","""uniform""","""deterministic-normal""","0","0.40000000000000013","0.4","""normal""","-0.09999999999999998","0.6000000000000001","false","""/home/ramaswamy.51/Documents/github/Spirals/Media/data/cluster/endsim/BehaviorSearch/Step6_Trial""","true","0.4","0.4","9","0","true","true","""-1881668243""","0.11339912390788925","0.11339912390788925","0.11339912390788925","0","0.11339912390788925"
"1","630","652","1000","1","""HK""","0.05","false","""normal""","1","""constant""","0.1","""Scale-free""","3","0","1","""uniform""","""deterministic-normal""","0","0.40000000000000013","0.4","""normal""","-0.09999999999999998","0.6000000000000001","false","""/home/ramaswamy.51/Documents/github/Spirals/Media/data/cluster/endsim/BehaviorSearch/Step6_Trial""","true","0.4","0.4","9","0","true","true","""-2076369279""","0.09466674731079533","0.09466674731079533","0.09466674731079533","0","0.09466674731079533"
"1","631","652","1000","1","""HK""","0.05","false","""normal""","1","""constant""","0.1","""Scale-free""","3","0","1","""uniform""","""deterministic-normal""","0","0.40000000000000013","0.4","""normal""","-0.09999999999999998","0.6000000000000001","false","""/home/ramaswamy.51/Documents/github/Spirals/Media/data/cluster/endsim/BehaviorSearch/Step6_Trial""","true","0.4","0.4","9","0","true","true","""1386020692""","0.12618921465058103","0.12618921465058103","0.12618921465058103","0","0.12618921465058103"
"1","632","652","1000","1","""HK""","0.05","false","""normal""","1","""constant""","0.1","""Scale-free""","3","0","1","""uniform""","""deterministic-normal""","0","0.40000000000000013","0.4","""normal""","-0.09999999999999998","0.6000000000000001","false","""/home/ramaswamy.51/Documents/github/Spirals/Media/data/cluster/endsim/BehaviorSearch/Step6_Trial""","true","0.4","0.4","9","0","true","true","""434864093""","0.11269357205387227","0.11269357205387227","0.11269357205387227","0","0.11269357205387227"
"1","633","656","1000","1","""HK""","0.01","false","""normal""","1","""constant""","0.1","""Scale-free""","2","0","1","""uniform""","""deterministic-normal""","5","-0.09999999999999998","0.4","""normal""","-0.09999999999999998","0.8","false","""/home/ramaswamy.51/Documents/github/Spirals/Media/data/cluster/endsim/BehaviorSearch/Step6_Trial""","true","0.4","0.1","9","0.40000000000000013","true","true","""1715321721""","0.10529173213484307","0.10529173213484307","0.10529173213484307","0","0.10529173213484307"
"1","634","656","1000","1","""HK""","0.01","false","""normal""","1","""constant""","0.1","""Scale-free""","2","0","1","""uniform""","""deterministic-normal""","5","-0.09999999999999998","0.4","""normal""","-0.09999999999999998","0.8","false","""/home/ramaswamy.51/Documents/github/Spirals/Media/data/cluster/endsim/BehaviorSearch/Step6_Trial""","true","0.4","0.1","9","0.40000000000000013","true","true","""1293885171""","0.10667526543013311","0.10667526543013311","0.10667526543013311","0","0.10667526543013311"
"1","635","656","1000","1","""HK""","0.01","false","""normal""","1","""constant""","0.1","""Scale-free""","2","0","1","""uniform""","""deterministic-normal""","5","-0.09999999999999998","0.4","""normal""","-0.09999999999999998","0.8","false","""/home/ramaswamy.51/Documents/github/Spirals/Media/data/cluster/endsim/BehaviorSearch/Step6_Trial""","true","0.4","0.1","9","0.40000000000000013","true","true","""-158152352""","0.11498579714676538","0.11498579714676538","0.11498579714676538","0","0.11498579714676538"
"1","636","656","1000","1","""HK""","0.01","false","""normal""","1","""constant""","0.1","""Scale-free""","2","0","1","""uniform""","""deterministic-normal""","5","-0.09999999999999998","0.4","""normal""","-0.09999999999999998","0.8","false","""/home/ramaswamy.51/Documents/github/Spirals/Media/data/cluster/endsim/BehaviorSearch/Step6_Trial""","true","0.4","0.1","9","0.40000000000000013","true","true","""643633646""","0.11792984276992376","0.11792984276992376","0.11792984276992376","0","0.11792984276992376"
"1","637","660","1000","1","""HK""","0.02","false","""normal""","1","""constant""","0.1","""Scale-free""","2","0","1","""uniform""","""deterministic-normal""","0","-0.3999999999999999","0.5","""normal""","-0.09999999999999998","0.6000000000000001","false","""/home/ramaswamy.51/Documents/github/Spirals/Media/data/cluster/endsim/BehaviorSearch/Step6_Trial""","true","0.2","0.7000000000000001","7","0","true","true","""-1762908186""","0.11856070679817197","0.11856070679817197","0.11856070679817197","0","0.11856070679817197"
"1","638","660","1000","1","""HK""","0.02","false","""normal""","1","""constant""","0.1","""Scale-free""","2","0","1","""uniform""","""deterministic-normal""","0","-0.3999999999999999","0.5","""normal""","-0.09999999999999998","0.6000000000000001","false","""/home/ramaswamy.51/Documents/github/Spirals/Media/data/cluster/endsim/BehaviorSearch/Step6_Trial""","true","0.2","0.7000000000000001","7","0","true","true","""1282844645""","0.12191532428946458","0.12191532428946458","0.12191532428946458","0","0.12191532428946458"
"1","639","660","1000","1","""HK""","0.02","false","""normal""","1","""constant""","0.1","""Scale-free""","2","0","1","""uniform""","""deterministic-normal""","0","-0.3999999999999999","0.5","""normal""","-0.09999999999999998","0.6000000000000001","false","""/home/ramaswamy.51/Documents/github/Spirals/Media/data/cluster/endsim/BehaviorSearch/Step6_Trial""","true","0.2","0.7000000000000001","7","0","true","true","""573728069""","0.10115048391311952","0.10115048391311952","0.10115048391311952","0","0.10115048391311952"
"1","640","660","1000","1","""HK""","0.02","false","""normal""","1","""constant""","0.1","""Scale-free""","2","0","1","""uniform""","""deterministic-normal""","0","-0.3999999999999999","0.5","""normal""","-0.09999999999999998","0.6000000000000001","false","""/home/ramaswamy.51/Documents/github/Spirals/Media/data/cluster/endsim/BehaviorSearch/Step6_Trial""","true","0.2","0.7000000000000001","7","0","true","true","""1212991777""","0.10056395366903002","0.10056395366903002","0.10056395366903002","0","0.10056395366903002"
"1","641","664","1000","1","""HK""","0.05","false","""normal""","1","""constant""","0.1","""Scale-free""","2","0","1","""uniform""","""deterministic-normal""","0","0.20000000000000018","0.5","""normal""","-0.09999999999999998","0.6000000000000001","false","""/home/ramaswamy.51/Documents/github/Spirals/Media/data/cluster/endsim/BehaviorSearch/Step6_Trial""","true","0.2","0.7000000000000001","7","-0.29999999999999993","true","true","""-331677211""","0.12320019374560016","0.12320019374560016","0.12320019374560016","0","0.12320019374560016"
"1","642","664","1000","1","""HK""","0.05","false","""normal""","1","""constant""","0.1","""Scale-free""","2","0","1","""uniform""","""deterministic-normal""","0","0.20000000000000018","0.5","""normal""","-0.09999999999999998","0.6000000000000001","false","""/home/ramaswamy.51/Documents/github/Spirals/Media/data/cluster/endsim/BehaviorSearch/Step6_Trial""","true","0.2","0.7000000000000001","7","-0.29999999999999993","true","true","""1174747736""","0.13386129909118724","0.13386129909118724","0.13386129909118724","0","0.13386129909118724"
"1","643","664","1000","1","""HK""","0.05","false","""normal""","1","""constant""","0.1","""Scale-free""","2","0","1","""uniform""","""deterministic-normal""","0","0.20000000000000018","0.5","""normal""","-0.09999999999999998","0.6000000000000001","false","""/home/ramaswamy.51/Documents/github/Spirals/Media/data/cluster/endsim/BehaviorSearch/Step6_Trial""","true","0.2","0.7000000000000001","7","-0.29999999999999993","true","true","""523031291""","0.1308154450090732","0.1308154450090732","0.1308154450090732","0","0.1308154450090732"
"1","644","664","1000","1","""HK""","0.05","false","""normal""","1","""constant""","0.1","""Scale-free""","2","0","1","""uniform""","""deterministic-normal""","0","0.20000000000000018","0.5","""normal""","-0.09999999999999998","0.6000000000000001","false","""/home/ramaswamy.51/Documents/github/Spirals/Media/data/cluster/endsim/BehaviorSearch/Step6_Trial""","true","0.2","0.7000000000000001","7","-0.29999999999999993","true","true","""1589883530""","0.13468880383034787","0.13468880383034787","0.13468880383034787","0","0.13468880383034787"
"1","645","672","1000","1","""HK""","0.05","false","""normal""","1","""constant""","0.1","""Scale-free""","2","0","1","""uniform""","""deterministic-normal""","0","-0.29999999999999993","0.5","""normal""","-0.09999999999999998","0.6000000000000001","false","""/home/ramaswamy.51/Documents/github/Spirals/Media/data/cluster/endsim/BehaviorSearch/Step6_Trial""","true","0.2","0.7000000000000001","7","0","true","true","""-801717176""","0.13796998086551268","0.13796998086551268","0.13796998086551268","0","0.13796998086551268"
"1","646","672","1000","1","""HK""","0.05","false","""normal""","1","""constant""","0.1","""Scale-free""","2","0","1","""uniform""","""deterministic-normal""","0","-0.29999999999999993","0.5","""normal""","-0.09999999999999998","0.6000000000000001","false","""/home/ramaswamy.51/Documents/github/Spirals/Media/data/cluster/endsim/BehaviorSearch/Step6_Trial""","true","0.2","0.7000000000000001","7","0","true","true","""132936300""","0.1352364307056396","0.1352364307056396","0.1352364307056396","0","0.1352364307056396"
"1","647","672","1000","1","""HK""","0.05","false","""normal""","1","""constant""","0.1","""Scale-free""","2","0","1","""uniform""","""deterministic-normal""","0","-0.29999999999999993","0.5","""normal""","-0.09999999999999998","0.6000000000000001","false","""/home/ramaswamy.51/Documents/github/Spirals/Media/data/cluster/endsim/BehaviorSearch/Step6_Trial""","true","0.2","0.7000000000000001","7","0","true","true","""-475573392""","0.10645624477771101","0.10645624477771101","0.10645624477771101","0","0.10645624477771101"
"1","648","672","1000","1","""HK""","0.05","false","""normal""","1","""constant""","0.1","""Scale-free""","2","0","1","""uniform""","""deterministic-normal""","0","-0.29999999999999993","0.5","""normal""","-0.09999999999999998","0.6000000000000001","false","""/home/ramaswamy.51/Documents/github/Spirals/Media/data/cluster/endsim/BehaviorSearch/Step6_Trial""","true","0.2","0.7000000000000001","7","0","true","true","""-1747627739""","0.11823952927659222","0.11823952927659222","0.11823952927659222","0","0.11823952927659222"
"1","649","680","1000","1","""HK""","0.01","false","""normal""","1","""constant""","0.1","""Scale-free""","2","0","1","""uniform""","""deterministic-normal""","0","0.10000000000000009","0.4","""normal""","-0.19999999999999996","0.8","false","""/home/ramaswamy.51/Documents/github/Spirals/Media/data/cluster/endsim/BehaviorSearch/Step6_Trial""","true","0.4","0.1","9","0.40000000000000013","true","true","""494541270""","0.1251835369081003","0.1251835369081003","0.1251835369081003","0","0.1251835369081003"
"1","650","680","1000","1","""HK""","0.01","false","""normal""","1","""constant""","0.1","""Scale-free""","2","0","1","""uniform""","""deterministic-normal""","0","0.10000000000000009","0.4","""normal""","-0.19999999999999996","0.8","false","""/home/ramaswamy.51/Documents/github/Spirals/Media/data/cluster/endsim/BehaviorSearch/Step6_Trial""","true","0.4","0.1","9","0.40000000000000013","true","true","""1425023642""","0.13083043494226956","0.13083043494226956","0.13083043494226956","0","0.13083043494226956"
"1","651","680","1000","1","""HK""","0.01","false","""normal""","1","""constant""","0.1","""Scale-free""","2","0","1","""uniform""","""deterministic-normal""","0","0.10000000000000009","0.4","""normal""","-0.19999999999999996","0.8","false","""/home/ramaswamy.51/Documents/github/Spirals/Media/data/cluster/endsim/BehaviorSearch/Step6_Trial""","true","0.4","0.1","9","0.40000000000000013","true","true","""494858111""","0.11549418841054122","0.11549418841054122","0.11549418841054122","0","0.11549418841054122"
"1","652","680","1000","1","""HK""","0.01","false","""normal""","1","""constant""","0.1","""Scale-free""","2","0","1","""uniform""","""deterministic-normal""","0","0.10000000000000009","0.4","""normal""","-0.19999999999999996","0.8","false","""/home/ramaswamy.51/Documents/github/Spirals/Media/data/cluster/endsim/BehaviorSearch/Step6_Trial""","true","0.4","0.1","9","0.40000000000000013","true","true","""-576036731""","0.1285061279735632","0.1285061279735632","0.1285061279735632","0","0.1285061279735632"
"1","653","684","1000","1","""HK""","0.02","false","""normal""","1","""constant""","0.1","""Scale-free""","2","0","1","""uniform""","""deterministic-normal""","5","0.10000000000000009","0.5","""normal""","-0.09999999999999998","0.6000000000000001","false","""/home/ramaswamy.51/Documents/github/Spirals/Media/data/cluster/endsim/BehaviorSearch/Step6_Trial""","true","0.30000000000000004","0.4","10","0","true","true","""1924107739""","0.11832842155173184","0.11832842155173184","0.11832842155173184","0","0.11832842155173184"
"1","654","684","1000","1","""HK""","0.02","false","""normal""","1","""constant""","0.1","""Scale-free""","2","0","1","""uniform""","""deterministic-normal""","5","0.10000000000000009","0.5","""normal""","-0.09999999999999998","0.6000000000000001","false","""/home/ramaswamy.51/Documents/github/Spirals/Media/data/cluster/endsim/BehaviorSearch/Step6_Trial""","true","0.30000000000000004","0.4","10","0","true","true","""210875093""","0.1031907725377589","0.1031907725377589","0.1031907725377589","0","0.1031907725377589"
"1","655","684","1000","1","""HK""","0.02","false","""normal""","1","""constant""","0.1","""Scale-free""","2","0","1","""uniform""","""deterministic-normal""","5","0.10000000000000009","0.5","""normal""","-0.09999999999999998","0.6000000000000001","false","""/home/ramaswamy.51/Documents/github/Spirals/Media/data/cluster/endsim/BehaviorSearch/Step6_Trial""","true","0.30000000000000004","0.4","10","0","true","true","""1882369930""","0.1181834530833319","0.1181834530833319","0.1181834530833319","0","0.1181834530833319"
"1","656","684","1000","1","""HK""","0.02","false","""normal""","1","""constant""","0.1","""Scale-free""","2","0","1","""uniform""","""deterministic-normal""","5","0.10000000000000009","0.5","""normal""","-0.09999999999999998","0.6000000000000001","false","""/home/ramaswamy.51/Documents/github/Spirals/Media/data/cluster/endsim/BehaviorSearch/Step6_Trial""","true","0.30000000000000004","0.4","10","0","true","true","""934865725""","0.10649446604988298","0.10649446604988298","0.10649446604988298","0","0.10649446604988298"
"1","657","688","1000","1","""HK""","0.01","false","""normal""","1","""constant""","0.1","""Scale-free""","2","0","1","""uniform""","""deterministic-normal""","5","0.10000000000000009","0.5","""normal""","-0.09999999999999998","0.6000000000000001","false","""/home/ramaswamy.51/Documents/github/Spirals/Media/data/cluster/endsim/BehaviorSearch/Step6_Trial""","true","0.2","0.2","10","0","true","true","""-1872846620""","0.10435272930228634","0.10435272930228634","0.10435272930228634","0","0.10435272930228634"
"1","658","688","1000","1","""HK""","0.01","false","""normal""","1","""constant""","0.1","""Scale-free""","2","0","1","""uniform""","""deterministic-normal""","5","0.10000000000000009","0.5","""normal""","-0.09999999999999998","0.6000000000000001","false","""/home/ramaswamy.51/Documents/github/Spirals/Media/data/cluster/endsim/BehaviorSearch/Step6_Trial""","true","0.2","0.2","10","0","true","true","""1297722146""","0.09506544167522632","0.09506544167522632","0.09506544167522632","0","0.09506544167522632"
"1","659","688","1000","1","""HK""","0.01","false","""normal""","1","""constant""","0.1","""Scale-free""","2","0","1","""uniform""","""deterministic-normal""","5","0.10000000000000009","0.5","""normal""","-0.09999999999999998","0.6000000000000001","false","""/home/ramaswamy.51/Documents/github/Spirals/Media/data/cluster/endsim/BehaviorSearch/Step6_Trial""","true","0.2","0.2","10","0","true","true","""1604422747""","0.11661656908384953","0.11661656908384953","0.11661656908384953","0","0.11661656908384953"
"1","660","688","1000","1","""HK""","0.01","false","""normal""","1","""constant""","0.1","""Scale-free""","2","0","1","""uniform""","""deterministic-normal""","5","0.10000000000000009","0.5","""normal""","-0.09999999999999998","0.6000000000000001","false","""/home/ramaswamy.51/Documents/github/Spirals/Media/data/cluster/endsim/BehaviorSearch/Step6_Trial""","true","0.2","0.2","10","0","true","true","""-1775102729""","0.11158773450415234","0.11158773450415234","0.11158773450415234","0","0.11158773450415234"
"1","661","692","1000","1","""HK""","0.02","false","""normal""","1","""constant""","0.1","""Scale-free""","2","0","1","""uniform""","""deterministic-normal""","5","0.10000000000000009","0.5","""normal""","-0.09999999999999998","0.6000000000000001","false","""/home/ramaswamy.51/Documents/github/Spirals/Media/data/cluster/endsim/BehaviorSearch/Step6_Trial""","true","0.2","0.2","10","0","true","true","""1099454239""","0.13650584097081978","0.13650584097081978","0.13650584097081978","0","0.13650584097081978"
"1","662","692","1000","1","""HK""","0.02","false","""normal""","1","""constant""","0.1","""Scale-free""","2","0","1","""uniform""","""deterministic-normal""","5","0.10000000000000009","0.5","""normal""","-0.09999999999999998","0.6000000000000001","false","""/home/ramaswamy.51/Documents/github/Spirals/Media/data/cluster/endsim/BehaviorSearch/Step6_Trial""","true","0.2","0.2","10","0","true","true","""-120159485""","0.12323626684846804","0.12323626684846804","0.12323626684846804","0","0.12323626684846804"
"1","663","692","1000","1","""HK""","0.02","false","""normal""","1","""constant""","0.1","""Scale-free""","2","0","1","""uniform""","""deterministic-normal""","5","0.10000000000000009","0.5","""normal""","-0.09999999999999998","0.6000000000000001","false","""/home/ramaswamy.51/Documents/github/Spirals/Media/data/cluster/endsim/BehaviorSearch/Step6_Trial""","true","0.2","0.2","10","0","true","true","""-190851282""","0.10613809170071326","0.10613809170071326","0.10613809170071326","0","0.10613809170071326"
"1","664","692","1000","1","""HK""","0.02","false","""normal""","1","""constant""","0.1","""Scale-free""","2","0","1","""uniform""","""deterministic-normal""","5","0.10000000000000009","0.5","""normal""","-0.09999999999999998","0.6000000000000001","false","""/home/ramaswamy.51/Documents/github/Spirals/Media/data/cluster/endsim/BehaviorSearch/Step6_Trial""","true","0.2","0.2","10","0","true","true","""-736343569""","0.09437134244681639","0.09437134244681639","0.09437134244681639","0","0.09437134244681639"
"1","665","696","1000","1","""HK""","0.01","false","""normal""","1","""constant""","0.1","""Scale-free""","1","0","1","""uniform""","""deterministic-normal""","5","0.10000000000000009","0.4","""normal""","-0.19999999999999996","0.9","false","""/home/ramaswamy.51/Documents/github/Spirals/Media/data/cluster/endsim/BehaviorSearch/Step6_Trial""","true","0.4","0.1","9","0.7000000000000002","true","true","""9536768""","0.11970898784657556","0.11970898784657556","0.11970898784657556","0","0.11970898784657556"
"1","666","696","1000","1","""HK""","0.01","false","""normal""","1","""constant""","0.1","""Scale-free""","1","0","1","""uniform""","""deterministic-normal""","5","0.10000000000000009","0.4","""normal""","-0.19999999999999996","0.9","false","""/home/ramaswamy.51/Documents/github/Spirals/Media/data/cluster/endsim/BehaviorSearch/Step6_Trial""","true","0.4","0.1","9","0.7000000000000002","true","true","""175855491""","0.1267554304524021","0.1267554304524021","0.1267554304524021","0","0.1267554304524021"
"1","667","696","1000","1","""HK""","0.01","false","""normal""","1","""constant""","0.1","""Scale-free""","1","0","1","""uniform""","""deterministic-normal""","5","0.10000000000000009","0.4","""normal""","-0.19999999999999996","0.9","false","""/home/ramaswamy.51/Documents/github/Spirals/Media/data/cluster/endsim/BehaviorSearch/Step6_Trial""","true","0.4","0.1","9","0.7000000000000002","true","true","""1400602616""","0.12516861156107287","0.12516861156107287","0.12516861156107287","0","0.12516861156107287"
"1","668","696","1000","1","""HK""","0.01","false","""normal""","1","""constant""","0.1","""Scale-free""","1","0","1","""uniform""","""deterministic-normal""","5","0.10000000000000009","0.4","""normal""","-0.19999999999999996","0.9","false","""/home/ramaswamy.51/Documents/github/Spirals/Media/data/cluster/endsim/BehaviorSearch/Step6_Trial""","true","0.4","0.1","9","0.7000000000000002","true","true","""-813172042""","0.15096760192263192","0.15096760192263192","0.15096760192263192","0","0.15096760192263192"
"1","669","700","1000","1","""HK""","0.02","false","""normal""","1","""constant""","0.1","""Scale-free""","2","0","1","""uniform""","""deterministic-normal""","5","0.10000000000000009","0.5","""normal""","-0.09999999999999998","0.6000000000000001","false","""/home/ramaswamy.51/Documents/github/Spirals/Media/data/cluster/endsim/BehaviorSearch/Step6_Trial""","true","0.30000000000000004","0.4","10","-0.19999999999999996","true","true","""-700650118""","0.10856771967164396","0.10856771967164396","0.10856771967164396","0","0.10856771967164396"
"1","670","700","1000","1","""HK""","0.02","false","""normal""","1","""constant""","0.1","""Scale-free""","2","0","1","""uniform""","""deterministic-normal""","5","0.10000000000000009","0.5","""normal""","-0.09999999999999998","0.6000000000000001","false","""/home/ramaswamy.51/Documents/github/Spirals/Media/data/cluster/endsim/BehaviorSearch/Step6_Trial""","true","0.30000000000000004","0.4","10","-0.19999999999999996","true","true","""892663512""","0.11446715085359296","0.11446715085359296","0.11446715085359296","0","0.11446715085359296"
"1","671","700","1000","1","""HK""","0.02","false","""normal""","1","""constant""","0.1","""Scale-free""","2","0","1","""uniform""","""deterministic-normal""","5","0.10000000000000009","0.5","""normal""","-0.09999999999999998","0.6000000000000001","false","""/home/ramaswamy.51/Documents/github/Spirals/Media/data/cluster/endsim/BehaviorSearch/Step6_Trial""","true","0.30000000000000004","0.4","10","-0.19999999999999996","true","true","""1738049294""","0.10117679909008655","0.10117679909008655","0.10117679909008655","0","0.10117679909008655"
"1","672","700","1000","1","""HK""","0.02","false","""normal""","1","""constant""","0.1","""Scale-free""","2","0","1","""uniform""","""deterministic-normal""","5","0.10000000000000009","0.5","""normal""","-0.09999999999999998","0.6000000000000001","false","""/home/ramaswamy.51/Documents/github/Spirals/Media/data/cluster/endsim/BehaviorSearch/Step6_Trial""","true","0.30000000000000004","0.4","10","-0.19999999999999996","true","true","""-1705627547""","0.11895143657324529","0.11895143657324529","0.11895143657324529","0","0.11895143657324529"
"1","673","704","1000","1","""HK""","0.01","false","""normal""","1","""constant""","0.1","""Scale-free""","2","0","1","""uniform""","""deterministic-normal""","0","-0.09999999999999998","0.4","""normal""","-0.09999999999999998","0.6000000000000001","false","""/home/ramaswamy.51/Documents/github/Spirals/Media/data/cluster/endsim/BehaviorSearch/Step6_Trial""","true","0.4","0.4","9","-0.3999999999999999","true","true","""-1011097881""","0.10339751158850055","0.10339751158850055","0.10339751158850055","0","0.10339751158850055"
"1","674","704","1000","1","""HK""","0.01","false","""normal""","1","""constant""","0.1","""Scale-free""","2","0","1","""uniform""","""deterministic-normal""","0","-0.09999999999999998","0.4","""normal""","-0.09999999999999998","0.6000000000000001","false","""/home/ramaswamy.51/Documents/github/Spirals/Media/data/cluster/endsim/BehaviorSearch/Step6_Trial""","true","0.4","0.4","9","-0.3999999999999999","true","true","""-765476501""","0.1254743078522872","0.1254743078522872","0.1254743078522872","0","0.1254743078522872"
"1","675","704","1000","1","""HK""","0.01","false","""normal""","1","""constant""","0.1","""Scale-free""","2","0","1","""uniform""","""deterministic-normal""","0","-0.09999999999999998","0.4","""normal""","-0.09999999999999998","0.6000000000000001","false","""/home/ramaswamy.51/Documents/github/Spirals/Media/data/cluster/endsim/BehaviorSearch/Step6_Trial""","true","0.4","0.4","9","-0.3999999999999999","true","true","""-675431942""","0.1053849166876005","0.1053849166876005","0.1053849166876005","0","0.1053849166876005"
"1","676","704","1000","1","""HK""","0.01","false","""normal""","1","""constant""","0.1","""Scale-free""","2","0","1","""uniform""","""deterministic-normal""","0","-0.09999999999999998","0.4","""normal""","-0.09999999999999998","0.6000000000000001","false","""/home/ramaswamy.51/Documents/github/Spirals/Media/data/cluster/endsim/BehaviorSearch/Step6_Trial""","true","0.4","0.4","9","-0.3999999999999999","true","true","""373185594""","0.1272090064363129","0.1272090064363129","0.1272090064363129","0","0.1272090064363129"
"1","677","708","1000","1","""HK""","0.02","false","""normal""","1","""constant""","0.1","""Scale-free""","2","0","1","""uniform""","""deterministic-normal""","5","0","0.4","""normal""","-0.3999999999999999","0.7000000000000001","false","""/home/ramaswamy.51/Documents/github/Spirals/Media/data/cluster/endsim/BehaviorSearch/Step6_Trial""","true","0.4","0.1","9","0.40000000000000013","true","true","""1613073258""","0.1714069067075328","0.1714069067075328","0.1714069067075328","0","0.1714069067075328"
"1","678","708","1000","1","""HK""","0.02","false","""normal""","1","""constant""","0.1","""Scale-free""","2","0","1","""uniform""","""deterministic-normal""","5","0","0.4","""normal""","-0.3999999999999999","0.7000000000000001","false","""/home/ramaswamy.51/Documents/github/Spirals/Media/data/cluster/endsim/BehaviorSearch/Step6_Trial""","true","0.4","0.1","9","0.40000000000000013","true","true","""32827688""","0.1486802323071429","0.1486802323071429","0.1486802323071429","0","0.1486802323071429"
"1","679","708","1000","1","""HK""","0.02","false","""normal""","1","""constant""","0.1","""Scale-free""","2","0","1","""uniform""","""deterministic-normal""","5","0","0.4","""normal""","-0.3999999999999999","0.7000000000000001","false","""/home/ramaswamy.51/Documents/github/Spirals/Media/data/cluster/endsim/BehaviorSearch/Step6_Trial""","true","0.4","0.1","9","0.40000000000000013","true","true","""1514490284""","0.15491464693546336","0.15491464693546336","0.15491464693546336","0","0.15491464693546336"
"1","680","708","1000","1","""HK""","0.02","false","""normal""","1","""constant""","0.1","""Scale-free""","2","0","1","""uniform""","""deterministic-normal""","5","0","0.4","""normal""","-0.3999999999999999","0.7000000000000001","false","""/home/ramaswamy.51/Documents/github/Spirals/Media/data/cluster/endsim/BehaviorSearch/Step6_Trial""","true","0.4","0.1","9","0.40000000000000013","true","true","""-87282319""","0.1660415016903292","0.1660415016903292","0.1660415016903292","0","0.1660415016903292"
"1","681","712","1000","1","""HK""","0.01","false","""normal""","1","""constant""","0.2","""Scale-free""","2","0","1","""uniform""","""deterministic-normal""","5","0.10000000000000009","0.5","""normal""","-0.19999999999999996","0.6000000000000001","false","""/home/ramaswamy.51/Documents/github/Spirals/Media/data/cluster/endsim/BehaviorSearch/Step6_Trial""","true","0.2","0.2","10","0.10000000000000009","true","true","""-2106320227""","0.18059056303475868","0.18059056303475868","0.18059056303475868","0","0.18059056303475868"
"1","682","712","1000","1","""HK""","0.01","false","""normal""","1","""constant""","0.2","""Scale-free""","2","0","1","""uniform""","""deterministic-normal""","5","0.10000000000000009","0.5","""normal""","-0.19999999999999996","0.6000000000000001","false","""/home/ramaswamy.51/Documents/github/Spirals/Media/data/cluster/endsim/BehaviorSearch/Step6_Trial""","true","0.2","0.2","10","0.10000000000000009","true","true","""-61063585""","0.18415800771630073","0.18415800771630073","0.18415800771630073","0","0.18415800771630073"
"1","683","712","1000","1","""HK""","0.01","false","""normal""","1","""constant""","0.2","""Scale-free""","2","0","1","""uniform""","""deterministic-normal""","5","0.10000000000000009","0.5","""normal""","-0.19999999999999996","0.6000000000000001","false","""/home/ramaswamy.51/Documents/github/Spirals/Media/data/cluster/endsim/BehaviorSearch/Step6_Trial""","true","0.2","0.2","10","0.10000000000000009","true","true","""-480692879""","0.1822884561786215","0.1822884561786215","0.1822884561786215","0","0.1822884561786215"
"1","684","712","1000","1","""HK""","0.01","false","""normal""","1","""constant""","0.2","""Scale-free""","2","0","1","""uniform""","""deterministic-normal""","5","0.10000000000000009","0.5","""normal""","-0.19999999999999996","0.6000000000000001","false","""/home/ramaswamy.51/Documents/github/Spirals/Media/data/cluster/endsim/BehaviorSearch/Step6_Trial""","true","0.2","0.2","10","0.10000000000000009","true","true","""1931242043""","0.20409800035000283","0.20409800035000283","0.20409800035000283","0","0.20409800035000283"
"1","685","716","1000","1","""HK""","0.01","false","""normal""","1","""constant""","0.1","""Scale-free""","2","0","1","""uniform""","""deterministic-normal""","10","0","0.4","""normal""","-0.09999999999999998","0.7000000000000001","false","""/home/ramaswamy.51/Documents/github/Spirals/Media/data/cluster/endsim/BehaviorSearch/Step6_Trial""","true","0.30000000000000004","0.7000000000000001","7","0","true","true","""89773631""","0.09823167014457682","0.09823167014457682","0.09823167014457682","0","0.09823167014457682"
"1","686","716","1000","1","""HK""","0.01","false","""normal""","1","""constant""","0.1","""Scale-free""","2","0","1","""uniform""","""deterministic-normal""","10","0","0.4","""normal""","-0.09999999999999998","0.7000000000000001","false","""/home/ramaswamy.51/Documents/github/Spirals/Media/data/cluster/endsim/BehaviorSearch/Step6_Trial""","true","0.30000000000000004","0.7000000000000001","7","0","true","true","""-291779137""","0.0945704328849327","0.0945704328849327","0.0945704328849327","0","0.0945704328849327"
"1","687","716","1000","1","""HK""","0.01","false","""normal""","1","""constant""","0.1","""Scale-free""","2","0","1","""uniform""","""deterministic-normal""","10","0","0.4","""normal""","-0.09999999999999998","0.7000000000000001","false","""/home/ramaswamy.51/Documents/github/Spirals/Media/data/cluster/endsim/BehaviorSearch/Step6_Trial""","true","0.30000000000000004","0.7000000000000001","7","0","true","true","""2060011507""","0.09303322594401488","0.09303322594401488","0.09303322594401488","0","0.09303322594401488"
"1","688","716","1000","1","""HK""","0.01","false","""normal""","1","""constant""","0.1","""Scale-free""","2","0","1","""uniform""","""deterministic-normal""","10","0","0.4","""normal""","-0.09999999999999998","0.7000000000000001","false","""/home/ramaswamy.51/Documents/github/Spirals/Media/data/cluster/endsim/BehaviorSearch/Step6_Trial""","true","0.30000000000000004","0.7000000000000001","7","0","true","true","""-1188090132""","0.12065111895509684","0.12065111895509684","0.12065111895509684","0","0.12065111895509684"
"1","689","720","1000","1","""HK""","0.01","false","""normal""","1","""constant""","0.1","""Scale-free""","2","0","1","""uniform""","""deterministic-normal""","10","0","0.4","""normal""","-0.09999999999999998","0.8","false","""/home/ramaswamy.51/Documents/github/Spirals/Media/data/cluster/endsim/BehaviorSearch/Step6_Trial""","true","0.30000000000000004","0.7000000000000001","7","0","true","true","""536571021""","0.08372694223336281","0.08372694223336281","0.08372694223336281","0","0.08372694223336281"
"1","690","720","1000","1","""HK""","0.01","false","""normal""","1","""constant""","0.1","""Scale-free""","2","0","1","""uniform""","""deterministic-normal""","10","0","0.4","""normal""","-0.09999999999999998","0.8","false","""/home/ramaswamy.51/Documents/github/Spirals/Media/data/cluster/endsim/BehaviorSearch/Step6_Trial""","true","0.30000000000000004","0.7000000000000001","7","0","true","true","""-40712991""","0.09849424583322886","0.09849424583322886","0.09849424583322886","0","0.09849424583322886"
"1","691","720","1000","1","""HK""","0.01","false","""normal""","1","""constant""","0.1","""Scale-free""","2","0","1","""uniform""","""deterministic-normal""","10","0","0.4","""normal""","-0.09999999999999998","0.8","false","""/home/ramaswamy.51/Documents/github/Spirals/Media/data/cluster/endsim/BehaviorSearch/Step6_Trial""","true","0.30000000000000004","0.7000000000000001","7","0","true","true","""1565118230""","0.12137130297689266","0.12137130297689266","0.12137130297689266","0","0.12137130297689266"
"1","692","720","1000","1","""HK""","0.01","false","""normal""","1","""constant""","0.1","""Scale-free""","2","0","1","""uniform""","""deterministic-normal""","10","0","0.4","""normal""","-0.09999999999999998","0.8","false","""/home/ramaswamy.51/Documents/github/Spirals/Media/data/cluster/endsim/BehaviorSearch/Step6_Trial""","true","0.30000000000000004","0.7000000000000001","7","0","true","true","""-1084109136""","0.10056782227455269","0.10056782227455269","0.10056782227455269","0","0.10056782227455269"
"1","693","724","1000","1","""HK""","0.01","false","""normal""","1","""constant""","0.2","""Scale-free""","2","0","1","""uniform""","""deterministic-normal""","0","-0.3999999999999999","0.5","""normal""","-0.09999999999999998","0.6000000000000001","false","""/home/ramaswamy.51/Documents/github/Spirals/Media/data/cluster/endsim/BehaviorSearch/Step6_Trial""","true","0.2","0.7000000000000001","5","0","true","true","""-1210377603""","0.20483537113252345","0.20483537113252345","0.20483537113252345","0","0.20483537113252345"
"1","694","724","1000","1","""HK""","0.01","false","""normal""","1","""constant""","0.2","""Scale-free""","2","0","1","""uniform""","""deterministic-normal""","0","-0.3999999999999999","0.5","""normal""","-0.09999999999999998","0.6000000000000001","false","""/home/ramaswamy.51/Documents/github/Spirals/Media/data/cluster/endsim/BehaviorSearch/Step6_Trial""","true","0.2","0.7000000000000001","5","0","true","true","""2129411583""","0.16975037952841424","0.16975037952841424","0.16975037952841424","0","0.16975037952841424"
"1","695","724","1000","1","""HK""","0.01","false","""normal""","1","""constant""","0.2","""Scale-free""","2","0","1","""uniform""","""deterministic-normal""","0","-0.3999999999999999","0.5","""normal""","-0.09999999999999998","0.6000000000000001","false","""/home/ramaswamy.51/Documents/github/Spirals/Media/data/cluster/endsim/BehaviorSearch/Step6_Trial""","true","0.2","0.7000000000000001","5","0","true","true","""-154258282""","0.16448835968657113","0.16448835968657113","0.16448835968657113","0","0.16448835968657113"
"1","696","724","1000","1","""HK""","0.01","false","""normal""","1","""constant""","0.2","""Scale-free""","2","0","1","""uniform""","""deterministic-normal""","0","-0.3999999999999999","0.5","""normal""","-0.09999999999999998","0.6000000000000001","false","""/home/ramaswamy.51/Documents/github/Spirals/Media/data/cluster/endsim/BehaviorSearch/Step6_Trial""","true","0.2","0.7000000000000001","5","0","true","true","""-1330659306""","0.17296268484826696","0.17296268484826696","0.17296268484826696","0","0.17296268484826696"
"1","697","728","1000","1","""HK""","0.01","false","""normal""","1","""constant""","0.1","""Scale-free""","2","0","1","""uniform""","""deterministic-normal""","0","0.10000000000000009","0.4","""normal""","-0.09999999999999998","0.6000000000000001","false","""/home/ramaswamy.51/Documents/github/Spirals/Media/data/cluster/endsim/BehaviorSearch/Step6_Trial""","true","0.30000000000000004","0.4","9","0","true","true","""1020700736""","0.12509169481418186","0.12509169481418186","0.12509169481418186","0","0.12509169481418186"
"1","698","728","1000","1","""HK""","0.01","false","""normal""","1","""constant""","0.1","""Scale-free""","2","0","1","""uniform""","""deterministic-normal""","0","0.10000000000000009","0.4","""normal""","-0.09999999999999998","0.6000000000000001","false","""/home/ramaswamy.51/Documents/github/Spirals/Media/data/cluster/endsim/BehaviorSearch/Step6_Trial""","true","0.30000000000000004","0.4","9","0","true","true","""142018849""","0.10406087148272553","0.10406087148272553","0.10406087148272553","0","0.10406087148272553"
"1","699","728","1000","1","""HK""","0.01","false","""normal""","1","""constant""","0.1","""Scale-free""","2","0","1","""uniform""","""deterministic-normal""","0","0.10000000000000009","0.4","""normal""","-0.09999999999999998","0.6000000000000001","false","""/home/ramaswamy.51/Documents/github/Spirals/Media/data/cluster/endsim/BehaviorSearch/Step6_Trial""","true","0.30000000000000004","0.4","9","0","true","true","""-1545085392""","0.11416138708542747","0.11416138708542747","0.11416138708542747","0","0.11416138708542747"
"1","700","728","1000","1","""HK""","0.01","false","""normal""","1","""constant""","0.1","""Scale-free""","2","0","1","""uniform""","""deterministic-normal""","0","0.10000000000000009","0.4","""normal""","-0.09999999999999998","0.6000000000000001","false","""/home/ramaswamy.51/Documents/github/Spirals/Media/data/cluster/endsim/BehaviorSearch/Step6_Trial""","true","0.30000000000000004","0.4","9","0","true","true","""-1622905795""","0.1146802226974631","0.1146802226974631","0.1146802226974631","0","0.1146802226974631"
"1","701","732","1000","1","""HK""","0.04","false","""normal""","1","""constant""","0.1","""Scale-free""","2","0","1","""uniform""","""deterministic-normal""","10","0","0.4","""normal""","-0.09999999999999998","0.6000000000000001","false","""/home/ramaswamy.51/Documents/github/Spirals/Media/data/cluster/endsim/BehaviorSearch/Step6_Trial""","true","0.30000000000000004","0.4","9","0","true","true","""-2023250348""","0.10426517911694648","0.10426517911694648","0.10426517911694648","0","0.10426517911694648"
"1","702","732","1000","1","""HK""","0.04","false","""normal""","1","""constant""","0.1","""Scale-free""","2","0","1","""uniform""","""deterministic-normal""","10","0","0.4","""normal""","-0.09999999999999998","0.6000000000000001","false","""/home/ramaswamy.51/Documents/github/Spirals/Media/data/cluster/endsim/BehaviorSearch/Step6_Trial""","true","0.30000000000000004","0.4","9","0","true","true","""-1334913845""","0.12611322138216502","0.12611322138216502","0.12611322138216502","0","0.12611322138216502"
"1","703","732","1000","1","""HK""","0.04","false","""normal""","1","""constant""","0.1","""Scale-free""","2","0","1","""uniform""","""deterministic-normal""","10","0","0.4","""normal""","-0.09999999999999998","0.6000000000000001","false","""/home/ramaswamy.51/Documents/github/Spirals/Media/data/cluster/endsim/BehaviorSearch/Step6_Trial""","true","0.30000000000000004","0.4","9","0","true","true","""-1557596613""","0.08433634995942517","0.08433634995942517","0.08433634995942517","0","0.08433634995942517"
"1","704","732","1000","1","""HK""","0.04","false","""normal""","1","""constant""","0.1","""Scale-free""","2","0","1","""uniform""","""deterministic-normal""","10","0","0.4","""normal""","-0.09999999999999998","0.6000000000000001","false","""/home/ramaswamy.51/Documents/github/Spirals/Media/data/cluster/endsim/BehaviorSearch/Step6_Trial""","true","0.30000000000000004","0.4","9","0","true","true","""-1330554625""","0.11988569670415766","0.11988569670415766","0.11988569670415766","0","0.11988569670415766"
"1","705","736","1000","1","""HK""","0.01","false","""normal""","1","""constant""","0.1","""Scale-free""","2","0","1","""uniform""","""deterministic-normal""","10","0","0.4","""normal""","-0.09999999999999998","0.8","false","""/home/ramaswamy.51/Documents/github/Spirals/Media/data/cluster/endsim/BehaviorSearch/Step6_Trial""","true","0.1","0.4","8","0","true","true","""687911649""","0.09133980778173005","0.09133980778173005","0.09133980778173005","0","0.09133980778173005"
"1","706","736","1000","1","""HK""","0.01","false","""normal""","1","""constant""","0.1","""Scale-free""","2","0","1","""uniform""","""deterministic-normal""","10","0","0.4","""normal""","-0.09999999999999998","0.8","false","""/home/ramaswamy.51/Documents/github/Spirals/Media/data/cluster/endsim/BehaviorSearch/Step6_Trial""","true","0.1","0.4","8","0","true","true","""-1635073134""","0.08965013684010577","0.08965013684010577","0.08965013684010577","0","0.08965013684010577"
"1","707","736","1000","1","""HK""","0.01","false","""normal""","1","""constant""","0.1","""Scale-free""","2","0","1","""uniform""","""deterministic-normal""","10","0","0.4","""normal""","-0.09999999999999998","0.8","false","""/home/ramaswamy.51/Documents/github/Spirals/Media/data/cluster/endsim/BehaviorSearch/Step6_Trial""","true","0.1","0.4","8","0","true","true","""412818613""","0.08661126267615538","0.08661126267615538","0.08661126267615538","0","0.08661126267615538"
"1","708","736","1000","1","""HK""","0.01","false","""normal""","1","""constant""","0.1","""Scale-free""","2","0","1","""uniform""","""deterministic-normal""","10","0","0.4","""normal""","-0.09999999999999998","0.8","false","""/home/ramaswamy.51/Documents/github/Spirals/Media/data/cluster/endsim/BehaviorSearch/Step6_Trial""","true","0.1","0.4","8","0","true","true","""837957374""","0.10552614047259551","0.10552614047259551","0.10552614047259551","0","0.10552614047259551"
"1","709","740","1000","1","""HK""","0.01","false","""normal""","1","""constant""","0.1","""Scale-free""","2","0","1","""uniform""","""deterministic-normal""","10","0","0.4","""normal""","-0.09999999999999998","0.8","false","""/home/ramaswamy.51/Documents/github/Spirals/Media/data/cluster/endsim/BehaviorSearch/Step6_Trial""","true","0.30000000000000004","0.7000000000000001","8","0","true","true","""-1529967948""","0.09945854796968018","0.09945854796968018","0.09945854796968018","0","0.09945854796968018"
"1","710","740","1000","1","""HK""","0.01","false","""normal""","1","""constant""","0.1","""Scale-free""","2","0","1","""uniform""","""deterministic-normal""","10","0","0.4","""normal""","-0.09999999999999998","0.8","false","""/home/ramaswamy.51/Documents/github/Spirals/Media/data/cluster/endsim/BehaviorSearch/Step6_Trial""","true","0.30000000000000004","0.7000000000000001","8","0","true","true","""-2071403495""","0.1075435131275889","0.1075435131275889","0.1075435131275889","0","0.1075435131275889"
"1","711","740","1000","1","""HK""","0.01","false","""normal""","1","""constant""","0.1","""Scale-free""","2","0","1","""uniform""","""deterministic-normal""","10","0","0.4","""normal""","-0.09999999999999998","0.8","false","""/home/ramaswamy.51/Documents/github/Spirals/Media/data/cluster/endsim/BehaviorSearch/Step6_Trial""","true","0.30000000000000004","0.7000000000000001","8","0","true","true","""876028017""","0.10388264832238062","0.10388264832238062","0.10388264832238062","0","0.10388264832238062"
"1","712","740","1000","1","""HK""","0.01","false","""normal""","1","""constant""","0.1","""Scale-free""","2","0","1","""uniform""","""deterministic-normal""","10","0","0.4","""normal""","-0.09999999999999998","0.8","false","""/home/ramaswamy.51/Documents/github/Spirals/Media/data/cluster/endsim/BehaviorSearch/Step6_Trial""","true","0.30000000000000004","0.7000000000000001","8","0","true","true","""2019865212""","0.09552821145941123","0.09552821145941123","0.09552821145941123","0","0.09552821145941123"
"1","713","744","1000","1","""HK""","0.01","false","""normal""","1","""constant""","0.1","""Scale-free""","2","0","1","""uniform""","""deterministic-normal""","5","-0.09999999999999998","0.4","""normal""","0.30000000000000004","0.6000000000000001","false","""/home/ramaswamy.51/Documents/github/Spirals/Media/data/cluster/endsim/BehaviorSearch/Step6_Trial""","true","0.2","0.7000000000000001","9","0","true","true","""-1242216744""","0.1732383119386237","0.1732383119386237","0.1732383119386237","0","0.1732383119386237"
"1","714","744","1000","1","""HK""","0.01","false","""normal""","1","""constant""","0.1","""Scale-free""","2","0","1","""uniform""","""deterministic-normal""","5","-0.09999999999999998","0.4","""normal""","0.30000000000000004","0.6000000000000001","false","""/home/ramaswamy.51/Documents/github/Spirals/Media/data/cluster/endsim/BehaviorSearch/Step6_Trial""","true","0.2","0.7000000000000001","9","0","true","true","""500469381""","0.16715912940570715","0.16715912940570715","0.16715912940570715","0","0.16715912940570715"
"1","715","744","1000","1","""HK""","0.01","false","""normal""","1","""constant""","0.1","""Scale-free""","2","0","1","""uniform""","""deterministic-normal""","5","-0.09999999999999998","0.4","""normal""","0.30000000000000004","0.6000000000000001","false","""/home/ramaswamy.51/Documents/github/Spirals/Media/data/cluster/endsim/BehaviorSearch/Step6_Trial""","true","0.2","0.7000000000000001","9","0","true","true","""-1275395632""","0.16061515256953615","0.16061515256953615","0.16061515256953615","0","0.16061515256953615"
"1","716","744","1000","1","""HK""","0.01","false","""normal""","1","""constant""","0.1","""Scale-free""","2","0","1","""uniform""","""deterministic-normal""","5","-0.09999999999999998","0.4","""normal""","0.30000000000000004","0.6000000000000001","false","""/home/ramaswamy.51/Documents/github/Spirals/Media/data/cluster/endsim/BehaviorSearch/Step6_Trial""","true","0.2","0.7000000000000001","9","0","true","true","""-231788473""","0.17107490082392757","0.17107490082392757","0.17107490082392757","0","0.17107490082392757"
"1","717","748","1000","1","""HK""","0.01","false","""normal""","1","""constant""","0.1","""Scale-free""","2","0","1","""uniform""","""deterministic-normal""","5","0.10000000000000009","0.5","""normal""","-0.19999999999999996","0.6000000000000001","false","""/home/ramaswamy.51/Documents/github/Spirals/Media/data/cluster/endsim/BehaviorSearch/Step6_Trial""","true","0.2","0.2","10","0","true","true","""-1875424668""","0.12265986352727308","0.12265986352727308","0.12265986352727308","0","0.12265986352727308"
"1","718","748","1000","1","""HK""","0.01","false","""normal""","1","""constant""","0.1","""Scale-free""","2","0","1","""uniform""","""deterministic-normal""","5","0.10000000000000009","0.5","""normal""","-0.19999999999999996","0.6000000000000001","false","""/home/ramaswamy.51/Documents/github/Spirals/Media/data/cluster/endsim/BehaviorSearch/Step6_Trial""","true","0.2","0.2","10","0","true","true","""-1861311006""","0.12175433854911931","0.12175433854911931","0.12175433854911931","0","0.12175433854911931"
"1","719","748","1000","1","""HK""","0.01","false","""normal""","1","""constant""","0.1","""Scale-free""","2","0","1","""uniform""","""deterministic-normal""","5","0.10000000000000009","0.5","""normal""","-0.19999999999999996","0.6000000000000001","false","""/home/ramaswamy.51/Documents/github/Spirals/Media/data/cluster/endsim/BehaviorSearch/Step6_Trial""","true","0.2","0.2","10","0","true","true","""1359741322""","0.1406473070948044","0.1406473070948044","0.1406473070948044","0","0.1406473070948044"
"1","720","748","1000","1","""HK""","0.01","false","""normal""","1","""constant""","0.1","""Scale-free""","2","0","1","""uniform""","""deterministic-normal""","5","0.10000000000000009","0.5","""normal""","-0.19999999999999996","0.6000000000000001","false","""/home/ramaswamy.51/Documents/github/Spirals/Media/data/cluster/endsim/BehaviorSearch/Step6_Trial""","true","0.2","0.2","10","0","true","true","""-750577635""","0.14041539413093243","0.14041539413093243","0.14041539413093243","0","0.14041539413093243"
"1","721","752","1000","1","""HK""","0.01","false","""normal""","1","""constant""","0.1","""Scale-free""","2","0","1","""uniform""","""deterministic-normal""","10","0","0.4","""normal""","-0.09999999999999998","0.8","false","""/home/ramaswamy.51/Documents/github/Spirals/Media/data/cluster/endsim/BehaviorSearch/Step6_Trial""","true","0.1","0.7000000000000001","7","0","true","true","""1042890927""","0.09604404666910918","0.09604404666910918","0.09604404666910918","0","0.09604404666910918"
"1","722","752","1000","1","""HK""","0.01","false","""normal""","1","""constant""","0.1","""Scale-free""","2","0","1","""uniform""","""deterministic-normal""","10","0","0.4","""normal""","-0.09999999999999998","0.8","false","""/home/ramaswamy.51/Documents/github/Spirals/Media/data/cluster/endsim/BehaviorSearch/Step6_Trial""","true","0.1","0.7000000000000001","7","0","true","true","""-151095315""","0.09986430163831427","0.09986430163831427","0.09986430163831427","0","0.09986430163831427"
"1","723","752","1000","1","""HK""","0.01","false","""normal""","1","""constant""","0.1","""Scale-free""","2","0","1","""uniform""","""deterministic-normal""","10","0","0.4","""normal""","-0.09999999999999998","0.8","false","""/home/ramaswamy.51/Documents/github/Spirals/Media/data/cluster/endsim/BehaviorSearch/Step6_Trial""","true","0.1","0.7000000000000001","7","0","true","true","""-166320139""","0.0992166793647527","0.0992166793647527","0.0992166793647527","0","0.0992166793647527"
"1","724","752","1000","1","""HK""","0.01","false","""normal""","1","""constant""","0.1","""Scale-free""","2","0","1","""uniform""","""deterministic-normal""","10","0","0.4","""normal""","-0.09999999999999998","0.8","false","""/home/ramaswamy.51/Documents/github/Spirals/Media/data/cluster/endsim/BehaviorSearch/Step6_Trial""","true","0.1","0.7000000000000001","7","0","true","true","""-1479267594""","0.08990908039709088","0.08990908039709088","0.08990908039709088","0","0.08990908039709088"
"1","725","756","1000","1","""HK""","0.01","false","""normal""","1","""constant""","0.1","""Scale-free""","2","0","1","""uniform""","""deterministic-normal""","0","-0.19999999999999996","0.5","""normal""","-0.5","0.6000000000000001","false","""/home/ramaswamy.51/Documents/github/Spirals/Media/data/cluster/endsim/BehaviorSearch/Step6_Trial""","true","0.2","0.7000000000000001","8","0","true","true","""-2082699761""","0.22713467082481864","0.22713467082481864","0.22713467082481864","0","0.22713467082481864"
"1","726","756","1000","1","""HK""","0.01","false","""normal""","1","""constant""","0.1","""Scale-free""","2","0","1","""uniform""","""deterministic-normal""","0","-0.19999999999999996","0.5","""normal""","-0.5","0.6000000000000001","false","""/home/ramaswamy.51/Documents/github/Spirals/Media/data/cluster/endsim/BehaviorSearch/Step6_Trial""","true","0.2","0.7000000000000001","8","0","true","true","""1123315995""","0.20562620525350356","0.20562620525350356","0.20562620525350356","0","0.20562620525350356"
"1","727","756","1000","1","""HK""","0.01","false","""normal""","1","""constant""","0.1","""Scale-free""","2","0","1","""uniform""","""deterministic-normal""","0","-0.19999999999999996","0.5","""normal""","-0.5","0.6000000000000001","false","""/home/ramaswamy.51/Documents/github/Spirals/Media/data/cluster/endsim/BehaviorSearch/Step6_Trial""","true","0.2","0.7000000000000001","8","0","true","true","""-704258532""","0.19828359193488082","0.19828359193488082","0.19828359193488082","0","0.19828359193488082"
"1","728","756","1000","1","""HK""","0.01","false","""normal""","1","""constant""","0.1","""Scale-free""","2","0","1","""uniform""","""deterministic-normal""","0","-0.19999999999999996","0.5","""normal""","-0.5","0.6000000000000001","false","""/home/ramaswamy.51/Documents/github/Spirals/Media/data/cluster/endsim/BehaviorSearch/Step6_Trial""","true","0.2","0.7000000000000001","8","0","true","true","""-551420686""","0.19095763892040205","0.19095763892040205","0.19095763892040205","0","0.19095763892040205"
"1","729","760","1000","1","""HK""","0.02","false","""normal""","1","""constant""","0.1","""Scale-free""","2","0","1","""uniform""","""deterministic-normal""","0","0.10000000000000009","0.4","""normal""","-0.09999999999999998","0.7000000000000001","false","""/home/ramaswamy.51/Documents/github/Spirals/Media/data/cluster/endsim/BehaviorSearch/Step6_Trial""","true","0.1","0.2","6","0","true","true","""299200382""","0.10663576051779836","0.10663576051779836","0.10663576051779836","0","0.10663576051779836"
"1","730","760","1000","1","""HK""","0.02","false","""normal""","1","""constant""","0.1","""Scale-free""","2","0","1","""uniform""","""deterministic-normal""","0","0.10000000000000009","0.4","""normal""","-0.09999999999999998","0.7000000000000001","false","""/home/ramaswamy.51/Documents/github/Spirals/Media/data/cluster/endsim/BehaviorSearch/Step6_Trial""","true","0.1","0.2","6","0","true","true","""-1900057922""","0.11625836017063121","0.11625836017063121","0.11625836017063121","0","0.11625836017063121"
"1","731","760","1000","1","""HK""","0.02","false","""normal""","1","""constant""","0.1","""Scale-free""","2","0","1","""uniform""","""deterministic-normal""","0","0.10000000000000009","0.4","""normal""","-0.09999999999999998","0.7000000000000001","false","""/home/ramaswamy.51/Documents/github/Spirals/Media/data/cluster/endsim/BehaviorSearch/Step6_Trial""","true","0.1","0.2","6","0","true","true","""1780601158""","0.12301123024497995","0.12301123024497995","0.12301123024497995","0","0.12301123024497995"
"1","732","760","1000","1","""HK""","0.02","false","""normal""","1","""constant""","0.1","""Scale-free""","2","0","1","""uniform""","""deterministic-normal""","0","0.10000000000000009","0.4","""normal""","-0.09999999999999998","0.7000000000000001","false","""/home/ramaswamy.51/Documents/github/Spirals/Media/data/cluster/endsim/BehaviorSearch/Step6_Trial""","true","0.1","0.2","6","0","true","true","""-1793374842""","0.10059323585800675","0.10059323585800675","0.10059323585800675","0","0.10059323585800675"
"1","733","764","1000","1","""HK""","0.01","false","""normal""","1","""constant""","0.2","""Scale-free""","2","0","1","""uniform""","""deterministic-normal""","10","0","0.4","""normal""","0.20000000000000018","0.8","false","""/home/ramaswamy.51/Documents/github/Spirals/Media/data/cluster/endsim/BehaviorSearch/Step6_Trial""","true","0.1","0.7000000000000001","7","0.30000000000000004","true","true","""-988541334""","0.1872081826450356","0.1872081826450356","0.1872081826450356","0","0.1872081826450356"
"1","734","764","1000","1","""HK""","0.01","false","""normal""","1","""constant""","0.2","""Scale-free""","2","0","1","""uniform""","""deterministic-normal""","10","0","0.4","""normal""","0.20000000000000018","0.8","false","""/home/ramaswamy.51/Documents/github/Spirals/Media/data/cluster/endsim/BehaviorSearch/Step6_Trial""","true","0.1","0.7000000000000001","7","0.30000000000000004","true","true","""521354398""","0.1725918783323424","0.1725918783323424","0.1725918783323424","0","0.1725918783323424"
"1","735","764","1000","1","""HK""","0.01","false","""normal""","1","""constant""","0.2","""Scale-free""","2","0","1","""uniform""","""deterministic-normal""","10","0","0.4","""normal""","0.20000000000000018","0.8","false","""/home/ramaswamy.51/Documents/github/Spirals/Media/data/cluster/endsim/BehaviorSearch/Step6_Trial""","true","0.1","0.7000000000000001","7","0.30000000000000004","true","true","""788875945""","0.17500771804351492","0.17500771804351492","0.17500771804351492","0","0.17500771804351492"
"1","736","764","1000","1","""HK""","0.01","false","""normal""","1","""constant""","0.2","""Scale-free""","2","0","1","""uniform""","""deterministic-normal""","10","0","0.4","""normal""","0.20000000000000018","0.8","false","""/home/ramaswamy.51/Documents/github/Spirals/Media/data/cluster/endsim/BehaviorSearch/Step6_Trial""","true","0.1","0.7000000000000001","7","0.30000000000000004","true","true","""-898866169""","0.16008474448089977","0.16008474448089977","0.16008474448089977","0","0.16008474448089977"
"1","737","768","1000","1","""HK""","0.01","false","""normal""","1","""constant""","0.1","""Scale-free""","2","0","1","""uniform""","""deterministic-normal""","5","0","0.4","""normal""","0","0.8","false","""/home/ramaswamy.51/Documents/github/Spirals/Media/data/cluster/endsim/BehaviorSearch/Step6_Trial""","true","0.1","0.4","8","0.10000000000000009","true","true","""1603400261""","0.08027869956442951","0.08027869956442951","0.08027869956442951","0","0.08027869956442951"
"1","738","768","1000","1","""HK""","0.01","false","""normal""","1","""constant""","0.1","""Scale-free""","2","0","1","""uniform""","""deterministic-normal""","5","0","0.4","""normal""","0","0.8","false","""/home/ramaswamy.51/Documents/github/Spirals/Media/data/cluster/endsim/BehaviorSearch/Step6_Trial""","true","0.1","0.4","8","0.10000000000000009","true","true","""191218520""","0.10905247604742917","0.10905247604742917","0.10905247604742917","0","0.10905247604742917"
"1","739","768","1000","1","""HK""","0.01","false","""normal""","1","""constant""","0.1","""Scale-free""","2","0","1","""uniform""","""deterministic-normal""","5","0","0.4","""normal""","0","0.8","false","""/home/ramaswamy.51/Documents/github/Spirals/Media/data/cluster/endsim/BehaviorSearch/Step6_Trial""","true","0.1","0.4","8","0.10000000000000009","true","true","""-1320614837""","0.10541074153982397","0.10541074153982397","0.10541074153982397","0","0.10541074153982397"
"1","740","768","1000","1","""HK""","0.01","false","""normal""","1","""constant""","0.1","""Scale-free""","2","0","1","""uniform""","""deterministic-normal""","5","0","0.4","""normal""","0","0.8","false","""/home/ramaswamy.51/Documents/github/Spirals/Media/data/cluster/endsim/BehaviorSearch/Step6_Trial""","true","0.1","0.4","8","0.10000000000000009","true","true","""-2113818235""","0.09698798902256776","0.09698798902256776","0.09698798902256776","0","0.09698798902256776"
"1","741","772","1000","1","""HK""","0.01","false","""normal""","1","""constant""","0.1","""Scale-free""","2","0","1","""uniform""","""deterministic-normal""","5","0","0.4","""normal""","-0.09999999999999998","0.8","false","""/home/ramaswamy.51/Documents/github/Spirals/Media/data/cluster/endsim/BehaviorSearch/Step6_Trial""","true","0.2","0.4","8","0","true","true","""1859088727""","0.10648628279933939","0.10648628279933939","0.10648628279933939","0","0.10648628279933939"
"1","742","772","1000","1","""HK""","0.01","false","""normal""","1","""constant""","0.1","""Scale-free""","2","0","1","""uniform""","""deterministic-normal""","5","0","0.4","""normal""","-0.09999999999999998","0.8","false","""/home/ramaswamy.51/Documents/github/Spirals/Media/data/cluster/endsim/BehaviorSearch/Step6_Trial""","true","0.2","0.4","8","0","true","true","""1311678181""","0.10924419897306091","0.10924419897306091","0.10924419897306091","0","0.10924419897306091"
"1","743","772","1000","1","""HK""","0.01","false","""normal""","1","""constant""","0.1","""Scale-free""","2","0","1","""uniform""","""deterministic-normal""","5","0","0.4","""normal""","-0.09999999999999998","0.8","false","""/home/ramaswamy.51/Documents/github/Spirals/Media/data/cluster/endsim/BehaviorSearch/Step6_Trial""","true","0.2","0.4","8","0","true","true","""-1837297043""","0.07944383982544043","0.07944383982544043","0.07944383982544043","0","0.07944383982544043"
"1","744","772","1000","1","""HK""","0.01","false","""normal""","1","""constant""","0.1","""Scale-free""","2","0","1","""uniform""","""deterministic-normal""","5","0","0.4","""normal""","-0.09999999999999998","0.8","false","""/home/ramaswamy.51/Documents/github/Spirals/Media/data/cluster/endsim/BehaviorSearch/Step6_Trial""","true","0.2","0.4","8","0","true","true","""-990627331""","0.07977738502368781","0.07977738502368781","0.07977738502368781","0","0.07977738502368781"
"1","745","776","1000","1","""HK""","0.01","false","""normal""","1","""constant""","0.1","""Scale-free""","2","0","1","""uniform""","""deterministic-normal""","10","0","0.5","""normal""","-0.09999999999999998","0.8","false","""/home/ramaswamy.51/Documents/github/Spirals/Media/data/cluster/endsim/BehaviorSearch/Step6_Trial""","true","0.1","0.4","9","-0.29999999999999993","true","true","""1348157102""","0.10031236875172712","0.10031236875172712","0.10031236875172712","0","0.10031236875172712"
"1","746","776","1000","1","""HK""","0.01","false","""normal""","1","""constant""","0.1","""Scale-free""","2","0","1","""uniform""","""deterministic-normal""","10","0","0.5","""normal""","-0.09999999999999998","0.8","false","""/home/ramaswamy.51/Documents/github/Spirals/Media/data/cluster/endsim/BehaviorSearch/Step6_Trial""","true","0.1","0.4","9","-0.29999999999999993","true","true","""-280495780""","0.09602228559514205","0.09602228559514205","0.09602228559514205","0","0.09602228559514205"
"1","747","776","1000","1","""HK""","0.01","false","""normal""","1","""constant""","0.1","""Scale-free""","2","0","1","""uniform""","""deterministic-normal""","10","0","0.5","""normal""","-0.09999999999999998","0.8","false","""/home/ramaswamy.51/Documents/github/Spirals/Media/data/cluster/endsim/BehaviorSearch/Step6_Trial""","true","0.1","0.4","9","-0.29999999999999993","true","true","""320314536""","0.10311350908145259","0.10311350908145259","0.10311350908145259","0","0.10311350908145259"
"1","748","776","1000","1","""HK""","0.01","false","""normal""","1","""constant""","0.1","""Scale-free""","2","0","1","""uniform""","""deterministic-normal""","10","0","0.5","""normal""","-0.09999999999999998","0.8","false","""/home/ramaswamy.51/Documents/github/Spirals/Media/data/cluster/endsim/BehaviorSearch/Step6_Trial""","true","0.1","0.4","9","-0.29999999999999993","true","true","""-1455643840""","0.09062274830066835","0.09062274830066835","0.09062274830066835","0","0.09062274830066835"
"1","749","780","1000","1","""HK""","0.04","false","""normal""","1","""constant""","0","""Scale-free""","2","0","1","""uniform""","""deterministic-normal""","10","0","0.4","""normal""","-0.19999999999999996","0.8","false","""/home/ramaswamy.51/Documents/github/Spirals/Media/data/cluster/endsim/BehaviorSearch/Step6_Trial""","true","0.4","0.7000000000000001","7","0","true","true","""571491996""","0.16743905609724472","0.16743905609724472","0.16743905609724472","0","0.16743905609724472"
"1","750","780","1000","1","""HK""","0.04","false","""normal""","1","""constant""","0","""Scale-free""","2","0","1","""uniform""","""deterministic-normal""","10","0","0.4","""normal""","-0.19999999999999996","0.8","false","""/home/ramaswamy.51/Documents/github/Spirals/Media/data/cluster/endsim/BehaviorSearch/Step6_Trial""","true","0.4","0.7000000000000001","7","0","true","true","""-404203260""","0.1669705233141375","0.1669705233141375","0.1669705233141375","0","0.1669705233141375"
"1","751","780","1000","1","""HK""","0.04","false","""normal""","1","""constant""","0","""Scale-free""","2","0","1","""uniform""","""deterministic-normal""","10","0","0.4","""normal""","-0.19999999999999996","0.8","false","""/home/ramaswamy.51/Documents/github/Spirals/Media/data/cluster/endsim/BehaviorSearch/Step6_Trial""","true","0.4","0.7000000000000001","7","0","true","true","""-527249624""","0.1774736082306409","0.1774736082306409","0.1774736082306409","0","0.1774736082306409"
"1","752","780","1000","1","""HK""","0.04","false","""normal""","1","""constant""","0","""Scale-free""","2","0","1","""uniform""","""deterministic-normal""","10","0","0.4","""normal""","-0.19999999999999996","0.8","false","""/home/ramaswamy.51/Documents/github/Spirals/Media/data/cluster/endsim/BehaviorSearch/Step6_Trial""","true","0.4","0.7000000000000001","7","0","true","true","""-711840740""","0.18161747541576134","0.18161747541576134","0.18161747541576134","0","0.18161747541576134"
"1","753","784","1000","1","""HK""","0.01","false","""normal""","1","""constant""","0.1","""Scale-free""","2","0","1","""uniform""","""deterministic-normal""","0","-0.19999999999999996","0.5","""normal""","-0.09999999999999998","0.6000000000000001","false","""/home/ramaswamy.51/Documents/github/Spirals/Media/data/cluster/endsim/BehaviorSearch/Step6_Trial""","true","0","0.5","9","0","true","true","""1068770284""","0.12883728996031135","0.12883728996031135","0.12883728996031135","0","0.12883728996031135"
"1","754","784","1000","1","""HK""","0.01","false","""normal""","1","""constant""","0.1","""Scale-free""","2","0","1","""uniform""","""deterministic-normal""","0","-0.19999999999999996","0.5","""normal""","-0.09999999999999998","0.6000000000000001","false","""/home/ramaswamy.51/Documents/github/Spirals/Media/data/cluster/endsim/BehaviorSearch/Step6_Trial""","true","0","0.5","9","0","true","true","""-950395662""","0.12673399592493265","0.12673399592493265","0.12673399592493265","0","0.12673399592493265"
"1","755","784","1000","1","""HK""","0.01","false","""normal""","1","""constant""","0.1","""Scale-free""","2","0","1","""uniform""","""deterministic-normal""","0","-0.19999999999999996","0.5","""normal""","-0.09999999999999998","0.6000000000000001","false","""/home/ramaswamy.51/Documents/github/Spirals/Media/data/cluster/endsim/BehaviorSearch/Step6_Trial""","true","0","0.5","9","0","true","true","""-240924143""","0.11080888041297463","0.11080888041297463","0.11080888041297463","0","0.11080888041297463"
"1","756","784","1000","1","""HK""","0.01","false","""normal""","1","""constant""","0.1","""Scale-free""","2","0","1","""uniform""","""deterministic-normal""","0","-0.19999999999999996","0.5","""normal""","-0.09999999999999998","0.6000000000000001","false","""/home/ramaswamy.51/Documents/github/Spirals/Media/data/cluster/endsim/BehaviorSearch/Step6_Trial""","true","0","0.5","9","0","true","true","""-1879468595""","0.13277783194440615","0.13277783194440615","0.13277783194440615","0","0.13277783194440615"
"1","757","788","1000","1","""HK""","0.01","false","""normal""","1","""constant""","0.1","""Scale-free""","2","0","1","""uniform""","""deterministic-normal""","5","0","0.4","""normal""","-0.09999999999999998","0.8","false","""/home/ramaswamy.51/Documents/github/Spirals/Media/data/cluster/endsim/BehaviorSearch/Step6_Trial""","true","0.30000000000000004","0.7000000000000001","7","0","true","true","""1027883417""","0.09150114854463258","0.09150114854463258","0.09150114854463258","0","0.09150114854463258"
"1","758","788","1000","1","""HK""","0.01","false","""normal""","1","""constant""","0.1","""Scale-free""","2","0","1","""uniform""","""deterministic-normal""","5","0","0.4","""normal""","-0.09999999999999998","0.8","false","""/home/ramaswamy.51/Documents/github/Spirals/Media/data/cluster/endsim/BehaviorSearch/Step6_Trial""","true","0.30000000000000004","0.7000000000000001","7","0","true","true","""1621465522""","0.0962465840179418","0.0962465840179418","0.0962465840179418","0","0.0962465840179418"
"1","759","788","1000","1","""HK""","0.01","false","""normal""","1","""constant""","0.1","""Scale-free""","2","0","1","""uniform""","""deterministic-normal""","5","0","0.4","""normal""","-0.09999999999999998","0.8","false","""/home/ramaswamy.51/Documents/github/Spirals/Media/data/cluster/endsim/BehaviorSearch/Step6_Trial""","true","0.30000000000000004","0.7000000000000001","7","0","true","true","""362102157""","0.1018996872484399","0.1018996872484399","0.1018996872484399","0","0.1018996872484399"
"1","760","788","1000","1","""HK""","0.01","false","""normal""","1","""constant""","0.1","""Scale-free""","2","0","1","""uniform""","""deterministic-normal""","5","0","0.4","""normal""","-0.09999999999999998","0.8","false","""/home/ramaswamy.51/Documents/github/Spirals/Media/data/cluster/endsim/BehaviorSearch/Step6_Trial""","true","0.30000000000000004","0.7000000000000001","7","0","true","true","""-314598075""","0.12327660224026782","0.12327660224026782","0.12327660224026782","0","0.12327660224026782"
"1","761","792","1000","1","""HK""","0.01","false","""normal""","1","""constant""","0.1","""Scale-free""","2","0","1","""uniform""","""deterministic-normal""","5","-0.19999999999999996","0.4","""normal""","-0.5","1","false","""/home/ramaswamy.51/Documents/github/Spirals/Media/data/cluster/endsim/BehaviorSearch/Step6_Trial""","true","0.1","0.4","8","0.10000000000000009","true","true","""562038307""","0.11170086881591172","0.11170086881591172","0.11170086881591172","0","0.11170086881591172"
"1","762","792","1000","1","""HK""","0.01","false","""normal""","1","""constant""","0.1","""Scale-free""","2","0","1","""uniform""","""deterministic-normal""","5","-0.19999999999999996","0.4","""normal""","-0.5","1","false","""/home/ramaswamy.51/Documents/github/Spirals/Media/data/cluster/endsim/BehaviorSearch/Step6_Trial""","true","0.1","0.4","8","0.10000000000000009","true","true","""-1438730536""","0.09943566210294412","0.09943566210294412","0.09943566210294412","0","0.09943566210294412"
"1","763","792","1000","1","""HK""","0.01","false","""normal""","1","""constant""","0.1","""Scale-free""","2","0","1","""uniform""","""deterministic-normal""","5","-0.19999999999999996","0.4","""normal""","-0.5","1","false","""/home/ramaswamy.51/Documents/github/Spirals/Media/data/cluster/endsim/BehaviorSearch/Step6_Trial""","true","0.1","0.4","8","0.10000000000000009","true","true","""-588040109""","0.10593433415958989","0.10593433415958989","0.10593433415958989","0","0.10593433415958989"
"1","764","792","1000","1","""HK""","0.01","false","""normal""","1","""constant""","0.1","""Scale-free""","2","0","1","""uniform""","""deterministic-normal""","5","-0.19999999999999996","0.4","""normal""","-0.5","1","false","""/home/ramaswamy.51/Documents/github/Spirals/Media/data/cluster/endsim/BehaviorSearch/Step6_Trial""","true","0.1","0.4","8","0.10000000000000009","true","true","""276086309""","0.13632619477224536","0.13632619477224536","0.13632619477224536","0","0.13632619477224536"
"1","765","796","1000","1","""HK""","0.01","false","""normal""","1","""constant""","0.1","""Scale-free""","2","0","1","""uniform""","""deterministic-normal""","5","0.10000000000000009","0.5","""normal""","-0.09999999999999998","0.6000000000000001","false","""/home/ramaswamy.51/Documents/github/Spirals/Media/data/cluster/endsim/BehaviorSearch/Step6_Trial""","true","0.2","0.30000000000000004","10","0","true","true","""1581732590""","0.11379037709186915","0.11379037709186915","0.11379037709186915","0","0.11379037709186915"
"1","766","796","1000","1","""HK""","0.01","false","""normal""","1","""constant""","0.1","""Scale-free""","2","0","1","""uniform""","""deterministic-normal""","5","0.10000000000000009","0.5","""normal""","-0.09999999999999998","0.6000000000000001","false","""/home/ramaswamy.51/Documents/github/Spirals/Media/data/cluster/endsim/BehaviorSearch/Step6_Trial""","true","0.2","0.30000000000000004","10","0","true","true","""2046043071""","0.0870238696048661","0.0870238696048661","0.0870238696048661","0","0.0870238696048661"
"1","767","796","1000","1","""HK""","0.01","false","""normal""","1","""constant""","0.1","""Scale-free""","2","0","1","""uniform""","""deterministic-normal""","5","0.10000000000000009","0.5","""normal""","-0.09999999999999998","0.6000000000000001","false","""/home/ramaswamy.51/Documents/github/Spirals/Media/data/cluster/endsim/BehaviorSearch/Step6_Trial""","true","0.2","0.30000000000000004","10","0","true","true","""-540891594""","0.11444825993372516","0.11444825993372516","0.11444825993372516","0","0.11444825993372516"
"1","768","796","1000","1","""HK""","0.01","false","""normal""","1","""constant""","0.1","""Scale-free""","2","0","1","""uniform""","""deterministic-normal""","5","0.10000000000000009","0.5","""normal""","-0.09999999999999998","0.6000000000000001","false","""/home/ramaswamy.51/Documents/github/Spirals/Media/data/cluster/endsim/BehaviorSearch/Step6_Trial""","true","0.2","0.30000000000000004","10","0","true","true","""-1631336700""","0.10962519221338467","0.10962519221338467","0.10962519221338467","0","0.10962519221338467"
"1","769","804","1000","1","""HK""","0.02","false","""normal""","1","""constant""","0.1","""Scale-free""","2","0","1","""uniform""","""deterministic-normal""","10","0","0.4","""normal""","-0.09999999999999998","0.7000000000000001","false","""/home/ramaswamy.51/Documents/github/Spirals/Media/data/cluster/endsim/BehaviorSearch/Step6_Trial""","true","0.30000000000000004","0.8","7","0","true","true","""-652467649""","0.09584096848670359","0.09584096848670359","0.09584096848670359","0","0.09584096848670359"
"1","770","804","1000","1","""HK""","0.02","false","""normal""","1","""constant""","0.1","""Scale-free""","2","0","1","""uniform""","""deterministic-normal""","10","0","0.4","""normal""","-0.09999999999999998","0.7000000000000001","false","""/home/ramaswamy.51/Documents/github/Spirals/Media/data/cluster/endsim/BehaviorSearch/Step6_Trial""","true","0.30000000000000004","0.8","7","0","true","true","""171254562""","0.10508580806262112","0.10508580806262112","0.10508580806262112","0","0.10508580806262112"
"1","771","804","1000","1","""HK""","0.02","false","""normal""","1","""constant""","0.1","""Scale-free""","2","0","1","""uniform""","""deterministic-normal""","10","0","0.4","""normal""","-0.09999999999999998","0.7000000000000001","false","""/home/ramaswamy.51/Documents/github/Spirals/Media/data/cluster/endsim/BehaviorSearch/Step6_Trial""","true","0.30000000000000004","0.8","7","0","true","true","""507732162""","0.12417532006771538","0.12417532006771538","0.12417532006771538","0","0.12417532006771538"
"1","772","804","1000","1","""HK""","0.02","false","""normal""","1","""constant""","0.1","""Scale-free""","2","0","1","""uniform""","""deterministic-normal""","10","0","0.4","""normal""","-0.09999999999999998","0.7000000000000001","false","""/home/ramaswamy.51/Documents/github/Spirals/Media/data/cluster/endsim/BehaviorSearch/Step6_Trial""","true","0.30000000000000004","0.8","7","0","true","true","""798838516""","0.12167110364826368","0.12167110364826368","0.12167110364826368","0","0.12167110364826368"
"1","773","808","1000","1","""HK""","0.01","false","""normal""","1","""constant""","0.1","""Scale-free""","2","0","1","""uniform""","""deterministic-normal""","5","0","0.4","""normal""","-0.09999999999999998","0.6000000000000001","false","""/home/ramaswamy.51/Documents/github/Spirals/Media/data/cluster/endsim/BehaviorSearch/Step6_Trial""","true","0.30000000000000004","0.7000000000000001","7","0","true","true","""-1046012152""","0.10077833877859166","0.10077833877859166","0.10077833877859166","0","0.10077833877859166"
"1","774","808","1000","1","""HK""","0.01","false","""normal""","1","""constant""","0.1","""Scale-free""","2","0","1","""uniform""","""deterministic-normal""","5","0","0.4","""normal""","-0.09999999999999998","0.6000000000000001","false","""/home/ramaswamy.51/Documents/github/Spirals/Media/data/cluster/endsim/BehaviorSearch/Step6_Trial""","true","0.30000000000000004","0.7000000000000001","7","0","true","true","""678090879""","0.11486978011598312","0.11486978011598312","0.11486978011598312","0","0.11486978011598312"
"1","775","808","1000","1","""HK""","0.01","false","""normal""","1","""constant""","0.1","""Scale-free""","2","0","1","""uniform""","""deterministic-normal""","5","0","0.4","""normal""","-0.09999999999999998","0.6000000000000001","false","""/home/ramaswamy.51/Documents/github/Spirals/Media/data/cluster/endsim/BehaviorSearch/Step6_Trial""","true","0.30000000000000004","0.7000000000000001","7","0","true","true","""965509548""","0.1085873813185872","0.1085873813185872","0.1085873813185872","0","0.1085873813185872"
"1","776","808","1000","1","""HK""","0.01","false","""normal""","1","""constant""","0.1","""Scale-free""","2","0","1","""uniform""","""deterministic-normal""","5","0","0.4","""normal""","-0.09999999999999998","0.6000000000000001","false","""/home/ramaswamy.51/Documents/github/Spirals/Media/data/cluster/endsim/BehaviorSearch/Step6_Trial""","true","0.30000000000000004","0.7000000000000001","7","0","true","true","""-243794954""","0.10550947905125134","0.10550947905125134","0.10550947905125134","0","0.10550947905125134"
"1","777","812","1000","1","""HK""","0.02","false","""normal""","1","""constant""","0.1","""Scale-free""","2","0","1","""uniform""","""deterministic-normal""","10","0","0.4","""normal""","-0.09999999999999998","0.8","false","""/home/ramaswamy.51/Documents/github/Spirals/Media/data/cluster/endsim/BehaviorSearch/Step6_Trial""","true","0.30000000000000004","0.8","7","-0.19999999999999996","true","true","""-1224291619""","0.11812320199165884","0.11812320199165884","0.11812320199165884","0","0.11812320199165884"
"1","778","812","1000","1","""HK""","0.02","false","""normal""","1","""constant""","0.1","""Scale-free""","2","0","1","""uniform""","""deterministic-normal""","10","0","0.4","""normal""","-0.09999999999999998","0.8","false","""/home/ramaswamy.51/Documents/github/Spirals/Media/data/cluster/endsim/BehaviorSearch/Step6_Trial""","true","0.30000000000000004","0.8","7","-0.19999999999999996","true","true","""-1279327249""","0.0899298463812848","0.0899298463812848","0.0899298463812848","0","0.0899298463812848"
"1","779","812","1000","1","""HK""","0.02","false","""normal""","1","""constant""","0.1","""Scale-free""","2","0","1","""uniform""","""deterministic-normal""","10","0","0.4","""normal""","-0.09999999999999998","0.8","false","""/home/ramaswamy.51/Documents/github/Spirals/Media/data/cluster/endsim/BehaviorSearch/Step6_Trial""","true","0.30000000000000004","0.8","7","-0.19999999999999996","true","true","""1784134777""","0.09963281961325499","0.09963281961325499","0.09963281961325499","0","0.09963281961325499"
"1","780","812","1000","1","""HK""","0.02","false","""normal""","1","""constant""","0.1","""Scale-free""","2","0","1","""uniform""","""deterministic-normal""","10","0","0.4","""normal""","-0.09999999999999998","0.8","false","""/home/ramaswamy.51/Documents/github/Spirals/Media/data/cluster/endsim/BehaviorSearch/Step6_Trial""","true","0.30000000000000004","0.8","7","-0.19999999999999996","true","true","""-1323442504""","0.10121108106679219","0.10121108106679219","0.10121108106679219","0","0.10121108106679219"
"1","781","816","1000","1","""HK""","0.02","false","""normal""","1","""constant""","0","""Scale-free""","2","0","1","""uniform""","""deterministic-normal""","5","-0.19999999999999996","0.5","""normal""","-0.09999999999999998","0.6000000000000001","false","""/home/ramaswamy.51/Documents/github/Spirals/Media/data/cluster/endsim/BehaviorSearch/Step6_Trial""","true","0.30000000000000004","0.4","10","-0.19999999999999996","true","true","""-1212404944""","0.11411172854288974","0.11411172854288974","0.11411172854288974","0","0.11411172854288974"
"1","782","816","1000","1","""HK""","0.02","false","""normal""","1","""constant""","0","""Scale-free""","2","0","1","""uniform""","""deterministic-normal""","5","-0.19999999999999996","0.5","""normal""","-0.09999999999999998","0.6000000000000001","false","""/home/ramaswamy.51/Documents/github/Spirals/Media/data/cluster/endsim/BehaviorSearch/Step6_Trial""","true","0.30000000000000004","0.4","10","-0.19999999999999996","true","true","""-2135803986""","0.10984299840907175","0.10984299840907175","0.10984299840907175","0","0.10984299840907175"
"1","783","816","1000","1","""HK""","0.02","false","""normal""","1","""constant""","0","""Scale-free""","2","0","1","""uniform""","""deterministic-normal""","5","-0.19999999999999996","0.5","""normal""","-0.09999999999999998","0.6000000000000001","false","""/home/ramaswamy.51/Documents/github/Spirals/Media/data/cluster/endsim/BehaviorSearch/Step6_Trial""","true","0.30000000000000004","0.4","10","-0.19999999999999996","true","true","""-245944609""","0.10383586685111469","0.10383586685111469","0.10383586685111469","0","0.10383586685111469"
"1","784","816","1000","1","""HK""","0.02","false","""normal""","1","""constant""","0","""Scale-free""","2","0","1","""uniform""","""deterministic-normal""","5","-0.19999999999999996","0.5","""normal""","-0.09999999999999998","0.6000000000000001","false","""/home/ramaswamy.51/Documents/github/Spirals/Media/data/cluster/endsim/BehaviorSearch/Step6_Trial""","true","0.30000000000000004","0.4","10","-0.19999999999999996","true","true","""1361986774""","0.11234667875225482","0.11234667875225482","0.11234667875225482","0","0.11234667875225482"
"1","785","824","1000","1","""HK""","0.01","false","""normal""","1","""constant""","0.1","""Scale-free""","2","0","1","""uniform""","""deterministic-normal""","0","-0.09999999999999998","0.4","""normal""","0.20000000000000018","0.7000000000000001","false","""/home/ramaswamy.51/Documents/github/Spirals/Media/data/cluster/endsim/BehaviorSearch/Step6_Trial""","true","0.1","0.5","7","0","true","true","""591755882""","0.13327350741608301","0.13327350741608301","0.13327350741608301","0","0.13327350741608301"
"1","786","824","1000","1","""HK""","0.01","false","""normal""","1","""constant""","0.1","""Scale-free""","2","0","1","""uniform""","""deterministic-normal""","0","-0.09999999999999998","0.4","""normal""","0.20000000000000018","0.7000000000000001","false","""/home/ramaswamy.51/Documents/github/Spirals/Media/data/cluster/endsim/BehaviorSearch/Step6_Trial""","true","0.1","0.5","7","0","true","true","""-1282984979""","0.12455036651296214","0.12455036651296214","0.12455036651296214","0","0.12455036651296214"
"1","787","824","1000","1","""HK""","0.01","false","""normal""","1","""constant""","0.1","""Scale-free""","2","0","1","""uniform""","""deterministic-normal""","0","-0.09999999999999998","0.4","""normal""","0.20000000000000018","0.7000000000000001","false","""/home/ramaswamy.51/Documents/github/Spirals/Media/data/cluster/endsim/BehaviorSearch/Step6_Trial""","true","0.1","0.5","7","0","true","true","""346009005""","0.12101718179605035","0.12101718179605035","0.12101718179605035","0","0.12101718179605035"
"1","788","824","1000","1","""HK""","0.01","false","""normal""","1","""constant""","0.1","""Scale-free""","2","0","1","""uniform""","""deterministic-normal""","0","-0.09999999999999998","0.4","""normal""","0.20000000000000018","0.7000000000000001","false","""/home/ramaswamy.51/Documents/github/Spirals/Media/data/cluster/endsim/BehaviorSearch/Step6_Trial""","true","0.1","0.5","7","0","true","true","""-1984211297""","0.12055858472548447","0.12055858472548447","0.12055858472548447","0","0.12055858472548447"
"1","789","828","1000","1","""HK""","0.01","false","""normal""","1","""constant""","0.1","""Scale-free""","2","0","1","""uniform""","""deterministic-normal""","10","0","0.4","""normal""","-0.09999999999999998","0.8","false","""/home/ramaswamy.51/Documents/github/Spirals/Media/data/cluster/endsim/BehaviorSearch/Step6_Trial""","true","0.1","0.4","8","0.10000000000000009","true","true","""2071355328""","0.115725457764672","0.115725457764672","0.115725457764672","0","0.115725457764672"
"1","790","828","1000","1","""HK""","0.01","false","""normal""","1","""constant""","0.1","""Scale-free""","2","0","1","""uniform""","""deterministic-normal""","10","0","0.4","""normal""","-0.09999999999999998","0.8","false","""/home/ramaswamy.51/Documents/github/Spirals/Media/data/cluster/endsim/BehaviorSearch/Step6_Trial""","true","0.1","0.4","8","0.10000000000000009","true","true","""1080066435""","0.09875091944519397","0.09875091944519397","0.09875091944519397","0","0.09875091944519397"
"1","791","828","1000","1","""HK""","0.01","false","""normal""","1","""constant""","0.1","""Scale-free""","2","0","1","""uniform""","""deterministic-normal""","10","0","0.4","""normal""","-0.09999999999999998","0.8","false","""/home/ramaswamy.51/Documents/github/Spirals/Media/data/cluster/endsim/BehaviorSearch/Step6_Trial""","true","0.1","0.4","8","0.10000000000000009","true","true","""1104797303""","0.09231668160262455","0.09231668160262455","0.09231668160262455","0","0.09231668160262455"
"1","792","828","1000","1","""HK""","0.01","false","""normal""","1","""constant""","0.1","""Scale-free""","2","0","1","""uniform""","""deterministic-normal""","10","0","0.4","""normal""","-0.09999999999999998","0.8","false","""/home/ramaswamy.51/Documents/github/Spirals/Media/data/cluster/endsim/BehaviorSearch/Step6_Trial""","true","0.1","0.4","8","0.10000000000000009","true","true","""-826195882""","0.09553032785172366","0.09553032785172366","0.09553032785172366","0","0.09553032785172366"
"1","793","836","1000","1","""HK""","0.01","false","""normal""","1","""constant""","0.1","""Scale-free""","3","0","1","""uniform""","""deterministic-normal""","10","0","0.4","""normal""","-0.19999999999999996","0.8","false","""/home/ramaswamy.51/Documents/github/Spirals/Media/data/cluster/endsim/BehaviorSearch/Step6_Trial""","true","0.1","0.7000000000000001","7","0","true","true","""-1600174753""","0.12198312301093903","0.12198312301093903","0.12198312301093903","0","0.12198312301093903"
"1","794","836","1000","1","""HK""","0.01","false","""normal""","1","""constant""","0.1","""Scale-free""","3","0","1","""uniform""","""deterministic-normal""","10","0","0.4","""normal""","-0.19999999999999996","0.8","false","""/home/ramaswamy.51/Documents/github/Spirals/Media/data/cluster/endsim/BehaviorSearch/Step6_Trial""","true","0.1","0.7000000000000001","7","0","true","true","""82604484""","0.13279749961195397","0.13279749961195397","0.13279749961195397","0","0.13279749961195397"
"1","795","836","1000","1","""HK""","0.01","false","""normal""","1","""constant""","0.1","""Scale-free""","3","0","1","""uniform""","""deterministic-normal""","10","0","0.4","""normal""","-0.19999999999999996","0.8","false","""/home/ramaswamy.51/Documents/github/Spirals/Media/data/cluster/endsim/BehaviorSearch/Step6_Trial""","true","0.1","0.7000000000000001","7","0","true","true","""-2135015853""","0.10383547003405602","0.10383547003405602","0.10383547003405602","0","0.10383547003405602"
"1","796","836","1000","1","""HK""","0.01","false","""normal""","1","""constant""","0.1","""Scale-free""","3","0","1","""uniform""","""deterministic-normal""","10","0","0.4","""normal""","-0.19999999999999996","0.8","false","""/home/ramaswamy.51/Documents/github/Spirals/Media/data/cluster/endsim/BehaviorSearch/Step6_Trial""","true","0.1","0.7000000000000001","7","0","true","true","""-159332548""","0.08719324323991305","0.08719324323991305","0.08719324323991305","0","0.08719324323991305"
"1","797","840","1000","1","""HK""","0.01","false","""normal""","1","""constant""","0.1","""Scale-free""","2","0","1","""uniform""","""deterministic-normal""","10","0","0.4","""normal""","-0.09999999999999998","0.8","false","""/home/ramaswamy.51/Documents/github/Spirals/Media/data/cluster/endsim/BehaviorSearch/Step6_Trial""","true","0.30000000000000004","0.6000000000000001","5","-0.19999999999999996","true","true","""-1848381639""","0.1093131430600447","0.1093131430600447","0.1093131430600447","0","0.1093131430600447"
"1","798","840","1000","1","""HK""","0.01","false","""normal""","1","""constant""","0.1","""Scale-free""","2","0","1","""uniform""","""deterministic-normal""","10","0","0.4","""normal""","-0.09999999999999998","0.8","false","""/home/ramaswamy.51/Documents/github/Spirals/Media/data/cluster/endsim/BehaviorSearch/Step6_Trial""","true","0.30000000000000004","0.6000000000000001","5","-0.19999999999999996","true","true","""-1505359902""","0.09735106453781686","0.09735106453781686","0.09735106453781686","0","0.09735106453781686"
"1","799","840","1000","1","""HK""","0.01","false","""normal""","1","""constant""","0.1","""Scale-free""","2","0","1","""uniform""","""deterministic-normal""","10","0","0.4","""normal""","-0.09999999999999998","0.8","false","""/home/ramaswamy.51/Documents/github/Spirals/Media/data/cluster/endsim/BehaviorSearch/Step6_Trial""","true","0.30000000000000004","0.6000000000000001","5","-0.19999999999999996","true","true","""1697848581""","0.11427608558596004","0.11427608558596004","0.11427608558596004","0","0.11427608558596004"
"1","800","840","1000","1","""HK""","0.01","false","""normal""","1","""constant""","0.1","""Scale-free""","2","0","1","""uniform""","""deterministic-normal""","10","0","0.4","""normal""","-0.09999999999999998","0.8","false","""/home/ramaswamy.51/Documents/github/Spirals/Media/data/cluster/endsim/BehaviorSearch/Step6_Trial""","true","0.30000000000000004","0.6000000000000001","5","-0.19999999999999996","true","true","""-2057656085""","0.08850515394172284","0.08850515394172284","0.08850515394172284","0","0.08850515394172284"
"1","801","844","1000","1","""HK""","0.01","false","""normal""","1","""constant""","0.1","""Scale-free""","2","0","1","""uniform""","""deterministic-normal""","5","0","0.4","""normal""","0","0.8","false","""/home/ramaswamy.51/Documents/github/Spirals/Media/data/cluster/endsim/BehaviorSearch/Step6_Trial""","true","0","0.6000000000000001","10","0.10000000000000009","true","true","""-382973025""","0.11021057796399723","0.11021057796399723","0.11021057796399723","0","0.11021057796399723"
"1","802","844","1000","1","""HK""","0.01","false","""normal""","1","""constant""","0.1","""Scale-free""","2","0","1","""uniform""","""deterministic-normal""","5","0","0.4","""normal""","0","0.8","false","""/home/ramaswamy.51/Documents/github/Spirals/Media/data/cluster/endsim/BehaviorSearch/Step6_Trial""","true","0","0.6000000000000001","10","0.10000000000000009","true","true","""-519792295""","0.09703192016083823","0.09703192016083823","0.09703192016083823","0","0.09703192016083823"
"1","803","844","1000","1","""HK""","0.01","false","""normal""","1","""constant""","0.1","""Scale-free""","2","0","1","""uniform""","""deterministic-normal""","5","0","0.4","""normal""","0","0.8","false","""/home/ramaswamy.51/Documents/github/Spirals/Media/data/cluster/endsim/BehaviorSearch/Step6_Trial""","true","0","0.6000000000000001","10","0.10000000000000009","true","true","""565992862""","0.10883177403678165","0.10883177403678165","0.10883177403678165","0","0.10883177403678165"
"1","804","844","1000","1","""HK""","0.01","false","""normal""","1","""constant""","0.1","""Scale-free""","2","0","1","""uniform""","""deterministic-normal""","5","0","0.4","""normal""","0","0.8","false","""/home/ramaswamy.51/Documents/github/Spirals/Media/data/cluster/endsim/BehaviorSearch/Step6_Trial""","true","0","0.6000000000000001","10","0.10000000000000009","true","true","""-1321296913""","0.12130277332556375","0.12130277332556375","0.12130277332556375","0","0.12130277332556375"
"1","805","848","1000","1","""HK""","0.01","false","""normal""","1","""constant""","0.1","""Scale-free""","2","0","1","""uniform""","""deterministic-normal""","10","-0.29999999999999993","0.4","""normal""","-0.09999999999999998","0.8","false","""/home/ramaswamy.51/Documents/github/Spirals/Media/data/cluster/endsim/BehaviorSearch/Step6_Trial""","true","0.2","0.4","8","0","true","true","""-1201417613""","0.10620749344120682","0.10620749344120682","0.10620749344120682","0","0.10620749344120682"
"1","806","848","1000","1","""HK""","0.01","false","""normal""","1","""constant""","0.1","""Scale-free""","2","0","1","""uniform""","""deterministic-normal""","10","-0.29999999999999993","0.4","""normal""","-0.09999999999999998","0.8","false","""/home/ramaswamy.51/Documents/github/Spirals/Media/data/cluster/endsim/BehaviorSearch/Step6_Trial""","true","0.2","0.4","8","0","true","true","""-1212463738""","0.11559135149266526","0.11559135149266526","0.11559135149266526","0","0.11559135149266526"
"1","807","848","1000","1","""HK""","0.01","false","""normal""","1","""constant""","0.1","""Scale-free""","2","0","1","""uniform""","""deterministic-normal""","10","-0.29999999999999993","0.4","""normal""","-0.09999999999999998","0.8","false","""/home/ramaswamy.51/Documents/github/Spirals/Media/data/cluster/endsim/BehaviorSearch/Step6_Trial""","true","0.2","0.4","8","0","true","true","""-1270076482""","0.0852268165888587","0.0852268165888587","0.0852268165888587","0","0.0852268165888587"
"1","808","848","1000","1","""HK""","0.01","false","""normal""","1","""constant""","0.1","""Scale-free""","2","0","1","""uniform""","""deterministic-normal""","10","-0.29999999999999993","0.4","""normal""","-0.09999999999999998","0.8","false","""/home/ramaswamy.51/Documents/github/Spirals/Media/data/cluster/endsim/BehaviorSearch/Step6_Trial""","true","0.2","0.4","8","0","true","true","""-939720564""","0.0943948862610421","0.0943948862610421","0.0943948862610421","0","0.0943948862610421"
"1","809","852","1000","1","""HK""","0.01","false","""normal""","1","""constant""","0.1","""Scale-free""","1","0","1","""uniform""","""deterministic-normal""","10","-0.09999999999999998","0.4","""normal""","-0.29999999999999993","0.8","false","""/home/ramaswamy.51/Documents/github/Spirals/Media/data/cluster/endsim/BehaviorSearch/Step6_Trial""","true","0.1","0.4","8","0","true","true","""2096995246""","0.12784616595596862","0.12784616595596862","0.12784616595596862","0","0.12784616595596862"
"1","810","852","1000","1","""HK""","0.01","false","""normal""","1","""constant""","0.1","""Scale-free""","1","0","1","""uniform""","""deterministic-normal""","10","-0.09999999999999998","0.4","""normal""","-0.29999999999999993","0.8","false","""/home/ramaswamy.51/Documents/github/Spirals/Media/data/cluster/endsim/BehaviorSearch/Step6_Trial""","true","0.1","0.4","8","0","true","true","""-1916024543""","0.10211335504005908","0.10211335504005908","0.10211335504005908","0","0.10211335504005908"
"1","811","852","1000","1","""HK""","0.01","false","""normal""","1","""constant""","0.1","""Scale-free""","1","0","1","""uniform""","""deterministic-normal""","10","-0.09999999999999998","0.4","""normal""","-0.29999999999999993","0.8","false","""/home/ramaswamy.51/Documents/github/Spirals/Media/data/cluster/endsim/BehaviorSearch/Step6_Trial""","true","0.1","0.4","8","0","true","true","""813285834""","0.1264723471124728","0.1264723471124728","0.1264723471124728","0","0.1264723471124728"
"1","812","852","1000","1","""HK""","0.01","false","""normal""","1","""constant""","0.1","""Scale-free""","1","0","1","""uniform""","""deterministic-normal""","10","-0.09999999999999998","0.4","""normal""","-0.29999999999999993","0.8","false","""/home/ramaswamy.51/Documents/github/Spirals/Media/data/cluster/endsim/BehaviorSearch/Step6_Trial""","true","0.1","0.4","8","0","true","true","""-267918959""","0.1247561421561352","0.1247561421561352","0.1247561421561352","0","0.1247561421561352"
"1","813","856","1000","1","""HK""","0.01","false","""normal""","1","""constant""","0.1","""Scale-free""","2","0","1","""uniform""","""deterministic-normal""","5","0","0.4","""normal""","-0.09999999999999998","0.8","false","""/home/ramaswamy.51/Documents/github/Spirals/Media/data/cluster/endsim/BehaviorSearch/Step6_Trial""","true","0.1","0.7000000000000001","7","0","true","true","""584522520""","0.10091611095683051","0.10091611095683051","0.10091611095683051","0","0.10091611095683051"
"1","814","856","1000","1","""HK""","0.01","false","""normal""","1","""constant""","0.1","""Scale-free""","2","0","1","""uniform""","""deterministic-normal""","5","0","0.4","""normal""","-0.09999999999999998","0.8","false","""/home/ramaswamy.51/Documents/github/Spirals/Media/data/cluster/endsim/BehaviorSearch/Step6_Trial""","true","0.1","0.7000000000000001","7","0","true","true","""1997369167""","0.10484931664103253","0.10484931664103253","0.10484931664103253","0","0.10484931664103253"
"1","815","856","1000","1","""HK""","0.01","false","""normal""","1","""constant""","0.1","""Scale-free""","2","0","1","""uniform""","""deterministic-normal""","5","0","0.4","""normal""","-0.09999999999999998","0.8","false","""/home/ramaswamy.51/Documents/github/Spirals/Media/data/cluster/endsim/BehaviorSearch/Step6_Trial""","true","0.1","0.7000000000000001","7","0","true","true","""-2051154069""","0.1040600497423668","0.1040600497423668","0.1040600497423668","0","0.1040600497423668"
"1","816","856","1000","1","""HK""","0.01","false","""normal""","1","""constant""","0.1","""Scale-free""","2","0","1","""uniform""","""deterministic-normal""","5","0","0.4","""normal""","-0.09999999999999998","0.8","false","""/home/ramaswamy.51/Documents/github/Spirals/Media/data/cluster/endsim/BehaviorSearch/Step6_Trial""","true","0.1","0.7000000000000001","7","0","true","true","""1039736642""","0.08957030600249923","0.08957030600249923","0.08957030600249923","0","0.08957030600249923"
"1","817","860","1000","1","""HK""","0.01","false","""normal""","1","""constant""","0.1","""Scale-free""","2","0","1","""uniform""","""deterministic-normal""","5","-0.19999999999999996","0.30000000000000004","""normal""","0","0.8","false","""/home/ramaswamy.51/Documents/github/Spirals/Media/data/cluster/endsim/BehaviorSearch/Step6_Trial""","true","0.1","0.7000000000000001","7","0","true","true","""-1490695311""","0.11339008291821139","0.11339008291821139","0.11339008291821139","0","0.11339008291821139"
"1","818","860","1000","1","""HK""","0.01","false","""normal""","1","""constant""","0.1","""Scale-free""","2","0","1","""uniform""","""deterministic-normal""","5","-0.19999999999999996","0.30000000000000004","""normal""","0","0.8","false","""/home/ramaswamy.51/Documents/github/Spirals/Media/data/cluster/endsim/BehaviorSearch/Step6_Trial""","true","0.1","0.7000000000000001","7","0","true","true","""-198300372""","0.09348049514849299","0.09348049514849299","0.09348049514849299","0","0.09348049514849299"
"1","819","860","1000","1","""HK""","0.01","false","""normal""","1","""constant""","0.1","""Scale-free""","2","0","1","""uniform""","""deterministic-normal""","5","-0.19999999999999996","0.30000000000000004","""normal""","0","0.8","false","""/home/ramaswamy.51/Documents/github/Spirals/Media/data/cluster/endsim/BehaviorSearch/Step6_Trial""","true","0.1","0.7000000000000001","7","0","true","true","""-883544965""","0.11627086031389265","0.11627086031389265","0.11627086031389265","0","0.11627086031389265"
"1","820","860","1000","1","""HK""","0.01","false","""normal""","1","""constant""","0.1","""Scale-free""","2","0","1","""uniform""","""deterministic-normal""","5","-0.19999999999999996","0.30000000000000004","""normal""","0","0.8","false","""/home/ramaswamy.51/Documents/github/Spirals/Media/data/cluster/endsim/BehaviorSearch/Step6_Trial""","true","0.1","0.7000000000000001","7","0","true","true","""1567589769""","0.11003562425572759","0.11003562425572759","0.11003562425572759","0","0.11003562425572759"
"1","821","868","1000","1","""HK""","0.01","false","""normal""","1","""constant""","0.1","""Scale-free""","3","0","1","""uniform""","""deterministic-normal""","5","-0.09999999999999998","0.30000000000000004","""normal""","-0.09999999999999998","0.8","false","""/home/ramaswamy.51/Documents/github/Spirals/Media/data/cluster/endsim/BehaviorSearch/Step6_Trial""","true","0.1","0.4","8","0.30000000000000004","true","true","""1902158223""","0.11427149512706522","0.11427149512706522","0.11427149512706522","0","0.11427149512706522"
"1","822","868","1000","1","""HK""","0.01","false","""normal""","1","""constant""","0.1","""Scale-free""","3","0","1","""uniform""","""deterministic-normal""","5","-0.09999999999999998","0.30000000000000004","""normal""","-0.09999999999999998","0.8","false","""/home/ramaswamy.51/Documents/github/Spirals/Media/data/cluster/endsim/BehaviorSearch/Step6_Trial""","true","0.1","0.4","8","0.30000000000000004","true","true","""509114684""","0.11456066747540677","0.11456066747540677","0.11456066747540677","0","0.11456066747540677"
"1","823","868","1000","1","""HK""","0.01","false","""normal""","1","""constant""","0.1","""Scale-free""","3","0","1","""uniform""","""deterministic-normal""","5","-0.09999999999999998","0.30000000000000004","""normal""","-0.09999999999999998","0.8","false","""/home/ramaswamy.51/Documents/github/Spirals/Media/data/cluster/endsim/BehaviorSearch/Step6_Trial""","true","0.1","0.4","8","0.30000000000000004","true","true","""-879682401""","0.07649289756413254","0.07649289756413254","0.07649289756413254","0","0.07649289756413254"
"1","824","868","1000","1","""HK""","0.01","false","""normal""","1","""constant""","0.1","""Scale-free""","3","0","1","""uniform""","""deterministic-normal""","5","-0.09999999999999998","0.30000000000000004","""normal""","-0.09999999999999998","0.8","false","""/home/ramaswamy.51/Documents/github/Spirals/Media/data/cluster/endsim/BehaviorSearch/Step6_Trial""","true","0.1","0.4","8","0.30000000000000004","true","true","""247562766""","0.10315983644559713","0.10315983644559713","0.10315983644559713","0","0.10315983644559713"
"1","825","872","1000","1","""HK""","0.01","false","""normal""","1","""constant""","0.1","""Scale-free""","2","0","1","""uniform""","""deterministic-normal""","5","-0.09999999999999998","0.7000000000000001","""normal""","-0.09999999999999998","0.8","false","""/home/ramaswamy.51/Documents/github/Spirals/Media/data/cluster/endsim/BehaviorSearch/Step6_Trial""","true","0.2","0.4","8","0","true","true","""737953074""","0.09901074043145873","0.09901074043145873","0.09901074043145873","0","0.09901074043145873"
"1","826","872","1000","1","""HK""","0.01","false","""normal""","1","""constant""","0.1","""Scale-free""","2","0","1","""uniform""","""deterministic-normal""","5","-0.09999999999999998","0.7000000000000001","""normal""","-0.09999999999999998","0.8","false","""/home/ramaswamy.51/Documents/github/Spirals/Media/data/cluster/endsim/BehaviorSearch/Step6_Trial""","true","0.2","0.4","8","0","true","true","""-772300036""","0.09983813221489142","0.09983813221489142","0.09983813221489142","0","0.09983813221489142"
"1","827","872","1000","1","""HK""","0.01","false","""normal""","1","""constant""","0.1","""Scale-free""","2","0","1","""uniform""","""deterministic-normal""","5","-0.09999999999999998","0.7000000000000001","""normal""","-0.09999999999999998","0.8","false","""/home/ramaswamy.51/Documents/github/Spirals/Media/data/cluster/endsim/BehaviorSearch/Step6_Trial""","true","0.2","0.4","8","0","true","true","""-1851379852""","0.09651652438819398","0.09651652438819398","0.09651652438819398","0","0.09651652438819398"
"1","828","872","1000","1","""HK""","0.01","false","""normal""","1","""constant""","0.1","""Scale-free""","2","0","1","""uniform""","""deterministic-normal""","5","-0.09999999999999998","0.7000000000000001","""normal""","-0.09999999999999998","0.8","false","""/home/ramaswamy.51/Documents/github/Spirals/Media/data/cluster/endsim/BehaviorSearch/Step6_Trial""","true","0.2","0.4","8","0","true","true","""-661574537""","0.11232295189732497","0.11232295189732497","0.11232295189732497","0","0.11232295189732497"
"1","829","876","1000","1","""HK""","0.01","false","""normal""","1","""constant""","0.2","""Scale-free""","1","0","1","""uniform""","""deterministic-normal""","10","0","0.5","""normal""","-0.09999999999999998","0.4","false","""/home/ramaswamy.51/Documents/github/Spirals/Media/data/cluster/endsim/BehaviorSearch/Step6_Trial""","true","0.5","0.30000000000000004","10","-0.7","true","true","""-491242894""","0.24713922633923485","0.24713922633923485","0.24713922633923485","0","0.24713922633923485"
"1","830","876","1000","1","""HK""","0.01","false","""normal""","1","""constant""","0.2","""Scale-free""","1","0","1","""uniform""","""deterministic-normal""","10","0","0.5","""normal""","-0.09999999999999998","0.4","false","""/home/ramaswamy.51/Documents/github/Spirals/Media/data/cluster/endsim/BehaviorSearch/Step6_Trial""","true","0.5","0.30000000000000004","10","-0.7","true","true","""-752248857""","0.2450152744970633","0.2450152744970633","0.2450152744970633","0","0.2450152744970633"
"1","831","876","1000","1","""HK""","0.01","false","""normal""","1","""constant""","0.2","""Scale-free""","1","0","1","""uniform""","""deterministic-normal""","10","0","0.5","""normal""","-0.09999999999999998","0.4","false","""/home/ramaswamy.51/Documents/github/Spirals/Media/data/cluster/endsim/BehaviorSearch/Step6_Trial""","true","0.5","0.30000000000000004","10","-0.7","true","true","""1952444366""","0.24398564514044815","0.24398564514044815","0.24398564514044815","0","0.24398564514044815"
"1","832","876","1000","1","""HK""","0.01","false","""normal""","1","""constant""","0.2","""Scale-free""","1","0","1","""uniform""","""deterministic-normal""","10","0","0.5","""normal""","-0.09999999999999998","0.4","false","""/home/ramaswamy.51/Documents/github/Spirals/Media/data/cluster/endsim/BehaviorSearch/Step6_Trial""","true","0.5","0.30000000000000004","10","-0.7","true","true","""367499900""","0.23101692860598483","0.23101692860598483","0.23101692860598483","0","0.23101692860598483"
"1","833","880","1000","1","""HK""","0.060000000000000005","false","""normal""","1","""constant""","0.1","""Scale-free""","2","0","1","""uniform""","""deterministic-normal""","5","-0.29999999999999993","0.4","""normal""","0.20000000000000018","0.8","false","""/home/ramaswamy.51/Documents/github/Spirals/Media/data/cluster/endsim/BehaviorSearch/Step6_Trial""","true","0.4","0.4","8","0","true","true","""584918130""","0.12051384731079991","0.12051384731079991","0.12051384731079991","0","0.12051384731079991"
"1","834","880","1000","1","""HK""","0.060000000000000005","false","""normal""","1","""constant""","0.1","""Scale-free""","2","0","1","""uniform""","""deterministic-normal""","5","-0.29999999999999993","0.4","""normal""","0.20000000000000018","0.8","false","""/home/ramaswamy.51/Documents/github/Spirals/Media/data/cluster/endsim/BehaviorSearch/Step6_Trial""","true","0.4","0.4","8","0","true","true","""-1239108042""","0.12223515531020454","0.12223515531020454","0.12223515531020454","0","0.12223515531020454"
"1","835","880","1000","1","""HK""","0.060000000000000005","false","""normal""","1","""constant""","0.1","""Scale-free""","2","0","1","""uniform""","""deterministic-normal""","5","-0.29999999999999993","0.4","""normal""","0.20000000000000018","0.8","false","""/home/ramaswamy.51/Documents/github/Spirals/Media/data/cluster/endsim/BehaviorSearch/Step6_Trial""","true","0.4","0.4","8","0","true","true","""-1849637909""","0.13936667230750768","0.13936667230750768","0.13936667230750768","0","0.13936667230750768"
"1","836","880","1000","1","""HK""","0.060000000000000005","false","""normal""","1","""constant""","0.1","""Scale-free""","2","0","1","""uniform""","""deterministic-normal""","5","-0.29999999999999993","0.4","""normal""","0.20000000000000018","0.8","false","""/home/ramaswamy.51/Documents/github/Spirals/Media/data/cluster/endsim/BehaviorSearch/Step6_Trial""","true","0.4","0.4","8","0","true","true","""-1672041554""","0.11632822001883354","0.11632822001883354","0.11632822001883354","0","0.11632822001883354"
"1","837","884","1000","1","""HK""","0.01","false","""normal""","1","""constant""","0.1","""Scale-free""","2","0","1","""uniform""","""deterministic-normal""","5","-0.09999999999999998","0.4","""normal""","-0.09999999999999998","0.8","false","""/home/ramaswamy.51/Documents/github/Spirals/Media/data/cluster/endsim/BehaviorSearch/Step6_Trial""","true","0.2","0.4","8","0","true","true","""-776640211""","0.12825670648006846","0.12825670648006846","0.12825670648006846","0","0.12825670648006846"
"1","838","884","1000","1","""HK""","0.01","false","""normal""","1","""constant""","0.1","""Scale-free""","2","0","1","""uniform""","""deterministic-normal""","5","-0.09999999999999998","0.4","""normal""","-0.09999999999999998","0.8","false","""/home/ramaswamy.51/Documents/github/Spirals/Media/data/cluster/endsim/BehaviorSearch/Step6_Trial""","true","0.2","0.4","8","0","true","true","""-1614524959""","0.10129698800686826","0.10129698800686826","0.10129698800686826","0","0.10129698800686826"
"1","839","884","1000","1","""HK""","0.01","false","""normal""","1","""constant""","0.1","""Scale-free""","2","0","1","""uniform""","""deterministic-normal""","5","-0.09999999999999998","0.4","""normal""","-0.09999999999999998","0.8","false","""/home/ramaswamy.51/Documents/github/Spirals/Media/data/cluster/endsim/BehaviorSearch/Step6_Trial""","true","0.2","0.4","8","0","true","true","""-555881315""","0.08873600380960665","0.08873600380960665","0.08873600380960665","0","0.08873600380960665"
"1","840","884","1000","1","""HK""","0.01","false","""normal""","1","""constant""","0.1","""Scale-free""","2","0","1","""uniform""","""deterministic-normal""","5","-0.09999999999999998","0.4","""normal""","-0.09999999999999998","0.8","false","""/home/ramaswamy.51/Documents/github/Spirals/Media/data/cluster/endsim/BehaviorSearch/Step6_Trial""","true","0.2","0.4","8","0","true","true","""-614277885""","0.08093378537723847","0.08093378537723847","0.08093378537723847","0","0.08093378537723847"
"1","841","888","1000","1","""HK""","0.01","false","""normal""","1","""constant""","0.1","""Scale-free""","2","0","1","""uniform""","""deterministic-normal""","10","0","0.4","""normal""","-0.09999999999999998","0.8","false","""/home/ramaswamy.51/Documents/github/Spirals/Media/data/cluster/endsim/BehaviorSearch/Step6_Trial""","true","0.2","0.5","8","-0.09999999999999998","true","true","""-1307184815""","0.08490272130038415","0.08490272130038415","0.08490272130038415","0","0.08490272130038415"
"1","842","888","1000","1","""HK""","0.01","false","""normal""","1","""constant""","0.1","""Scale-free""","2","0","1","""uniform""","""deterministic-normal""","10","0","0.4","""normal""","-0.09999999999999998","0.8","false","""/home/ramaswamy.51/Documents/github/Spirals/Media/data/cluster/endsim/BehaviorSearch/Step6_Trial""","true","0.2","0.5","8","-0.09999999999999998","true","true","""-1236765767""","0.10686979889400254","0.10686979889400254","0.10686979889400254","0","0.10686979889400254"
"1","843","888","1000","1","""HK""","0.01","false","""normal""","1","""constant""","0.1","""Scale-free""","2","0","1","""uniform""","""deterministic-normal""","10","0","0.4","""normal""","-0.09999999999999998","0.8","false","""/home/ramaswamy.51/Documents/github/Spirals/Media/data/cluster/endsim/BehaviorSearch/Step6_Trial""","true","0.2","0.5","8","-0.09999999999999998","true","true","""1938016440""","0.09692569048910173","0.09692569048910173","0.09692569048910173","0","0.09692569048910173"
"1","844","888","1000","1","""HK""","0.01","false","""normal""","1","""constant""","0.1","""Scale-free""","2","0","1","""uniform""","""deterministic-normal""","10","0","0.4","""normal""","-0.09999999999999998","0.8","false","""/home/ramaswamy.51/Documents/github/Spirals/Media/data/cluster/endsim/BehaviorSearch/Step6_Trial""","true","0.2","0.5","8","-0.09999999999999998","true","true","""-755202018""","0.0851843871985326","0.0851843871985326","0.0851843871985326","0","0.0851843871985326"
"1","845","892","1000","1","""HK""","0.01","false","""normal""","1","""constant""","0.1","""Scale-free""","2","0","1","""uniform""","""deterministic-normal""","5","0","0.4","""normal""","-0.09999999999999998","0.8","false","""/home/ramaswamy.51/Documents/github/Spirals/Media/data/cluster/endsim/BehaviorSearch/Step6_Trial""","true","0.30000000000000004","0.7000000000000001","7","0.10000000000000009","true","true","""-442662176""","0.11666507372520862","0.11666507372520862","0.11666507372520862","0","0.11666507372520862"
"1","846","892","1000","1","""HK""","0.01","false","""normal""","1","""constant""","0.1","""Scale-free""","2","0","1","""uniform""","""deterministic-normal""","5","0","0.4","""normal""","-0.09999999999999998","0.8","false","""/home/ramaswamy.51/Documents/github/Spirals/Media/data/cluster/endsim/BehaviorSearch/Step6_Trial""","true","0.30000000000000004","0.7000000000000001","7","0.10000000000000009","true","true","""1063081097""","0.11558011463947346","0.11558011463947346","0.11558011463947346","0","0.11558011463947346"
"1","847","892","1000","1","""HK""","0.01","false","""normal""","1","""constant""","0.1","""Scale-free""","2","0","1","""uniform""","""deterministic-normal""","5","0","0.4","""normal""","-0.09999999999999998","0.8","false","""/home/ramaswamy.51/Documents/github/Spirals/Media/data/cluster/endsim/BehaviorSearch/Step6_Trial""","true","0.30000000000000004","0.7000000000000001","7","0.10000000000000009","true","true","""920509908""","0.11173651096957297","0.11173651096957297","0.11173651096957297","0","0.11173651096957297"
"1","848","892","1000","1","""HK""","0.01","false","""normal""","1","""constant""","0.1","""Scale-free""","2","0","1","""uniform""","""deterministic-normal""","5","0","0.4","""normal""","-0.09999999999999998","0.8","false","""/home/ramaswamy.51/Documents/github/Spirals/Media/data/cluster/endsim/BehaviorSearch/Step6_Trial""","true","0.30000000000000004","0.7000000000000001","7","0.10000000000000009","true","true","""206225857""","0.10501555085645618","0.10501555085645618","0.10501555085645618","0","0.10501555085645618"
"1","849","896","1000","1","""HK""","0.01","false","""normal""","1","""constant""","0.1","""Scale-free""","2","0","1","""uniform""","""deterministic-normal""","15","0","0.4","""normal""","-0.09999999999999998","0.8","false","""/home/ramaswamy.51/Documents/github/Spirals/Media/data/cluster/endsim/BehaviorSearch/Step6_Trial""","true","0.2","0.4","8","0","true","true","""500613512""","0.10238644134427276","0.10238644134427276","0.10238644134427276","0","0.10238644134427276"
"1","850","896","1000","1","""HK""","0.01","false","""normal""","1","""constant""","0.1","""Scale-free""","2","0","1","""uniform""","""deterministic-normal""","15","0","0.4","""normal""","-0.09999999999999998","0.8","false","""/home/ramaswamy.51/Documents/github/Spirals/Media/data/cluster/endsim/BehaviorSearch/Step6_Trial""","true","0.2","0.4","8","0","true","true","""-1529797265""","0.10082337088758896","0.10082337088758896","0.10082337088758896","0","0.10082337088758896"
"1","851","896","1000","1","""HK""","0.01","false","""normal""","1","""constant""","0.1","""Scale-free""","2","0","1","""uniform""","""deterministic-normal""","15","0","0.4","""normal""","-0.09999999999999998","0.8","false","""/home/ramaswamy.51/Documents/github/Spirals/Media/data/cluster/endsim/BehaviorSearch/Step6_Trial""","true","0.2","0.4","8","0","true","true","""470526037""","0.11478562549501718","0.11478562549501718","0.11478562549501718","0","0.11478562549501718"
"1","852","896","1000","1","""HK""","0.01","false","""normal""","1","""constant""","0.1","""Scale-free""","2","0","1","""uniform""","""deterministic-normal""","15","0","0.4","""normal""","-0.09999999999999998","0.8","false","""/home/ramaswamy.51/Documents/github/Spirals/Media/data/cluster/endsim/BehaviorSearch/Step6_Trial""","true","0.2","0.4","8","0","true","true","""188193747""","0.10968318572912777","0.10968318572912777","0.10968318572912777","0","0.10968318572912777"
"1","853","900","1000","1","""HK""","0.02","false","""normal""","1","""constant""","0.1","""Scale-free""","2","0","1","""uniform""","""deterministic-normal""","10","0","0.30000000000000004","""normal""","-0.29999999999999993","0.8","false","""/home/ramaswamy.51/Documents/github/Spirals/Media/data/cluster/endsim/BehaviorSearch/Step6_Trial""","true","0.30000000000000004","0.8","7","-0.29999999999999993","true","true","""-1998370322""","0.125626496430405","0.125626496430405","0.125626496430405","0","0.125626496430405"
"1","854","900","1000","1","""HK""","0.02","false","""normal""","1","""constant""","0.1","""Scale-free""","2","0","1","""uniform""","""deterministic-normal""","10","0","0.30000000000000004","""normal""","-0.29999999999999993","0.8","false","""/home/ramaswamy.51/Documents/github/Spirals/Media/data/cluster/endsim/BehaviorSearch/Step6_Trial""","true","0.30000000000000004","0.8","7","-0.29999999999999993","true","true","""-1382042178""","0.10450222994088622","0.10450222994088622","0.10450222994088622","0","0.10450222994088622"
"1","855","900","1000","1","""HK""","0.02","false","""normal""","1","""constant""","0.1","""Scale-free""","2","0","1","""uniform""","""deterministic-normal""","10","0","0.30000000000000004","""normal""","-0.29999999999999993","0.8","false","""/home/ramaswamy.51/Documents/github/Spirals/Media/data/cluster/endsim/BehaviorSearch/Step6_Trial""","true","0.30000000000000004","0.8","7","-0.29999999999999993","true","true","""977051521""","0.11668627498317728","0.11668627498317728","0.11668627498317728","0","0.11668627498317728"
"1","856","900","1000","1","""HK""","0.02","false","""normal""","1","""constant""","0.1","""Scale-free""","2","0","1","""uniform""","""deterministic-normal""","10","0","0.30000000000000004","""normal""","-0.29999999999999993","0.8","false","""/home/ramaswamy.51/Documents/github/Spirals/Media/data/cluster/endsim/BehaviorSearch/Step6_Trial""","true","0.30000000000000004","0.8","7","-0.29999999999999993","true","true","""976227438""","0.1212658531552149","0.1212658531552149","0.1212658531552149","0","0.1212658531552149"
"1","857","904","1000","1","""HK""","0.01","false","""normal""","1","""constant""","0.1","""Scale-free""","2","0","1","""uniform""","""deterministic-normal""","5","-0.19999999999999996","0.30000000000000004","""normal""","0","0.8","false","""/home/ramaswamy.51/Documents/github/Spirals/Media/data/cluster/endsim/BehaviorSearch/Step6_Trial""","true","0.1","0.8","7","0","true","true","""612103269""","0.11122170590608936","0.11122170590608936","0.11122170590608936","0","0.11122170590608936"
"1","858","904","1000","1","""HK""","0.01","false","""normal""","1","""constant""","0.1","""Scale-free""","2","0","1","""uniform""","""deterministic-normal""","5","-0.19999999999999996","0.30000000000000004","""normal""","0","0.8","false","""/home/ramaswamy.51/Documents/github/Spirals/Media/data/cluster/endsim/BehaviorSearch/Step6_Trial""","true","0.1","0.8","7","0","true","true","""-94123086""","0.08625699518414141","0.08625699518414141","0.08625699518414141","0","0.08625699518414141"
"1","859","904","1000","1","""HK""","0.01","false","""normal""","1","""constant""","0.1","""Scale-free""","2","0","1","""uniform""","""deterministic-normal""","5","-0.19999999999999996","0.30000000000000004","""normal""","0","0.8","false","""/home/ramaswamy.51/Documents/github/Spirals/Media/data/cluster/endsim/BehaviorSearch/Step6_Trial""","true","0.1","0.8","7","0","true","true","""1866606857""","0.10465115892016215","0.10465115892016215","0.10465115892016215","0","0.10465115892016215"
"1","860","904","1000","1","""HK""","0.01","false","""normal""","1","""constant""","0.1","""Scale-free""","2","0","1","""uniform""","""deterministic-normal""","5","-0.19999999999999996","0.30000000000000004","""normal""","0","0.8","false","""/home/ramaswamy.51/Documents/github/Spirals/Media/data/cluster/endsim/BehaviorSearch/Step6_Trial""","true","0.1","0.8","7","0","true","true","""354315498""","0.11224353304815535","0.11224353304815535","0.11224353304815535","0","0.11224353304815535"
"1","861","908","1000","1","""HK""","0.01","false","""normal""","1","""constant""","0.1","""Scale-free""","2","0","1","""uniform""","""deterministic-normal""","20","0","0.30000000000000004","""normal""","0.20000000000000018","0.8","false","""/home/ramaswamy.51/Documents/github/Spirals/Media/data/cluster/endsim/BehaviorSearch/Step6_Trial""","true","0.1","0.4","9","0.10000000000000009","true","true","""858396690""","0.10694855369166438","0.10694855369166438","0.10694855369166438","0","0.10694855369166438"
"1","862","908","1000","1","""HK""","0.01","false","""normal""","1","""constant""","0.1","""Scale-free""","2","0","1","""uniform""","""deterministic-normal""","20","0","0.30000000000000004","""normal""","0.20000000000000018","0.8","false","""/home/ramaswamy.51/Documents/github/Spirals/Media/data/cluster/endsim/BehaviorSearch/Step6_Trial""","true","0.1","0.4","9","0.10000000000000009","true","true","""904852138""","0.11069740108678404","0.11069740108678404","0.11069740108678404","0","0.11069740108678404"
"1","863","908","1000","1","""HK""","0.01","false","""normal""","1","""constant""","0.1","""Scale-free""","2","0","1","""uniform""","""deterministic-normal""","20","0","0.30000000000000004","""normal""","0.20000000000000018","0.8","false","""/home/ramaswamy.51/Documents/github/Spirals/Media/data/cluster/endsim/BehaviorSearch/Step6_Trial""","true","0.1","0.4","9","0.10000000000000009","true","true","""-107289555""","0.1060729908331728","0.1060729908331728","0.1060729908331728","0","0.1060729908331728"
"1","864","908","1000","1","""HK""","0.01","false","""normal""","1","""constant""","0.1","""Scale-free""","2","0","1","""uniform""","""deterministic-normal""","20","0","0.30000000000000004","""normal""","0.20000000000000018","0.8","false","""/home/ramaswamy.51/Documents/github/Spirals/Media/data/cluster/endsim/BehaviorSearch/Step6_Trial""","true","0.1","0.4","9","0.10000000000000009","true","true","""1870577347""","0.10192500720599316","0.10192500720599316","0.10192500720599316","0","0.10192500720599316"
"1","865","912","1000","1","""HK""","0.01","false","""normal""","1","""constant""","0.1","""Scale-free""","2","0","1","""uniform""","""deterministic-normal""","5","0","0.4","""normal""","0","0.8","false","""/home/ramaswamy.51/Documents/github/Spirals/Media/data/cluster/endsim/BehaviorSearch/Step6_Trial""","true","0.1","0.4","7","0.10000000000000009","true","true","""-1823697483""","0.10238971494110818","0.10238971494110818","0.10238971494110818","0","0.10238971494110818"
"1","866","912","1000","1","""HK""","0.01","false","""normal""","1","""constant""","0.1","""Scale-free""","2","0","1","""uniform""","""deterministic-normal""","5","0","0.4","""normal""","0","0.8","false","""/home/ramaswamy.51/Documents/github/Spirals/Media/data/cluster/endsim/BehaviorSearch/Step6_Trial""","true","0.1","0.4","7","0.10000000000000009","true","true","""1726017664""","0.09801175266002521","0.09801175266002521","0.09801175266002521","0","0.09801175266002521"
"1","867","912","1000","1","""HK""","0.01","false","""normal""","1","""constant""","0.1","""Scale-free""","2","0","1","""uniform""","""deterministic-normal""","5","0","0.4","""normal""","0","0.8","false","""/home/ramaswamy.51/Documents/github/Spirals/Media/data/cluster/endsim/BehaviorSearch/Step6_Trial""","true","0.1","0.4","7","0.10000000000000009","true","true","""-774118726""","0.09838063532628301","0.09838063532628301","0.09838063532628301","0","0.09838063532628301"
"1","868","912","1000","1","""HK""","0.01","false","""normal""","1","""constant""","0.1","""Scale-free""","2","0","1","""uniform""","""deterministic-normal""","5","0","0.4","""normal""","0","0.8","false","""/home/ramaswamy.51/Documents/github/Spirals/Media/data/cluster/endsim/BehaviorSearch/Step6_Trial""","true","0.1","0.4","7","0.10000000000000009","true","true","""2099076171""","0.11013906525169792","0.11013906525169792","0.11013906525169792","0","0.11013906525169792"
"1","869","916","1000","1","""HK""","0.01","false","""normal""","1","""constant""","0.1","""Scale-free""","2","0","1","""uniform""","""deterministic-normal""","10","0","0.4","""normal""","-0.09999999999999998","0.8","false","""/home/ramaswamy.51/Documents/github/Spirals/Media/data/cluster/endsim/BehaviorSearch/Step6_Trial""","true","0.1","0.7000000000000001","6","0","true","true","""1989272718""","0.11389336185482042","0.11389336185482042","0.11389336185482042","0","0.11389336185482042"
"1","870","916","1000","1","""HK""","0.01","false","""normal""","1","""constant""","0.1","""Scale-free""","2","0","1","""uniform""","""deterministic-normal""","10","0","0.4","""normal""","-0.09999999999999998","0.8","false","""/home/ramaswamy.51/Documents/github/Spirals/Media/data/cluster/endsim/BehaviorSearch/Step6_Trial""","true","0.1","0.7000000000000001","6","0","true","true","""350542759""","0.07932565099003824","0.07932565099003824","0.07932565099003824","0","0.07932565099003824"
"1","871","916","1000","1","""HK""","0.01","false","""normal""","1","""constant""","0.1","""Scale-free""","2","0","1","""uniform""","""deterministic-normal""","10","0","0.4","""normal""","-0.09999999999999998","0.8","false","""/home/ramaswamy.51/Documents/github/Spirals/Media/data/cluster/endsim/BehaviorSearch/Step6_Trial""","true","0.1","0.7000000000000001","6","0","true","true","""-80103427""","0.08975653827218255","0.08975653827218255","0.08975653827218255","0","0.08975653827218255"
"1","872","916","1000","1","""HK""","0.01","false","""normal""","1","""constant""","0.1","""Scale-free""","2","0","1","""uniform""","""deterministic-normal""","10","0","0.4","""normal""","-0.09999999999999998","0.8","false","""/home/ramaswamy.51/Documents/github/Spirals/Media/data/cluster/endsim/BehaviorSearch/Step6_Trial""","true","0.1","0.7000000000000001","6","0","true","true","""1328525157""","0.1132853046630625","0.1132853046630625","0.1132853046630625","0","0.1132853046630625"
"1","873","920","1000","1","""HK""","0.01","false","""normal""","1","""constant""","0.1","""Scale-free""","2","0","1","""uniform""","""deterministic-normal""","5","0","0.5","""normal""","-0.09999999999999998","0.8","false","""/home/ramaswamy.51/Documents/github/Spirals/Media/data/cluster/endsim/BehaviorSearch/Step6_Trial""","true","0.1","0.4","8","0","true","true","""-907012553""","0.11982164261718684","0.11982164261718684","0.11982164261718684","0","0.11982164261718684"
"1","874","920","1000","1","""HK""","0.01","false","""normal""","1","""constant""","0.1","""Scale-free""","2","0","1","""uniform""","""deterministic-normal""","5","0","0.5","""normal""","-0.09999999999999998","0.8","false","""/home/ramaswamy.51/Documents/github/Spirals/Media/data/cluster/endsim/BehaviorSearch/Step6_Trial""","true","0.1","0.4","8","0","true","true","""1130262625""","0.09497937129740017","0.09497937129740017","0.09497937129740017","0","0.09497937129740017"
"1","875","920","1000","1","""HK""","0.01","false","""normal""","1","""constant""","0.1","""Scale-free""","2","0","1","""uniform""","""deterministic-normal""","5","0","0.5","""normal""","-0.09999999999999998","0.8","false","""/home/ramaswamy.51/Documents/github/Spirals/Media/data/cluster/endsim/BehaviorSearch/Step6_Trial""","true","0.1","0.4","8","0","true","true","""522033406""","0.10137430134905638","0.10137430134905638","0.10137430134905638","0","0.10137430134905638"
"1","876","920","1000","1","""HK""","0.01","false","""normal""","1","""constant""","0.1","""Scale-free""","2","0","1","""uniform""","""deterministic-normal""","5","0","0.5","""normal""","-0.09999999999999998","0.8","false","""/home/ramaswamy.51/Documents/github/Spirals/Media/data/cluster/endsim/BehaviorSearch/Step6_Trial""","true","0.1","0.4","8","0","true","true","""437442357""","0.10615194369730022","0.10615194369730022","0.10615194369730022","0","0.10615194369730022"
"1","877","924","1000","1","""HK""","0.01","false","""normal""","1","""constant""","0.1","""Scale-free""","2","0","1","""uniform""","""deterministic-normal""","10","0.40000000000000013","0.4","""normal""","0.10000000000000009","0.8","false","""/home/ramaswamy.51/Documents/github/Spirals/Media/data/cluster/endsim/BehaviorSearch/Step6_Trial""","true","0.1","0.7000000000000001","8","0","true","true","""-1759372203""","0.11437704257439335","0.11437704257439335","0.11437704257439335","0","0.11437704257439335"
"1","878","924","1000","1","""HK""","0.01","false","""normal""","1","""constant""","0.1","""Scale-free""","2","0","1","""uniform""","""deterministic-normal""","10","0.40000000000000013","0.4","""normal""","0.10000000000000009","0.8","false","""/home/ramaswamy.51/Documents/github/Spirals/Media/data/cluster/endsim/BehaviorSearch/Step6_Trial""","true","0.1","0.7000000000000001","8","0","true","true","""-1137391181""","0.11521071139549617","0.11521071139549617","0.11521071139549617","0","0.11521071139549617"
"1","879","924","1000","1","""HK""","0.01","false","""normal""","1","""constant""","0.1","""Scale-free""","2","0","1","""uniform""","""deterministic-normal""","10","0.40000000000000013","0.4","""normal""","0.10000000000000009","0.8","false","""/home/ramaswamy.51/Documents/github/Spirals/Media/data/cluster/endsim/BehaviorSearch/Step6_Trial""","true","0.1","0.7000000000000001","8","0","true","true","""-1923873495""","0.09231873741774138","0.09231873741774138","0.09231873741774138","0","0.09231873741774138"
"1","880","924","1000","1","""HK""","0.01","false","""normal""","1","""constant""","0.1","""Scale-free""","2","0","1","""uniform""","""deterministic-normal""","10","0.40000000000000013","0.4","""normal""","0.10000000000000009","0.8","false","""/home/ramaswamy.51/Documents/github/Spirals/Media/data/cluster/endsim/BehaviorSearch/Step6_Trial""","true","0.1","0.7000000000000001","8","0","true","true","""1657197917""","0.08533173715506899","0.08533173715506899","0.08533173715506899","0","0.08533173715506899"
"1","881","928","1000","1","""HK""","0.01","false","""normal""","1","""constant""","0.1","""Scale-free""","2","0","1","""uniform""","""deterministic-normal""","10","0.10000000000000009","0.4","""normal""","-0.29999999999999993","0.9","false","""/home/ramaswamy.51/Documents/github/Spirals/Media/data/cluster/endsim/BehaviorSearch/Step6_Trial""","true","0.5","0.8","6","0","true","true","""-1990822249""","0.11960747107219241","0.11960747107219241","0.11960747107219241","0","0.11960747107219241"
"1","882","928","1000","1","""HK""","0.01","false","""normal""","1","""constant""","0.1","""Scale-free""","2","0","1","""uniform""","""deterministic-normal""","10","0.10000000000000009","0.4","""normal""","-0.29999999999999993","0.9","false","""/home/ramaswamy.51/Documents/github/Spirals/Media/data/cluster/endsim/BehaviorSearch/Step6_Trial""","true","0.5","0.8","6","0","true","true","""-1712570939""","0.13746855433670244","0.13746855433670244","0.13746855433670244","0","0.13746855433670244"
"1","883","928","1000","1","""HK""","0.01","false","""normal""","1","""constant""","0.1","""Scale-free""","2","0","1","""uniform""","""deterministic-normal""","10","0.10000000000000009","0.4","""normal""","-0.29999999999999993","0.9","false","""/home/ramaswamy.51/Documents/github/Spirals/Media/data/cluster/endsim/BehaviorSearch/Step6_Trial""","true","0.5","0.8","6","0","true","true","""1019466322""","0.13648245899170405","0.13648245899170405","0.13648245899170405","0","0.13648245899170405"
"1","884","928","1000","1","""HK""","0.01","false","""normal""","1","""constant""","0.1","""Scale-free""","2","0","1","""uniform""","""deterministic-normal""","10","0.10000000000000009","0.4","""normal""","-0.29999999999999993","0.9","false","""/home/ramaswamy.51/Documents/github/Spirals/Media/data/cluster/endsim/BehaviorSearch/Step6_Trial""","true","0.5","0.8","6","0","true","true","""83101697""","0.1399402753590782","0.1399402753590782","0.1399402753590782","0","0.1399402753590782"
"1","885","932","1000","1","""HK""","0.01","false","""normal""","1","""constant""","0.1","""Scale-free""","2","0","1","""uniform""","""deterministic-normal""","10","0","0.4","""normal""","-0.3999999999999999","0.8","false","""/home/ramaswamy.51/Documents/github/Spirals/Media/data/cluster/endsim/BehaviorSearch/Step6_Trial""","true","0.30000000000000004","0.7000000000000001","8","0","true","true","""1973265428""","0.12570681520941435","0.12570681520941435","0.12570681520941435","0","0.12570681520941435"
"1","886","932","1000","1","""HK""","0.01","false","""normal""","1","""constant""","0.1","""Scale-free""","2","0","1","""uniform""","""deterministic-normal""","10","0","0.4","""normal""","-0.3999999999999999","0.8","false","""/home/ramaswamy.51/Documents/github/Spirals/Media/data/cluster/endsim/BehaviorSearch/Step6_Trial""","true","0.30000000000000004","0.7000000000000001","8","0","true","true","""1285941868""","0.128009516451368","0.128009516451368","0.128009516451368","0","0.128009516451368"
"1","887","932","1000","1","""HK""","0.01","false","""normal""","1","""constant""","0.1","""Scale-free""","2","0","1","""uniform""","""deterministic-normal""","10","0","0.4","""normal""","-0.3999999999999999","0.8","false","""/home/ramaswamy.51/Documents/github/Spirals/Media/data/cluster/endsim/BehaviorSearch/Step6_Trial""","true","0.30000000000000004","0.7000000000000001","8","0","true","true","""-428008190""","0.13991547003720922","0.13991547003720922","0.13991547003720922","0","0.13991547003720922"
"1","888","932","1000","1","""HK""","0.01","false","""normal""","1","""constant""","0.1","""Scale-free""","2","0","1","""uniform""","""deterministic-normal""","10","0","0.4","""normal""","-0.3999999999999999","0.8","false","""/home/ramaswamy.51/Documents/github/Spirals/Media/data/cluster/endsim/BehaviorSearch/Step6_Trial""","true","0.30000000000000004","0.7000000000000001","8","0","true","true","""-2115126970""","0.1354928476967353","0.1354928476967353","0.1354928476967353","0","0.1354928476967353"
"1","889","936","1000","1","""HK""","0.01","false","""normal""","1","""constant""","0.1","""Scale-free""","2","0","1","""uniform""","""deterministic-normal""","15","0","0.4","""normal""","0","0.8","false","""/home/ramaswamy.51/Documents/github/Spirals/Media/data/cluster/endsim/BehaviorSearch/Step6_Trial""","true","0.1","0.7000000000000001","6","0","true","true","""1602490714""","0.10234784479762642","0.10234784479762642","0.10234784479762642","0","0.10234784479762642"
"1","890","936","1000","1","""HK""","0.01","false","""normal""","1","""constant""","0.1","""Scale-free""","2","0","1","""uniform""","""deterministic-normal""","15","0","0.4","""normal""","0","0.8","false","""/home/ramaswamy.51/Documents/github/Spirals/Media/data/cluster/endsim/BehaviorSearch/Step6_Trial""","true","0.1","0.7000000000000001","6","0","true","true","""-1766335541""","0.09563604617868394","0.09563604617868394","0.09563604617868394","0","0.09563604617868394"
"1","891","936","1000","1","""HK""","0.01","false","""normal""","1","""constant""","0.1","""Scale-free""","2","0","1","""uniform""","""deterministic-normal""","15","0","0.4","""normal""","0","0.8","false","""/home/ramaswamy.51/Documents/github/Spirals/Media/data/cluster/endsim/BehaviorSearch/Step6_Trial""","true","0.1","0.7000000000000001","6","0","true","true","""-1129362992""","0.10060224853150525","0.10060224853150525","0.10060224853150525","0","0.10060224853150525"
"1","892","936","1000","1","""HK""","0.01","false","""normal""","1","""constant""","0.1","""Scale-free""","2","0","1","""uniform""","""deterministic-normal""","15","0","0.4","""normal""","0","0.8","false","""/home/ramaswamy.51/Documents/github/Spirals/Media/data/cluster/endsim/BehaviorSearch/Step6_Trial""","true","0.1","0.7000000000000001","6","0","true","true","""-356003682""","0.08700367243860237","0.08700367243860237","0.08700367243860237","0","0.08700367243860237"
"1","893","940","1000","1","""HK""","0.03","false","""normal""","1","""constant""","0.1","""Scale-free""","2","0","1","""uniform""","""deterministic-normal""","10","0","0.5","""normal""","-0.09999999999999998","0.8","false","""/home/ramaswamy.51/Documents/github/Spirals/Media/data/cluster/endsim/BehaviorSearch/Step6_Trial""","true","0.1","0.4","8","-0.19999999999999996","true","true","""-1854613371""","0.08576577769030477","0.08576577769030477","0.08576577769030477","0","0.08576577769030477"
"1","894","940","1000","1","""HK""","0.03","false","""normal""","1","""constant""","0.1","""Scale-free""","2","0","1","""uniform""","""deterministic-normal""","10","0","0.5","""normal""","-0.09999999999999998","0.8","false","""/home/ramaswamy.51/Documents/github/Spirals/Media/data/cluster/endsim/BehaviorSearch/Step6_Trial""","true","0.1","0.4","8","-0.19999999999999996","true","true","""630633734""","0.0893155380915257","0.0893155380915257","0.0893155380915257","0","0.0893155380915257"
"1","895","940","1000","1","""HK""","0.03","false","""normal""","1","""constant""","0.1","""Scale-free""","2","0","1","""uniform""","""deterministic-normal""","10","0","0.5","""normal""","-0.09999999999999998","0.8","false","""/home/ramaswamy.51/Documents/github/Spirals/Media/data/cluster/endsim/BehaviorSearch/Step6_Trial""","true","0.1","0.4","8","-0.19999999999999996","true","true","""-1690984013""","0.10752720508772054","0.10752720508772054","0.10752720508772054","0","0.10752720508772054"
"1","896","940","1000","1","""HK""","0.03","false","""normal""","1","""constant""","0.1","""Scale-free""","2","0","1","""uniform""","""deterministic-normal""","10","0","0.5","""normal""","-0.09999999999999998","0.8","false","""/home/ramaswamy.51/Documents/github/Spirals/Media/data/cluster/endsim/BehaviorSearch/Step6_Trial""","true","0.1","0.4","8","-0.19999999999999996","true","true","""855658174""","0.1055300792328452","0.1055300792328452","0.1055300792328452","0","0.1055300792328452"
"1","897","944","1000","1","""HK""","0.01","false","""normal""","1","""constant""","0.1","""Scale-free""","2","0","1","""uniform""","""deterministic-normal""","5","0.30000000000000004","0.4","""normal""","-0.09999999999999998","0.9","false","""/home/ramaswamy.51/Documents/github/Spirals/Media/data/cluster/endsim/BehaviorSearch/Step6_Trial""","true","0.2","0.4","8","0","true","true","""-1055593154""","0.11688732337852362","0.11688732337852362","0.11688732337852362","0","0.11688732337852362"
"1","898","944","1000","1","""HK""","0.01","false","""normal""","1","""constant""","0.1","""Scale-free""","2","0","1","""uniform""","""deterministic-normal""","5","0.30000000000000004","0.4","""normal""","-0.09999999999999998","0.9","false","""/home/ramaswamy.51/Documents/github/Spirals/Media/data/cluster/endsim/BehaviorSearch/Step6_Trial""","true","0.2","0.4","8","0","true","true","""-1409600828""","0.09209874889006295","0.09209874889006295","0.09209874889006295","0","0.09209874889006295"
"1","899","944","1000","1","""HK""","0.01","false","""normal""","1","""constant""","0.1","""Scale-free""","2","0","1","""uniform""","""deterministic-normal""","5","0.30000000000000004","0.4","""normal""","-0.09999999999999998","0.9","false","""/home/ramaswamy.51/Documents/github/Spirals/Media/data/cluster/endsim/BehaviorSearch/Step6_Trial""","true","0.2","0.4","8","0","true","true","""-616545284""","0.10396525426360924","0.10396525426360924","0.10396525426360924","0","0.10396525426360924"
"1","900","944","1000","1","""HK""","0.01","false","""normal""","1","""constant""","0.1","""Scale-free""","2","0","1","""uniform""","""deterministic-normal""","5","0.30000000000000004","0.4","""normal""","-0.09999999999999998","0.9","false","""/home/ramaswamy.51/Documents/github/Spirals/Media/data/cluster/endsim/BehaviorSearch/Step6_Trial""","true","0.2","0.4","8","0","true","true","""-1578456982""","0.11026763085243961","0.11026763085243961","0.11026763085243961","0","0.11026763085243961"
"1","901","948","1000","1","""HK""","0.01","false","""normal""","1","""constant""","0.1","""Scale-free""","2","0","1","""uniform""","""deterministic-normal""","15","0.10000000000000009","0.4","""normal""","-0.09999999999999998","0.8","false","""/home/ramaswamy.51/Documents/github/Spirals/Media/data/cluster/endsim/BehaviorSearch/Step6_Trial""","true","0.2","0.2","8","0","true","true","""-1536530009""","0.09430422057841702","0.09430422057841702","0.09430422057841702","0","0.09430422057841702"
"1","902","948","1000","1","""HK""","0.01","false","""normal""","1","""constant""","0.1","""Scale-free""","2","0","1","""uniform""","""deterministic-normal""","15","0.10000000000000009","0.4","""normal""","-0.09999999999999998","0.8","false","""/home/ramaswamy.51/Documents/github/Spirals/Media/data/cluster/endsim/BehaviorSearch/Step6_Trial""","true","0.2","0.2","8","0","true","true","""234220715""","0.08475085730028402","0.08475085730028402","0.08475085730028402","0","0.08475085730028402"
"1","903","948","1000","1","""HK""","0.01","false","""normal""","1","""constant""","0.1","""Scale-free""","2","0","1","""uniform""","""deterministic-normal""","15","0.10000000000000009","0.4","""normal""","-0.09999999999999998","0.8","false","""/home/ramaswamy.51/Documents/github/Spirals/Media/data/cluster/endsim/BehaviorSearch/Step6_Trial""","true","0.2","0.2","8","0","true","true","""-704500739""","0.09437166760073014","0.09437166760073014","0.09437166760073014","0","0.09437166760073014"
"1","904","948","1000","1","""HK""","0.01","false","""normal""","1","""constant""","0.1","""Scale-free""","2","0","1","""uniform""","""deterministic-normal""","15","0.10000000000000009","0.4","""normal""","-0.09999999999999998","0.8","false","""/home/ramaswamy.51/Documents/github/Spirals/Media/data/cluster/endsim/BehaviorSearch/Step6_Trial""","true","0.2","0.2","8","0","true","true","""582064759""","0.09872209256026095","0.09872209256026095","0.09872209256026095","0","0.09872209256026095"
"1","905","952","1000","1","""HK""","0.02","false","""normal""","1","""constant""","0.1","""Scale-free""","2","0","1","""uniform""","""deterministic-normal""","15","-0.19999999999999996","0.7000000000000001","""normal""","-0.09999999999999998","0.9","false","""/home/ramaswamy.51/Documents/github/Spirals/Media/data/cluster/endsim/BehaviorSearch/Step6_Trial""","true","0.2","0.4","5","-0.09999999999999998","true","true","""294123883""","0.11532117793550115","0.11532117793550115","0.11532117793550115","0","0.11532117793550115"
"1","906","952","1000","1","""HK""","0.02","false","""normal""","1","""constant""","0.1","""Scale-free""","2","0","1","""uniform""","""deterministic-normal""","15","-0.19999999999999996","0.7000000000000001","""normal""","-0.09999999999999998","0.9","false","""/home/ramaswamy.51/Documents/github/Spirals/Media/data/cluster/endsim/BehaviorSearch/Step6_Trial""","true","0.2","0.4","5","-0.09999999999999998","true","true","""550550861""","0.08945227259856245","0.08945227259856245","0.08945227259856245","0","0.08945227259856245"
"1","907","952","1000","1","""HK""","0.02","false","""normal""","1","""constant""","0.1","""Scale-free""","2","0","1","""uniform""","""deterministic-normal""","15","-0.19999999999999996","0.7000000000000001","""normal""","-0.09999999999999998","0.9","false","""/home/ramaswamy.51/Documents/github/Spirals/Media/data/cluster/endsim/BehaviorSearch/Step6_Trial""","true","0.2","0.4","5","-0.09999999999999998","true","true","""64900536""","0.1097277857166177","0.1097277857166177","0.1097277857166177","0","0.1097277857166177"
"1","908","952","1000","1","""HK""","0.02","false","""normal""","1","""constant""","0.1","""Scale-free""","2","0","1","""uniform""","""deterministic-normal""","15","-0.19999999999999996","0.7000000000000001","""normal""","-0.09999999999999998","0.9","false","""/home/ramaswamy.51/Documents/github/Spirals/Media/data/cluster/endsim/BehaviorSearch/Step6_Trial""","true","0.2","0.4","5","-0.09999999999999998","true","true","""-938343612""","0.10843290375488426","0.10843290375488426","0.10843290375488426","0","0.10843290375488426"
"1","909","956","1000","1","""HK""","0.01","false","""normal""","1","""constant""","0.1","""Scale-free""","2","0","1","""uniform""","""deterministic-normal""","10","0","0.7000000000000001","""normal""","-0.09999999999999998","0.9","false","""/home/ramaswamy.51/Documents/github/Spirals/Media/data/cluster/endsim/BehaviorSearch/Step6_Trial""","true","0.2","0.4","9","-0.29999999999999993","true","true","""-768491506""","0.09385181607807962","0.09385181607807962","0.09385181607807962","0","0.09385181607807962"
"1","910","956","1000","1","""HK""","0.01","false","""normal""","1","""constant""","0.1","""Scale-free""","2","0","1","""uniform""","""deterministic-normal""","10","0","0.7000000000000001","""normal""","-0.09999999999999998","0.9","false","""/home/ramaswamy.51/Documents/github/Spirals/Media/data/cluster/endsim/BehaviorSearch/Step6_Trial""","true","0.2","0.4","9","-0.29999999999999993","true","true","""1887559774""","0.09330522641349823","0.09330522641349823","0.09330522641349823","0","0.09330522641349823"
"1","911","956","1000","1","""HK""","0.01","false","""normal""","1","""constant""","0.1","""Scale-free""","2","0","1","""uniform""","""deterministic-normal""","10","0","0.7000000000000001","""normal""","-0.09999999999999998","0.9","false","""/home/ramaswamy.51/Documents/github/Spirals/Media/data/cluster/endsim/BehaviorSearch/Step6_Trial""","true","0.2","0.4","9","-0.29999999999999993","true","true","""-1460567859""","0.07205683344260609","0.07205683344260609","0.07205683344260609","0","0.07205683344260609"
"1","912","956","1000","1","""HK""","0.01","false","""normal""","1","""constant""","0.1","""Scale-free""","2","0","1","""uniform""","""deterministic-normal""","10","0","0.7000000000000001","""normal""","-0.09999999999999998","0.9","false","""/home/ramaswamy.51/Documents/github/Spirals/Media/data/cluster/endsim/BehaviorSearch/Step6_Trial""","true","0.2","0.4","9","-0.29999999999999993","true","true","""-783382648""","0.0927850887653879","0.0927850887653879","0.0927850887653879","0","0.0927850887653879"
"1","913","960","1000","1","""HK""","0.01","false","""normal""","1","""constant""","0","""Scale-free""","2","0","1","""uniform""","""deterministic-normal""","5","0","0.4","""normal""","-0.3999999999999999","0.8","false","""/home/ramaswamy.51/Documents/github/Spirals/Media/data/cluster/endsim/BehaviorSearch/Step6_Trial""","true","0.2","0.4","8","0","true","true","""1692422249""","0.18111801330198946","0.18111801330198946","0.18111801330198946","0","0.18111801330198946"
"1","914","960","1000","1","""HK""","0.01","false","""normal""","1","""constant""","0","""Scale-free""","2","0","1","""uniform""","""deterministic-normal""","5","0","0.4","""normal""","-0.3999999999999999","0.8","false","""/home/ramaswamy.51/Documents/github/Spirals/Media/data/cluster/endsim/BehaviorSearch/Step6_Trial""","true","0.2","0.4","8","0","true","true","""82069527""","0.1948326403878018","0.1948326403878018","0.1948326403878018","0","0.1948326403878018"
"1","915","960","1000","1","""HK""","0.01","false","""normal""","1","""constant""","0","""Scale-free""","2","0","1","""uniform""","""deterministic-normal""","5","0","0.4","""normal""","-0.3999999999999999","0.8","false","""/home/ramaswamy.51/Documents/github/Spirals/Media/data/cluster/endsim/BehaviorSearch/Step6_Trial""","true","0.2","0.4","8","0","true","true","""-1730101424""","0.18065104160332368","0.18065104160332368","0.18065104160332368","0","0.18065104160332368"
"1","916","960","1000","1","""HK""","0.01","false","""normal""","1","""constant""","0","""Scale-free""","2","0","1","""uniform""","""deterministic-normal""","5","0","0.4","""normal""","-0.3999999999999999","0.8","false","""/home/ramaswamy.51/Documents/github/Spirals/Media/data/cluster/endsim/BehaviorSearch/Step6_Trial""","true","0.2","0.4","8","0","true","true","""-1497935650""","0.17846686239428516","0.17846686239428516","0.17846686239428516","0","0.17846686239428516"
"1","917","964","1000","1","""HK""","0.01","false","""normal""","1","""constant""","0.1","""Scale-free""","2","0","1","""uniform""","""deterministic-normal""","0","-0.09999999999999998","0.4","""normal""","-0.09999999999999998","0.8","false","""/home/ramaswamy.51/Documents/github/Spirals/Media/data/cluster/endsim/BehaviorSearch/Step6_Trial""","true","0","0.4","8","0","true","true","""1613740921""","0.10883739990664223","0.10883739990664223","0.10883739990664223","0","0.10883739990664223"
"1","918","964","1000","1","""HK""","0.01","false","""normal""","1","""constant""","0.1","""Scale-free""","2","0","1","""uniform""","""deterministic-normal""","0","-0.09999999999999998","0.4","""normal""","-0.09999999999999998","0.8","false","""/home/ramaswamy.51/Documents/github/Spirals/Media/data/cluster/endsim/BehaviorSearch/Step6_Trial""","true","0","0.4","8","0","true","true","""135159279""","0.1211813236120318","0.1211813236120318","0.1211813236120318","0","0.1211813236120318"
"1","919","964","1000","1","""HK""","0.01","false","""normal""","1","""constant""","0.1","""Scale-free""","2","0","1","""uniform""","""deterministic-normal""","0","-0.09999999999999998","0.4","""normal""","-0.09999999999999998","0.8","false","""/home/ramaswamy.51/Documents/github/Spirals/Media/data/cluster/endsim/BehaviorSearch/Step6_Trial""","true","0","0.4","8","0","true","true","""1911866354""","0.11412014082099427","0.11412014082099427","0.11412014082099427","0","0.11412014082099427"
"1","920","964","1000","1","""HK""","0.01","false","""normal""","1","""constant""","0.1","""Scale-free""","2","0","1","""uniform""","""deterministic-normal""","0","-0.09999999999999998","0.4","""normal""","-0.09999999999999998","0.8","false","""/home/ramaswamy.51/Documents/github/Spirals/Media/data/cluster/endsim/BehaviorSearch/Step6_Trial""","true","0","0.4","8","0","true","true","""1884136522""","0.10456740574863047","0.10456740574863047","0.10456740574863047","0","0.10456740574863047"
"1","921","968","1000","1","""HK""","0.02","false","""normal""","1","""constant""","0.1","""Scale-free""","2","0","1","""uniform""","""deterministic-normal""","10","-0.09999999999999998","0.4","""normal""","-0.09999999999999998","0.8","false","""/home/ramaswamy.51/Documents/github/Spirals/Media/data/cluster/endsim/BehaviorSearch/Step6_Trial""","true","0.30000000000000004","0.4","9","0","true","true","""-1687076992""","0.10947569701316642","0.10947569701316642","0.10947569701316642","0","0.10947569701316642"
"1","922","968","1000","1","""HK""","0.02","false","""normal""","1","""constant""","0.1","""Scale-free""","2","0","1","""uniform""","""deterministic-normal""","10","-0.09999999999999998","0.4","""normal""","-0.09999999999999998","0.8","false","""/home/ramaswamy.51/Documents/github/Spirals/Media/data/cluster/endsim/BehaviorSearch/Step6_Trial""","true","0.30000000000000004","0.4","9","0","true","true","""1027838555""","0.09542825274421292","0.09542825274421292","0.09542825274421292","0","0.09542825274421292"
"1","923","968","1000","1","""HK""","0.02","false","""normal""","1","""constant""","0.1","""Scale-free""","2","0","1","""uniform""","""deterministic-normal""","10","-0.09999999999999998","0.4","""normal""","-0.09999999999999998","0.8","false","""/home/ramaswamy.51/Documents/github/Spirals/Media/data/cluster/endsim/BehaviorSearch/Step6_Trial""","true","0.30000000000000004","0.4","9","0","true","true","""528814337""","0.10586658283239561","0.10586658283239561","0.10586658283239561","0","0.10586658283239561"
"1","924","968","1000","1","""HK""","0.02","false","""normal""","1","""constant""","0.1","""Scale-free""","2","0","1","""uniform""","""deterministic-normal""","10","-0.09999999999999998","0.4","""normal""","-0.09999999999999998","0.8","false","""/home/ramaswamy.51/Documents/github/Spirals/Media/data/cluster/endsim/BehaviorSearch/Step6_Trial""","true","0.30000000000000004","0.4","9","0","true","true","""280665766""","0.11544083838503262","0.11544083838503262","0.11544083838503262","0","0.11544083838503262"
"1","925","972","1000","1","""HK""","0.03","false","""normal""","1","""constant""","0.1","""Scale-free""","2","0","1","""uniform""","""deterministic-normal""","10","0","0.4","""normal""","0.10000000000000009","0.8","false","""/home/ramaswamy.51/Documents/github/Spirals/Media/data/cluster/endsim/BehaviorSearch/Step6_Trial""","true","0.1","0.4","8","0","true","true","""-607605153""","0.12297019732314465","0.12297019732314465","0.12297019732314465","0","0.12297019732314465"
"1","926","972","1000","1","""HK""","0.03","false","""normal""","1","""constant""","0.1","""Scale-free""","2","0","1","""uniform""","""deterministic-normal""","10","0","0.4","""normal""","0.10000000000000009","0.8","false","""/home/ramaswamy.51/Documents/github/Spirals/Media/data/cluster/endsim/BehaviorSearch/Step6_Trial""","true","0.1","0.4","8","0","true","true","""-549591743""","0.12175087983622732","0.12175087983622732","0.12175087983622732","0","0.12175087983622732"
"1","927","972","1000","1","""HK""","0.03","false","""normal""","1","""constant""","0.1","""Scale-free""","2","0","1","""uniform""","""deterministic-normal""","10","0","0.4","""normal""","0.10000000000000009","0.8","false","""/home/ramaswamy.51/Documents/github/Spirals/Media/data/cluster/endsim/BehaviorSearch/Step6_Trial""","true","0.1","0.4","8","0","true","true","""-185100990""","0.1146972153476776","0.1146972153476776","0.1146972153476776","0","0.1146972153476776"
"1","928","972","1000","1","""HK""","0.03","false","""normal""","1","""constant""","0.1","""Scale-free""","2","0","1","""uniform""","""deterministic-normal""","10","0","0.4","""normal""","0.10000000000000009","0.8","false","""/home/ramaswamy.51/Documents/github/Spirals/Media/data/cluster/endsim/BehaviorSearch/Step6_Trial""","true","0.1","0.4","8","0","true","true","""525709041""","0.10388467734562945","0.10388467734562945","0.10388467734562945","0","0.10388467734562945"
"1","929","976","1000","1","""HK""","0.01","false","""normal""","1","""constant""","0.1","""Scale-free""","2","0","1","""uniform""","""deterministic-normal""","10","-0.19999999999999996","0.4","""normal""","-0.09999999999999998","0.8","false","""/home/ramaswamy.51/Documents/github/Spirals/Media/data/cluster/endsim/BehaviorSearch/Step6_Trial""","true","0.2","0.4","8","0","true","true","""-613750031""","0.1044541162308531","0.1044541162308531","0.1044541162308531","0","0.1044541162308531"
"1","930","976","1000","1","""HK""","0.01","false","""normal""","1","""constant""","0.1","""Scale-free""","2","0","1","""uniform""","""deterministic-normal""","10","-0.19999999999999996","0.4","""normal""","-0.09999999999999998","0.8","false","""/home/ramaswamy.51/Documents/github/Spirals/Media/data/cluster/endsim/BehaviorSearch/Step6_Trial""","true","0.2","0.4","8","0","true","true","""1788588430""","0.11014015269983857","0.11014015269983857","0.11014015269983857","0","0.11014015269983857"
"1","931","976","1000","1","""HK""","0.01","false","""normal""","1","""constant""","0.1","""Scale-free""","2","0","1","""uniform""","""deterministic-normal""","10","-0.19999999999999996","0.4","""normal""","-0.09999999999999998","0.8","false","""/home/ramaswamy.51/Documents/github/Spirals/Media/data/cluster/endsim/BehaviorSearch/Step6_Trial""","true","0.2","0.4","8","0","true","true","""92649178""","0.10012442067595344","0.10012442067595344","0.10012442067595344","0","0.10012442067595344"
"1","932","976","1000","1","""HK""","0.01","false","""normal""","1","""constant""","0.1","""Scale-free""","2","0","1","""uniform""","""deterministic-normal""","10","-0.19999999999999996","0.4","""normal""","-0.09999999999999998","0.8","false","""/home/ramaswamy.51/Documents/github/Spirals/Media/data/cluster/endsim/BehaviorSearch/Step6_Trial""","true","0.2","0.4","8","0","true","true","""900828832""","0.10073200520474818","0.10073200520474818","0.10073200520474818","0","0.10073200520474818"
"1","933","980","1000","1","""HK""","0.01","false","""normal""","1","""constant""","0.1","""Scale-free""","2","0","1","""uniform""","""deterministic-normal""","0","0.10000000000000009","0.30000000000000004","""normal""","-0.09999999999999998","0.8","false","""/home/ramaswamy.51/Documents/github/Spirals/Media/data/cluster/endsim/BehaviorSearch/Step6_Trial""","true","0.30000000000000004","0.4","8","0","true","true","""-85703378""","0.10420446645573446","0.10420446645573446","0.10420446645573446","0","0.10420446645573446"
"1","934","980","1000","1","""HK""","0.01","false","""normal""","1","""constant""","0.1","""Scale-free""","2","0","1","""uniform""","""deterministic-normal""","0","0.10000000000000009","0.30000000000000004","""normal""","-0.09999999999999998","0.8","false","""/home/ramaswamy.51/Documents/github/Spirals/Media/data/cluster/endsim/BehaviorSearch/Step6_Trial""","true","0.30000000000000004","0.4","8","0","true","true","""-805768494""","0.09275684687452755","0.09275684687452755","0.09275684687452755","0","0.09275684687452755"
"1","935","980","1000","1","""HK""","0.01","false","""normal""","1","""constant""","0.1","""Scale-free""","2","0","1","""uniform""","""deterministic-normal""","0","0.10000000000000009","0.30000000000000004","""normal""","-0.09999999999999998","0.8","false","""/home/ramaswamy.51/Documents/github/Spirals/Media/data/cluster/endsim/BehaviorSearch/Step6_Trial""","true","0.30000000000000004","0.4","8","0","true","true","""-1223671522""","0.11028454578917606","0.11028454578917606","0.11028454578917606","0","0.11028454578917606"
"1","936","980","1000","1","""HK""","0.01","false","""normal""","1","""constant""","0.1","""Scale-free""","2","0","1","""uniform""","""deterministic-normal""","0","0.10000000000000009","0.30000000000000004","""normal""","-0.09999999999999998","0.8","false","""/home/ramaswamy.51/Documents/github/Spirals/Media/data/cluster/endsim/BehaviorSearch/Step6_Trial""","true","0.30000000000000004","0.4","8","0","true","true","""-1411940406""","0.10702517351712794","0.10702517351712794","0.10702517351712794","0","0.10702517351712794"
"1","937","984","1000","1","""HK""","0.01","false","""normal""","1","""constant""","0.1","""Scale-free""","2","0","1","""uniform""","""deterministic-normal""","5","-0.09999999999999998","0.4","""normal""","-0.3999999999999999","0.7000000000000001","false","""/home/ramaswamy.51/Documents/github/Spirals/Media/data/cluster/endsim/BehaviorSearch/Step6_Trial""","true","0.2","0.4","8","-0.29999999999999993","true","true","""1104585295""","0.13578059706704856","0.13578059706704856","0.13578059706704856","0","0.13578059706704856"
"1","938","984","1000","1","""HK""","0.01","false","""normal""","1","""constant""","0.1","""Scale-free""","2","0","1","""uniform""","""deterministic-normal""","5","-0.09999999999999998","0.4","""normal""","-0.3999999999999999","0.7000000000000001","false","""/home/ramaswamy.51/Documents/github/Spirals/Media/data/cluster/endsim/BehaviorSearch/Step6_Trial""","true","0.2","0.4","8","-0.29999999999999993","true","true","""-207556132""","0.13427409503572982","0.13427409503572982","0.13427409503572982","0","0.13427409503572982"
"1","939","984","1000","1","""HK""","0.01","false","""normal""","1","""constant""","0.1","""Scale-free""","2","0","1","""uniform""","""deterministic-normal""","5","-0.09999999999999998","0.4","""normal""","-0.3999999999999999","0.7000000000000001","false","""/home/ramaswamy.51/Documents/github/Spirals/Media/data/cluster/endsim/BehaviorSearch/Step6_Trial""","true","0.2","0.4","8","-0.29999999999999993","true","true","""1630417532""","0.14763360712870743","0.14763360712870743","0.14763360712870743","0","0.14763360712870743"
"1","940","984","1000","1","""HK""","0.01","false","""normal""","1","""constant""","0.1","""Scale-free""","2","0","1","""uniform""","""deterministic-normal""","5","-0.09999999999999998","0.4","""normal""","-0.3999999999999999","0.7000000000000001","false","""/home/ramaswamy.51/Documents/github/Spirals/Media/data/cluster/endsim/BehaviorSearch/Step6_Trial""","true","0.2","0.4","8","-0.29999999999999993","true","true","""-1548393984""","0.14672011779063432","0.14672011779063432","0.14672011779063432","0","0.14672011779063432"
"1","941","988","1000","1","""HK""","0.060000000000000005","false","""normal""","1","""constant""","0.1","""Scale-free""","2","0","1","""uniform""","""deterministic-normal""","15","0","0.5","""normal""","-0.19999999999999996","0.8","false","""/home/ramaswamy.51/Documents/github/Spirals/Media/data/cluster/endsim/BehaviorSearch/Step6_Trial""","true","0.1","0.5","8","-0.19999999999999996","true","true","""96426812""","0.11878895991243682","0.11878895991243682","0.11878895991243682","0","0.11878895991243682"
"1","942","988","1000","1","""HK""","0.060000000000000005","false","""normal""","1","""constant""","0.1","""Scale-free""","2","0","1","""uniform""","""deterministic-normal""","15","0","0.5","""normal""","-0.19999999999999996","0.8","false","""/home/ramaswamy.51/Documents/github/Spirals/Media/data/cluster/endsim/BehaviorSearch/Step6_Trial""","true","0.1","0.5","8","-0.19999999999999996","true","true","""840919943""","0.11023086177309503","0.11023086177309503","0.11023086177309503","0","0.11023086177309503"
"1","943","988","1000","1","""HK""","0.060000000000000005","false","""normal""","1","""constant""","0.1","""Scale-free""","2","0","1","""uniform""","""deterministic-normal""","15","0","0.5","""normal""","-0.19999999999999996","0.8","false","""/home/ramaswamy.51/Documents/github/Spirals/Media/data/cluster/endsim/BehaviorSearch/Step6_Trial""","true","0.1","0.5","8","-0.19999999999999996","true","true","""-737054767""","0.12176329622692181","0.12176329622692181","0.12176329622692181","0","0.12176329622692181"
"1","944","988","1000","1","""HK""","0.060000000000000005","false","""normal""","1","""constant""","0.1","""Scale-free""","2","0","1","""uniform""","""deterministic-normal""","15","0","0.5","""normal""","-0.19999999999999996","0.8","false","""/home/ramaswamy.51/Documents/github/Spirals/Media/data/cluster/endsim/BehaviorSearch/Step6_Trial""","true","0.1","0.5","8","-0.19999999999999996","true","true","""-754442925""","0.10697389285605412","0.10697389285605412","0.10697389285605412","0","0.10697389285605412"
"1","945","992","1000","1","""HK""","0.01","false","""normal""","1","""constant""","0.1","""Scale-free""","2","0","1","""uniform""","""deterministic-normal""","10","0.10000000000000009","0.7000000000000001","""normal""","-0.09999999999999998","0.9","false","""/home/ramaswamy.51/Documents/github/Spirals/Media/data/cluster/endsim/BehaviorSearch/Step6_Trial""","true","0.2","0.5","8","-0.29999999999999993","true","true","""1532079163""","0.08943567733540286","0.08943567733540286","0.08943567733540286","0","0.08943567733540286"
"1","946","992","1000","1","""HK""","0.01","false","""normal""","1","""constant""","0.1","""Scale-free""","2","0","1","""uniform""","""deterministic-normal""","10","0.10000000000000009","0.7000000000000001","""normal""","-0.09999999999999998","0.9","false","""/home/ramaswamy.51/Documents/github/Spirals/Media/data/cluster/endsim/BehaviorSearch/Step6_Trial""","true","0.2","0.5","8","-0.29999999999999993","true","true","""-1281017059""","0.07831012805904745","0.07831012805904745","0.07831012805904745","0","0.07831012805904745"
"1","947","992","1000","1","""HK""","0.01","false","""normal""","1","""constant""","0.1","""Scale-free""","2","0","1","""uniform""","""deterministic-normal""","10","0.10000000000000009","0.7000000000000001","""normal""","-0.09999999999999998","0.9","false","""/home/ramaswamy.51/Documents/github/Spirals/Media/data/cluster/endsim/BehaviorSearch/Step6_Trial""","true","0.2","0.5","8","-0.29999999999999993","true","true","""-1698301905""","0.0955467346666483","0.0955467346666483","0.0955467346666483","0","0.0955467346666483"
"1","948","992","1000","1","""HK""","0.01","false","""normal""","1","""constant""","0.1","""Scale-free""","2","0","1","""uniform""","""deterministic-normal""","10","0.10000000000000009","0.7000000000000001","""normal""","-0.09999999999999998","0.9","false","""/home/ramaswamy.51/Documents/github/Spirals/Media/data/cluster/endsim/BehaviorSearch/Step6_Trial""","true","0.2","0.5","8","-0.29999999999999993","true","true","""1332130000""","0.09892467152472954","0.09892467152472954","0.09892467152472954","0","0.09892467152472954"
"1","949","996","1000","1","""HK""","0.060000000000000005","false","""normal""","1","""constant""","0.1","""Scale-free""","2","0","1","""uniform""","""deterministic-normal""","15","0.10000000000000009","0.4","""normal""","-0.09999999999999998","0.8","false","""/home/ramaswamy.51/Documents/github/Spirals/Media/data/cluster/endsim/BehaviorSearch/Step6_Trial""","true","0.1","0.7000000000000001","7","-0.19999999999999996","true","true","""1972458270""","0.11837729387313496","0.11837729387313496","0.11837729387313496","0","0.11837729387313496"
"1","950","996","1000","1","""HK""","0.060000000000000005","false","""normal""","1","""constant""","0.1","""Scale-free""","2","0","1","""uniform""","""deterministic-normal""","15","0.10000000000000009","0.4","""normal""","-0.09999999999999998","0.8","false","""/home/ramaswamy.51/Documents/github/Spirals/Media/data/cluster/endsim/BehaviorSearch/Step6_Trial""","true","0.1","0.7000000000000001","7","-0.19999999999999996","true","true","""-2090674580""","0.09999178462381429","0.09999178462381429","0.09999178462381429","0","0.09999178462381429"
"1","951","996","1000","1","""HK""","0.060000000000000005","false","""normal""","1","""constant""","0.1","""Scale-free""","2","0","1","""uniform""","""deterministic-normal""","15","0.10000000000000009","0.4","""normal""","-0.09999999999999998","0.8","false","""/home/ramaswamy.51/Documents/github/Spirals/Media/data/cluster/endsim/BehaviorSearch/Step6_Trial""","true","0.1","0.7000000000000001","7","-0.19999999999999996","true","true","""2089246596""","0.13315751554343488","0.13315751554343488","0.13315751554343488","0","0.13315751554343488"
"1","952","996","1000","1","""HK""","0.060000000000000005","false","""normal""","1","""constant""","0.1","""Scale-free""","2","0","1","""uniform""","""deterministic-normal""","15","0.10000000000000009","0.4","""normal""","-0.09999999999999998","0.8","false","""/home/ramaswamy.51/Documents/github/Spirals/Media/data/cluster/endsim/BehaviorSearch/Step6_Trial""","true","0.1","0.7000000000000001","7","-0.19999999999999996","true","true","""-1931612917""","0.10803957332394323","0.10803957332394323","0.10803957332394323","0","0.10803957332394323"
"1","953","1000","1000","1","""HK""","0.02","false","""normal""","1","""constant""","0.1","""Scale-free""","2","0","1","""uniform""","""deterministic-normal""","10","0.20000000000000018","0.5","""normal""","0","0.8","false","""/home/ramaswamy.51/Documents/github/Spirals/Media/data/cluster/endsim/BehaviorSearch/Step6_Trial""","true","0.2","0.7000000000000001","8","0","true","true","""248348941""","0.10595528124637617","0.10595528124637617","0.10595528124637617","0","0.10595528124637617"
"1","954","1000","1000","1","""HK""","0.02","false","""normal""","1","""constant""","0.1","""Scale-free""","2","0","1","""uniform""","""deterministic-normal""","10","0.20000000000000018","0.5","""normal""","0","0.8","false","""/home/ramaswamy.51/Documents/github/Spirals/Media/data/cluster/endsim/BehaviorSearch/Step6_Trial""","true","0.2","0.7000000000000001","8","0","true","true","""1902782119""","0.08476617246409733","0.08476617246409733","0.08476617246409733","0","0.08476617246409733"
"1","955","1000","1000","1","""HK""","0.02","false","""normal""","1","""constant""","0.1","""Scale-free""","2","0","1","""uniform""","""deterministic-normal""","10","0.20000000000000018","0.5","""normal""","0","0.8","false","""/home/ramaswamy.51/Documents/github/Spirals/Media/data/cluster/endsim/BehaviorSearch/Step6_Trial""","true","0.2","0.7000000000000001","8","0","true","true","""-61019905""","0.0884569901895066","0.0884569901895066","0.0884569901895066","0","0.0884569901895066"
"1","956","1000","1000","1","""HK""","0.02","false","""normal""","1","""constant""","0.1","""Scale-free""","2","0","1","""uniform""","""deterministic-normal""","10","0.20000000000000018","0.5","""normal""","0","0.8","false","""/home/ramaswamy.51/Documents/github/Spirals/Media/data/cluster/endsim/BehaviorSearch/Step6_Trial""","true","0.2","0.7000000000000001","8","0","true","true","""1400341515""","0.10265368883434285","0.10265368883434285","0.10265368883434285","0","0.10265368883434285"
"1","957","1004","1000","1","""HK""","0.01","false","""normal""","1","""constant""","0.1","""Scale-free""","2","0","1","""uniform""","""deterministic-normal""","10","0","0.5","""normal""","0.10000000000000009","0.8","false","""/home/ramaswamy.51/Documents/github/Spirals/Media/data/cluster/endsim/BehaviorSearch/Step6_Trial""","true","0.1","0.5","9","-0.29999999999999993","true","true","""854272048""","0.10846062030056579","0.10846062030056579","0.10846062030056579","0","0.10846062030056579"
"1","958","1004","1000","1","""HK""","0.01","false","""normal""","1","""constant""","0.1","""Scale-free""","2","0","1","""uniform""","""deterministic-normal""","10","0","0.5","""normal""","0.10000000000000009","0.8","false","""/home/ramaswamy.51/Documents/github/Spirals/Media/data/cluster/endsim/BehaviorSearch/Step6_Trial""","true","0.1","0.5","9","-0.29999999999999993","true","true","""210456542""","0.1069417991200252","0.1069417991200252","0.1069417991200252","0","0.1069417991200252"
"1","959","1004","1000","1","""HK""","0.01","false","""normal""","1","""constant""","0.1","""Scale-free""","2","0","1","""uniform""","""deterministic-normal""","10","0","0.5","""normal""","0.10000000000000009","0.8","false","""/home/ramaswamy.51/Documents/github/Spirals/Media/data/cluster/endsim/BehaviorSearch/Step6_Trial""","true","0.1","0.5","9","-0.29999999999999993","true","true","""1321983165""","0.10367775690661517","0.10367775690661517","0.10367775690661517","0","0.10367775690661517"
"1","960","1004","1000","1","""HK""","0.01","false","""normal""","1","""constant""","0.1","""Scale-free""","2","0","1","""uniform""","""deterministic-normal""","10","0","0.5","""normal""","0.10000000000000009","0.8","false","""/home/ramaswamy.51/Documents/github/Spirals/Media/data/cluster/endsim/BehaviorSearch/Step6_Trial""","true","0.1","0.5","9","-0.29999999999999993","true","true","""666645551""","0.10461197151254532","0.10461197151254532","0.10461197151254532","0","0.10461197151254532"
"1","961","1008","1000","1","""HK""","0.01","false","""normal""","1","""constant""","0.1","""Scale-free""","2","0","1","""uniform""","""deterministic-normal""","15","0","0.4","""normal""","0","0.8","false","""/home/ramaswamy.51/Documents/github/Spirals/Media/data/cluster/endsim/BehaviorSearch/Step6_Trial""","true","0.2","0.7000000000000001","6","0","true","true","""-1017576928""","0.11264910563016536","0.11264910563016536","0.11264910563016536","0","0.11264910563016536"
"1","962","1008","1000","1","""HK""","0.01","false","""normal""","1","""constant""","0.1","""Scale-free""","2","0","1","""uniform""","""deterministic-normal""","15","0","0.4","""normal""","0","0.8","false","""/home/ramaswamy.51/Documents/github/Spirals/Media/data/cluster/endsim/BehaviorSearch/Step6_Trial""","true","0.2","0.7000000000000001","6","0","true","true","""883209530""","0.10659251862166834","0.10659251862166834","0.10659251862166834","0","0.10659251862166834"
"1","963","1008","1000","1","""HK""","0.01","false","""normal""","1","""constant""","0.1","""Scale-free""","2","0","1","""uniform""","""deterministic-normal""","15","0","0.4","""normal""","0","0.8","false","""/home/ramaswamy.51/Documents/github/Spirals/Media/data/cluster/endsim/BehaviorSearch/Step6_Trial""","true","0.2","0.7000000000000001","6","0","true","true","""888347541""","0.08928813284803029","0.08928813284803029","0.08928813284803029","0","0.08928813284803029"
"1","964","1008","1000","1","""HK""","0.01","false","""normal""","1","""constant""","0.1","""Scale-free""","2","0","1","""uniform""","""deterministic-normal""","15","0","0.4","""normal""","0","0.8","false","""/home/ramaswamy.51/Documents/github/Spirals/Media/data/cluster/endsim/BehaviorSearch/Step6_Trial""","true","0.2","0.7000000000000001","6","0","true","true","""-1869798666""","0.10167377087622087","0.10167377087622087","0.10167377087622087","0","0.10167377087622087"
"1","965","1012","1000","1","""HK""","0.01","false","""normal""","1","""constant""","0.1","""Scale-free""","2","0","1","""uniform""","""deterministic-normal""","5","0","0.4","""normal""","0","0.8","false","""/home/ramaswamy.51/Documents/github/Spirals/Media/data/cluster/endsim/BehaviorSearch/Step6_Trial""","true","0.1","0.6000000000000001","6","0","true","true","""-2064444983""","0.09411229571073619","0.09411229571073619","0.09411229571073619","0","0.09411229571073619"
"1","966","1012","1000","1","""HK""","0.01","false","""normal""","1","""constant""","0.1","""Scale-free""","2","0","1","""uniform""","""deterministic-normal""","5","0","0.4","""normal""","0","0.8","false","""/home/ramaswamy.51/Documents/github/Spirals/Media/data/cluster/endsim/BehaviorSearch/Step6_Trial""","true","0.1","0.6000000000000001","6","0","true","true","""1421149972""","0.10159139735786368","0.10159139735786368","0.10159139735786368","0","0.10159139735786368"
"1","967","1012","1000","1","""HK""","0.01","false","""normal""","1","""constant""","0.1","""Scale-free""","2","0","1","""uniform""","""deterministic-normal""","5","0","0.4","""normal""","0","0.8","false","""/home/ramaswamy.51/Documents/github/Spirals/Media/data/cluster/endsim/BehaviorSearch/Step6_Trial""","true","0.1","0.6000000000000001","6","0","true","true","""-471318615""","0.11511294627456942","0.11511294627456942","0.11511294627456942","0","0.11511294627456942"
"1","968","1012","1000","1","""HK""","0.01","false","""normal""","1","""constant""","0.1","""Scale-free""","2","0","1","""uniform""","""deterministic-normal""","5","0","0.4","""normal""","0","0.8","false","""/home/ramaswamy.51/Documents/github/Spirals/Media/data/cluster/endsim/BehaviorSearch/Step6_Trial""","true","0.1","0.6000000000000001","6","0","true","true","""1655464141""","0.12346037861742472","0.12346037861742472","0.12346037861742472","0","0.12346037861742472"
"1","969","1016","1000","1","""HK""","0.01","false","""normal""","1","""constant""","0.1","""Scale-free""","2","0","1","""uniform""","""deterministic-normal""","10","0","0.4","""normal""","-0.09999999999999998","0.8","false","""/home/ramaswamy.51/Documents/github/Spirals/Media/data/cluster/endsim/BehaviorSearch/Step6_Trial""","true","0.1","0.7000000000000001","7","-0.09999999999999998","true","true","""-711226065""","0.08457858409017868","0.08457858409017868","0.08457858409017868","0","0.08457858409017868"
"1","970","1016","1000","1","""HK""","0.01","false","""normal""","1","""constant""","0.1","""Scale-free""","2","0","1","""uniform""","""deterministic-normal""","10","0","0.4","""normal""","-0.09999999999999998","0.8","false","""/home/ramaswamy.51/Documents/github/Spirals/Media/data/cluster/endsim/BehaviorSearch/Step6_Trial""","true","0.1","0.7000000000000001","7","-0.09999999999999998","true","true","""1939310240""","0.10998457451612101","0.10998457451612101","0.10998457451612101","0","0.10998457451612101"
"1","971","1016","1000","1","""HK""","0.01","false","""normal""","1","""constant""","0.1","""Scale-free""","2","0","1","""uniform""","""deterministic-normal""","10","0","0.4","""normal""","-0.09999999999999998","0.8","false","""/home/ramaswamy.51/Documents/github/Spirals/Media/data/cluster/endsim/BehaviorSearch/Step6_Trial""","true","0.1","0.7000000000000001","7","-0.09999999999999998","true","true","""1184089342""","0.09013360826515174","0.09013360826515174","0.09013360826515174","0","0.09013360826515174"
"1","972","1016","1000","1","""HK""","0.01","false","""normal""","1","""constant""","0.1","""Scale-free""","2","0","1","""uniform""","""deterministic-normal""","10","0","0.4","""normal""","-0.09999999999999998","0.8","false","""/home/ramaswamy.51/Documents/github/Spirals/Media/data/cluster/endsim/BehaviorSearch/Step6_Trial""","true","0.1","0.7000000000000001","7","-0.09999999999999998","true","true","""-359219863""","0.09902078443444141","0.09902078443444141","0.09902078443444141","0","0.09902078443444141"
"1","973","1020","1000","1","""HK""","0.01","false","""normal""","1","""constant""","0.1","""Scale-free""","2","0","1","""uniform""","""deterministic-normal""","10","0","0.6000000000000001","""normal""","0","0.8","false","""/home/ramaswamy.51/Documents/github/Spirals/Media/data/cluster/endsim/BehaviorSearch/Step6_Trial""","true","0.2","0.4","8","0","true","true","""2008273579""","0.09079174341012076","0.09079174341012076","0.09079174341012076","0","0.09079174341012076"
"1","974","1020","1000","1","""HK""","0.01","false","""normal""","1","""constant""","0.1","""Scale-free""","2","0","1","""uniform""","""deterministic-normal""","10","0","0.6000000000000001","""normal""","0","0.8","false","""/home/ramaswamy.51/Documents/github/Spirals/Media/data/cluster/endsim/BehaviorSearch/Step6_Trial""","true","0.2","0.4","8","0","true","true","""-1165973613""","0.10556192210583797","0.10556192210583797","0.10556192210583797","0","0.10556192210583797"
"1","975","1020","1000","1","""HK""","0.01","false","""normal""","1","""constant""","0.1","""Scale-free""","2","0","1","""uniform""","""deterministic-normal""","10","0","0.6000000000000001","""normal""","0","0.8","false","""/home/ramaswamy.51/Documents/github/Spirals/Media/data/cluster/endsim/BehaviorSearch/Step6_Trial""","true","0.2","0.4","8","0","true","true","""-1614579786""","0.0979135976426744","0.0979135976426744","0.0979135976426744","0","0.0979135976426744"
"1","976","1020","1000","1","""HK""","0.01","false","""normal""","1","""constant""","0.1","""Scale-free""","2","0","1","""uniform""","""deterministic-normal""","10","0","0.6000000000000001","""normal""","0","0.8","false","""/home/ramaswamy.51/Documents/github/Spirals/Media/data/cluster/endsim/BehaviorSearch/Step6_Trial""","true","0.2","0.4","8","0","true","true","""1198156663""","0.10081124436764392","0.10081124436764392","0.10081124436764392","0","0.10081124436764392"
"1","977","1024","1000","1","""HK""","0.01","false","""normal""","1","""constant""","0.1","""Scale-free""","2","0","1","""uniform""","""deterministic-normal""","10","-0.19999999999999996","0.7000000000000001","""normal""","0","0.9","false","""/home/ramaswamy.51/Documents/github/Spirals/Media/data/cluster/endsim/BehaviorSearch/Step6_Trial""","true","0.2","0.4","9","-0.5","true","true","""-843228057""","0.08695005609686991","0.08695005609686991","0.08695005609686991","0","0.08695005609686991"
"1","978","1024","1000","1","""HK""","0.01","false","""normal""","1","""constant""","0.1","""Scale-free""","2","0","1","""uniform""","""deterministic-normal""","10","-0.19999999999999996","0.7000000000000001","""normal""","0","0.9","false","""/home/ramaswamy.51/Documents/github/Spirals/Media/data/cluster/endsim/BehaviorSearch/Step6_Trial""","true","0.2","0.4","9","-0.5","true","true","""-1915960119""","0.07282657146464432","0.07282657146464432","0.07282657146464432","0","0.07282657146464432"
"1","979","1024","1000","1","""HK""","0.01","false","""normal""","1","""constant""","0.1","""Scale-free""","2","0","1","""uniform""","""deterministic-normal""","10","-0.19999999999999996","0.7000000000000001","""normal""","0","0.9","false","""/home/ramaswamy.51/Documents/github/Spirals/Media/data/cluster/endsim/BehaviorSearch/Step6_Trial""","true","0.2","0.4","9","-0.5","true","true","""334603079""","0.079654672964732","0.079654672964732","0.079654672964732","0","0.079654672964732"
"1","980","1024","1000","1","""HK""","0.01","false","""normal""","1","""constant""","0.1","""Scale-free""","2","0","1","""uniform""","""deterministic-normal""","10","-0.19999999999999996","0.7000000000000001","""normal""","0","0.9","false","""/home/ramaswamy.51/Documents/github/Spirals/Media/data/cluster/endsim/BehaviorSearch/Step6_Trial""","true","0.2","0.4","9","-0.5","true","true","""877952169""","0.09149698133284571","0.09149698133284571","0.09149698133284571","0","0.09149698133284571"
"1","981","1032","1000","1","""HK""","0.03","false","""normal""","1","""constant""","0.1","""Scale-free""","2","0","1","""uniform""","""deterministic-normal""","10","0.10000000000000009","0.7000000000000001","""normal""","0.40000000000000013","0.9","false","""/home/ramaswamy.51/Documents/github/Spirals/Media/data/cluster/endsim/BehaviorSearch/Step6_Trial""","true","0.2","0.5","8","-0.29999999999999993","true","true","""-246966947""","0.12861466038015906","0.12861466038015906","0.12861466038015906","0","0.12861466038015906"
"1","982","1032","1000","1","""HK""","0.03","false","""normal""","1","""constant""","0.1","""Scale-free""","2","0","1","""uniform""","""deterministic-normal""","10","0.10000000000000009","0.7000000000000001","""normal""","0.40000000000000013","0.9","false","""/home/ramaswamy.51/Documents/github/Spirals/Media/data/cluster/endsim/BehaviorSearch/Step6_Trial""","true","0.2","0.5","8","-0.29999999999999993","true","true","""-1686703039""","0.12356276131937183","0.12356276131937183","0.12356276131937183","0","0.12356276131937183"
"1","983","1032","1000","1","""HK""","0.03","false","""normal""","1","""constant""","0.1","""Scale-free""","2","0","1","""uniform""","""deterministic-normal""","10","0.10000000000000009","0.7000000000000001","""normal""","0.40000000000000013","0.9","false","""/home/ramaswamy.51/Documents/github/Spirals/Media/data/cluster/endsim/BehaviorSearch/Step6_Trial""","true","0.2","0.5","8","-0.29999999999999993","true","true","""1898307532""","0.12733866149927192","0.12733866149927192","0.12733866149927192","0","0.12733866149927192"
"1","984","1032","1000","1","""HK""","0.03","false","""normal""","1","""constant""","0.1","""Scale-free""","2","0","1","""uniform""","""deterministic-normal""","10","0.10000000000000009","0.7000000000000001","""normal""","0.40000000000000013","0.9","false","""/home/ramaswamy.51/Documents/github/Spirals/Media/data/cluster/endsim/BehaviorSearch/Step6_Trial""","true","0.2","0.5","8","-0.29999999999999993","true","true","""434135047""","0.12360105266412447","0.12360105266412447","0.12360105266412447","0","0.12360105266412447"
"1","985","1036","1000","1","""HK""","0.01","false","""normal""","1","""constant""","0.2","""Scale-free""","2","0","1","""uniform""","""deterministic-normal""","10","0","0.7000000000000001","""normal""","-0.09999999999999998","0.9","false","""/home/ramaswamy.51/Documents/github/Spirals/Media/data/cluster/endsim/BehaviorSearch/Step6_Trial""","true","0.1","0.7000000000000001","7","0","true","true","""352878764""","0.16929576251550574","0.16929576251550574","0.16929576251550574","0","0.16929576251550574"
"1","986","1036","1000","1","""HK""","0.01","false","""normal""","1","""constant""","0.2","""Scale-free""","2","0","1","""uniform""","""deterministic-normal""","10","0","0.7000000000000001","""normal""","-0.09999999999999998","0.9","false","""/home/ramaswamy.51/Documents/github/Spirals/Media/data/cluster/endsim/BehaviorSearch/Step6_Trial""","true","0.1","0.7000000000000001","7","0","true","true","""-1849492037""","0.14506628020344275","0.14506628020344275","0.14506628020344275","0","0.14506628020344275"
"1","987","1036","1000","1","""HK""","0.01","false","""normal""","1","""constant""","0.2","""Scale-free""","2","0","1","""uniform""","""deterministic-normal""","10","0","0.7000000000000001","""normal""","-0.09999999999999998","0.9","false","""/home/ramaswamy.51/Documents/github/Spirals/Media/data/cluster/endsim/BehaviorSearch/Step6_Trial""","true","0.1","0.7000000000000001","7","0","true","true","""-1393026678""","0.1516063519584105","0.1516063519584105","0.1516063519584105","0","0.1516063519584105"
"1","988","1036","1000","1","""HK""","0.01","false","""normal""","1","""constant""","0.2","""Scale-free""","2","0","1","""uniform""","""deterministic-normal""","10","0","0.7000000000000001","""normal""","-0.09999999999999998","0.9","false","""/home/ramaswamy.51/Documents/github/Spirals/Media/data/cluster/endsim/BehaviorSearch/Step6_Trial""","true","0.1","0.7000000000000001","7","0","true","true","""59612255""","0.18703816298006526","0.18703816298006526","0.18703816298006526","0","0.18703816298006526"
"1","989","1040","1000","1","""HK""","0.02","false","""normal""","1","""constant""","0.1","""Scale-free""","2","0","1","""uniform""","""deterministic-normal""","15","0","0.4","""normal""","0.20000000000000018","0.7000000000000001","false","""/home/ramaswamy.51/Documents/github/Spirals/Media/data/cluster/endsim/BehaviorSearch/Step6_Trial""","true","0","0.7000000000000001","6","0","true","true","""-1615182143""","0.14145857670029108","0.14145857670029108","0.14145857670029108","0","0.14145857670029108"
"1","990","1040","1000","1","""HK""","0.02","false","""normal""","1","""constant""","0.1","""Scale-free""","2","0","1","""uniform""","""deterministic-normal""","15","0","0.4","""normal""","0.20000000000000018","0.7000000000000001","false","""/home/ramaswamy.51/Documents/github/Spirals/Media/data/cluster/endsim/BehaviorSearch/Step6_Trial""","true","0","0.7000000000000001","6","0","true","true","""-2081747979""","0.1629575524337596","0.1629575524337596","0.1629575524337596","0","0.1629575524337596"
"1","991","1040","1000","1","""HK""","0.02","false","""normal""","1","""constant""","0.1","""Scale-free""","2","0","1","""uniform""","""deterministic-normal""","15","0","0.4","""normal""","0.20000000000000018","0.7000000000000001","false","""/home/ramaswamy.51/Documents/github/Spirals/Media/data/cluster/endsim/BehaviorSearch/Step6_Trial""","true","0","0.7000000000000001","6","0","true","true","""874984047""","0.12494998577811112","0.12494998577811112","0.12494998577811112","0","0.12494998577811112"
"1","992","1040","1000","1","""HK""","0.02","false","""normal""","1","""constant""","0.1","""Scale-free""","2","0","1","""uniform""","""deterministic-normal""","15","0","0.4","""normal""","0.20000000000000018","0.7000000000000001","false","""/home/ramaswamy.51/Documents/github/Spirals/Media/data/cluster/endsim/BehaviorSearch/Step6_Trial""","true","0","0.7000000000000001","6","0","true","true","""-2089272116""","0.1383182377613945","0.1383182377613945","0.1383182377613945","0","0.1383182377613945"
"1","993","1044","1000","1","""HK""","0.01","false","""normal""","1","""constant""","0.1","""Scale-free""","2","0","1","""uniform""","""deterministic-normal""","15","0","0.4","""normal""","-0.09999999999999998","0.8","false","""/home/ramaswamy.51/Documents/github/Spirals/Media/data/cluster/endsim/BehaviorSearch/Step6_Trial""","true","0.1","0.7000000000000001","7","-0.09999999999999998","true","true","""-303279625""","0.1070040500491746","0.1070040500491746","0.1070040500491746","0","0.1070040500491746"
"1","994","1044","1000","1","""HK""","0.01","false","""normal""","1","""constant""","0.1","""Scale-free""","2","0","1","""uniform""","""deterministic-normal""","15","0","0.4","""normal""","-0.09999999999999998","0.8","false","""/home/ramaswamy.51/Documents/github/Spirals/Media/data/cluster/endsim/BehaviorSearch/Step6_Trial""","true","0.1","0.7000000000000001","7","-0.09999999999999998","true","true","""-1077288787""","0.0866733748966044","0.0866733748966044","0.0866733748966044","0","0.0866733748966044"
"1","995","1044","1000","1","""HK""","0.01","false","""normal""","1","""constant""","0.1","""Scale-free""","2","0","1","""uniform""","""deterministic-normal""","15","0","0.4","""normal""","-0.09999999999999998","0.8","false","""/home/ramaswamy.51/Documents/github/Spirals/Media/data/cluster/endsim/BehaviorSearch/Step6_Trial""","true","0.1","0.7000000000000001","7","-0.09999999999999998","true","true","""-778624372""","0.10250777737711911","0.10250777737711911","0.10250777737711911","0","0.10250777737711911"
"1","996","1044","1000","1","""HK""","0.01","false","""normal""","1","""constant""","0.1","""Scale-free""","2","0","1","""uniform""","""deterministic-normal""","15","0","0.4","""normal""","-0.09999999999999998","0.8","false","""/home/ramaswamy.51/Documents/github/Spirals/Media/data/cluster/endsim/BehaviorSearch/Step6_Trial""","true","0.1","0.7000000000000001","7","-0.09999999999999998","true","true","""407277333""","0.10225936743548832","0.10225936743548832","0.10225936743548832","0","0.10225936743548832"
"1","997","1048","1000","1","""HK""","0.01","false","""normal""","1","""constant""","0.1","""Scale-free""","2","0","1","""uniform""","""deterministic-normal""","10","0.10000000000000009","0.7000000000000001","""normal""","-0.5","0.9","false","""/home/ramaswamy.51/Documents/github/Spirals/Media/data/cluster/endsim/BehaviorSearch/Step6_Trial""","true","0.2","0.5","8","-0.29999999999999993","true","true","""-1850926026""","0.12288025799643451","0.12288025799643451","0.12288025799643451","0","0.12288025799643451"
"1","998","1048","1000","1","""HK""","0.01","false","""normal""","1","""constant""","0.1","""Scale-free""","2","0","1","""uniform""","""deterministic-normal""","10","0.10000000000000009","0.7000000000000001","""normal""","-0.5","0.9","false","""/home/ramaswamy.51/Documents/github/Spirals/Media/data/cluster/endsim/BehaviorSearch/Step6_Trial""","true","0.2","0.5","8","-0.29999999999999993","true","true","""1628714994""","0.12692206552925547","0.12692206552925547","0.12692206552925547","0","0.12692206552925547"
"1","999","1048","1000","1","""HK""","0.01","false","""normal""","1","""constant""","0.1","""Scale-free""","2","0","1","""uniform""","""deterministic-normal""","10","0.10000000000000009","0.7000000000000001","""normal""","-0.5","0.9","false","""/home/ramaswamy.51/Documents/github/Spirals/Media/data/cluster/endsim/BehaviorSearch/Step6_Trial""","true","0.2","0.5","8","-0.29999999999999993","true","true","""-968251024""","0.1288559345749202","0.1288559345749202","0.1288559345749202","0","0.1288559345749202"
"1","1000","1048","1000","1","""HK""","0.01","false","""normal""","1","""constant""","0.1","""Scale-free""","2","0","1","""uniform""","""deterministic-normal""","10","0.10000000000000009","0.7000000000000001","""normal""","-0.5","0.9","false","""/home/ramaswamy.51/Documents/github/Spirals/Media/data/cluster/endsim/BehaviorSearch/Step6_Trial""","true","0.2","0.5","8","-0.29999999999999993","true","true","""1015986338""","0.14508590022785897","0.14508590022785897","0.14508590022785897","0","0.14508590022785897"
"1","1001","1052","1000","1","""HK""","0.02","false","""normal""","1","""constant""","0.1","""Scale-free""","2","0","1","""uniform""","""deterministic-normal""","10","0.40000000000000013","0.5","""normal""","-0.09999999999999998","0.8","false","""/home/ramaswamy.51/Documents/github/Spirals/Media/data/cluster/endsim/BehaviorSearch/Step6_Trial""","true","0.1","0.4","8","-0.19999999999999996","true","true","""1594260505""","0.12430495211521776","0.12430495211521776","0.12430495211521776","0","0.12430495211521776"
"1","1002","1052","1000","1","""HK""","0.02","false","""normal""","1","""constant""","0.1","""Scale-free""","2","0","1","""uniform""","""deterministic-normal""","10","0.40000000000000013","0.5","""normal""","-0.09999999999999998","0.8","false","""/home/ramaswamy.51/Documents/github/Spirals/Media/data/cluster/endsim/BehaviorSearch/Step6_Trial""","true","0.1","0.4","8","-0.19999999999999996","true","true","""-569705067""","0.08909827624209626","0.08909827624209626","0.08909827624209626","0","0.08909827624209626"
"1","1003","1052","1000","1","""HK""","0.02","false","""normal""","1","""constant""","0.1","""Scale-free""","2","0","1","""uniform""","""deterministic-normal""","10","0.40000000000000013","0.5","""normal""","-0.09999999999999998","0.8","false","""/home/ramaswamy.51/Documents/github/Spirals/Media/data/cluster/endsim/BehaviorSearch/Step6_Trial""","true","0.1","0.4","8","-0.19999999999999996","true","true","""-854294843""","0.10307909730541516","0.10307909730541516","0.10307909730541516","0","0.10307909730541516"
"1","1004","1052","1000","1","""HK""","0.02","false","""normal""","1","""constant""","0.1","""Scale-free""","2","0","1","""uniform""","""deterministic-normal""","10","0.40000000000000013","0.5","""normal""","-0.09999999999999998","0.8","false","""/home/ramaswamy.51/Documents/github/Spirals/Media/data/cluster/endsim/BehaviorSearch/Step6_Trial""","true","0.1","0.4","8","-0.19999999999999996","true","true","""-4389611""","0.08938874382040882","0.08938874382040882","0.08938874382040882","0","0.08938874382040882"
"1","1005","1056","1000","1","""HK""","0.01","false","""normal""","1","""constant""","0.1","""Scale-free""","2","0","1","""uniform""","""deterministic-normal""","10","-0.19999999999999996","0.7000000000000001","""normal""","0.20000000000000018","1","false","""/home/ramaswamy.51/Documents/github/Spirals/Media/data/cluster/endsim/BehaviorSearch/Step6_Trial""","true","0.2","0.4","9","-0.7","true","true","""-1307241849""","0.07361903489188758","0.07361903489188758","0.07361903489188758","0","0.07361903489188758"
"1","1006","1056","1000","1","""HK""","0.01","false","""normal""","1","""constant""","0.1","""Scale-free""","2","0","1","""uniform""","""deterministic-normal""","10","-0.19999999999999996","0.7000000000000001","""normal""","0.20000000000000018","1","false","""/home/ramaswamy.51/Documents/github/Spirals/Media/data/cluster/endsim/BehaviorSearch/Step6_Trial""","true","0.2","0.4","9","-0.7","true","true","""-2089163502""","0.06832561006505188","0.06832561006505188","0.06832561006505188","0","0.06832561006505188"
"1","1007","1056","1000","1","""HK""","0.01","false","""normal""","1","""constant""","0.1","""Scale-free""","2","0","1","""uniform""","""deterministic-normal""","10","-0.19999999999999996","0.7000000000000001","""normal""","0.20000000000000018","1","false","""/home/ramaswamy.51/Documents/github/Spirals/Media/data/cluster/endsim/BehaviorSearch/Step6_Trial""","true","0.2","0.4","9","-0.7","true","true","""1622141682""","0.08399065036056991","0.08399065036056991","0.08399065036056991","0","0.08399065036056991"
"1","1008","1056","1000","1","""HK""","0.01","false","""normal""","1","""constant""","0.1","""Scale-free""","2","0","1","""uniform""","""deterministic-normal""","10","-0.19999999999999996","0.7000000000000001","""normal""","0.20000000000000018","1","false","""/home/ramaswamy.51/Documents/github/Spirals/Media/data/cluster/endsim/BehaviorSearch/Step6_Trial""","true","0.2","0.4","9","-0.7","true","true","""-18977710""","0.11380098947886508","0.11380098947886508","0.11380098947886508","0","0.11380098947886508"
"1","1009","1060","1000","1","""HK""","0.01","false","""normal""","1","""constant""","0.1","""Scale-free""","2","0","1","""uniform""","""deterministic-normal""","10","-0.19999999999999996","0.7000000000000001","""normal""","0.10000000000000009","1","false","""/home/ramaswamy.51/Documents/github/Spirals/Media/data/cluster/endsim/BehaviorSearch/Step6_Trial""","true","0.2","0.4","9","-0.7","true","true","""-1885198777""","0.09052024307959947","0.09052024307959947","0.09052024307959947","0","0.09052024307959947"
"1","1010","1060","1000","1","""HK""","0.01","false","""normal""","1","""constant""","0.1","""Scale-free""","2","0","1","""uniform""","""deterministic-normal""","10","-0.19999999999999996","0.7000000000000001","""normal""","0.10000000000000009","1","false","""/home/ramaswamy.51/Documents/github/Spirals/Media/data/cluster/endsim/BehaviorSearch/Step6_Trial""","true","0.2","0.4","9","-0.7","true","true","""2076392172""","0.07635043253561337","0.07635043253561337","0.07635043253561337","0","0.07635043253561337"
"1","1011","1060","1000","1","""HK""","0.01","false","""normal""","1","""constant""","0.1","""Scale-free""","2","0","1","""uniform""","""deterministic-normal""","10","-0.19999999999999996","0.7000000000000001","""normal""","0.10000000000000009","1","false","""/home/ramaswamy.51/Documents/github/Spirals/Media/data/cluster/endsim/BehaviorSearch/Step6_Trial""","true","0.2","0.4","9","-0.7","true","true","""-92480884""","0.06479529831482818","0.06479529831482818","0.06479529831482818","0","0.06479529831482818"
"1","1012","1060","1000","1","""HK""","0.01","false","""normal""","1","""constant""","0.1","""Scale-free""","2","0","1","""uniform""","""deterministic-normal""","10","-0.19999999999999996","0.7000000000000001","""normal""","0.10000000000000009","1","false","""/home/ramaswamy.51/Documents/github/Spirals/Media/data/cluster/endsim/BehaviorSearch/Step6_Trial""","true","0.2","0.4","9","-0.7","true","true","""638619732""","0.0954048738766967","0.0954048738766967","0.0954048738766967","0","0.0954048738766967"
"1","1013","1064","1000","1","""HK""","0.060000000000000005","false","""normal""","1","""constant""","0.1","""Scale-free""","2","0","1","""uniform""","""deterministic-normal""","10","-0.19999999999999996","0.7000000000000001","""normal""","0.10000000000000009","1","false","""/home/ramaswamy.51/Documents/github/Spirals/Media/data/cluster/endsim/BehaviorSearch/Step6_Trial""","true","0.2","0.5","9","-0.7","true","true","""488268761""","0.13156666773136277","0.13156666773136277","0.13156666773136277","0","0.13156666773136277"
"1","1014","1064","1000","1","""HK""","0.060000000000000005","false","""normal""","1","""constant""","0.1","""Scale-free""","2","0","1","""uniform""","""deterministic-normal""","10","-0.19999999999999996","0.7000000000000001","""normal""","0.10000000000000009","1","false","""/home/ramaswamy.51/Documents/github/Spirals/Media/data/cluster/endsim/BehaviorSearch/Step6_Trial""","true","0.2","0.5","9","-0.7","true","true","""-36421374""","0.09621131823061735","0.09621131823061735","0.09621131823061735","0","0.09621131823061735"
"1","1015","1064","1000","1","""HK""","0.060000000000000005","false","""normal""","1","""constant""","0.1","""Scale-free""","2","0","1","""uniform""","""deterministic-normal""","10","-0.19999999999999996","0.7000000000000001","""normal""","0.10000000000000009","1","false","""/home/ramaswamy.51/Documents/github/Spirals/Media/data/cluster/endsim/BehaviorSearch/Step6_Trial""","true","0.2","0.5","9","-0.7","true","true","""1496687093""","0.12305168298122465","0.12305168298122465","0.12305168298122465","0","0.12305168298122465"
"1","1016","1064","1000","1","""HK""","0.060000000000000005","false","""normal""","1","""constant""","0.1","""Scale-free""","2","0","1","""uniform""","""deterministic-normal""","10","-0.19999999999999996","0.7000000000000001","""normal""","0.10000000000000009","1","false","""/home/ramaswamy.51/Documents/github/Spirals/Media/data/cluster/endsim/BehaviorSearch/Step6_Trial""","true","0.2","0.5","9","-0.7","true","true","""1800101720""","0.10885101465975185","0.10885101465975185","0.10885101465975185","0","0.10885101465975185"
"1","1017","1068","1000","1","""HK""","0.01","false","""normal""","1","""constant""","0.1","""Scale-free""","2","0","1","""uniform""","""deterministic-normal""","10","-0.09999999999999998","0.7000000000000001","""normal""","0.20000000000000018","1","false","""/home/ramaswamy.51/Documents/github/Spirals/Media/data/cluster/endsim/BehaviorSearch/Step6_Trial""","true","0.2","0.7000000000000001","9","-0.7","true","true","""690934863""","0.08997717263056772","0.08997717263056772","0.08997717263056772","0","0.08997717263056772"
"1","1018","1068","1000","1","""HK""","0.01","false","""normal""","1","""constant""","0.1","""Scale-free""","2","0","1","""uniform""","""deterministic-normal""","10","-0.09999999999999998","0.7000000000000001","""normal""","0.20000000000000018","1","false","""/home/ramaswamy.51/Documents/github/Spirals/Media/data/cluster/endsim/BehaviorSearch/Step6_Trial""","true","0.2","0.7000000000000001","9","-0.7","true","true","""-1821139854""","0.08593640528625611","0.08593640528625611","0.08593640528625611","0","0.08593640528625611"
"1","1019","1068","1000","1","""HK""","0.01","false","""normal""","1","""constant""","0.1","""Scale-free""","2","0","1","""uniform""","""deterministic-normal""","10","-0.09999999999999998","0.7000000000000001","""normal""","0.20000000000000018","1","false","""/home/ramaswamy.51/Documents/github/Spirals/Media/data/cluster/endsim/BehaviorSearch/Step6_Trial""","true","0.2","0.7000000000000001","9","-0.7","true","true","""-1403020384""","0.08442873633498466","0.08442873633498466","0.08442873633498466","0","0.08442873633498466"
"1","1020","1068","1000","1","""HK""","0.01","false","""normal""","1","""constant""","0.1","""Scale-free""","2","0","1","""uniform""","""deterministic-normal""","10","-0.09999999999999998","0.7000000000000001","""normal""","0.20000000000000018","1","false","""/home/ramaswamy.51/Documents/github/Spirals/Media/data/cluster/endsim/BehaviorSearch/Step6_Trial""","true","0.2","0.7000000000000001","9","-0.7","true","true","""-298238410""","0.06552511257696587","0.06552511257696587","0.06552511257696587","0","0.06552511257696587"
"1","1021","1072","1000","1","""HK""","0.01","false","""normal""","1","""constant""","0.2","""Scale-free""","2","0","1","""uniform""","""deterministic-normal""","10","-0.09999999999999998","0.7000000000000001","""normal""","0","1","false","""/home/ramaswamy.51/Documents/github/Spirals/Media/data/cluster/endsim/BehaviorSearch/Step6_Trial""","true","0.30000000000000004","0.7000000000000001","9","-0.7","true","true","""1733042629""","0.20247002568682884","0.20247002568682884","0.20247002568682884","0","0.20247002568682884"
"1","1022","1072","1000","1","""HK""","0.01","false","""normal""","1","""constant""","0.2","""Scale-free""","2","0","1","""uniform""","""deterministic-normal""","10","-0.09999999999999998","0.7000000000000001","""normal""","0","1","false","""/home/ramaswamy.51/Documents/github/Spirals/Media/data/cluster/endsim/BehaviorSearch/Step6_Trial""","true","0.30000000000000004","0.7000000000000001","9","-0.7","true","true","""875961595""","0.17751314746947242","0.17751314746947242","0.17751314746947242","0","0.17751314746947242"
"1","1023","1072","1000","1","""HK""","0.01","false","""normal""","1","""constant""","0.2","""Scale-free""","2","0","1","""uniform""","""deterministic-normal""","10","-0.09999999999999998","0.7000000000000001","""normal""","0","1","false","""/home/ramaswamy.51/Documents/github/Spirals/Media/data/cluster/endsim/BehaviorSearch/Step6_Trial""","true","0.30000000000000004","0.7000000000000001","9","-0.7","true","true","""1614704986""","0.18147397269953922","0.18147397269953922","0.18147397269953922","0","0.18147397269953922"
"1","1024","1072","1000","1","""HK""","0.01","false","""normal""","1","""constant""","0.2","""Scale-free""","2","0","1","""uniform""","""deterministic-normal""","10","-0.09999999999999998","0.7000000000000001","""normal""","0","1","false","""/home/ramaswamy.51/Documents/github/Spirals/Media/data/cluster/endsim/BehaviorSearch/Step6_Trial""","true","0.30000000000000004","0.7000000000000001","9","-0.7","true","true","""2041613379""","0.2134127733450017","0.2134127733450017","0.2134127733450017","0","0.2134127733450017"
"1","1025","1076","1000","1","""HK""","0.01","false","""normal""","1","""constant""","0.1","""Scale-free""","2","0","1","""uniform""","""deterministic-normal""","10","-0.19999999999999996","0.7000000000000001","""normal""","0.20000000000000018","1","false","""/home/ramaswamy.51/Documents/github/Spirals/Media/data/cluster/endsim/BehaviorSearch/Step6_Trial""","true","0.4","0.4","9","-0.7","true","true","""-2021328608""","0.1076105669010354","0.1076105669010354","0.1076105669010354","0","0.1076105669010354"
"1","1026","1076","1000","1","""HK""","0.01","false","""normal""","1","""constant""","0.1","""Scale-free""","2","0","1","""uniform""","""deterministic-normal""","10","-0.19999999999999996","0.7000000000000001","""normal""","0.20000000000000018","1","false","""/home/ramaswamy.51/Documents/github/Spirals/Media/data/cluster/endsim/BehaviorSearch/Step6_Trial""","true","0.4","0.4","9","-0.7","true","true","""-497535528""","0.08865650690875958","0.08865650690875958","0.08865650690875958","0","0.08865650690875958"
"1","1027","1076","1000","1","""HK""","0.01","false","""normal""","1","""constant""","0.1","""Scale-free""","2","0","1","""uniform""","""deterministic-normal""","10","-0.19999999999999996","0.7000000000000001","""normal""","0.20000000000000018","1","false","""/home/ramaswamy.51/Documents/github/Spirals/Media/data/cluster/endsim/BehaviorSearch/Step6_Trial""","true","0.4","0.4","9","-0.7","true","true","""-931272718""","0.07186022367900986","0.07186022367900986","0.07186022367900986","0","0.07186022367900986"
"1","1028","1076","1000","1","""HK""","0.01","false","""normal""","1","""constant""","0.1","""Scale-free""","2","0","1","""uniform""","""deterministic-normal""","10","-0.19999999999999996","0.7000000000000001","""normal""","0.20000000000000018","1","false","""/home/ramaswamy.51/Documents/github/Spirals/Media/data/cluster/endsim/BehaviorSearch/Step6_Trial""","true","0.4","0.4","9","-0.7","true","true","""869481728""","0.07341331256266939","0.07341331256266939","0.07341331256266939","0","0.07341331256266939"
"1","1029","1080","1000","1","""HK""","0.01","false","""normal""","1","""constant""","0.1","""Scale-free""","2","0","1","""uniform""","""deterministic-normal""","10","0","0.7000000000000001","""normal""","-0.09999999999999998","0.9","false","""/home/ramaswamy.51/Documents/github/Spirals/Media/data/cluster/endsim/BehaviorSearch/Step6_Trial""","true","0.2","0.4","9","-0.5","true","true","""-1722887766""","0.10079791289979897","0.10079791289979897","0.10079791289979897","0","0.10079791289979897"
"1","1030","1080","1000","1","""HK""","0.01","false","""normal""","1","""constant""","0.1","""Scale-free""","2","0","1","""uniform""","""deterministic-normal""","10","0","0.7000000000000001","""normal""","-0.09999999999999998","0.9","false","""/home/ramaswamy.51/Documents/github/Spirals/Media/data/cluster/endsim/BehaviorSearch/Step6_Trial""","true","0.2","0.4","9","-0.5","true","true","""-863903816""","0.09296252186819474","0.09296252186819474","0.09296252186819474","0","0.09296252186819474"
"1","1031","1080","1000","1","""HK""","0.01","false","""normal""","1","""constant""","0.1","""Scale-free""","2","0","1","""uniform""","""deterministic-normal""","10","0","0.7000000000000001","""normal""","-0.09999999999999998","0.9","false","""/home/ramaswamy.51/Documents/github/Spirals/Media/data/cluster/endsim/BehaviorSearch/Step6_Trial""","true","0.2","0.4","9","-0.5","true","true","""1081718700""","0.09954309714705274","0.09954309714705274","0.09954309714705274","0","0.09954309714705274"
"1","1032","1080","1000","1","""HK""","0.01","false","""normal""","1","""constant""","0.1","""Scale-free""","2","0","1","""uniform""","""deterministic-normal""","10","0","0.7000000000000001","""normal""","-0.09999999999999998","0.9","false","""/home/ramaswamy.51/Documents/github/Spirals/Media/data/cluster/endsim/BehaviorSearch/Step6_Trial""","true","0.2","0.4","9","-0.5","true","true","""-1650112735""","0.07125986005002445","0.07125986005002445","0.07125986005002445","0","0.07125986005002445"
"1","1033","1084","1000","1","""HK""","0.01","false","""normal""","1","""constant""","0","""Scale-free""","2","0","1","""uniform""","""deterministic-normal""","15","0","0.4","""normal""","-0.09999999999999998","0.9","false","""/home/ramaswamy.51/Documents/github/Spirals/Media/data/cluster/endsim/BehaviorSearch/Step6_Trial""","true","0.2","0.7000000000000001","7","-0.09999999999999998","true","true","""-575619565""","0.16138693805109494","0.16138693805109494","0.16138693805109494","0","0.16138693805109494"
"1","1034","1084","1000","1","""HK""","0.01","false","""normal""","1","""constant""","0","""Scale-free""","2","0","1","""uniform""","""deterministic-normal""","15","0","0.4","""normal""","-0.09999999999999998","0.9","false","""/home/ramaswamy.51/Documents/github/Spirals/Media/data/cluster/endsim/BehaviorSearch/Step6_Trial""","true","0.2","0.7000000000000001","7","-0.09999999999999998","true","true","""2059047669""","0.1582083579013347","0.1582083579013347","0.1582083579013347","0","0.1582083579013347"
"1","1035","1084","1000","1","""HK""","0.01","false","""normal""","1","""constant""","0","""Scale-free""","2","0","1","""uniform""","""deterministic-normal""","15","0","0.4","""normal""","-0.09999999999999998","0.9","false","""/home/ramaswamy.51/Documents/github/Spirals/Media/data/cluster/endsim/BehaviorSearch/Step6_Trial""","true","0.2","0.7000000000000001","7","-0.09999999999999998","true","true","""-471709952""","0.14001954616674217","0.14001954616674217","0.14001954616674217","0","0.14001954616674217"
"1","1036","1084","1000","1","""HK""","0.01","false","""normal""","1","""constant""","0","""Scale-free""","2","0","1","""uniform""","""deterministic-normal""","15","0","0.4","""normal""","-0.09999999999999998","0.9","false","""/home/ramaswamy.51/Documents/github/Spirals/Media/data/cluster/endsim/BehaviorSearch/Step6_Trial""","true","0.2","0.7000000000000001","7","-0.09999999999999998","true","true","""-607717074""","0.17972358229809393","0.17972358229809393","0.17972358229809393","0","0.17972358229809393"
"1","1037","1088","1000","1","""HK""","0.04","false","""normal""","1","""constant""","0.1","""Scale-free""","2","0","1","""uniform""","""deterministic-normal""","10","0","0.7000000000000001","""normal""","-0.09999999999999998","0.9","false","""/home/ramaswamy.51/Documents/github/Spirals/Media/data/cluster/endsim/BehaviorSearch/Step6_Trial""","true","0.2","0.4","8","-0.5","true","true","""-559328683""","0.08782741577411542","0.08782741577411542","0.08782741577411542","0","0.08782741577411542"
"1","1038","1088","1000","1","""HK""","0.04","false","""normal""","1","""constant""","0.1","""Scale-free""","2","0","1","""uniform""","""deterministic-normal""","10","0","0.7000000000000001","""normal""","-0.09999999999999998","0.9","false","""/home/ramaswamy.51/Documents/github/Spirals/Media/data/cluster/endsim/BehaviorSearch/Step6_Trial""","true","0.2","0.4","8","-0.5","true","true","""-952262446""","0.08632390366304618","0.08632390366304618","0.08632390366304618","0","0.08632390366304618"
"1","1039","1088","1000","1","""HK""","0.04","false","""normal""","1","""constant""","0.1","""Scale-free""","2","0","1","""uniform""","""deterministic-normal""","10","0","0.7000000000000001","""normal""","-0.09999999999999998","0.9","false","""/home/ramaswamy.51/Documents/github/Spirals/Media/data/cluster/endsim/BehaviorSearch/Step6_Trial""","true","0.2","0.4","8","-0.5","true","true","""-1364586435""","0.09597009799694174","0.09597009799694174","0.09597009799694174","0","0.09597009799694174"
"1","1040","1088","1000","1","""HK""","0.04","false","""normal""","1","""constant""","0.1","""Scale-free""","2","0","1","""uniform""","""deterministic-normal""","10","0","0.7000000000000001","""normal""","-0.09999999999999998","0.9","false","""/home/ramaswamy.51/Documents/github/Spirals/Media/data/cluster/endsim/BehaviorSearch/Step6_Trial""","true","0.2","0.4","8","-0.5","true","true","""1343568878""","0.08938002409534075","0.08938002409534075","0.08938002409534075","0","0.08938002409534075"
"1","1041","1092","1000","1","""HK""","0.02","false","""normal""","1","""constant""","0.2","""Scale-free""","2","0","1","""uniform""","""deterministic-normal""","10","-0.09999999999999998","0.7000000000000001","""normal""","-0.09999999999999998","0.9","false","""/home/ramaswamy.51/Documents/github/Spirals/Media/data/cluster/endsim/BehaviorSearch/Step6_Trial""","true","0.1","0.7000000000000001","7","0","true","true","""779178765""","0.19486503204430952","0.19486503204430952","0.19486503204430952","0","0.19486503204430952"
"1","1042","1092","1000","1","""HK""","0.02","false","""normal""","1","""constant""","0.2","""Scale-free""","2","0","1","""uniform""","""deterministic-normal""","10","-0.09999999999999998","0.7000000000000001","""normal""","-0.09999999999999998","0.9","false","""/home/ramaswamy.51/Documents/github/Spirals/Media/data/cluster/endsim/BehaviorSearch/Step6_Trial""","true","0.1","0.7000000000000001","7","0","true","true","""1630818609""","0.14884305471499493","0.14884305471499493","0.14884305471499493","0","0.14884305471499493"
"1","1043","1092","1000","1","""HK""","0.02","false","""normal""","1","""constant""","0.2","""Scale-free""","2","0","1","""uniform""","""deterministic-normal""","10","-0.09999999999999998","0.7000000000000001","""normal""","-0.09999999999999998","0.9","false","""/home/ramaswamy.51/Documents/github/Spirals/Media/data/cluster/endsim/BehaviorSearch/Step6_Trial""","true","0.1","0.7000000000000001","7","0","true","true","""602792673""","0.17117682611973628","0.17117682611973628","0.17117682611973628","0","0.17117682611973628"
"1","1044","1092","1000","1","""HK""","0.02","false","""normal""","1","""constant""","0.2","""Scale-free""","2","0","1","""uniform""","""deterministic-normal""","10","-0.09999999999999998","0.7000000000000001","""normal""","-0.09999999999999998","0.9","false","""/home/ramaswamy.51/Documents/github/Spirals/Media/data/cluster/endsim/BehaviorSearch/Step6_Trial""","true","0.1","0.7000000000000001","7","0","true","true","""486084390""","0.17695338912630257","0.17695338912630257","0.17695338912630257","0","0.17695338912630257"
"1","1045","1096","1000","1","""HK""","0.01","false","""normal""","1","""constant""","0.1","""Scale-free""","3","0","1","""uniform""","""deterministic-normal""","10","-0.09999999999999998","0.7000000000000001","""normal""","-0.09999999999999998","0.9","false","""/home/ramaswamy.51/Documents/github/Spirals/Media/data/cluster/endsim/BehaviorSearch/Step6_Trial""","true","0.2","0.4","8","-0.5","true","true","""-687303790""","0.06785905429145347","0.06785905429145347","0.06785905429145347","0","0.06785905429145347"
"1","1046","1096","1000","1","""HK""","0.01","false","""normal""","1","""constant""","0.1","""Scale-free""","3","0","1","""uniform""","""deterministic-normal""","10","-0.09999999999999998","0.7000000000000001","""normal""","-0.09999999999999998","0.9","false","""/home/ramaswamy.51/Documents/github/Spirals/Media/data/cluster/endsim/BehaviorSearch/Step6_Trial""","true","0.2","0.4","8","-0.5","true","true","""418671573""","0.11515349595725805","0.11515349595725805","0.11515349595725805","0","0.11515349595725805"
"1","1047","1096","1000","1","""HK""","0.01","false","""normal""","1","""constant""","0.1","""Scale-free""","3","0","1","""uniform""","""deterministic-normal""","10","-0.09999999999999998","0.7000000000000001","""normal""","-0.09999999999999998","0.9","false","""/home/ramaswamy.51/Documents/github/Spirals/Media/data/cluster/endsim/BehaviorSearch/Step6_Trial""","true","0.2","0.4","8","-0.5","true","true","""-298971908""","0.08662748545006041","0.08662748545006041","0.08662748545006041","0","0.08662748545006041"
"1","1048","1096","1000","1","""HK""","0.01","false","""normal""","1","""constant""","0.1","""Scale-free""","3","0","1","""uniform""","""deterministic-normal""","10","-0.09999999999999998","0.7000000000000001","""normal""","-0.09999999999999998","0.9","false","""/home/ramaswamy.51/Documents/github/Spirals/Media/data/cluster/endsim/BehaviorSearch/Step6_Trial""","true","0.2","0.4","8","-0.5","true","true","""-1552095019""","0.09202751579474996","0.09202751579474996","0.09202751579474996","0","0.09202751579474996"
"1","1049","1100","1000","1","""HK""","0.03","false","""normal""","1","""constant""","0.1","""Scale-free""","2","0","1","""uniform""","""deterministic-normal""","10","-0.19999999999999996","0.7000000000000001","""normal""","0.20000000000000018","1","false","""/home/ramaswamy.51/Documents/github/Spirals/Media/data/cluster/endsim/BehaviorSearch/Step6_Trial""","true","0.2","0.4","9","-0.7","true","true","""-1795630652""","0.0757837066144324","0.0757837066144324","0.0757837066144324","0","0.0757837066144324"
"1","1050","1100","1000","1","""HK""","0.03","false","""normal""","1","""constant""","0.1","""Scale-free""","2","0","1","""uniform""","""deterministic-normal""","10","-0.19999999999999996","0.7000000000000001","""normal""","0.20000000000000018","1","false","""/home/ramaswamy.51/Documents/github/Spirals/Media/data/cluster/endsim/BehaviorSearch/Step6_Trial""","true","0.2","0.4","9","-0.7","true","true","""169354816""","0.08630252709692511","0.08630252709692511","0.08630252709692511","0","0.08630252709692511"
"1","1051","1100","1000","1","""HK""","0.03","false","""normal""","1","""constant""","0.1","""Scale-free""","2","0","1","""uniform""","""deterministic-normal""","10","-0.19999999999999996","0.7000000000000001","""normal""","0.20000000000000018","1","false","""/home/ramaswamy.51/Documents/github/Spirals/Media/data/cluster/endsim/BehaviorSearch/Step6_Trial""","true","0.2","0.4","9","-0.7","true","true","""357182149""","0.10813225418072979","0.10813225418072979","0.10813225418072979","0","0.10813225418072979"
"1","1052","1100","1000","1","""HK""","0.03","false","""normal""","1","""constant""","0.1","""Scale-free""","2","0","1","""uniform""","""deterministic-normal""","10","-0.19999999999999996","0.7000000000000001","""normal""","0.20000000000000018","1","false","""/home/ramaswamy.51/Documents/github/Spirals/Media/data/cluster/endsim/BehaviorSearch/Step6_Trial""","true","0.2","0.4","9","-0.7","true","true","""-987762108""","0.09202987346740962","0.09202987346740962","0.09202987346740962","0","0.09202987346740962"
"1","1053","1104","1000","1","""HK""","0.01","false","""normal""","1","""constant""","0.1","""Scale-free""","2","0","1","""uniform""","""deterministic-normal""","10","0","0.7000000000000001","""normal""","-0.09999999999999998","0.8","false","""/home/ramaswamy.51/Documents/github/Spirals/Media/data/cluster/endsim/BehaviorSearch/Step6_Trial""","true","0.30000000000000004","0.4","9","-0.29999999999999993","true","true","""-1328701573""","0.09702996935276388","0.09702996935276388","0.09702996935276388","0","0.09702996935276388"
"1","1054","1104","1000","1","""HK""","0.01","false","""normal""","1","""constant""","0.1","""Scale-free""","2","0","1","""uniform""","""deterministic-normal""","10","0","0.7000000000000001","""normal""","-0.09999999999999998","0.8","false","""/home/ramaswamy.51/Documents/github/Spirals/Media/data/cluster/endsim/BehaviorSearch/Step6_Trial""","true","0.30000000000000004","0.4","9","-0.29999999999999993","true","true","""-1463001190""","0.10126556476696205","0.10126556476696205","0.10126556476696205","0","0.10126556476696205"
"1","1055","1104","1000","1","""HK""","0.01","false","""normal""","1","""constant""","0.1","""Scale-free""","2","0","1","""uniform""","""deterministic-normal""","10","0","0.7000000000000001","""normal""","-0.09999999999999998","0.8","false","""/home/ramaswamy.51/Documents/github/Spirals/Media/data/cluster/endsim/BehaviorSearch/Step6_Trial""","true","0.30000000000000004","0.4","9","-0.29999999999999993","true","true","""1581658138""","0.1024474010962563","0.1024474010962563","0.1024474010962563","0","0.1024474010962563"
"1","1056","1104","1000","1","""HK""","0.01","false","""normal""","1","""constant""","0.1","""Scale-free""","2","0","1","""uniform""","""deterministic-normal""","10","0","0.7000000000000001","""normal""","-0.09999999999999998","0.8","false","""/home/ramaswamy.51/Documents/github/Spirals/Media/data/cluster/endsim/BehaviorSearch/Step6_Trial""","true","0.30000000000000004","0.4","9","-0.29999999999999993","true","true","""1017630086""","0.10901009361260057","0.10901009361260057","0.10901009361260057","0","0.10901009361260057"
"1","1057","1108","1000","1","""HK""","0.01","false","""normal""","1","""constant""","0.1","""Scale-free""","2","0","1","""uniform""","""deterministic-normal""","10","0","0.7000000000000001","""normal""","-0.09999999999999998","0.9","false","""/home/ramaswamy.51/Documents/github/Spirals/Media/data/cluster/endsim/BehaviorSearch/Step6_Trial""","true","0.2","0.4","9","-1","true","true","""518003038""","0.07259250089673609","0.07259250089673609","0.07259250089673609","0","0.07259250089673609"
"1","1058","1108","1000","1","""HK""","0.01","false","""normal""","1","""constant""","0.1","""Scale-free""","2","0","1","""uniform""","""deterministic-normal""","10","0","0.7000000000000001","""normal""","-0.09999999999999998","0.9","false","""/home/ramaswamy.51/Documents/github/Spirals/Media/data/cluster/endsim/BehaviorSearch/Step6_Trial""","true","0.2","0.4","9","-1","true","true","""-1909539037""","0.06268550768844999","0.06268550768844999","0.06268550768844999","0","0.06268550768844999"
"1","1059","1108","1000","1","""HK""","0.01","false","""normal""","1","""constant""","0.1","""Scale-free""","2","0","1","""uniform""","""deterministic-normal""","10","0","0.7000000000000001","""normal""","-0.09999999999999998","0.9","false","""/home/ramaswamy.51/Documents/github/Spirals/Media/data/cluster/endsim/BehaviorSearch/Step6_Trial""","true","0.2","0.4","9","-1","true","true","""335169251""","0.05843854882892637","0.05843854882892637","0.05843854882892637","0","0.05843854882892637"
"1","1060","1108","1000","1","""HK""","0.01","false","""normal""","1","""constant""","0.1","""Scale-free""","2","0","1","""uniform""","""deterministic-normal""","10","0","0.7000000000000001","""normal""","-0.09999999999999998","0.9","false","""/home/ramaswamy.51/Documents/github/Spirals/Media/data/cluster/endsim/BehaviorSearch/Step6_Trial""","true","0.2","0.4","9","-1","true","true","""-1284613621""","0.0877803810272038","0.0877803810272038","0.0877803810272038","0","0.0877803810272038"
"1","1061","1112","1000","1","""HK""","0.01","false","""normal""","1","""constant""","0.1","""Scale-free""","2","0","1","""uniform""","""deterministic-normal""","10","-0.09999999999999998","0.7000000000000001","""normal""","0.20000000000000018","1","false","""/home/ramaswamy.51/Documents/github/Spirals/Media/data/cluster/endsim/BehaviorSearch/Step6_Trial""","true","0.2","0.7000000000000001","9","-1","true","true","""-934904683""","0.1074032533951245","0.1074032533951245","0.1074032533951245","0","0.1074032533951245"
"1","1062","1112","1000","1","""HK""","0.01","false","""normal""","1","""constant""","0.1","""Scale-free""","2","0","1","""uniform""","""deterministic-normal""","10","-0.09999999999999998","0.7000000000000001","""normal""","0.20000000000000018","1","false","""/home/ramaswamy.51/Documents/github/Spirals/Media/data/cluster/endsim/BehaviorSearch/Step6_Trial""","true","0.2","0.7000000000000001","9","-1","true","true","""97204418""","0.08217251953828786","0.08217251953828786","0.08217251953828786","0","0.08217251953828786"
"1","1063","1112","1000","1","""HK""","0.01","false","""normal""","1","""constant""","0.1","""Scale-free""","2","0","1","""uniform""","""deterministic-normal""","10","-0.09999999999999998","0.7000000000000001","""normal""","0.20000000000000018","1","false","""/home/ramaswamy.51/Documents/github/Spirals/Media/data/cluster/endsim/BehaviorSearch/Step6_Trial""","true","0.2","0.7000000000000001","9","-1","true","true","""-803753251""","0.09010425240918511","0.09010425240918511","0.09010425240918511","0","0.09010425240918511"
"1","1064","1112","1000","1","""HK""","0.01","false","""normal""","1","""constant""","0.1","""Scale-free""","2","0","1","""uniform""","""deterministic-normal""","10","-0.09999999999999998","0.7000000000000001","""normal""","0.20000000000000018","1","false","""/home/ramaswamy.51/Documents/github/Spirals/Media/data/cluster/endsim/BehaviorSearch/Step6_Trial""","true","0.2","0.7000000000000001","9","-1","true","true","""-500950645""","0.08112973617112094","0.08112973617112094","0.08112973617112094","0","0.08112973617112094"
"1","1065","1116","1000","1","""HK""","0.03","false","""normal""","1","""constant""","0.1","""Scale-free""","2","0","1","""uniform""","""deterministic-normal""","10","-0.19999999999999996","0.7000000000000001","""normal""","0.20000000000000018","1","false","""/home/ramaswamy.51/Documents/github/Spirals/Media/data/cluster/endsim/BehaviorSearch/Step6_Trial""","true","0.1","0.4","8","-0.7","true","true","""-371231373""","0.09086746863009748","0.09086746863009748","0.09086746863009748","0","0.09086746863009748"
"1","1066","1116","1000","1","""HK""","0.03","false","""normal""","1","""constant""","0.1","""Scale-free""","2","0","1","""uniform""","""deterministic-normal""","10","-0.19999999999999996","0.7000000000000001","""normal""","0.20000000000000018","1","false","""/home/ramaswamy.51/Documents/github/Spirals/Media/data/cluster/endsim/BehaviorSearch/Step6_Trial""","true","0.1","0.4","8","-0.7","true","true","""-423110485""","0.094247287552794","0.094247287552794","0.094247287552794","0","0.094247287552794"
"1","1067","1116","1000","1","""HK""","0.03","false","""normal""","1","""constant""","0.1","""Scale-free""","2","0","1","""uniform""","""deterministic-normal""","10","-0.19999999999999996","0.7000000000000001","""normal""","0.20000000000000018","1","false","""/home/ramaswamy.51/Documents/github/Spirals/Media/data/cluster/endsim/BehaviorSearch/Step6_Trial""","true","0.1","0.4","8","-0.7","true","true","""1356509698""","0.08504900226313168","0.08504900226313168","0.08504900226313168","0","0.08504900226313168"
"1","1068","1116","1000","1","""HK""","0.03","false","""normal""","1","""constant""","0.1","""Scale-free""","2","0","1","""uniform""","""deterministic-normal""","10","-0.19999999999999996","0.7000000000000001","""normal""","0.20000000000000018","1","false","""/home/ramaswamy.51/Documents/github/Spirals/Media/data/cluster/endsim/BehaviorSearch/Step6_Trial""","true","0.1","0.4","8","-0.7","true","true","""1571352713""","0.07125255979756895","0.07125255979756895","0.07125255979756895","0","0.07125255979756895"
"1","1069","1120","1000","1","""HK""","0.01","false","""normal""","1","""constant""","0.1","""Scale-free""","2","0","1","""uniform""","""deterministic-normal""","5","0","0.7000000000000001","""normal""","-0.19999999999999996","0.9","false","""/home/ramaswamy.51/Documents/github/Spirals/Media/data/cluster/endsim/BehaviorSearch/Step6_Trial""","true","0.2","0.30000000000000004","9","-0.29999999999999993","true","true","""-846700947""","0.06942523407064538","0.06942523407064538","0.06942523407064538","0","0.06942523407064538"
"1","1070","1120","1000","1","""HK""","0.01","false","""normal""","1","""constant""","0.1","""Scale-free""","2","0","1","""uniform""","""deterministic-normal""","5","0","0.7000000000000001","""normal""","-0.19999999999999996","0.9","false","""/home/ramaswamy.51/Documents/github/Spirals/Media/data/cluster/endsim/BehaviorSearch/Step6_Trial""","true","0.2","0.30000000000000004","9","-0.29999999999999993","true","true","""-719137260""","0.11984859658374446","0.11984859658374446","0.11984859658374446","0","0.11984859658374446"
"1","1071","1120","1000","1","""HK""","0.01","false","""normal""","1","""constant""","0.1","""Scale-free""","2","0","1","""uniform""","""deterministic-normal""","5","0","0.7000000000000001","""normal""","-0.19999999999999996","0.9","false","""/home/ramaswamy.51/Documents/github/Spirals/Media/data/cluster/endsim/BehaviorSearch/Step6_Trial""","true","0.2","0.30000000000000004","9","-0.29999999999999993","true","true","""808318912""","0.09831169004812089","0.09831169004812089","0.09831169004812089","0","0.09831169004812089"
"1","1072","1120","1000","1","""HK""","0.01","false","""normal""","1","""constant""","0.1","""Scale-free""","2","0","1","""uniform""","""deterministic-normal""","5","0","0.7000000000000001","""normal""","-0.19999999999999996","0.9","false","""/home/ramaswamy.51/Documents/github/Spirals/Media/data/cluster/endsim/BehaviorSearch/Step6_Trial""","true","0.2","0.30000000000000004","9","-0.29999999999999993","true","true","""-359872994""","0.10714251704193326","0.10714251704193326","0.10714251704193326","0","0.10714251704193326"
"1","1073","1124","1000","1","""HK""","0.05","false","""normal""","1","""constant""","0.1","""Scale-free""","2","0","1","""uniform""","""deterministic-normal""","10","0","0.7000000000000001","""normal""","-0.09999999999999998","0.9","false","""/home/ramaswamy.51/Documents/github/Spirals/Media/data/cluster/endsim/BehaviorSearch/Step6_Trial""","true","0.1","0.30000000000000004","8","-0.19999999999999996","true","true","""-1213774908""","0.11770688910371555","0.11770688910371555","0.11770688910371555","0","0.11770688910371555"
"1","1074","1124","1000","1","""HK""","0.05","false","""normal""","1","""constant""","0.1","""Scale-free""","2","0","1","""uniform""","""deterministic-normal""","10","0","0.7000000000000001","""normal""","-0.09999999999999998","0.9","false","""/home/ramaswamy.51/Documents/github/Spirals/Media/data/cluster/endsim/BehaviorSearch/Step6_Trial""","true","0.1","0.30000000000000004","8","-0.19999999999999996","true","true","""1427197184""","0.12724243018485512","0.12724243018485512","0.12724243018485512","0","0.12724243018485512"
"1","1075","1124","1000","1","""HK""","0.05","false","""normal""","1","""constant""","0.1","""Scale-free""","2","0","1","""uniform""","""deterministic-normal""","10","0","0.7000000000000001","""normal""","-0.09999999999999998","0.9","false","""/home/ramaswamy.51/Documents/github/Spirals/Media/data/cluster/endsim/BehaviorSearch/Step6_Trial""","true","0.1","0.30000000000000004","8","-0.19999999999999996","true","true","""1742568368""","0.10247673585437375","0.10247673585437375","0.10247673585437375","0","0.10247673585437375"
"1","1076","1124","1000","1","""HK""","0.05","false","""normal""","1","""constant""","0.1","""Scale-free""","2","0","1","""uniform""","""deterministic-normal""","10","0","0.7000000000000001","""normal""","-0.09999999999999998","0.9","false","""/home/ramaswamy.51/Documents/github/Spirals/Media/data/cluster/endsim/BehaviorSearch/Step6_Trial""","true","0.1","0.30000000000000004","8","-0.19999999999999996","true","true","""-2686694""","0.09830948776303884","0.09830948776303884","0.09830948776303884","0","0.09830948776303884"
"1","1077","1128","1000","1","""HK""","0.01","false","""normal""","1","""constant""","0.1","""Scale-free""","2","0","1","""uniform""","""deterministic-normal""","10","-0.19999999999999996","0.7000000000000001","""normal""","0.20000000000000018","1","false","""/home/ramaswamy.51/Documents/github/Spirals/Media/data/cluster/endsim/BehaviorSearch/Step6_Trial""","true","0.2","0.7000000000000001","9","-0.7","true","true","""1780468240""","0.09741217456799617","0.09741217456799617","0.09741217456799617","0","0.09741217456799617"
"1","1078","1128","1000","1","""HK""","0.01","false","""normal""","1","""constant""","0.1","""Scale-free""","2","0","1","""uniform""","""deterministic-normal""","10","-0.19999999999999996","0.7000000000000001","""normal""","0.20000000000000018","1","false","""/home/ramaswamy.51/Documents/github/Spirals/Media/data/cluster/endsim/BehaviorSearch/Step6_Trial""","true","0.2","0.7000000000000001","9","-0.7","true","true","""-830915759""","0.10200390586241491","0.10200390586241491","0.10200390586241491","0","0.10200390586241491"
"1","1079","1128","1000","1","""HK""","0.01","false","""normal""","1","""constant""","0.1","""Scale-free""","2","0","1","""uniform""","""deterministic-normal""","10","-0.19999999999999996","0.7000000000000001","""normal""","0.20000000000000018","1","false","""/home/ramaswamy.51/Documents/github/Spirals/Media/data/cluster/endsim/BehaviorSearch/Step6_Trial""","true","0.2","0.7000000000000001","9","-0.7","true","true","""-1824746416""","0.08743310350034779","0.08743310350034779","0.08743310350034779","0","0.08743310350034779"
"1","1080","1128","1000","1","""HK""","0.01","false","""normal""","1","""constant""","0.1","""Scale-free""","2","0","1","""uniform""","""deterministic-normal""","10","-0.19999999999999996","0.7000000000000001","""normal""","0.20000000000000018","1","false","""/home/ramaswamy.51/Documents/github/Spirals/Media/data/cluster/endsim/BehaviorSearch/Step6_Trial""","true","0.2","0.7000000000000001","9","-0.7","true","true","""408540732""","0.11112950129540146","0.11112950129540146","0.11112950129540146","0","0.11112950129540146"
"1","1081","1132","1000","1","""HK""","0.04","false","""normal""","1","""constant""","0.1","""Scale-free""","2","0","1","""uniform""","""deterministic-normal""","10","-0.09999999999999998","0.7000000000000001","""normal""","0.20000000000000018","1","false","""/home/ramaswamy.51/Documents/github/Spirals/Media/data/cluster/endsim/BehaviorSearch/Step6_Trial""","true","0.2","0.7000000000000001","9","-1","true","true","""1576021563""","0.1272407470087135","0.1272407470087135","0.1272407470087135","0","0.1272407470087135"
"1","1082","1132","1000","1","""HK""","0.04","false","""normal""","1","""constant""","0.1","""Scale-free""","2","0","1","""uniform""","""deterministic-normal""","10","-0.09999999999999998","0.7000000000000001","""normal""","0.20000000000000018","1","false","""/home/ramaswamy.51/Documents/github/Spirals/Media/data/cluster/endsim/BehaviorSearch/Step6_Trial""","true","0.2","0.7000000000000001","9","-1","true","true","""-1472419959""","0.10758142554980474","0.10758142554980474","0.10758142554980474","0","0.10758142554980474"
"1","1083","1132","1000","1","""HK""","0.04","false","""normal""","1","""constant""","0.1","""Scale-free""","2","0","1","""uniform""","""deterministic-normal""","10","-0.09999999999999998","0.7000000000000001","""normal""","0.20000000000000018","1","false","""/home/ramaswamy.51/Documents/github/Spirals/Media/data/cluster/endsim/BehaviorSearch/Step6_Trial""","true","0.2","0.7000000000000001","9","-1","true","true","""-232353059""","0.10667112691136328","0.10667112691136328","0.10667112691136328","0","0.10667112691136328"
"1","1084","1132","1000","1","""HK""","0.04","false","""normal""","1","""constant""","0.1","""Scale-free""","2","0","1","""uniform""","""deterministic-normal""","10","-0.09999999999999998","0.7000000000000001","""normal""","0.20000000000000018","1","false","""/home/ramaswamy.51/Documents/github/Spirals/Media/data/cluster/endsim/BehaviorSearch/Step6_Trial""","true","0.2","0.7000000000000001","9","-1","true","true","""-177207883""","0.10000201587558699","0.10000201587558699","0.10000201587558699","0","0.10000201587558699"
"1","1085","1136","1000","1","""HK""","0.01","false","""normal""","1","""constant""","0.1","""Scale-free""","2","0","1","""uniform""","""deterministic-normal""","10","0","0.7000000000000001","""normal""","-0.09999999999999998","1","false","""/home/ramaswamy.51/Documents/github/Spirals/Media/data/cluster/endsim/BehaviorSearch/Step6_Trial""","true","0.2","0.30000000000000004","10","-0.29999999999999993","true","true","""1346767276""","0.08215159616009236","0.08215159616009236","0.08215159616009236","0","0.08215159616009236"
"1","1086","1136","1000","1","""HK""","0.01","false","""normal""","1","""constant""","0.1","""Scale-free""","2","0","1","""uniform""","""deterministic-normal""","10","0","0.7000000000000001","""normal""","-0.09999999999999998","1","false","""/home/ramaswamy.51/Documents/github/Spirals/Media/data/cluster/endsim/BehaviorSearch/Step6_Trial""","true","0.2","0.30000000000000004","10","-0.29999999999999993","true","true","""-113935766""","0.07391805076113231","0.07391805076113231","0.07391805076113231","0","0.07391805076113231"
"1","1087","1136","1000","1","""HK""","0.01","false","""normal""","1","""constant""","0.1","""Scale-free""","2","0","1","""uniform""","""deterministic-normal""","10","0","0.7000000000000001","""normal""","-0.09999999999999998","1","false","""/home/ramaswamy.51/Documents/github/Spirals/Media/data/cluster/endsim/BehaviorSearch/Step6_Trial""","true","0.2","0.30000000000000004","10","-0.29999999999999993","true","true","""1086040317""","0.09545655392345843","0.09545655392345843","0.09545655392345843","0","0.09545655392345843"
"1","1088","1136","1000","1","""HK""","0.01","false","""normal""","1","""constant""","0.1","""Scale-free""","2","0","1","""uniform""","""deterministic-normal""","10","0","0.7000000000000001","""normal""","-0.09999999999999998","1","false","""/home/ramaswamy.51/Documents/github/Spirals/Media/data/cluster/endsim/BehaviorSearch/Step6_Trial""","true","0.2","0.30000000000000004","10","-0.29999999999999993","true","true","""548709977""","0.1022950252143886","0.1022950252143886","0.1022950252143886","0","0.1022950252143886"
"1","1089","1140","1000","1","""HK""","0.01","false","""normal""","1","""constant""","0.1","""Scale-free""","2","0","1","""uniform""","""deterministic-normal""","10","-0.09999999999999998","0.7000000000000001","""normal""","0.20000000000000018","1","false","""/home/ramaswamy.51/Documents/github/Spirals/Media/data/cluster/endsim/BehaviorSearch/Step6_Trial""","true","0.2","0.7000000000000001","10","-0.9","true","true","""187712160""","0.07303142041614347","0.07303142041614347","0.07303142041614347","0","0.07303142041614347"
"1","1090","1140","1000","1","""HK""","0.01","false","""normal""","1","""constant""","0.1","""Scale-free""","2","0","1","""uniform""","""deterministic-normal""","10","-0.09999999999999998","0.7000000000000001","""normal""","0.20000000000000018","1","false","""/home/ramaswamy.51/Documents/github/Spirals/Media/data/cluster/endsim/BehaviorSearch/Step6_Trial""","true","0.2","0.7000000000000001","10","-0.9","true","true","""1994305058""","0.0918659309106732","0.0918659309106732","0.0918659309106732","0","0.0918659309106732"
"1","1091","1140","1000","1","""HK""","0.01","false","""normal""","1","""constant""","0.1","""Scale-free""","2","0","1","""uniform""","""deterministic-normal""","10","-0.09999999999999998","0.7000000000000001","""normal""","0.20000000000000018","1","false","""/home/ramaswamy.51/Documents/github/Spirals/Media/data/cluster/endsim/BehaviorSearch/Step6_Trial""","true","0.2","0.7000000000000001","10","-0.9","true","true","""-1861654633""","0.08690245358144591","0.08690245358144591","0.08690245358144591","0","0.08690245358144591"
"1","1092","1140","1000","1","""HK""","0.01","false","""normal""","1","""constant""","0.1","""Scale-free""","2","0","1","""uniform""","""deterministic-normal""","10","-0.09999999999999998","0.7000000000000001","""normal""","0.20000000000000018","1","false","""/home/ramaswamy.51/Documents/github/Spirals/Media/data/cluster/endsim/BehaviorSearch/Step6_Trial""","true","0.2","0.7000000000000001","10","-0.9","true","true","""-1620319655""","0.08065258103146575","0.08065258103146575","0.08065258103146575","0","0.08065258103146575"
"1","1093","1144","1000","1","""HK""","0.01","false","""normal""","1","""constant""","0.1","""Scale-free""","2","0","1","""uniform""","""deterministic-normal""","10","-0.09999999999999998","0.8","""normal""","0.20000000000000018","1","false","""/home/ramaswamy.51/Documents/github/Spirals/Media/data/cluster/endsim/BehaviorSearch/Step6_Trial""","true","0.2","0.8","8","-0.7","true","true","""1644934560""","0.08758818476052044","0.08758818476052044","0.08758818476052044","0","0.08758818476052044"
"1","1094","1144","1000","1","""HK""","0.01","false","""normal""","1","""constant""","0.1","""Scale-free""","2","0","1","""uniform""","""deterministic-normal""","10","-0.09999999999999998","0.8","""normal""","0.20000000000000018","1","false","""/home/ramaswamy.51/Documents/github/Spirals/Media/data/cluster/endsim/BehaviorSearch/Step6_Trial""","true","0.2","0.8","8","-0.7","true","true","""-1733227334""","0.08083526693950083","0.08083526693950083","0.08083526693950083","0","0.08083526693950083"
"1","1095","1144","1000","1","""HK""","0.01","false","""normal""","1","""constant""","0.1","""Scale-free""","2","0","1","""uniform""","""deterministic-normal""","10","-0.09999999999999998","0.8","""normal""","0.20000000000000018","1","false","""/home/ramaswamy.51/Documents/github/Spirals/Media/data/cluster/endsim/BehaviorSearch/Step6_Trial""","true","0.2","0.8","8","-0.7","true","true","""-421136172""","0.08621492997969306","0.08621492997969306","0.08621492997969306","0","0.08621492997969306"
"1","1096","1144","1000","1","""HK""","0.01","false","""normal""","1","""constant""","0.1","""Scale-free""","2","0","1","""uniform""","""deterministic-normal""","10","-0.09999999999999998","0.8","""normal""","0.20000000000000018","1","false","""/home/ramaswamy.51/Documents/github/Spirals/Media/data/cluster/endsim/BehaviorSearch/Step6_Trial""","true","0.2","0.8","8","-0.7","true","true","""-1902394362""","0.09643617256130099","0.09643617256130099","0.09643617256130099","0","0.09643617256130099"
"1","1097","1148","1000","1","""HK""","0.01","false","""normal""","1","""constant""","0.1","""Scale-free""","2","0","1","""uniform""","""deterministic-normal""","10","-0.09999999999999998","0.7000000000000001","""normal""","-0.09999999999999998","0.9","false","""/home/ramaswamy.51/Documents/github/Spirals/Media/data/cluster/endsim/BehaviorSearch/Step6_Trial""","true","0","0.4","10","-1","true","true","""-2033368702""","0.09295364343724248","0.09295364343724248","0.09295364343724248","0","0.09295364343724248"
"1","1098","1148","1000","1","""HK""","0.01","false","""normal""","1","""constant""","0.1","""Scale-free""","2","0","1","""uniform""","""deterministic-normal""","10","-0.09999999999999998","0.7000000000000001","""normal""","-0.09999999999999998","0.9","false","""/home/ramaswamy.51/Documents/github/Spirals/Media/data/cluster/endsim/BehaviorSearch/Step6_Trial""","true","0","0.4","10","-1","true","true","""1183337117""","0.09514643829307437","0.09514643829307437","0.09514643829307437","0","0.09514643829307437"
"1","1099","1148","1000","1","""HK""","0.01","false","""normal""","1","""constant""","0.1","""Scale-free""","2","0","1","""uniform""","""deterministic-normal""","10","-0.09999999999999998","0.7000000000000001","""normal""","-0.09999999999999998","0.9","false","""/home/ramaswamy.51/Documents/github/Spirals/Media/data/cluster/endsim/BehaviorSearch/Step6_Trial""","true","0","0.4","10","-1","true","true","""1189408467""","0.11759292065794702","0.11759292065794702","0.11759292065794702","0","0.11759292065794702"
"1","1100","1148","1000","1","""HK""","0.01","false","""normal""","1","""constant""","0.1","""Scale-free""","2","0","1","""uniform""","""deterministic-normal""","10","-0.09999999999999998","0.7000000000000001","""normal""","-0.09999999999999998","0.9","false","""/home/ramaswamy.51/Documents/github/Spirals/Media/data/cluster/endsim/BehaviorSearch/Step6_Trial""","true","0","0.4","10","-1","true","true","""-1593824174""","0.10362540962337037","0.10362540962337037","0.10362540962337037","0","0.10362540962337037"
"1","1101","1152","1000","1","""HK""","0.01","false","""normal""","1","""constant""","0.1","""Scale-free""","2","0","1","""uniform""","""deterministic-normal""","10","0","0.6000000000000001","""normal""","0.20000000000000018","0.9","false","""/home/ramaswamy.51/Documents/github/Spirals/Media/data/cluster/endsim/BehaviorSearch/Step6_Trial""","true","0.4","0.4","9","-0.7","true","true","""-1059008226""","0.08267077361976634","0.08267077361976634","0.08267077361976634","0","0.08267077361976634"
"1","1102","1152","1000","1","""HK""","0.01","false","""normal""","1","""constant""","0.1","""Scale-free""","2","0","1","""uniform""","""deterministic-normal""","10","0","0.6000000000000001","""normal""","0.20000000000000018","0.9","false","""/home/ramaswamy.51/Documents/github/Spirals/Media/data/cluster/endsim/BehaviorSearch/Step6_Trial""","true","0.4","0.4","9","-0.7","true","true","""-917622207""","0.07205687066740521","0.07205687066740521","0.07205687066740521","0","0.07205687066740521"
"1","1103","1152","1000","1","""HK""","0.01","false","""normal""","1","""constant""","0.1","""Scale-free""","2","0","1","""uniform""","""deterministic-normal""","10","0","0.6000000000000001","""normal""","0.20000000000000018","0.9","false","""/home/ramaswamy.51/Documents/github/Spirals/Media/data/cluster/endsim/BehaviorSearch/Step6_Trial""","true","0.4","0.4","9","-0.7","true","true","""-1895302976""","0.1179880592280299","0.1179880592280299","0.1179880592280299","0","0.1179880592280299"
"1","1104","1152","1000","1","""HK""","0.01","false","""normal""","1","""constant""","0.1","""Scale-free""","2","0","1","""uniform""","""deterministic-normal""","10","0","0.6000000000000001","""normal""","0.20000000000000018","0.9","false","""/home/ramaswamy.51/Documents/github/Spirals/Media/data/cluster/endsim/BehaviorSearch/Step6_Trial""","true","0.4","0.4","9","-0.7","true","true","""-95057245""","0.08800075344909981","0.08800075344909981","0.08800075344909981","0","0.08800075344909981"
"1","1105","1156","1000","1","""HK""","0.05","false","""normal""","1","""constant""","0.1","""Scale-free""","2","0","1","""uniform""","""deterministic-normal""","5","0.5","0.5","""normal""","0","0.8","false","""/home/ramaswamy.51/Documents/github/Spirals/Media/data/cluster/endsim/BehaviorSearch/Step6_Trial""","true","0.2","0.7000000000000001","9","-1","true","true","""-42988481""","0.126625598713939","0.126625598713939","0.126625598713939","0","0.126625598713939"
"1","1106","1156","1000","1","""HK""","0.05","false","""normal""","1","""constant""","0.1","""Scale-free""","2","0","1","""uniform""","""deterministic-normal""","5","0.5","0.5","""normal""","0","0.8","false","""/home/ramaswamy.51/Documents/github/Spirals/Media/data/cluster/endsim/BehaviorSearch/Step6_Trial""","true","0.2","0.7000000000000001","9","-1","true","true","""-574196843""","0.12180485924805652","0.12180485924805652","0.12180485924805652","0","0.12180485924805652"
"1","1107","1156","1000","1","""HK""","0.05","false","""normal""","1","""constant""","0.1","""Scale-free""","2","0","1","""uniform""","""deterministic-normal""","5","0.5","0.5","""normal""","0","0.8","false","""/home/ramaswamy.51/Documents/github/Spirals/Media/data/cluster/endsim/BehaviorSearch/Step6_Trial""","true","0.2","0.7000000000000001","9","-1","true","true","""-1101468652""","0.1533785011860576","0.1533785011860576","0.1533785011860576","0","0.1533785011860576"
"1","1108","1156","1000","1","""HK""","0.05","false","""normal""","1","""constant""","0.1","""Scale-free""","2","0","1","""uniform""","""deterministic-normal""","5","0.5","0.5","""normal""","0","0.8","false","""/home/ramaswamy.51/Documents/github/Spirals/Media/data/cluster/endsim/BehaviorSearch/Step6_Trial""","true","0.2","0.7000000000000001","9","-1","true","true","""-870778949""","0.14013755258193566","0.14013755258193566","0.14013755258193566","0","0.14013755258193566"
"1","1109","1160","1000","1","""HK""","0.03","false","""normal""","1","""constant""","0.1","""Scale-free""","2","0","1","""uniform""","""deterministic-normal""","5","-0.09999999999999998","0.8","""normal""","0.20000000000000018","1","false","""/home/ramaswamy.51/Documents/github/Spirals/Media/data/cluster/endsim/BehaviorSearch/Step6_Trial""","true","0.2","0.6000000000000001","10","-1","true","true","""-645737396""","0.09022627484355789","0.09022627484355789","0.09022627484355789","0","0.09022627484355789"
"1","1110","1160","1000","1","""HK""","0.03","false","""normal""","1","""constant""","0.1","""Scale-free""","2","0","1","""uniform""","""deterministic-normal""","5","-0.09999999999999998","0.8","""normal""","0.20000000000000018","1","false","""/home/ramaswamy.51/Documents/github/Spirals/Media/data/cluster/endsim/BehaviorSearch/Step6_Trial""","true","0.2","0.6000000000000001","10","-1","true","true","""126751536""","0.11545076116017837","0.11545076116017837","0.11545076116017837","0","0.11545076116017837"
"1","1111","1160","1000","1","""HK""","0.03","false","""normal""","1","""constant""","0.1","""Scale-free""","2","0","1","""uniform""","""deterministic-normal""","5","-0.09999999999999998","0.8","""normal""","0.20000000000000018","1","false","""/home/ramaswamy.51/Documents/github/Spirals/Media/data/cluster/endsim/BehaviorSearch/Step6_Trial""","true","0.2","0.6000000000000001","10","-1","true","true","""-352782924""","0.09686204151807162","0.09686204151807162","0.09686204151807162","0","0.09686204151807162"
"1","1112","1160","1000","1","""HK""","0.03","false","""normal""","1","""constant""","0.1","""Scale-free""","2","0","1","""uniform""","""deterministic-normal""","5","-0.09999999999999998","0.8","""normal""","0.20000000000000018","1","false","""/home/ramaswamy.51/Documents/github/Spirals/Media/data/cluster/endsim/BehaviorSearch/Step6_Trial""","true","0.2","0.6000000000000001","10","-1","true","true","""1271055623""","0.12476905084208109","0.12476905084208109","0.12476905084208109","0","0.12476905084208109"
"1","1113","1168","1000","1","""HK""","0.01","false","""normal""","1","""constant""","0.1","""Scale-free""","2","0","1","""uniform""","""deterministic-normal""","10","-0.19999999999999996","0.8","""normal""","0.20000000000000018","0.9","false","""/home/ramaswamy.51/Documents/github/Spirals/Media/data/cluster/endsim/BehaviorSearch/Step6_Trial""","true","0.2","0.5","9","-0.7","true","true","""-590516594""","0.10069719218189661","0.10069719218189661","0.10069719218189661","0","0.10069719218189661"
"1","1114","1168","1000","1","""HK""","0.01","false","""normal""","1","""constant""","0.1","""Scale-free""","2","0","1","""uniform""","""deterministic-normal""","10","-0.19999999999999996","0.8","""normal""","0.20000000000000018","0.9","false","""/home/ramaswamy.51/Documents/github/Spirals/Media/data/cluster/endsim/BehaviorSearch/Step6_Trial""","true","0.2","0.5","9","-0.7","true","true","""1580266660""","0.09660777266342369","0.09660777266342369","0.09660777266342369","0","0.09660777266342369"
"1","1115","1168","1000","1","""HK""","0.01","false","""normal""","1","""constant""","0.1","""Scale-free""","2","0","1","""uniform""","""deterministic-normal""","10","-0.19999999999999996","0.8","""normal""","0.20000000000000018","0.9","false","""/home/ramaswamy.51/Documents/github/Spirals/Media/data/cluster/endsim/BehaviorSearch/Step6_Trial""","true","0.2","0.5","9","-0.7","true","true","""531586424""","0.08809914138216746","0.08809914138216746","0.08809914138216746","0","0.08809914138216746"
"1","1116","1168","1000","1","""HK""","0.01","false","""normal""","1","""constant""","0.1","""Scale-free""","2","0","1","""uniform""","""deterministic-normal""","10","-0.19999999999999996","0.8","""normal""","0.20000000000000018","0.9","false","""/home/ramaswamy.51/Documents/github/Spirals/Media/data/cluster/endsim/BehaviorSearch/Step6_Trial""","true","0.2","0.5","9","-0.7","true","true","""-414493244""","0.07509179246851326","0.07509179246851326","0.07509179246851326","0","0.07509179246851326"
"1","1117","1172","1000","1","""HK""","0.01","false","""normal""","1","""constant""","0.1","""Scale-free""","2","0","1","""uniform""","""deterministic-normal""","15","-0.19999999999999996","0.7000000000000001","""normal""","0.10000000000000009","1","false","""/home/ramaswamy.51/Documents/github/Spirals/Media/data/cluster/endsim/BehaviorSearch/Step6_Trial""","true","0.2","0.4","8","-0.7","true","true","""-560466078""","0.09605111362370268","0.09605111362370268","0.09605111362370268","0","0.09605111362370268"
"1","1118","1172","1000","1","""HK""","0.01","false","""normal""","1","""constant""","0.1","""Scale-free""","2","0","1","""uniform""","""deterministic-normal""","15","-0.19999999999999996","0.7000000000000001","""normal""","0.10000000000000009","1","false","""/home/ramaswamy.51/Documents/github/Spirals/Media/data/cluster/endsim/BehaviorSearch/Step6_Trial""","true","0.2","0.4","8","-0.7","true","true","""-1067755754""","0.06108450232073478","0.06108450232073478","0.06108450232073478","0","0.06108450232073478"
"1","1119","1172","1000","1","""HK""","0.01","false","""normal""","1","""constant""","0.1","""Scale-free""","2","0","1","""uniform""","""deterministic-normal""","15","-0.19999999999999996","0.7000000000000001","""normal""","0.10000000000000009","1","false","""/home/ramaswamy.51/Documents/github/Spirals/Media/data/cluster/endsim/BehaviorSearch/Step6_Trial""","true","0.2","0.4","8","-0.7","true","true","""874798413""","0.0668201543979631","0.0668201543979631","0.0668201543979631","0","0.0668201543979631"
"1","1120","1172","1000","1","""HK""","0.01","false","""normal""","1","""constant""","0.1","""Scale-free""","2","0","1","""uniform""","""deterministic-normal""","15","-0.19999999999999996","0.7000000000000001","""normal""","0.10000000000000009","1","false","""/home/ramaswamy.51/Documents/github/Spirals/Media/data/cluster/endsim/BehaviorSearch/Step6_Trial""","true","0.2","0.4","8","-0.7","true","true","""1105841040""","0.1086618108168409","0.1086618108168409","0.1086618108168409","0","0.1086618108168409"
"1","1121","1176","1000","1","""HK""","0.03","false","""normal""","1","""constant""","0.1","""Scale-free""","2","0","1","""uniform""","""deterministic-normal""","10","-0.09999999999999998","0.7000000000000001","""normal""","0.20000000000000018","1","false","""/home/ramaswamy.51/Documents/github/Spirals/Media/data/cluster/endsim/BehaviorSearch/Step6_Trial""","true","0.2","0.8","10","-1","true","true","""-2128125270""","0.11646305190897596","0.11646305190897596","0.11646305190897596","0","0.11646305190897596"
"1","1122","1176","1000","1","""HK""","0.03","false","""normal""","1","""constant""","0.1","""Scale-free""","2","0","1","""uniform""","""deterministic-normal""","10","-0.09999999999999998","0.7000000000000001","""normal""","0.20000000000000018","1","false","""/home/ramaswamy.51/Documents/github/Spirals/Media/data/cluster/endsim/BehaviorSearch/Step6_Trial""","true","0.2","0.8","10","-1","true","true","""591318022""","0.12175544368395806","0.12175544368395806","0.12175544368395806","0","0.12175544368395806"
"1","1123","1176","1000","1","""HK""","0.03","false","""normal""","1","""constant""","0.1","""Scale-free""","2","0","1","""uniform""","""deterministic-normal""","10","-0.09999999999999998","0.7000000000000001","""normal""","0.20000000000000018","1","false","""/home/ramaswamy.51/Documents/github/Spirals/Media/data/cluster/endsim/BehaviorSearch/Step6_Trial""","true","0.2","0.8","10","-1","true","true","""-1282325138""","0.1082314110982233","0.1082314110982233","0.1082314110982233","0","0.1082314110982233"
"1","1124","1176","1000","1","""HK""","0.03","false","""normal""","1","""constant""","0.1","""Scale-free""","2","0","1","""uniform""","""deterministic-normal""","10","-0.09999999999999998","0.7000000000000001","""normal""","0.20000000000000018","1","false","""/home/ramaswamy.51/Documents/github/Spirals/Media/data/cluster/endsim/BehaviorSearch/Step6_Trial""","true","0.2","0.8","10","-1","true","true","""-1641430885""","0.11648934584165944","0.11648934584165944","0.11648934584165944","0","0.11648934584165944"
"1","1125","1180","1000","1","""HK""","0.04","false","""normal""","1","""constant""","0.1","""Scale-free""","2","0","1","""uniform""","""deterministic-normal""","10","-0.19999999999999996","0.7000000000000001","""normal""","0.30000000000000004","1","false","""/home/ramaswamy.51/Documents/github/Spirals/Media/data/cluster/endsim/BehaviorSearch/Step6_Trial""","true","0.1","0.7000000000000001","9","-0.3999999999999999","true","true","""-447780927""","0.10060588986040679","0.10060588986040679","0.10060588986040679","0","0.10060588986040679"
"1","1126","1180","1000","1","""HK""","0.04","false","""normal""","1","""constant""","0.1","""Scale-free""","2","0","1","""uniform""","""deterministic-normal""","10","-0.19999999999999996","0.7000000000000001","""normal""","0.30000000000000004","1","false","""/home/ramaswamy.51/Documents/github/Spirals/Media/data/cluster/endsim/BehaviorSearch/Step6_Trial""","true","0.1","0.7000000000000001","9","-0.3999999999999999","true","true","""1805886467""","0.10188431796197356","0.10188431796197356","0.10188431796197356","0","0.10188431796197356"
"1","1127","1180","1000","1","""HK""","0.04","false","""normal""","1","""constant""","0.1","""Scale-free""","2","0","1","""uniform""","""deterministic-normal""","10","-0.19999999999999996","0.7000000000000001","""normal""","0.30000000000000004","1","false","""/home/ramaswamy.51/Documents/github/Spirals/Media/data/cluster/endsim/BehaviorSearch/Step6_Trial""","true","0.1","0.7000000000000001","9","-0.3999999999999999","true","true","""1750568417""","0.10877186406479064","0.10877186406479064","0.10877186406479064","0","0.10877186406479064"
"1","1128","1180","1000","1","""HK""","0.04","false","""normal""","1","""constant""","0.1","""Scale-free""","2","0","1","""uniform""","""deterministic-normal""","10","-0.19999999999999996","0.7000000000000001","""normal""","0.30000000000000004","1","false","""/home/ramaswamy.51/Documents/github/Spirals/Media/data/cluster/endsim/BehaviorSearch/Step6_Trial""","true","0.1","0.7000000000000001","9","-0.3999999999999999","true","true","""-695522040""","0.08338883536962197","0.08338883536962197","0.08338883536962197","0","0.08338883536962197"
"1","1129","1184","1000","1","""HK""","0.01","false","""normal""","1","""constant""","0.1","""Scale-free""","2","0","1","""uniform""","""deterministic-normal""","10","-0.09999999999999998","0.8","""normal""","0.20000000000000018","1","false","""/home/ramaswamy.51/Documents/github/Spirals/Media/data/cluster/endsim/BehaviorSearch/Step6_Trial""","true","0.2","0.7000000000000001","10","-0.9","true","true","""-90786687""","0.11631014882213239","0.11631014882213239","0.11631014882213239","0","0.11631014882213239"
"1","1130","1184","1000","1","""HK""","0.01","false","""normal""","1","""constant""","0.1","""Scale-free""","2","0","1","""uniform""","""deterministic-normal""","10","-0.09999999999999998","0.8","""normal""","0.20000000000000018","1","false","""/home/ramaswamy.51/Documents/github/Spirals/Media/data/cluster/endsim/BehaviorSearch/Step6_Trial""","true","0.2","0.7000000000000001","10","-0.9","true","true","""-1898203644""","0.08967697215673824","0.08967697215673824","0.08967697215673824","0","0.08967697215673824"
"1","1131","1184","1000","1","""HK""","0.01","false","""normal""","1","""constant""","0.1","""Scale-free""","2","0","1","""uniform""","""deterministic-normal""","10","-0.09999999999999998","0.8","""normal""","0.20000000000000018","1","false","""/home/ramaswamy.51/Documents/github/Spirals/Media/data/cluster/endsim/BehaviorSearch/Step6_Trial""","true","0.2","0.7000000000000001","10","-0.9","true","true","""-474526400""","0.08571398717491932","0.08571398717491932","0.08571398717491932","0","0.08571398717491932"
"1","1132","1184","1000","1","""HK""","0.01","false","""normal""","1","""constant""","0.1","""Scale-free""","2","0","1","""uniform""","""deterministic-normal""","10","-0.09999999999999998","0.8","""normal""","0.20000000000000018","1","false","""/home/ramaswamy.51/Documents/github/Spirals/Media/data/cluster/endsim/BehaviorSearch/Step6_Trial""","true","0.2","0.7000000000000001","10","-0.9","true","true","""1007250290""","0.08892938879391869","0.08892938879391869","0.08892938879391869","0","0.08892938879391869"
"1","1133","1188","1000","1","""HK""","0.01","false","""normal""","1","""constant""","0.1","""Scale-free""","3","0","1","""uniform""","""deterministic-normal""","15","-0.19999999999999996","0.7000000000000001","""normal""","-0.09999999999999998","0.9","false","""/home/ramaswamy.51/Documents/github/Spirals/Media/data/cluster/endsim/BehaviorSearch/Step6_Trial""","true","0.2","0.4","9","-0.29999999999999993","true","true","""2013816743""","0.10391357510484658","0.10391357510484658","0.10391357510484658","0","0.10391357510484658"
"1","1134","1188","1000","1","""HK""","0.01","false","""normal""","1","""constant""","0.1","""Scale-free""","3","0","1","""uniform""","""deterministic-normal""","15","-0.19999999999999996","0.7000000000000001","""normal""","-0.09999999999999998","0.9","false","""/home/ramaswamy.51/Documents/github/Spirals/Media/data/cluster/endsim/BehaviorSearch/Step6_Trial""","true","0.2","0.4","9","-0.29999999999999993","true","true","""1226417288""","0.07369206460269737","0.07369206460269737","0.07369206460269737","0","0.07369206460269737"
"1","1135","1188","1000","1","""HK""","0.01","false","""normal""","1","""constant""","0.1","""Scale-free""","3","0","1","""uniform""","""deterministic-normal""","15","-0.19999999999999996","0.7000000000000001","""normal""","-0.09999999999999998","0.9","false","""/home/ramaswamy.51/Documents/github/Spirals/Media/data/cluster/endsim/BehaviorSearch/Step6_Trial""","true","0.2","0.4","9","-0.29999999999999993","true","true","""-1241148363""","0.07907266667219091","0.07907266667219091","0.07907266667219091","0","0.07907266667219091"
"1","1136","1188","1000","1","""HK""","0.01","false","""normal""","1","""constant""","0.1","""Scale-free""","3","0","1","""uniform""","""deterministic-normal""","15","-0.19999999999999996","0.7000000000000001","""normal""","-0.09999999999999998","0.9","false","""/home/ramaswamy.51/Documents/github/Spirals/Media/data/cluster/endsim/BehaviorSearch/Step6_Trial""","true","0.2","0.4","9","-0.29999999999999993","true","true","""1975951690""","0.09183961133224133","0.09183961133224133","0.09183961133224133","0","0.09183961133224133"
"1","1137","1192","1000","1","""HK""","0.01","false","""normal""","1","""constant""","0.1","""Scale-free""","2","0","1","""uniform""","""deterministic-normal""","5","-0.19999999999999996","0.7000000000000001","""normal""","0.20000000000000018","0.9","false","""/home/ramaswamy.51/Documents/github/Spirals/Media/data/cluster/endsim/BehaviorSearch/Step6_Trial""","true","0.2","0.4","9","-0.7","true","true","""-726141223""","0.10757091471140404","0.10757091471140404","0.10757091471140404","0","0.10757091471140404"
"1","1138","1192","1000","1","""HK""","0.01","false","""normal""","1","""constant""","0.1","""Scale-free""","2","0","1","""uniform""","""deterministic-normal""","5","-0.19999999999999996","0.7000000000000001","""normal""","0.20000000000000018","0.9","false","""/home/ramaswamy.51/Documents/github/Spirals/Media/data/cluster/endsim/BehaviorSearch/Step6_Trial""","true","0.2","0.4","9","-0.7","true","true","""-2095411133""","0.08541272945144124","0.08541272945144124","0.08541272945144124","0","0.08541272945144124"
"1","1139","1192","1000","1","""HK""","0.01","false","""normal""","1","""constant""","0.1","""Scale-free""","2","0","1","""uniform""","""deterministic-normal""","5","-0.19999999999999996","0.7000000000000001","""normal""","0.20000000000000018","0.9","false","""/home/ramaswamy.51/Documents/github/Spirals/Media/data/cluster/endsim/BehaviorSearch/Step6_Trial""","true","0.2","0.4","9","-0.7","true","true","""91660688""","0.07543984275980382","0.07543984275980382","0.07543984275980382","0","0.07543984275980382"
"1","1140","1192","1000","1","""HK""","0.01","false","""normal""","1","""constant""","0.1","""Scale-free""","2","0","1","""uniform""","""deterministic-normal""","5","-0.19999999999999996","0.7000000000000001","""normal""","0.20000000000000018","0.9","false","""/home/ramaswamy.51/Documents/github/Spirals/Media/data/cluster/endsim/BehaviorSearch/Step6_Trial""","true","0.2","0.4","9","-0.7","true","true","""-1002455981""","0.09418644081517875","0.09418644081517875","0.09418644081517875","0","0.09418644081517875"
"1","1141","1196","1000","1","""HK""","0.01","false","""normal""","1","""constant""","0","""Scale-free""","2","0","1","""uniform""","""deterministic-normal""","10","-0.09999999999999998","0.7000000000000001","""normal""","0.20000000000000018","1","false","""/home/ramaswamy.51/Documents/github/Spirals/Media/data/cluster/endsim/BehaviorSearch/Step6_Trial""","true","0.2","0.7000000000000001","10","-0.9","true","true","""73776624""","0.18591902593363696","0.18591902593363696","0.18591902593363696","0","0.18591902593363696"
"1","1142","1196","1000","1","""HK""","0.01","false","""normal""","1","""constant""","0","""Scale-free""","2","0","1","""uniform""","""deterministic-normal""","10","-0.09999999999999998","0.7000000000000001","""normal""","0.20000000000000018","1","false","""/home/ramaswamy.51/Documents/github/Spirals/Media/data/cluster/endsim/BehaviorSearch/Step6_Trial""","true","0.2","0.7000000000000001","10","-0.9","true","true","""-452128748""","0.18779391485595645","0.18779391485595645","0.18779391485595645","0","0.18779391485595645"
"1","1143","1196","1000","1","""HK""","0.01","false","""normal""","1","""constant""","0","""Scale-free""","2","0","1","""uniform""","""deterministic-normal""","10","-0.09999999999999998","0.7000000000000001","""normal""","0.20000000000000018","1","false","""/home/ramaswamy.51/Documents/github/Spirals/Media/data/cluster/endsim/BehaviorSearch/Step6_Trial""","true","0.2","0.7000000000000001","10","-0.9","true","true","""-1271288746""","0.17830393795970378","0.17830393795970378","0.17830393795970378","0","0.17830393795970378"
"1","1144","1196","1000","1","""HK""","0.01","false","""normal""","1","""constant""","0","""Scale-free""","2","0","1","""uniform""","""deterministic-normal""","10","-0.09999999999999998","0.7000000000000001","""normal""","0.20000000000000018","1","false","""/home/ramaswamy.51/Documents/github/Spirals/Media/data/cluster/endsim/BehaviorSearch/Step6_Trial""","true","0.2","0.7000000000000001","10","-0.9","true","true","""-935830793""","0.17060169694738506","0.17060169694738506","0.17060169694738506","0","0.17060169694738506"
"1","1145","1200","1000","1","""HK""","0.01","false","""normal""","1","""constant""","0","""Scale-free""","2","0","1","""uniform""","""deterministic-normal""","15","0","0.7000000000000001","""normal""","0.30000000000000004","0.9","false","""/home/ramaswamy.51/Documents/github/Spirals/Media/data/cluster/endsim/BehaviorSearch/Step6_Trial""","true","0.1","0.5","8","-1","true","true","""-1055866753""","0.18769519602804796","0.18769519602804796","0.18769519602804796","0","0.18769519602804796"
"1","1146","1200","1000","1","""HK""","0.01","false","""normal""","1","""constant""","0","""Scale-free""","2","0","1","""uniform""","""deterministic-normal""","15","0","0.7000000000000001","""normal""","0.30000000000000004","0.9","false","""/home/ramaswamy.51/Documents/github/Spirals/Media/data/cluster/endsim/BehaviorSearch/Step6_Trial""","true","0.1","0.5","8","-1","true","true","""-13863880""","0.16290302881820976","0.16290302881820976","0.16290302881820976","0","0.16290302881820976"
"1","1147","1200","1000","1","""HK""","0.01","false","""normal""","1","""constant""","0","""Scale-free""","2","0","1","""uniform""","""deterministic-normal""","15","0","0.7000000000000001","""normal""","0.30000000000000004","0.9","false","""/home/ramaswamy.51/Documents/github/Spirals/Media/data/cluster/endsim/BehaviorSearch/Step6_Trial""","true","0.1","0.5","8","-1","true","true","""-1642595614""","0.17526708788378154","0.17526708788378154","0.17526708788378154","0","0.17526708788378154"
"1","1148","1200","1000","1","""HK""","0.01","false","""normal""","1","""constant""","0","""Scale-free""","2","0","1","""uniform""","""deterministic-normal""","15","0","0.7000000000000001","""normal""","0.30000000000000004","0.9","false","""/home/ramaswamy.51/Documents/github/Spirals/Media/data/cluster/endsim/BehaviorSearch/Step6_Trial""","true","0.1","0.5","8","-1","true","true","""962481531""","0.18366701301581354","0.18366701301581354","0.18366701301581354","0","0.18366701301581354"
"1","1149","1204","1000","1","""HK""","0.01","false","""normal""","1","""constant""","0.1","""Scale-free""","2","0","1","""uniform""","""deterministic-normal""","5","-0.29999999999999993","0.7000000000000001","""normal""","-0.19999999999999996","1","false","""/home/ramaswamy.51/Documents/github/Spirals/Media/data/cluster/endsim/BehaviorSearch/Step6_Trial""","true","0.30000000000000004","0.4","9","-0.7","true","true","""-1066045680""","0.08150605474475114","0.08150605474475114","0.08150605474475114","0","0.08150605474475114"
"1","1150","1204","1000","1","""HK""","0.01","false","""normal""","1","""constant""","0.1","""Scale-free""","2","0","1","""uniform""","""deterministic-normal""","5","-0.29999999999999993","0.7000000000000001","""normal""","-0.19999999999999996","1","false","""/home/ramaswamy.51/Documents/github/Spirals/Media/data/cluster/endsim/BehaviorSearch/Step6_Trial""","true","0.30000000000000004","0.4","9","-0.7","true","true","""622899523""","0.08833286457961652","0.08833286457961652","0.08833286457961652","0","0.08833286457961652"
"1","1151","1204","1000","1","""HK""","0.01","false","""normal""","1","""constant""","0.1","""Scale-free""","2","0","1","""uniform""","""deterministic-normal""","5","-0.29999999999999993","0.7000000000000001","""normal""","-0.19999999999999996","1","false","""/home/ramaswamy.51/Documents/github/Spirals/Media/data/cluster/endsim/BehaviorSearch/Step6_Trial""","true","0.30000000000000004","0.4","9","-0.7","true","true","""364260101""","0.10170706395713748","0.10170706395713748","0.10170706395713748","0","0.10170706395713748"
"1","1152","1204","1000","1","""HK""","0.01","false","""normal""","1","""constant""","0.1","""Scale-free""","2","0","1","""uniform""","""deterministic-normal""","5","-0.29999999999999993","0.7000000000000001","""normal""","-0.19999999999999996","1","false","""/home/ramaswamy.51/Documents/github/Spirals/Media/data/cluster/endsim/BehaviorSearch/Step6_Trial""","true","0.30000000000000004","0.4","9","-0.7","true","true","""818564892""","0.06273234751460322","0.06273234751460322","0.06273234751460322","0","0.06273234751460322"
"1","1153","1208","1000","1","""HK""","0.01","false","""normal""","1","""constant""","0.1","""Scale-free""","2","0","1","""uniform""","""deterministic-normal""","10","-0.19999999999999996","0.6000000000000001","""normal""","0.10000000000000009","1","false","""/home/ramaswamy.51/Documents/github/Spirals/Media/data/cluster/endsim/BehaviorSearch/Step6_Trial""","true","0.2","0.8","8","-0.7","true","true","""-666375156""","0.0939158421203849","0.0939158421203849","0.0939158421203849","0","0.0939158421203849"
"1","1154","1208","1000","1","""HK""","0.01","false","""normal""","1","""constant""","0.1","""Scale-free""","2","0","1","""uniform""","""deterministic-normal""","10","-0.19999999999999996","0.6000000000000001","""normal""","0.10000000000000009","1","false","""/home/ramaswamy.51/Documents/github/Spirals/Media/data/cluster/endsim/BehaviorSearch/Step6_Trial""","true","0.2","0.8","8","-0.7","true","true","""-1169620137""","0.07862126051859585","0.07862126051859585","0.07862126051859585","0","0.07862126051859585"
"1","1155","1208","1000","1","""HK""","0.01","false","""normal""","1","""constant""","0.1","""Scale-free""","2","0","1","""uniform""","""deterministic-normal""","10","-0.19999999999999996","0.6000000000000001","""normal""","0.10000000000000009","1","false","""/home/ramaswamy.51/Documents/github/Spirals/Media/data/cluster/endsim/BehaviorSearch/Step6_Trial""","true","0.2","0.8","8","-0.7","true","true","""-364016685""","0.06465537158719109","0.06465537158719109","0.06465537158719109","0","0.06465537158719109"
"1","1156","1208","1000","1","""HK""","0.01","false","""normal""","1","""constant""","0.1","""Scale-free""","2","0","1","""uniform""","""deterministic-normal""","10","-0.19999999999999996","0.6000000000000001","""normal""","0.10000000000000009","1","false","""/home/ramaswamy.51/Documents/github/Spirals/Media/data/cluster/endsim/BehaviorSearch/Step6_Trial""","true","0.2","0.8","8","-0.7","true","true","""-336231595""","0.06734947470142989","0.06734947470142989","0.06734947470142989","0","0.06734947470142989"
"1","1157","1212","1000","1","""HK""","0.01","false","""normal""","1","""constant""","0.1","""Scale-free""","2","0","1","""uniform""","""deterministic-normal""","10","-0.09999999999999998","0.6000000000000001","""normal""","0.30000000000000004","1","false","""/home/ramaswamy.51/Documents/github/Spirals/Media/data/cluster/endsim/BehaviorSearch/Step6_Trial""","true","0.2","0.4","8","-0.7","true","true","""-1149725684""","0.10666058503438984","0.10666058503438984","0.10666058503438984","0","0.10666058503438984"
"1","1158","1212","1000","1","""HK""","0.01","false","""normal""","1","""constant""","0.1","""Scale-free""","2","0","1","""uniform""","""deterministic-normal""","10","-0.09999999999999998","0.6000000000000001","""normal""","0.30000000000000004","1","false","""/home/ramaswamy.51/Documents/github/Spirals/Media/data/cluster/endsim/BehaviorSearch/Step6_Trial""","true","0.2","0.4","8","-0.7","true","true","""-1368504204""","0.09141219382045794","0.09141219382045794","0.09141219382045794","0","0.09141219382045794"
"1","1159","1212","1000","1","""HK""","0.01","false","""normal""","1","""constant""","0.1","""Scale-free""","2","0","1","""uniform""","""deterministic-normal""","10","-0.09999999999999998","0.6000000000000001","""normal""","0.30000000000000004","1","false","""/home/ramaswamy.51/Documents/github/Spirals/Media/data/cluster/endsim/BehaviorSearch/Step6_Trial""","true","0.2","0.4","8","-0.7","true","true","""686989236""","0.08892604358985097","0.08892604358985097","0.08892604358985097","0","0.08892604358985097"
"1","1160","1212","1000","1","""HK""","0.01","false","""normal""","1","""constant""","0.1","""Scale-free""","2","0","1","""uniform""","""deterministic-normal""","10","-0.09999999999999998","0.6000000000000001","""normal""","0.30000000000000004","1","false","""/home/ramaswamy.51/Documents/github/Spirals/Media/data/cluster/endsim/BehaviorSearch/Step6_Trial""","true","0.2","0.4","8","-0.7","true","true","""1999860756""","0.0978621951318262","0.0978621951318262","0.0978621951318262","0","0.0978621951318262"
"1","1161","1216","1000","1","""HK""","0.01","false","""normal""","1","""constant""","0.1","""Scale-free""","2","0","1","""uniform""","""deterministic-normal""","15","-0.29999999999999993","0.8","""normal""","0","1","false","""/home/ramaswamy.51/Documents/github/Spirals/Media/data/cluster/endsim/BehaviorSearch/Step6_Trial""","true","0.2","0.4","10","-0.9","true","true","""1585937308""","0.10145191756591923","0.10145191756591923","0.10145191756591923","0","0.10145191756591923"
"1","1162","1216","1000","1","""HK""","0.01","false","""normal""","1","""constant""","0.1","""Scale-free""","2","0","1","""uniform""","""deterministic-normal""","15","-0.29999999999999993","0.8","""normal""","0","1","false","""/home/ramaswamy.51/Documents/github/Spirals/Media/data/cluster/endsim/BehaviorSearch/Step6_Trial""","true","0.2","0.4","10","-0.9","true","true","""1671441014""","0.06244818130303889","0.06244818130303889","0.06244818130303889","0","0.06244818130303889"
"1","1163","1216","1000","1","""HK""","0.01","false","""normal""","1","""constant""","0.1","""Scale-free""","2","0","1","""uniform""","""deterministic-normal""","15","-0.29999999999999993","0.8","""normal""","0","1","false","""/home/ramaswamy.51/Documents/github/Spirals/Media/data/cluster/endsim/BehaviorSearch/Step6_Trial""","true","0.2","0.4","10","-0.9","true","true","""631786315""","0.0834701059902112","0.0834701059902112","0.0834701059902112","0","0.0834701059902112"
"1","1164","1216","1000","1","""HK""","0.01","false","""normal""","1","""constant""","0.1","""Scale-free""","2","0","1","""uniform""","""deterministic-normal""","15","-0.29999999999999993","0.8","""normal""","0","1","false","""/home/ramaswamy.51/Documents/github/Spirals/Media/data/cluster/endsim/BehaviorSearch/Step6_Trial""","true","0.2","0.4","10","-0.9","true","true","""18311626""","0.1007633122346936","0.1007633122346936","0.1007633122346936","0","0.1007633122346936"
"1","1165","1220","1000","1","""HK""","0.01","false","""normal""","1","""constant""","0.1","""Scale-free""","2","0","1","""uniform""","""deterministic-normal""","10","-0.09999999999999998","0.5","""normal""","0.20000000000000018","1","false","""/home/ramaswamy.51/Documents/github/Spirals/Media/data/cluster/endsim/BehaviorSearch/Step6_Trial""","true","0.2","0.7000000000000001","9","-0.7","true","true","""-274998124""","0.06923917664186953","0.06923917664186953","0.06923917664186953","0","0.06923917664186953"
"1","1166","1220","1000","1","""HK""","0.01","false","""normal""","1","""constant""","0.1","""Scale-free""","2","0","1","""uniform""","""deterministic-normal""","10","-0.09999999999999998","0.5","""normal""","0.20000000000000018","1","false","""/home/ramaswamy.51/Documents/github/Spirals/Media/data/cluster/endsim/BehaviorSearch/Step6_Trial""","true","0.2","0.7000000000000001","9","-0.7","true","true","""1903186165""","0.05507490963859008","0.05507490963859008","0.05507490963859008","0","0.05507490963859008"
"1","1167","1220","1000","1","""HK""","0.01","false","""normal""","1","""constant""","0.1","""Scale-free""","2","0","1","""uniform""","""deterministic-normal""","10","-0.09999999999999998","0.5","""normal""","0.20000000000000018","1","false","""/home/ramaswamy.51/Documents/github/Spirals/Media/data/cluster/endsim/BehaviorSearch/Step6_Trial""","true","0.2","0.7000000000000001","9","-0.7","true","true","""1660912123""","0.059778716919249054","0.059778716919249054","0.059778716919249054","0","0.059778716919249054"
"1","1168","1220","1000","1","""HK""","0.01","false","""normal""","1","""constant""","0.1","""Scale-free""","2","0","1","""uniform""","""deterministic-normal""","10","-0.09999999999999998","0.5","""normal""","0.20000000000000018","1","false","""/home/ramaswamy.51/Documents/github/Spirals/Media/data/cluster/endsim/BehaviorSearch/Step6_Trial""","true","0.2","0.7000000000000001","9","-0.7","true","true","""-538967736""","0.07565277640975415","0.07565277640975415","0.07565277640975415","0","0.07565277640975415"
"1","1169","1224","1000","1","""HK""","0.01","false","""normal""","1","""constant""","0.1","""Scale-free""","2","0","1","""uniform""","""deterministic-normal""","10","-0.19999999999999996","0.7000000000000001","""normal""","0.20000000000000018","0.9","false","""/home/ramaswamy.51/Documents/github/Spirals/Media/data/cluster/endsim/BehaviorSearch/Step6_Trial""","true","0.1","0.30000000000000004","10","-0.9","true","true","""1697579022""","0.11260530068125865","0.11260530068125865","0.11260530068125865","0","0.11260530068125865"
"1","1170","1224","1000","1","""HK""","0.01","false","""normal""","1","""constant""","0.1","""Scale-free""","2","0","1","""uniform""","""deterministic-normal""","10","-0.19999999999999996","0.7000000000000001","""normal""","0.20000000000000018","0.9","false","""/home/ramaswamy.51/Documents/github/Spirals/Media/data/cluster/endsim/BehaviorSearch/Step6_Trial""","true","0.1","0.30000000000000004","10","-0.9","true","true","""1854960689""","0.1010089386829038","0.1010089386829038","0.1010089386829038","0","0.1010089386829038"
"1","1171","1224","1000","1","""HK""","0.01","false","""normal""","1","""constant""","0.1","""Scale-free""","2","0","1","""uniform""","""deterministic-normal""","10","-0.19999999999999996","0.7000000000000001","""normal""","0.20000000000000018","0.9","false","""/home/ramaswamy.51/Documents/github/Spirals/Media/data/cluster/endsim/BehaviorSearch/Step6_Trial""","true","0.1","0.30000000000000004","10","-0.9","true","true","""-825821234""","0.08179650443167225","0.08179650443167225","0.08179650443167225","0","0.08179650443167225"
"1","1172","1224","1000","1","""HK""","0.01","false","""normal""","1","""constant""","0.1","""Scale-free""","2","0","1","""uniform""","""deterministic-normal""","10","-0.19999999999999996","0.7000000000000001","""normal""","0.20000000000000018","0.9","false","""/home/ramaswamy.51/Documents/github/Spirals/Media/data/cluster/endsim/BehaviorSearch/Step6_Trial""","true","0.1","0.30000000000000004","10","-0.9","true","true","""888614633""","0.10239392614024495","0.10239392614024495","0.10239392614024495","0","0.10239392614024495"
"1","1173","1228","1000","1","""HK""","0.01","false","""normal""","1","""constant""","0.2","""Scale-free""","2","0","1","""uniform""","""deterministic-normal""","10","-0.09999999999999998","0.7000000000000001","""normal""","0.20000000000000018","1","false","""/home/ramaswamy.51/Documents/github/Spirals/Media/data/cluster/endsim/BehaviorSearch/Step6_Trial""","true","0.2","0.7000000000000001","8","-0.7","true","true","""341498450""","0.19758812056154648","0.19758812056154648","0.19758812056154648","0","0.19758812056154648"
"1","1174","1228","1000","1","""HK""","0.01","false","""normal""","1","""constant""","0.2","""Scale-free""","2","0","1","""uniform""","""deterministic-normal""","10","-0.09999999999999998","0.7000000000000001","""normal""","0.20000000000000018","1","false","""/home/ramaswamy.51/Documents/github/Spirals/Media/data/cluster/endsim/BehaviorSearch/Step6_Trial""","true","0.2","0.7000000000000001","8","-0.7","true","true","""470527133""","0.19473184933109555","0.19473184933109555","0.19473184933109555","0","0.19473184933109555"
"1","1175","1228","1000","1","""HK""","0.01","false","""normal""","1","""constant""","0.2","""Scale-free""","2","0","1","""uniform""","""deterministic-normal""","10","-0.09999999999999998","0.7000000000000001","""normal""","0.20000000000000018","1","false","""/home/ramaswamy.51/Documents/github/Spirals/Media/data/cluster/endsim/BehaviorSearch/Step6_Trial""","true","0.2","0.7000000000000001","8","-0.7","true","true","""-1072725622""","0.20717499625694083","0.20717499625694083","0.20717499625694083","0","0.20717499625694083"
"1","1176","1228","1000","1","""HK""","0.01","false","""normal""","1","""constant""","0.2","""Scale-free""","2","0","1","""uniform""","""deterministic-normal""","10","-0.09999999999999998","0.7000000000000001","""normal""","0.20000000000000018","1","false","""/home/ramaswamy.51/Documents/github/Spirals/Media/data/cluster/endsim/BehaviorSearch/Step6_Trial""","true","0.2","0.7000000000000001","8","-0.7","true","true","""-1107602760""","0.21294611483222697","0.21294611483222697","0.21294611483222697","0","0.21294611483222697"
"1","1177","1232","1000","1","""HK""","0.01","false","""normal""","1","""constant""","0.1","""Scale-free""","2","0","1","""uniform""","""deterministic-normal""","10","0","0.7000000000000001","""normal""","-0.09999999999999998","0.9","false","""/home/ramaswamy.51/Documents/github/Spirals/Media/data/cluster/endsim/BehaviorSearch/Step6_Trial""","true","0.2","0.30000000000000004","9","-0.8","true","true","""1309439454""","0.10577025036007842","0.10577025036007842","0.10577025036007842","0","0.10577025036007842"
"1","1178","1232","1000","1","""HK""","0.01","false","""normal""","1","""constant""","0.1","""Scale-free""","2","0","1","""uniform""","""deterministic-normal""","10","0","0.7000000000000001","""normal""","-0.09999999999999998","0.9","false","""/home/ramaswamy.51/Documents/github/Spirals/Media/data/cluster/endsim/BehaviorSearch/Step6_Trial""","true","0.2","0.30000000000000004","9","-0.8","true","true","""1161441586""","0.07198720736035306","0.07198720736035306","0.07198720736035306","0","0.07198720736035306"
"1","1179","1232","1000","1","""HK""","0.01","false","""normal""","1","""constant""","0.1","""Scale-free""","2","0","1","""uniform""","""deterministic-normal""","10","0","0.7000000000000001","""normal""","-0.09999999999999998","0.9","false","""/home/ramaswamy.51/Documents/github/Spirals/Media/data/cluster/endsim/BehaviorSearch/Step6_Trial""","true","0.2","0.30000000000000004","9","-0.8","true","true","""-2053129053""","0.08454572790321276","0.08454572790321276","0.08454572790321276","0","0.08454572790321276"
"1","1180","1232","1000","1","""HK""","0.01","false","""normal""","1","""constant""","0.1","""Scale-free""","2","0","1","""uniform""","""deterministic-normal""","10","0","0.7000000000000001","""normal""","-0.09999999999999998","0.9","false","""/home/ramaswamy.51/Documents/github/Spirals/Media/data/cluster/endsim/BehaviorSearch/Step6_Trial""","true","0.2","0.30000000000000004","9","-0.8","true","true","""1182638045""","0.09534409542308278","0.09534409542308278","0.09534409542308278","0","0.09534409542308278"
"1","1181","1236","1000","1","""HK""","0.01","false","""normal""","1","""constant""","0.1","""Scale-free""","2","0","1","""uniform""","""deterministic-normal""","10","-0.3999999999999999","0.5","""normal""","0.20000000000000018","0.9","false","""/home/ramaswamy.51/Documents/github/Spirals/Media/data/cluster/endsim/BehaviorSearch/Step6_Trial""","true","0.2","0.7000000000000001","9","-0.7","true","true","""911415325""","0.11386364096413468","0.11386364096413468","0.11386364096413468","0","0.11386364096413468"
"1","1182","1236","1000","1","""HK""","0.01","false","""normal""","1","""constant""","0.1","""Scale-free""","2","0","1","""uniform""","""deterministic-normal""","10","-0.3999999999999999","0.5","""normal""","0.20000000000000018","0.9","false","""/home/ramaswamy.51/Documents/github/Spirals/Media/data/cluster/endsim/BehaviorSearch/Step6_Trial""","true","0.2","0.7000000000000001","9","-0.7","true","true","""1442026778""","0.09590860600660372","0.09590860600660372","0.09590860600660372","0","0.09590860600660372"
"1","1183","1236","1000","1","""HK""","0.01","false","""normal""","1","""constant""","0.1","""Scale-free""","2","0","1","""uniform""","""deterministic-normal""","10","-0.3999999999999999","0.5","""normal""","0.20000000000000018","0.9","false","""/home/ramaswamy.51/Documents/github/Spirals/Media/data/cluster/endsim/BehaviorSearch/Step6_Trial""","true","0.2","0.7000000000000001","9","-0.7","true","true","""1150828466""","0.08038347172732908","0.08038347172732908","0.08038347172732908","0","0.08038347172732908"
"1","1184","1236","1000","1","""HK""","0.01","false","""normal""","1","""constant""","0.1","""Scale-free""","2","0","1","""uniform""","""deterministic-normal""","10","-0.3999999999999999","0.5","""normal""","0.20000000000000018","0.9","false","""/home/ramaswamy.51/Documents/github/Spirals/Media/data/cluster/endsim/BehaviorSearch/Step6_Trial""","true","0.2","0.7000000000000001","9","-0.7","true","true","""-47813476""","0.08792815499219499","0.08792815499219499","0.08792815499219499","0","0.08792815499219499"
"1","1185","1244","1000","1","""HK""","0.03","false","""normal""","1","""constant""","0","""Scale-free""","2","0","1","""uniform""","""deterministic-normal""","10","0","0.7000000000000001","""normal""","0.20000000000000018","0.9","false","""/home/ramaswamy.51/Documents/github/Spirals/Media/data/cluster/endsim/BehaviorSearch/Step6_Trial""","true","0.4","0.4","9","-0.5","true","true","""-697380633""","0.16064982603234643","0.16064982603234643","0.16064982603234643","0","0.16064982603234643"
"1","1186","1244","1000","1","""HK""","0.03","false","""normal""","1","""constant""","0","""Scale-free""","2","0","1","""uniform""","""deterministic-normal""","10","0","0.7000000000000001","""normal""","0.20000000000000018","0.9","false","""/home/ramaswamy.51/Documents/github/Spirals/Media/data/cluster/endsim/BehaviorSearch/Step6_Trial""","true","0.4","0.4","9","-0.5","true","true","""-1825780444""","0.19218492950367094","0.19218492950367094","0.19218492950367094","0","0.19218492950367094"
"1","1187","1244","1000","1","""HK""","0.03","false","""normal""","1","""constant""","0","""Scale-free""","2","0","1","""uniform""","""deterministic-normal""","10","0","0.7000000000000001","""normal""","0.20000000000000018","0.9","false","""/home/ramaswamy.51/Documents/github/Spirals/Media/data/cluster/endsim/BehaviorSearch/Step6_Trial""","true","0.4","0.4","9","-0.5","true","true","""205698547""","0.1522587453762686","0.1522587453762686","0.1522587453762686","0","0.1522587453762686"
"1","1188","1244","1000","1","""HK""","0.03","false","""normal""","1","""constant""","0","""Scale-free""","2","0","1","""uniform""","""deterministic-normal""","10","0","0.7000000000000001","""normal""","0.20000000000000018","0.9","false","""/home/ramaswamy.51/Documents/github/Spirals/Media/data/cluster/endsim/BehaviorSearch/Step6_Trial""","true","0.4","0.4","9","-0.5","true","true","""269979582""","0.16192113096074268","0.16192113096074268","0.16192113096074268","0","0.16192113096074268"
"1","1189","1248","1000","1","""HK""","0.01","false","""normal""","1","""constant""","0.1","""Scale-free""","2","0","1","""uniform""","""deterministic-normal""","10","-0.09999999999999998","0.6000000000000001","""normal""","0.10000000000000009","1","false","""/home/ramaswamy.51/Documents/github/Spirals/Media/data/cluster/endsim/BehaviorSearch/Step6_Trial""","true","0.30000000000000004","0.6000000000000001","10","-0.9","true","true","""1412146012""","0.08483416017262885","0.08483416017262885","0.08483416017262885","0","0.08483416017262885"
"1","1190","1248","1000","1","""HK""","0.01","false","""normal""","1","""constant""","0.1","""Scale-free""","2","0","1","""uniform""","""deterministic-normal""","10","-0.09999999999999998","0.6000000000000001","""normal""","0.10000000000000009","1","false","""/home/ramaswamy.51/Documents/github/Spirals/Media/data/cluster/endsim/BehaviorSearch/Step6_Trial""","true","0.30000000000000004","0.6000000000000001","10","-0.9","true","true","""-282466405""","0.0712784782450897","0.0712784782450897","0.0712784782450897","0","0.0712784782450897"
"1","1191","1248","1000","1","""HK""","0.01","false","""normal""","1","""constant""","0.1","""Scale-free""","2","0","1","""uniform""","""deterministic-normal""","10","-0.09999999999999998","0.6000000000000001","""normal""","0.10000000000000009","1","false","""/home/ramaswamy.51/Documents/github/Spirals/Media/data/cluster/endsim/BehaviorSearch/Step6_Trial""","true","0.30000000000000004","0.6000000000000001","10","-0.9","true","true","""245988150""","0.07874042915161823","0.07874042915161823","0.07874042915161823","0","0.07874042915161823"
"1","1192","1248","1000","1","""HK""","0.01","false","""normal""","1","""constant""","0.1","""Scale-free""","2","0","1","""uniform""","""deterministic-normal""","10","-0.09999999999999998","0.6000000000000001","""normal""","0.10000000000000009","1","false","""/home/ramaswamy.51/Documents/github/Spirals/Media/data/cluster/endsim/BehaviorSearch/Step6_Trial""","true","0.30000000000000004","0.6000000000000001","10","-0.9","true","true","""2130888901""","0.08232615404516713","0.08232615404516713","0.08232615404516713","0","0.08232615404516713"
"1","1193","1252","1000","1","""HK""","0.03","false","""normal""","1","""constant""","0.1","""Scale-free""","2","0","1","""uniform""","""deterministic-normal""","10","0","0.7000000000000001","""normal""","0.20000000000000018","1","false","""/home/ramaswamy.51/Documents/github/Spirals/Media/data/cluster/endsim/BehaviorSearch/Step6_Trial""","true","0.1","0.30000000000000004","8","-0.7","true","true","""1924461866""","0.09073631797585335","0.09073631797585335","0.09073631797585335","0","0.09073631797585335"
"1","1194","1252","1000","1","""HK""","0.03","false","""normal""","1","""constant""","0.1","""Scale-free""","2","0","1","""uniform""","""deterministic-normal""","10","0","0.7000000000000001","""normal""","0.20000000000000018","1","false","""/home/ramaswamy.51/Documents/github/Spirals/Media/data/cluster/endsim/BehaviorSearch/Step6_Trial""","true","0.1","0.30000000000000004","8","-0.7","true","true","""444950391""","0.10187397296077055","0.10187397296077055","0.10187397296077055","0","0.10187397296077055"
"1","1195","1252","1000","1","""HK""","0.03","false","""normal""","1","""constant""","0.1","""Scale-free""","2","0","1","""uniform""","""deterministic-normal""","10","0","0.7000000000000001","""normal""","0.20000000000000018","1","false","""/home/ramaswamy.51/Documents/github/Spirals/Media/data/cluster/endsim/BehaviorSearch/Step6_Trial""","true","0.1","0.30000000000000004","8","-0.7","true","true","""-1291453628""","0.09938516954447245","0.09938516954447245","0.09938516954447245","0","0.09938516954447245"
"1","1196","1252","1000","1","""HK""","0.03","false","""normal""","1","""constant""","0.1","""Scale-free""","2","0","1","""uniform""","""deterministic-normal""","10","0","0.7000000000000001","""normal""","0.20000000000000018","1","false","""/home/ramaswamy.51/Documents/github/Spirals/Media/data/cluster/endsim/BehaviorSearch/Step6_Trial""","true","0.1","0.30000000000000004","8","-0.7","true","true","""-1935559783""","0.08478293012554214","0.08478293012554214","0.08478293012554214","0","0.08478293012554214"
"1","1197","1256","1000","1","""HK""","0.01","false","""normal""","1","""constant""","0.1","""Scale-free""","2","0","1","""uniform""","""deterministic-normal""","10","-0.09999999999999998","0.7000000000000001","""normal""","0.30000000000000004","0.9","false","""/home/ramaswamy.51/Documents/github/Spirals/Media/data/cluster/endsim/BehaviorSearch/Step6_Trial""","true","0.2","0.8","10","-0.8","true","true","""1475650897""","0.09529723245419455","0.09529723245419455","0.09529723245419455","0","0.09529723245419455"
"1","1198","1256","1000","1","""HK""","0.01","false","""normal""","1","""constant""","0.1","""Scale-free""","2","0","1","""uniform""","""deterministic-normal""","10","-0.09999999999999998","0.7000000000000001","""normal""","0.30000000000000004","0.9","false","""/home/ramaswamy.51/Documents/github/Spirals/Media/data/cluster/endsim/BehaviorSearch/Step6_Trial""","true","0.2","0.8","10","-0.8","true","true","""2038299315""","0.10178140621246332","0.10178140621246332","0.10178140621246332","0","0.10178140621246332"
"1","1199","1256","1000","1","""HK""","0.01","false","""normal""","1","""constant""","0.1","""Scale-free""","2","0","1","""uniform""","""deterministic-normal""","10","-0.09999999999999998","0.7000000000000001","""normal""","0.30000000000000004","0.9","false","""/home/ramaswamy.51/Documents/github/Spirals/Media/data/cluster/endsim/BehaviorSearch/Step6_Trial""","true","0.2","0.8","10","-0.8","true","true","""79623697""","0.08738529340857543","0.08738529340857543","0.08738529340857543","0","0.08738529340857543"
"1","1200","1256","1000","1","""HK""","0.01","false","""normal""","1","""constant""","0.1","""Scale-free""","2","0","1","""uniform""","""deterministic-normal""","10","-0.09999999999999998","0.7000000000000001","""normal""","0.30000000000000004","0.9","false","""/home/ramaswamy.51/Documents/github/Spirals/Media/data/cluster/endsim/BehaviorSearch/Step6_Trial""","true","0.2","0.8","10","-0.8","true","true","""-463824726""","0.08098931662983236","0.08098931662983236","0.08098931662983236","0","0.08098931662983236"
"1","1201","1260","1000","1","""HK""","0.01","false","""normal""","1","""constant""","0.1","""Scale-free""","2","0","1","""uniform""","""deterministic-normal""","10","-0.09999999999999998","0.5","""normal""","0.20000000000000018","1","false","""/home/ramaswamy.51/Documents/github/Spirals/Media/data/cluster/endsim/BehaviorSearch/Step6_Trial""","true","0.2","0.7000000000000001","10","-0.9","true","true","""-1601725568""","0.09222152824882325","0.09222152824882325","0.09222152824882325","0","0.09222152824882325"
"1","1202","1260","1000","1","""HK""","0.01","false","""normal""","1","""constant""","0.1","""Scale-free""","2","0","1","""uniform""","""deterministic-normal""","10","-0.09999999999999998","0.5","""normal""","0.20000000000000018","1","false","""/home/ramaswamy.51/Documents/github/Spirals/Media/data/cluster/endsim/BehaviorSearch/Step6_Trial""","true","0.2","0.7000000000000001","10","-0.9","true","true","""-93143618""","0.07622944199703224","0.07622944199703224","0.07622944199703224","0","0.07622944199703224"
"1","1203","1260","1000","1","""HK""","0.01","false","""normal""","1","""constant""","0.1","""Scale-free""","2","0","1","""uniform""","""deterministic-normal""","10","-0.09999999999999998","0.5","""normal""","0.20000000000000018","1","false","""/home/ramaswamy.51/Documents/github/Spirals/Media/data/cluster/endsim/BehaviorSearch/Step6_Trial""","true","0.2","0.7000000000000001","10","-0.9","true","true","""-1858521103""","0.09555740153253897","0.09555740153253897","0.09555740153253897","0","0.09555740153253897"
"1","1204","1260","1000","1","""HK""","0.01","false","""normal""","1","""constant""","0.1","""Scale-free""","2","0","1","""uniform""","""deterministic-normal""","10","-0.09999999999999998","0.5","""normal""","0.20000000000000018","1","false","""/home/ramaswamy.51/Documents/github/Spirals/Media/data/cluster/endsim/BehaviorSearch/Step6_Trial""","true","0.2","0.7000000000000001","10","-0.9","true","true","""2130701535""","0.09152761681777212","0.09152761681777212","0.09152761681777212","0","0.09152761681777212"
"1","1205","1264","1000","1","""HK""","0.01","false","""normal""","1","""constant""","0.1","""Scale-free""","2","0","1","""uniform""","""deterministic-normal""","10","0","0.7000000000000001","""normal""","-0.09999999999999998","0.9","false","""/home/ramaswamy.51/Documents/github/Spirals/Media/data/cluster/endsim/BehaviorSearch/Step6_Trial""","true","0.2","0.4","9","-0.09999999999999998","true","true","""1569468118""","0.11233082501368852","0.11233082501368852","0.11233082501368852","0","0.11233082501368852"
"1","1206","1264","1000","1","""HK""","0.01","false","""normal""","1","""constant""","0.1","""Scale-free""","2","0","1","""uniform""","""deterministic-normal""","10","0","0.7000000000000001","""normal""","-0.09999999999999998","0.9","false","""/home/ramaswamy.51/Documents/github/Spirals/Media/data/cluster/endsim/BehaviorSearch/Step6_Trial""","true","0.2","0.4","9","-0.09999999999999998","true","true","""-1568557662""","0.10226635217660994","0.10226635217660994","0.10226635217660994","0","0.10226635217660994"
"1","1207","1264","1000","1","""HK""","0.01","false","""normal""","1","""constant""","0.1","""Scale-free""","2","0","1","""uniform""","""deterministic-normal""","10","0","0.7000000000000001","""normal""","-0.09999999999999998","0.9","false","""/home/ramaswamy.51/Documents/github/Spirals/Media/data/cluster/endsim/BehaviorSearch/Step6_Trial""","true","0.2","0.4","9","-0.09999999999999998","true","true","""-1456252084""","0.09207814243996805","0.09207814243996805","0.09207814243996805","0","0.09207814243996805"
"1","1208","1264","1000","1","""HK""","0.01","false","""normal""","1","""constant""","0.1","""Scale-free""","2","0","1","""uniform""","""deterministic-normal""","10","0","0.7000000000000001","""normal""","-0.09999999999999998","0.9","false","""/home/ramaswamy.51/Documents/github/Spirals/Media/data/cluster/endsim/BehaviorSearch/Step6_Trial""","true","0.2","0.4","9","-0.09999999999999998","true","true","""-439412069""","0.0960067931854713","0.0960067931854713","0.0960067931854713","0","0.0960067931854713"
"1","1209","1268","1000","1","""HK""","0.01","false","""normal""","1","""constant""","0.1","""Scale-free""","2","0","1","""uniform""","""deterministic-normal""","15","0.10000000000000009","0.7000000000000001","""normal""","0.20000000000000018","1","false","""/home/ramaswamy.51/Documents/github/Spirals/Media/data/cluster/endsim/BehaviorSearch/Step6_Trial""","true","0.2","0.4","9","-0.7","true","true","""934030609""","0.07540404218020048","0.07540404218020048","0.07540404218020048","0","0.07540404218020048"
"1","1210","1268","1000","1","""HK""","0.01","false","""normal""","1","""constant""","0.1","""Scale-free""","2","0","1","""uniform""","""deterministic-normal""","15","0.10000000000000009","0.7000000000000001","""normal""","0.20000000000000018","1","false","""/home/ramaswamy.51/Documents/github/Spirals/Media/data/cluster/endsim/BehaviorSearch/Step6_Trial""","true","0.2","0.4","9","-0.7","true","true","""-1317917412""","0.08691873549669936","0.08691873549669936","0.08691873549669936","0","0.08691873549669936"
"1","1211","1268","1000","1","""HK""","0.01","false","""normal""","1","""constant""","0.1","""Scale-free""","2","0","1","""uniform""","""deterministic-normal""","15","0.10000000000000009","0.7000000000000001","""normal""","0.20000000000000018","1","false","""/home/ramaswamy.51/Documents/github/Spirals/Media/data/cluster/endsim/BehaviorSearch/Step6_Trial""","true","0.2","0.4","9","-0.7","true","true","""32394316""","0.08173003607264137","0.08173003607264137","0.08173003607264137","0","0.08173003607264137"
"1","1212","1268","1000","1","""HK""","0.01","false","""normal""","1","""constant""","0.1","""Scale-free""","2","0","1","""uniform""","""deterministic-normal""","15","0.10000000000000009","0.7000000000000001","""normal""","0.20000000000000018","1","false","""/home/ramaswamy.51/Documents/github/Spirals/Media/data/cluster/endsim/BehaviorSearch/Step6_Trial""","true","0.2","0.4","9","-0.7","true","true","""1619973282""","0.07254471883364828","0.07254471883364828","0.07254471883364828","0","0.07254471883364828"
"1","1213","1272","1000","1","""HK""","0.05","false","""normal""","1","""constant""","0","""Scale-free""","2","0","1","""uniform""","""deterministic-normal""","10","-0.19999999999999996","0.6000000000000001","""normal""","-0.09999999999999998","0.9","false","""/home/ramaswamy.51/Documents/github/Spirals/Media/data/cluster/endsim/BehaviorSearch/Step6_Trial""","true","0.1","0.4","8","-0.7","true","true","""-445063606""","0.2186061265797429","0.2186061265797429","0.2186061265797429","0","0.2186061265797429"
"1","1214","1272","1000","1","""HK""","0.05","false","""normal""","1","""constant""","0","""Scale-free""","2","0","1","""uniform""","""deterministic-normal""","10","-0.19999999999999996","0.6000000000000001","""normal""","-0.09999999999999998","0.9","false","""/home/ramaswamy.51/Documents/github/Spirals/Media/data/cluster/endsim/BehaviorSearch/Step6_Trial""","true","0.1","0.4","8","-0.7","true","true","""85240699""","0.22148646676155398","0.22148646676155398","0.22148646676155398","0","0.22148646676155398"
"1","1215","1272","1000","1","""HK""","0.05","false","""normal""","1","""constant""","0","""Scale-free""","2","0","1","""uniform""","""deterministic-normal""","10","-0.19999999999999996","0.6000000000000001","""normal""","-0.09999999999999998","0.9","false","""/home/ramaswamy.51/Documents/github/Spirals/Media/data/cluster/endsim/BehaviorSearch/Step6_Trial""","true","0.1","0.4","8","-0.7","true","true","""-693675120""","0.22354362918782875","0.22354362918782875","0.22354362918782875","0","0.22354362918782875"
"1","1216","1272","1000","1","""HK""","0.05","false","""normal""","1","""constant""","0","""Scale-free""","2","0","1","""uniform""","""deterministic-normal""","10","-0.19999999999999996","0.6000000000000001","""normal""","-0.09999999999999998","0.9","false","""/home/ramaswamy.51/Documents/github/Spirals/Media/data/cluster/endsim/BehaviorSearch/Step6_Trial""","true","0.1","0.4","8","-0.7","true","true","""1095924707""","0.2197316287617645","0.2197316287617645","0.2197316287617645","0","0.2197316287617645"
"1","1217","1276","1000","1","""HK""","0.01","false","""normal""","1","""constant""","0.1","""Scale-free""","2","0","1","""uniform""","""deterministic-normal""","10","-0.19999999999999996","0.6000000000000001","""normal""","0.10000000000000009","1","false","""/home/ramaswamy.51/Documents/github/Spirals/Media/data/cluster/endsim/BehaviorSearch/Step6_Trial""","true","0.30000000000000004","0.4","9","-0.7","true","true","""761699537""","0.07908348620499114","0.07908348620499114","0.07908348620499114","0","0.07908348620499114"
"1","1218","1276","1000","1","""HK""","0.01","false","""normal""","1","""constant""","0.1","""Scale-free""","2","0","1","""uniform""","""deterministic-normal""","10","-0.19999999999999996","0.6000000000000001","""normal""","0.10000000000000009","1","false","""/home/ramaswamy.51/Documents/github/Spirals/Media/data/cluster/endsim/BehaviorSearch/Step6_Trial""","true","0.30000000000000004","0.4","9","-0.7","true","true","""-251335511""","0.08154822457455195","0.08154822457455195","0.08154822457455195","0","0.08154822457455195"
"1","1219","1276","1000","1","""HK""","0.01","false","""normal""","1","""constant""","0.1","""Scale-free""","2","0","1","""uniform""","""deterministic-normal""","10","-0.19999999999999996","0.6000000000000001","""normal""","0.10000000000000009","1","false","""/home/ramaswamy.51/Documents/github/Spirals/Media/data/cluster/endsim/BehaviorSearch/Step6_Trial""","true","0.30000000000000004","0.4","9","-0.7","true","true","""1697569433""","0.09666512721116674","0.09666512721116674","0.09666512721116674","0","0.09666512721116674"
"1","1220","1276","1000","1","""HK""","0.01","false","""normal""","1","""constant""","0.1","""Scale-free""","2","0","1","""uniform""","""deterministic-normal""","10","-0.19999999999999996","0.6000000000000001","""normal""","0.10000000000000009","1","false","""/home/ramaswamy.51/Documents/github/Spirals/Media/data/cluster/endsim/BehaviorSearch/Step6_Trial""","true","0.30000000000000004","0.4","9","-0.7","true","true","""1002717531""","0.07109876320625162","0.07109876320625162","0.07109876320625162","0","0.07109876320625162"
"1","1221","1280","1000","1","""HK""","0.01","false","""normal""","1","""constant""","0.1","""Scale-free""","2","0","1","""uniform""","""deterministic-normal""","10","-0.09999999999999998","0.6000000000000001","""normal""","0.10000000000000009","1","false","""/home/ramaswamy.51/Documents/github/Spirals/Media/data/cluster/endsim/BehaviorSearch/Step6_Trial""","true","0.30000000000000004","0.4","10","-0.7","true","true","""-672976932""","0.09437836025469619","0.09437836025469619","0.09437836025469619","0","0.09437836025469619"
"1","1222","1280","1000","1","""HK""","0.01","false","""normal""","1","""constant""","0.1","""Scale-free""","2","0","1","""uniform""","""deterministic-normal""","10","-0.09999999999999998","0.6000000000000001","""normal""","0.10000000000000009","1","false","""/home/ramaswamy.51/Documents/github/Spirals/Media/data/cluster/endsim/BehaviorSearch/Step6_Trial""","true","0.30000000000000004","0.4","10","-0.7","true","true","""-1190016162""","0.07447127694323415","0.07447127694323415","0.07447127694323415","0","0.07447127694323415"
"1","1223","1280","1000","1","""HK""","0.01","false","""normal""","1","""constant""","0.1","""Scale-free""","2","0","1","""uniform""","""deterministic-normal""","10","-0.09999999999999998","0.6000000000000001","""normal""","0.10000000000000009","1","false","""/home/ramaswamy.51/Documents/github/Spirals/Media/data/cluster/endsim/BehaviorSearch/Step6_Trial""","true","0.30000000000000004","0.4","10","-0.7","true","true","""-1452314335""","0.08720289875234923","0.08720289875234923","0.08720289875234923","0","0.08720289875234923"
"1","1224","1280","1000","1","""HK""","0.01","false","""normal""","1","""constant""","0.1","""Scale-free""","2","0","1","""uniform""","""deterministic-normal""","10","-0.09999999999999998","0.6000000000000001","""normal""","0.10000000000000009","1","false","""/home/ramaswamy.51/Documents/github/Spirals/Media/data/cluster/endsim/BehaviorSearch/Step6_Trial""","true","0.30000000000000004","0.4","10","-0.7","true","true","""-1703843419""","0.07449449828269299","0.07449449828269299","0.07449449828269299","0","0.07449449828269299"
"1","1225","1284","1000","1","""HK""","0.01","false","""normal""","1","""constant""","0","""Scale-free""","2","0","1","""uniform""","""deterministic-normal""","10","-0.19999999999999996","0.7000000000000001","""normal""","0.30000000000000004","1","false","""/home/ramaswamy.51/Documents/github/Spirals/Media/data/cluster/endsim/BehaviorSearch/Step6_Trial""","true","0","0.7000000000000001","8","-0.7","true","true","""2071618110""","0.18333563484571327","0.18333563484571327","0.18333563484571327","0","0.18333563484571327"
"1","1226","1284","1000","1","""HK""","0.01","false","""normal""","1","""constant""","0","""Scale-free""","2","0","1","""uniform""","""deterministic-normal""","10","-0.19999999999999996","0.7000000000000001","""normal""","0.30000000000000004","1","false","""/home/ramaswamy.51/Documents/github/Spirals/Media/data/cluster/endsim/BehaviorSearch/Step6_Trial""","true","0","0.7000000000000001","8","-0.7","true","true","""536797151""","0.1888364075243352","0.1888364075243352","0.1888364075243352","0","0.1888364075243352"
"1","1227","1284","1000","1","""HK""","0.01","false","""normal""","1","""constant""","0","""Scale-free""","2","0","1","""uniform""","""deterministic-normal""","10","-0.19999999999999996","0.7000000000000001","""normal""","0.30000000000000004","1","false","""/home/ramaswamy.51/Documents/github/Spirals/Media/data/cluster/endsim/BehaviorSearch/Step6_Trial""","true","0","0.7000000000000001","8","-0.7","true","true","""-253695398""","0.20470052163998526","0.20470052163998526","0.20470052163998526","0","0.20470052163998526"
"1","1228","1284","1000","1","""HK""","0.01","false","""normal""","1","""constant""","0","""Scale-free""","2","0","1","""uniform""","""deterministic-normal""","10","-0.19999999999999996","0.7000000000000001","""normal""","0.30000000000000004","1","false","""/home/ramaswamy.51/Documents/github/Spirals/Media/data/cluster/endsim/BehaviorSearch/Step6_Trial""","true","0","0.7000000000000001","8","-0.7","true","true","""-948752934""","0.19210756902014967","0.19210756902014967","0.19210756902014967","0","0.19210756902014967"
"1","1229","1288","1000","1","""HK""","0.01","false","""normal""","1","""constant""","0.1","""Scale-free""","2","0","1","""uniform""","""deterministic-normal""","15","0.10000000000000009","0.7000000000000001","""normal""","0.20000000000000018","1","false","""/home/ramaswamy.51/Documents/github/Spirals/Media/data/cluster/endsim/BehaviorSearch/Step6_Trial""","true","0.2","0.5","9","-0.7","true","true","""-663587743""","0.0998916545588196","0.0998916545588196","0.0998916545588196","0","0.0998916545588196"
"1","1230","1288","1000","1","""HK""","0.01","false","""normal""","1","""constant""","0.1","""Scale-free""","2","0","1","""uniform""","""deterministic-normal""","15","0.10000000000000009","0.7000000000000001","""normal""","0.20000000000000018","1","false","""/home/ramaswamy.51/Documents/github/Spirals/Media/data/cluster/endsim/BehaviorSearch/Step6_Trial""","true","0.2","0.5","9","-0.7","true","true","""-1989473884""","0.08674089996992289","0.08674089996992289","0.08674089996992289","0","0.08674089996992289"
"1","1231","1288","1000","1","""HK""","0.01","false","""normal""","1","""constant""","0.1","""Scale-free""","2","0","1","""uniform""","""deterministic-normal""","15","0.10000000000000009","0.7000000000000001","""normal""","0.20000000000000018","1","false","""/home/ramaswamy.51/Documents/github/Spirals/Media/data/cluster/endsim/BehaviorSearch/Step6_Trial""","true","0.2","0.5","9","-0.7","true","true","""1996845383""","0.10521073681140986","0.10521073681140986","0.10521073681140986","0","0.10521073681140986"
"1","1232","1288","1000","1","""HK""","0.01","false","""normal""","1","""constant""","0.1","""Scale-free""","2","0","1","""uniform""","""deterministic-normal""","15","0.10000000000000009","0.7000000000000001","""normal""","0.20000000000000018","1","false","""/home/ramaswamy.51/Documents/github/Spirals/Media/data/cluster/endsim/BehaviorSearch/Step6_Trial""","true","0.2","0.5","9","-0.7","true","true","""-1260107137""","0.08363086507420628","0.08363086507420628","0.08363086507420628","0","0.08363086507420628"
"1","1233","1296","1000","1","""HK""","0.03","false","""normal""","1","""constant""","0.1","""Scale-free""","2","0","1","""uniform""","""deterministic-normal""","0","-0.09999999999999998","0.6000000000000001","""normal""","0.10000000000000009","1","false","""/home/ramaswamy.51/Documents/github/Spirals/Media/data/cluster/endsim/BehaviorSearch/Step6_Trial""","true","0.30000000000000004","0.4","10","-0.8","true","true","""1193380710""","0.08475479851148589","0.08475479851148589","0.08475479851148589","0","0.08475479851148589"
"1","1234","1296","1000","1","""HK""","0.03","false","""normal""","1","""constant""","0.1","""Scale-free""","2","0","1","""uniform""","""deterministic-normal""","0","-0.09999999999999998","0.6000000000000001","""normal""","0.10000000000000009","1","false","""/home/ramaswamy.51/Documents/github/Spirals/Media/data/cluster/endsim/BehaviorSearch/Step6_Trial""","true","0.30000000000000004","0.4","10","-0.8","true","true","""2051249604""","0.11896470145904814","0.11896470145904814","0.11896470145904814","0","0.11896470145904814"
"1","1235","1296","1000","1","""HK""","0.03","false","""normal""","1","""constant""","0.1","""Scale-free""","2","0","1","""uniform""","""deterministic-normal""","0","-0.09999999999999998","0.6000000000000001","""normal""","0.10000000000000009","1","false","""/home/ramaswamy.51/Documents/github/Spirals/Media/data/cluster/endsim/BehaviorSearch/Step6_Trial""","true","0.30000000000000004","0.4","10","-0.8","true","true","""2026493355""","0.0817756750624313","0.0817756750624313","0.0817756750624313","0","0.0817756750624313"
"1","1236","1296","1000","1","""HK""","0.03","false","""normal""","1","""constant""","0.1","""Scale-free""","2","0","1","""uniform""","""deterministic-normal""","0","-0.09999999999999998","0.6000000000000001","""normal""","0.10000000000000009","1","false","""/home/ramaswamy.51/Documents/github/Spirals/Media/data/cluster/endsim/BehaviorSearch/Step6_Trial""","true","0.30000000000000004","0.4","10","-0.8","true","true","""-320228051""","0.08669744150231898","0.08669744150231898","0.08669744150231898","0","0.08669744150231898"
"1","1237","1300","1000","1","""HK""","0.01","false","""normal""","1","""constant""","0.1","""Scale-free""","2","0","1","""uniform""","""deterministic-normal""","10","0.10000000000000009","0.7000000000000001","""normal""","0","0.9","false","""/home/ramaswamy.51/Documents/github/Spirals/Media/data/cluster/endsim/BehaviorSearch/Step6_Trial""","true","0.2","0.5","9","-1","true","true","""1511723729""","0.08687367523102447","0.08687367523102447","0.08687367523102447","0","0.08687367523102447"
"1","1238","1300","1000","1","""HK""","0.01","false","""normal""","1","""constant""","0.1","""Scale-free""","2","0","1","""uniform""","""deterministic-normal""","10","0.10000000000000009","0.7000000000000001","""normal""","0","0.9","false","""/home/ramaswamy.51/Documents/github/Spirals/Media/data/cluster/endsim/BehaviorSearch/Step6_Trial""","true","0.2","0.5","9","-1","true","true","""-234751989""","0.09142728187957543","0.09142728187957543","0.09142728187957543","0","0.09142728187957543"
"1","1239","1300","1000","1","""HK""","0.01","false","""normal""","1","""constant""","0.1","""Scale-free""","2","0","1","""uniform""","""deterministic-normal""","10","0.10000000000000009","0.7000000000000001","""normal""","0","0.9","false","""/home/ramaswamy.51/Documents/github/Spirals/Media/data/cluster/endsim/BehaviorSearch/Step6_Trial""","true","0.2","0.5","9","-1","true","true","""-200636027""","0.09059212948972677","0.09059212948972677","0.09059212948972677","0","0.09059212948972677"
"1","1240","1300","1000","1","""HK""","0.01","false","""normal""","1","""constant""","0.1","""Scale-free""","2","0","1","""uniform""","""deterministic-normal""","10","0.10000000000000009","0.7000000000000001","""normal""","0","0.9","false","""/home/ramaswamy.51/Documents/github/Spirals/Media/data/cluster/endsim/BehaviorSearch/Step6_Trial""","true","0.2","0.5","9","-1","true","true","""-1437296114""","0.09852493549597897","0.09852493549597897","0.09852493549597897","0","0.09852493549597897"
"1","1241","1304","1000","1","""HK""","0.01","false","""normal""","1","""constant""","0.1","""Scale-free""","2","0","1","""uniform""","""deterministic-normal""","10","-0.19999999999999996","0.7000000000000001","""normal""","0.20000000000000018","1","false","""/home/ramaswamy.51/Documents/github/Spirals/Media/data/cluster/endsim/BehaviorSearch/Step6_Trial""","true","0.1","0.4","8","-0.7","true","true","""-345978322""","0.11125872029298862","0.11125872029298862","0.11125872029298862","0","0.11125872029298862"
"1","1242","1304","1000","1","""HK""","0.01","false","""normal""","1","""constant""","0.1","""Scale-free""","2","0","1","""uniform""","""deterministic-normal""","10","-0.19999999999999996","0.7000000000000001","""normal""","0.20000000000000018","1","false","""/home/ramaswamy.51/Documents/github/Spirals/Media/data/cluster/endsim/BehaviorSearch/Step6_Trial""","true","0.1","0.4","8","-0.7","true","true","""-686339449""","0.09343163476080961","0.09343163476080961","0.09343163476080961","0","0.09343163476080961"
"1","1243","1304","1000","1","""HK""","0.01","false","""normal""","1","""constant""","0.1","""Scale-free""","2","0","1","""uniform""","""deterministic-normal""","10","-0.19999999999999996","0.7000000000000001","""normal""","0.20000000000000018","1","false","""/home/ramaswamy.51/Documents/github/Spirals/Media/data/cluster/endsim/BehaviorSearch/Step6_Trial""","true","0.1","0.4","8","-0.7","true","true","""888335882""","0.10615920785705488","0.10615920785705488","0.10615920785705488","0","0.10615920785705488"
"1","1244","1304","1000","1","""HK""","0.01","false","""normal""","1","""constant""","0.1","""Scale-free""","2","0","1","""uniform""","""deterministic-normal""","10","-0.19999999999999996","0.7000000000000001","""normal""","0.20000000000000018","1","false","""/home/ramaswamy.51/Documents/github/Spirals/Media/data/cluster/endsim/BehaviorSearch/Step6_Trial""","true","0.1","0.4","8","-0.7","true","true","""1942549788""","0.06819367534364743","0.06819367534364743","0.06819367534364743","0","0.06819367534364743"
"1","1245","1308","1000","1","""HK""","0.01","false","""normal""","1","""constant""","0.1","""Scale-free""","2","0","1","""uniform""","""deterministic-normal""","15","-0.19999999999999996","0.7000000000000001","""normal""","0.20000000000000018","1","false","""/home/ramaswamy.51/Documents/github/Spirals/Media/data/cluster/endsim/BehaviorSearch/Step6_Trial""","true","0.30000000000000004","0.4","9","-0.7","true","true","""828774902""","0.06426275768219851","0.06426275768219851","0.06426275768219851","0","0.06426275768219851"
"1","1246","1308","1000","1","""HK""","0.01","false","""normal""","1","""constant""","0.1","""Scale-free""","2","0","1","""uniform""","""deterministic-normal""","15","-0.19999999999999996","0.7000000000000001","""normal""","0.20000000000000018","1","false","""/home/ramaswamy.51/Documents/github/Spirals/Media/data/cluster/endsim/BehaviorSearch/Step6_Trial""","true","0.30000000000000004","0.4","9","-0.7","true","true","""1425458932""","0.08423672773612559","0.08423672773612559","0.08423672773612559","0","0.08423672773612559"
"1","1247","1308","1000","1","""HK""","0.01","false","""normal""","1","""constant""","0.1","""Scale-free""","2","0","1","""uniform""","""deterministic-normal""","15","-0.19999999999999996","0.7000000000000001","""normal""","0.20000000000000018","1","false","""/home/ramaswamy.51/Documents/github/Spirals/Media/data/cluster/endsim/BehaviorSearch/Step6_Trial""","true","0.30000000000000004","0.4","9","-0.7","true","true","""-1347570605""","0.09704201673286705","0.09704201673286705","0.09704201673286705","0","0.09704201673286705"
"1","1248","1308","1000","1","""HK""","0.01","false","""normal""","1","""constant""","0.1","""Scale-free""","2","0","1","""uniform""","""deterministic-normal""","15","-0.19999999999999996","0.7000000000000001","""normal""","0.20000000000000018","1","false","""/home/ramaswamy.51/Documents/github/Spirals/Media/data/cluster/endsim/BehaviorSearch/Step6_Trial""","true","0.30000000000000004","0.4","9","-0.7","true","true","""-724918738""","0.06208169970684205","0.06208169970684205","0.06208169970684205","0","0.06208169970684205"
"1","1249","1312","1000","1","""HK""","0.01","false","""normal""","1","""constant""","0.1","""Scale-free""","2","0","1","""uniform""","""deterministic-normal""","10","-0.19999999999999996","0.6000000000000001","""normal""","-0.09999999999999998","1","false","""/home/ramaswamy.51/Documents/github/Spirals/Media/data/cluster/endsim/BehaviorSearch/Step6_Trial""","true","0.2","0.8","8","-0.7","true","true","""-1778825612""","0.08429168372115314","0.08429168372115314","0.08429168372115314","0","0.08429168372115314"
"1","1250","1312","1000","1","""HK""","0.01","false","""normal""","1","""constant""","0.1","""Scale-free""","2","0","1","""uniform""","""deterministic-normal""","10","-0.19999999999999996","0.6000000000000001","""normal""","-0.09999999999999998","1","false","""/home/ramaswamy.51/Documents/github/Spirals/Media/data/cluster/endsim/BehaviorSearch/Step6_Trial""","true","0.2","0.8","8","-0.7","true","true","""65448185""","0.08010931504028494","0.08010931504028494","0.08010931504028494","0","0.08010931504028494"
"1","1251","1312","1000","1","""HK""","0.01","false","""normal""","1","""constant""","0.1","""Scale-free""","2","0","1","""uniform""","""deterministic-normal""","10","-0.19999999999999996","0.6000000000000001","""normal""","-0.09999999999999998","1","false","""/home/ramaswamy.51/Documents/github/Spirals/Media/data/cluster/endsim/BehaviorSearch/Step6_Trial""","true","0.2","0.8","8","-0.7","true","true","""129212120""","0.05517174441184295","0.05517174441184295","0.05517174441184295","0","0.05517174441184295"
"1","1252","1312","1000","1","""HK""","0.01","false","""normal""","1","""constant""","0.1","""Scale-free""","2","0","1","""uniform""","""deterministic-normal""","10","-0.19999999999999996","0.6000000000000001","""normal""","-0.09999999999999998","1","false","""/home/ramaswamy.51/Documents/github/Spirals/Media/data/cluster/endsim/BehaviorSearch/Step6_Trial""","true","0.2","0.8","8","-0.7","true","true","""-1499135544""","0.07176944802017257","0.07176944802017257","0.07176944802017257","0","0.07176944802017257"
"1","1253","1316","1000","1","""HK""","0.01","false","""normal""","1","""constant""","0.1","""Scale-free""","2","0","1","""uniform""","""deterministic-normal""","10","0","0.5","""normal""","0.20000000000000018","0.9","false","""/home/ramaswamy.51/Documents/github/Spirals/Media/data/cluster/endsim/BehaviorSearch/Step6_Trial""","true","0.4","0.6000000000000001","9","-0.7","true","true","""-606596521""","0.09630344282054838","0.09630344282054838","0.09630344282054838","0","0.09630344282054838"
"1","1254","1316","1000","1","""HK""","0.01","false","""normal""","1","""constant""","0.1","""Scale-free""","2","0","1","""uniform""","""deterministic-normal""","10","0","0.5","""normal""","0.20000000000000018","0.9","false","""/home/ramaswamy.51/Documents/github/Spirals/Media/data/cluster/endsim/BehaviorSearch/Step6_Trial""","true","0.4","0.6000000000000001","9","-0.7","true","true","""-1239863478""","0.09811908326008761","0.09811908326008761","0.09811908326008761","0","0.09811908326008761"
"1","1255","1316","1000","1","""HK""","0.01","false","""normal""","1","""constant""","0.1","""Scale-free""","2","0","1","""uniform""","""deterministic-normal""","10","0","0.5","""normal""","0.20000000000000018","0.9","false","""/home/ramaswamy.51/Documents/github/Spirals/Media/data/cluster/endsim/BehaviorSearch/Step6_Trial""","true","0.4","0.6000000000000001","9","-0.7","true","true","""-913119742""","0.07485213300219554","0.07485213300219554","0.07485213300219554","0","0.07485213300219554"
"1","1256","1316","1000","1","""HK""","0.01","false","""normal""","1","""constant""","0.1","""Scale-free""","2","0","1","""uniform""","""deterministic-normal""","10","0","0.5","""normal""","0.20000000000000018","0.9","false","""/home/ramaswamy.51/Documents/github/Spirals/Media/data/cluster/endsim/BehaviorSearch/Step6_Trial""","true","0.4","0.6000000000000001","9","-0.7","true","true","""560678858""","0.1332971629408671","0.1332971629408671","0.1332971629408671","0","0.1332971629408671"
"1","1257","1320","1000","1","""HK""","0.01","false","""normal""","1","""constant""","0.1","""Scale-free""","2","0","1","""uniform""","""deterministic-normal""","5","-0.3999999999999999","0.5","""normal""","-0.09999999999999998","0.9","false","""/home/ramaswamy.51/Documents/github/Spirals/Media/data/cluster/endsim/BehaviorSearch/Step6_Trial""","true","0.2","0.4","9","-1","true","true","""1804033663""","0.0758601313937915","0.0758601313937915","0.0758601313937915","0","0.0758601313937915"
"1","1258","1320","1000","1","""HK""","0.01","false","""normal""","1","""constant""","0.1","""Scale-free""","2","0","1","""uniform""","""deterministic-normal""","5","-0.3999999999999999","0.5","""normal""","-0.09999999999999998","0.9","false","""/home/ramaswamy.51/Documents/github/Spirals/Media/data/cluster/endsim/BehaviorSearch/Step6_Trial""","true","0.2","0.4","9","-1","true","true","""-156749896""","0.11488136359326255","0.11488136359326255","0.11488136359326255","0","0.11488136359326255"
"1","1259","1320","1000","1","""HK""","0.01","false","""normal""","1","""constant""","0.1","""Scale-free""","2","0","1","""uniform""","""deterministic-normal""","5","-0.3999999999999999","0.5","""normal""","-0.09999999999999998","0.9","false","""/home/ramaswamy.51/Documents/github/Spirals/Media/data/cluster/endsim/BehaviorSearch/Step6_Trial""","true","0.2","0.4","9","-1","true","true","""1745285196""","0.08504592442591727","0.08504592442591727","0.08504592442591727","0","0.08504592442591727"
"1","1260","1320","1000","1","""HK""","0.01","false","""normal""","1","""constant""","0.1","""Scale-free""","2","0","1","""uniform""","""deterministic-normal""","5","-0.3999999999999999","0.5","""normal""","-0.09999999999999998","0.9","false","""/home/ramaswamy.51/Documents/github/Spirals/Media/data/cluster/endsim/BehaviorSearch/Step6_Trial""","true","0.2","0.4","9","-1","true","true","""409835833""","0.08865563088119896","0.08865563088119896","0.08865563088119896","0","0.08865563088119896"
"1","1261","1324","1000","1","""HK""","0.01","false","""normal""","1","""constant""","0.1","""Scale-free""","2","0","1","""uniform""","""deterministic-normal""","10","0","0.7000000000000001","""normal""","0.20000000000000018","1","false","""/home/ramaswamy.51/Documents/github/Spirals/Media/data/cluster/endsim/BehaviorSearch/Step6_Trial""","true","0.30000000000000004","0.4","9","-0.8","true","true","""2047943867""","0.09797857887495336","0.09797857887495336","0.09797857887495336","0","0.09797857887495336"
"1","1262","1324","1000","1","""HK""","0.01","false","""normal""","1","""constant""","0.1","""Scale-free""","2","0","1","""uniform""","""deterministic-normal""","10","0","0.7000000000000001","""normal""","0.20000000000000018","1","false","""/home/ramaswamy.51/Documents/github/Spirals/Media/data/cluster/endsim/BehaviorSearch/Step6_Trial""","true","0.30000000000000004","0.4","9","-0.8","true","true","""-256162751""","0.08194908509785287","0.08194908509785287","0.08194908509785287","0","0.08194908509785287"
"1","1263","1324","1000","1","""HK""","0.01","false","""normal""","1","""constant""","0.1","""Scale-free""","2","0","1","""uniform""","""deterministic-normal""","10","0","0.7000000000000001","""normal""","0.20000000000000018","1","false","""/home/ramaswamy.51/Documents/github/Spirals/Media/data/cluster/endsim/BehaviorSearch/Step6_Trial""","true","0.30000000000000004","0.4","9","-0.8","true","true","""-1347155281""","0.07924655447340609","0.07924655447340609","0.07924655447340609","0","0.07924655447340609"
"1","1264","1324","1000","1","""HK""","0.01","false","""normal""","1","""constant""","0.1","""Scale-free""","2","0","1","""uniform""","""deterministic-normal""","10","0","0.7000000000000001","""normal""","0.20000000000000018","1","false","""/home/ramaswamy.51/Documents/github/Spirals/Media/data/cluster/endsim/BehaviorSearch/Step6_Trial""","true","0.30000000000000004","0.4","9","-0.8","true","true","""160223516""","0.09110857827914844","0.09110857827914844","0.09110857827914844","0","0.09110857827914844"
"1","1265","1328","1000","1","""HK""","0.01","false","""normal""","1","""constant""","0.1","""Scale-free""","2","0","1","""uniform""","""deterministic-normal""","10","0","0.7000000000000001","""normal""","-0.09999999999999998","0.9","false","""/home/ramaswamy.51/Documents/github/Spirals/Media/data/cluster/endsim/BehaviorSearch/Step6_Trial""","true","0.30000000000000004","0.4","9","-1","true","true","""855306852""","0.1028946804001228","0.1028946804001228","0.1028946804001228","0","0.1028946804001228"
"1","1266","1328","1000","1","""HK""","0.01","false","""normal""","1","""constant""","0.1","""Scale-free""","2","0","1","""uniform""","""deterministic-normal""","10","0","0.7000000000000001","""normal""","-0.09999999999999998","0.9","false","""/home/ramaswamy.51/Documents/github/Spirals/Media/data/cluster/endsim/BehaviorSearch/Step6_Trial""","true","0.30000000000000004","0.4","9","-1","true","true","""927082173""","0.0985701350888071","0.0985701350888071","0.0985701350888071","0","0.0985701350888071"
"1","1267","1328","1000","1","""HK""","0.01","false","""normal""","1","""constant""","0.1","""Scale-free""","2","0","1","""uniform""","""deterministic-normal""","10","0","0.7000000000000001","""normal""","-0.09999999999999998","0.9","false","""/home/ramaswamy.51/Documents/github/Spirals/Media/data/cluster/endsim/BehaviorSearch/Step6_Trial""","true","0.30000000000000004","0.4","9","-1","true","true","""-1268584272""","0.10531465156358329","0.10531465156358329","0.10531465156358329","0","0.10531465156358329"
"1","1268","1328","1000","1","""HK""","0.01","false","""normal""","1","""constant""","0.1","""Scale-free""","2","0","1","""uniform""","""deterministic-normal""","10","0","0.7000000000000001","""normal""","-0.09999999999999998","0.9","false","""/home/ramaswamy.51/Documents/github/Spirals/Media/data/cluster/endsim/BehaviorSearch/Step6_Trial""","true","0.30000000000000004","0.4","9","-1","true","true","""249555140""","0.08565108073971436","0.08565108073971436","0.08565108073971436","0","0.08565108073971436"
"1","1269","1332","1000","1","""HK""","0.01","false","""normal""","1","""constant""","0.1","""Scale-free""","2","0","1","""uniform""","""deterministic-normal""","10","-0.19999999999999996","0.6000000000000001","""normal""","0.20000000000000018","1","false","""/home/ramaswamy.51/Documents/github/Spirals/Media/data/cluster/endsim/BehaviorSearch/Step6_Trial""","true","0","0.6000000000000001","9","-0.7","true","true","""-27777983""","0.11677704660284577","0.11677704660284577","0.11677704660284577","0","0.11677704660284577"
"1","1270","1332","1000","1","""HK""","0.01","false","""normal""","1","""constant""","0.1","""Scale-free""","2","0","1","""uniform""","""deterministic-normal""","10","-0.19999999999999996","0.6000000000000001","""normal""","0.20000000000000018","1","false","""/home/ramaswamy.51/Documents/github/Spirals/Media/data/cluster/endsim/BehaviorSearch/Step6_Trial""","true","0","0.6000000000000001","9","-0.7","true","true","""-1289118853""","0.08807958839346319","0.08807958839346319","0.08807958839346319","0","0.08807958839346319"
"1","1271","1332","1000","1","""HK""","0.01","false","""normal""","1","""constant""","0.1","""Scale-free""","2","0","1","""uniform""","""deterministic-normal""","10","-0.19999999999999996","0.6000000000000001","""normal""","0.20000000000000018","1","false","""/home/ramaswamy.51/Documents/github/Spirals/Media/data/cluster/endsim/BehaviorSearch/Step6_Trial""","true","0","0.6000000000000001","9","-0.7","true","true","""-1269493894""","0.10657854521650005","0.10657854521650005","0.10657854521650005","0","0.10657854521650005"
"1","1272","1332","1000","1","""HK""","0.01","false","""normal""","1","""constant""","0.1","""Scale-free""","2","0","1","""uniform""","""deterministic-normal""","10","-0.19999999999999996","0.6000000000000001","""normal""","0.20000000000000018","1","false","""/home/ramaswamy.51/Documents/github/Spirals/Media/data/cluster/endsim/BehaviorSearch/Step6_Trial""","true","0","0.6000000000000001","9","-0.7","true","true","""1550753200""","0.10601913401163576","0.10601913401163576","0.10601913401163576","0","0.10601913401163576"
"1","1273","1336","1000","1","""HK""","0.01","false","""normal""","1","""constant""","0.1","""Scale-free""","2","0","1","""uniform""","""deterministic-normal""","10","-0.19999999999999996","0.7000000000000001","""normal""","0.30000000000000004","0.9","false","""/home/ramaswamy.51/Documents/github/Spirals/Media/data/cluster/endsim/BehaviorSearch/Step6_Trial""","true","0.1","0.4","8","-0.3999999999999999","true","true","""1862552579""","0.10781901793515072","0.10781901793515072","0.10781901793515072","0","0.10781901793515072"
"1","1274","1336","1000","1","""HK""","0.01","false","""normal""","1","""constant""","0.1","""Scale-free""","2","0","1","""uniform""","""deterministic-normal""","10","-0.19999999999999996","0.7000000000000001","""normal""","0.30000000000000004","0.9","false","""/home/ramaswamy.51/Documents/github/Spirals/Media/data/cluster/endsim/BehaviorSearch/Step6_Trial""","true","0.1","0.4","8","-0.3999999999999999","true","true","""-1248513231""","0.10767441575555653","0.10767441575555653","0.10767441575555653","0","0.10767441575555653"
"1","1275","1336","1000","1","""HK""","0.01","false","""normal""","1","""constant""","0.1","""Scale-free""","2","0","1","""uniform""","""deterministic-normal""","10","-0.19999999999999996","0.7000000000000001","""normal""","0.30000000000000004","0.9","false","""/home/ramaswamy.51/Documents/github/Spirals/Media/data/cluster/endsim/BehaviorSearch/Step6_Trial""","true","0.1","0.4","8","-0.3999999999999999","true","true","""1363615508""","0.11471976669011305","0.11471976669011305","0.11471976669011305","0","0.11471976669011305"
"1","1276","1336","1000","1","""HK""","0.01","false","""normal""","1","""constant""","0.1","""Scale-free""","2","0","1","""uniform""","""deterministic-normal""","10","-0.19999999999999996","0.7000000000000001","""normal""","0.30000000000000004","0.9","false","""/home/ramaswamy.51/Documents/github/Spirals/Media/data/cluster/endsim/BehaviorSearch/Step6_Trial""","true","0.1","0.4","8","-0.3999999999999999","true","true","""-805498069""","0.12303648017902631","0.12303648017902631","0.12303648017902631","0","0.12303648017902631"
"1","1277","1340","1000","1","""HK""","0.03","false","""normal""","1","""constant""","0.1","""Scale-free""","2","0","1","""uniform""","""deterministic-normal""","20","-0.19999999999999996","0.7000000000000001","""normal""","-0.09999999999999998","0.9","false","""/home/ramaswamy.51/Documents/github/Spirals/Media/data/cluster/endsim/BehaviorSearch/Step6_Trial""","true","0.2","0.4","9","-1","true","true","""1934219945""","0.11472632534741929","0.11472632534741929","0.11472632534741929","0","0.11472632534741929"
"1","1278","1340","1000","1","""HK""","0.03","false","""normal""","1","""constant""","0.1","""Scale-free""","2","0","1","""uniform""","""deterministic-normal""","20","-0.19999999999999996","0.7000000000000001","""normal""","-0.09999999999999998","0.9","false","""/home/ramaswamy.51/Documents/github/Spirals/Media/data/cluster/endsim/BehaviorSearch/Step6_Trial""","true","0.2","0.4","9","-1","true","true","""-2021296202""","0.11740835839055312","0.11740835839055312","0.11740835839055312","0","0.11740835839055312"
"1","1279","1340","1000","1","""HK""","0.03","false","""normal""","1","""constant""","0.1","""Scale-free""","2","0","1","""uniform""","""deterministic-normal""","20","-0.19999999999999996","0.7000000000000001","""normal""","-0.09999999999999998","0.9","false","""/home/ramaswamy.51/Documents/github/Spirals/Media/data/cluster/endsim/BehaviorSearch/Step6_Trial""","true","0.2","0.4","9","-1","true","true","""-1473779769""","0.07356086491159972","0.07356086491159972","0.07356086491159972","0","0.07356086491159972"
"1","1280","1340","1000","1","""HK""","0.03","false","""normal""","1","""constant""","0.1","""Scale-free""","2","0","1","""uniform""","""deterministic-normal""","20","-0.19999999999999996","0.7000000000000001","""normal""","-0.09999999999999998","0.9","false","""/home/ramaswamy.51/Documents/github/Spirals/Media/data/cluster/endsim/BehaviorSearch/Step6_Trial""","true","0.2","0.4","9","-1","true","true","""-458184327""","0.09573919582865287","0.09573919582865287","0.09573919582865287","0","0.09573919582865287"
"1","1281","1344","1000","1","""HK""","0.01","false","""normal""","1","""constant""","0.1","""Scale-free""","2","0","1","""uniform""","""deterministic-normal""","10","-0.19999999999999996","0.6000000000000001","""normal""","0.10000000000000009","1","false","""/home/ramaswamy.51/Documents/github/Spirals/Media/data/cluster/endsim/BehaviorSearch/Step6_Trial""","true","0.30000000000000004","0.30000000000000004","9","-0.7","true","true","""-1662730869""","0.07203271524451646","0.07203271524451646","0.07203271524451646","0","0.07203271524451646"
"1","1282","1344","1000","1","""HK""","0.01","false","""normal""","1","""constant""","0.1","""Scale-free""","2","0","1","""uniform""","""deterministic-normal""","10","-0.19999999999999996","0.6000000000000001","""normal""","0.10000000000000009","1","false","""/home/ramaswamy.51/Documents/github/Spirals/Media/data/cluster/endsim/BehaviorSearch/Step6_Trial""","true","0.30000000000000004","0.30000000000000004","9","-0.7","true","true","""895920630""","0.07775334130918848","0.07775334130918848","0.07775334130918848","0","0.07775334130918848"
"1","1283","1344","1000","1","""HK""","0.01","false","""normal""","1","""constant""","0.1","""Scale-free""","2","0","1","""uniform""","""deterministic-normal""","10","-0.19999999999999996","0.6000000000000001","""normal""","0.10000000000000009","1","false","""/home/ramaswamy.51/Documents/github/Spirals/Media/data/cluster/endsim/BehaviorSearch/Step6_Trial""","true","0.30000000000000004","0.30000000000000004","9","-0.7","true","true","""-743864817""","0.06597372869728674","0.06597372869728674","0.06597372869728674","0","0.06597372869728674"
"1","1284","1344","1000","1","""HK""","0.01","false","""normal""","1","""constant""","0.1","""Scale-free""","2","0","1","""uniform""","""deterministic-normal""","10","-0.19999999999999996","0.6000000000000001","""normal""","0.10000000000000009","1","false","""/home/ramaswamy.51/Documents/github/Spirals/Media/data/cluster/endsim/BehaviorSearch/Step6_Trial""","true","0.30000000000000004","0.30000000000000004","9","-0.7","true","true","""1310682369""","0.09022135605179488","0.09022135605179488","0.09022135605179488","0","0.09022135605179488"
"1","1285","1348","1000","1","""HK""","0.01","false","""normal""","1","""constant""","0.1","""Scale-free""","2","0","1","""uniform""","""deterministic-normal""","10","-0.19999999999999996","0.5","""normal""","0.10000000000000009","1","false","""/home/ramaswamy.51/Documents/github/Spirals/Media/data/cluster/endsim/BehaviorSearch/Step6_Trial""","true","0.2","0.30000000000000004","9","-0.7","true","true","""-1304307376""","0.08611692551104326","0.08611692551104326","0.08611692551104326","0","0.08611692551104326"
"1","1286","1348","1000","1","""HK""","0.01","false","""normal""","1","""constant""","0.1","""Scale-free""","2","0","1","""uniform""","""deterministic-normal""","10","-0.19999999999999996","0.5","""normal""","0.10000000000000009","1","false","""/home/ramaswamy.51/Documents/github/Spirals/Media/data/cluster/endsim/BehaviorSearch/Step6_Trial""","true","0.2","0.30000000000000004","9","-0.7","true","true","""-734123028""","0.07418101900349246","0.07418101900349246","0.07418101900349246","0","0.07418101900349246"
"1","1287","1348","1000","1","""HK""","0.01","false","""normal""","1","""constant""","0.1","""Scale-free""","2","0","1","""uniform""","""deterministic-normal""","10","-0.19999999999999996","0.5","""normal""","0.10000000000000009","1","false","""/home/ramaswamy.51/Documents/github/Spirals/Media/data/cluster/endsim/BehaviorSearch/Step6_Trial""","true","0.2","0.30000000000000004","9","-0.7","true","true","""-1706191253""","0.06497749970881171","0.06497749970881171","0.06497749970881171","0","0.06497749970881171"
"1","1288","1348","1000","1","""HK""","0.01","false","""normal""","1","""constant""","0.1","""Scale-free""","2","0","1","""uniform""","""deterministic-normal""","10","-0.19999999999999996","0.5","""normal""","0.10000000000000009","1","false","""/home/ramaswamy.51/Documents/github/Spirals/Media/data/cluster/endsim/BehaviorSearch/Step6_Trial""","true","0.2","0.30000000000000004","9","-0.7","true","true","""1587538038""","0.08715636875016089","0.08715636875016089","0.08715636875016089","0","0.08715636875016089"
"1","1289","1352","1000","1","""HK""","0.01","false","""normal""","1","""constant""","0.2","""Scale-free""","2","0","1","""uniform""","""deterministic-normal""","5","-0.09999999999999998","0.5","""normal""","0.10000000000000009","1","false","""/home/ramaswamy.51/Documents/github/Spirals/Media/data/cluster/endsim/BehaviorSearch/Step6_Trial""","true","0.2","0.6000000000000001","8","-0.7","true","true","""-1132608851""","0.201785044736006","0.201785044736006","0.201785044736006","0","0.201785044736006"
"1","1290","1352","1000","1","""HK""","0.01","false","""normal""","1","""constant""","0.2","""Scale-free""","2","0","1","""uniform""","""deterministic-normal""","5","-0.09999999999999998","0.5","""normal""","0.10000000000000009","1","false","""/home/ramaswamy.51/Documents/github/Spirals/Media/data/cluster/endsim/BehaviorSearch/Step6_Trial""","true","0.2","0.6000000000000001","8","-0.7","true","true","""-438681749""","0.2080422452836127","0.2080422452836127","0.2080422452836127","0","0.2080422452836127"
"1","1291","1352","1000","1","""HK""","0.01","false","""normal""","1","""constant""","0.2","""Scale-free""","2","0","1","""uniform""","""deterministic-normal""","5","-0.09999999999999998","0.5","""normal""","0.10000000000000009","1","false","""/home/ramaswamy.51/Documents/github/Spirals/Media/data/cluster/endsim/BehaviorSearch/Step6_Trial""","true","0.2","0.6000000000000001","8","-0.7","true","true","""-723000400""","0.2126296994753141","0.2126296994753141","0.2126296994753141","0","0.2126296994753141"
"1","1292","1352","1000","1","""HK""","0.01","false","""normal""","1","""constant""","0.2","""Scale-free""","2","0","1","""uniform""","""deterministic-normal""","5","-0.09999999999999998","0.5","""normal""","0.10000000000000009","1","false","""/home/ramaswamy.51/Documents/github/Spirals/Media/data/cluster/endsim/BehaviorSearch/Step6_Trial""","true","0.2","0.6000000000000001","8","-0.7","true","true","""802173859""","0.1921061029752118","0.1921061029752118","0.1921061029752118","0","0.1921061029752118"
"1","1293","1356","1000","1","""HK""","0.01","false","""normal""","1","""constant""","0.1","""Scale-free""","2","0","1","""uniform""","""deterministic-normal""","10","-0.09999999999999998","0.7000000000000001","""normal""","-0.09999999999999998","1","false","""/home/ramaswamy.51/Documents/github/Spirals/Media/data/cluster/endsim/BehaviorSearch/Step6_Trial""","true","0.2","0.7000000000000001","10","-0.9","true","true","""-1737881292""","0.07316786555998799","0.07316786555998799","0.07316786555998799","0","0.07316786555998799"
"1","1294","1356","1000","1","""HK""","0.01","false","""normal""","1","""constant""","0.1","""Scale-free""","2","0","1","""uniform""","""deterministic-normal""","10","-0.09999999999999998","0.7000000000000001","""normal""","-0.09999999999999998","1","false","""/home/ramaswamy.51/Documents/github/Spirals/Media/data/cluster/endsim/BehaviorSearch/Step6_Trial""","true","0.2","0.7000000000000001","10","-0.9","true","true","""1495246928""","0.08361204758772847","0.08361204758772847","0.08361204758772847","0","0.08361204758772847"
"1","1295","1356","1000","1","""HK""","0.01","false","""normal""","1","""constant""","0.1","""Scale-free""","2","0","1","""uniform""","""deterministic-normal""","10","-0.09999999999999998","0.7000000000000001","""normal""","-0.09999999999999998","1","false","""/home/ramaswamy.51/Documents/github/Spirals/Media/data/cluster/endsim/BehaviorSearch/Step6_Trial""","true","0.2","0.7000000000000001","10","-0.9","true","true","""-222850070""","0.07824737383326762","0.07824737383326762","0.07824737383326762","0","0.07824737383326762"
"1","1296","1356","1000","1","""HK""","0.01","false","""normal""","1","""constant""","0.1","""Scale-free""","2","0","1","""uniform""","""deterministic-normal""","10","-0.09999999999999998","0.7000000000000001","""normal""","-0.09999999999999998","1","false","""/home/ramaswamy.51/Documents/github/Spirals/Media/data/cluster/endsim/BehaviorSearch/Step6_Trial""","true","0.2","0.7000000000000001","10","-0.9","true","true","""-1397413160""","0.07847700520790563","0.07847700520790563","0.07847700520790563","0","0.07847700520790563"
"1","1297","1360","1000","1","""HK""","0.01","false","""normal""","1","""constant""","0.2","""Scale-free""","1","0","1","""uniform""","""deterministic-normal""","10","-0.09999999999999998","0.7000000000000001","""normal""","0.10000000000000009","1","false","""/home/ramaswamy.51/Documents/github/Spirals/Media/data/cluster/endsim/BehaviorSearch/Step6_Trial""","true","0.30000000000000004","0.6000000000000001","10","-0.9","true","true","""-61319413""","0.17869368902013597","0.17869368902013597","0.17869368902013597","0","0.17869368902013597"
"1","1298","1360","1000","1","""HK""","0.01","false","""normal""","1","""constant""","0.2","""Scale-free""","1","0","1","""uniform""","""deterministic-normal""","10","-0.09999999999999998","0.7000000000000001","""normal""","0.10000000000000009","1","false","""/home/ramaswamy.51/Documents/github/Spirals/Media/data/cluster/endsim/BehaviorSearch/Step6_Trial""","true","0.30000000000000004","0.6000000000000001","10","-0.9","true","true","""1696614700""","0.1693743371974633","0.1693743371974633","0.1693743371974633","0","0.1693743371974633"
"1","1299","1360","1000","1","""HK""","0.01","false","""normal""","1","""constant""","0.2","""Scale-free""","1","0","1","""uniform""","""deterministic-normal""","10","-0.09999999999999998","0.7000000000000001","""normal""","0.10000000000000009","1","false","""/home/ramaswamy.51/Documents/github/Spirals/Media/data/cluster/endsim/BehaviorSearch/Step6_Trial""","true","0.30000000000000004","0.6000000000000001","10","-0.9","true","true","""-161240188""","0.18691377943414145","0.18691377943414145","0.18691377943414145","0","0.18691377943414145"
"1","1300","1360","1000","1","""HK""","0.01","false","""normal""","1","""constant""","0.2","""Scale-free""","1","0","1","""uniform""","""deterministic-normal""","10","-0.09999999999999998","0.7000000000000001","""normal""","0.10000000000000009","1","false","""/home/ramaswamy.51/Documents/github/Spirals/Media/data/cluster/endsim/BehaviorSearch/Step6_Trial""","true","0.30000000000000004","0.6000000000000001","10","-0.9","true","true","""-1211804696""","0.1732264704968755","0.1732264704968755","0.1732264704968755","0","0.1732264704968755"
"1","1301","1364","1000","1","""HK""","0.01","false","""normal""","1","""constant""","0.1","""Scale-free""","2","0","1","""uniform""","""deterministic-normal""","10","0.20000000000000018","0.7000000000000001","""normal""","-0.09999999999999998","0.9","false","""/home/ramaswamy.51/Documents/github/Spirals/Media/data/cluster/endsim/BehaviorSearch/Step6_Trial""","true","0.2","0.7000000000000001","8","-0.7","true","true","""-66882122""","0.08027692834068671","0.08027692834068671","0.08027692834068671","0","0.08027692834068671"
"1","1302","1364","1000","1","""HK""","0.01","false","""normal""","1","""constant""","0.1","""Scale-free""","2","0","1","""uniform""","""deterministic-normal""","10","0.20000000000000018","0.7000000000000001","""normal""","-0.09999999999999998","0.9","false","""/home/ramaswamy.51/Documents/github/Spirals/Media/data/cluster/endsim/BehaviorSearch/Step6_Trial""","true","0.2","0.7000000000000001","8","-0.7","true","true","""-839612193""","0.07128972940717804","0.07128972940717804","0.07128972940717804","0","0.07128972940717804"
"1","1303","1364","1000","1","""HK""","0.01","false","""normal""","1","""constant""","0.1","""Scale-free""","2","0","1","""uniform""","""deterministic-normal""","10","0.20000000000000018","0.7000000000000001","""normal""","-0.09999999999999998","0.9","false","""/home/ramaswamy.51/Documents/github/Spirals/Media/data/cluster/endsim/BehaviorSearch/Step6_Trial""","true","0.2","0.7000000000000001","8","-0.7","true","true","""-738987190""","0.07277996125365303","0.07277996125365303","0.07277996125365303","0","0.07277996125365303"
"1","1304","1364","1000","1","""HK""","0.01","false","""normal""","1","""constant""","0.1","""Scale-free""","2","0","1","""uniform""","""deterministic-normal""","10","0.20000000000000018","0.7000000000000001","""normal""","-0.09999999999999998","0.9","false","""/home/ramaswamy.51/Documents/github/Spirals/Media/data/cluster/endsim/BehaviorSearch/Step6_Trial""","true","0.2","0.7000000000000001","8","-0.7","true","true","""-526889357""","0.1036842552591477","0.1036842552591477","0.1036842552591477","0","0.1036842552591477"
"1","1305","1368","1000","1","""HK""","0.01","false","""normal""","1","""constant""","0.1","""Scale-free""","2","0","1","""uniform""","""deterministic-normal""","10","-0.19999999999999996","0.6000000000000001","""normal""","0.10000000000000009","1","false","""/home/ramaswamy.51/Documents/github/Spirals/Media/data/cluster/endsim/BehaviorSearch/Step6_Trial""","true","0.30000000000000004","0.5","9","-0.7","true","true","""220171941""","0.0844976186276226","0.0844976186276226","0.0844976186276226","0","0.0844976186276226"
"1","1306","1368","1000","1","""HK""","0.01","false","""normal""","1","""constant""","0.1","""Scale-free""","2","0","1","""uniform""","""deterministic-normal""","10","-0.19999999999999996","0.6000000000000001","""normal""","0.10000000000000009","1","false","""/home/ramaswamy.51/Documents/github/Spirals/Media/data/cluster/endsim/BehaviorSearch/Step6_Trial""","true","0.30000000000000004","0.5","9","-0.7","true","true","""-137909679""","0.08463693688434026","0.08463693688434026","0.08463693688434026","0","0.08463693688434026"
"1","1307","1368","1000","1","""HK""","0.01","false","""normal""","1","""constant""","0.1","""Scale-free""","2","0","1","""uniform""","""deterministic-normal""","10","-0.19999999999999996","0.6000000000000001","""normal""","0.10000000000000009","1","false","""/home/ramaswamy.51/Documents/github/Spirals/Media/data/cluster/endsim/BehaviorSearch/Step6_Trial""","true","0.30000000000000004","0.5","9","-0.7","true","true","""496841609""","0.09368551420997782","0.09368551420997782","0.09368551420997782","0","0.09368551420997782"
"1","1308","1368","1000","1","""HK""","0.01","false","""normal""","1","""constant""","0.1","""Scale-free""","2","0","1","""uniform""","""deterministic-normal""","10","-0.19999999999999996","0.6000000000000001","""normal""","0.10000000000000009","1","false","""/home/ramaswamy.51/Documents/github/Spirals/Media/data/cluster/endsim/BehaviorSearch/Step6_Trial""","true","0.30000000000000004","0.5","9","-0.7","true","true","""1060263839""","0.05881447186884796","0.05881447186884796","0.05881447186884796","0","0.05881447186884796"
"1","1309","1372","1000","1","""HK""","0.01","false","""normal""","1","""constant""","0.1","""Scale-free""","2","0","1","""uniform""","""deterministic-normal""","10","0.30000000000000004","0.6000000000000001","""normal""","0.10000000000000009","1","false","""/home/ramaswamy.51/Documents/github/Spirals/Media/data/cluster/endsim/BehaviorSearch/Step6_Trial""","true","0.30000000000000004","0.5","9","-0.7","true","true","""332498348""","0.10254840286461794","0.10254840286461794","0.10254840286461794","0","0.10254840286461794"
"1","1310","1372","1000","1","""HK""","0.01","false","""normal""","1","""constant""","0.1","""Scale-free""","2","0","1","""uniform""","""deterministic-normal""","10","0.30000000000000004","0.6000000000000001","""normal""","0.10000000000000009","1","false","""/home/ramaswamy.51/Documents/github/Spirals/Media/data/cluster/endsim/BehaviorSearch/Step6_Trial""","true","0.30000000000000004","0.5","9","-0.7","true","true","""1687741707""","0.07282331642437989","0.07282331642437989","0.07282331642437989","0","0.07282331642437989"
"1","1311","1372","1000","1","""HK""","0.01","false","""normal""","1","""constant""","0.1","""Scale-free""","2","0","1","""uniform""","""deterministic-normal""","10","0.30000000000000004","0.6000000000000001","""normal""","0.10000000000000009","1","false","""/home/ramaswamy.51/Documents/github/Spirals/Media/data/cluster/endsim/BehaviorSearch/Step6_Trial""","true","0.30000000000000004","0.5","9","-0.7","true","true","""-1023534872""","0.08512167151781834","0.08512167151781834","0.08512167151781834","0","0.08512167151781834"
"1","1312","1372","1000","1","""HK""","0.01","false","""normal""","1","""constant""","0.1","""Scale-free""","2","0","1","""uniform""","""deterministic-normal""","10","0.30000000000000004","0.6000000000000001","""normal""","0.10000000000000009","1","false","""/home/ramaswamy.51/Documents/github/Spirals/Media/data/cluster/endsim/BehaviorSearch/Step6_Trial""","true","0.30000000000000004","0.5","9","-0.7","true","true","""-242897636""","0.09234022563185548","0.09234022563185548","0.09234022563185548","0","0.09234022563185548"
"1","1313","1376","1000","1","""HK""","0.060000000000000005","false","""normal""","1","""constant""","0.1","""Scale-free""","2","0","1","""uniform""","""deterministic-normal""","10","-0.19999999999999996","0.6000000000000001","""normal""","0.10000000000000009","1","false","""/home/ramaswamy.51/Documents/github/Spirals/Media/data/cluster/endsim/BehaviorSearch/Step6_Trial""","true","0.2","0.8","8","-0.7","true","true","""-725749462""","0.10010870788918386","0.10010870788918386","0.10010870788918386","0","0.10010870788918386"
"1","1314","1376","1000","1","""HK""","0.060000000000000005","false","""normal""","1","""constant""","0.1","""Scale-free""","2","0","1","""uniform""","""deterministic-normal""","10","-0.19999999999999996","0.6000000000000001","""normal""","0.10000000000000009","1","false","""/home/ramaswamy.51/Documents/github/Spirals/Media/data/cluster/endsim/BehaviorSearch/Step6_Trial""","true","0.2","0.8","8","-0.7","true","true","""1252541828""","0.11125678480612754","0.11125678480612754","0.11125678480612754","0","0.11125678480612754"
"1","1315","1376","1000","1","""HK""","0.060000000000000005","false","""normal""","1","""constant""","0.1","""Scale-free""","2","0","1","""uniform""","""deterministic-normal""","10","-0.19999999999999996","0.6000000000000001","""normal""","0.10000000000000009","1","false","""/home/ramaswamy.51/Documents/github/Spirals/Media/data/cluster/endsim/BehaviorSearch/Step6_Trial""","true","0.2","0.8","8","-0.7","true","true","""435407076""","0.1304743951331787","0.1304743951331787","0.1304743951331787","0","0.1304743951331787"
"1","1316","1376","1000","1","""HK""","0.060000000000000005","false","""normal""","1","""constant""","0.1","""Scale-free""","2","0","1","""uniform""","""deterministic-normal""","10","-0.19999999999999996","0.6000000000000001","""normal""","0.10000000000000009","1","false","""/home/ramaswamy.51/Documents/github/Spirals/Media/data/cluster/endsim/BehaviorSearch/Step6_Trial""","true","0.2","0.8","8","-0.7","true","true","""-196428728""","0.11295670929375926","0.11295670929375926","0.11295670929375926","0","0.11295670929375926"
"1","1317","1380","1000","1","""HK""","0.01","false","""normal""","1","""constant""","0.1","""Scale-free""","2","0","1","""uniform""","""deterministic-normal""","15","-0.19999999999999996","0.8","""normal""","0.30000000000000004","1","false","""/home/ramaswamy.51/Documents/github/Spirals/Media/data/cluster/endsim/BehaviorSearch/Step6_Trial""","true","0.30000000000000004","0.4","10","-0.7","true","true","""354031603""","0.08743679918527146","0.08743679918527146","0.08743679918527146","0","0.08743679918527146"
"1","1318","1380","1000","1","""HK""","0.01","false","""normal""","1","""constant""","0.1","""Scale-free""","2","0","1","""uniform""","""deterministic-normal""","15","-0.19999999999999996","0.8","""normal""","0.30000000000000004","1","false","""/home/ramaswamy.51/Documents/github/Spirals/Media/data/cluster/endsim/BehaviorSearch/Step6_Trial""","true","0.30000000000000004","0.4","10","-0.7","true","true","""-474967672""","0.09081930349983436","0.09081930349983436","0.09081930349983436","0","0.09081930349983436"
"1","1319","1380","1000","1","""HK""","0.01","false","""normal""","1","""constant""","0.1","""Scale-free""","2","0","1","""uniform""","""deterministic-normal""","15","-0.19999999999999996","0.8","""normal""","0.30000000000000004","1","false","""/home/ramaswamy.51/Documents/github/Spirals/Media/data/cluster/endsim/BehaviorSearch/Step6_Trial""","true","0.30000000000000004","0.4","10","-0.7","true","true","""449183098""","0.08314672007696267","0.08314672007696267","0.08314672007696267","0","0.08314672007696267"
"1","1320","1380","1000","1","""HK""","0.01","false","""normal""","1","""constant""","0.1","""Scale-free""","2","0","1","""uniform""","""deterministic-normal""","15","-0.19999999999999996","0.8","""normal""","0.30000000000000004","1","false","""/home/ramaswamy.51/Documents/github/Spirals/Media/data/cluster/endsim/BehaviorSearch/Step6_Trial""","true","0.30000000000000004","0.4","10","-0.7","true","true","""1603012562""","0.08640542177270402","0.08640542177270402","0.08640542177270402","0","0.08640542177270402"
"1","1321","1384","1000","1","""HK""","0.01","false","""normal""","1","""constant""","0.1","""Scale-free""","2","0","1","""uniform""","""deterministic-normal""","10","0","0.7000000000000001","""normal""","-0.09999999999999998","0.9","false","""/home/ramaswamy.51/Documents/github/Spirals/Media/data/cluster/endsim/BehaviorSearch/Step6_Trial""","true","0.2","0.4","9","-0.8","true","true","""-1677390013""","0.08570215427204354","0.08570215427204354","0.08570215427204354","0","0.08570215427204354"
"1","1322","1384","1000","1","""HK""","0.01","false","""normal""","1","""constant""","0.1","""Scale-free""","2","0","1","""uniform""","""deterministic-normal""","10","0","0.7000000000000001","""normal""","-0.09999999999999998","0.9","false","""/home/ramaswamy.51/Documents/github/Spirals/Media/data/cluster/endsim/BehaviorSearch/Step6_Trial""","true","0.2","0.4","9","-0.8","true","true","""1911441120""","0.07650849201082688","0.07650849201082688","0.07650849201082688","0","0.07650849201082688"
"1","1323","1384","1000","1","""HK""","0.01","false","""normal""","1","""constant""","0.1","""Scale-free""","2","0","1","""uniform""","""deterministic-normal""","10","0","0.7000000000000001","""normal""","-0.09999999999999998","0.9","false","""/home/ramaswamy.51/Documents/github/Spirals/Media/data/cluster/endsim/BehaviorSearch/Step6_Trial""","true","0.2","0.4","9","-0.8","true","true","""757527593""","0.07672861952320746","0.07672861952320746","0.07672861952320746","0","0.07672861952320746"
"1","1324","1384","1000","1","""HK""","0.01","false","""normal""","1","""constant""","0.1","""Scale-free""","2","0","1","""uniform""","""deterministic-normal""","10","0","0.7000000000000001","""normal""","-0.09999999999999998","0.9","false","""/home/ramaswamy.51/Documents/github/Spirals/Media/data/cluster/endsim/BehaviorSearch/Step6_Trial""","true","0.2","0.4","9","-0.8","true","true","""1886311876""","0.09463929168811364","0.09463929168811364","0.09463929168811364","0","0.09463929168811364"
"1","1325","1388","1000","1","""HK""","0.01","false","""normal""","1","""constant""","0.1","""Scale-free""","2","0","1","""uniform""","""deterministic-normal""","10","-0.19999999999999996","0.5","""normal""","0.10000000000000009","1","false","""/home/ramaswamy.51/Documents/github/Spirals/Media/data/cluster/endsim/BehaviorSearch/Step6_Trial""","true","0.2","0.2","9","-0.7","true","true","""-1284181962""","0.08340260754625445","0.08340260754625445","0.08340260754625445","0","0.08340260754625445"
"1","1326","1388","1000","1","""HK""","0.01","false","""normal""","1","""constant""","0.1","""Scale-free""","2","0","1","""uniform""","""deterministic-normal""","10","-0.19999999999999996","0.5","""normal""","0.10000000000000009","1","false","""/home/ramaswamy.51/Documents/github/Spirals/Media/data/cluster/endsim/BehaviorSearch/Step6_Trial""","true","0.2","0.2","9","-0.7","true","true","""-1508132170""","0.0786985495722265","0.0786985495722265","0.0786985495722265","0","0.0786985495722265"
"1","1327","1388","1000","1","""HK""","0.01","false","""normal""","1","""constant""","0.1","""Scale-free""","2","0","1","""uniform""","""deterministic-normal""","10","-0.19999999999999996","0.5","""normal""","0.10000000000000009","1","false","""/home/ramaswamy.51/Documents/github/Spirals/Media/data/cluster/endsim/BehaviorSearch/Step6_Trial""","true","0.2","0.2","9","-0.7","true","true","""-1144291229""","0.0745524809706712","0.0745524809706712","0.0745524809706712","0","0.0745524809706712"
"1","1328","1388","1000","1","""HK""","0.01","false","""normal""","1","""constant""","0.1","""Scale-free""","2","0","1","""uniform""","""deterministic-normal""","10","-0.19999999999999996","0.5","""normal""","0.10000000000000009","1","false","""/home/ramaswamy.51/Documents/github/Spirals/Media/data/cluster/endsim/BehaviorSearch/Step6_Trial""","true","0.2","0.2","9","-0.7","true","true","""1898401582""","0.07949912254457937","0.07949912254457937","0.07949912254457937","0","0.07949912254457937"
"1","1329","1392","1000","1","""HK""","0.01","false","""normal""","1","""constant""","0.1","""Scale-free""","1","0","1","""uniform""","""deterministic-normal""","5","-0.19999999999999996","0.6000000000000001","""normal""","-0.09999999999999998","1","false","""/home/ramaswamy.51/Documents/github/Spirals/Media/data/cluster/endsim/BehaviorSearch/Step6_Trial""","true","0.2","0.30000000000000004","9","-0.6","true","true","""-259195208""","0.10907566205597298","0.10907566205597298","0.10907566205597298","0","0.10907566205597298"
"1","1330","1392","1000","1","""HK""","0.01","false","""normal""","1","""constant""","0.1","""Scale-free""","1","0","1","""uniform""","""deterministic-normal""","5","-0.19999999999999996","0.6000000000000001","""normal""","-0.09999999999999998","1","false","""/home/ramaswamy.51/Documents/github/Spirals/Media/data/cluster/endsim/BehaviorSearch/Step6_Trial""","true","0.2","0.30000000000000004","9","-0.6","true","true","""372699""","0.10383192474909178","0.10383192474909178","0.10383192474909178","0","0.10383192474909178"
"1","1331","1392","1000","1","""HK""","0.01","false","""normal""","1","""constant""","0.1","""Scale-free""","1","0","1","""uniform""","""deterministic-normal""","5","-0.19999999999999996","0.6000000000000001","""normal""","-0.09999999999999998","1","false","""/home/ramaswamy.51/Documents/github/Spirals/Media/data/cluster/endsim/BehaviorSearch/Step6_Trial""","true","0.2","0.30000000000000004","9","-0.6","true","true","""217575758""","0.09112439972982803","0.09112439972982803","0.09112439972982803","0","0.09112439972982803"
"1","1332","1392","1000","1","""HK""","0.01","false","""normal""","1","""constant""","0.1","""Scale-free""","1","0","1","""uniform""","""deterministic-normal""","5","-0.19999999999999996","0.6000000000000001","""normal""","-0.09999999999999998","1","false","""/home/ramaswamy.51/Documents/github/Spirals/Media/data/cluster/endsim/BehaviorSearch/Step6_Trial""","true","0.2","0.30000000000000004","9","-0.6","true","true","""-972431936""","0.08850921709731446","0.08850921709731446","0.08850921709731446","0","0.08850921709731446"
"1","1333","1396","1000","1","""HK""","0.01","false","""normal""","1","""constant""","0.1","""Scale-free""","2","0","1","""uniform""","""deterministic-normal""","10","-0.19999999999999996","0.6000000000000001","""normal""","0.10000000000000009","1","false","""/home/ramaswamy.51/Documents/github/Spirals/Media/data/cluster/endsim/BehaviorSearch/Step6_Trial""","true","0.30000000000000004","0.30000000000000004","9","-0.9","true","true","""1236275173""","0.08217545778726179","0.08217545778726179","0.08217545778726179","0","0.08217545778726179"
"1","1334","1396","1000","1","""HK""","0.01","false","""normal""","1","""constant""","0.1","""Scale-free""","2","0","1","""uniform""","""deterministic-normal""","10","-0.19999999999999996","0.6000000000000001","""normal""","0.10000000000000009","1","false","""/home/ramaswamy.51/Documents/github/Spirals/Media/data/cluster/endsim/BehaviorSearch/Step6_Trial""","true","0.30000000000000004","0.30000000000000004","9","-0.9","true","true","""1918603411""","0.07922959608877875","0.07922959608877875","0.07922959608877875","0","0.07922959608877875"
"1","1335","1396","1000","1","""HK""","0.01","false","""normal""","1","""constant""","0.1","""Scale-free""","2","0","1","""uniform""","""deterministic-normal""","10","-0.19999999999999996","0.6000000000000001","""normal""","0.10000000000000009","1","false","""/home/ramaswamy.51/Documents/github/Spirals/Media/data/cluster/endsim/BehaviorSearch/Step6_Trial""","true","0.30000000000000004","0.30000000000000004","9","-0.9","true","true","""1590935597""","0.08249705996559478","0.08249705996559478","0.08249705996559478","0","0.08249705996559478"
"1","1336","1396","1000","1","""HK""","0.01","false","""normal""","1","""constant""","0.1","""Scale-free""","2","0","1","""uniform""","""deterministic-normal""","10","-0.19999999999999996","0.6000000000000001","""normal""","0.10000000000000009","1","false","""/home/ramaswamy.51/Documents/github/Spirals/Media/data/cluster/endsim/BehaviorSearch/Step6_Trial""","true","0.30000000000000004","0.30000000000000004","9","-0.9","true","true","""-934214168""","0.11589950979747599","0.11589950979747599","0.11589950979747599","0","0.11589950979747599"
"1","1337","1404","1000","1","""HK""","0.06999999999999999","false","""normal""","1","""constant""","0.1","""Scale-free""","2","0","1","""uniform""","""deterministic-normal""","10","-0.3999999999999999","0.5","""normal""","0.10000000000000009","1","false","""/home/ramaswamy.51/Documents/github/Spirals/Media/data/cluster/endsim/BehaviorSearch/Step6_Trial""","true","0.2","0.30000000000000004","9","-1","true","true","""541042985""","0.1317526564096924","0.1317526564096924","0.1317526564096924","0","0.1317526564096924"
"1","1338","1404","1000","1","""HK""","0.06999999999999999","false","""normal""","1","""constant""","0.1","""Scale-free""","2","0","1","""uniform""","""deterministic-normal""","10","-0.3999999999999999","0.5","""normal""","0.10000000000000009","1","false","""/home/ramaswamy.51/Documents/github/Spirals/Media/data/cluster/endsim/BehaviorSearch/Step6_Trial""","true","0.2","0.30000000000000004","9","-1","true","true","""1733401583""","0.13509432731270943","0.13509432731270943","0.13509432731270943","0","0.13509432731270943"
"1","1339","1404","1000","1","""HK""","0.06999999999999999","false","""normal""","1","""constant""","0.1","""Scale-free""","2","0","1","""uniform""","""deterministic-normal""","10","-0.3999999999999999","0.5","""normal""","0.10000000000000009","1","false","""/home/ramaswamy.51/Documents/github/Spirals/Media/data/cluster/endsim/BehaviorSearch/Step6_Trial""","true","0.2","0.30000000000000004","9","-1","true","true","""-357200600""","0.16077350067377344","0.16077350067377344","0.16077350067377344","0","0.16077350067377344"
"1","1340","1404","1000","1","""HK""","0.06999999999999999","false","""normal""","1","""constant""","0.1","""Scale-free""","2","0","1","""uniform""","""deterministic-normal""","10","-0.3999999999999999","0.5","""normal""","0.10000000000000009","1","false","""/home/ramaswamy.51/Documents/github/Spirals/Media/data/cluster/endsim/BehaviorSearch/Step6_Trial""","true","0.2","0.30000000000000004","9","-1","true","true","""-1017586830""","0.18069796730646237","0.18069796730646237","0.18069796730646237","0","0.18069796730646237"
"1","1341","1408","1000","1","""HK""","0.01","false","""normal""","1","""constant""","0.1","""Scale-free""","2","0","1","""uniform""","""deterministic-normal""","10","-0.19999999999999996","0.5","""normal""","0.10000000000000009","0.9","false","""/home/ramaswamy.51/Documents/github/Spirals/Media/data/cluster/endsim/BehaviorSearch/Step6_Trial""","true","0.2","0.2","9","-1","true","true","""712692692""","0.0688157104368872","0.0688157104368872","0.0688157104368872","0","0.0688157104368872"
"1","1342","1408","1000","1","""HK""","0.01","false","""normal""","1","""constant""","0.1","""Scale-free""","2","0","1","""uniform""","""deterministic-normal""","10","-0.19999999999999996","0.5","""normal""","0.10000000000000009","0.9","false","""/home/ramaswamy.51/Documents/github/Spirals/Media/data/cluster/endsim/BehaviorSearch/Step6_Trial""","true","0.2","0.2","9","-1","true","true","""-2059931003""","0.09682162105742101","0.09682162105742101","0.09682162105742101","0","0.09682162105742101"
"1","1343","1408","1000","1","""HK""","0.01","false","""normal""","1","""constant""","0.1","""Scale-free""","2","0","1","""uniform""","""deterministic-normal""","10","-0.19999999999999996","0.5","""normal""","0.10000000000000009","0.9","false","""/home/ramaswamy.51/Documents/github/Spirals/Media/data/cluster/endsim/BehaviorSearch/Step6_Trial""","true","0.2","0.2","9","-1","true","true","""2002323991""","0.07461173992742619","0.07461173992742619","0.07461173992742619","0","0.07461173992742619"
"1","1344","1408","1000","1","""HK""","0.01","false","""normal""","1","""constant""","0.1","""Scale-free""","2","0","1","""uniform""","""deterministic-normal""","10","-0.19999999999999996","0.5","""normal""","0.10000000000000009","0.9","false","""/home/ramaswamy.51/Documents/github/Spirals/Media/data/cluster/endsim/BehaviorSearch/Step6_Trial""","true","0.2","0.2","9","-1","true","true","""978866870""","0.08224128874395903","0.08224128874395903","0.08224128874395903","0","0.08224128874395903"
"1","1345","1412","1000","1","""HK""","0.03","false","""normal""","1","""constant""","0.1","""Scale-free""","2","0","1","""uniform""","""deterministic-normal""","10","-0.5","0.7000000000000001","""normal""","-0.09999999999999998","0.7000000000000001","false","""/home/ramaswamy.51/Documents/github/Spirals/Media/data/cluster/endsim/BehaviorSearch/Step6_Trial""","true","0.2","0.5","9","-1","true","true","""-644720648""","0.1382333802088078","0.1382333802088078","0.1382333802088078","0","0.1382333802088078"
"1","1346","1412","1000","1","""HK""","0.03","false","""normal""","1","""constant""","0.1","""Scale-free""","2","0","1","""uniform""","""deterministic-normal""","10","-0.5","0.7000000000000001","""normal""","-0.09999999999999998","0.7000000000000001","false","""/home/ramaswamy.51/Documents/github/Spirals/Media/data/cluster/endsim/BehaviorSearch/Step6_Trial""","true","0.2","0.5","9","-1","true","true","""928171684""","0.11045841778303357","0.11045841778303357","0.11045841778303357","0","0.11045841778303357"
"1","1347","1412","1000","1","""HK""","0.03","false","""normal""","1","""constant""","0.1","""Scale-free""","2","0","1","""uniform""","""deterministic-normal""","10","-0.5","0.7000000000000001","""normal""","-0.09999999999999998","0.7000000000000001","false","""/home/ramaswamy.51/Documents/github/Spirals/Media/data/cluster/endsim/BehaviorSearch/Step6_Trial""","true","0.2","0.5","9","-1","true","true","""1368970576""","0.1199032773232328","0.1199032773232328","0.1199032773232328","0","0.1199032773232328"
"1","1348","1412","1000","1","""HK""","0.03","false","""normal""","1","""constant""","0.1","""Scale-free""","2","0","1","""uniform""","""deterministic-normal""","10","-0.5","0.7000000000000001","""normal""","-0.09999999999999998","0.7000000000000001","false","""/home/ramaswamy.51/Documents/github/Spirals/Media/data/cluster/endsim/BehaviorSearch/Step6_Trial""","true","0.2","0.5","9","-1","true","true","""586258975""","0.12786855438436576","0.12786855438436576","0.12786855438436576","0","0.12786855438436576"
"1","1349","1416","1000","1","""HK""","0.01","false","""normal""","1","""constant""","0.1","""Scale-free""","2","0","1","""uniform""","""deterministic-normal""","15","-0.19999999999999996","0.6000000000000001","""normal""","0.10000000000000009","1","false","""/home/ramaswamy.51/Documents/github/Spirals/Media/data/cluster/endsim/BehaviorSearch/Step6_Trial""","true","0.30000000000000004","0.2","9","-0.6","true","true","""705767668""","0.08876699210055833","0.08876699210055833","0.08876699210055833","0","0.08876699210055833"
"1","1350","1416","1000","1","""HK""","0.01","false","""normal""","1","""constant""","0.1","""Scale-free""","2","0","1","""uniform""","""deterministic-normal""","15","-0.19999999999999996","0.6000000000000001","""normal""","0.10000000000000009","1","false","""/home/ramaswamy.51/Documents/github/Spirals/Media/data/cluster/endsim/BehaviorSearch/Step6_Trial""","true","0.30000000000000004","0.2","9","-0.6","true","true","""-2002342391""","0.09084338585416445","0.09084338585416445","0.09084338585416445","0","0.09084338585416445"
"1","1351","1416","1000","1","""HK""","0.01","false","""normal""","1","""constant""","0.1","""Scale-free""","2","0","1","""uniform""","""deterministic-normal""","15","-0.19999999999999996","0.6000000000000001","""normal""","0.10000000000000009","1","false","""/home/ramaswamy.51/Documents/github/Spirals/Media/data/cluster/endsim/BehaviorSearch/Step6_Trial""","true","0.30000000000000004","0.2","9","-0.6","true","true","""801113108""","0.07822900035403148","0.07822900035403148","0.07822900035403148","0","0.07822900035403148"
"1","1352","1416","1000","1","""HK""","0.01","false","""normal""","1","""constant""","0.1","""Scale-free""","2","0","1","""uniform""","""deterministic-normal""","15","-0.19999999999999996","0.6000000000000001","""normal""","0.10000000000000009","1","false","""/home/ramaswamy.51/Documents/github/Spirals/Media/data/cluster/endsim/BehaviorSearch/Step6_Trial""","true","0.30000000000000004","0.2","9","-0.6","true","true","""-901035816""","0.10254469586205572","0.10254469586205572","0.10254469586205572","0","0.10254469586205572"
"1","1353","1424","1000","1","""HK""","0.01","false","""normal""","1","""constant""","0.1","""Scale-free""","2","0","1","""uniform""","""deterministic-normal""","10","-0.19999999999999996","0.7000000000000001","""normal""","-0.3999999999999999","1","false","""/home/ramaswamy.51/Documents/github/Spirals/Media/data/cluster/endsim/BehaviorSearch/Step6_Trial""","true","0.2","0.8","7","-0.7","true","true","""1853653566""","0.08391691842294376","0.08391691842294376","0.08391691842294376","0","0.08391691842294376"
"1","1354","1424","1000","1","""HK""","0.01","false","""normal""","1","""constant""","0.1","""Scale-free""","2","0","1","""uniform""","""deterministic-normal""","10","-0.19999999999999996","0.7000000000000001","""normal""","-0.3999999999999999","1","false","""/home/ramaswamy.51/Documents/github/Spirals/Media/data/cluster/endsim/BehaviorSearch/Step6_Trial""","true","0.2","0.8","7","-0.7","true","true","""-517820861""","0.08922857986690272","0.08922857986690272","0.08922857986690272","0","0.08922857986690272"
"1","1355","1424","1000","1","""HK""","0.01","false","""normal""","1","""constant""","0.1","""Scale-free""","2","0","1","""uniform""","""deterministic-normal""","10","-0.19999999999999996","0.7000000000000001","""normal""","-0.3999999999999999","1","false","""/home/ramaswamy.51/Documents/github/Spirals/Media/data/cluster/endsim/BehaviorSearch/Step6_Trial""","true","0.2","0.8","7","-0.7","true","true","""450405922""","0.09722792603503148","0.09722792603503148","0.09722792603503148","0","0.09722792603503148"
"1","1356","1424","1000","1","""HK""","0.01","false","""normal""","1","""constant""","0.1","""Scale-free""","2","0","1","""uniform""","""deterministic-normal""","10","-0.19999999999999996","0.7000000000000001","""normal""","-0.3999999999999999","1","false","""/home/ramaswamy.51/Documents/github/Spirals/Media/data/cluster/endsim/BehaviorSearch/Step6_Trial""","true","0.2","0.8","7","-0.7","true","true","""898820526""","0.09614274592691556","0.09614274592691556","0.09614274592691556","0","0.09614274592691556"
"1","1357","1428","1000","1","""HK""","0.03","false","""normal""","1","""constant""","0.1","""Scale-free""","3","0","1","""uniform""","""deterministic-normal""","15","0.20000000000000018","0.7000000000000001","""normal""","-0.09999999999999998","0.8","false","""/home/ramaswamy.51/Documents/github/Spirals/Media/data/cluster/endsim/BehaviorSearch/Step6_Trial""","true","0.2","0.30000000000000004","9","-1","true","true","""2082336187""","0.10844829664919156","0.10844829664919156","0.10844829664919156","0","0.10844829664919156"
"1","1358","1428","1000","1","""HK""","0.03","false","""normal""","1","""constant""","0.1","""Scale-free""","3","0","1","""uniform""","""deterministic-normal""","15","0.20000000000000018","0.7000000000000001","""normal""","-0.09999999999999998","0.8","false","""/home/ramaswamy.51/Documents/github/Spirals/Media/data/cluster/endsim/BehaviorSearch/Step6_Trial""","true","0.2","0.30000000000000004","9","-1","true","true","""-78922430""","0.1264943522139477","0.1264943522139477","0.1264943522139477","0","0.1264943522139477"
"1","1359","1428","1000","1","""HK""","0.03","false","""normal""","1","""constant""","0.1","""Scale-free""","3","0","1","""uniform""","""deterministic-normal""","15","0.20000000000000018","0.7000000000000001","""normal""","-0.09999999999999998","0.8","false","""/home/ramaswamy.51/Documents/github/Spirals/Media/data/cluster/endsim/BehaviorSearch/Step6_Trial""","true","0.2","0.30000000000000004","9","-1","true","true","""599836""","0.14355264205122564","0.14355264205122564","0.14355264205122564","0","0.14355264205122564"
"1","1360","1428","1000","1","""HK""","0.03","false","""normal""","1","""constant""","0.1","""Scale-free""","3","0","1","""uniform""","""deterministic-normal""","15","0.20000000000000018","0.7000000000000001","""normal""","-0.09999999999999998","0.8","false","""/home/ramaswamy.51/Documents/github/Spirals/Media/data/cluster/endsim/BehaviorSearch/Step6_Trial""","true","0.2","0.30000000000000004","9","-1","true","true","""-1342931124""","0.1422408792577105","0.1422408792577105","0.1422408792577105","0","0.1422408792577105"
"1","1361","1432","1000","1","""HK""","0.01","false","""normal""","1","""constant""","0.1","""Scale-free""","2","0","1","""uniform""","""deterministic-normal""","10","-0.19999999999999996","0.6000000000000001","""normal""","-0.5","1","false","""/home/ramaswamy.51/Documents/github/Spirals/Media/data/cluster/endsim/BehaviorSearch/Step6_Trial""","true","0.2","0.8","8","-0.7","true","true","""-470869242""","0.09042664321112748","0.09042664321112748","0.09042664321112748","0","0.09042664321112748"
"1","1362","1432","1000","1","""HK""","0.01","false","""normal""","1","""constant""","0.1","""Scale-free""","2","0","1","""uniform""","""deterministic-normal""","10","-0.19999999999999996","0.6000000000000001","""normal""","-0.5","1","false","""/home/ramaswamy.51/Documents/github/Spirals/Media/data/cluster/endsim/BehaviorSearch/Step6_Trial""","true","0.2","0.8","8","-0.7","true","true","""1647221283""","0.09954507002317846","0.09954507002317846","0.09954507002317846","0","0.09954507002317846"
"1","1363","1432","1000","1","""HK""","0.01","false","""normal""","1","""constant""","0.1","""Scale-free""","2","0","1","""uniform""","""deterministic-normal""","10","-0.19999999999999996","0.6000000000000001","""normal""","-0.5","1","false","""/home/ramaswamy.51/Documents/github/Spirals/Media/data/cluster/endsim/BehaviorSearch/Step6_Trial""","true","0.2","0.8","8","-0.7","true","true","""-1217034128""","0.08753495554053128","0.08753495554053128","0.08753495554053128","0","0.08753495554053128"
"1","1364","1432","1000","1","""HK""","0.01","false","""normal""","1","""constant""","0.1","""Scale-free""","2","0","1","""uniform""","""deterministic-normal""","10","-0.19999999999999996","0.6000000000000001","""normal""","-0.5","1","false","""/home/ramaswamy.51/Documents/github/Spirals/Media/data/cluster/endsim/BehaviorSearch/Step6_Trial""","true","0.2","0.8","8","-0.7","true","true","""1356053496""","0.10620858961554216","0.10620858961554216","0.10620858961554216","0","0.10620858961554216"
"1","1365","1436","1000","1","""HK""","0.01","false","""normal""","1","""constant""","0.1","""Scale-free""","2","0","1","""uniform""","""deterministic-normal""","10","0","0.7000000000000001","""normal""","-0.09999999999999998","0.9","false","""/home/ramaswamy.51/Documents/github/Spirals/Media/data/cluster/endsim/BehaviorSearch/Step6_Trial""","true","0.30000000000000004","0.6000000000000001","9","-0.9","true","true","""199762220""","0.1066028210340539","0.1066028210340539","0.1066028210340539","0","0.1066028210340539"
"1","1366","1436","1000","1","""HK""","0.01","false","""normal""","1","""constant""","0.1","""Scale-free""","2","0","1","""uniform""","""deterministic-normal""","10","0","0.7000000000000001","""normal""","-0.09999999999999998","0.9","false","""/home/ramaswamy.51/Documents/github/Spirals/Media/data/cluster/endsim/BehaviorSearch/Step6_Trial""","true","0.30000000000000004","0.6000000000000001","9","-0.9","true","true","""-1674678010""","0.07004206351843341","0.07004206351843341","0.07004206351843341","0","0.07004206351843341"
"1","1367","1436","1000","1","""HK""","0.01","false","""normal""","1","""constant""","0.1","""Scale-free""","2","0","1","""uniform""","""deterministic-normal""","10","0","0.7000000000000001","""normal""","-0.09999999999999998","0.9","false","""/home/ramaswamy.51/Documents/github/Spirals/Media/data/cluster/endsim/BehaviorSearch/Step6_Trial""","true","0.30000000000000004","0.6000000000000001","9","-0.9","true","true","""-1041033275""","0.08487338987979952","0.08487338987979952","0.08487338987979952","0","0.08487338987979952"
"1","1368","1436","1000","1","""HK""","0.01","false","""normal""","1","""constant""","0.1","""Scale-free""","2","0","1","""uniform""","""deterministic-normal""","10","0","0.7000000000000001","""normal""","-0.09999999999999998","0.9","false","""/home/ramaswamy.51/Documents/github/Spirals/Media/data/cluster/endsim/BehaviorSearch/Step6_Trial""","true","0.30000000000000004","0.6000000000000001","9","-0.9","true","true","""780584930""","0.08038580921596852","0.08038580921596852","0.08038580921596852","0","0.08038580921596852"
"1","1369","1440","1000","1","""HK""","0.01","false","""normal""","1","""constant""","0.1","""Scale-free""","2","0","1","""uniform""","""deterministic-normal""","10","-0.09999999999999998","0.5","""normal""","0.20000000000000018","1","false","""/home/ramaswamy.51/Documents/github/Spirals/Media/data/cluster/endsim/BehaviorSearch/Step6_Trial""","true","0.2","0.7000000000000001","9","-0.5","true","true","""1776576920""","0.11140108431122624","0.11140108431122624","0.11140108431122624","0","0.11140108431122624"
"1","1370","1440","1000","1","""HK""","0.01","false","""normal""","1","""constant""","0.1","""Scale-free""","2","0","1","""uniform""","""deterministic-normal""","10","-0.09999999999999998","0.5","""normal""","0.20000000000000018","1","false","""/home/ramaswamy.51/Documents/github/Spirals/Media/data/cluster/endsim/BehaviorSearch/Step6_Trial""","true","0.2","0.7000000000000001","9","-0.5","true","true","""1719566783""","0.10159416099856772","0.10159416099856772","0.10159416099856772","0","0.10159416099856772"
"1","1371","1440","1000","1","""HK""","0.01","false","""normal""","1","""constant""","0.1","""Scale-free""","2","0","1","""uniform""","""deterministic-normal""","10","-0.09999999999999998","0.5","""normal""","0.20000000000000018","1","false","""/home/ramaswamy.51/Documents/github/Spirals/Media/data/cluster/endsim/BehaviorSearch/Step6_Trial""","true","0.2","0.7000000000000001","9","-0.5","true","true","""1493049638""","0.08315815056732387","0.08315815056732387","0.08315815056732387","0","0.08315815056732387"
"1","1372","1440","1000","1","""HK""","0.01","false","""normal""","1","""constant""","0.1","""Scale-free""","2","0","1","""uniform""","""deterministic-normal""","10","-0.09999999999999998","0.5","""normal""","0.20000000000000018","1","false","""/home/ramaswamy.51/Documents/github/Spirals/Media/data/cluster/endsim/BehaviorSearch/Step6_Trial""","true","0.2","0.7000000000000001","9","-0.5","true","true","""-1794663240""","0.08599726167953255","0.08599726167953255","0.08599726167953255","0","0.08599726167953255"
"1","1373","1444","1000","1","""HK""","0.01","false","""normal""","1","""constant""","0.1","""Scale-free""","2","0","1","""uniform""","""deterministic-normal""","10","0","0.7000000000000001","""normal""","0.5","1","false","""/home/ramaswamy.51/Documents/github/Spirals/Media/data/cluster/endsim/BehaviorSearch/Step6_Trial""","true","0.2","0.4","9","-0.7","true","true","""530893345""","0.06313825673232602","0.06313825673232602","0.06313825673232602","0","0.06313825673232602"
"1","1374","1444","1000","1","""HK""","0.01","false","""normal""","1","""constant""","0.1","""Scale-free""","2","0","1","""uniform""","""deterministic-normal""","10","0","0.7000000000000001","""normal""","0.5","1","false","""/home/ramaswamy.51/Documents/github/Spirals/Media/data/cluster/endsim/BehaviorSearch/Step6_Trial""","true","0.2","0.4","9","-0.7","true","true","""492223299""","0.11231418021128914","0.11231418021128914","0.11231418021128914","0","0.11231418021128914"
"1","1375","1444","1000","1","""HK""","0.01","false","""normal""","1","""constant""","0.1","""Scale-free""","2","0","1","""uniform""","""deterministic-normal""","10","0","0.7000000000000001","""normal""","0.5","1","false","""/home/ramaswamy.51/Documents/github/Spirals/Media/data/cluster/endsim/BehaviorSearch/Step6_Trial""","true","0.2","0.4","9","-0.7","true","true","""435532588""","0.12386355704140514","0.12386355704140514","0.12386355704140514","0","0.12386355704140514"
"1","1376","1444","1000","1","""HK""","0.01","false","""normal""","1","""constant""","0.1","""Scale-free""","2","0","1","""uniform""","""deterministic-normal""","10","0","0.7000000000000001","""normal""","0.5","1","false","""/home/ramaswamy.51/Documents/github/Spirals/Media/data/cluster/endsim/BehaviorSearch/Step6_Trial""","true","0.2","0.4","9","-0.7","true","true","""-1757271166""","0.10339284722295966","0.10339284722295966","0.10339284722295966","0","0.10339284722295966"
"1","1377","1452","1000","1","""HK""","0.01","false","""normal""","1","""constant""","0.1","""Scale-free""","2","0","1","""uniform""","""deterministic-normal""","10","-0.19999999999999996","0.7000000000000001","""normal""","-0.09999999999999998","1","false","""/home/ramaswamy.51/Documents/github/Spirals/Media/data/cluster/endsim/BehaviorSearch/Step6_Trial""","true","0.2","0.7000000000000001","10","-0.9","true","true","""-626907537""","0.08965473258729162","0.08965473258729162","0.08965473258729162","0","0.08965473258729162"
"1","1378","1452","1000","1","""HK""","0.01","false","""normal""","1","""constant""","0.1","""Scale-free""","2","0","1","""uniform""","""deterministic-normal""","10","-0.19999999999999996","0.7000000000000001","""normal""","-0.09999999999999998","1","false","""/home/ramaswamy.51/Documents/github/Spirals/Media/data/cluster/endsim/BehaviorSearch/Step6_Trial""","true","0.2","0.7000000000000001","10","-0.9","true","true","""1036261648""","0.07537196419035835","0.07537196419035835","0.07537196419035835","0","0.07537196419035835"
"1","1379","1452","1000","1","""HK""","0.01","false","""normal""","1","""constant""","0.1","""Scale-free""","2","0","1","""uniform""","""deterministic-normal""","10","-0.19999999999999996","0.7000000000000001","""normal""","-0.09999999999999998","1","false","""/home/ramaswamy.51/Documents/github/Spirals/Media/data/cluster/endsim/BehaviorSearch/Step6_Trial""","true","0.2","0.7000000000000001","10","-0.9","true","true","""1570486512""","0.08895957450913641","0.08895957450913641","0.08895957450913641","0","0.08895957450913641"
"1","1380","1452","1000","1","""HK""","0.01","false","""normal""","1","""constant""","0.1","""Scale-free""","2","0","1","""uniform""","""deterministic-normal""","10","-0.19999999999999996","0.7000000000000001","""normal""","-0.09999999999999998","1","false","""/home/ramaswamy.51/Documents/github/Spirals/Media/data/cluster/endsim/BehaviorSearch/Step6_Trial""","true","0.2","0.7000000000000001","10","-0.9","true","true","""-2088928022""","0.08914578200828736","0.08914578200828736","0.08914578200828736","0","0.08914578200828736"
"1","1381","1456","1000","1","""HK""","0.01","false","""normal""","1","""constant""","0.1","""Scale-free""","2","0","1","""uniform""","""deterministic-normal""","10","-0.19999999999999996","0.6000000000000001","""normal""","0.20000000000000018","1","false","""/home/ramaswamy.51/Documents/github/Spirals/Media/data/cluster/endsim/BehaviorSearch/Step6_Trial""","true","0.2","0.8","8","-0.7","true","true","""2070894719""","0.10119572510321771","0.10119572510321771","0.10119572510321771","0","0.10119572510321771"
"1","1382","1456","1000","1","""HK""","0.01","false","""normal""","1","""constant""","0.1","""Scale-free""","2","0","1","""uniform""","""deterministic-normal""","10","-0.19999999999999996","0.6000000000000001","""normal""","0.20000000000000018","1","false","""/home/ramaswamy.51/Documents/github/Spirals/Media/data/cluster/endsim/BehaviorSearch/Step6_Trial""","true","0.2","0.8","8","-0.7","true","true","""-1394553120""","0.07266745514376793","0.07266745514376793","0.07266745514376793","0","0.07266745514376793"
"1","1383","1456","1000","1","""HK""","0.01","false","""normal""","1","""constant""","0.1","""Scale-free""","2","0","1","""uniform""","""deterministic-normal""","10","-0.19999999999999996","0.6000000000000001","""normal""","0.20000000000000018","1","false","""/home/ramaswamy.51/Documents/github/Spirals/Media/data/cluster/endsim/BehaviorSearch/Step6_Trial""","true","0.2","0.8","8","-0.7","true","true","""-518448430""","0.0750593959151755","0.0750593959151755","0.0750593959151755","0","0.0750593959151755"
"1","1384","1456","1000","1","""HK""","0.01","false","""normal""","1","""constant""","0.1","""Scale-free""","2","0","1","""uniform""","""deterministic-normal""","10","-0.19999999999999996","0.6000000000000001","""normal""","0.20000000000000018","1","false","""/home/ramaswamy.51/Documents/github/Spirals/Media/data/cluster/endsim/BehaviorSearch/Step6_Trial""","true","0.2","0.8","8","-0.7","true","true","""-1002142520""","0.08493240359688925","0.08493240359688925","0.08493240359688925","0","0.08493240359688925"
"1","1385","1460","1000","1","""HK""","0.01","false","""normal""","1","""constant""","0.1","""Scale-free""","2","0","1","""uniform""","""deterministic-normal""","10","-0.09999999999999998","0.6000000000000001","""normal""","0.20000000000000018","1","false","""/home/ramaswamy.51/Documents/github/Spirals/Media/data/cluster/endsim/BehaviorSearch/Step6_Trial""","true","0.2","0.8","9","-0.5","true","true","""2096221687""","0.08779500114494948","0.08779500114494948","0.08779500114494948","0","0.08779500114494948"
"1","1386","1460","1000","1","""HK""","0.01","false","""normal""","1","""constant""","0.1","""Scale-free""","2","0","1","""uniform""","""deterministic-normal""","10","-0.09999999999999998","0.6000000000000001","""normal""","0.20000000000000018","1","false","""/home/ramaswamy.51/Documents/github/Spirals/Media/data/cluster/endsim/BehaviorSearch/Step6_Trial""","true","0.2","0.8","9","-0.5","true","true","""2002301688""","0.09163163170413334","0.09163163170413334","0.09163163170413334","0","0.09163163170413334"
"1","1387","1460","1000","1","""HK""","0.01","false","""normal""","1","""constant""","0.1","""Scale-free""","2","0","1","""uniform""","""deterministic-normal""","10","-0.09999999999999998","0.6000000000000001","""normal""","0.20000000000000018","1","false","""/home/ramaswamy.51/Documents/github/Spirals/Media/data/cluster/endsim/BehaviorSearch/Step6_Trial""","true","0.2","0.8","9","-0.5","true","true","""1645449759""","0.09721297396092458","0.09721297396092458","0.09721297396092458","0","0.09721297396092458"
"1","1388","1460","1000","1","""HK""","0.01","false","""normal""","1","""constant""","0.1","""Scale-free""","2","0","1","""uniform""","""deterministic-normal""","10","-0.09999999999999998","0.6000000000000001","""normal""","0.20000000000000018","1","false","""/home/ramaswamy.51/Documents/github/Spirals/Media/data/cluster/endsim/BehaviorSearch/Step6_Trial""","true","0.2","0.8","9","-0.5","true","true","""-295814277""","0.10106251007470653","0.10106251007470653","0.10106251007470653","0","0.10106251007470653"
"1","1389","1468","1000","1","""HK""","0.01","false","""normal""","1","""constant""","0.1","""Scale-free""","2","0","1","""uniform""","""deterministic-normal""","15","0.40000000000000013","0.7000000000000001","""normal""","-0.19999999999999996","0.9","false","""/home/ramaswamy.51/Documents/github/Spirals/Media/data/cluster/endsim/BehaviorSearch/Step6_Trial""","true","0.2","0.4","8","-1","true","true","""-1152299007""","0.07618588886073173","0.07618588886073173","0.07618588886073173","0","0.07618588886073173"
"1","1390","1468","1000","1","""HK""","0.01","false","""normal""","1","""constant""","0.1","""Scale-free""","2","0","1","""uniform""","""deterministic-normal""","15","0.40000000000000013","0.7000000000000001","""normal""","-0.19999999999999996","0.9","false","""/home/ramaswamy.51/Documents/github/Spirals/Media/data/cluster/endsim/BehaviorSearch/Step6_Trial""","true","0.2","0.4","8","-1","true","true","""2004138785""","0.09355521940126749","0.09355521940126749","0.09355521940126749","0","0.09355521940126749"
"1","1391","1468","1000","1","""HK""","0.01","false","""normal""","1","""constant""","0.1","""Scale-free""","2","0","1","""uniform""","""deterministic-normal""","15","0.40000000000000013","0.7000000000000001","""normal""","-0.19999999999999996","0.9","false","""/home/ramaswamy.51/Documents/github/Spirals/Media/data/cluster/endsim/BehaviorSearch/Step6_Trial""","true","0.2","0.4","8","-1","true","true","""588375632""","0.10332291994291347","0.10332291994291347","0.10332291994291347","0","0.10332291994291347"
"1","1392","1468","1000","1","""HK""","0.01","false","""normal""","1","""constant""","0.1","""Scale-free""","2","0","1","""uniform""","""deterministic-normal""","15","0.40000000000000013","0.7000000000000001","""normal""","-0.19999999999999996","0.9","false","""/home/ramaswamy.51/Documents/github/Spirals/Media/data/cluster/endsim/BehaviorSearch/Step6_Trial""","true","0.2","0.4","8","-1","true","true","""202804887""","0.08051439037520433","0.08051439037520433","0.08051439037520433","0","0.08051439037520433"
"1","1393","1472","1000","1","""HK""","0.04","false","""normal""","1","""constant""","0.1","""Scale-free""","2","0","1","""uniform""","""deterministic-normal""","15","-0.09999999999999998","0.7000000000000001","""normal""","0.20000000000000018","1","false","""/home/ramaswamy.51/Documents/github/Spirals/Media/data/cluster/endsim/BehaviorSearch/Step6_Trial""","true","0.2","0.7000000000000001","9","-0.7","true","true","""-708007357""","0.09555594481084877","0.09555594481084877","0.09555594481084877","0","0.09555594481084877"
"1","1394","1472","1000","1","""HK""","0.04","false","""normal""","1","""constant""","0.1","""Scale-free""","2","0","1","""uniform""","""deterministic-normal""","15","-0.09999999999999998","0.7000000000000001","""normal""","0.20000000000000018","1","false","""/home/ramaswamy.51/Documents/github/Spirals/Media/data/cluster/endsim/BehaviorSearch/Step6_Trial""","true","0.2","0.7000000000000001","9","-0.7","true","true","""-1253415151""","0.0977053043629837","0.0977053043629837","0.0977053043629837","0","0.0977053043629837"
"1","1395","1472","1000","1","""HK""","0.04","false","""normal""","1","""constant""","0.1","""Scale-free""","2","0","1","""uniform""","""deterministic-normal""","15","-0.09999999999999998","0.7000000000000001","""normal""","0.20000000000000018","1","false","""/home/ramaswamy.51/Documents/github/Spirals/Media/data/cluster/endsim/BehaviorSearch/Step6_Trial""","true","0.2","0.7000000000000001","9","-0.7","true","true","""622122877""","0.09541253068145344","0.09541253068145344","0.09541253068145344","0","0.09541253068145344"
"1","1396","1472","1000","1","""HK""","0.04","false","""normal""","1","""constant""","0.1","""Scale-free""","2","0","1","""uniform""","""deterministic-normal""","15","-0.09999999999999998","0.7000000000000001","""normal""","0.20000000000000018","1","false","""/home/ramaswamy.51/Documents/github/Spirals/Media/data/cluster/endsim/BehaviorSearch/Step6_Trial""","true","0.2","0.7000000000000001","9","-0.7","true","true","""-866923355""","0.08412931033226215","0.08412931033226215","0.08412931033226215","0","0.08412931033226215"
"1","1397","1476","1000","1","""HK""","0.01","false","""normal""","1","""constant""","0.1","""Scale-free""","2","0","1","""uniform""","""deterministic-normal""","10","-0.09999999999999998","0.5","""normal""","0.10000000000000009","1","false","""/home/ramaswamy.51/Documents/github/Spirals/Media/data/cluster/endsim/BehaviorSearch/Step6_Trial""","true","0.30000000000000004","0.7000000000000001","10","-0.7","true","true","""808440996""","0.10474967234971524","0.10474967234971524","0.10474967234971524","0","0.10474967234971524"
"1","1398","1476","1000","1","""HK""","0.01","false","""normal""","1","""constant""","0.1","""Scale-free""","2","0","1","""uniform""","""deterministic-normal""","10","-0.09999999999999998","0.5","""normal""","0.10000000000000009","1","false","""/home/ramaswamy.51/Documents/github/Spirals/Media/data/cluster/endsim/BehaviorSearch/Step6_Trial""","true","0.30000000000000004","0.7000000000000001","10","-0.7","true","true","""-1181568985""","0.0687630226028292","0.0687630226028292","0.0687630226028292","0","0.0687630226028292"
"1","1399","1476","1000","1","""HK""","0.01","false","""normal""","1","""constant""","0.1","""Scale-free""","2","0","1","""uniform""","""deterministic-normal""","10","-0.09999999999999998","0.5","""normal""","0.10000000000000009","1","false","""/home/ramaswamy.51/Documents/github/Spirals/Media/data/cluster/endsim/BehaviorSearch/Step6_Trial""","true","0.30000000000000004","0.7000000000000001","10","-0.7","true","true","""415255536""","0.08207499232895778","0.08207499232895778","0.08207499232895778","0","0.08207499232895778"
"1","1400","1476","1000","1","""HK""","0.01","false","""normal""","1","""constant""","0.1","""Scale-free""","2","0","1","""uniform""","""deterministic-normal""","10","-0.09999999999999998","0.5","""normal""","0.10000000000000009","1","false","""/home/ramaswamy.51/Documents/github/Spirals/Media/data/cluster/endsim/BehaviorSearch/Step6_Trial""","true","0.30000000000000004","0.7000000000000001","10","-0.7","true","true","""-2064625245""","0.08112982210099766","0.08112982210099766","0.08112982210099766","0","0.08112982210099766"
"1","1401","1484","1000","1","""HK""","0.01","false","""normal""","1","""constant""","0.1","""Scale-free""","2","0","1","""uniform""","""deterministic-normal""","10","0","0.6000000000000001","""normal""","-0.09999999999999998","0.9","false","""/home/ramaswamy.51/Documents/github/Spirals/Media/data/cluster/endsim/BehaviorSearch/Step6_Trial""","true","0.2","0.4","9","-1","true","true","""1718333638""","0.07686266328168878","0.07686266328168878","0.07686266328168878","0","0.07686266328168878"
"1","1402","1484","1000","1","""HK""","0.01","false","""normal""","1","""constant""","0.1","""Scale-free""","2","0","1","""uniform""","""deterministic-normal""","10","0","0.6000000000000001","""normal""","-0.09999999999999998","0.9","false","""/home/ramaswamy.51/Documents/github/Spirals/Media/data/cluster/endsim/BehaviorSearch/Step6_Trial""","true","0.2","0.4","9","-1","true","true","""184638876""","0.07087520388244888","0.07087520388244888","0.07087520388244888","0","0.07087520388244888"
"1","1403","1484","1000","1","""HK""","0.01","false","""normal""","1","""constant""","0.1","""Scale-free""","2","0","1","""uniform""","""deterministic-normal""","10","0","0.6000000000000001","""normal""","-0.09999999999999998","0.9","false","""/home/ramaswamy.51/Documents/github/Spirals/Media/data/cluster/endsim/BehaviorSearch/Step6_Trial""","true","0.2","0.4","9","-1","true","true","""249088027""","0.09219228819261048","0.09219228819261048","0.09219228819261048","0","0.09219228819261048"
"1","1404","1484","1000","1","""HK""","0.01","false","""normal""","1","""constant""","0.1","""Scale-free""","2","0","1","""uniform""","""deterministic-normal""","10","0","0.6000000000000001","""normal""","-0.09999999999999998","0.9","false","""/home/ramaswamy.51/Documents/github/Spirals/Media/data/cluster/endsim/BehaviorSearch/Step6_Trial""","true","0.2","0.4","9","-1","true","true","""673786506""","0.11195807971228135","0.11195807971228135","0.11195807971228135","0","0.11195807971228135"
"1","1405","1488","1000","1","""HK""","0.01","false","""normal""","1","""constant""","0.1","""Scale-free""","2","0","1","""uniform""","""deterministic-normal""","10","-0.19999999999999996","0.6000000000000001","""normal""","0.10000000000000009","1","false","""/home/ramaswamy.51/Documents/github/Spirals/Media/data/cluster/endsim/BehaviorSearch/Step6_Trial""","true","0.2","0.9","10","-0.6","true","true","""499818889""","0.05495320310309114","0.05495320310309114","0.05495320310309114","0","0.05495320310309114"
"1","1406","1488","1000","1","""HK""","0.01","false","""normal""","1","""constant""","0.1","""Scale-free""","2","0","1","""uniform""","""deterministic-normal""","10","-0.19999999999999996","0.6000000000000001","""normal""","0.10000000000000009","1","false","""/home/ramaswamy.51/Documents/github/Spirals/Media/data/cluster/endsim/BehaviorSearch/Step6_Trial""","true","0.2","0.9","10","-0.6","true","true","""150338820""","0.10127604464403828","0.10127604464403828","0.10127604464403828","0","0.10127604464403828"
"1","1407","1488","1000","1","""HK""","0.01","false","""normal""","1","""constant""","0.1","""Scale-free""","2","0","1","""uniform""","""deterministic-normal""","10","-0.19999999999999996","0.6000000000000001","""normal""","0.10000000000000009","1","false","""/home/ramaswamy.51/Documents/github/Spirals/Media/data/cluster/endsim/BehaviorSearch/Step6_Trial""","true","0.2","0.9","10","-0.6","true","true","""275340401""","0.07133833244309894","0.07133833244309894","0.07133833244309894","0","0.07133833244309894"
"1","1408","1488","1000","1","""HK""","0.01","false","""normal""","1","""constant""","0.1","""Scale-free""","2","0","1","""uniform""","""deterministic-normal""","10","-0.19999999999999996","0.6000000000000001","""normal""","0.10000000000000009","1","false","""/home/ramaswamy.51/Documents/github/Spirals/Media/data/cluster/endsim/BehaviorSearch/Step6_Trial""","true","0.2","0.9","10","-0.6","true","true","""-2035203733""","0.08852839364360511","0.08852839364360511","0.08852839364360511","0","0.08852839364360511"
"1","1409","1492","1000","1","""HK""","0.01","false","""normal""","1","""constant""","0.1","""Scale-free""","2","0","1","""uniform""","""deterministic-normal""","15","0","0.7000000000000001","""normal""","-0.09999999999999998","0.9","false","""/home/ramaswamy.51/Documents/github/Spirals/Media/data/cluster/endsim/BehaviorSearch/Step6_Trial""","true","0.2","0.4","9","-1","true","true","""560753320""","0.0684725919771325","0.0684725919771325","0.0684725919771325","0","0.0684725919771325"
"1","1410","1492","1000","1","""HK""","0.01","false","""normal""","1","""constant""","0.1","""Scale-free""","2","0","1","""uniform""","""deterministic-normal""","15","0","0.7000000000000001","""normal""","-0.09999999999999998","0.9","false","""/home/ramaswamy.51/Documents/github/Spirals/Media/data/cluster/endsim/BehaviorSearch/Step6_Trial""","true","0.2","0.4","9","-1","true","true","""884741751""","0.09204183223861936","0.09204183223861936","0.09204183223861936","0","0.09204183223861936"
"1","1411","1492","1000","1","""HK""","0.01","false","""normal""","1","""constant""","0.1","""Scale-free""","2","0","1","""uniform""","""deterministic-normal""","15","0","0.7000000000000001","""normal""","-0.09999999999999998","0.9","false","""/home/ramaswamy.51/Documents/github/Spirals/Media/data/cluster/endsim/BehaviorSearch/Step6_Trial""","true","0.2","0.4","9","-1","true","true","""-629595528""","0.09891056513672516","0.09891056513672516","0.09891056513672516","0","0.09891056513672516"
"1","1412","1492","1000","1","""HK""","0.01","false","""normal""","1","""constant""","0.1","""Scale-free""","2","0","1","""uniform""","""deterministic-normal""","15","0","0.7000000000000001","""normal""","-0.09999999999999998","0.9","false","""/home/ramaswamy.51/Documents/github/Spirals/Media/data/cluster/endsim/BehaviorSearch/Step6_Trial""","true","0.2","0.4","9","-1","true","true","""-339716021""","0.06262207066023132","0.06262207066023132","0.06262207066023132","0","0.06262207066023132"
"1","1413","1496","1000","1","""HK""","0.01","false","""normal""","1","""constant""","0.1","""Scale-free""","2","0","1","""uniform""","""deterministic-normal""","10","0","0.7000000000000001","""normal""","-0.09999999999999998","0.9","false","""/home/ramaswamy.51/Documents/github/Spirals/Media/data/cluster/endsim/BehaviorSearch/Step6_Trial""","true","0.2","0.6000000000000001","10","-1","true","true","""377417984""","0.0724686528022163","0.0724686528022163","0.0724686528022163","0","0.0724686528022163"
"1","1414","1496","1000","1","""HK""","0.01","false","""normal""","1","""constant""","0.1","""Scale-free""","2","0","1","""uniform""","""deterministic-normal""","10","0","0.7000000000000001","""normal""","-0.09999999999999998","0.9","false","""/home/ramaswamy.51/Documents/github/Spirals/Media/data/cluster/endsim/BehaviorSearch/Step6_Trial""","true","0.2","0.6000000000000001","10","-1","true","true","""690884404""","0.07513872426989622","0.07513872426989622","0.07513872426989622","0","0.07513872426989622"
"1","1415","1496","1000","1","""HK""","0.01","false","""normal""","1","""constant""","0.1","""Scale-free""","2","0","1","""uniform""","""deterministic-normal""","10","0","0.7000000000000001","""normal""","-0.09999999999999998","0.9","false","""/home/ramaswamy.51/Documents/github/Spirals/Media/data/cluster/endsim/BehaviorSearch/Step6_Trial""","true","0.2","0.6000000000000001","10","-1","true","true","""1495975813""","0.10835178118495682","0.10835178118495682","0.10835178118495682","0","0.10835178118495682"
"1","1416","1496","1000","1","""HK""","0.01","false","""normal""","1","""constant""","0.1","""Scale-free""","2","0","1","""uniform""","""deterministic-normal""","10","0","0.7000000000000001","""normal""","-0.09999999999999998","0.9","false","""/home/ramaswamy.51/Documents/github/Spirals/Media/data/cluster/endsim/BehaviorSearch/Step6_Trial""","true","0.2","0.6000000000000001","10","-1","true","true","""316661253""","0.08070506441138638","0.08070506441138638","0.08070506441138638","0","0.08070506441138638"
"1","1417","1500","1000","1","""HK""","0.04","false","""normal""","1","""constant""","0.1","""Scale-free""","2","0","1","""uniform""","""deterministic-normal""","15","-0.19999999999999996","0.7000000000000001","""normal""","0.20000000000000018","0.9","false","""/home/ramaswamy.51/Documents/github/Spirals/Media/data/cluster/endsim/BehaviorSearch/Step6_Trial""","true","0.30000000000000004","0.2","9","-0.7","true","true","""1368638885""","0.09148838784855083","0.09148838784855083","0.09148838784855083","0","0.09148838784855083"
"1","1418","1500","1000","1","""HK""","0.04","false","""normal""","1","""constant""","0.1","""Scale-free""","2","0","1","""uniform""","""deterministic-normal""","15","-0.19999999999999996","0.7000000000000001","""normal""","0.20000000000000018","0.9","false","""/home/ramaswamy.51/Documents/github/Spirals/Media/data/cluster/endsim/BehaviorSearch/Step6_Trial""","true","0.30000000000000004","0.2","9","-0.7","true","true","""1435327939""","0.11238614390031339","0.11238614390031339","0.11238614390031339","0","0.11238614390031339"
"1","1419","1500","1000","1","""HK""","0.04","false","""normal""","1","""constant""","0.1","""Scale-free""","2","0","1","""uniform""","""deterministic-normal""","15","-0.19999999999999996","0.7000000000000001","""normal""","0.20000000000000018","0.9","false","""/home/ramaswamy.51/Documents/github/Spirals/Media/data/cluster/endsim/BehaviorSearch/Step6_Trial""","true","0.30000000000000004","0.2","9","-0.7","true","true","""219197970""","0.11240220331212236","0.11240220331212236","0.11240220331212236","0","0.11240220331212236"
"1","1420","1500","1000","1","""HK""","0.04","false","""normal""","1","""constant""","0.1","""Scale-free""","2","0","1","""uniform""","""deterministic-normal""","15","-0.19999999999999996","0.7000000000000001","""normal""","0.20000000000000018","0.9","false","""/home/ramaswamy.51/Documents/github/Spirals/Media/data/cluster/endsim/BehaviorSearch/Step6_Trial""","true","0.30000000000000004","0.2","9","-0.7","true","true","""-979850169""","0.1252376219619546","0.1252376219619546","0.1252376219619546","0","0.1252376219619546"
"1","1421","1504","1000","1","""HK""","0.01","false","""normal""","1","""constant""","0.1","""Scale-free""","2","0","1","""uniform""","""deterministic-normal""","15","-0.19999999999999996","0.6000000000000001","""normal""","0.10000000000000009","0.9","false","""/home/ramaswamy.51/Documents/github/Spirals/Media/data/cluster/endsim/BehaviorSearch/Step6_Trial""","true","0.30000000000000004","0.5","9","-0.7","true","true","""1059877901""","0.08132664910403997","0.08132664910403997","0.08132664910403997","0","0.08132664910403997"
"1","1422","1504","1000","1","""HK""","0.01","false","""normal""","1","""constant""","0.1","""Scale-free""","2","0","1","""uniform""","""deterministic-normal""","15","-0.19999999999999996","0.6000000000000001","""normal""","0.10000000000000009","0.9","false","""/home/ramaswamy.51/Documents/github/Spirals/Media/data/cluster/endsim/BehaviorSearch/Step6_Trial""","true","0.30000000000000004","0.5","9","-0.7","true","true","""-1787865965""","0.06429796765047288","0.06429796765047288","0.06429796765047288","0","0.06429796765047288"
"1","1423","1504","1000","1","""HK""","0.01","false","""normal""","1","""constant""","0.1","""Scale-free""","2","0","1","""uniform""","""deterministic-normal""","15","-0.19999999999999996","0.6000000000000001","""normal""","0.10000000000000009","0.9","false","""/home/ramaswamy.51/Documents/github/Spirals/Media/data/cluster/endsim/BehaviorSearch/Step6_Trial""","true","0.30000000000000004","0.5","9","-0.7","true","true","""378219946""","0.09193797778039559","0.09193797778039559","0.09193797778039559","0","0.09193797778039559"
"1","1424","1504","1000","1","""HK""","0.01","false","""normal""","1","""constant""","0.1","""Scale-free""","2","0","1","""uniform""","""deterministic-normal""","15","-0.19999999999999996","0.6000000000000001","""normal""","0.10000000000000009","0.9","false","""/home/ramaswamy.51/Documents/github/Spirals/Media/data/cluster/endsim/BehaviorSearch/Step6_Trial""","true","0.30000000000000004","0.5","9","-0.7","true","true","""-1071778730""","0.08299288613943209","0.08299288613943209","0.08299288613943209","0","0.08299288613943209"
"1","1425","1508","1000","1","""HK""","0.01","false","""normal""","1","""constant""","0.1","""Scale-free""","2","0","1","""uniform""","""deterministic-normal""","15","-0.29999999999999993","0.5","""normal""","0.20000000000000018","1","false","""/home/ramaswamy.51/Documents/github/Spirals/Media/data/cluster/endsim/BehaviorSearch/Step6_Trial""","true","0.30000000000000004","0.7000000000000001","9","-0.7","true","true","""1059914342""","0.06170268554034859","0.06170268554034859","0.06170268554034859","0","0.06170268554034859"
"1","1426","1508","1000","1","""HK""","0.01","false","""normal""","1","""constant""","0.1","""Scale-free""","2","0","1","""uniform""","""deterministic-normal""","15","-0.29999999999999993","0.5","""normal""","0.20000000000000018","1","false","""/home/ramaswamy.51/Documents/github/Spirals/Media/data/cluster/endsim/BehaviorSearch/Step6_Trial""","true","0.30000000000000004","0.7000000000000001","9","-0.7","true","true","""1528943332""","0.07711110619556458","0.07711110619556458","0.07711110619556458","0","0.07711110619556458"
"1","1427","1508","1000","1","""HK""","0.01","false","""normal""","1","""constant""","0.1","""Scale-free""","2","0","1","""uniform""","""deterministic-normal""","15","-0.29999999999999993","0.5","""normal""","0.20000000000000018","1","false","""/home/ramaswamy.51/Documents/github/Spirals/Media/data/cluster/endsim/BehaviorSearch/Step6_Trial""","true","0.30000000000000004","0.7000000000000001","9","-0.7","true","true","""-2086446999""","0.10089370416136945","0.10089370416136945","0.10089370416136945","0","0.10089370416136945"
"1","1428","1508","1000","1","""HK""","0.01","false","""normal""","1","""constant""","0.1","""Scale-free""","2","0","1","""uniform""","""deterministic-normal""","15","-0.29999999999999993","0.5","""normal""","0.20000000000000018","1","false","""/home/ramaswamy.51/Documents/github/Spirals/Media/data/cluster/endsim/BehaviorSearch/Step6_Trial""","true","0.30000000000000004","0.7000000000000001","9","-0.7","true","true","""-1446485345""","0.09200909219438645","0.09200909219438645","0.09200909219438645","0","0.09200909219438645"
"1","1429","1512","1000","1","""HK""","0.01","false","""normal""","1","""constant""","0.1","""Scale-free""","2","0","1","""uniform""","""deterministic-normal""","5","-0.3999999999999999","0.6000000000000001","""normal""","0.10000000000000009","1","false","""/home/ramaswamy.51/Documents/github/Spirals/Media/data/cluster/endsim/BehaviorSearch/Step6_Trial""","true","0.30000000000000004","0.30000000000000004","9","-0.7","true","true","""-104122224""","0.08370331781965937","0.08370331781965937","0.08370331781965937","0","0.08370331781965937"
"1","1430","1512","1000","1","""HK""","0.01","false","""normal""","1","""constant""","0.1","""Scale-free""","2","0","1","""uniform""","""deterministic-normal""","5","-0.3999999999999999","0.6000000000000001","""normal""","0.10000000000000009","1","false","""/home/ramaswamy.51/Documents/github/Spirals/Media/data/cluster/endsim/BehaviorSearch/Step6_Trial""","true","0.30000000000000004","0.30000000000000004","9","-0.7","true","true","""325771626""","0.07597530459138195","0.07597530459138195","0.07597530459138195","0","0.07597530459138195"
"1","1431","1512","1000","1","""HK""","0.01","false","""normal""","1","""constant""","0.1","""Scale-free""","2","0","1","""uniform""","""deterministic-normal""","5","-0.3999999999999999","0.6000000000000001","""normal""","0.10000000000000009","1","false","""/home/ramaswamy.51/Documents/github/Spirals/Media/data/cluster/endsim/BehaviorSearch/Step6_Trial""","true","0.30000000000000004","0.30000000000000004","9","-0.7","true","true","""1993710447""","0.07722936251282625","0.07722936251282625","0.07722936251282625","0","0.07722936251282625"
"1","1432","1512","1000","1","""HK""","0.01","false","""normal""","1","""constant""","0.1","""Scale-free""","2","0","1","""uniform""","""deterministic-normal""","5","-0.3999999999999999","0.6000000000000001","""normal""","0.10000000000000009","1","false","""/home/ramaswamy.51/Documents/github/Spirals/Media/data/cluster/endsim/BehaviorSearch/Step6_Trial""","true","0.30000000000000004","0.30000000000000004","9","-0.7","true","true","""1141182751""","0.08694921866564367","0.08694921866564367","0.08694921866564367","0","0.08694921866564367"
"1","1433","1516","1000","1","""HK""","0.01","false","""normal""","1","""constant""","0","""Scale-free""","2","0","1","""uniform""","""deterministic-normal""","10","-0.19999999999999996","0.6000000000000001","""normal""","-0.09999999999999998","1","false","""/home/ramaswamy.51/Documents/github/Spirals/Media/data/cluster/endsim/BehaviorSearch/Step6_Trial""","true","0.2","0.8","7","-0.7","true","true","""2041721200""","0.1775112290737413","0.1775112290737413","0.1775112290737413","0","0.1775112290737413"
"1","1434","1516","1000","1","""HK""","0.01","false","""normal""","1","""constant""","0","""Scale-free""","2","0","1","""uniform""","""deterministic-normal""","10","-0.19999999999999996","0.6000000000000001","""normal""","-0.09999999999999998","1","false","""/home/ramaswamy.51/Documents/github/Spirals/Media/data/cluster/endsim/BehaviorSearch/Step6_Trial""","true","0.2","0.8","7","-0.7","true","true","""1841420530""","0.15625851055054982","0.15625851055054982","0.15625851055054982","0","0.15625851055054982"
"1","1435","1516","1000","1","""HK""","0.01","false","""normal""","1","""constant""","0","""Scale-free""","2","0","1","""uniform""","""deterministic-normal""","10","-0.19999999999999996","0.6000000000000001","""normal""","-0.09999999999999998","1","false","""/home/ramaswamy.51/Documents/github/Spirals/Media/data/cluster/endsim/BehaviorSearch/Step6_Trial""","true","0.2","0.8","7","-0.7","true","true","""-871876431""","0.1764350804230128","0.1764350804230128","0.1764350804230128","0","0.1764350804230128"
"1","1436","1516","1000","1","""HK""","0.01","false","""normal""","1","""constant""","0","""Scale-free""","2","0","1","""uniform""","""deterministic-normal""","10","-0.19999999999999996","0.6000000000000001","""normal""","-0.09999999999999998","1","false","""/home/ramaswamy.51/Documents/github/Spirals/Media/data/cluster/endsim/BehaviorSearch/Step6_Trial""","true","0.2","0.8","7","-0.7","true","true","""436124669""","0.17170662562982847","0.17170662562982847","0.17170662562982847","0","0.17170662562982847"
"1","1437","1520","1000","1","""HK""","0.01","false","""normal""","1","""constant""","0.1","""Scale-free""","3","0","1","""uniform""","""deterministic-normal""","10","0.40000000000000013","0.7000000000000001","""normal""","0.20000000000000018","1","false","""/home/ramaswamy.51/Documents/github/Spirals/Media/data/cluster/endsim/BehaviorSearch/Step6_Trial""","true","0.2","0.7000000000000001","8","-0.8","true","true","""-642616945""","0.1072190799960802","0.1072190799960802","0.1072190799960802","0","0.1072190799960802"
"1","1438","1520","1000","1","""HK""","0.01","false","""normal""","1","""constant""","0.1","""Scale-free""","3","0","1","""uniform""","""deterministic-normal""","10","0.40000000000000013","0.7000000000000001","""normal""","0.20000000000000018","1","false","""/home/ramaswamy.51/Documents/github/Spirals/Media/data/cluster/endsim/BehaviorSearch/Step6_Trial""","true","0.2","0.7000000000000001","8","-0.8","true","true","""442047942""","0.09168956714757845","0.09168956714757845","0.09168956714757845","0","0.09168956714757845"
"1","1439","1520","1000","1","""HK""","0.01","false","""normal""","1","""constant""","0.1","""Scale-free""","3","0","1","""uniform""","""deterministic-normal""","10","0.40000000000000013","0.7000000000000001","""normal""","0.20000000000000018","1","false","""/home/ramaswamy.51/Documents/github/Spirals/Media/data/cluster/endsim/BehaviorSearch/Step6_Trial""","true","0.2","0.7000000000000001","8","-0.8","true","true","""-583854434""","0.0892406483803526","0.0892406483803526","0.0892406483803526","0","0.0892406483803526"
"1","1440","1520","1000","1","""HK""","0.01","false","""normal""","1","""constant""","0.1","""Scale-free""","3","0","1","""uniform""","""deterministic-normal""","10","0.40000000000000013","0.7000000000000001","""normal""","0.20000000000000018","1","false","""/home/ramaswamy.51/Documents/github/Spirals/Media/data/cluster/endsim/BehaviorSearch/Step6_Trial""","true","0.2","0.7000000000000001","8","-0.8","true","true","""1607964360""","0.09928518065152052","0.09928518065152052","0.09928518065152052","0","0.09928518065152052"
"1","1441","1524","1000","1","""HK""","0.01","false","""normal""","1","""constant""","0.1","""Scale-free""","2","0","1","""uniform""","""deterministic-normal""","10","0.20000000000000018","0.5","""normal""","0.20000000000000018","0.9","false","""/home/ramaswamy.51/Documents/github/Spirals/Media/data/cluster/endsim/BehaviorSearch/Step6_Trial""","true","0.2","0.5","9","-1","true","true","""454073323""","0.08746961008879195","0.08746961008879195","0.08746961008879195","0","0.08746961008879195"
"1","1442","1524","1000","1","""HK""","0.01","false","""normal""","1","""constant""","0.1","""Scale-free""","2","0","1","""uniform""","""deterministic-normal""","10","0.20000000000000018","0.5","""normal""","0.20000000000000018","0.9","false","""/home/ramaswamy.51/Documents/github/Spirals/Media/data/cluster/endsim/BehaviorSearch/Step6_Trial""","true","0.2","0.5","9","-1","true","true","""-32997381""","0.08434600162685962","0.08434600162685962","0.08434600162685962","0","0.08434600162685962"
"1","1443","1524","1000","1","""HK""","0.01","false","""normal""","1","""constant""","0.1","""Scale-free""","2","0","1","""uniform""","""deterministic-normal""","10","0.20000000000000018","0.5","""normal""","0.20000000000000018","0.9","false","""/home/ramaswamy.51/Documents/github/Spirals/Media/data/cluster/endsim/BehaviorSearch/Step6_Trial""","true","0.2","0.5","9","-1","true","true","""-770512656""","0.11062069159406969","0.11062069159406969","0.11062069159406969","0","0.11062069159406969"
"1","1444","1524","1000","1","""HK""","0.01","false","""normal""","1","""constant""","0.1","""Scale-free""","2","0","1","""uniform""","""deterministic-normal""","10","0.20000000000000018","0.5","""normal""","0.20000000000000018","0.9","false","""/home/ramaswamy.51/Documents/github/Spirals/Media/data/cluster/endsim/BehaviorSearch/Step6_Trial""","true","0.2","0.5","9","-1","true","true","""-399605795""","0.1097299371458464","0.1097299371458464","0.1097299371458464","0","0.1097299371458464"
"1","1445","1528","1000","1","""HK""","0.01","false","""normal""","1","""constant""","0.1","""Scale-free""","2","0","1","""uniform""","""deterministic-normal""","0","-0.19999999999999996","0.4","""normal""","0.20000000000000018","1","false","""/home/ramaswamy.51/Documents/github/Spirals/Media/data/cluster/endsim/BehaviorSearch/Step6_Trial""","true","0.2","0.9","10","-0.6","true","true","""-280578507""","0.09718169875516525","0.09718169875516525","0.09718169875516525","0","0.09718169875516525"
"1","1446","1528","1000","1","""HK""","0.01","false","""normal""","1","""constant""","0.1","""Scale-free""","2","0","1","""uniform""","""deterministic-normal""","0","-0.19999999999999996","0.4","""normal""","0.20000000000000018","1","false","""/home/ramaswamy.51/Documents/github/Spirals/Media/data/cluster/endsim/BehaviorSearch/Step6_Trial""","true","0.2","0.9","10","-0.6","true","true","""1894620674""","0.1066743905889275","0.1066743905889275","0.1066743905889275","0","0.1066743905889275"
"1","1447","1528","1000","1","""HK""","0.01","false","""normal""","1","""constant""","0.1","""Scale-free""","2","0","1","""uniform""","""deterministic-normal""","0","-0.19999999999999996","0.4","""normal""","0.20000000000000018","1","false","""/home/ramaswamy.51/Documents/github/Spirals/Media/data/cluster/endsim/BehaviorSearch/Step6_Trial""","true","0.2","0.9","10","-0.6","true","true","""664431914""","0.10143192451982774","0.10143192451982774","0.10143192451982774","0","0.10143192451982774"
"1","1448","1528","1000","1","""HK""","0.01","false","""normal""","1","""constant""","0.1","""Scale-free""","2","0","1","""uniform""","""deterministic-normal""","0","-0.19999999999999996","0.4","""normal""","0.20000000000000018","1","false","""/home/ramaswamy.51/Documents/github/Spirals/Media/data/cluster/endsim/BehaviorSearch/Step6_Trial""","true","0.2","0.9","10","-0.6","true","true","""639597620""","0.10333408944260217","0.10333408944260217","0.10333408944260217","0","0.10333408944260217"
"1","1449","1532","1000","1","""HK""","0.01","false","""normal""","1","""constant""","0.1","""Scale-free""","2","0","1","""uniform""","""deterministic-normal""","10","0","0.7000000000000001","""normal""","0.10000000000000009","1","false","""/home/ramaswamy.51/Documents/github/Spirals/Media/data/cluster/endsim/BehaviorSearch/Step6_Trial""","true","0.30000000000000004","0.2","8","-0.7","true","true","""1087466252""","0.1007040635100677","0.1007040635100677","0.1007040635100677","0","0.1007040635100677"
"1","1450","1532","1000","1","""HK""","0.01","false","""normal""","1","""constant""","0.1","""Scale-free""","2","0","1","""uniform""","""deterministic-normal""","10","0","0.7000000000000001","""normal""","0.10000000000000009","1","false","""/home/ramaswamy.51/Documents/github/Spirals/Media/data/cluster/endsim/BehaviorSearch/Step6_Trial""","true","0.30000000000000004","0.2","8","-0.7","true","true","""1686839196""","0.06846202391040027","0.06846202391040027","0.06846202391040027","0","0.06846202391040027"
"1","1451","1532","1000","1","""HK""","0.01","false","""normal""","1","""constant""","0.1","""Scale-free""","2","0","1","""uniform""","""deterministic-normal""","10","0","0.7000000000000001","""normal""","0.10000000000000009","1","false","""/home/ramaswamy.51/Documents/github/Spirals/Media/data/cluster/endsim/BehaviorSearch/Step6_Trial""","true","0.30000000000000004","0.2","8","-0.7","true","true","""-42062213""","0.08723637564644267","0.08723637564644267","0.08723637564644267","0","0.08723637564644267"
"1","1452","1532","1000","1","""HK""","0.01","false","""normal""","1","""constant""","0.1","""Scale-free""","2","0","1","""uniform""","""deterministic-normal""","10","0","0.7000000000000001","""normal""","0.10000000000000009","1","false","""/home/ramaswamy.51/Documents/github/Spirals/Media/data/cluster/endsim/BehaviorSearch/Step6_Trial""","true","0.30000000000000004","0.2","8","-0.7","true","true","""-623013709""","0.09672123631766993","0.09672123631766993","0.09672123631766993","0","0.09672123631766993"
"1","1453","1536","1000","1","""HK""","0.01","false","""normal""","1","""constant""","0.1","""Scale-free""","2","0","1","""uniform""","""deterministic-normal""","10","-0.29999999999999993","0.7000000000000001","""normal""","0.30000000000000004","1","false","""/home/ramaswamy.51/Documents/github/Spirals/Media/data/cluster/endsim/BehaviorSearch/Step6_Trial""","true","0.30000000000000004","0.30000000000000004","10","-0.7","true","true","""-1637854195""","0.07032104460256977","0.07032104460256977","0.07032104460256977","0","0.07032104460256977"
"1","1454","1536","1000","1","""HK""","0.01","false","""normal""","1","""constant""","0.1","""Scale-free""","2","0","1","""uniform""","""deterministic-normal""","10","-0.29999999999999993","0.7000000000000001","""normal""","0.30000000000000004","1","false","""/home/ramaswamy.51/Documents/github/Spirals/Media/data/cluster/endsim/BehaviorSearch/Step6_Trial""","true","0.30000000000000004","0.30000000000000004","10","-0.7","true","true","""1491790759""","0.08337767614377782","0.08337767614377782","0.08337767614377782","0","0.08337767614377782"
"1","1455","1536","1000","1","""HK""","0.01","false","""normal""","1","""constant""","0.1","""Scale-free""","2","0","1","""uniform""","""deterministic-normal""","10","-0.29999999999999993","0.7000000000000001","""normal""","0.30000000000000004","1","false","""/home/ramaswamy.51/Documents/github/Spirals/Media/data/cluster/endsim/BehaviorSearch/Step6_Trial""","true","0.30000000000000004","0.30000000000000004","10","-0.7","true","true","""-1669788756""","0.09189221473364684","0.09189221473364684","0.09189221473364684","0","0.09189221473364684"
"1","1456","1536","1000","1","""HK""","0.01","false","""normal""","1","""constant""","0.1","""Scale-free""","2","0","1","""uniform""","""deterministic-normal""","10","-0.29999999999999993","0.7000000000000001","""normal""","0.30000000000000004","1","false","""/home/ramaswamy.51/Documents/github/Spirals/Media/data/cluster/endsim/BehaviorSearch/Step6_Trial""","true","0.30000000000000004","0.30000000000000004","10","-0.7","true","true","""1347879536""","0.08712522708553538","0.08712522708553538","0.08712522708553538","0","0.08712522708553538"
"1","1457","1540","1000","1","""HK""","0.01","false","""normal""","1","""constant""","0.2","""Scale-free""","2","0","1","""uniform""","""deterministic-normal""","10","-0.19999999999999996","0.6000000000000001","""normal""","0.10000000000000009","1","false","""/home/ramaswamy.51/Documents/github/Spirals/Media/data/cluster/endsim/BehaviorSearch/Step6_Trial""","true","0.2","0.8","10","-0.7","true","true","""1208159196""","0.1967460404933343","0.1967460404933343","0.1967460404933343","0","0.1967460404933343"
"1","1458","1540","1000","1","""HK""","0.01","false","""normal""","1","""constant""","0.2","""Scale-free""","2","0","1","""uniform""","""deterministic-normal""","10","-0.19999999999999996","0.6000000000000001","""normal""","0.10000000000000009","1","false","""/home/ramaswamy.51/Documents/github/Spirals/Media/data/cluster/endsim/BehaviorSearch/Step6_Trial""","true","0.2","0.8","10","-0.7","true","true","""-1651149425""","0.2106754861546178","0.2106754861546178","0.2106754861546178","0","0.2106754861546178"
"1","1459","1540","1000","1","""HK""","0.01","false","""normal""","1","""constant""","0.2","""Scale-free""","2","0","1","""uniform""","""deterministic-normal""","10","-0.19999999999999996","0.6000000000000001","""normal""","0.10000000000000009","1","false","""/home/ramaswamy.51/Documents/github/Spirals/Media/data/cluster/endsim/BehaviorSearch/Step6_Trial""","true","0.2","0.8","10","-0.7","true","true","""-795806710""","0.1778534784135385","0.1778534784135385","0.1778534784135385","0","0.1778534784135385"
"1","1460","1540","1000","1","""HK""","0.01","false","""normal""","1","""constant""","0.2","""Scale-free""","2","0","1","""uniform""","""deterministic-normal""","10","-0.19999999999999996","0.6000000000000001","""normal""","0.10000000000000009","1","false","""/home/ramaswamy.51/Documents/github/Spirals/Media/data/cluster/endsim/BehaviorSearch/Step6_Trial""","true","0.2","0.8","10","-0.7","true","true","""-1386980586""","0.17979878139069796","0.17979878139069796","0.17979878139069796","0","0.17979878139069796"
"1","1461","1544","1000","1","""HK""","0.01","false","""normal""","1","""constant""","0.1","""Scale-free""","2","0","1","""uniform""","""deterministic-normal""","10","0","0.7000000000000001","""normal""","-0.09999999999999998","1","false","""/home/ramaswamy.51/Documents/github/Spirals/Media/data/cluster/endsim/BehaviorSearch/Step6_Trial""","true","0.2","0.4","9","-1","true","true","""-1967749777""","0.0865561556229933","0.0865561556229933","0.0865561556229933","0","0.0865561556229933"
"1","1462","1544","1000","1","""HK""","0.01","false","""normal""","1","""constant""","0.1","""Scale-free""","2","0","1","""uniform""","""deterministic-normal""","10","0","0.7000000000000001","""normal""","-0.09999999999999998","1","false","""/home/ramaswamy.51/Documents/github/Spirals/Media/data/cluster/endsim/BehaviorSearch/Step6_Trial""","true","0.2","0.4","9","-1","true","true","""664070638""","0.07512200834949506","0.07512200834949506","0.07512200834949506","0","0.07512200834949506"
"1","1463","1544","1000","1","""HK""","0.01","false","""normal""","1","""constant""","0.1","""Scale-free""","2","0","1","""uniform""","""deterministic-normal""","10","0","0.7000000000000001","""normal""","-0.09999999999999998","1","false","""/home/ramaswamy.51/Documents/github/Spirals/Media/data/cluster/endsim/BehaviorSearch/Step6_Trial""","true","0.2","0.4","9","-1","true","true","""1671191553""","0.09484884098199156","0.09484884098199156","0.09484884098199156","0","0.09484884098199156"
"1","1464","1544","1000","1","""HK""","0.01","false","""normal""","1","""constant""","0.1","""Scale-free""","2","0","1","""uniform""","""deterministic-normal""","10","0","0.7000000000000001","""normal""","-0.09999999999999998","1","false","""/home/ramaswamy.51/Documents/github/Spirals/Media/data/cluster/endsim/BehaviorSearch/Step6_Trial""","true","0.2","0.4","9","-1","true","true","""889459014""","0.06507985647444282","0.06507985647444282","0.06507985647444282","0","0.06507985647444282"
"1","1465","1548","1000","1","""HK""","0.01","false","""normal""","1","""constant""","0.2","""Scale-free""","2","0","1","""uniform""","""deterministic-normal""","10","-0.09999999999999998","0.7000000000000001","""normal""","-0.09999999999999998","1","false","""/home/ramaswamy.51/Documents/github/Spirals/Media/data/cluster/endsim/BehaviorSearch/Step6_Trial""","true","0.2","0.6000000000000001","10","-0.9","true","true","""27611916""","0.23325096135912837","0.23325096135912837","0.23325096135912837","0","0.23325096135912837"
"1","1466","1548","1000","1","""HK""","0.01","false","""normal""","1","""constant""","0.2","""Scale-free""","2","0","1","""uniform""","""deterministic-normal""","10","-0.09999999999999998","0.7000000000000001","""normal""","-0.09999999999999998","1","false","""/home/ramaswamy.51/Documents/github/Spirals/Media/data/cluster/endsim/BehaviorSearch/Step6_Trial""","true","0.2","0.6000000000000001","10","-0.9","true","true","""-193862566""","0.21732873439248407","0.21732873439248407","0.21732873439248407","0","0.21732873439248407"
"1","1467","1548","1000","1","""HK""","0.01","false","""normal""","1","""constant""","0.2","""Scale-free""","2","0","1","""uniform""","""deterministic-normal""","10","-0.09999999999999998","0.7000000000000001","""normal""","-0.09999999999999998","1","false","""/home/ramaswamy.51/Documents/github/Spirals/Media/data/cluster/endsim/BehaviorSearch/Step6_Trial""","true","0.2","0.6000000000000001","10","-0.9","true","true","""1849513826""","0.20825946422723962","0.20825946422723962","0.20825946422723962","0","0.20825946422723962"
"1","1468","1548","1000","1","""HK""","0.01","false","""normal""","1","""constant""","0.2","""Scale-free""","2","0","1","""uniform""","""deterministic-normal""","10","-0.09999999999999998","0.7000000000000001","""normal""","-0.09999999999999998","1","false","""/home/ramaswamy.51/Documents/github/Spirals/Media/data/cluster/endsim/BehaviorSearch/Step6_Trial""","true","0.2","0.6000000000000001","10","-0.9","true","true","""1116489786""","0.2099800468326677","0.2099800468326677","0.2099800468326677","0","0.2099800468326677"
"1","1469","1552","1000","1","""HK""","0.01","false","""normal""","1","""constant""","0.1","""Scale-free""","2","0","1","""uniform""","""deterministic-normal""","15","-0.19999999999999996","0.7000000000000001","""normal""","-0.09999999999999998","1","false","""/home/ramaswamy.51/Documents/github/Spirals/Media/data/cluster/endsim/BehaviorSearch/Step6_Trial""","true","0.30000000000000004","0.4","9","-0.7","true","true","""-997312808""","0.08148841518186964","0.08148841518186964","0.08148841518186964","0","0.08148841518186964"
"1","1470","1552","1000","1","""HK""","0.01","false","""normal""","1","""constant""","0.1","""Scale-free""","2","0","1","""uniform""","""deterministic-normal""","15","-0.19999999999999996","0.7000000000000001","""normal""","-0.09999999999999998","1","false","""/home/ramaswamy.51/Documents/github/Spirals/Media/data/cluster/endsim/BehaviorSearch/Step6_Trial""","true","0.30000000000000004","0.4","9","-0.7","true","true","""1185970746""","0.08402013261848476","0.08402013261848476","0.08402013261848476","0","0.08402013261848476"
"1","1471","1552","1000","1","""HK""","0.01","false","""normal""","1","""constant""","0.1","""Scale-free""","2","0","1","""uniform""","""deterministic-normal""","15","-0.19999999999999996","0.7000000000000001","""normal""","-0.09999999999999998","1","false","""/home/ramaswamy.51/Documents/github/Spirals/Media/data/cluster/endsim/BehaviorSearch/Step6_Trial""","true","0.30000000000000004","0.4","9","-0.7","true","true","""-856706685""","0.08802839823570582","0.08802839823570582","0.08802839823570582","0","0.08802839823570582"
"1","1472","1552","1000","1","""HK""","0.01","false","""normal""","1","""constant""","0.1","""Scale-free""","2","0","1","""uniform""","""deterministic-normal""","15","-0.19999999999999996","0.7000000000000001","""normal""","-0.09999999999999998","1","false","""/home/ramaswamy.51/Documents/github/Spirals/Media/data/cluster/endsim/BehaviorSearch/Step6_Trial""","true","0.30000000000000004","0.4","9","-0.7","true","true","""1486750155""","0.07284635166765191","0.07284635166765191","0.07284635166765191","0","0.07284635166765191"
"1","1473","1556","1000","1","""HK""","0.01","false","""normal""","1","""constant""","0.1","""Scale-free""","2","0","1","""uniform""","""deterministic-normal""","10","-0.19999999999999996","0.5","""normal""","-0.09999999999999998","1","false","""/home/ramaswamy.51/Documents/github/Spirals/Media/data/cluster/endsim/BehaviorSearch/Step6_Trial""","true","0.2","0.8","9","-1","true","true","""-370802759""","0.07769909398731414","0.07769909398731414","0.07769909398731414","0","0.07769909398731414"
"1","1474","1556","1000","1","""HK""","0.01","false","""normal""","1","""constant""","0.1","""Scale-free""","2","0","1","""uniform""","""deterministic-normal""","10","-0.19999999999999996","0.5","""normal""","-0.09999999999999998","1","false","""/home/ramaswamy.51/Documents/github/Spirals/Media/data/cluster/endsim/BehaviorSearch/Step6_Trial""","true","0.2","0.8","9","-1","true","true","""1453682957""","0.08128122964807703","0.08128122964807703","0.08128122964807703","0","0.08128122964807703"
"1","1475","1556","1000","1","""HK""","0.01","false","""normal""","1","""constant""","0.1","""Scale-free""","2","0","1","""uniform""","""deterministic-normal""","10","-0.19999999999999996","0.5","""normal""","-0.09999999999999998","1","false","""/home/ramaswamy.51/Documents/github/Spirals/Media/data/cluster/endsim/BehaviorSearch/Step6_Trial""","true","0.2","0.8","9","-1","true","true","""1158195763""","0.09222013953283152","0.09222013953283152","0.09222013953283152","0","0.09222013953283152"
"1","1476","1556","1000","1","""HK""","0.01","false","""normal""","1","""constant""","0.1","""Scale-free""","2","0","1","""uniform""","""deterministic-normal""","10","-0.19999999999999996","0.5","""normal""","-0.09999999999999998","1","false","""/home/ramaswamy.51/Documents/github/Spirals/Media/data/cluster/endsim/BehaviorSearch/Step6_Trial""","true","0.2","0.8","9","-1","true","true","""1236976951""","0.08721948343019685","0.08721948343019685","0.08721948343019685","0","0.08721948343019685"
"1","1477","1560","1000","1","""HK""","0.01","false","""normal""","1","""constant""","0.1","""Scale-free""","2","0","1","""uniform""","""deterministic-normal""","15","0.10000000000000009","0.7000000000000001","""normal""","0.5","1","false","""/home/ramaswamy.51/Documents/github/Spirals/Media/data/cluster/endsim/BehaviorSearch/Step6_Trial""","true","0.2","0.4","9","-0.7","true","true","""1135259840""","0.1113263076947192","0.1113263076947192","0.1113263076947192","0","0.1113263076947192"
"1","1478","1560","1000","1","""HK""","0.01","false","""normal""","1","""constant""","0.1","""Scale-free""","2","0","1","""uniform""","""deterministic-normal""","15","0.10000000000000009","0.7000000000000001","""normal""","0.5","1","false","""/home/ramaswamy.51/Documents/github/Spirals/Media/data/cluster/endsim/BehaviorSearch/Step6_Trial""","true","0.2","0.4","9","-0.7","true","true","""1311223575""","0.09759792545655703","0.09759792545655703","0.09759792545655703","0","0.09759792545655703"
"1","1479","1560","1000","1","""HK""","0.01","false","""normal""","1","""constant""","0.1","""Scale-free""","2","0","1","""uniform""","""deterministic-normal""","15","0.10000000000000009","0.7000000000000001","""normal""","0.5","1","false","""/home/ramaswamy.51/Documents/github/Spirals/Media/data/cluster/endsim/BehaviorSearch/Step6_Trial""","true","0.2","0.4","9","-0.7","true","true","""1759337537""","0.11329921553400113","0.11329921553400113","0.11329921553400113","0","0.11329921553400113"
"1","1480","1560","1000","1","""HK""","0.01","false","""normal""","1","""constant""","0.1","""Scale-free""","2","0","1","""uniform""","""deterministic-normal""","15","0.10000000000000009","0.7000000000000001","""normal""","0.5","1","false","""/home/ramaswamy.51/Documents/github/Spirals/Media/data/cluster/endsim/BehaviorSearch/Step6_Trial""","true","0.2","0.4","9","-0.7","true","true","""-1703820285""","0.10940774327232732","0.10940774327232732","0.10940774327232732","0","0.10940774327232732"
"1","1481","1564","1000","1","""HK""","0.01","false","""normal""","1","""constant""","0.1","""Scale-free""","2","0","1","""uniform""","""deterministic-normal""","10","-0.19999999999999996","0.5","""normal""","0.10000000000000009","1","false","""/home/ramaswamy.51/Documents/github/Spirals/Media/data/cluster/endsim/BehaviorSearch/Step6_Trial""","true","0.30000000000000004","0.2","8","-0.7","true","true","""-869023380""","0.09350341781810374","0.09350341781810374","0.09350341781810374","0","0.09350341781810374"
"1","1482","1564","1000","1","""HK""","0.01","false","""normal""","1","""constant""","0.1","""Scale-free""","2","0","1","""uniform""","""deterministic-normal""","10","-0.19999999999999996","0.5","""normal""","0.10000000000000009","1","false","""/home/ramaswamy.51/Documents/github/Spirals/Media/data/cluster/endsim/BehaviorSearch/Step6_Trial""","true","0.30000000000000004","0.2","8","-0.7","true","true","""172183979""","0.06438313890000211","0.06438313890000211","0.06438313890000211","0","0.06438313890000211"
"1","1483","1564","1000","1","""HK""","0.01","false","""normal""","1","""constant""","0.1","""Scale-free""","2","0","1","""uniform""","""deterministic-normal""","10","-0.19999999999999996","0.5","""normal""","0.10000000000000009","1","false","""/home/ramaswamy.51/Documents/github/Spirals/Media/data/cluster/endsim/BehaviorSearch/Step6_Trial""","true","0.30000000000000004","0.2","8","-0.7","true","true","""1882197232""","0.06990705867715631","0.06990705867715631","0.06990705867715631","0","0.06990705867715631"
"1","1484","1564","1000","1","""HK""","0.01","false","""normal""","1","""constant""","0.1","""Scale-free""","2","0","1","""uniform""","""deterministic-normal""","10","-0.19999999999999996","0.5","""normal""","0.10000000000000009","1","false","""/home/ramaswamy.51/Documents/github/Spirals/Media/data/cluster/endsim/BehaviorSearch/Step6_Trial""","true","0.30000000000000004","0.2","8","-0.7","true","true","""1091214131""","0.08969630367193933","0.08969630367193933","0.08969630367193933","0","0.08969630367193933"
"1","1485","1568","1000","1","""HK""","0.01","false","""normal""","1","""constant""","0.1","""Scale-free""","2","0","1","""uniform""","""deterministic-normal""","10","-0.09999999999999998","0.5","""normal""","0.20000000000000018","1","false","""/home/ramaswamy.51/Documents/github/Spirals/Media/data/cluster/endsim/BehaviorSearch/Step6_Trial""","true","0.2","0.7000000000000001","9","-0.9","true","true","""401332869""","0.08752503765652854","0.08752503765652854","0.08752503765652854","0","0.08752503765652854"
"1","1486","1568","1000","1","""HK""","0.01","false","""normal""","1","""constant""","0.1","""Scale-free""","2","0","1","""uniform""","""deterministic-normal""","10","-0.09999999999999998","0.5","""normal""","0.20000000000000018","1","false","""/home/ramaswamy.51/Documents/github/Spirals/Media/data/cluster/endsim/BehaviorSearch/Step6_Trial""","true","0.2","0.7000000000000001","9","-0.9","true","true","""1555541443""","0.08951520052005157","0.08951520052005157","0.08951520052005157","0","0.08951520052005157"
"1","1487","1568","1000","1","""HK""","0.01","false","""normal""","1","""constant""","0.1","""Scale-free""","2","0","1","""uniform""","""deterministic-normal""","10","-0.09999999999999998","0.5","""normal""","0.20000000000000018","1","false","""/home/ramaswamy.51/Documents/github/Spirals/Media/data/cluster/endsim/BehaviorSearch/Step6_Trial""","true","0.2","0.7000000000000001","9","-0.9","true","true","""-897208463""","0.09187606958837204","0.09187606958837204","0.09187606958837204","0","0.09187606958837204"
"1","1488","1568","1000","1","""HK""","0.01","false","""normal""","1","""constant""","0.1","""Scale-free""","2","0","1","""uniform""","""deterministic-normal""","10","-0.09999999999999998","0.5","""normal""","0.20000000000000018","1","false","""/home/ramaswamy.51/Documents/github/Spirals/Media/data/cluster/endsim/BehaviorSearch/Step6_Trial""","true","0.2","0.7000000000000001","9","-0.9","true","true","""-622979129""","0.0767050336308423","0.0767050336308423","0.0767050336308423","0","0.0767050336308423"
"1","1489","1580","1000","1","""HK""","0.01","false","""normal""","1","""constant""","0.2","""Scale-free""","2","0","1","""uniform""","""deterministic-normal""","15","-0.19999999999999996","0.7000000000000001","""normal""","-0.09999999999999998","0.9","false","""/home/ramaswamy.51/Documents/github/Spirals/Media/data/cluster/endsim/BehaviorSearch/Step6_Trial""","true","0.2","0.4","9","-1","true","true","""-565288642""","0.22273990666245008","0.22273990666245008","0.22273990666245008","0","0.22273990666245008"
"1","1490","1580","1000","1","""HK""","0.01","false","""normal""","1","""constant""","0.2","""Scale-free""","2","0","1","""uniform""","""deterministic-normal""","15","-0.19999999999999996","0.7000000000000001","""normal""","-0.09999999999999998","0.9","false","""/home/ramaswamy.51/Documents/github/Spirals/Media/data/cluster/endsim/BehaviorSearch/Step6_Trial""","true","0.2","0.4","9","-1","true","true","""-2103947301""","0.21375018253149775","0.21375018253149775","0.21375018253149775","0","0.21375018253149775"
"1","1491","1580","1000","1","""HK""","0.01","false","""normal""","1","""constant""","0.2","""Scale-free""","2","0","1","""uniform""","""deterministic-normal""","15","-0.19999999999999996","0.7000000000000001","""normal""","-0.09999999999999998","0.9","false","""/home/ramaswamy.51/Documents/github/Spirals/Media/data/cluster/endsim/BehaviorSearch/Step6_Trial""","true","0.2","0.4","9","-1","true","true","""316649843""","0.20868644321299848","0.20868644321299848","0.20868644321299848","0","0.20868644321299848"
"1","1492","1580","1000","1","""HK""","0.01","false","""normal""","1","""constant""","0.2","""Scale-free""","2","0","1","""uniform""","""deterministic-normal""","15","-0.19999999999999996","0.7000000000000001","""normal""","-0.09999999999999998","0.9","false","""/home/ramaswamy.51/Documents/github/Spirals/Media/data/cluster/endsim/BehaviorSearch/Step6_Trial""","true","0.2","0.4","9","-1","true","true","""-217782470""","0.2174393537216124","0.2174393537216124","0.2174393537216124","0","0.2174393537216124"
"1","1493","1584","1000","1","""HK""","0.01","false","""normal""","1","""constant""","0.2","""Scale-free""","2","0","1","""uniform""","""deterministic-normal""","10","-0.19999999999999996","0.6000000000000001","""normal""","-0.09999999999999998","1","false","""/home/ramaswamy.51/Documents/github/Spirals/Media/data/cluster/endsim/BehaviorSearch/Step6_Trial""","true","0.2","0.4","9","-1","true","true","""-836640955""","0.20969323274366822","0.20969323274366822","0.20969323274366822","0","0.20969323274366822"
"1","1494","1584","1000","1","""HK""","0.01","false","""normal""","1","""constant""","0.2","""Scale-free""","2","0","1","""uniform""","""deterministic-normal""","10","-0.19999999999999996","0.6000000000000001","""normal""","-0.09999999999999998","1","false","""/home/ramaswamy.51/Documents/github/Spirals/Media/data/cluster/endsim/BehaviorSearch/Step6_Trial""","true","0.2","0.4","9","-1","true","true","""286369260""","0.22234337971719914","0.22234337971719914","0.22234337971719914","0","0.22234337971719914"
"1","1495","1584","1000","1","""HK""","0.01","false","""normal""","1","""constant""","0.2","""Scale-free""","2","0","1","""uniform""","""deterministic-normal""","10","-0.19999999999999996","0.6000000000000001","""normal""","-0.09999999999999998","1","false","""/home/ramaswamy.51/Documents/github/Spirals/Media/data/cluster/endsim/BehaviorSearch/Step6_Trial""","true","0.2","0.4","9","-1","true","true","""2133881004""","0.22388104614784557","0.22388104614784557","0.22388104614784557","0","0.22388104614784557"
"1","1496","1584","1000","1","""HK""","0.01","false","""normal""","1","""constant""","0.2","""Scale-free""","2","0","1","""uniform""","""deterministic-normal""","10","-0.19999999999999996","0.6000000000000001","""normal""","-0.09999999999999998","1","false","""/home/ramaswamy.51/Documents/github/Spirals/Media/data/cluster/endsim/BehaviorSearch/Step6_Trial""","true","0.2","0.4","9","-1","true","true","""1002071784""","0.21895788033943456","0.21895788033943456","0.21895788033943456","0","0.21895788033943456"
"1","1497","1588","1000","1","""HK""","0.01","false","""normal""","1","""constant""","0.1","""Scale-free""","2","0","1","""uniform""","""deterministic-normal""","10","0","0.7000000000000001","""normal""","-0.09999999999999998","0.9","false","""/home/ramaswamy.51/Documents/github/Spirals/Media/data/cluster/endsim/BehaviorSearch/Step6_Trial""","true","0.2","0.5","9","-1","true","true","""1153495533""","0.0716350983619765","0.0716350983619765","0.0716350983619765","0","0.0716350983619765"
"1","1498","1588","1000","1","""HK""","0.01","false","""normal""","1","""constant""","0.1","""Scale-free""","2","0","1","""uniform""","""deterministic-normal""","10","0","0.7000000000000001","""normal""","-0.09999999999999998","0.9","false","""/home/ramaswamy.51/Documents/github/Spirals/Media/data/cluster/endsim/BehaviorSearch/Step6_Trial""","true","0.2","0.5","9","-1","true","true","""578121764""","0.08013880532658724","0.08013880532658724","0.08013880532658724","0","0.08013880532658724"
"1","1499","1588","1000","1","""HK""","0.01","false","""normal""","1","""constant""","0.1","""Scale-free""","2","0","1","""uniform""","""deterministic-normal""","10","0","0.7000000000000001","""normal""","-0.09999999999999998","0.9","false","""/home/ramaswamy.51/Documents/github/Spirals/Media/data/cluster/endsim/BehaviorSearch/Step6_Trial""","true","0.2","0.5","9","-1","true","true","""-2018797319""","0.06951137030604418","0.06951137030604418","0.06951137030604418","0","0.06951137030604418"
"1","1500","1588","1000","1","""HK""","0.01","false","""normal""","1","""constant""","0.1","""Scale-free""","2","0","1","""uniform""","""deterministic-normal""","10","0","0.7000000000000001","""normal""","-0.09999999999999998","0.9","false","""/home/ramaswamy.51/Documents/github/Spirals/Media/data/cluster/endsim/BehaviorSearch/Step6_Trial""","true","0.2","0.5","9","-1","true","true","""-630369243""","0.06871080496260219","0.06871080496260219","0.06871080496260219","0","0.06871080496260219"
