"search-number","evaluation","evals-requested-so-far","number_of_agents*","number_of_opinion_dimensions*","model*","boundary_mean*","set-seed?*","boundary_distribution*","conformity_mean*","conformity_distribution*","boundary_std*","network_type*","scale_free_degree*","scale_free_selection-mu*","scale_free_selection-sigma*","scale_free_selection-distribution*","media_house_distribution*","number_of_media_houses*","media_house_distribution_normal_mean*","media_house_distribution_normal_std*","opinion_distribution*","opinion_mean*","opinion_std*","save_end_sim_data*","endsimdirectory*","use_media_influence_factor?*","media_influence_factor*","silence_alpha*","silence_tau*","silence_delta0*","classify_proponents_by_boundary?*","use_silence?*","random-seed","min-result","max-result","mean-result","stdev-result","final-step-result"
"1","1","120","1000","1","""HK""","0.03","false","""normal""","1","""constant""","0.4","""Scale-free""","5","0","1","""uniform""","""deterministic-normal""","0","0","1","""uniform""","0","0","false","""/home/ramaswamy.51/Documents/github/Spirals/Media/data/cluster/endsim/BehaviorSearch/Step6_Trial""","true","0","1","0","0","true","false","""-1212301713""","0.35538135663126835","0.35538135663126835","0.35538135663126835","0","0.35538135663126835"
"1","2","120","1000","1","""HK""","0.03","false","""normal""","1","""constant""","0.4","""Scale-free""","5","0","1","""uniform""","""deterministic-normal""","0","0","1","""uniform""","0","0","false","""/home/ramaswamy.51/Documents/github/Spirals/Media/data/cluster/endsim/BehaviorSearch/Step6_Trial""","true","0","1","0","0","true","false","""530791920""","0.36475144588686853","0.36475144588686853","0.36475144588686853","0","0.36475144588686853"
"1","3","120","1000","1","""HK""","0.03","false","""normal""","1","""constant""","0.4","""Scale-free""","5","0","1","""uniform""","""deterministic-normal""","0","0","1","""uniform""","0","0","false","""/home/ramaswamy.51/Documents/github/Spirals/Media/data/cluster/endsim/BehaviorSearch/Step6_Trial""","true","0","1","0","0","true","false","""186112642""","0.3515689316479754","0.3515689316479754","0.3515689316479754","0","0.3515689316479754"
"1","4","120","1000","1","""HK""","0.03","false","""normal""","1","""constant""","0.4","""Scale-free""","5","0","1","""uniform""","""deterministic-normal""","0","0","1","""uniform""","0","0","false","""/home/ramaswamy.51/Documents/github/Spirals/Media/data/cluster/endsim/BehaviorSearch/Step6_Trial""","true","0","1","0","0","true","false","""-679011462""","0.3322627787138454","0.3322627787138454","0.3322627787138454","0","0.3322627787138454"
"1","5","120","1000","1","""HK""","0.05","false","""normal""","1","""constant""","0.1","""Scale-free""","4","0","1","""uniform""","""deterministic-normal""","0","0","1","""uniform""","0","0","false","""/home/ramaswamy.51/Documents/github/Spirals/Media/data/cluster/endsim/BehaviorSearch/Step6_Trial""","true","0","1","0","0","true","false","""417042546""","0.2161036266203263","0.2161036266203263","0.2161036266203263","0","0.2161036266203263"
"1","6","120","1000","1","""HK""","0.05","false","""normal""","1","""constant""","0.1","""Scale-free""","4","0","1","""uniform""","""deterministic-normal""","0","0","1","""uniform""","0","0","false","""/home/ramaswamy.51/Documents/github/Spirals/Media/data/cluster/endsim/BehaviorSearch/Step6_Trial""","true","0","1","0","0","true","false","""-1659474179""","0.1749371141836253","0.1749371141836253","0.1749371141836253","0","0.1749371141836253"
"1","7","120","1000","1","""HK""","0.05","false","""normal""","1","""constant""","0.1","""Scale-free""","4","0","1","""uniform""","""deterministic-normal""","0","0","1","""uniform""","0","0","false","""/home/ramaswamy.51/Documents/github/Spirals/Media/data/cluster/endsim/BehaviorSearch/Step6_Trial""","true","0","1","0","0","true","false","""2017982414""","0.21984782415224974","0.21984782415224974","0.21984782415224974","0","0.21984782415224974"
"1","8","120","1000","1","""HK""","0.05","false","""normal""","1","""constant""","0.1","""Scale-free""","4","0","1","""uniform""","""deterministic-normal""","0","0","1","""uniform""","0","0","false","""/home/ramaswamy.51/Documents/github/Spirals/Media/data/cluster/endsim/BehaviorSearch/Step6_Trial""","true","0","1","0","0","true","false","""-1777468206""","0.1973746542923142","0.1973746542923142","0.1973746542923142","0","0.1973746542923142"
"1","9","120","1000","1","""HK""","0.26","false","""normal""","1","""constant""","0.2","""Scale-free""","1","0","1","""uniform""","""deterministic-normal""","0","0","1","""uniform""","0","0","false","""/home/ramaswamy.51/Documents/github/Spirals/Media/data/cluster/endsim/BehaviorSearch/Step6_Trial""","true","0","1","0","0","true","false","""1962833264""","0.3657635766989231","0.3657635766989231","0.3657635766989231","0","0.3657635766989231"
"1","10","120","1000","1","""HK""","0.26","false","""normal""","1","""constant""","0.2","""Scale-free""","1","0","1","""uniform""","""deterministic-normal""","0","0","1","""uniform""","0","0","false","""/home/ramaswamy.51/Documents/github/Spirals/Media/data/cluster/endsim/BehaviorSearch/Step6_Trial""","true","0","1","0","0","true","false","""1021324440""","0.3305286472747677","0.3305286472747677","0.3305286472747677","0","0.3305286472747677"
"1","11","120","1000","1","""HK""","0.26","false","""normal""","1","""constant""","0.2","""Scale-free""","1","0","1","""uniform""","""deterministic-normal""","0","0","1","""uniform""","0","0","false","""/home/ramaswamy.51/Documents/github/Spirals/Media/data/cluster/endsim/BehaviorSearch/Step6_Trial""","true","0","1","0","0","true","false","""616965715""","0.3482473798137613","0.3482473798137613","0.3482473798137613","0","0.3482473798137613"
"1","12","120","1000","1","""HK""","0.26","false","""normal""","1","""constant""","0.2","""Scale-free""","1","0","1","""uniform""","""deterministic-normal""","0","0","1","""uniform""","0","0","false","""/home/ramaswamy.51/Documents/github/Spirals/Media/data/cluster/endsim/BehaviorSearch/Step6_Trial""","true","0","1","0","0","true","false","""2014092744""","0.34117817468072725","0.34117817468072725","0.34117817468072725","0","0.34117817468072725"
"1","13","120","1000","1","""HK""","0.02","false","""normal""","1","""constant""","0.1","""Scale-free""","4","0","1","""uniform""","""deterministic-normal""","0","0","1","""uniform""","0","0","false","""/home/ramaswamy.51/Documents/github/Spirals/Media/data/cluster/endsim/BehaviorSearch/Step6_Trial""","true","0","1","0","0","true","false","""-2035240141""","0.14924850420874117","0.14924850420874117","0.14924850420874117","0","0.14924850420874117"
"1","14","120","1000","1","""HK""","0.02","false","""normal""","1","""constant""","0.1","""Scale-free""","4","0","1","""uniform""","""deterministic-normal""","0","0","1","""uniform""","0","0","false","""/home/ramaswamy.51/Documents/github/Spirals/Media/data/cluster/endsim/BehaviorSearch/Step6_Trial""","true","0","1","0","0","true","false","""1639224058""","0.20092625392422564","0.20092625392422564","0.20092625392422564","0","0.20092625392422564"
"1","15","120","1000","1","""HK""","0.02","false","""normal""","1","""constant""","0.1","""Scale-free""","4","0","1","""uniform""","""deterministic-normal""","0","0","1","""uniform""","0","0","false","""/home/ramaswamy.51/Documents/github/Spirals/Media/data/cluster/endsim/BehaviorSearch/Step6_Trial""","true","0","1","0","0","true","false","""616507704""","0.15615765812249918","0.15615765812249918","0.15615765812249918","0","0.15615765812249918"
"1","16","120","1000","1","""HK""","0.02","false","""normal""","1","""constant""","0.1","""Scale-free""","4","0","1","""uniform""","""deterministic-normal""","0","0","1","""uniform""","0","0","false","""/home/ramaswamy.51/Documents/github/Spirals/Media/data/cluster/endsim/BehaviorSearch/Step6_Trial""","true","0","1","0","0","true","false","""70246760""","0.17562969757057292","0.17562969757057292","0.17562969757057292","0","0.17562969757057292"
"1","17","120","1000","1","""HK""","0.08","false","""normal""","1","""constant""","0.30000000000000004","""Scale-free""","5","0","1","""uniform""","""deterministic-normal""","0","0","1","""uniform""","0","0","false","""/home/ramaswamy.51/Documents/github/Spirals/Media/data/cluster/endsim/BehaviorSearch/Step6_Trial""","true","0","1","0","0","true","false","""-583858936""","0.34269721283209675","0.34269721283209675","0.34269721283209675","0","0.34269721283209675"
"1","18","120","1000","1","""HK""","0.08","false","""normal""","1","""constant""","0.30000000000000004","""Scale-free""","5","0","1","""uniform""","""deterministic-normal""","0","0","1","""uniform""","0","0","false","""/home/ramaswamy.51/Documents/github/Spirals/Media/data/cluster/endsim/BehaviorSearch/Step6_Trial""","true","0","1","0","0","true","false","""1732269752""","0.338266243375379","0.338266243375379","0.338266243375379","0","0.338266243375379"
"1","19","120","1000","1","""HK""","0.08","false","""normal""","1","""constant""","0.30000000000000004","""Scale-free""","5","0","1","""uniform""","""deterministic-normal""","0","0","1","""uniform""","0","0","false","""/home/ramaswamy.51/Documents/github/Spirals/Media/data/cluster/endsim/BehaviorSearch/Step6_Trial""","true","0","1","0","0","true","false","""-1893017595""","0.3462285519913628","0.3462285519913628","0.3462285519913628","0","0.3462285519913628"
"1","20","120","1000","1","""HK""","0.08","false","""normal""","1","""constant""","0.30000000000000004","""Scale-free""","5","0","1","""uniform""","""deterministic-normal""","0","0","1","""uniform""","0","0","false","""/home/ramaswamy.51/Documents/github/Spirals/Media/data/cluster/endsim/BehaviorSearch/Step6_Trial""","true","0","1","0","0","true","false","""-1615797037""","0.3384810235807929","0.3384810235807929","0.3384810235807929","0","0.3384810235807929"
"1","21","120","1000","1","""HK""","0.05","false","""normal""","1","""constant""","0.4","""Scale-free""","3","0","1","""uniform""","""deterministic-normal""","0","0","1","""uniform""","0","0","false","""/home/ramaswamy.51/Documents/github/Spirals/Media/data/cluster/endsim/BehaviorSearch/Step6_Trial""","true","0","1","0","0","true","false","""1353373905""","0.3410866791296236","0.3410866791296236","0.3410866791296236","0","0.3410866791296236"
"1","22","120","1000","1","""HK""","0.05","false","""normal""","1","""constant""","0.4","""Scale-free""","3","0","1","""uniform""","""deterministic-normal""","0","0","1","""uniform""","0","0","false","""/home/ramaswamy.51/Documents/github/Spirals/Media/data/cluster/endsim/BehaviorSearch/Step6_Trial""","true","0","1","0","0","true","false","""256760518""","0.339158109117771","0.339158109117771","0.339158109117771","0","0.339158109117771"
"1","23","120","1000","1","""HK""","0.05","false","""normal""","1","""constant""","0.4","""Scale-free""","3","0","1","""uniform""","""deterministic-normal""","0","0","1","""uniform""","0","0","false","""/home/ramaswamy.51/Documents/github/Spirals/Media/data/cluster/endsim/BehaviorSearch/Step6_Trial""","true","0","1","0","0","true","false","""-311406408""","0.3509875495004776","0.3509875495004776","0.3509875495004776","0","0.3509875495004776"
"1","24","120","1000","1","""HK""","0.05","false","""normal""","1","""constant""","0.4","""Scale-free""","3","0","1","""uniform""","""deterministic-normal""","0","0","1","""uniform""","0","0","false","""/home/ramaswamy.51/Documents/github/Spirals/Media/data/cluster/endsim/BehaviorSearch/Step6_Trial""","true","0","1","0","0","true","false","""-468360349""","0.3507470031889388","0.3507470031889388","0.3507470031889388","0","0.3507470031889388"
"1","25","120","1000","1","""HK""","0.03","false","""normal""","1","""constant""","0","""Scale-free""","1","0","1","""uniform""","""deterministic-normal""","0","0","1","""uniform""","0","0","false","""/home/ramaswamy.51/Documents/github/Spirals/Media/data/cluster/endsim/BehaviorSearch/Step6_Trial""","true","0","1","0","0","true","false","""-1717382044""","0.18633886361710533","0.18633886361710533","0.18633886361710533","0","0.18633886361710533"
"1","26","120","1000","1","""HK""","0.03","false","""normal""","1","""constant""","0","""Scale-free""","1","0","1","""uniform""","""deterministic-normal""","0","0","1","""uniform""","0","0","false","""/home/ramaswamy.51/Documents/github/Spirals/Media/data/cluster/endsim/BehaviorSearch/Step6_Trial""","true","0","1","0","0","true","false","""-1991901565""","0.18499938752724288","0.18499938752724288","0.18499938752724288","0","0.18499938752724288"
"1","27","120","1000","1","""HK""","0.03","false","""normal""","1","""constant""","0","""Scale-free""","1","0","1","""uniform""","""deterministic-normal""","0","0","1","""uniform""","0","0","false","""/home/ramaswamy.51/Documents/github/Spirals/Media/data/cluster/endsim/BehaviorSearch/Step6_Trial""","true","0","1","0","0","true","false","""709662800""","0.1882079853994453","0.1882079853994453","0.1882079853994453","0","0.1882079853994453"
"1","28","120","1000","1","""HK""","0.03","false","""normal""","1","""constant""","0","""Scale-free""","1","0","1","""uniform""","""deterministic-normal""","0","0","1","""uniform""","0","0","false","""/home/ramaswamy.51/Documents/github/Spirals/Media/data/cluster/endsim/BehaviorSearch/Step6_Trial""","true","0","1","0","0","true","false","""-764190294""","0.18646723109007277","0.18646723109007277","0.18646723109007277","0","0.18646723109007277"
"1","29","120","1000","1","""HK""","0.22","false","""normal""","1","""constant""","0.5","""Scale-free""","2","0","1","""uniform""","""deterministic-normal""","0","0","1","""uniform""","0","0","false","""/home/ramaswamy.51/Documents/github/Spirals/Media/data/cluster/endsim/BehaviorSearch/Step6_Trial""","true","0","1","0","0","true","false","""2143697575""","0.38701303367377426","0.38701303367377426","0.38701303367377426","0","0.38701303367377426"
"1","30","120","1000","1","""HK""","0.22","false","""normal""","1","""constant""","0.5","""Scale-free""","2","0","1","""uniform""","""deterministic-normal""","0","0","1","""uniform""","0","0","false","""/home/ramaswamy.51/Documents/github/Spirals/Media/data/cluster/endsim/BehaviorSearch/Step6_Trial""","true","0","1","0","0","true","false","""-1466538936""","0.3773805950280023","0.3773805950280023","0.3773805950280023","0","0.3773805950280023"
"1","31","120","1000","1","""HK""","0.22","false","""normal""","1","""constant""","0.5","""Scale-free""","2","0","1","""uniform""","""deterministic-normal""","0","0","1","""uniform""","0","0","false","""/home/ramaswamy.51/Documents/github/Spirals/Media/data/cluster/endsim/BehaviorSearch/Step6_Trial""","true","0","1","0","0","true","false","""-1445849527""","0.3992835356365234","0.3992835356365234","0.3992835356365234","0","0.3992835356365234"
"1","32","120","1000","1","""HK""","0.22","false","""normal""","1","""constant""","0.5","""Scale-free""","2","0","1","""uniform""","""deterministic-normal""","0","0","1","""uniform""","0","0","false","""/home/ramaswamy.51/Documents/github/Spirals/Media/data/cluster/endsim/BehaviorSearch/Step6_Trial""","true","0","1","0","0","true","false","""1549941258""","0.37184682260677904","0.37184682260677904","0.37184682260677904","0","0.37184682260677904"
"1","33","120","1000","1","""HK""","0.02","false","""normal""","1","""constant""","0.2","""Scale-free""","2","0","1","""uniform""","""deterministic-normal""","0","0","1","""uniform""","0","0","false","""/home/ramaswamy.51/Documents/github/Spirals/Media/data/cluster/endsim/BehaviorSearch/Step6_Trial""","true","0","1","0","0","true","false","""1396039060""","0.24581387735916763","0.24581387735916763","0.24581387735916763","0","0.24581387735916763"
"1","34","120","1000","1","""HK""","0.02","false","""normal""","1","""constant""","0.2","""Scale-free""","2","0","1","""uniform""","""deterministic-normal""","0","0","1","""uniform""","0","0","false","""/home/ramaswamy.51/Documents/github/Spirals/Media/data/cluster/endsim/BehaviorSearch/Step6_Trial""","true","0","1","0","0","true","false","""-50287505""","0.2416417211843355","0.2416417211843355","0.2416417211843355","0","0.2416417211843355"
"1","35","120","1000","1","""HK""","0.02","false","""normal""","1","""constant""","0.2","""Scale-free""","2","0","1","""uniform""","""deterministic-normal""","0","0","1","""uniform""","0","0","false","""/home/ramaswamy.51/Documents/github/Spirals/Media/data/cluster/endsim/BehaviorSearch/Step6_Trial""","true","0","1","0","0","true","false","""-340121150""","0.2292352428199742","0.2292352428199742","0.2292352428199742","0","0.2292352428199742"
"1","36","120","1000","1","""HK""","0.02","false","""normal""","1","""constant""","0.2","""Scale-free""","2","0","1","""uniform""","""deterministic-normal""","0","0","1","""uniform""","0","0","false","""/home/ramaswamy.51/Documents/github/Spirals/Media/data/cluster/endsim/BehaviorSearch/Step6_Trial""","true","0","1","0","0","true","false","""1713388310""","0.22926666642105398","0.22926666642105398","0.22926666642105398","0","0.22926666642105398"
"1","37","120","1000","1","""HK""","0.22","false","""normal""","1","""constant""","0.30000000000000004","""Scale-free""","4","0","1","""uniform""","""deterministic-normal""","0","0","1","""uniform""","0","0","false","""/home/ramaswamy.51/Documents/github/Spirals/Media/data/cluster/endsim/BehaviorSearch/Step6_Trial""","true","0","1","0","0","true","false","""1148761336""","0.3905011137105494","0.3905011137105494","0.3905011137105494","0","0.3905011137105494"
"1","38","120","1000","1","""HK""","0.22","false","""normal""","1","""constant""","0.30000000000000004","""Scale-free""","4","0","1","""uniform""","""deterministic-normal""","0","0","1","""uniform""","0","0","false","""/home/ramaswamy.51/Documents/github/Spirals/Media/data/cluster/endsim/BehaviorSearch/Step6_Trial""","true","0","1","0","0","true","false","""-157306227""","0.388698280906967","0.388698280906967","0.388698280906967","0","0.388698280906967"
"1","39","120","1000","1","""HK""","0.22","false","""normal""","1","""constant""","0.30000000000000004","""Scale-free""","4","0","1","""uniform""","""deterministic-normal""","0","0","1","""uniform""","0","0","false","""/home/ramaswamy.51/Documents/github/Spirals/Media/data/cluster/endsim/BehaviorSearch/Step6_Trial""","true","0","1","0","0","true","false","""-1078268472""","0.3714824044688236","0.3714824044688236","0.3714824044688236","0","0.3714824044688236"
"1","40","120","1000","1","""HK""","0.22","false","""normal""","1","""constant""","0.30000000000000004","""Scale-free""","4","0","1","""uniform""","""deterministic-normal""","0","0","1","""uniform""","0","0","false","""/home/ramaswamy.51/Documents/github/Spirals/Media/data/cluster/endsim/BehaviorSearch/Step6_Trial""","true","0","1","0","0","true","false","""-622190257""","0.371152464076371","0.371152464076371","0.371152464076371","0","0.371152464076371"
"1","41","120","1000","1","""HK""","0.03","false","""normal""","1","""constant""","0.5","""Scale-free""","2","0","1","""uniform""","""deterministic-normal""","0","0","1","""uniform""","0","0","false","""/home/ramaswamy.51/Documents/github/Spirals/Media/data/cluster/endsim/BehaviorSearch/Step6_Trial""","true","0","1","0","0","true","false","""329657453""","0.36184504039482335","0.36184504039482335","0.36184504039482335","0","0.36184504039482335"
"1","42","120","1000","1","""HK""","0.03","false","""normal""","1","""constant""","0.5","""Scale-free""","2","0","1","""uniform""","""deterministic-normal""","0","0","1","""uniform""","0","0","false","""/home/ramaswamy.51/Documents/github/Spirals/Media/data/cluster/endsim/BehaviorSearch/Step6_Trial""","true","0","1","0","0","true","false","""-1919711608""","0.34986182654175035","0.34986182654175035","0.34986182654175035","0","0.34986182654175035"
"1","43","120","1000","1","""HK""","0.03","false","""normal""","1","""constant""","0.5","""Scale-free""","2","0","1","""uniform""","""deterministic-normal""","0","0","1","""uniform""","0","0","false","""/home/ramaswamy.51/Documents/github/Spirals/Media/data/cluster/endsim/BehaviorSearch/Step6_Trial""","true","0","1","0","0","true","false","""856332062""","0.3352547627006385","0.3352547627006385","0.3352547627006385","0","0.3352547627006385"
"1","44","120","1000","1","""HK""","0.03","false","""normal""","1","""constant""","0.5","""Scale-free""","2","0","1","""uniform""","""deterministic-normal""","0","0","1","""uniform""","0","0","false","""/home/ramaswamy.51/Documents/github/Spirals/Media/data/cluster/endsim/BehaviorSearch/Step6_Trial""","true","0","1","0","0","true","false","""-855014709""","0.3279468459922918","0.3279468459922918","0.3279468459922918","0","0.3279468459922918"
"1","45","120","1000","1","""HK""","0.09999999999999999","false","""normal""","1","""constant""","0.2","""Scale-free""","2","0","1","""uniform""","""deterministic-normal""","0","0","1","""uniform""","0","0","false","""/home/ramaswamy.51/Documents/github/Spirals/Media/data/cluster/endsim/BehaviorSearch/Step6_Trial""","true","0","1","0","0","true","false","""-1544389796""","0.2849828770121051","0.2849828770121051","0.2849828770121051","0","0.2849828770121051"
"1","46","120","1000","1","""HK""","0.09999999999999999","false","""normal""","1","""constant""","0.2","""Scale-free""","2","0","1","""uniform""","""deterministic-normal""","0","0","1","""uniform""","0","0","false","""/home/ramaswamy.51/Documents/github/Spirals/Media/data/cluster/endsim/BehaviorSearch/Step6_Trial""","true","0","1","0","0","true","false","""220216958""","0.29959633320743967","0.29959633320743967","0.29959633320743967","0","0.29959633320743967"
"1","47","120","1000","1","""HK""","0.09999999999999999","false","""normal""","1","""constant""","0.2","""Scale-free""","2","0","1","""uniform""","""deterministic-normal""","0","0","1","""uniform""","0","0","false","""/home/ramaswamy.51/Documents/github/Spirals/Media/data/cluster/endsim/BehaviorSearch/Step6_Trial""","true","0","1","0","0","true","false","""1296173374""","0.27155165467863573","0.27155165467863573","0.27155165467863573","0","0.27155165467863573"
"1","48","120","1000","1","""HK""","0.09999999999999999","false","""normal""","1","""constant""","0.2","""Scale-free""","2","0","1","""uniform""","""deterministic-normal""","0","0","1","""uniform""","0","0","false","""/home/ramaswamy.51/Documents/github/Spirals/Media/data/cluster/endsim/BehaviorSearch/Step6_Trial""","true","0","1","0","0","true","false","""-1050219640""","0.2952433947619321","0.2952433947619321","0.2952433947619321","0","0.2952433947619321"
"1","49","120","1000","1","""HK""","0.14","false","""normal""","1","""constant""","0.1","""Scale-free""","3","0","1","""uniform""","""deterministic-normal""","0","0","1","""uniform""","0","0","false","""/home/ramaswamy.51/Documents/github/Spirals/Media/data/cluster/endsim/BehaviorSearch/Step6_Trial""","true","0","1","0","0","true","false","""1141060078""","0.3169983525211775","0.3169983525211775","0.3169983525211775","0","0.3169983525211775"
"1","50","120","1000","1","""HK""","0.14","false","""normal""","1","""constant""","0.1","""Scale-free""","3","0","1","""uniform""","""deterministic-normal""","0","0","1","""uniform""","0","0","false","""/home/ramaswamy.51/Documents/github/Spirals/Media/data/cluster/endsim/BehaviorSearch/Step6_Trial""","true","0","1","0","0","true","false","""45124146""","0.30613015664424126","0.30613015664424126","0.30613015664424126","0","0.30613015664424126"
"1","51","120","1000","1","""HK""","0.14","false","""normal""","1","""constant""","0.1","""Scale-free""","3","0","1","""uniform""","""deterministic-normal""","0","0","1","""uniform""","0","0","false","""/home/ramaswamy.51/Documents/github/Spirals/Media/data/cluster/endsim/BehaviorSearch/Step6_Trial""","true","0","1","0","0","true","false","""-1192938771""","0.3124299516090609","0.3124299516090609","0.3124299516090609","0","0.3124299516090609"
"1","52","120","1000","1","""HK""","0.14","false","""normal""","1","""constant""","0.1","""Scale-free""","3","0","1","""uniform""","""deterministic-normal""","0","0","1","""uniform""","0","0","false","""/home/ramaswamy.51/Documents/github/Spirals/Media/data/cluster/endsim/BehaviorSearch/Step6_Trial""","true","0","1","0","0","true","false","""-282312818""","0.32397176584258","0.32397176584258","0.32397176584258","0","0.32397176584258"
"1","53","120","1000","1","""HK""","0.04","false","""normal""","1","""constant""","0.30000000000000004","""Scale-free""","2","0","1","""uniform""","""deterministic-normal""","0","0","1","""uniform""","0","0","false","""/home/ramaswamy.51/Documents/github/Spirals/Media/data/cluster/endsim/BehaviorSearch/Step6_Trial""","true","0","1","0","0","true","false","""901559734""","0.3096646152348976","0.3096646152348976","0.3096646152348976","0","0.3096646152348976"
"1","54","120","1000","1","""HK""","0.04","false","""normal""","1","""constant""","0.30000000000000004","""Scale-free""","2","0","1","""uniform""","""deterministic-normal""","0","0","1","""uniform""","0","0","false","""/home/ramaswamy.51/Documents/github/Spirals/Media/data/cluster/endsim/BehaviorSearch/Step6_Trial""","true","0","1","0","0","true","false","""-808541667""","0.2900935721460633","0.2900935721460633","0.2900935721460633","0","0.2900935721460633"
"1","55","120","1000","1","""HK""","0.04","false","""normal""","1","""constant""","0.30000000000000004","""Scale-free""","2","0","1","""uniform""","""deterministic-normal""","0","0","1","""uniform""","0","0","false","""/home/ramaswamy.51/Documents/github/Spirals/Media/data/cluster/endsim/BehaviorSearch/Step6_Trial""","true","0","1","0","0","true","false","""-1181689168""","0.287621365829659","0.287621365829659","0.287621365829659","0","0.287621365829659"
"1","56","120","1000","1","""HK""","0.04","false","""normal""","1","""constant""","0.30000000000000004","""Scale-free""","2","0","1","""uniform""","""deterministic-normal""","0","0","1","""uniform""","0","0","false","""/home/ramaswamy.51/Documents/github/Spirals/Media/data/cluster/endsim/BehaviorSearch/Step6_Trial""","true","0","1","0","0","true","false","""1325451020""","0.28291233253278286","0.28291233253278286","0.28291233253278286","0","0.28291233253278286"
"1","57","120","1000","1","""HK""","0.24000000000000002","false","""normal""","1","""constant""","0.1","""Scale-free""","2","0","1","""uniform""","""deterministic-normal""","0","0","1","""uniform""","0","0","false","""/home/ramaswamy.51/Documents/github/Spirals/Media/data/cluster/endsim/BehaviorSearch/Step6_Trial""","true","0","1","0","0","true","false","""-500355650""","0.44264135322865017","0.44264135322865017","0.44264135322865017","0","0.44264135322865017"
"1","58","120","1000","1","""HK""","0.24000000000000002","false","""normal""","1","""constant""","0.1","""Scale-free""","2","0","1","""uniform""","""deterministic-normal""","0","0","1","""uniform""","0","0","false","""/home/ramaswamy.51/Documents/github/Spirals/Media/data/cluster/endsim/BehaviorSearch/Step6_Trial""","true","0","1","0","0","true","false","""-881499366""","0.4341099073047668","0.4341099073047668","0.4341099073047668","0","0.4341099073047668"
"1","59","120","1000","1","""HK""","0.24000000000000002","false","""normal""","1","""constant""","0.1","""Scale-free""","2","0","1","""uniform""","""deterministic-normal""","0","0","1","""uniform""","0","0","false","""/home/ramaswamy.51/Documents/github/Spirals/Media/data/cluster/endsim/BehaviorSearch/Step6_Trial""","true","0","1","0","0","true","false","""-1607243157""","0.41976661309972335","0.41976661309972335","0.41976661309972335","0","0.41976661309972335"
"1","60","120","1000","1","""HK""","0.24000000000000002","false","""normal""","1","""constant""","0.1","""Scale-free""","2","0","1","""uniform""","""deterministic-normal""","0","0","1","""uniform""","0","0","false","""/home/ramaswamy.51/Documents/github/Spirals/Media/data/cluster/endsim/BehaviorSearch/Step6_Trial""","true","0","1","0","0","true","false","""-2135787725""","0.4332679167439584","0.4332679167439584","0.4332679167439584","0","0.4332679167439584"
"1","61","120","1000","1","""HK""","0.03","false","""normal""","1","""constant""","0.30000000000000004","""Scale-free""","2","0","1","""uniform""","""deterministic-normal""","0","0","1","""uniform""","0","0","false","""/home/ramaswamy.51/Documents/github/Spirals/Media/data/cluster/endsim/BehaviorSearch/Step6_Trial""","true","0","1","0","0","true","false","""1130733726""","0.2953721894608526","0.2953721894608526","0.2953721894608526","0","0.2953721894608526"
"1","62","120","1000","1","""HK""","0.03","false","""normal""","1","""constant""","0.30000000000000004","""Scale-free""","2","0","1","""uniform""","""deterministic-normal""","0","0","1","""uniform""","0","0","false","""/home/ramaswamy.51/Documents/github/Spirals/Media/data/cluster/endsim/BehaviorSearch/Step6_Trial""","true","0","1","0","0","true","false","""656778388""","0.2904967344126359","0.2904967344126359","0.2904967344126359","0","0.2904967344126359"
"1","63","120","1000","1","""HK""","0.03","false","""normal""","1","""constant""","0.30000000000000004","""Scale-free""","2","0","1","""uniform""","""deterministic-normal""","0","0","1","""uniform""","0","0","false","""/home/ramaswamy.51/Documents/github/Spirals/Media/data/cluster/endsim/BehaviorSearch/Step6_Trial""","true","0","1","0","0","true","false","""-1924079592""","0.3022778476326261","0.3022778476326261","0.3022778476326261","0","0.3022778476326261"
"1","64","120","1000","1","""HK""","0.03","false","""normal""","1","""constant""","0.30000000000000004","""Scale-free""","2","0","1","""uniform""","""deterministic-normal""","0","0","1","""uniform""","0","0","false","""/home/ramaswamy.51/Documents/github/Spirals/Media/data/cluster/endsim/BehaviorSearch/Step6_Trial""","true","0","1","0","0","true","false","""1428096098""","0.30931193248086253","0.30931193248086253","0.30931193248086253","0","0.30931193248086253"
"1","65","120","1000","1","""HK""","0.24000000000000002","false","""normal""","1","""constant""","0.2","""Scale-free""","5","0","1","""uniform""","""deterministic-normal""","0","0","1","""uniform""","0","0","false","""/home/ramaswamy.51/Documents/github/Spirals/Media/data/cluster/endsim/BehaviorSearch/Step6_Trial""","true","0","1","0","0","true","false","""-204142225""","0.39475479610601516","0.39475479610601516","0.39475479610601516","0","0.39475479610601516"
"1","66","120","1000","1","""HK""","0.24000000000000002","false","""normal""","1","""constant""","0.2","""Scale-free""","5","0","1","""uniform""","""deterministic-normal""","0","0","1","""uniform""","0","0","false","""/home/ramaswamy.51/Documents/github/Spirals/Media/data/cluster/endsim/BehaviorSearch/Step6_Trial""","true","0","1","0","0","true","false","""967140196""","0.379246449759929","0.379246449759929","0.379246449759929","0","0.379246449759929"
"1","67","120","1000","1","""HK""","0.24000000000000002","false","""normal""","1","""constant""","0.2","""Scale-free""","5","0","1","""uniform""","""deterministic-normal""","0","0","1","""uniform""","0","0","false","""/home/ramaswamy.51/Documents/github/Spirals/Media/data/cluster/endsim/BehaviorSearch/Step6_Trial""","true","0","1","0","0","true","false","""389476535""","0.39578320254353483","0.39578320254353483","0.39578320254353483","0","0.39578320254353483"
"1","68","120","1000","1","""HK""","0.24000000000000002","false","""normal""","1","""constant""","0.2","""Scale-free""","5","0","1","""uniform""","""deterministic-normal""","0","0","1","""uniform""","0","0","false","""/home/ramaswamy.51/Documents/github/Spirals/Media/data/cluster/endsim/BehaviorSearch/Step6_Trial""","true","0","1","0","0","true","false","""2055016770""","0.3925224559968313","0.3925224559968313","0.3925224559968313","0","0.3925224559968313"
"1","69","120","1000","1","""HK""","0.29000000000000004","false","""normal""","1","""constant""","0.5","""Scale-free""","2","0","1","""uniform""","""deterministic-normal""","0","0","1","""uniform""","0","0","false","""/home/ramaswamy.51/Documents/github/Spirals/Media/data/cluster/endsim/BehaviorSearch/Step6_Trial""","true","0","1","0","0","true","false","""1725546111""","0.37780267266020795","0.37780267266020795","0.37780267266020795","0","0.37780267266020795"
"1","70","120","1000","1","""HK""","0.29000000000000004","false","""normal""","1","""constant""","0.5","""Scale-free""","2","0","1","""uniform""","""deterministic-normal""","0","0","1","""uniform""","0","0","false","""/home/ramaswamy.51/Documents/github/Spirals/Media/data/cluster/endsim/BehaviorSearch/Step6_Trial""","true","0","1","0","0","true","false","""1294154805""","0.39242965401909613","0.39242965401909613","0.39242965401909613","0","0.39242965401909613"
"1","71","120","1000","1","""HK""","0.29000000000000004","false","""normal""","1","""constant""","0.5","""Scale-free""","2","0","1","""uniform""","""deterministic-normal""","0","0","1","""uniform""","0","0","false","""/home/ramaswamy.51/Documents/github/Spirals/Media/data/cluster/endsim/BehaviorSearch/Step6_Trial""","true","0","1","0","0","true","false","""-873804341""","0.39349735169320227","0.39349735169320227","0.39349735169320227","0","0.39349735169320227"
"1","72","120","1000","1","""HK""","0.29000000000000004","false","""normal""","1","""constant""","0.5","""Scale-free""","2","0","1","""uniform""","""deterministic-normal""","0","0","1","""uniform""","0","0","false","""/home/ramaswamy.51/Documents/github/Spirals/Media/data/cluster/endsim/BehaviorSearch/Step6_Trial""","true","0","1","0","0","true","false","""279784478""","0.38246022059490664","0.38246022059490664","0.38246022059490664","0","0.38246022059490664"
"1","73","120","1000","1","""HK""","0.29000000000000004","false","""normal""","1","""constant""","0.5","""Scale-free""","4","0","1","""uniform""","""deterministic-normal""","0","0","1","""uniform""","0","0","false","""/home/ramaswamy.51/Documents/github/Spirals/Media/data/cluster/endsim/BehaviorSearch/Step6_Trial""","true","0","1","0","0","true","false","""-424160459""","0.40601588853551435","0.40601588853551435","0.40601588853551435","0","0.40601588853551435"
"1","74","120","1000","1","""HK""","0.29000000000000004","false","""normal""","1","""constant""","0.5","""Scale-free""","4","0","1","""uniform""","""deterministic-normal""","0","0","1","""uniform""","0","0","false","""/home/ramaswamy.51/Documents/github/Spirals/Media/data/cluster/endsim/BehaviorSearch/Step6_Trial""","true","0","1","0","0","true","false","""1828963163""","0.41130632355528857","0.41130632355528857","0.41130632355528857","0","0.41130632355528857"
"1","75","120","1000","1","""HK""","0.29000000000000004","false","""normal""","1","""constant""","0.5","""Scale-free""","4","0","1","""uniform""","""deterministic-normal""","0","0","1","""uniform""","0","0","false","""/home/ramaswamy.51/Documents/github/Spirals/Media/data/cluster/endsim/BehaviorSearch/Step6_Trial""","true","0","1","0","0","true","false","""1474548032""","0.4138980395686388","0.4138980395686388","0.4138980395686388","0","0.4138980395686388"
"1","76","120","1000","1","""HK""","0.29000000000000004","false","""normal""","1","""constant""","0.5","""Scale-free""","4","0","1","""uniform""","""deterministic-normal""","0","0","1","""uniform""","0","0","false","""/home/ramaswamy.51/Documents/github/Spirals/Media/data/cluster/endsim/BehaviorSearch/Step6_Trial""","true","0","1","0","0","true","false","""-868374750""","0.3839662713954968","0.3839662713954968","0.3839662713954968","0","0.3839662713954968"
"1","77","120","1000","1","""HK""","0.19","false","""normal""","1","""constant""","0.1","""Scale-free""","4","0","1","""uniform""","""deterministic-normal""","0","0","1","""uniform""","0","0","false","""/home/ramaswamy.51/Documents/github/Spirals/Media/data/cluster/endsim/BehaviorSearch/Step6_Trial""","true","0","1","0","0","true","false","""-361775019""","0.39482408388826623","0.39482408388826623","0.39482408388826623","0","0.39482408388826623"
"1","78","120","1000","1","""HK""","0.19","false","""normal""","1","""constant""","0.1","""Scale-free""","4","0","1","""uniform""","""deterministic-normal""","0","0","1","""uniform""","0","0","false","""/home/ramaswamy.51/Documents/github/Spirals/Media/data/cluster/endsim/BehaviorSearch/Step6_Trial""","true","0","1","0","0","true","false","""-1054431693""","0.4031128541709275","0.4031128541709275","0.4031128541709275","0","0.4031128541709275"
"1","79","120","1000","1","""HK""","0.19","false","""normal""","1","""constant""","0.1","""Scale-free""","4","0","1","""uniform""","""deterministic-normal""","0","0","1","""uniform""","0","0","false","""/home/ramaswamy.51/Documents/github/Spirals/Media/data/cluster/endsim/BehaviorSearch/Step6_Trial""","true","0","1","0","0","true","false","""-1831214179""","0.3827365639906732","0.3827365639906732","0.3827365639906732","0","0.3827365639906732"
"1","80","120","1000","1","""HK""","0.19","false","""normal""","1","""constant""","0.1","""Scale-free""","4","0","1","""uniform""","""deterministic-normal""","0","0","1","""uniform""","0","0","false","""/home/ramaswamy.51/Documents/github/Spirals/Media/data/cluster/endsim/BehaviorSearch/Step6_Trial""","true","0","1","0","0","true","false","""372863730""","0.38357305009862547","0.38357305009862547","0.38357305009862547","0","0.38357305009862547"
"1","81","120","1000","1","""HK""","0.09999999999999999","false","""normal""","1","""constant""","0","""Scale-free""","5","0","1","""uniform""","""deterministic-normal""","0","0","1","""uniform""","0","0","false","""/home/ramaswamy.51/Documents/github/Spirals/Media/data/cluster/endsim/BehaviorSearch/Step6_Trial""","true","0","1","0","0","true","false","""1436210879""","0.42933035336378456","0.42933035336378456","0.42933035336378456","0","0.42933035336378456"
"1","82","120","1000","1","""HK""","0.09999999999999999","false","""normal""","1","""constant""","0","""Scale-free""","5","0","1","""uniform""","""deterministic-normal""","0","0","1","""uniform""","0","0","false","""/home/ramaswamy.51/Documents/github/Spirals/Media/data/cluster/endsim/BehaviorSearch/Step6_Trial""","true","0","1","0","0","true","false","""415797017""","0.3729639785078958","0.3729639785078958","0.3729639785078958","0","0.3729639785078958"
"1","83","120","1000","1","""HK""","0.09999999999999999","false","""normal""","1","""constant""","0","""Scale-free""","5","0","1","""uniform""","""deterministic-normal""","0","0","1","""uniform""","0","0","false","""/home/ramaswamy.51/Documents/github/Spirals/Media/data/cluster/endsim/BehaviorSearch/Step6_Trial""","true","0","1","0","0","true","false","""-1226634299""","0.3747923046096075","0.3747923046096075","0.3747923046096075","0","0.3747923046096075"
"1","84","120","1000","1","""HK""","0.09999999999999999","false","""normal""","1","""constant""","0","""Scale-free""","5","0","1","""uniform""","""deterministic-normal""","0","0","1","""uniform""","0","0","false","""/home/ramaswamy.51/Documents/github/Spirals/Media/data/cluster/endsim/BehaviorSearch/Step6_Trial""","true","0","1","0","0","true","false","""-936781978""","0.37094857011037297","0.37094857011037297","0.37094857011037297","0","0.37094857011037297"
"1","85","120","1000","1","""HK""","0.19","false","""normal""","1","""constant""","0.2","""Scale-free""","4","0","1","""uniform""","""deterministic-normal""","0","0","1","""uniform""","0","0","false","""/home/ramaswamy.51/Documents/github/Spirals/Media/data/cluster/endsim/BehaviorSearch/Step6_Trial""","true","0","1","0","0","true","false","""-526266146""","0.3726650198960805","0.3726650198960805","0.3726650198960805","0","0.3726650198960805"
"1","86","120","1000","1","""HK""","0.19","false","""normal""","1","""constant""","0.2","""Scale-free""","4","0","1","""uniform""","""deterministic-normal""","0","0","1","""uniform""","0","0","false","""/home/ramaswamy.51/Documents/github/Spirals/Media/data/cluster/endsim/BehaviorSearch/Step6_Trial""","true","0","1","0","0","true","false","""1460816787""","0.3677285993133847","0.3677285993133847","0.3677285993133847","0","0.3677285993133847"
"1","87","120","1000","1","""HK""","0.19","false","""normal""","1","""constant""","0.2","""Scale-free""","4","0","1","""uniform""","""deterministic-normal""","0","0","1","""uniform""","0","0","false","""/home/ramaswamy.51/Documents/github/Spirals/Media/data/cluster/endsim/BehaviorSearch/Step6_Trial""","true","0","1","0","0","true","false","""890792095""","0.3465612364355711","0.3465612364355711","0.3465612364355711","0","0.3465612364355711"
"1","88","120","1000","1","""HK""","0.19","false","""normal""","1","""constant""","0.2","""Scale-free""","4","0","1","""uniform""","""deterministic-normal""","0","0","1","""uniform""","0","0","false","""/home/ramaswamy.51/Documents/github/Spirals/Media/data/cluster/endsim/BehaviorSearch/Step6_Trial""","true","0","1","0","0","true","false","""-1773576550""","0.36897756580922386","0.36897756580922386","0.36897756580922386","0","0.36897756580922386"
"1","89","120","1000","1","""HK""","0.04","false","""normal""","1","""constant""","0.5","""Scale-free""","4","0","1","""uniform""","""deterministic-normal""","0","0","1","""uniform""","0","0","false","""/home/ramaswamy.51/Documents/github/Spirals/Media/data/cluster/endsim/BehaviorSearch/Step6_Trial""","true","0","1","0","0","true","false","""1878462377""","0.36372805533298425","0.36372805533298425","0.36372805533298425","0","0.36372805533298425"
"1","90","120","1000","1","""HK""","0.04","false","""normal""","1","""constant""","0.5","""Scale-free""","4","0","1","""uniform""","""deterministic-normal""","0","0","1","""uniform""","0","0","false","""/home/ramaswamy.51/Documents/github/Spirals/Media/data/cluster/endsim/BehaviorSearch/Step6_Trial""","true","0","1","0","0","true","false","""-193001403""","0.3689854037210194","0.3689854037210194","0.3689854037210194","0","0.3689854037210194"
"1","91","120","1000","1","""HK""","0.04","false","""normal""","1","""constant""","0.5","""Scale-free""","4","0","1","""uniform""","""deterministic-normal""","0","0","1","""uniform""","0","0","false","""/home/ramaswamy.51/Documents/github/Spirals/Media/data/cluster/endsim/BehaviorSearch/Step6_Trial""","true","0","1","0","0","true","false","""1031994720""","0.3615628804681148","0.3615628804681148","0.3615628804681148","0","0.3615628804681148"
"1","92","120","1000","1","""HK""","0.04","false","""normal""","1","""constant""","0.5","""Scale-free""","4","0","1","""uniform""","""deterministic-normal""","0","0","1","""uniform""","0","0","false","""/home/ramaswamy.51/Documents/github/Spirals/Media/data/cluster/endsim/BehaviorSearch/Step6_Trial""","true","0","1","0","0","true","false","""1441179878""","0.3575027828622022","0.3575027828622022","0.3575027828622022","0","0.3575027828622022"
"1","93","120","1000","1","""HK""","0.09","false","""normal""","1","""constant""","0.30000000000000004","""Scale-free""","3","0","1","""uniform""","""deterministic-normal""","0","0","1","""uniform""","0","0","false","""/home/ramaswamy.51/Documents/github/Spirals/Media/data/cluster/endsim/BehaviorSearch/Step6_Trial""","true","0","1","0","0","true","false","""1956452655""","0.33505527589265355","0.33505527589265355","0.33505527589265355","0","0.33505527589265355"
"1","94","120","1000","1","""HK""","0.09","false","""normal""","1","""constant""","0.30000000000000004","""Scale-free""","3","0","1","""uniform""","""deterministic-normal""","0","0","1","""uniform""","0","0","false","""/home/ramaswamy.51/Documents/github/Spirals/Media/data/cluster/endsim/BehaviorSearch/Step6_Trial""","true","0","1","0","0","true","false","""-1864933206""","0.32897418995158756","0.32897418995158756","0.32897418995158756","0","0.32897418995158756"
"1","95","120","1000","1","""HK""","0.09","false","""normal""","1","""constant""","0.30000000000000004","""Scale-free""","3","0","1","""uniform""","""deterministic-normal""","0","0","1","""uniform""","0","0","false","""/home/ramaswamy.51/Documents/github/Spirals/Media/data/cluster/endsim/BehaviorSearch/Step6_Trial""","true","0","1","0","0","true","false","""-1253858610""","0.3401640698537774","0.3401640698537774","0.3401640698537774","0","0.3401640698537774"
"1","96","120","1000","1","""HK""","0.09","false","""normal""","1","""constant""","0.30000000000000004","""Scale-free""","3","0","1","""uniform""","""deterministic-normal""","0","0","1","""uniform""","0","0","false","""/home/ramaswamy.51/Documents/github/Spirals/Media/data/cluster/endsim/BehaviorSearch/Step6_Trial""","true","0","1","0","0","true","false","""1864236985""","0.34189442490388955","0.34189442490388955","0.34189442490388955","0","0.34189442490388955"
"1","97","120","1000","1","""HK""","0.2","false","""normal""","1","""constant""","0.2","""Scale-free""","3","0","1","""uniform""","""deterministic-normal""","0","0","1","""uniform""","0","0","false","""/home/ramaswamy.51/Documents/github/Spirals/Media/data/cluster/endsim/BehaviorSearch/Step6_Trial""","true","0","1","0","0","true","false","""-1628266393""","0.34295825838682853","0.34295825838682853","0.34295825838682853","0","0.34295825838682853"
"1","98","120","1000","1","""HK""","0.2","false","""normal""","1","""constant""","0.2","""Scale-free""","3","0","1","""uniform""","""deterministic-normal""","0","0","1","""uniform""","0","0","false","""/home/ramaswamy.51/Documents/github/Spirals/Media/data/cluster/endsim/BehaviorSearch/Step6_Trial""","true","0","1","0","0","true","false","""-1978222108""","0.3669630291929104","0.3669630291929104","0.3669630291929104","0","0.3669630291929104"
"1","99","120","1000","1","""HK""","0.2","false","""normal""","1","""constant""","0.2","""Scale-free""","3","0","1","""uniform""","""deterministic-normal""","0","0","1","""uniform""","0","0","false","""/home/ramaswamy.51/Documents/github/Spirals/Media/data/cluster/endsim/BehaviorSearch/Step6_Trial""","true","0","1","0","0","true","false","""-950970397""","0.37333137614590894","0.37333137614590894","0.37333137614590894","0","0.37333137614590894"
"1","100","120","1000","1","""HK""","0.2","false","""normal""","1","""constant""","0.2","""Scale-free""","3","0","1","""uniform""","""deterministic-normal""","0","0","1","""uniform""","0","0","false","""/home/ramaswamy.51/Documents/github/Spirals/Media/data/cluster/endsim/BehaviorSearch/Step6_Trial""","true","0","1","0","0","true","false","""1418509969""","0.3615429851780594","0.3615429851780594","0.3615429851780594","0","0.3615429851780594"
"1","101","120","1000","1","""HK""","0.14","false","""normal""","1","""constant""","0.2","""Scale-free""","2","0","1","""uniform""","""deterministic-normal""","0","0","1","""uniform""","0","0","false","""/home/ramaswamy.51/Documents/github/Spirals/Media/data/cluster/endsim/BehaviorSearch/Step6_Trial""","true","0","1","0","0","true","false","""-179492896""","0.30767032183770043","0.30767032183770043","0.30767032183770043","0","0.30767032183770043"
"1","102","120","1000","1","""HK""","0.14","false","""normal""","1","""constant""","0.2","""Scale-free""","2","0","1","""uniform""","""deterministic-normal""","0","0","1","""uniform""","0","0","false","""/home/ramaswamy.51/Documents/github/Spirals/Media/data/cluster/endsim/BehaviorSearch/Step6_Trial""","true","0","1","0","0","true","false","""-1102602246""","0.32067951214788654","0.32067951214788654","0.32067951214788654","0","0.32067951214788654"
"1","103","120","1000","1","""HK""","0.14","false","""normal""","1","""constant""","0.2","""Scale-free""","2","0","1","""uniform""","""deterministic-normal""","0","0","1","""uniform""","0","0","false","""/home/ramaswamy.51/Documents/github/Spirals/Media/data/cluster/endsim/BehaviorSearch/Step6_Trial""","true","0","1","0","0","true","false","""-388354757""","0.3205624382123561","0.3205624382123561","0.3205624382123561","0","0.3205624382123561"
"1","104","120","1000","1","""HK""","0.14","false","""normal""","1","""constant""","0.2","""Scale-free""","2","0","1","""uniform""","""deterministic-normal""","0","0","1","""uniform""","0","0","false","""/home/ramaswamy.51/Documents/github/Spirals/Media/data/cluster/endsim/BehaviorSearch/Step6_Trial""","true","0","1","0","0","true","false","""944400881""","0.3131405982537533","0.3131405982537533","0.3131405982537533","0","0.3131405982537533"
"1","105","120","1000","1","""HK""","0.16","false","""normal""","1","""constant""","0.2","""Scale-free""","1","0","1","""uniform""","""deterministic-normal""","0","0","1","""uniform""","0","0","false","""/home/ramaswamy.51/Documents/github/Spirals/Media/data/cluster/endsim/BehaviorSearch/Step6_Trial""","true","0","1","0","0","true","false","""-972430430""","0.2855053517435658","0.2855053517435658","0.2855053517435658","0","0.2855053517435658"
"1","106","120","1000","1","""HK""","0.16","false","""normal""","1","""constant""","0.2","""Scale-free""","1","0","1","""uniform""","""deterministic-normal""","0","0","1","""uniform""","0","0","false","""/home/ramaswamy.51/Documents/github/Spirals/Media/data/cluster/endsim/BehaviorSearch/Step6_Trial""","true","0","1","0","0","true","false","""367134810""","0.28845786870799006","0.28845786870799006","0.28845786870799006","0","0.28845786870799006"
"1","107","120","1000","1","""HK""","0.16","false","""normal""","1","""constant""","0.2","""Scale-free""","1","0","1","""uniform""","""deterministic-normal""","0","0","1","""uniform""","0","0","false","""/home/ramaswamy.51/Documents/github/Spirals/Media/data/cluster/endsim/BehaviorSearch/Step6_Trial""","true","0","1","0","0","true","false","""661460669""","0.2818848401146414","0.2818848401146414","0.2818848401146414","0","0.2818848401146414"
"1","108","120","1000","1","""HK""","0.16","false","""normal""","1","""constant""","0.2","""Scale-free""","1","0","1","""uniform""","""deterministic-normal""","0","0","1","""uniform""","0","0","false","""/home/ramaswamy.51/Documents/github/Spirals/Media/data/cluster/endsim/BehaviorSearch/Step6_Trial""","true","0","1","0","0","true","false","""302205053""","0.3069710221469814","0.3069710221469814","0.3069710221469814","0","0.3069710221469814"
"1","109","120","1000","1","""HK""","0.26","false","""normal""","1","""constant""","0.5","""Scale-free""","4","0","1","""uniform""","""deterministic-normal""","0","0","1","""uniform""","0","0","false","""/home/ramaswamy.51/Documents/github/Spirals/Media/data/cluster/endsim/BehaviorSearch/Step6_Trial""","true","0","1","0","0","true","false","""1236138116""","0.3917402345316176","0.3917402345316176","0.3917402345316176","0","0.3917402345316176"
"1","110","120","1000","1","""HK""","0.26","false","""normal""","1","""constant""","0.5","""Scale-free""","4","0","1","""uniform""","""deterministic-normal""","0","0","1","""uniform""","0","0","false","""/home/ramaswamy.51/Documents/github/Spirals/Media/data/cluster/endsim/BehaviorSearch/Step6_Trial""","true","0","1","0","0","true","false","""197870008""","0.3897731849190973","0.3897731849190973","0.3897731849190973","0","0.3897731849190973"
"1","111","120","1000","1","""HK""","0.26","false","""normal""","1","""constant""","0.5","""Scale-free""","4","0","1","""uniform""","""deterministic-normal""","0","0","1","""uniform""","0","0","false","""/home/ramaswamy.51/Documents/github/Spirals/Media/data/cluster/endsim/BehaviorSearch/Step6_Trial""","true","0","1","0","0","true","false","""-1088268399""","0.40165263604932","0.40165263604932","0.40165263604932","0","0.40165263604932"
"1","112","120","1000","1","""HK""","0.26","false","""normal""","1","""constant""","0.5","""Scale-free""","4","0","1","""uniform""","""deterministic-normal""","0","0","1","""uniform""","0","0","false","""/home/ramaswamy.51/Documents/github/Spirals/Media/data/cluster/endsim/BehaviorSearch/Step6_Trial""","true","0","1","0","0","true","false","""-474313989""","0.3794639870423708","0.3794639870423708","0.3794639870423708","0","0.3794639870423708"
"1","113","120","1000","1","""HK""","0.23","false","""normal""","1","""constant""","0.30000000000000004","""Scale-free""","2","0","1","""uniform""","""deterministic-normal""","0","0","1","""uniform""","0","0","false","""/home/ramaswamy.51/Documents/github/Spirals/Media/data/cluster/endsim/BehaviorSearch/Step6_Trial""","true","0","1","0","0","true","false","""1342702736""","0.35359132040216235","0.35359132040216235","0.35359132040216235","0","0.35359132040216235"
"1","114","120","1000","1","""HK""","0.23","false","""normal""","1","""constant""","0.30000000000000004","""Scale-free""","2","0","1","""uniform""","""deterministic-normal""","0","0","1","""uniform""","0","0","false","""/home/ramaswamy.51/Documents/github/Spirals/Media/data/cluster/endsim/BehaviorSearch/Step6_Trial""","true","0","1","0","0","true","false","""371821401""","0.38320001612894544","0.38320001612894544","0.38320001612894544","0","0.38320001612894544"
"1","115","120","1000","1","""HK""","0.23","false","""normal""","1","""constant""","0.30000000000000004","""Scale-free""","2","0","1","""uniform""","""deterministic-normal""","0","0","1","""uniform""","0","0","false","""/home/ramaswamy.51/Documents/github/Spirals/Media/data/cluster/endsim/BehaviorSearch/Step6_Trial""","true","0","1","0","0","true","false","""1441898035""","0.3660188513041343","0.3660188513041343","0.3660188513041343","0","0.3660188513041343"
"1","116","120","1000","1","""HK""","0.23","false","""normal""","1","""constant""","0.30000000000000004","""Scale-free""","2","0","1","""uniform""","""deterministic-normal""","0","0","1","""uniform""","0","0","false","""/home/ramaswamy.51/Documents/github/Spirals/Media/data/cluster/endsim/BehaviorSearch/Step6_Trial""","true","0","1","0","0","true","false","""1389773359""","0.37027555448353466","0.37027555448353466","0.37027555448353466","0","0.37027555448353466"
"1","117","120","1000","1","""HK""","0.03","false","""normal""","1","""constant""","0.5","""Scale-free""","1","0","1","""uniform""","""deterministic-normal""","0","0","1","""uniform""","0","0","false","""/home/ramaswamy.51/Documents/github/Spirals/Media/data/cluster/endsim/BehaviorSearch/Step6_Trial""","true","0","1","0","0","true","false","""1777093045""","0.327847286468356","0.327847286468356","0.327847286468356","0","0.327847286468356"
"1","118","120","1000","1","""HK""","0.03","false","""normal""","1","""constant""","0.5","""Scale-free""","1","0","1","""uniform""","""deterministic-normal""","0","0","1","""uniform""","0","0","false","""/home/ramaswamy.51/Documents/github/Spirals/Media/data/cluster/endsim/BehaviorSearch/Step6_Trial""","true","0","1","0","0","true","false","""343587283""","0.3360043613097244","0.3360043613097244","0.3360043613097244","0","0.3360043613097244"
"1","119","120","1000","1","""HK""","0.03","false","""normal""","1","""constant""","0.5","""Scale-free""","1","0","1","""uniform""","""deterministic-normal""","0","0","1","""uniform""","0","0","false","""/home/ramaswamy.51/Documents/github/Spirals/Media/data/cluster/endsim/BehaviorSearch/Step6_Trial""","true","0","1","0","0","true","false","""1112198966""","0.31914760951091076","0.31914760951091076","0.31914760951091076","0","0.31914760951091076"
"1","120","120","1000","1","""HK""","0.03","false","""normal""","1","""constant""","0.5","""Scale-free""","1","0","1","""uniform""","""deterministic-normal""","0","0","1","""uniform""","0","0","false","""/home/ramaswamy.51/Documents/github/Spirals/Media/data/cluster/endsim/BehaviorSearch/Step6_Trial""","true","0","1","0","0","true","false","""1577403136""","0.3332561234778559","0.3332561234778559","0.3332561234778559","0","0.3332561234778559"
"1","121","124","1000","1","""HK""","0.05","false","""normal""","1","""constant""","0.5","""Scale-free""","2","0","1","""uniform""","""deterministic-normal""","0","0","1","""uniform""","0","0","false","""/home/ramaswamy.51/Documents/github/Spirals/Media/data/cluster/endsim/BehaviorSearch/Step6_Trial""","true","0","1","0","0","true","false","""1925578529""","0.35150719324944313","0.35150719324944313","0.35150719324944313","0","0.35150719324944313"
"1","122","124","1000","1","""HK""","0.05","false","""normal""","1","""constant""","0.5","""Scale-free""","2","0","1","""uniform""","""deterministic-normal""","0","0","1","""uniform""","0","0","false","""/home/ramaswamy.51/Documents/github/Spirals/Media/data/cluster/endsim/BehaviorSearch/Step6_Trial""","true","0","1","0","0","true","false","""-1729779355""","0.3647224152943487","0.3647224152943487","0.3647224152943487","0","0.3647224152943487"
"1","123","124","1000","1","""HK""","0.05","false","""normal""","1","""constant""","0.5","""Scale-free""","2","0","1","""uniform""","""deterministic-normal""","0","0","1","""uniform""","0","0","false","""/home/ramaswamy.51/Documents/github/Spirals/Media/data/cluster/endsim/BehaviorSearch/Step6_Trial""","true","0","1","0","0","true","false","""-203636091""","0.3555975429964406","0.3555975429964406","0.3555975429964406","0","0.3555975429964406"
"1","124","124","1000","1","""HK""","0.05","false","""normal""","1","""constant""","0.5","""Scale-free""","2","0","1","""uniform""","""deterministic-normal""","0","0","1","""uniform""","0","0","false","""/home/ramaswamy.51/Documents/github/Spirals/Media/data/cluster/endsim/BehaviorSearch/Step6_Trial""","true","0","1","0","0","true","false","""-1475439724""","0.3626313772611636","0.3626313772611636","0.3626313772611636","0","0.3626313772611636"
"1","125","132","1000","1","""HK""","0.05","false","""normal""","1","""constant""","0.2","""Scale-free""","4","0","1","""uniform""","""deterministic-normal""","0","0","1","""uniform""","0","0","false","""/home/ramaswamy.51/Documents/github/Spirals/Media/data/cluster/endsim/BehaviorSearch/Step6_Trial""","true","0","1","0","0","true","false","""45601688""","0.29795632156382273","0.29795632156382273","0.29795632156382273","0","0.29795632156382273"
"1","126","132","1000","1","""HK""","0.05","false","""normal""","1","""constant""","0.2","""Scale-free""","4","0","1","""uniform""","""deterministic-normal""","0","0","1","""uniform""","0","0","false","""/home/ramaswamy.51/Documents/github/Spirals/Media/data/cluster/endsim/BehaviorSearch/Step6_Trial""","true","0","1","0","0","true","false","""-1667666158""","0.2912287374431111","0.2912287374431111","0.2912287374431111","0","0.2912287374431111"
"1","127","132","1000","1","""HK""","0.05","false","""normal""","1","""constant""","0.2","""Scale-free""","4","0","1","""uniform""","""deterministic-normal""","0","0","1","""uniform""","0","0","false","""/home/ramaswamy.51/Documents/github/Spirals/Media/data/cluster/endsim/BehaviorSearch/Step6_Trial""","true","0","1","0","0","true","false","""864800897""","0.29299350740721986","0.29299350740721986","0.29299350740721986","0","0.29299350740721986"
"1","128","132","1000","1","""HK""","0.05","false","""normal""","1","""constant""","0.2","""Scale-free""","4","0","1","""uniform""","""deterministic-normal""","0","0","1","""uniform""","0","0","false","""/home/ramaswamy.51/Documents/github/Spirals/Media/data/cluster/endsim/BehaviorSearch/Step6_Trial""","true","0","1","0","0","true","false","""1014179004""","0.28883573755696396","0.28883573755696396","0.28883573755696396","0","0.28883573755696396"
"1","129","156","1000","1","""HK""","0.08","false","""normal""","1","""constant""","0.2","""Scale-free""","2","0","1","""uniform""","""deterministic-normal""","0","0","1","""uniform""","0","0","false","""/home/ramaswamy.51/Documents/github/Spirals/Media/data/cluster/endsim/BehaviorSearch/Step6_Trial""","true","0","1","0","0","true","false","""1000276576""","0.2775096113442565","0.2775096113442565","0.2775096113442565","0","0.2775096113442565"
"1","130","156","1000","1","""HK""","0.08","false","""normal""","1","""constant""","0.2","""Scale-free""","2","0","1","""uniform""","""deterministic-normal""","0","0","1","""uniform""","0","0","false","""/home/ramaswamy.51/Documents/github/Spirals/Media/data/cluster/endsim/BehaviorSearch/Step6_Trial""","true","0","1","0","0","true","false","""-755139272""","0.2937557045829028","0.2937557045829028","0.2937557045829028","0","0.2937557045829028"
"1","131","156","1000","1","""HK""","0.08","false","""normal""","1","""constant""","0.2","""Scale-free""","2","0","1","""uniform""","""deterministic-normal""","0","0","1","""uniform""","0","0","false","""/home/ramaswamy.51/Documents/github/Spirals/Media/data/cluster/endsim/BehaviorSearch/Step6_Trial""","true","0","1","0","0","true","false","""-284686385""","0.27805267829072383","0.27805267829072383","0.27805267829072383","0","0.27805267829072383"
"1","132","156","1000","1","""HK""","0.08","false","""normal""","1","""constant""","0.2","""Scale-free""","2","0","1","""uniform""","""deterministic-normal""","0","0","1","""uniform""","0","0","false","""/home/ramaswamy.51/Documents/github/Spirals/Media/data/cluster/endsim/BehaviorSearch/Step6_Trial""","true","0","1","0","0","true","false","""-835061196""","0.27603222719064374","0.27603222719064374","0.27603222719064374","0","0.27603222719064374"
"1","133","168","1000","1","""HK""","0.18000000000000002","false","""normal""","1","""constant""","0.1","""Scale-free""","3","0","1","""uniform""","""deterministic-normal""","0","0","1","""uniform""","0","0","false","""/home/ramaswamy.51/Documents/github/Spirals/Media/data/cluster/endsim/BehaviorSearch/Step6_Trial""","true","0","1","0","0","true","false","""-90618974""","0.3470791626859664","0.3470791626859664","0.3470791626859664","0","0.3470791626859664"
"1","134","168","1000","1","""HK""","0.18000000000000002","false","""normal""","1","""constant""","0.1","""Scale-free""","3","0","1","""uniform""","""deterministic-normal""","0","0","1","""uniform""","0","0","false","""/home/ramaswamy.51/Documents/github/Spirals/Media/data/cluster/endsim/BehaviorSearch/Step6_Trial""","true","0","1","0","0","true","false","""-987068531""","0.37159251866968984","0.37159251866968984","0.37159251866968984","0","0.37159251866968984"
"1","135","168","1000","1","""HK""","0.18000000000000002","false","""normal""","1","""constant""","0.1","""Scale-free""","3","0","1","""uniform""","""deterministic-normal""","0","0","1","""uniform""","0","0","false","""/home/ramaswamy.51/Documents/github/Spirals/Media/data/cluster/endsim/BehaviorSearch/Step6_Trial""","true","0","1","0","0","true","false","""681080590""","0.3743881441572222","0.3743881441572222","0.3743881441572222","0","0.3743881441572222"
"1","136","168","1000","1","""HK""","0.18000000000000002","false","""normal""","1","""constant""","0.1","""Scale-free""","3","0","1","""uniform""","""deterministic-normal""","0","0","1","""uniform""","0","0","false","""/home/ramaswamy.51/Documents/github/Spirals/Media/data/cluster/endsim/BehaviorSearch/Step6_Trial""","true","0","1","0","0","true","false","""1077384387""","0.37814114527112813","0.37814114527112813","0.37814114527112813","0","0.37814114527112813"
"1","137","172","1000","1","""HK""","0.04","false","""normal""","1","""constant""","0.2","""Scale-free""","2","0","1","""uniform""","""deterministic-normal""","0","0","1","""uniform""","0","0","false","""/home/ramaswamy.51/Documents/github/Spirals/Media/data/cluster/endsim/BehaviorSearch/Step6_Trial""","true","0","1","0","0","true","false","""1412965224""","0.262187762319582","0.262187762319582","0.262187762319582","0","0.262187762319582"
"1","138","172","1000","1","""HK""","0.04","false","""normal""","1","""constant""","0.2","""Scale-free""","2","0","1","""uniform""","""deterministic-normal""","0","0","1","""uniform""","0","0","false","""/home/ramaswamy.51/Documents/github/Spirals/Media/data/cluster/endsim/BehaviorSearch/Step6_Trial""","true","0","1","0","0","true","false","""976909060""","0.2444031522820059","0.2444031522820059","0.2444031522820059","0","0.2444031522820059"
"1","139","172","1000","1","""HK""","0.04","false","""normal""","1","""constant""","0.2","""Scale-free""","2","0","1","""uniform""","""deterministic-normal""","0","0","1","""uniform""","0","0","false","""/home/ramaswamy.51/Documents/github/Spirals/Media/data/cluster/endsim/BehaviorSearch/Step6_Trial""","true","0","1","0","0","true","false","""1361373652""","0.23820256698816145","0.23820256698816145","0.23820256698816145","0","0.23820256698816145"
"1","140","172","1000","1","""HK""","0.04","false","""normal""","1","""constant""","0.2","""Scale-free""","2","0","1","""uniform""","""deterministic-normal""","0","0","1","""uniform""","0","0","false","""/home/ramaswamy.51/Documents/github/Spirals/Media/data/cluster/endsim/BehaviorSearch/Step6_Trial""","true","0","1","0","0","true","false","""-651910841""","0.23696253213666568","0.23696253213666568","0.23696253213666568","0","0.23696253213666568"
"1","141","180","1000","1","""HK""","0.02","false","""normal""","1","""constant""","0.2","""Scale-free""","3","0","1","""uniform""","""deterministic-normal""","0","0","1","""uniform""","0","0","false","""/home/ramaswamy.51/Documents/github/Spirals/Media/data/cluster/endsim/BehaviorSearch/Step6_Trial""","true","0","1","0","0","true","false","""-1369615471""","0.2399989882884047","0.2399989882884047","0.2399989882884047","0","0.2399989882884047"
"1","142","180","1000","1","""HK""","0.02","false","""normal""","1","""constant""","0.2","""Scale-free""","3","0","1","""uniform""","""deterministic-normal""","0","0","1","""uniform""","0","0","false","""/home/ramaswamy.51/Documents/github/Spirals/Media/data/cluster/endsim/BehaviorSearch/Step6_Trial""","true","0","1","0","0","true","false","""1947146218""","0.24653770605586361","0.24653770605586361","0.24653770605586361","0","0.24653770605586361"
"1","143","180","1000","1","""HK""","0.02","false","""normal""","1","""constant""","0.2","""Scale-free""","3","0","1","""uniform""","""deterministic-normal""","0","0","1","""uniform""","0","0","false","""/home/ramaswamy.51/Documents/github/Spirals/Media/data/cluster/endsim/BehaviorSearch/Step6_Trial""","true","0","1","0","0","true","false","""154541151""","0.25077904297409664","0.25077904297409664","0.25077904297409664","0","0.25077904297409664"
"1","144","180","1000","1","""HK""","0.02","false","""normal""","1","""constant""","0.2","""Scale-free""","3","0","1","""uniform""","""deterministic-normal""","0","0","1","""uniform""","0","0","false","""/home/ramaswamy.51/Documents/github/Spirals/Media/data/cluster/endsim/BehaviorSearch/Step6_Trial""","true","0","1","0","0","true","false","""398735962""","0.2586889444943094","0.2586889444943094","0.2586889444943094","0","0.2586889444943094"
"1","145","184","1000","1","""HK""","0.01","false","""normal""","1","""constant""","0.2","""Scale-free""","2","0","1","""uniform""","""deterministic-normal""","0","0","1","""uniform""","0","0","false","""/home/ramaswamy.51/Documents/github/Spirals/Media/data/cluster/endsim/BehaviorSearch/Step6_Trial""","true","0","1","0","0","true","false","""-1580484623""","0.26242090311465444","0.26242090311465444","0.26242090311465444","0","0.26242090311465444"
"1","146","184","1000","1","""HK""","0.01","false","""normal""","1","""constant""","0.2","""Scale-free""","2","0","1","""uniform""","""deterministic-normal""","0","0","1","""uniform""","0","0","false","""/home/ramaswamy.51/Documents/github/Spirals/Media/data/cluster/endsim/BehaviorSearch/Step6_Trial""","true","0","1","0","0","true","false","""-1491234457""","0.21358400803731825","0.21358400803731825","0.21358400803731825","0","0.21358400803731825"
"1","147","184","1000","1","""HK""","0.01","false","""normal""","1","""constant""","0.2","""Scale-free""","2","0","1","""uniform""","""deterministic-normal""","0","0","1","""uniform""","0","0","false","""/home/ramaswamy.51/Documents/github/Spirals/Media/data/cluster/endsim/BehaviorSearch/Step6_Trial""","true","0","1","0","0","true","false","""-281796288""","0.23050748912264488","0.23050748912264488","0.23050748912264488","0","0.23050748912264488"
"1","148","184","1000","1","""HK""","0.01","false","""normal""","1","""constant""","0.2","""Scale-free""","2","0","1","""uniform""","""deterministic-normal""","0","0","1","""uniform""","0","0","false","""/home/ramaswamy.51/Documents/github/Spirals/Media/data/cluster/endsim/BehaviorSearch/Step6_Trial""","true","0","1","0","0","true","false","""-980697349""","0.23458462816614678","0.23458462816614678","0.23458462816614678","0","0.23458462816614678"
"1","149","192","1000","1","""HK""","0.01","false","""normal""","1","""constant""","0.2","""Scale-free""","3","0","1","""uniform""","""deterministic-normal""","0","0","1","""uniform""","0","0","false","""/home/ramaswamy.51/Documents/github/Spirals/Media/data/cluster/endsim/BehaviorSearch/Step6_Trial""","true","0","1","0","0","true","false","""-1830119492""","0.24026601803764425","0.24026601803764425","0.24026601803764425","0","0.24026601803764425"
"1","150","192","1000","1","""HK""","0.01","false","""normal""","1","""constant""","0.2","""Scale-free""","3","0","1","""uniform""","""deterministic-normal""","0","0","1","""uniform""","0","0","false","""/home/ramaswamy.51/Documents/github/Spirals/Media/data/cluster/endsim/BehaviorSearch/Step6_Trial""","true","0","1","0","0","true","false","""1948102079""","0.24746636626189164","0.24746636626189164","0.24746636626189164","0","0.24746636626189164"
"1","151","192","1000","1","""HK""","0.01","false","""normal""","1","""constant""","0.2","""Scale-free""","3","0","1","""uniform""","""deterministic-normal""","0","0","1","""uniform""","0","0","false","""/home/ramaswamy.51/Documents/github/Spirals/Media/data/cluster/endsim/BehaviorSearch/Step6_Trial""","true","0","1","0","0","true","false","""1605127262""","0.24842083858808794","0.24842083858808794","0.24842083858808794","0","0.24842083858808794"
"1","152","192","1000","1","""HK""","0.01","false","""normal""","1","""constant""","0.2","""Scale-free""","3","0","1","""uniform""","""deterministic-normal""","0","0","1","""uniform""","0","0","false","""/home/ramaswamy.51/Documents/github/Spirals/Media/data/cluster/endsim/BehaviorSearch/Step6_Trial""","true","0","1","0","0","true","false","""-585776429""","0.24219387544594578","0.24219387544594578","0.24219387544594578","0","0.24219387544594578"
"1","153","196","1000","1","""HK""","0.05","false","""normal""","1","""constant""","0.2","""Scale-free""","2","0","1","""uniform""","""deterministic-normal""","0","0","1","""uniform""","0","0","false","""/home/ramaswamy.51/Documents/github/Spirals/Media/data/cluster/endsim/BehaviorSearch/Step6_Trial""","true","0","1","0","0","true","false","""1115806208""","0.256829615465799","0.256829615465799","0.256829615465799","0","0.256829615465799"
"1","154","196","1000","1","""HK""","0.05","false","""normal""","1","""constant""","0.2","""Scale-free""","2","0","1","""uniform""","""deterministic-normal""","0","0","1","""uniform""","0","0","false","""/home/ramaswamy.51/Documents/github/Spirals/Media/data/cluster/endsim/BehaviorSearch/Step6_Trial""","true","0","1","0","0","true","false","""-648099306""","0.2607712589890478","0.2607712589890478","0.2607712589890478","0","0.2607712589890478"
"1","155","196","1000","1","""HK""","0.05","false","""normal""","1","""constant""","0.2","""Scale-free""","2","0","1","""uniform""","""deterministic-normal""","0","0","1","""uniform""","0","0","false","""/home/ramaswamy.51/Documents/github/Spirals/Media/data/cluster/endsim/BehaviorSearch/Step6_Trial""","true","0","1","0","0","true","false","""830682295""","0.25399439109579375","0.25399439109579375","0.25399439109579375","0","0.25399439109579375"
"1","156","196","1000","1","""HK""","0.05","false","""normal""","1","""constant""","0.2","""Scale-free""","2","0","1","""uniform""","""deterministic-normal""","0","0","1","""uniform""","0","0","false","""/home/ramaswamy.51/Documents/github/Spirals/Media/data/cluster/endsim/BehaviorSearch/Step6_Trial""","true","0","1","0","0","true","false","""2135055403""","0.26709759640981656","0.26709759640981656","0.26709759640981656","0","0.26709759640981656"
"1","157","200","1000","1","""HK""","0.05","false","""normal""","1","""constant""","0.2","""Scale-free""","3","0","1","""uniform""","""deterministic-normal""","0","0","1","""uniform""","0","0","false","""/home/ramaswamy.51/Documents/github/Spirals/Media/data/cluster/endsim/BehaviorSearch/Step6_Trial""","true","0","1","0","0","true","false","""-618756159""","0.2546497149109099","0.2546497149109099","0.2546497149109099","0","0.2546497149109099"
"1","158","200","1000","1","""HK""","0.05","false","""normal""","1","""constant""","0.2","""Scale-free""","3","0","1","""uniform""","""deterministic-normal""","0","0","1","""uniform""","0","0","false","""/home/ramaswamy.51/Documents/github/Spirals/Media/data/cluster/endsim/BehaviorSearch/Step6_Trial""","true","0","1","0","0","true","false","""89017711""","0.26107201203159347","0.26107201203159347","0.26107201203159347","0","0.26107201203159347"
"1","159","200","1000","1","""HK""","0.05","false","""normal""","1","""constant""","0.2","""Scale-free""","3","0","1","""uniform""","""deterministic-normal""","0","0","1","""uniform""","0","0","false","""/home/ramaswamy.51/Documents/github/Spirals/Media/data/cluster/endsim/BehaviorSearch/Step6_Trial""","true","0","1","0","0","true","false","""1233082602""","0.2810167911864166","0.2810167911864166","0.2810167911864166","0","0.2810167911864166"
"1","160","200","1000","1","""HK""","0.05","false","""normal""","1","""constant""","0.2","""Scale-free""","3","0","1","""uniform""","""deterministic-normal""","0","0","1","""uniform""","0","0","false","""/home/ramaswamy.51/Documents/github/Spirals/Media/data/cluster/endsim/BehaviorSearch/Step6_Trial""","true","0","1","0","0","true","false","""-1661692079""","0.2609176576971377","0.2609176576971377","0.2609176576971377","0","0.2609176576971377"
"1","161","220","1000","1","""HK""","0.060000000000000005","false","""normal""","1","""constant""","0.2","""Scale-free""","3","0","1","""uniform""","""deterministic-normal""","0","0","1","""uniform""","0","0","false","""/home/ramaswamy.51/Documents/github/Spirals/Media/data/cluster/endsim/BehaviorSearch/Step6_Trial""","true","0","1","0","0","true","false","""242245962""","0.26899116859289757","0.26899116859289757","0.26899116859289757","0","0.26899116859289757"
"1","162","220","1000","1","""HK""","0.060000000000000005","false","""normal""","1","""constant""","0.2","""Scale-free""","3","0","1","""uniform""","""deterministic-normal""","0","0","1","""uniform""","0","0","false","""/home/ramaswamy.51/Documents/github/Spirals/Media/data/cluster/endsim/BehaviorSearch/Step6_Trial""","true","0","1","0","0","true","false","""-906779858""","0.26955859877609883","0.26955859877609883","0.26955859877609883","0","0.26955859877609883"
"1","163","220","1000","1","""HK""","0.060000000000000005","false","""normal""","1","""constant""","0.2","""Scale-free""","3","0","1","""uniform""","""deterministic-normal""","0","0","1","""uniform""","0","0","false","""/home/ramaswamy.51/Documents/github/Spirals/Media/data/cluster/endsim/BehaviorSearch/Step6_Trial""","true","0","1","0","0","true","false","""306289082""","0.28227293189390196","0.28227293189390196","0.28227293189390196","0","0.28227293189390196"
"1","164","220","1000","1","""HK""","0.060000000000000005","false","""normal""","1","""constant""","0.2","""Scale-free""","3","0","1","""uniform""","""deterministic-normal""","0","0","1","""uniform""","0","0","false","""/home/ramaswamy.51/Documents/github/Spirals/Media/data/cluster/endsim/BehaviorSearch/Step6_Trial""","true","0","1","0","0","true","false","""-1267077054""","0.2787318006998067","0.2787318006998067","0.2787318006998067","0","0.2787318006998067"
"1","165","280","1000","1","""HK""","0.09","false","""normal""","1","""constant""","0","""Scale-free""","1","0","1","""uniform""","""deterministic-normal""","0","0","1","""uniform""","0","0","false","""/home/ramaswamy.51/Documents/github/Spirals/Media/data/cluster/endsim/BehaviorSearch/Step6_Trial""","true","0","1","0","0","true","false","""-1890318882""","0.24400349667490429","0.24400349667490429","0.24400349667490429","0","0.24400349667490429"
"1","166","280","1000","1","""HK""","0.09","false","""normal""","1","""constant""","0","""Scale-free""","1","0","1","""uniform""","""deterministic-normal""","0","0","1","""uniform""","0","0","false","""/home/ramaswamy.51/Documents/github/Spirals/Media/data/cluster/endsim/BehaviorSearch/Step6_Trial""","true","0","1","0","0","true","false","""-1731518622""","0.24160557040523412","0.24160557040523412","0.24160557040523412","0","0.24160557040523412"
"1","167","280","1000","1","""HK""","0.09","false","""normal""","1","""constant""","0","""Scale-free""","1","0","1","""uniform""","""deterministic-normal""","0","0","1","""uniform""","0","0","false","""/home/ramaswamy.51/Documents/github/Spirals/Media/data/cluster/endsim/BehaviorSearch/Step6_Trial""","true","0","1","0","0","true","false","""296404743""","0.24486595051300866","0.24486595051300866","0.24486595051300866","0","0.24486595051300866"
"1","168","280","1000","1","""HK""","0.09","false","""normal""","1","""constant""","0","""Scale-free""","1","0","1","""uniform""","""deterministic-normal""","0","0","1","""uniform""","0","0","false","""/home/ramaswamy.51/Documents/github/Spirals/Media/data/cluster/endsim/BehaviorSearch/Step6_Trial""","true","0","1","0","0","true","false","""1103418806""","0.26171686976502806","0.26171686976502806","0.26171686976502806","0","0.26171686976502806"
"1","169","288","1000","1","""HK""","0.01","false","""normal""","1","""constant""","0.2","""Scale-free""","4","0","1","""uniform""","""deterministic-normal""","0","0","1","""uniform""","0","0","false","""/home/ramaswamy.51/Documents/github/Spirals/Media/data/cluster/endsim/BehaviorSearch/Step6_Trial""","true","0","1","0","0","true","false","""-1873103682""","0.29634580376731917","0.29634580376731917","0.29634580376731917","0","0.29634580376731917"
"1","170","288","1000","1","""HK""","0.01","false","""normal""","1","""constant""","0.2","""Scale-free""","4","0","1","""uniform""","""deterministic-normal""","0","0","1","""uniform""","0","0","false","""/home/ramaswamy.51/Documents/github/Spirals/Media/data/cluster/endsim/BehaviorSearch/Step6_Trial""","true","0","1","0","0","true","false","""2039898551""","0.26876725539811547","0.26876725539811547","0.26876725539811547","0","0.26876725539811547"
"1","171","288","1000","1","""HK""","0.01","false","""normal""","1","""constant""","0.2","""Scale-free""","4","0","1","""uniform""","""deterministic-normal""","0","0","1","""uniform""","0","0","false","""/home/ramaswamy.51/Documents/github/Spirals/Media/data/cluster/endsim/BehaviorSearch/Step6_Trial""","true","0","1","0","0","true","false","""318288016""","0.27715303627227184","0.27715303627227184","0.27715303627227184","0","0.27715303627227184"
"1","172","288","1000","1","""HK""","0.01","false","""normal""","1","""constant""","0.2","""Scale-free""","4","0","1","""uniform""","""deterministic-normal""","0","0","1","""uniform""","0","0","false","""/home/ramaswamy.51/Documents/github/Spirals/Media/data/cluster/endsim/BehaviorSearch/Step6_Trial""","true","0","1","0","0","true","false","""-582415530""","0.265624072606275","0.265624072606275","0.265624072606275","0","0.265624072606275"
"1","173","292","1000","1","""HK""","0.05","false","""normal""","1","""constant""","0","""Scale-free""","1","0","1","""uniform""","""deterministic-normal""","0","0","1","""uniform""","0","0","false","""/home/ramaswamy.51/Documents/github/Spirals/Media/data/cluster/endsim/BehaviorSearch/Step6_Trial""","true","0","1","0","0","true","false","""1876936296""","0.2514755527238906","0.2514755527238906","0.2514755527238906","0","0.2514755527238906"
"1","174","292","1000","1","""HK""","0.05","false","""normal""","1","""constant""","0","""Scale-free""","1","0","1","""uniform""","""deterministic-normal""","0","0","1","""uniform""","0","0","false","""/home/ramaswamy.51/Documents/github/Spirals/Media/data/cluster/endsim/BehaviorSearch/Step6_Trial""","true","0","1","0","0","true","false","""-1722343354""","0.2542699343699828","0.2542699343699828","0.2542699343699828","0","0.2542699343699828"
"1","175","292","1000","1","""HK""","0.05","false","""normal""","1","""constant""","0","""Scale-free""","1","0","1","""uniform""","""deterministic-normal""","0","0","1","""uniform""","0","0","false","""/home/ramaswamy.51/Documents/github/Spirals/Media/data/cluster/endsim/BehaviorSearch/Step6_Trial""","true","0","1","0","0","true","false","""-2044037400""","0.2481788198929185","0.2481788198929185","0.2481788198929185","0","0.2481788198929185"
"1","176","292","1000","1","""HK""","0.05","false","""normal""","1","""constant""","0","""Scale-free""","1","0","1","""uniform""","""deterministic-normal""","0","0","1","""uniform""","0","0","false","""/home/ramaswamy.51/Documents/github/Spirals/Media/data/cluster/endsim/BehaviorSearch/Step6_Trial""","true","0","1","0","0","true","false","""109392071""","0.2542201210343384","0.2542201210343384","0.2542201210343384","0","0.2542201210343384"
"1","177","308","1000","1","""HK""","0.04","false","""normal""","1","""constant""","0","""Scale-free""","1","0","1","""uniform""","""deterministic-normal""","0","0","1","""uniform""","0","0","false","""/home/ramaswamy.51/Documents/github/Spirals/Media/data/cluster/endsim/BehaviorSearch/Step6_Trial""","true","0","1","0","0","true","false","""2046588009""","0.19703053005793644","0.19703053005793644","0.19703053005793644","0","0.19703053005793644"
"1","178","308","1000","1","""HK""","0.04","false","""normal""","1","""constant""","0","""Scale-free""","1","0","1","""uniform""","""deterministic-normal""","0","0","1","""uniform""","0","0","false","""/home/ramaswamy.51/Documents/github/Spirals/Media/data/cluster/endsim/BehaviorSearch/Step6_Trial""","true","0","1","0","0","true","false","""490104134""","0.1994224025537159","0.1994224025537159","0.1994224025537159","0","0.1994224025537159"
"1","179","308","1000","1","""HK""","0.04","false","""normal""","1","""constant""","0","""Scale-free""","1","0","1","""uniform""","""deterministic-normal""","0","0","1","""uniform""","0","0","false","""/home/ramaswamy.51/Documents/github/Spirals/Media/data/cluster/endsim/BehaviorSearch/Step6_Trial""","true","0","1","0","0","true","false","""1762227149""","0.20246489596758596","0.20246489596758596","0.20246489596758596","0","0.20246489596758596"
"1","180","308","1000","1","""HK""","0.04","false","""normal""","1","""constant""","0","""Scale-free""","1","0","1","""uniform""","""deterministic-normal""","0","0","1","""uniform""","0","0","false","""/home/ramaswamy.51/Documents/github/Spirals/Media/data/cluster/endsim/BehaviorSearch/Step6_Trial""","true","0","1","0","0","true","false","""1067195550""","0.1963188338659002","0.1963188338659002","0.1963188338659002","0","0.1963188338659002"
"1","181","312","1000","1","""HK""","0.09","false","""normal""","1","""constant""","0.1","""Scale-free""","4","0","1","""uniform""","""deterministic-normal""","0","0","1","""uniform""","0","0","false","""/home/ramaswamy.51/Documents/github/Spirals/Media/data/cluster/endsim/BehaviorSearch/Step6_Trial""","true","0","1","0","0","true","false","""270010738""","0.2680950058805954","0.2680950058805954","0.2680950058805954","0","0.2680950058805954"
"1","182","312","1000","1","""HK""","0.09","false","""normal""","1","""constant""","0.1","""Scale-free""","4","0","1","""uniform""","""deterministic-normal""","0","0","1","""uniform""","0","0","false","""/home/ramaswamy.51/Documents/github/Spirals/Media/data/cluster/endsim/BehaviorSearch/Step6_Trial""","true","0","1","0","0","true","false","""1259542311""","0.26454013402493104","0.26454013402493104","0.26454013402493104","0","0.26454013402493104"
"1","183","312","1000","1","""HK""","0.09","false","""normal""","1","""constant""","0.1","""Scale-free""","4","0","1","""uniform""","""deterministic-normal""","0","0","1","""uniform""","0","0","false","""/home/ramaswamy.51/Documents/github/Spirals/Media/data/cluster/endsim/BehaviorSearch/Step6_Trial""","true","0","1","0","0","true","false","""-1835838169""","0.25753053889499405","0.25753053889499405","0.25753053889499405","0","0.25753053889499405"
"1","184","312","1000","1","""HK""","0.09","false","""normal""","1","""constant""","0.1","""Scale-free""","4","0","1","""uniform""","""deterministic-normal""","0","0","1","""uniform""","0","0","false","""/home/ramaswamy.51/Documents/github/Spirals/Media/data/cluster/endsim/BehaviorSearch/Step6_Trial""","true","0","1","0","0","true","false","""-317707808""","0.25189546813612756","0.25189546813612756","0.25189546813612756","0","0.25189546813612756"
"1","185","320","1000","1","""HK""","0.01","false","""normal""","1","""constant""","0.1","""Scale-free""","5","0","1","""uniform""","""deterministic-normal""","0","0","1","""uniform""","0","0","false","""/home/ramaswamy.51/Documents/github/Spirals/Media/data/cluster/endsim/BehaviorSearch/Step6_Trial""","true","0","1","0","0","true","false","""-199921969""","0.11842453626323819","0.11842453626323819","0.11842453626323819","0","0.11842453626323819"
"1","186","320","1000","1","""HK""","0.01","false","""normal""","1","""constant""","0.1","""Scale-free""","5","0","1","""uniform""","""deterministic-normal""","0","0","1","""uniform""","0","0","false","""/home/ramaswamy.51/Documents/github/Spirals/Media/data/cluster/endsim/BehaviorSearch/Step6_Trial""","true","0","1","0","0","true","false","""-2123164786""","0.16517774443490324","0.16517774443490324","0.16517774443490324","0","0.16517774443490324"
"1","187","320","1000","1","""HK""","0.01","false","""normal""","1","""constant""","0.1","""Scale-free""","5","0","1","""uniform""","""deterministic-normal""","0","0","1","""uniform""","0","0","false","""/home/ramaswamy.51/Documents/github/Spirals/Media/data/cluster/endsim/BehaviorSearch/Step6_Trial""","true","0","1","0","0","true","false","""-1654301208""","0.17069287891977888","0.17069287891977888","0.17069287891977888","0","0.17069287891977888"
"1","188","320","1000","1","""HK""","0.01","false","""normal""","1","""constant""","0.1","""Scale-free""","5","0","1","""uniform""","""deterministic-normal""","0","0","1","""uniform""","0","0","false","""/home/ramaswamy.51/Documents/github/Spirals/Media/data/cluster/endsim/BehaviorSearch/Step6_Trial""","true","0","1","0","0","true","false","""-1739800926""","0.14638376590010813","0.14638376590010813","0.14638376590010813","0","0.14638376590010813"
"1","189","332","1000","1","""HK""","0.01","false","""normal""","1","""constant""","0.1","""Scale-free""","4","0","1","""uniform""","""deterministic-normal""","0","0","1","""uniform""","0","0","false","""/home/ramaswamy.51/Documents/github/Spirals/Media/data/cluster/endsim/BehaviorSearch/Step6_Trial""","true","0","1","0","0","true","false","""-1271483643""","0.1688978518866849","0.1688978518866849","0.1688978518866849","0","0.1688978518866849"
"1","190","332","1000","1","""HK""","0.01","false","""normal""","1","""constant""","0.1","""Scale-free""","4","0","1","""uniform""","""deterministic-normal""","0","0","1","""uniform""","0","0","false","""/home/ramaswamy.51/Documents/github/Spirals/Media/data/cluster/endsim/BehaviorSearch/Step6_Trial""","true","0","1","0","0","true","false","""-1336409382""","0.15027542848714365","0.15027542848714365","0.15027542848714365","0","0.15027542848714365"
"1","191","332","1000","1","""HK""","0.01","false","""normal""","1","""constant""","0.1","""Scale-free""","4","0","1","""uniform""","""deterministic-normal""","0","0","1","""uniform""","0","0","false","""/home/ramaswamy.51/Documents/github/Spirals/Media/data/cluster/endsim/BehaviorSearch/Step6_Trial""","true","0","1","0","0","true","false","""1489877687""","0.18351392524861218","0.18351392524861218","0.18351392524861218","0","0.18351392524861218"
"1","192","332","1000","1","""HK""","0.01","false","""normal""","1","""constant""","0.1","""Scale-free""","4","0","1","""uniform""","""deterministic-normal""","0","0","1","""uniform""","0","0","false","""/home/ramaswamy.51/Documents/github/Spirals/Media/data/cluster/endsim/BehaviorSearch/Step6_Trial""","true","0","1","0","0","true","false","""630813945""","0.1630396213269599","0.1630396213269599","0.1630396213269599","0","0.1630396213269599"
"1","193","352","1000","1","""HK""","0.01","false","""normal""","1","""constant""","0","""Scale-free""","1","0","1","""uniform""","""deterministic-normal""","0","0","1","""uniform""","0","0","false","""/home/ramaswamy.51/Documents/github/Spirals/Media/data/cluster/endsim/BehaviorSearch/Step6_Trial""","true","0","1","0","0","true","false","""1671366353""","0.20040363014552112","0.20040363014552112","0.20040363014552112","0","0.20040363014552112"
"1","194","352","1000","1","""HK""","0.01","false","""normal""","1","""constant""","0","""Scale-free""","1","0","1","""uniform""","""deterministic-normal""","0","0","1","""uniform""","0","0","false","""/home/ramaswamy.51/Documents/github/Spirals/Media/data/cluster/endsim/BehaviorSearch/Step6_Trial""","true","0","1","0","0","true","false","""-1818870856""","0.2000190010711608","0.2000190010711608","0.2000190010711608","0","0.2000190010711608"
"1","195","352","1000","1","""HK""","0.01","false","""normal""","1","""constant""","0","""Scale-free""","1","0","1","""uniform""","""deterministic-normal""","0","0","1","""uniform""","0","0","false","""/home/ramaswamy.51/Documents/github/Spirals/Media/data/cluster/endsim/BehaviorSearch/Step6_Trial""","true","0","1","0","0","true","false","""1665713030""","0.20054088315091503","0.20054088315091503","0.20054088315091503","0","0.20054088315091503"
"1","196","352","1000","1","""HK""","0.01","false","""normal""","1","""constant""","0","""Scale-free""","1","0","1","""uniform""","""deterministic-normal""","0","0","1","""uniform""","0","0","false","""/home/ramaswamy.51/Documents/github/Spirals/Media/data/cluster/endsim/BehaviorSearch/Step6_Trial""","true","0","1","0","0","true","false","""1584393322""","0.20001041835704406","0.20001041835704406","0.20001041835704406","0","0.20001041835704406"
"1","197","356","1000","1","""HK""","0.02","false","""normal""","1","""constant""","0","""Scale-free""","1","0","1","""uniform""","""deterministic-normal""","0","0","1","""uniform""","0","0","false","""/home/ramaswamy.51/Documents/github/Spirals/Media/data/cluster/endsim/BehaviorSearch/Step6_Trial""","true","0","1","0","0","true","false","""-756219921""","0.1879138049187865","0.1879138049187865","0.1879138049187865","0","0.1879138049187865"
"1","198","356","1000","1","""HK""","0.02","false","""normal""","1","""constant""","0","""Scale-free""","1","0","1","""uniform""","""deterministic-normal""","0","0","1","""uniform""","0","0","false","""/home/ramaswamy.51/Documents/github/Spirals/Media/data/cluster/endsim/BehaviorSearch/Step6_Trial""","true","0","1","0","0","true","false","""-283560928""","0.1871743002945048","0.1871743002945048","0.1871743002945048","0","0.1871743002945048"
"1","199","356","1000","1","""HK""","0.02","false","""normal""","1","""constant""","0","""Scale-free""","1","0","1","""uniform""","""deterministic-normal""","0","0","1","""uniform""","0","0","false","""/home/ramaswamy.51/Documents/github/Spirals/Media/data/cluster/endsim/BehaviorSearch/Step6_Trial""","true","0","1","0","0","true","false","""-1415881985""","0.18776900114982623","0.18776900114982623","0.18776900114982623","0","0.18776900114982623"
"1","200","356","1000","1","""HK""","0.02","false","""normal""","1","""constant""","0","""Scale-free""","1","0","1","""uniform""","""deterministic-normal""","0","0","1","""uniform""","0","0","false","""/home/ramaswamy.51/Documents/github/Spirals/Media/data/cluster/endsim/BehaviorSearch/Step6_Trial""","true","0","1","0","0","true","false","""-1948468792""","0.18757577841508663","0.18757577841508663","0.18757577841508663","0","0.18757577841508663"
"1","201","372","1000","1","""HK""","0.03","false","""normal""","1","""constant""","0","""Scale-free""","2","0","1","""uniform""","""deterministic-normal""","0","0","1","""uniform""","0","0","false","""/home/ramaswamy.51/Documents/github/Spirals/Media/data/cluster/endsim/BehaviorSearch/Step6_Trial""","true","0","1","0","0","true","false","""969734360""","0.1844341493606438","0.1844341493606438","0.1844341493606438","0","0.1844341493606438"
"1","202","372","1000","1","""HK""","0.03","false","""normal""","1","""constant""","0","""Scale-free""","2","0","1","""uniform""","""deterministic-normal""","0","0","1","""uniform""","0","0","false","""/home/ramaswamy.51/Documents/github/Spirals/Media/data/cluster/endsim/BehaviorSearch/Step6_Trial""","true","0","1","0","0","true","false","""1915111544""","0.18157178313229694","0.18157178313229694","0.18157178313229694","0","0.18157178313229694"
"1","203","372","1000","1","""HK""","0.03","false","""normal""","1","""constant""","0","""Scale-free""","2","0","1","""uniform""","""deterministic-normal""","0","0","1","""uniform""","0","0","false","""/home/ramaswamy.51/Documents/github/Spirals/Media/data/cluster/endsim/BehaviorSearch/Step6_Trial""","true","0","1","0","0","true","false","""684894074""","0.1844755463287766","0.1844755463287766","0.1844755463287766","0","0.1844755463287766"
"1","204","372","1000","1","""HK""","0.03","false","""normal""","1","""constant""","0","""Scale-free""","2","0","1","""uniform""","""deterministic-normal""","0","0","1","""uniform""","0","0","false","""/home/ramaswamy.51/Documents/github/Spirals/Media/data/cluster/endsim/BehaviorSearch/Step6_Trial""","true","0","1","0","0","true","false","""119832291""","0.18381409598266998","0.18381409598266998","0.18381409598266998","0","0.18381409598266998"
"1","205","376","1000","1","""HK""","0.03","false","""normal""","1","""constant""","0.1","""Scale-free""","1","0","1","""uniform""","""deterministic-normal""","0","0","1","""uniform""","0","0","false","""/home/ramaswamy.51/Documents/github/Spirals/Media/data/cluster/endsim/BehaviorSearch/Step6_Trial""","true","0","1","0","0","true","false","""595006290""","0.093435009021876","0.093435009021876","0.093435009021876","0","0.093435009021876"
"1","206","376","1000","1","""HK""","0.03","false","""normal""","1","""constant""","0.1","""Scale-free""","1","0","1","""uniform""","""deterministic-normal""","0","0","1","""uniform""","0","0","false","""/home/ramaswamy.51/Documents/github/Spirals/Media/data/cluster/endsim/BehaviorSearch/Step6_Trial""","true","0","1","0","0","true","false","""-1839848768""","0.09946579748568782","0.09946579748568782","0.09946579748568782","0","0.09946579748568782"
"1","207","376","1000","1","""HK""","0.03","false","""normal""","1","""constant""","0.1","""Scale-free""","1","0","1","""uniform""","""deterministic-normal""","0","0","1","""uniform""","0","0","false","""/home/ramaswamy.51/Documents/github/Spirals/Media/data/cluster/endsim/BehaviorSearch/Step6_Trial""","true","0","1","0","0","true","false","""1373754396""","0.10488038328188548","0.10488038328188548","0.10488038328188548","0","0.10488038328188548"
"1","208","376","1000","1","""HK""","0.03","false","""normal""","1","""constant""","0.1","""Scale-free""","1","0","1","""uniform""","""deterministic-normal""","0","0","1","""uniform""","0","0","false","""/home/ramaswamy.51/Documents/github/Spirals/Media/data/cluster/endsim/BehaviorSearch/Step6_Trial""","true","0","1","0","0","true","false","""-1480391688""","0.078196971711572","0.078196971711572","0.078196971711572","0","0.078196971711572"
"1","209","380","1000","1","""HK""","0.04","false","""normal""","1","""constant""","0.1","""Scale-free""","5","0","1","""uniform""","""deterministic-normal""","0","0","1","""uniform""","0","0","false","""/home/ramaswamy.51/Documents/github/Spirals/Media/data/cluster/endsim/BehaviorSearch/Step6_Trial""","true","0","1","0","0","true","false","""1695812639""","0.1986271723664767","0.1986271723664767","0.1986271723664767","0","0.1986271723664767"
"1","210","380","1000","1","""HK""","0.04","false","""normal""","1","""constant""","0.1","""Scale-free""","5","0","1","""uniform""","""deterministic-normal""","0","0","1","""uniform""","0","0","false","""/home/ramaswamy.51/Documents/github/Spirals/Media/data/cluster/endsim/BehaviorSearch/Step6_Trial""","true","0","1","0","0","true","false","""177589224""","0.18991470525166915","0.18991470525166915","0.18991470525166915","0","0.18991470525166915"
"1","211","380","1000","1","""HK""","0.04","false","""normal""","1","""constant""","0.1","""Scale-free""","5","0","1","""uniform""","""deterministic-normal""","0","0","1","""uniform""","0","0","false","""/home/ramaswamy.51/Documents/github/Spirals/Media/data/cluster/endsim/BehaviorSearch/Step6_Trial""","true","0","1","0","0","true","false","""-579564527""","0.24332941927646137","0.24332941927646137","0.24332941927646137","0","0.24332941927646137"
"1","212","380","1000","1","""HK""","0.04","false","""normal""","1","""constant""","0.1","""Scale-free""","5","0","1","""uniform""","""deterministic-normal""","0","0","1","""uniform""","0","0","false","""/home/ramaswamy.51/Documents/github/Spirals/Media/data/cluster/endsim/BehaviorSearch/Step6_Trial""","true","0","1","0","0","true","false","""-861169429""","0.2084338482493067","0.2084338482493067","0.2084338482493067","0","0.2084338482493067"
"1","213","388","1000","1","""HK""","0.03","false","""normal""","1","""constant""","0.1","""Scale-free""","4","0","1","""uniform""","""deterministic-normal""","0","0","1","""uniform""","0","0","false","""/home/ramaswamy.51/Documents/github/Spirals/Media/data/cluster/endsim/BehaviorSearch/Step6_Trial""","true","0","1","0","0","true","false","""1859953450""","0.18811551344161428","0.18811551344161428","0.18811551344161428","0","0.18811551344161428"
"1","214","388","1000","1","""HK""","0.03","false","""normal""","1","""constant""","0.1","""Scale-free""","4","0","1","""uniform""","""deterministic-normal""","0","0","1","""uniform""","0","0","false","""/home/ramaswamy.51/Documents/github/Spirals/Media/data/cluster/endsim/BehaviorSearch/Step6_Trial""","true","0","1","0","0","true","false","""-916662329""","0.1555135466280232","0.1555135466280232","0.1555135466280232","0","0.1555135466280232"
"1","215","388","1000","1","""HK""","0.03","false","""normal""","1","""constant""","0.1","""Scale-free""","4","0","1","""uniform""","""deterministic-normal""","0","0","1","""uniform""","0","0","false","""/home/ramaswamy.51/Documents/github/Spirals/Media/data/cluster/endsim/BehaviorSearch/Step6_Trial""","true","0","1","0","0","true","false","""1559959882""","0.18548943249762392","0.18548943249762392","0.18548943249762392","0","0.18548943249762392"
"1","216","388","1000","1","""HK""","0.03","false","""normal""","1","""constant""","0.1","""Scale-free""","4","0","1","""uniform""","""deterministic-normal""","0","0","1","""uniform""","0","0","false","""/home/ramaswamy.51/Documents/github/Spirals/Media/data/cluster/endsim/BehaviorSearch/Step6_Trial""","true","0","1","0","0","true","false","""1455058232""","0.15464733741455375","0.15464733741455375","0.15464733741455375","0","0.15464733741455375"
"1","217","416","1000","1","""HK""","0.03","false","""normal""","1","""constant""","0.2","""Scale-free""","1","0","1","""uniform""","""deterministic-normal""","0","0","1","""uniform""","0","0","false","""/home/ramaswamy.51/Documents/github/Spirals/Media/data/cluster/endsim/BehaviorSearch/Step6_Trial""","true","0","1","0","0","true","false","""301622665""","0.22144575186868382","0.22144575186868382","0.22144575186868382","0","0.22144575186868382"
"1","218","416","1000","1","""HK""","0.03","false","""normal""","1","""constant""","0.2","""Scale-free""","1","0","1","""uniform""","""deterministic-normal""","0","0","1","""uniform""","0","0","false","""/home/ramaswamy.51/Documents/github/Spirals/Media/data/cluster/endsim/BehaviorSearch/Step6_Trial""","true","0","1","0","0","true","false","""-1926508754""","0.24452401958362033","0.24452401958362033","0.24452401958362033","0","0.24452401958362033"
"1","219","416","1000","1","""HK""","0.03","false","""normal""","1","""constant""","0.2","""Scale-free""","1","0","1","""uniform""","""deterministic-normal""","0","0","1","""uniform""","0","0","false","""/home/ramaswamy.51/Documents/github/Spirals/Media/data/cluster/endsim/BehaviorSearch/Step6_Trial""","true","0","1","0","0","true","false","""-2010224106""","0.21618390179638952","0.21618390179638952","0.21618390179638952","0","0.21618390179638952"
"1","220","416","1000","1","""HK""","0.03","false","""normal""","1","""constant""","0.2","""Scale-free""","1","0","1","""uniform""","""deterministic-normal""","0","0","1","""uniform""","0","0","false","""/home/ramaswamy.51/Documents/github/Spirals/Media/data/cluster/endsim/BehaviorSearch/Step6_Trial""","true","0","1","0","0","true","false","""-299404332""","0.19511975354316632","0.19511975354316632","0.19511975354316632","0","0.19511975354316632"
"1","221","428","1000","1","""HK""","0.02","false","""normal""","1","""constant""","0.1","""Scale-free""","5","0","1","""uniform""","""deterministic-normal""","0","0","1","""uniform""","0","0","false","""/home/ramaswamy.51/Documents/github/Spirals/Media/data/cluster/endsim/BehaviorSearch/Step6_Trial""","true","0","1","0","0","true","false","""-101406730""","0.19950044783285373","0.19950044783285373","0.19950044783285373","0","0.19950044783285373"
"1","222","428","1000","1","""HK""","0.02","false","""normal""","1","""constant""","0.1","""Scale-free""","5","0","1","""uniform""","""deterministic-normal""","0","0","1","""uniform""","0","0","false","""/home/ramaswamy.51/Documents/github/Spirals/Media/data/cluster/endsim/BehaviorSearch/Step6_Trial""","true","0","1","0","0","true","false","""468659579""","0.18225584787862079","0.18225584787862079","0.18225584787862079","0","0.18225584787862079"
"1","223","428","1000","1","""HK""","0.02","false","""normal""","1","""constant""","0.1","""Scale-free""","5","0","1","""uniform""","""deterministic-normal""","0","0","1","""uniform""","0","0","false","""/home/ramaswamy.51/Documents/github/Spirals/Media/data/cluster/endsim/BehaviorSearch/Step6_Trial""","true","0","1","0","0","true","false","""-1680309476""","0.2112672432064899","0.2112672432064899","0.2112672432064899","0","0.2112672432064899"
"1","224","428","1000","1","""HK""","0.02","false","""normal""","1","""constant""","0.1","""Scale-free""","5","0","1","""uniform""","""deterministic-normal""","0","0","1","""uniform""","0","0","false","""/home/ramaswamy.51/Documents/github/Spirals/Media/data/cluster/endsim/BehaviorSearch/Step6_Trial""","true","0","1","0","0","true","false","""-1773043410""","0.21208377743614562","0.21208377743614562","0.21208377743614562","0","0.21208377743614562"
"1","225","468","1000","1","""HK""","0.01","false","""normal""","1","""constant""","0.1","""Scale-free""","3","0","1","""uniform""","""deterministic-normal""","0","0","1","""uniform""","0","0","false","""/home/ramaswamy.51/Documents/github/Spirals/Media/data/cluster/endsim/BehaviorSearch/Step6_Trial""","true","0","1","0","0","true","false","""1106384711""","0.15955060241901403","0.15955060241901403","0.15955060241901403","0","0.15955060241901403"
"1","226","468","1000","1","""HK""","0.01","false","""normal""","1","""constant""","0.1","""Scale-free""","3","0","1","""uniform""","""deterministic-normal""","0","0","1","""uniform""","0","0","false","""/home/ramaswamy.51/Documents/github/Spirals/Media/data/cluster/endsim/BehaviorSearch/Step6_Trial""","true","0","1","0","0","true","false","""-2145173212""","0.09779176239492951","0.09779176239492951","0.09779176239492951","0","0.09779176239492951"
"1","227","468","1000","1","""HK""","0.01","false","""normal""","1","""constant""","0.1","""Scale-free""","3","0","1","""uniform""","""deterministic-normal""","0","0","1","""uniform""","0","0","false","""/home/ramaswamy.51/Documents/github/Spirals/Media/data/cluster/endsim/BehaviorSearch/Step6_Trial""","true","0","1","0","0","true","false","""1201589443""","0.1426412022018222","0.1426412022018222","0.1426412022018222","0","0.1426412022018222"
"1","228","468","1000","1","""HK""","0.01","false","""normal""","1","""constant""","0.1","""Scale-free""","3","0","1","""uniform""","""deterministic-normal""","0","0","1","""uniform""","0","0","false","""/home/ramaswamy.51/Documents/github/Spirals/Media/data/cluster/endsim/BehaviorSearch/Step6_Trial""","true","0","1","0","0","true","false","""1963509765""","0.14400741692987562","0.14400741692987562","0.14400741692987562","0","0.14400741692987562"
"1","229","524","1000","1","""HK""","0.01","false","""normal""","1","""constant""","0","""Scale-free""","4","0","1","""uniform""","""deterministic-normal""","0","0","1","""uniform""","0","0","false","""/home/ramaswamy.51/Documents/github/Spirals/Media/data/cluster/endsim/BehaviorSearch/Step6_Trial""","true","0","1","0","0","true","false","""-427251579""","0.20069991249262834","0.20069991249262834","0.20069991249262834","0","0.20069991249262834"
"1","230","524","1000","1","""HK""","0.01","false","""normal""","1","""constant""","0","""Scale-free""","4","0","1","""uniform""","""deterministic-normal""","0","0","1","""uniform""","0","0","false","""/home/ramaswamy.51/Documents/github/Spirals/Media/data/cluster/endsim/BehaviorSearch/Step6_Trial""","true","0","1","0","0","true","false","""-2068823846""","0.19986916360315476","0.19986916360315476","0.19986916360315476","0","0.19986916360315476"
"1","231","524","1000","1","""HK""","0.01","false","""normal""","1","""constant""","0","""Scale-free""","4","0","1","""uniform""","""deterministic-normal""","0","0","1","""uniform""","0","0","false","""/home/ramaswamy.51/Documents/github/Spirals/Media/data/cluster/endsim/BehaviorSearch/Step6_Trial""","true","0","1","0","0","true","false","""1257452944""","0.20150027727932454","0.20150027727932454","0.20150027727932454","0","0.20150027727932454"
"1","232","524","1000","1","""HK""","0.01","false","""normal""","1","""constant""","0","""Scale-free""","4","0","1","""uniform""","""deterministic-normal""","0","0","1","""uniform""","0","0","false","""/home/ramaswamy.51/Documents/github/Spirals/Media/data/cluster/endsim/BehaviorSearch/Step6_Trial""","true","0","1","0","0","true","false","""-1267184930""","0.20052354962738722","0.20052354962738722","0.20052354962738722","0","0.20052354962738722"
"1","233","532","1000","1","""HK""","0.01","false","""normal""","1","""constant""","0.1","""Scale-free""","1","0","1","""uniform""","""deterministic-normal""","0","0","1","""uniform""","0","0","false","""/home/ramaswamy.51/Documents/github/Spirals/Media/data/cluster/endsim/BehaviorSearch/Step6_Trial""","true","0","1","0","0","true","false","""1556249171""","0.0694823540915307","0.0694823540915307","0.0694823540915307","0","0.0694823540915307"
"1","234","532","1000","1","""HK""","0.01","false","""normal""","1","""constant""","0.1","""Scale-free""","1","0","1","""uniform""","""deterministic-normal""","0","0","1","""uniform""","0","0","false","""/home/ramaswamy.51/Documents/github/Spirals/Media/data/cluster/endsim/BehaviorSearch/Step6_Trial""","true","0","1","0","0","true","false","""1617474929""","0.08669852140470757","0.08669852140470757","0.08669852140470757","0","0.08669852140470757"
"1","235","532","1000","1","""HK""","0.01","false","""normal""","1","""constant""","0.1","""Scale-free""","1","0","1","""uniform""","""deterministic-normal""","0","0","1","""uniform""","0","0","false","""/home/ramaswamy.51/Documents/github/Spirals/Media/data/cluster/endsim/BehaviorSearch/Step6_Trial""","true","0","1","0","0","true","false","""1379088737""","0.06636764662690833","0.06636764662690833","0.06636764662690833","0","0.06636764662690833"
"1","236","532","1000","1","""HK""","0.01","false","""normal""","1","""constant""","0.1","""Scale-free""","1","0","1","""uniform""","""deterministic-normal""","0","0","1","""uniform""","0","0","false","""/home/ramaswamy.51/Documents/github/Spirals/Media/data/cluster/endsim/BehaviorSearch/Step6_Trial""","true","0","1","0","0","true","false","""208166583""","0.09205557825093937","0.09205557825093937","0.09205557825093937","0","0.09205557825093937"
"1","237","536","1000","1","""HK""","0.03","false","""normal""","1","""constant""","0","""Scale-free""","5","0","1","""uniform""","""deterministic-normal""","0","0","1","""uniform""","0","0","false","""/home/ramaswamy.51/Documents/github/Spirals/Media/data/cluster/endsim/BehaviorSearch/Step6_Trial""","true","0","1","0","0","true","false","""-706223057""","0.18242486759446386","0.18242486759446386","0.18242486759446386","0","0.18242486759446386"
"1","238","536","1000","1","""HK""","0.03","false","""normal""","1","""constant""","0","""Scale-free""","5","0","1","""uniform""","""deterministic-normal""","0","0","1","""uniform""","0","0","false","""/home/ramaswamy.51/Documents/github/Spirals/Media/data/cluster/endsim/BehaviorSearch/Step6_Trial""","true","0","1","0","0","true","false","""969189881""","0.19445095953121794","0.19445095953121794","0.19445095953121794","0","0.19445095953121794"
"1","239","536","1000","1","""HK""","0.03","false","""normal""","1","""constant""","0","""Scale-free""","5","0","1","""uniform""","""deterministic-normal""","0","0","1","""uniform""","0","0","false","""/home/ramaswamy.51/Documents/github/Spirals/Media/data/cluster/endsim/BehaviorSearch/Step6_Trial""","true","0","1","0","0","true","false","""-463890137""","0.17020000259947712","0.17020000259947712","0.17020000259947712","0","0.17020000259947712"
"1","240","536","1000","1","""HK""","0.03","false","""normal""","1","""constant""","0","""Scale-free""","5","0","1","""uniform""","""deterministic-normal""","0","0","1","""uniform""","0","0","false","""/home/ramaswamy.51/Documents/github/Spirals/Media/data/cluster/endsim/BehaviorSearch/Step6_Trial""","true","0","1","0","0","true","false","""791480622""","0.17925784465388372","0.17925784465388372","0.17925784465388372","0","0.17925784465388372"
"1","241","568","1000","1","""HK""","0.06999999999999999","false","""normal""","1","""constant""","0.1","""Scale-free""","1","0","1","""uniform""","""deterministic-normal""","0","0","1","""uniform""","0","0","false","""/home/ramaswamy.51/Documents/github/Spirals/Media/data/cluster/endsim/BehaviorSearch/Step6_Trial""","true","0","1","0","0","true","false","""-1395705368""","0.13513934762756505","0.13513934762756505","0.13513934762756505","0","0.13513934762756505"
"1","242","568","1000","1","""HK""","0.06999999999999999","false","""normal""","1","""constant""","0.1","""Scale-free""","1","0","1","""uniform""","""deterministic-normal""","0","0","1","""uniform""","0","0","false","""/home/ramaswamy.51/Documents/github/Spirals/Media/data/cluster/endsim/BehaviorSearch/Step6_Trial""","true","0","1","0","0","true","false","""-516615434""","0.1210360327404403","0.1210360327404403","0.1210360327404403","0","0.1210360327404403"
"1","243","568","1000","1","""HK""","0.06999999999999999","false","""normal""","1","""constant""","0.1","""Scale-free""","1","0","1","""uniform""","""deterministic-normal""","0","0","1","""uniform""","0","0","false","""/home/ramaswamy.51/Documents/github/Spirals/Media/data/cluster/endsim/BehaviorSearch/Step6_Trial""","true","0","1","0","0","true","false","""-1652875610""","0.11042116588276583","0.11042116588276583","0.11042116588276583","0","0.11042116588276583"
"1","244","568","1000","1","""HK""","0.06999999999999999","false","""normal""","1","""constant""","0.1","""Scale-free""","1","0","1","""uniform""","""deterministic-normal""","0","0","1","""uniform""","0","0","false","""/home/ramaswamy.51/Documents/github/Spirals/Media/data/cluster/endsim/BehaviorSearch/Step6_Trial""","true","0","1","0","0","true","false","""1434494599""","0.12813475293422946","0.12813475293422946","0.12813475293422946","0","0.12813475293422946"
"1","245","572","1000","1","""HK""","0.03","false","""normal""","1","""constant""","0.1","""Scale-free""","5","0","1","""uniform""","""deterministic-normal""","0","0","1","""uniform""","0","0","false","""/home/ramaswamy.51/Documents/github/Spirals/Media/data/cluster/endsim/BehaviorSearch/Step6_Trial""","true","0","1","0","0","true","false","""474377833""","0.1748639574777561","0.1748639574777561","0.1748639574777561","0","0.1748639574777561"
"1","246","572","1000","1","""HK""","0.03","false","""normal""","1","""constant""","0.1","""Scale-free""","5","0","1","""uniform""","""deterministic-normal""","0","0","1","""uniform""","0","0","false","""/home/ramaswamy.51/Documents/github/Spirals/Media/data/cluster/endsim/BehaviorSearch/Step6_Trial""","true","0","1","0","0","true","false","""-1277924248""","0.2460783957887097","0.2460783957887097","0.2460783957887097","0","0.2460783957887097"
"1","247","572","1000","1","""HK""","0.03","false","""normal""","1","""constant""","0.1","""Scale-free""","5","0","1","""uniform""","""deterministic-normal""","0","0","1","""uniform""","0","0","false","""/home/ramaswamy.51/Documents/github/Spirals/Media/data/cluster/endsim/BehaviorSearch/Step6_Trial""","true","0","1","0","0","true","false","""1456040623""","0.18507926500093916","0.18507926500093916","0.18507926500093916","0","0.18507926500093916"
"1","248","572","1000","1","""HK""","0.03","false","""normal""","1","""constant""","0.1","""Scale-free""","5","0","1","""uniform""","""deterministic-normal""","0","0","1","""uniform""","0","0","false","""/home/ramaswamy.51/Documents/github/Spirals/Media/data/cluster/endsim/BehaviorSearch/Step6_Trial""","true","0","1","0","0","true","false","""-787257266""","0.2167170192820386","0.2167170192820386","0.2167170192820386","0","0.2167170192820386"
"1","249","600","1000","1","""HK""","0.03","false","""normal""","1","""constant""","0.1","""Scale-free""","2","0","1","""uniform""","""deterministic-normal""","0","0","1","""uniform""","0","0","false","""/home/ramaswamy.51/Documents/github/Spirals/Media/data/cluster/endsim/BehaviorSearch/Step6_Trial""","true","0","1","0","0","true","false","""1682595343""","0.1494622872628045","0.1494622872628045","0.1494622872628045","0","0.1494622872628045"
"1","250","600","1000","1","""HK""","0.03","false","""normal""","1","""constant""","0.1","""Scale-free""","2","0","1","""uniform""","""deterministic-normal""","0","0","1","""uniform""","0","0","false","""/home/ramaswamy.51/Documents/github/Spirals/Media/data/cluster/endsim/BehaviorSearch/Step6_Trial""","true","0","1","0","0","true","false","""1845317436""","0.10346418273884361","0.10346418273884361","0.10346418273884361","0","0.10346418273884361"
"1","251","600","1000","1","""HK""","0.03","false","""normal""","1","""constant""","0.1","""Scale-free""","2","0","1","""uniform""","""deterministic-normal""","0","0","1","""uniform""","0","0","false","""/home/ramaswamy.51/Documents/github/Spirals/Media/data/cluster/endsim/BehaviorSearch/Step6_Trial""","true","0","1","0","0","true","false","""1441227148""","0.08507924137554984","0.08507924137554984","0.08507924137554984","0","0.08507924137554984"
"1","252","600","1000","1","""HK""","0.03","false","""normal""","1","""constant""","0.1","""Scale-free""","2","0","1","""uniform""","""deterministic-normal""","0","0","1","""uniform""","0","0","false","""/home/ramaswamy.51/Documents/github/Spirals/Media/data/cluster/endsim/BehaviorSearch/Step6_Trial""","true","0","1","0","0","true","false","""503554364""","0.12164026648471518","0.12164026648471518","0.12164026648471518","0","0.12164026648471518"
"1","253","604","1000","1","""HK""","0.060000000000000005","false","""normal""","1","""constant""","0.1","""Scale-free""","1","0","1","""uniform""","""deterministic-normal""","0","0","1","""uniform""","0","0","false","""/home/ramaswamy.51/Documents/github/Spirals/Media/data/cluster/endsim/BehaviorSearch/Step6_Trial""","true","0","1","0","0","true","false","""893949374""","0.1171775347329618","0.1171775347329618","0.1171775347329618","0","0.1171775347329618"
"1","254","604","1000","1","""HK""","0.060000000000000005","false","""normal""","1","""constant""","0.1","""Scale-free""","1","0","1","""uniform""","""deterministic-normal""","0","0","1","""uniform""","0","0","false","""/home/ramaswamy.51/Documents/github/Spirals/Media/data/cluster/endsim/BehaviorSearch/Step6_Trial""","true","0","1","0","0","true","false","""-1902957831""","0.1077226895097648","0.1077226895097648","0.1077226895097648","0","0.1077226895097648"
"1","255","604","1000","1","""HK""","0.060000000000000005","false","""normal""","1","""constant""","0.1","""Scale-free""","1","0","1","""uniform""","""deterministic-normal""","0","0","1","""uniform""","0","0","false","""/home/ramaswamy.51/Documents/github/Spirals/Media/data/cluster/endsim/BehaviorSearch/Step6_Trial""","true","0","1","0","0","true","false","""2041497544""","0.11254328788472799","0.11254328788472799","0.11254328788472799","0","0.11254328788472799"
"1","256","604","1000","1","""HK""","0.060000000000000005","false","""normal""","1","""constant""","0.1","""Scale-free""","1","0","1","""uniform""","""deterministic-normal""","0","0","1","""uniform""","0","0","false","""/home/ramaswamy.51/Documents/github/Spirals/Media/data/cluster/endsim/BehaviorSearch/Step6_Trial""","true","0","1","0","0","true","false","""-629410504""","0.10510282806624231","0.10510282806624231","0.10510282806624231","0","0.10510282806624231"
"1","257","620","1000","1","""HK""","0.01","false","""normal""","1","""constant""","0.2","""Scale-free""","1","0","1","""uniform""","""deterministic-normal""","0","0","1","""uniform""","0","0","false","""/home/ramaswamy.51/Documents/github/Spirals/Media/data/cluster/endsim/BehaviorSearch/Step6_Trial""","true","0","1","0","0","true","false","""1909882968""","0.18684075547319226","0.18684075547319226","0.18684075547319226","0","0.18684075547319226"
"1","258","620","1000","1","""HK""","0.01","false","""normal""","1","""constant""","0.2","""Scale-free""","1","0","1","""uniform""","""deterministic-normal""","0","0","1","""uniform""","0","0","false","""/home/ramaswamy.51/Documents/github/Spirals/Media/data/cluster/endsim/BehaviorSearch/Step6_Trial""","true","0","1","0","0","true","false","""547303023""","0.20905158099530474","0.20905158099530474","0.20905158099530474","0","0.20905158099530474"
"1","259","620","1000","1","""HK""","0.01","false","""normal""","1","""constant""","0.2","""Scale-free""","1","0","1","""uniform""","""deterministic-normal""","0","0","1","""uniform""","0","0","false","""/home/ramaswamy.51/Documents/github/Spirals/Media/data/cluster/endsim/BehaviorSearch/Step6_Trial""","true","0","1","0","0","true","false","""960943454""","0.1743928416816332","0.1743928416816332","0.1743928416816332","0","0.1743928416816332"
"1","260","620","1000","1","""HK""","0.01","false","""normal""","1","""constant""","0.2","""Scale-free""","1","0","1","""uniform""","""deterministic-normal""","0","0","1","""uniform""","0","0","false","""/home/ramaswamy.51/Documents/github/Spirals/Media/data/cluster/endsim/BehaviorSearch/Step6_Trial""","true","0","1","0","0","true","false","""-1842444284""","0.20866211394304682","0.20866211394304682","0.20866211394304682","0","0.20866211394304682"
"1","261","632","1000","1","""HK""","0.04","false","""normal""","1","""constant""","0.1","""Scale-free""","1","0","1","""uniform""","""deterministic-normal""","0","0","1","""uniform""","0","0","false","""/home/ramaswamy.51/Documents/github/Spirals/Media/data/cluster/endsim/BehaviorSearch/Step6_Trial""","true","0","1","0","0","true","false","""-1057520959""","0.10353218102155981","0.10353218102155981","0.10353218102155981","0","0.10353218102155981"
"1","262","632","1000","1","""HK""","0.04","false","""normal""","1","""constant""","0.1","""Scale-free""","1","0","1","""uniform""","""deterministic-normal""","0","0","1","""uniform""","0","0","false","""/home/ramaswamy.51/Documents/github/Spirals/Media/data/cluster/endsim/BehaviorSearch/Step6_Trial""","true","0","1","0","0","true","false","""-1125057728""","0.09642776358412529","0.09642776358412529","0.09642776358412529","0","0.09642776358412529"
"1","263","632","1000","1","""HK""","0.04","false","""normal""","1","""constant""","0.1","""Scale-free""","1","0","1","""uniform""","""deterministic-normal""","0","0","1","""uniform""","0","0","false","""/home/ramaswamy.51/Documents/github/Spirals/Media/data/cluster/endsim/BehaviorSearch/Step6_Trial""","true","0","1","0","0","true","false","""-1192379081""","0.09746310867897079","0.09746310867897079","0.09746310867897079","0","0.09746310867897079"
"1","264","632","1000","1","""HK""","0.04","false","""normal""","1","""constant""","0.1","""Scale-free""","1","0","1","""uniform""","""deterministic-normal""","0","0","1","""uniform""","0","0","false","""/home/ramaswamy.51/Documents/github/Spirals/Media/data/cluster/endsim/BehaviorSearch/Step6_Trial""","true","0","1","0","0","true","false","""-534540620""","0.07089406556165004","0.07089406556165004","0.07089406556165004","0","0.07089406556165004"
"1","265","636","1000","1","""HK""","0.05","false","""normal""","1","""constant""","0.1","""Scale-free""","1","0","1","""uniform""","""deterministic-normal""","0","0","1","""uniform""","0","0","false","""/home/ramaswamy.51/Documents/github/Spirals/Media/data/cluster/endsim/BehaviorSearch/Step6_Trial""","true","0","1","0","0","true","false","""89822521""","0.10452336205312568","0.10452336205312568","0.10452336205312568","0","0.10452336205312568"
"1","266","636","1000","1","""HK""","0.05","false","""normal""","1","""constant""","0.1","""Scale-free""","1","0","1","""uniform""","""deterministic-normal""","0","0","1","""uniform""","0","0","false","""/home/ramaswamy.51/Documents/github/Spirals/Media/data/cluster/endsim/BehaviorSearch/Step6_Trial""","true","0","1","0","0","true","false","""1802826408""","0.08769437218751755","0.08769437218751755","0.08769437218751755","0","0.08769437218751755"
"1","267","636","1000","1","""HK""","0.05","false","""normal""","1","""constant""","0.1","""Scale-free""","1","0","1","""uniform""","""deterministic-normal""","0","0","1","""uniform""","0","0","false","""/home/ramaswamy.51/Documents/github/Spirals/Media/data/cluster/endsim/BehaviorSearch/Step6_Trial""","true","0","1","0","0","true","false","""-2065634335""","0.1061295367804643","0.1061295367804643","0.1061295367804643","0","0.1061295367804643"
"1","268","636","1000","1","""HK""","0.05","false","""normal""","1","""constant""","0.1","""Scale-free""","1","0","1","""uniform""","""deterministic-normal""","0","0","1","""uniform""","0","0","false","""/home/ramaswamy.51/Documents/github/Spirals/Media/data/cluster/endsim/BehaviorSearch/Step6_Trial""","true","0","1","0","0","true","false","""-81252701""","0.0972908952787015","0.0972908952787015","0.0972908952787015","0","0.0972908952787015"
"1","269","664","1000","1","""HK""","0.01","false","""normal""","1","""constant""","0.1","""Scale-free""","2","0","1","""uniform""","""deterministic-normal""","0","0","1","""uniform""","0","0","false","""/home/ramaswamy.51/Documents/github/Spirals/Media/data/cluster/endsim/BehaviorSearch/Step6_Trial""","true","0","1","0","0","true","false","""976029277""","0.13483787260617733","0.13483787260617733","0.13483787260617733","0","0.13483787260617733"
"1","270","664","1000","1","""HK""","0.01","false","""normal""","1","""constant""","0.1","""Scale-free""","2","0","1","""uniform""","""deterministic-normal""","0","0","1","""uniform""","0","0","false","""/home/ramaswamy.51/Documents/github/Spirals/Media/data/cluster/endsim/BehaviorSearch/Step6_Trial""","true","0","1","0","0","true","false","""1949220265""","0.09350024953100144","0.09350024953100144","0.09350024953100144","0","0.09350024953100144"
"1","271","664","1000","1","""HK""","0.01","false","""normal""","1","""constant""","0.1","""Scale-free""","2","0","1","""uniform""","""deterministic-normal""","0","0","1","""uniform""","0","0","false","""/home/ramaswamy.51/Documents/github/Spirals/Media/data/cluster/endsim/BehaviorSearch/Step6_Trial""","true","0","1","0","0","true","false","""874347549""","0.09541133722675274","0.09541133722675274","0.09541133722675274","0","0.09541133722675274"
"1","272","664","1000","1","""HK""","0.01","false","""normal""","1","""constant""","0.1","""Scale-free""","2","0","1","""uniform""","""deterministic-normal""","0","0","1","""uniform""","0","0","false","""/home/ramaswamy.51/Documents/github/Spirals/Media/data/cluster/endsim/BehaviorSearch/Step6_Trial""","true","0","1","0","0","true","false","""-1700538967""","0.08450729075361134","0.08450729075361134","0.08450729075361134","0","0.08450729075361134"
"1","273","704","1000","1","""HK""","0.02","false","""normal""","1","""constant""","0.1","""Scale-free""","1","0","1","""uniform""","""deterministic-normal""","0","0","1","""uniform""","0","0","false","""/home/ramaswamy.51/Documents/github/Spirals/Media/data/cluster/endsim/BehaviorSearch/Step6_Trial""","true","0","1","0","0","true","false","""2133773968""","0.0924929254839603","0.0924929254839603","0.0924929254839603","0","0.0924929254839603"
"1","274","704","1000","1","""HK""","0.02","false","""normal""","1","""constant""","0.1","""Scale-free""","1","0","1","""uniform""","""deterministic-normal""","0","0","1","""uniform""","0","0","false","""/home/ramaswamy.51/Documents/github/Spirals/Media/data/cluster/endsim/BehaviorSearch/Step6_Trial""","true","0","1","0","0","true","false","""-1839388035""","0.08111613618036259","0.08111613618036259","0.08111613618036259","0","0.08111613618036259"
"1","275","704","1000","1","""HK""","0.02","false","""normal""","1","""constant""","0.1","""Scale-free""","1","0","1","""uniform""","""deterministic-normal""","0","0","1","""uniform""","0","0","false","""/home/ramaswamy.51/Documents/github/Spirals/Media/data/cluster/endsim/BehaviorSearch/Step6_Trial""","true","0","1","0","0","true","false","""-218499950""","0.1055381970683672","0.1055381970683672","0.1055381970683672","0","0.1055381970683672"
"1","276","704","1000","1","""HK""","0.02","false","""normal""","1","""constant""","0.1","""Scale-free""","1","0","1","""uniform""","""deterministic-normal""","0","0","1","""uniform""","0","0","false","""/home/ramaswamy.51/Documents/github/Spirals/Media/data/cluster/endsim/BehaviorSearch/Step6_Trial""","true","0","1","0","0","true","false","""-575508863""","0.08358827693056821","0.08358827693056821","0.08358827693056821","0","0.08358827693056821"
"1","277","968","1000","1","""HK""","0.02","false","""normal""","1","""constant""","0.2","""Scale-free""","1","0","1","""uniform""","""deterministic-normal""","0","0","1","""uniform""","0","0","false","""/home/ramaswamy.51/Documents/github/Spirals/Media/data/cluster/endsim/BehaviorSearch/Step6_Trial""","true","0","1","0","0","true","false","""-426023538""","0.19271339919568628","0.19271339919568628","0.19271339919568628","0","0.19271339919568628"
"1","278","968","1000","1","""HK""","0.02","false","""normal""","1","""constant""","0.2","""Scale-free""","1","0","1","""uniform""","""deterministic-normal""","0","0","1","""uniform""","0","0","false","""/home/ramaswamy.51/Documents/github/Spirals/Media/data/cluster/endsim/BehaviorSearch/Step6_Trial""","true","0","1","0","0","true","false","""-1026972741""","0.2058558584314462","0.2058558584314462","0.2058558584314462","0","0.2058558584314462"
"1","279","968","1000","1","""HK""","0.02","false","""normal""","1","""constant""","0.2","""Scale-free""","1","0","1","""uniform""","""deterministic-normal""","0","0","1","""uniform""","0","0","false","""/home/ramaswamy.51/Documents/github/Spirals/Media/data/cluster/endsim/BehaviorSearch/Step6_Trial""","true","0","1","0","0","true","false","""-1626841961""","0.2011158420919437","0.2011158420919437","0.2011158420919437","0","0.2011158420919437"
"1","280","968","1000","1","""HK""","0.02","false","""normal""","1","""constant""","0.2","""Scale-free""","1","0","1","""uniform""","""deterministic-normal""","0","0","1","""uniform""","0","0","false","""/home/ramaswamy.51/Documents/github/Spirals/Media/data/cluster/endsim/BehaviorSearch/Step6_Trial""","true","0","1","0","0","true","false","""2084722235""","0.18836138123095872","0.18836138123095872","0.18836138123095872","0","0.18836138123095872"
"1","281","1228","1000","1","""HK""","0.02","false","""normal""","1","""constant""","0.1","""Scale-free""","2","0","1","""uniform""","""deterministic-normal""","0","0","1","""uniform""","0","0","false","""/home/ramaswamy.51/Documents/github/Spirals/Media/data/cluster/endsim/BehaviorSearch/Step6_Trial""","true","0","1","0","0","true","false","""167750588""","0.1283525122665158","0.1283525122665158","0.1283525122665158","0","0.1283525122665158"
"1","282","1228","1000","1","""HK""","0.02","false","""normal""","1","""constant""","0.1","""Scale-free""","2","0","1","""uniform""","""deterministic-normal""","0","0","1","""uniform""","0","0","false","""/home/ramaswamy.51/Documents/github/Spirals/Media/data/cluster/endsim/BehaviorSearch/Step6_Trial""","true","0","1","0","0","true","false","""-1250109874""","0.1015412940799508","0.1015412940799508","0.1015412940799508","0","0.1015412940799508"
"1","283","1228","1000","1","""HK""","0.02","false","""normal""","1","""constant""","0.1","""Scale-free""","2","0","1","""uniform""","""deterministic-normal""","0","0","1","""uniform""","0","0","false","""/home/ramaswamy.51/Documents/github/Spirals/Media/data/cluster/endsim/BehaviorSearch/Step6_Trial""","true","0","1","0","0","true","false","""1550744573""","0.11308714829165639","0.11308714829165639","0.11308714829165639","0","0.11308714829165639"
"1","284","1228","1000","1","""HK""","0.02","false","""normal""","1","""constant""","0.1","""Scale-free""","2","0","1","""uniform""","""deterministic-normal""","0","0","1","""uniform""","0","0","false","""/home/ramaswamy.51/Documents/github/Spirals/Media/data/cluster/endsim/BehaviorSearch/Step6_Trial""","true","0","1","0","0","true","false","""-1204005961""","0.12779733471537028","0.12779733471537028","0.12779733471537028","0","0.12779733471537028"
"1","285","2184","1000","1","""HK""","0.060000000000000005","false","""normal""","1","""constant""","0.1","""Scale-free""","2","0","1","""uniform""","""deterministic-normal""","0","0","1","""uniform""","0","0","false","""/home/ramaswamy.51/Documents/github/Spirals/Media/data/cluster/endsim/BehaviorSearch/Step6_Trial""","true","0","1","0","0","true","false","""242788269""","0.15534300378836335","0.15534300378836335","0.15534300378836335","0","0.15534300378836335"
"1","286","2184","1000","1","""HK""","0.060000000000000005","false","""normal""","1","""constant""","0.1","""Scale-free""","2","0","1","""uniform""","""deterministic-normal""","0","0","1","""uniform""","0","0","false","""/home/ramaswamy.51/Documents/github/Spirals/Media/data/cluster/endsim/BehaviorSearch/Step6_Trial""","true","0","1","0","0","true","false","""-1543129271""","0.1684227562198509","0.1684227562198509","0.1684227562198509","0","0.1684227562198509"
"1","287","2184","1000","1","""HK""","0.060000000000000005","false","""normal""","1","""constant""","0.1","""Scale-free""","2","0","1","""uniform""","""deterministic-normal""","0","0","1","""uniform""","0","0","false","""/home/ramaswamy.51/Documents/github/Spirals/Media/data/cluster/endsim/BehaviorSearch/Step6_Trial""","true","0","1","0","0","true","false","""-1463467083""","0.17659322084679807","0.17659322084679807","0.17659322084679807","0","0.17659322084679807"
"1","288","2184","1000","1","""HK""","0.060000000000000005","false","""normal""","1","""constant""","0.1","""Scale-free""","2","0","1","""uniform""","""deterministic-normal""","0","0","1","""uniform""","0","0","false","""/home/ramaswamy.51/Documents/github/Spirals/Media/data/cluster/endsim/BehaviorSearch/Step6_Trial""","true","0","1","0","0","true","false","""228618311""","0.16672960440554688","0.16672960440554688","0.16672960440554688","0","0.16672960440554688"
"1","289","3224","1000","1","""HK""","0.01","false","""normal""","1","""constant""","0","""Scale-free""","2","0","1","""uniform""","""deterministic-normal""","0","0","1","""uniform""","0","0","false","""/home/ramaswamy.51/Documents/github/Spirals/Media/data/cluster/endsim/BehaviorSearch/Step6_Trial""","true","0","1","0","0","true","false","""-862898999""","0.20042474977252359","0.20042474977252359","0.20042474977252359","0","0.20042474977252359"
"1","290","3224","1000","1","""HK""","0.01","false","""normal""","1","""constant""","0","""Scale-free""","2","0","1","""uniform""","""deterministic-normal""","0","0","1","""uniform""","0","0","false","""/home/ramaswamy.51/Documents/github/Spirals/Media/data/cluster/endsim/BehaviorSearch/Step6_Trial""","true","0","1","0","0","true","false","""1697956687""","0.20043758187591645","0.20043758187591645","0.20043758187591645","0","0.20043758187591645"
"1","291","3224","1000","1","""HK""","0.01","false","""normal""","1","""constant""","0","""Scale-free""","2","0","1","""uniform""","""deterministic-normal""","0","0","1","""uniform""","0","0","false","""/home/ramaswamy.51/Documents/github/Spirals/Media/data/cluster/endsim/BehaviorSearch/Step6_Trial""","true","0","1","0","0","true","false","""-856387936""","0.20051771637340554","0.20051771637340554","0.20051771637340554","0","0.20051771637340554"
"1","292","3224","1000","1","""HK""","0.01","false","""normal""","1","""constant""","0","""Scale-free""","2","0","1","""uniform""","""deterministic-normal""","0","0","1","""uniform""","0","0","false","""/home/ramaswamy.51/Documents/github/Spirals/Media/data/cluster/endsim/BehaviorSearch/Step6_Trial""","true","0","1","0","0","true","false","""1955414277""","0.19969839211737475","0.19969839211737475","0.19969839211737475","0","0.19969839211737475"
"1","293","4752","1000","1","""HK""","0.04","false","""normal""","1","""constant""","0.1","""Scale-free""","2","0","1","""uniform""","""deterministic-normal""","0","0","1","""uniform""","0","0","false","""/home/ramaswamy.51/Documents/github/Spirals/Media/data/cluster/endsim/BehaviorSearch/Step6_Trial""","true","0","1","0","0","true","false","""-2089993593""","0.1344580788379867","0.1344580788379867","0.1344580788379867","0","0.1344580788379867"
"1","294","4752","1000","1","""HK""","0.04","false","""normal""","1","""constant""","0.1","""Scale-free""","2","0","1","""uniform""","""deterministic-normal""","0","0","1","""uniform""","0","0","false","""/home/ramaswamy.51/Documents/github/Spirals/Media/data/cluster/endsim/BehaviorSearch/Step6_Trial""","true","0","1","0","0","true","false","""1996138920""","0.12398852791570533","0.12398852791570533","0.12398852791570533","0","0.12398852791570533"
"1","295","4752","1000","1","""HK""","0.04","false","""normal""","1","""constant""","0.1","""Scale-free""","2","0","1","""uniform""","""deterministic-normal""","0","0","1","""uniform""","0","0","false","""/home/ramaswamy.51/Documents/github/Spirals/Media/data/cluster/endsim/BehaviorSearch/Step6_Trial""","true","0","1","0","0","true","false","""-448418058""","0.09907078636680366","0.09907078636680366","0.09907078636680366","0","0.09907078636680366"
"1","296","4752","1000","1","""HK""","0.04","false","""normal""","1","""constant""","0.1","""Scale-free""","2","0","1","""uniform""","""deterministic-normal""","0","0","1","""uniform""","0","0","false","""/home/ramaswamy.51/Documents/github/Spirals/Media/data/cluster/endsim/BehaviorSearch/Step6_Trial""","true","0","1","0","0","true","false","""42647545""","0.11900504748124498","0.11900504748124498","0.11900504748124498","0","0.11900504748124498"
"1","297","6388","1000","1","""HK""","0.06999999999999999","false","""normal""","1","""constant""","0","""Scale-free""","1","0","1","""uniform""","""deterministic-normal""","0","0","1","""uniform""","0","0","false","""/home/ramaswamy.51/Documents/github/Spirals/Media/data/cluster/endsim/BehaviorSearch/Step6_Trial""","true","0","1","0","0","true","false","""-1684280161""","0.24077207577722007","0.24077207577722007","0.24077207577722007","0","0.24077207577722007"
"1","298","6388","1000","1","""HK""","0.06999999999999999","false","""normal""","1","""constant""","0","""Scale-free""","1","0","1","""uniform""","""deterministic-normal""","0","0","1","""uniform""","0","0","false","""/home/ramaswamy.51/Documents/github/Spirals/Media/data/cluster/endsim/BehaviorSearch/Step6_Trial""","true","0","1","0","0","true","false","""-1432712805""","0.24681019818124428","0.24681019818124428","0.24681019818124428","0","0.24681019818124428"
"1","299","6388","1000","1","""HK""","0.06999999999999999","false","""normal""","1","""constant""","0","""Scale-free""","1","0","1","""uniform""","""deterministic-normal""","0","0","1","""uniform""","0","0","false","""/home/ramaswamy.51/Documents/github/Spirals/Media/data/cluster/endsim/BehaviorSearch/Step6_Trial""","true","0","1","0","0","true","false","""-876258390""","0.2480138702793012","0.2480138702793012","0.2480138702793012","0","0.2480138702793012"
"1","300","6388","1000","1","""HK""","0.06999999999999999","false","""normal""","1","""constant""","0","""Scale-free""","1","0","1","""uniform""","""deterministic-normal""","0","0","1","""uniform""","0","0","false","""/home/ramaswamy.51/Documents/github/Spirals/Media/data/cluster/endsim/BehaviorSearch/Step6_Trial""","true","0","1","0","0","true","false","""1477163424""","0.2533210124146269","0.2533210124146269","0.2533210124146269","0","0.2533210124146269"
"1","301","6404","1000","1","""HK""","0.08","false","""normal""","1","""constant""","0.1","""Scale-free""","1","0","1","""uniform""","""deterministic-normal""","0","0","1","""uniform""","0","0","false","""/home/ramaswamy.51/Documents/github/Spirals/Media/data/cluster/endsim/BehaviorSearch/Step6_Trial""","true","0","1","0","0","true","false","""-1845512089""","0.14852905864547014","0.14852905864547014","0.14852905864547014","0","0.14852905864547014"
"1","302","6404","1000","1","""HK""","0.08","false","""normal""","1","""constant""","0.1","""Scale-free""","1","0","1","""uniform""","""deterministic-normal""","0","0","1","""uniform""","0","0","false","""/home/ramaswamy.51/Documents/github/Spirals/Media/data/cluster/endsim/BehaviorSearch/Step6_Trial""","true","0","1","0","0","true","false","""310760449""","0.1606861360149716","0.1606861360149716","0.1606861360149716","0","0.1606861360149716"
"1","303","6404","1000","1","""HK""","0.08","false","""normal""","1","""constant""","0.1","""Scale-free""","1","0","1","""uniform""","""deterministic-normal""","0","0","1","""uniform""","0","0","false","""/home/ramaswamy.51/Documents/github/Spirals/Media/data/cluster/endsim/BehaviorSearch/Step6_Trial""","true","0","1","0","0","true","false","""-1971098952""","0.14062740002732385","0.14062740002732385","0.14062740002732385","0","0.14062740002732385"
"1","304","6404","1000","1","""HK""","0.08","false","""normal""","1","""constant""","0.1","""Scale-free""","1","0","1","""uniform""","""deterministic-normal""","0","0","1","""uniform""","0","0","false","""/home/ramaswamy.51/Documents/github/Spirals/Media/data/cluster/endsim/BehaviorSearch/Step6_Trial""","true","0","1","0","0","true","false","""-874383858""","0.14109287736105516","0.14109287736105516","0.14109287736105516","0","0.14109287736105516"
"1","305","6976","1000","1","""HK""","0.06999999999999999","false","""normal""","1","""constant""","0.2","""Scale-free""","2","0","1","""uniform""","""deterministic-normal""","0","0","1","""uniform""","0","0","false","""/home/ramaswamy.51/Documents/github/Spirals/Media/data/cluster/endsim/BehaviorSearch/Step6_Trial""","true","0","1","0","0","true","false","""-1771074019""","0.2409846170142803","0.2409846170142803","0.2409846170142803","0","0.2409846170142803"
"1","306","6976","1000","1","""HK""","0.06999999999999999","false","""normal""","1","""constant""","0.2","""Scale-free""","2","0","1","""uniform""","""deterministic-normal""","0","0","1","""uniform""","0","0","false","""/home/ramaswamy.51/Documents/github/Spirals/Media/data/cluster/endsim/BehaviorSearch/Step6_Trial""","true","0","1","0","0","true","false","""-1743758771""","0.2717861485906503","0.2717861485906503","0.2717861485906503","0","0.2717861485906503"
"1","307","6976","1000","1","""HK""","0.06999999999999999","false","""normal""","1","""constant""","0.2","""Scale-free""","2","0","1","""uniform""","""deterministic-normal""","0","0","1","""uniform""","0","0","false","""/home/ramaswamy.51/Documents/github/Spirals/Media/data/cluster/endsim/BehaviorSearch/Step6_Trial""","true","0","1","0","0","true","false","""2092323523""","0.26876420427311665","0.26876420427311665","0.26876420427311665","0","0.26876420427311665"
"1","308","6976","1000","1","""HK""","0.06999999999999999","false","""normal""","1","""constant""","0.2","""Scale-free""","2","0","1","""uniform""","""deterministic-normal""","0","0","1","""uniform""","0","0","false","""/home/ramaswamy.51/Documents/github/Spirals/Media/data/cluster/endsim/BehaviorSearch/Step6_Trial""","true","0","1","0","0","true","false","""-1236904805""","0.26936206570043925","0.26936206570043925","0.26936206570043925","0","0.26936206570043925"
"1","309","7716","1000","1","""HK""","0.05","false","""normal""","1","""constant""","0.1","""Scale-free""","2","0","1","""uniform""","""deterministic-normal""","0","0","1","""uniform""","0","0","false","""/home/ramaswamy.51/Documents/github/Spirals/Media/data/cluster/endsim/BehaviorSearch/Step6_Trial""","true","0","1","0","0","true","false","""1075158389""","0.13932647024056993","0.13932647024056993","0.13932647024056993","0","0.13932647024056993"
"1","310","7716","1000","1","""HK""","0.05","false","""normal""","1","""constant""","0.1","""Scale-free""","2","0","1","""uniform""","""deterministic-normal""","0","0","1","""uniform""","0","0","false","""/home/ramaswamy.51/Documents/github/Spirals/Media/data/cluster/endsim/BehaviorSearch/Step6_Trial""","true","0","1","0","0","true","false","""-1605749878""","0.17102804334967253","0.17102804334967253","0.17102804334967253","0","0.17102804334967253"
"1","311","7716","1000","1","""HK""","0.05","false","""normal""","1","""constant""","0.1","""Scale-free""","2","0","1","""uniform""","""deterministic-normal""","0","0","1","""uniform""","0","0","false","""/home/ramaswamy.51/Documents/github/Spirals/Media/data/cluster/endsim/BehaviorSearch/Step6_Trial""","true","0","1","0","0","true","false","""1078446340""","0.15140927323314007","0.15140927323314007","0.15140927323314007","0","0.15140927323314007"
"1","312","7716","1000","1","""HK""","0.05","false","""normal""","1","""constant""","0.1","""Scale-free""","2","0","1","""uniform""","""deterministic-normal""","0","0","1","""uniform""","0","0","false","""/home/ramaswamy.51/Documents/github/Spirals/Media/data/cluster/endsim/BehaviorSearch/Step6_Trial""","true","0","1","0","0","true","false","""1192907202""","0.1306503117899246","0.1306503117899246","0.1306503117899246","0","0.1306503117899246"
"1","313","8512","1000","1","""HK""","0.05","false","""normal""","1","""constant""","0.2","""Scale-free""","1","0","1","""uniform""","""deterministic-normal""","0","0","1","""uniform""","0","0","false","""/home/ramaswamy.51/Documents/github/Spirals/Media/data/cluster/endsim/BehaviorSearch/Step6_Trial""","true","0","1","0","0","true","false","""-1476014235""","0.22240832539633051","0.22240832539633051","0.22240832539633051","0","0.22240832539633051"
"1","314","8512","1000","1","""HK""","0.05","false","""normal""","1","""constant""","0.2","""Scale-free""","1","0","1","""uniform""","""deterministic-normal""","0","0","1","""uniform""","0","0","false","""/home/ramaswamy.51/Documents/github/Spirals/Media/data/cluster/endsim/BehaviorSearch/Step6_Trial""","true","0","1","0","0","true","false","""-134606448""","0.21548242846877894","0.21548242846877894","0.21548242846877894","0","0.21548242846877894"
"1","315","8512","1000","1","""HK""","0.05","false","""normal""","1","""constant""","0.2","""Scale-free""","1","0","1","""uniform""","""deterministic-normal""","0","0","1","""uniform""","0","0","false","""/home/ramaswamy.51/Documents/github/Spirals/Media/data/cluster/endsim/BehaviorSearch/Step6_Trial""","true","0","1","0","0","true","false","""1185058876""","0.2055048454499727","0.2055048454499727","0.2055048454499727","0","0.2055048454499727"
"1","316","8512","1000","1","""HK""","0.05","false","""normal""","1","""constant""","0.2","""Scale-free""","1","0","1","""uniform""","""deterministic-normal""","0","0","1","""uniform""","0","0","false","""/home/ramaswamy.51/Documents/github/Spirals/Media/data/cluster/endsim/BehaviorSearch/Step6_Trial""","true","0","1","0","0","true","false","""-1892589638""","0.22752533525772453","0.22752533525772453","0.22752533525772453","0","0.22752533525772453"
"1","317","9668","1000","1","""HK""","0.09","false","""normal""","1","""constant""","0.1","""Scale-free""","1","0","1","""uniform""","""deterministic-normal""","0","0","1","""uniform""","0","0","false","""/home/ramaswamy.51/Documents/github/Spirals/Media/data/cluster/endsim/BehaviorSearch/Step6_Trial""","true","0","1","0","0","true","false","""-615633422""","0.14085831306878469","0.14085831306878469","0.14085831306878469","0","0.14085831306878469"
"1","318","9668","1000","1","""HK""","0.09","false","""normal""","1","""constant""","0.1","""Scale-free""","1","0","1","""uniform""","""deterministic-normal""","0","0","1","""uniform""","0","0","false","""/home/ramaswamy.51/Documents/github/Spirals/Media/data/cluster/endsim/BehaviorSearch/Step6_Trial""","true","0","1","0","0","true","false","""1486264758""","0.15581402479629802","0.15581402479629802","0.15581402479629802","0","0.15581402479629802"
"1","319","9668","1000","1","""HK""","0.09","false","""normal""","1","""constant""","0.1","""Scale-free""","1","0","1","""uniform""","""deterministic-normal""","0","0","1","""uniform""","0","0","false","""/home/ramaswamy.51/Documents/github/Spirals/Media/data/cluster/endsim/BehaviorSearch/Step6_Trial""","true","0","1","0","0","true","false","""646992744""","0.17369291175906412","0.17369291175906412","0.17369291175906412","0","0.17369291175906412"
"1","320","9668","1000","1","""HK""","0.09","false","""normal""","1","""constant""","0.1","""Scale-free""","1","0","1","""uniform""","""deterministic-normal""","0","0","1","""uniform""","0","0","false","""/home/ramaswamy.51/Documents/github/Spirals/Media/data/cluster/endsim/BehaviorSearch/Step6_Trial""","true","0","1","0","0","true","false","""-1817376487""","0.15222020628373903","0.15222020628373903","0.15222020628373903","0","0.15222020628373903"
"1","321","10344","1000","1","""HK""","0.04","false","""normal""","1","""constant""","0.2","""Scale-free""","1","0","1","""uniform""","""deterministic-normal""","0","0","1","""uniform""","0","0","false","""/home/ramaswamy.51/Documents/github/Spirals/Media/data/cluster/endsim/BehaviorSearch/Step6_Trial""","true","0","1","0","0","true","false","""-772290726""","0.21927198993164754","0.21927198993164754","0.21927198993164754","0","0.21927198993164754"
"1","322","10344","1000","1","""HK""","0.04","false","""normal""","1","""constant""","0.2","""Scale-free""","1","0","1","""uniform""","""deterministic-normal""","0","0","1","""uniform""","0","0","false","""/home/ramaswamy.51/Documents/github/Spirals/Media/data/cluster/endsim/BehaviorSearch/Step6_Trial""","true","0","1","0","0","true","false","""894105027""","0.2018974444303538","0.2018974444303538","0.2018974444303538","0","0.2018974444303538"
"1","323","10344","1000","1","""HK""","0.04","false","""normal""","1","""constant""","0.2","""Scale-free""","1","0","1","""uniform""","""deterministic-normal""","0","0","1","""uniform""","0","0","false","""/home/ramaswamy.51/Documents/github/Spirals/Media/data/cluster/endsim/BehaviorSearch/Step6_Trial""","true","0","1","0","0","true","false","""-497280907""","0.20341387848056186","0.20341387848056186","0.20341387848056186","0","0.20341387848056186"
"1","324","10344","1000","1","""HK""","0.04","false","""normal""","1","""constant""","0.2","""Scale-free""","1","0","1","""uniform""","""deterministic-normal""","0","0","1","""uniform""","0","0","false","""/home/ramaswamy.51/Documents/github/Spirals/Media/data/cluster/endsim/BehaviorSearch/Step6_Trial""","true","0","1","0","0","true","false","""-751515744""","0.2084115847985564","0.2084115847985564","0.2084115847985564","0","0.2084115847985564"
"1","325","10708","1000","1","""HK""","0.060000000000000005","false","""normal""","1","""constant""","0","""Scale-free""","1","0","1","""uniform""","""deterministic-normal""","0","0","1","""uniform""","0","0","false","""/home/ramaswamy.51/Documents/github/Spirals/Media/data/cluster/endsim/BehaviorSearch/Step6_Trial""","true","0","1","0","0","true","false","""770424480""","0.2500123219561115","0.2500123219561115","0.2500123219561115","0","0.2500123219561115"
"1","326","10708","1000","1","""HK""","0.060000000000000005","false","""normal""","1","""constant""","0","""Scale-free""","1","0","1","""uniform""","""deterministic-normal""","0","0","1","""uniform""","0","0","false","""/home/ramaswamy.51/Documents/github/Spirals/Media/data/cluster/endsim/BehaviorSearch/Step6_Trial""","true","0","1","0","0","true","false","""-149645763""","0.2553812327358698","0.2553812327358698","0.2553812327358698","0","0.2553812327358698"
"1","327","10708","1000","1","""HK""","0.060000000000000005","false","""normal""","1","""constant""","0","""Scale-free""","1","0","1","""uniform""","""deterministic-normal""","0","0","1","""uniform""","0","0","false","""/home/ramaswamy.51/Documents/github/Spirals/Media/data/cluster/endsim/BehaviorSearch/Step6_Trial""","true","0","1","0","0","true","false","""450353296""","0.2523238220614111","0.2523238220614111","0.2523238220614111","0","0.2523238220614111"
"1","328","10708","1000","1","""HK""","0.060000000000000005","false","""normal""","1","""constant""","0","""Scale-free""","1","0","1","""uniform""","""deterministic-normal""","0","0","1","""uniform""","0","0","false","""/home/ramaswamy.51/Documents/github/Spirals/Media/data/cluster/endsim/BehaviorSearch/Step6_Trial""","true","0","1","0","0","true","false","""-977337774""","0.24980849387442391","0.24980849387442391","0.24980849387442391","0","0.24980849387442391"
"1","329","16748","1000","1","""HK""","0.06999999999999999","false","""normal""","1","""constant""","0.1","""Scale-free""","2","0","1","""uniform""","""deterministic-normal""","0","0","1","""uniform""","0","0","false","""/home/ramaswamy.51/Documents/github/Spirals/Media/data/cluster/endsim/BehaviorSearch/Step6_Trial""","true","0","1","0","0","true","false","""-482251792""","0.16320138061766193","0.16320138061766193","0.16320138061766193","0","0.16320138061766193"
"1","330","16748","1000","1","""HK""","0.06999999999999999","false","""normal""","1","""constant""","0.1","""Scale-free""","2","0","1","""uniform""","""deterministic-normal""","0","0","1","""uniform""","0","0","false","""/home/ramaswamy.51/Documents/github/Spirals/Media/data/cluster/endsim/BehaviorSearch/Step6_Trial""","true","0","1","0","0","true","false","""1511203457""","0.1825916198154808","0.1825916198154808","0.1825916198154808","0","0.1825916198154808"
"1","331","16748","1000","1","""HK""","0.06999999999999999","false","""normal""","1","""constant""","0.1","""Scale-free""","2","0","1","""uniform""","""deterministic-normal""","0","0","1","""uniform""","0","0","false","""/home/ramaswamy.51/Documents/github/Spirals/Media/data/cluster/endsim/BehaviorSearch/Step6_Trial""","true","0","1","0","0","true","false","""-350556005""","0.18784593734828361","0.18784593734828361","0.18784593734828361","0","0.18784593734828361"
"1","332","16748","1000","1","""HK""","0.06999999999999999","false","""normal""","1","""constant""","0.1","""Scale-free""","2","0","1","""uniform""","""deterministic-normal""","0","0","1","""uniform""","0","0","false","""/home/ramaswamy.51/Documents/github/Spirals/Media/data/cluster/endsim/BehaviorSearch/Step6_Trial""","true","0","1","0","0","true","false","""685436282""","0.17524832479608238","0.17524832479608238","0.17524832479608238","0","0.17524832479608238"
"1","333","17048","1000","1","""HK""","0.060000000000000005","false","""normal""","1","""constant""","0.2","""Scale-free""","1","0","1","""uniform""","""deterministic-normal""","0","0","1","""uniform""","0","0","false","""/home/ramaswamy.51/Documents/github/Spirals/Media/data/cluster/endsim/BehaviorSearch/Step6_Trial""","true","0","1","0","0","true","false","""1568947073""","0.2143072828780541","0.2143072828780541","0.2143072828780541","0","0.2143072828780541"
"1","334","17048","1000","1","""HK""","0.060000000000000005","false","""normal""","1","""constant""","0.2","""Scale-free""","1","0","1","""uniform""","""deterministic-normal""","0","0","1","""uniform""","0","0","false","""/home/ramaswamy.51/Documents/github/Spirals/Media/data/cluster/endsim/BehaviorSearch/Step6_Trial""","true","0","1","0","0","true","false","""-1005517734""","0.21081493912664886","0.21081493912664886","0.21081493912664886","0","0.21081493912664886"
"1","335","17048","1000","1","""HK""","0.060000000000000005","false","""normal""","1","""constant""","0.2","""Scale-free""","1","0","1","""uniform""","""deterministic-normal""","0","0","1","""uniform""","0","0","false","""/home/ramaswamy.51/Documents/github/Spirals/Media/data/cluster/endsim/BehaviorSearch/Step6_Trial""","true","0","1","0","0","true","false","""665713554""","0.2352382896718373","0.2352382896718373","0.2352382896718373","0","0.2352382896718373"
"1","336","17048","1000","1","""HK""","0.060000000000000005","false","""normal""","1","""constant""","0.2","""Scale-free""","1","0","1","""uniform""","""deterministic-normal""","0","0","1","""uniform""","0","0","false","""/home/ramaswamy.51/Documents/github/Spirals/Media/data/cluster/endsim/BehaviorSearch/Step6_Trial""","true","0","1","0","0","true","false","""1781289823""","0.2305021600020687","0.2305021600020687","0.2305021600020687","0","0.2305021600020687"
"1","337","23980","1000","1","""HK""","0.11","false","""normal""","1","""constant""","0.1","""Scale-free""","1","0","1","""uniform""","""deterministic-normal""","0","0","1","""uniform""","0","0","false","""/home/ramaswamy.51/Documents/github/Spirals/Media/data/cluster/endsim/BehaviorSearch/Step6_Trial""","true","0","1","0","0","true","false","""-1591287558""","0.22049618289934128","0.22049618289934128","0.22049618289934128","0","0.22049618289934128"
"1","338","23980","1000","1","""HK""","0.11","false","""normal""","1","""constant""","0.1","""Scale-free""","1","0","1","""uniform""","""deterministic-normal""","0","0","1","""uniform""","0","0","false","""/home/ramaswamy.51/Documents/github/Spirals/Media/data/cluster/endsim/BehaviorSearch/Step6_Trial""","true","0","1","0","0","true","false","""-2050996093""","0.20053682603773293","0.20053682603773293","0.20053682603773293","0","0.20053682603773293"
"1","339","23980","1000","1","""HK""","0.11","false","""normal""","1","""constant""","0.1","""Scale-free""","1","0","1","""uniform""","""deterministic-normal""","0","0","1","""uniform""","0","0","false","""/home/ramaswamy.51/Documents/github/Spirals/Media/data/cluster/endsim/BehaviorSearch/Step6_Trial""","true","0","1","0","0","true","false","""-564326708""","0.18812374824783137","0.18812374824783137","0.18812374824783137","0","0.18812374824783137"
"1","340","23980","1000","1","""HK""","0.11","false","""normal""","1","""constant""","0.1","""Scale-free""","1","0","1","""uniform""","""deterministic-normal""","0","0","1","""uniform""","0","0","false","""/home/ramaswamy.51/Documents/github/Spirals/Media/data/cluster/endsim/BehaviorSearch/Step6_Trial""","true","0","1","0","0","true","false","""1008398984""","0.17515034975635285","0.17515034975635285","0.17515034975635285","0","0.17515034975635285"
"1","341","25072","1000","1","""HK""","0.01","false","""normal""","1","""constant""","0.30000000000000004","""Scale-free""","1","0","1","""uniform""","""deterministic-normal""","0","0","1","""uniform""","0","0","false","""/home/ramaswamy.51/Documents/github/Spirals/Media/data/cluster/endsim/BehaviorSearch/Step6_Trial""","true","0","1","0","0","true","false","""-2047581076""","0.278060078826452","0.278060078826452","0.278060078826452","0","0.278060078826452"
"1","342","25072","1000","1","""HK""","0.01","false","""normal""","1","""constant""","0.30000000000000004","""Scale-free""","1","0","1","""uniform""","""deterministic-normal""","0","0","1","""uniform""","0","0","false","""/home/ramaswamy.51/Documents/github/Spirals/Media/data/cluster/endsim/BehaviorSearch/Step6_Trial""","true","0","1","0","0","true","false","""1553934910""","0.2770657192938562","0.2770657192938562","0.2770657192938562","0","0.2770657192938562"
"1","343","25072","1000","1","""HK""","0.01","false","""normal""","1","""constant""","0.30000000000000004","""Scale-free""","1","0","1","""uniform""","""deterministic-normal""","0","0","1","""uniform""","0","0","false","""/home/ramaswamy.51/Documents/github/Spirals/Media/data/cluster/endsim/BehaviorSearch/Step6_Trial""","true","0","1","0","0","true","false","""736278288""","0.2612443657717286","0.2612443657717286","0.2612443657717286","0","0.2612443657717286"
"1","344","25072","1000","1","""HK""","0.01","false","""normal""","1","""constant""","0.30000000000000004","""Scale-free""","1","0","1","""uniform""","""deterministic-normal""","0","0","1","""uniform""","0","0","false","""/home/ramaswamy.51/Documents/github/Spirals/Media/data/cluster/endsim/BehaviorSearch/Step6_Trial""","true","0","1","0","0","true","false","""-557060051""","0.24838304207507844","0.24838304207507844","0.24838304207507844","0","0.24838304207507844"
"1","345","28920","1000","1","""HK""","0.01","false","""normal""","1","""constant""","0.30000000000000004","""Scale-free""","2","0","1","""uniform""","""deterministic-normal""","0","0","1","""uniform""","0","0","false","""/home/ramaswamy.51/Documents/github/Spirals/Media/data/cluster/endsim/BehaviorSearch/Step6_Trial""","true","0","1","0","0","true","false","""-696867634""","0.2783600264797494","0.2783600264797494","0.2783600264797494","0","0.2783600264797494"
"1","346","28920","1000","1","""HK""","0.01","false","""normal""","1","""constant""","0.30000000000000004","""Scale-free""","2","0","1","""uniform""","""deterministic-normal""","0","0","1","""uniform""","0","0","false","""/home/ramaswamy.51/Documents/github/Spirals/Media/data/cluster/endsim/BehaviorSearch/Step6_Trial""","true","0","1","0","0","true","false","""-338135048""","0.2977451103672976","0.2977451103672976","0.2977451103672976","0","0.2977451103672976"
"1","347","28920","1000","1","""HK""","0.01","false","""normal""","1","""constant""","0.30000000000000004","""Scale-free""","2","0","1","""uniform""","""deterministic-normal""","0","0","1","""uniform""","0","0","false","""/home/ramaswamy.51/Documents/github/Spirals/Media/data/cluster/endsim/BehaviorSearch/Step6_Trial""","true","0","1","0","0","true","false","""787169996""","0.3013202514581155","0.3013202514581155","0.3013202514581155","0","0.3013202514581155"
"1","348","28920","1000","1","""HK""","0.01","false","""normal""","1","""constant""","0.30000000000000004","""Scale-free""","2","0","1","""uniform""","""deterministic-normal""","0","0","1","""uniform""","0","0","false","""/home/ramaswamy.51/Documents/github/Spirals/Media/data/cluster/endsim/BehaviorSearch/Step6_Trial""","true","0","1","0","0","true","false","""445517733""","0.28212060204836936","0.28212060204836936","0.28212060204836936","0","0.28212060204836936"
"1","349","33276","1000","1","""HK""","0.060000000000000005","false","""normal""","1","""constant""","0.2","""Scale-free""","2","0","1","""uniform""","""deterministic-normal""","0","0","1","""uniform""","0","0","false","""/home/ramaswamy.51/Documents/github/Spirals/Media/data/cluster/endsim/BehaviorSearch/Step6_Trial""","true","0","1","0","0","true","false","""890351574""","0.25718747628059996","0.25718747628059996","0.25718747628059996","0","0.25718747628059996"
"1","350","33276","1000","1","""HK""","0.060000000000000005","false","""normal""","1","""constant""","0.2","""Scale-free""","2","0","1","""uniform""","""deterministic-normal""","0","0","1","""uniform""","0","0","false","""/home/ramaswamy.51/Documents/github/Spirals/Media/data/cluster/endsim/BehaviorSearch/Step6_Trial""","true","0","1","0","0","true","false","""-1957583503""","0.26866246045873743","0.26866246045873743","0.26866246045873743","0","0.26866246045873743"
"1","351","33276","1000","1","""HK""","0.060000000000000005","false","""normal""","1","""constant""","0.2","""Scale-free""","2","0","1","""uniform""","""deterministic-normal""","0","0","1","""uniform""","0","0","false","""/home/ramaswamy.51/Documents/github/Spirals/Media/data/cluster/endsim/BehaviorSearch/Step6_Trial""","true","0","1","0","0","true","false","""-352385806""","0.26382471046298056","0.26382471046298056","0.26382471046298056","0","0.26382471046298056"
"1","352","33276","1000","1","""HK""","0.060000000000000005","false","""normal""","1","""constant""","0.2","""Scale-free""","2","0","1","""uniform""","""deterministic-normal""","0","0","1","""uniform""","0","0","false","""/home/ramaswamy.51/Documents/github/Spirals/Media/data/cluster/endsim/BehaviorSearch/Step6_Trial""","true","0","1","0","0","true","false","""1326430079""","0.26458769542640753","0.26458769542640753","0.26458769542640753","0","0.26458769542640753"
"1","353","33656","1000","1","""HK""","0.09999999999999999","false","""normal""","1","""constant""","0.1","""Scale-free""","1","0","1","""uniform""","""deterministic-normal""","0","0","1","""uniform""","0","0","false","""/home/ramaswamy.51/Documents/github/Spirals/Media/data/cluster/endsim/BehaviorSearch/Step6_Trial""","true","0","1","0","0","true","false","""627286921""","0.17796068688482575","0.17796068688482575","0.17796068688482575","0","0.17796068688482575"
"1","354","33656","1000","1","""HK""","0.09999999999999999","false","""normal""","1","""constant""","0.1","""Scale-free""","1","0","1","""uniform""","""deterministic-normal""","0","0","1","""uniform""","0","0","false","""/home/ramaswamy.51/Documents/github/Spirals/Media/data/cluster/endsim/BehaviorSearch/Step6_Trial""","true","0","1","0","0","true","false","""-610239992""","0.17986155683175","0.17986155683175","0.17986155683175","0","0.17986155683175"
"1","355","33656","1000","1","""HK""","0.09999999999999999","false","""normal""","1","""constant""","0.1","""Scale-free""","1","0","1","""uniform""","""deterministic-normal""","0","0","1","""uniform""","0","0","false","""/home/ramaswamy.51/Documents/github/Spirals/Media/data/cluster/endsim/BehaviorSearch/Step6_Trial""","true","0","1","0","0","true","false","""-1097125589""","0.16938014363663956","0.16938014363663956","0.16938014363663956","0","0.16938014363663956"
"1","356","33656","1000","1","""HK""","0.09999999999999999","false","""normal""","1","""constant""","0.1","""Scale-free""","1","0","1","""uniform""","""deterministic-normal""","0","0","1","""uniform""","0","0","false","""/home/ramaswamy.51/Documents/github/Spirals/Media/data/cluster/endsim/BehaviorSearch/Step6_Trial""","true","0","1","0","0","true","false","""-1450956407""","0.14788571621871446","0.14788571621871446","0.14788571621871446","0","0.14788571621871446"
"1","357","38688","1000","1","""HK""","0.08","false","""normal""","1","""constant""","0.1","""Scale-free""","2","0","1","""uniform""","""deterministic-normal""","0","0","1","""uniform""","0","0","false","""/home/ramaswamy.51/Documents/github/Spirals/Media/data/cluster/endsim/BehaviorSearch/Step6_Trial""","true","0","1","0","0","true","false","""-91803093""","0.1945755240544391","0.1945755240544391","0.1945755240544391","0","0.1945755240544391"
"1","358","38688","1000","1","""HK""","0.08","false","""normal""","1","""constant""","0.1","""Scale-free""","2","0","1","""uniform""","""deterministic-normal""","0","0","1","""uniform""","0","0","false","""/home/ramaswamy.51/Documents/github/Spirals/Media/data/cluster/endsim/BehaviorSearch/Step6_Trial""","true","0","1","0","0","true","false","""-1869370656""","0.18954681572991133","0.18954681572991133","0.18954681572991133","0","0.18954681572991133"
"1","359","38688","1000","1","""HK""","0.08","false","""normal""","1","""constant""","0.1","""Scale-free""","2","0","1","""uniform""","""deterministic-normal""","0","0","1","""uniform""","0","0","false","""/home/ramaswamy.51/Documents/github/Spirals/Media/data/cluster/endsim/BehaviorSearch/Step6_Trial""","true","0","1","0","0","true","false","""-1584841000""","0.1971630364153078","0.1971630364153078","0.1971630364153078","0","0.1971630364153078"
"1","360","38688","1000","1","""HK""","0.08","false","""normal""","1","""constant""","0.1","""Scale-free""","2","0","1","""uniform""","""deterministic-normal""","0","0","1","""uniform""","0","0","false","""/home/ramaswamy.51/Documents/github/Spirals/Media/data/cluster/endsim/BehaviorSearch/Step6_Trial""","true","0","1","0","0","true","false","""-1045990797""","0.18338693924738855","0.18338693924738855","0.18338693924738855","0","0.18338693924738855"
"1","361","60908","1000","1","""HK""","0.08","false","""normal""","1","""constant""","0.2","""Scale-free""","1","0","1","""uniform""","""deterministic-normal""","0","0","1","""uniform""","0","0","false","""/home/ramaswamy.51/Documents/github/Spirals/Media/data/cluster/endsim/BehaviorSearch/Step6_Trial""","true","0","1","0","0","true","false","""-744146278""","0.2238203579315372","0.2238203579315372","0.2238203579315372","0","0.2238203579315372"
"1","362","60908","1000","1","""HK""","0.08","false","""normal""","1","""constant""","0.2","""Scale-free""","1","0","1","""uniform""","""deterministic-normal""","0","0","1","""uniform""","0","0","false","""/home/ramaswamy.51/Documents/github/Spirals/Media/data/cluster/endsim/BehaviorSearch/Step6_Trial""","true","0","1","0","0","true","false","""15576025""","0.24801253551527364","0.24801253551527364","0.24801253551527364","0","0.24801253551527364"
"1","363","60908","1000","1","""HK""","0.08","false","""normal""","1","""constant""","0.2","""Scale-free""","1","0","1","""uniform""","""deterministic-normal""","0","0","1","""uniform""","0","0","false","""/home/ramaswamy.51/Documents/github/Spirals/Media/data/cluster/endsim/BehaviorSearch/Step6_Trial""","true","0","1","0","0","true","false","""832077362""","0.23209795615018855","0.23209795615018855","0.23209795615018855","0","0.23209795615018855"
"1","364","60908","1000","1","""HK""","0.08","false","""normal""","1","""constant""","0.2","""Scale-free""","1","0","1","""uniform""","""deterministic-normal""","0","0","1","""uniform""","0","0","false","""/home/ramaswamy.51/Documents/github/Spirals/Media/data/cluster/endsim/BehaviorSearch/Step6_Trial""","true","0","1","0","0","true","false","""-891345112""","0.20443297564459414","0.20443297564459414","0.20443297564459414","0","0.20443297564459414"
"1","365","71208","1000","1","""HK""","0.06999999999999999","false","""normal""","1","""constant""","0.2","""Scale-free""","1","0","1","""uniform""","""deterministic-normal""","0","0","1","""uniform""","0","0","false","""/home/ramaswamy.51/Documents/github/Spirals/Media/data/cluster/endsim/BehaviorSearch/Step6_Trial""","true","0","1","0","0","true","false","""-911571987""","0.22893371545705368","0.22893371545705368","0.22893371545705368","0","0.22893371545705368"
"1","366","71208","1000","1","""HK""","0.06999999999999999","false","""normal""","1","""constant""","0.2","""Scale-free""","1","0","1","""uniform""","""deterministic-normal""","0","0","1","""uniform""","0","0","false","""/home/ramaswamy.51/Documents/github/Spirals/Media/data/cluster/endsim/BehaviorSearch/Step6_Trial""","true","0","1","0","0","true","false","""-1666269029""","0.21062695216373428","0.21062695216373428","0.21062695216373428","0","0.21062695216373428"
"1","367","71208","1000","1","""HK""","0.06999999999999999","false","""normal""","1","""constant""","0.2","""Scale-free""","1","0","1","""uniform""","""deterministic-normal""","0","0","1","""uniform""","0","0","false","""/home/ramaswamy.51/Documents/github/Spirals/Media/data/cluster/endsim/BehaviorSearch/Step6_Trial""","true","0","1","0","0","true","false","""2033577106""","0.2400634451769085","0.2400634451769085","0.2400634451769085","0","0.2400634451769085"
"1","368","71208","1000","1","""HK""","0.06999999999999999","false","""normal""","1","""constant""","0.2","""Scale-free""","1","0","1","""uniform""","""deterministic-normal""","0","0","1","""uniform""","0","0","false","""/home/ramaswamy.51/Documents/github/Spirals/Media/data/cluster/endsim/BehaviorSearch/Step6_Trial""","true","0","1","0","0","true","false","""-1558916636""","0.2514798560660697","0.2514798560660697","0.2514798560660697","0","0.2514798560660697"
"1","369","76136","1000","1","""HK""","0.03","false","""normal""","1","""constant""","0.2","""Scale-free""","2","0","1","""uniform""","""deterministic-normal""","0","0","1","""uniform""","0","0","false","""/home/ramaswamy.51/Documents/github/Spirals/Media/data/cluster/endsim/BehaviorSearch/Step6_Trial""","true","0","1","0","0","true","false","""907549336""","0.2359199044934288","0.2359199044934288","0.2359199044934288","0","0.2359199044934288"
"1","370","76136","1000","1","""HK""","0.03","false","""normal""","1","""constant""","0.2","""Scale-free""","2","0","1","""uniform""","""deterministic-normal""","0","0","1","""uniform""","0","0","false","""/home/ramaswamy.51/Documents/github/Spirals/Media/data/cluster/endsim/BehaviorSearch/Step6_Trial""","true","0","1","0","0","true","false","""345982200""","0.23218841929400294","0.23218841929400294","0.23218841929400294","0","0.23218841929400294"
"1","371","76136","1000","1","""HK""","0.03","false","""normal""","1","""constant""","0.2","""Scale-free""","2","0","1","""uniform""","""deterministic-normal""","0","0","1","""uniform""","0","0","false","""/home/ramaswamy.51/Documents/github/Spirals/Media/data/cluster/endsim/BehaviorSearch/Step6_Trial""","true","0","1","0","0","true","false","""-1289025369""","0.26904202966602314","0.26904202966602314","0.26904202966602314","0","0.26904202966602314"
"1","372","76136","1000","1","""HK""","0.03","false","""normal""","1","""constant""","0.2","""Scale-free""","2","0","1","""uniform""","""deterministic-normal""","0","0","1","""uniform""","0","0","false","""/home/ramaswamy.51/Documents/github/Spirals/Media/data/cluster/endsim/BehaviorSearch/Step6_Trial""","true","0","1","0","0","true","false","""-388018048""","0.2173926294842372","0.2173926294842372","0.2173926294842372","0","0.2173926294842372"
"1","373","84948","1000","1","""HK""","0.08","false","""normal""","1","""constant""","0","""Scale-free""","1","0","1","""uniform""","""deterministic-normal""","0","0","1","""uniform""","0","0","false","""/home/ramaswamy.51/Documents/github/Spirals/Media/data/cluster/endsim/BehaviorSearch/Step6_Trial""","true","0","1","0","0","true","false","""-892278828""","0.24056489405236992","0.24056489405236992","0.24056489405236992","0","0.24056489405236992"
"1","374","84948","1000","1","""HK""","0.08","false","""normal""","1","""constant""","0","""Scale-free""","1","0","1","""uniform""","""deterministic-normal""","0","0","1","""uniform""","0","0","false","""/home/ramaswamy.51/Documents/github/Spirals/Media/data/cluster/endsim/BehaviorSearch/Step6_Trial""","true","0","1","0","0","true","false","""606208105""","0.23429877429850768","0.23429877429850768","0.23429877429850768","0","0.23429877429850768"
"1","375","84948","1000","1","""HK""","0.08","false","""normal""","1","""constant""","0","""Scale-free""","1","0","1","""uniform""","""deterministic-normal""","0","0","1","""uniform""","0","0","false","""/home/ramaswamy.51/Documents/github/Spirals/Media/data/cluster/endsim/BehaviorSearch/Step6_Trial""","true","0","1","0","0","true","false","""-1190560790""","0.25476570256534914","0.25476570256534914","0.25476570256534914","0","0.25476570256534914"
"1","376","84948","1000","1","""HK""","0.08","false","""normal""","1","""constant""","0","""Scale-free""","1","0","1","""uniform""","""deterministic-normal""","0","0","1","""uniform""","0","0","false","""/home/ramaswamy.51/Documents/github/Spirals/Media/data/cluster/endsim/BehaviorSearch/Step6_Trial""","true","0","1","0","0","true","false","""1007935481""","0.255234730397028","0.255234730397028","0.255234730397028","0","0.255234730397028"
"1","377","92596","1000","1","""HK""","0.11","false","""normal""","1","""constant""","0.1","""Scale-free""","2","0","1","""uniform""","""deterministic-normal""","0","0","1","""uniform""","0","0","false","""/home/ramaswamy.51/Documents/github/Spirals/Media/data/cluster/endsim/BehaviorSearch/Step6_Trial""","true","0","1","0","0","true","false","""916871981""","0.2354029543475066","0.2354029543475066","0.2354029543475066","0","0.2354029543475066"
"1","378","92596","1000","1","""HK""","0.11","false","""normal""","1","""constant""","0.1","""Scale-free""","2","0","1","""uniform""","""deterministic-normal""","0","0","1","""uniform""","0","0","false","""/home/ramaswamy.51/Documents/github/Spirals/Media/data/cluster/endsim/BehaviorSearch/Step6_Trial""","true","0","1","0","0","true","false","""-1133389285""","0.2160984919071869","0.2160984919071869","0.2160984919071869","0","0.2160984919071869"
"1","379","92596","1000","1","""HK""","0.11","false","""normal""","1","""constant""","0.1","""Scale-free""","2","0","1","""uniform""","""deterministic-normal""","0","0","1","""uniform""","0","0","false","""/home/ramaswamy.51/Documents/github/Spirals/Media/data/cluster/endsim/BehaviorSearch/Step6_Trial""","true","0","1","0","0","true","false","""-658834993""","0.24940337037708998","0.24940337037708998","0.24940337037708998","0","0.24940337037708998"
"1","380","92596","1000","1","""HK""","0.11","false","""normal""","1","""constant""","0.1","""Scale-free""","2","0","1","""uniform""","""deterministic-normal""","0","0","1","""uniform""","0","0","false","""/home/ramaswamy.51/Documents/github/Spirals/Media/data/cluster/endsim/BehaviorSearch/Step6_Trial""","true","0","1","0","0","true","false","""1187667405""","0.23357048070290587","0.23357048070290587","0.23357048070290587","0","0.23357048070290587"
"1","381","116160","1000","1","""HK""","0.04","false","""normal""","1","""constant""","0.30000000000000004","""Scale-free""","1","0","1","""uniform""","""deterministic-normal""","0","0","1","""uniform""","0","0","false","""/home/ramaswamy.51/Documents/github/Spirals/Media/data/cluster/endsim/BehaviorSearch/Step6_Trial""","true","0","1","0","0","true","false","""1492171827""","0.29178068077778435","0.29178068077778435","0.29178068077778435","0","0.29178068077778435"
"1","382","116160","1000","1","""HK""","0.04","false","""normal""","1","""constant""","0.30000000000000004","""Scale-free""","1","0","1","""uniform""","""deterministic-normal""","0","0","1","""uniform""","0","0","false","""/home/ramaswamy.51/Documents/github/Spirals/Media/data/cluster/endsim/BehaviorSearch/Step6_Trial""","true","0","1","0","0","true","false","""526217410""","0.2847795167191634","0.2847795167191634","0.2847795167191634","0","0.2847795167191634"
"1","383","116160","1000","1","""HK""","0.04","false","""normal""","1","""constant""","0.30000000000000004","""Scale-free""","1","0","1","""uniform""","""deterministic-normal""","0","0","1","""uniform""","0","0","false","""/home/ramaswamy.51/Documents/github/Spirals/Media/data/cluster/endsim/BehaviorSearch/Step6_Trial""","true","0","1","0","0","true","false","""656650419""","0.2857690803662893","0.2857690803662893","0.2857690803662893","0","0.2857690803662893"
"1","384","116160","1000","1","""HK""","0.04","false","""normal""","1","""constant""","0.30000000000000004","""Scale-free""","1","0","1","""uniform""","""deterministic-normal""","0","0","1","""uniform""","0","0","false","""/home/ramaswamy.51/Documents/github/Spirals/Media/data/cluster/endsim/BehaviorSearch/Step6_Trial""","true","0","1","0","0","true","false","""230137557""","0.2693785760699961","0.2693785760699961","0.2693785760699961","0","0.2693785760699961"
"1","385","140548","1000","1","""HK""","0.12","false","""normal""","1","""constant""","0.1","""Scale-free""","1","0","1","""uniform""","""deterministic-normal""","0","0","1","""uniform""","0","0","false","""/home/ramaswamy.51/Documents/github/Spirals/Media/data/cluster/endsim/BehaviorSearch/Step6_Trial""","true","0","1","0","0","true","false","""1633568140""","0.19127298513932575","0.19127298513932575","0.19127298513932575","0","0.19127298513932575"
"1","386","140548","1000","1","""HK""","0.12","false","""normal""","1","""constant""","0.1","""Scale-free""","1","0","1","""uniform""","""deterministic-normal""","0","0","1","""uniform""","0","0","false","""/home/ramaswamy.51/Documents/github/Spirals/Media/data/cluster/endsim/BehaviorSearch/Step6_Trial""","true","0","1","0","0","true","false","""17237355""","0.2338486008240259","0.2338486008240259","0.2338486008240259","0","0.2338486008240259"
"1","387","140548","1000","1","""HK""","0.12","false","""normal""","1","""constant""","0.1","""Scale-free""","1","0","1","""uniform""","""deterministic-normal""","0","0","1","""uniform""","0","0","false","""/home/ramaswamy.51/Documents/github/Spirals/Media/data/cluster/endsim/BehaviorSearch/Step6_Trial""","true","0","1","0","0","true","false","""533019566""","0.19869398565683896","0.19869398565683896","0.19869398565683896","0","0.19869398565683896"
"1","388","140548","1000","1","""HK""","0.12","false","""normal""","1","""constant""","0.1","""Scale-free""","1","0","1","""uniform""","""deterministic-normal""","0","0","1","""uniform""","0","0","false","""/home/ramaswamy.51/Documents/github/Spirals/Media/data/cluster/endsim/BehaviorSearch/Step6_Trial""","true","0","1","0","0","true","false","""-1065036071""","0.21503495061781558","0.21503495061781558","0.21503495061781558","0","0.21503495061781558"
"1","389","155856","1000","1","""HK""","0.09","false","""normal""","1","""constant""","0.2","""Scale-free""","1","0","1","""uniform""","""deterministic-normal""","0","0","1","""uniform""","0","0","false","""/home/ramaswamy.51/Documents/github/Spirals/Media/data/cluster/endsim/BehaviorSearch/Step6_Trial""","true","0","1","0","0","true","false","""-638360903""","0.2547505211074547","0.2547505211074547","0.2547505211074547","0","0.2547505211074547"
"1","390","155856","1000","1","""HK""","0.09","false","""normal""","1","""constant""","0.2","""Scale-free""","1","0","1","""uniform""","""deterministic-normal""","0","0","1","""uniform""","0","0","false","""/home/ramaswamy.51/Documents/github/Spirals/Media/data/cluster/endsim/BehaviorSearch/Step6_Trial""","true","0","1","0","0","true","false","""562051293""","0.2643996664158122","0.2643996664158122","0.2643996664158122","0","0.2643996664158122"
"1","391","155856","1000","1","""HK""","0.09","false","""normal""","1","""constant""","0.2","""Scale-free""","1","0","1","""uniform""","""deterministic-normal""","0","0","1","""uniform""","0","0","false","""/home/ramaswamy.51/Documents/github/Spirals/Media/data/cluster/endsim/BehaviorSearch/Step6_Trial""","true","0","1","0","0","true","false","""-332494627""","0.2648416939325934","0.2648416939325934","0.2648416939325934","0","0.2648416939325934"
"1","392","155856","1000","1","""HK""","0.09","false","""normal""","1","""constant""","0.2","""Scale-free""","1","0","1","""uniform""","""deterministic-normal""","0","0","1","""uniform""","0","0","false","""/home/ramaswamy.51/Documents/github/Spirals/Media/data/cluster/endsim/BehaviorSearch/Step6_Trial""","true","0","1","0","0","true","false","""1061682245""","0.2388593535093139","0.2388593535093139","0.2388593535093139","0","0.2388593535093139"
"1","393","176192","1000","1","""HK""","0.05","false","""normal""","1","""constant""","0.30000000000000004","""Scale-free""","1","0","1","""uniform""","""deterministic-normal""","0","0","1","""uniform""","0","0","false","""/home/ramaswamy.51/Documents/github/Spirals/Media/data/cluster/endsim/BehaviorSearch/Step6_Trial""","true","0","1","0","0","true","false","""2142258488""","0.27978652451899244","0.27978652451899244","0.27978652451899244","0","0.27978652451899244"
"1","394","176192","1000","1","""HK""","0.05","false","""normal""","1","""constant""","0.30000000000000004","""Scale-free""","1","0","1","""uniform""","""deterministic-normal""","0","0","1","""uniform""","0","0","false","""/home/ramaswamy.51/Documents/github/Spirals/Media/data/cluster/endsim/BehaviorSearch/Step6_Trial""","true","0","1","0","0","true","false","""-1055530016""","0.26614040400511507","0.26614040400511507","0.26614040400511507","0","0.26614040400511507"
"1","395","176192","1000","1","""HK""","0.05","false","""normal""","1","""constant""","0.30000000000000004","""Scale-free""","1","0","1","""uniform""","""deterministic-normal""","0","0","1","""uniform""","0","0","false","""/home/ramaswamy.51/Documents/github/Spirals/Media/data/cluster/endsim/BehaviorSearch/Step6_Trial""","true","0","1","0","0","true","false","""1689469256""","0.29414691308319113","0.29414691308319113","0.29414691308319113","0","0.29414691308319113"
"1","396","176192","1000","1","""HK""","0.05","false","""normal""","1","""constant""","0.30000000000000004","""Scale-free""","1","0","1","""uniform""","""deterministic-normal""","0","0","1","""uniform""","0","0","false","""/home/ramaswamy.51/Documents/github/Spirals/Media/data/cluster/endsim/BehaviorSearch/Step6_Trial""","true","0","1","0","0","true","false","""-1652311774""","0.27316636987150916","0.27316636987150916","0.27316636987150916","0","0.27316636987150916"
"1","397","186952","1000","1","""HK""","0.02","false","""normal""","1","""constant""","0","""Scale-free""","2","0","1","""uniform""","""deterministic-normal""","0","0","1","""uniform""","0","0","false","""/home/ramaswamy.51/Documents/github/Spirals/Media/data/cluster/endsim/BehaviorSearch/Step6_Trial""","true","0","1","0","0","true","false","""1569842231""","0.18623103978175568","0.18623103978175568","0.18623103978175568","0","0.18623103978175568"
"1","398","186952","1000","1","""HK""","0.02","false","""normal""","1","""constant""","0","""Scale-free""","2","0","1","""uniform""","""deterministic-normal""","0","0","1","""uniform""","0","0","false","""/home/ramaswamy.51/Documents/github/Spirals/Media/data/cluster/endsim/BehaviorSearch/Step6_Trial""","true","0","1","0","0","true","false","""933157114""","0.18788740952309074","0.18788740952309074","0.18788740952309074","0","0.18788740952309074"
"1","399","186952","1000","1","""HK""","0.02","false","""normal""","1","""constant""","0","""Scale-free""","2","0","1","""uniform""","""deterministic-normal""","0","0","1","""uniform""","0","0","false","""/home/ramaswamy.51/Documents/github/Spirals/Media/data/cluster/endsim/BehaviorSearch/Step6_Trial""","true","0","1","0","0","true","false","""1852062546""","0.18788613999275722","0.18788613999275722","0.18788613999275722","0","0.18788613999275722"
"1","400","186952","1000","1","""HK""","0.02","false","""normal""","1","""constant""","0","""Scale-free""","2","0","1","""uniform""","""deterministic-normal""","0","0","1","""uniform""","0","0","false","""/home/ramaswamy.51/Documents/github/Spirals/Media/data/cluster/endsim/BehaviorSearch/Step6_Trial""","true","0","1","0","0","true","false","""454039802""","0.18772723100425986","0.18772723100425986","0.18772723100425986","0","0.18772723100425986"
"1","401","193512","1000","1","""HK""","0.09999999999999999","false","""normal""","1","""constant""","0","""Scale-free""","1","0","1","""uniform""","""deterministic-normal""","0","0","1","""uniform""","0","0","false","""/home/ramaswamy.51/Documents/github/Spirals/Media/data/cluster/endsim/BehaviorSearch/Step6_Trial""","true","0","1","0","0","true","false","""1415442231""","0.24123898389155962","0.24123898389155962","0.24123898389155962","0","0.24123898389155962"
"1","402","193512","1000","1","""HK""","0.09999999999999999","false","""normal""","1","""constant""","0","""Scale-free""","1","0","1","""uniform""","""deterministic-normal""","0","0","1","""uniform""","0","0","false","""/home/ramaswamy.51/Documents/github/Spirals/Media/data/cluster/endsim/BehaviorSearch/Step6_Trial""","true","0","1","0","0","true","false","""-1407183252""","0.2421879784102178","0.2421879784102178","0.2421879784102178","0","0.2421879784102178"
"1","403","193512","1000","1","""HK""","0.09999999999999999","false","""normal""","1","""constant""","0","""Scale-free""","1","0","1","""uniform""","""deterministic-normal""","0","0","1","""uniform""","0","0","false","""/home/ramaswamy.51/Documents/github/Spirals/Media/data/cluster/endsim/BehaviorSearch/Step6_Trial""","true","0","1","0","0","true","false","""2027200499""","0.21335267757993767","0.21335267757993767","0.21335267757993767","0","0.21335267757993767"
"1","404","193512","1000","1","""HK""","0.09999999999999999","false","""normal""","1","""constant""","0","""Scale-free""","1","0","1","""uniform""","""deterministic-normal""","0","0","1","""uniform""","0","0","false","""/home/ramaswamy.51/Documents/github/Spirals/Media/data/cluster/endsim/BehaviorSearch/Step6_Trial""","true","0","1","0","0","true","false","""-422013416""","0.24988644597034987","0.24988644597034987","0.24988644597034987","0","0.24988644597034987"
"1","405","203416","1000","1","""HK""","0.13","false","""normal""","1","""constant""","0.1","""Scale-free""","1","0","1","""uniform""","""deterministic-normal""","0","0","1","""uniform""","0","0","false","""/home/ramaswamy.51/Documents/github/Spirals/Media/data/cluster/endsim/BehaviorSearch/Step6_Trial""","true","0","1","0","0","true","false","""-1872966373""","0.21491824487744163","0.21491824487744163","0.21491824487744163","0","0.21491824487744163"
"1","406","203416","1000","1","""HK""","0.13","false","""normal""","1","""constant""","0.1","""Scale-free""","1","0","1","""uniform""","""deterministic-normal""","0","0","1","""uniform""","0","0","false","""/home/ramaswamy.51/Documents/github/Spirals/Media/data/cluster/endsim/BehaviorSearch/Step6_Trial""","true","0","1","0","0","true","false","""-2037313792""","0.2298640217893302","0.2298640217893302","0.2298640217893302","0","0.2298640217893302"
"1","407","203416","1000","1","""HK""","0.13","false","""normal""","1","""constant""","0.1","""Scale-free""","1","0","1","""uniform""","""deterministic-normal""","0","0","1","""uniform""","0","0","false","""/home/ramaswamy.51/Documents/github/Spirals/Media/data/cluster/endsim/BehaviorSearch/Step6_Trial""","true","0","1","0","0","true","false","""459017700""","0.2094515469855377","0.2094515469855377","0.2094515469855377","0","0.2094515469855377"
"1","408","203416","1000","1","""HK""","0.13","false","""normal""","1","""constant""","0.1","""Scale-free""","1","0","1","""uniform""","""deterministic-normal""","0","0","1","""uniform""","0","0","false","""/home/ramaswamy.51/Documents/github/Spirals/Media/data/cluster/endsim/BehaviorSearch/Step6_Trial""","true","0","1","0","0","true","false","""1004549965""","0.23281944109919342","0.23281944109919342","0.23281944109919342","0","0.23281944109919342"
"1","409","212536","1000","1","""HK""","0.09999999999999999","false","""normal""","1","""constant""","0.1","""Scale-free""","2","0","1","""uniform""","""deterministic-normal""","0","0","1","""uniform""","0","0","false","""/home/ramaswamy.51/Documents/github/Spirals/Media/data/cluster/endsim/BehaviorSearch/Step6_Trial""","true","0","1","0","0","true","false","""1426824793""","0.23791582451437066","0.23791582451437066","0.23791582451437066","0","0.23791582451437066"
"1","410","212536","1000","1","""HK""","0.09999999999999999","false","""normal""","1","""constant""","0.1","""Scale-free""","2","0","1","""uniform""","""deterministic-normal""","0","0","1","""uniform""","0","0","false","""/home/ramaswamy.51/Documents/github/Spirals/Media/data/cluster/endsim/BehaviorSearch/Step6_Trial""","true","0","1","0","0","true","false","""-456165215""","0.2476634577725459","0.2476634577725459","0.2476634577725459","0","0.2476634577725459"
"1","411","212536","1000","1","""HK""","0.09999999999999999","false","""normal""","1","""constant""","0.1","""Scale-free""","2","0","1","""uniform""","""deterministic-normal""","0","0","1","""uniform""","0","0","false","""/home/ramaswamy.51/Documents/github/Spirals/Media/data/cluster/endsim/BehaviorSearch/Step6_Trial""","true","0","1","0","0","true","false","""1603612927""","0.25813724664704957","0.25813724664704957","0.25813724664704957","0","0.25813724664704957"
"1","412","212536","1000","1","""HK""","0.09999999999999999","false","""normal""","1","""constant""","0.1","""Scale-free""","2","0","1","""uniform""","""deterministic-normal""","0","0","1","""uniform""","0","0","false","""/home/ramaswamy.51/Documents/github/Spirals/Media/data/cluster/endsim/BehaviorSearch/Step6_Trial""","true","0","1","0","0","true","false","""963513368""","0.22789954738358167","0.22789954738358167","0.22789954738358167","0","0.22789954738358167"
"1","413","221604","1000","1","""HK""","0.09","false","""normal""","1","""constant""","0.1","""Scale-free""","2","0","1","""uniform""","""deterministic-normal""","0","0","1","""uniform""","0","0","false","""/home/ramaswamy.51/Documents/github/Spirals/Media/data/cluster/endsim/BehaviorSearch/Step6_Trial""","true","0","1","0","0","true","false","""958281060""","0.20044766972446665","0.20044766972446665","0.20044766972446665","0","0.20044766972446665"
"1","414","221604","1000","1","""HK""","0.09","false","""normal""","1","""constant""","0.1","""Scale-free""","2","0","1","""uniform""","""deterministic-normal""","0","0","1","""uniform""","0","0","false","""/home/ramaswamy.51/Documents/github/Spirals/Media/data/cluster/endsim/BehaviorSearch/Step6_Trial""","true","0","1","0","0","true","false","""-2097422549""","0.22852132535930791","0.22852132535930791","0.22852132535930791","0","0.22852132535930791"
"1","415","221604","1000","1","""HK""","0.09","false","""normal""","1","""constant""","0.1","""Scale-free""","2","0","1","""uniform""","""deterministic-normal""","0","0","1","""uniform""","0","0","false","""/home/ramaswamy.51/Documents/github/Spirals/Media/data/cluster/endsim/BehaviorSearch/Step6_Trial""","true","0","1","0","0","true","false","""1797341571""","0.19901081719271047","0.19901081719271047","0.19901081719271047","0","0.19901081719271047"
"1","416","221604","1000","1","""HK""","0.09","false","""normal""","1","""constant""","0.1","""Scale-free""","2","0","1","""uniform""","""deterministic-normal""","0","0","1","""uniform""","0","0","false","""/home/ramaswamy.51/Documents/github/Spirals/Media/data/cluster/endsim/BehaviorSearch/Step6_Trial""","true","0","1","0","0","true","false","""-2118777899""","0.21808853860038907","0.21808853860038907","0.21808853860038907","0","0.21808853860038907"
"1","417","252172","1000","1","""HK""","0.04","false","""normal""","1","""constant""","0","""Scale-free""","2","0","1","""uniform""","""deterministic-normal""","0","0","1","""uniform""","0","0","false","""/home/ramaswamy.51/Documents/github/Spirals/Media/data/cluster/endsim/BehaviorSearch/Step6_Trial""","true","0","1","0","0","true","false","""1367395368""","0.1963541740889725","0.1963541740889725","0.1963541740889725","0","0.1963541740889725"
"1","418","252172","1000","1","""HK""","0.04","false","""normal""","1","""constant""","0","""Scale-free""","2","0","1","""uniform""","""deterministic-normal""","0","0","1","""uniform""","0","0","false","""/home/ramaswamy.51/Documents/github/Spirals/Media/data/cluster/endsim/BehaviorSearch/Step6_Trial""","true","0","1","0","0","true","false","""-2023215773""","0.20437009221183614","0.20437009221183614","0.20437009221183614","0","0.20437009221183614"
"1","419","252172","1000","1","""HK""","0.04","false","""normal""","1","""constant""","0","""Scale-free""","2","0","1","""uniform""","""deterministic-normal""","0","0","1","""uniform""","0","0","false","""/home/ramaswamy.51/Documents/github/Spirals/Media/data/cluster/endsim/BehaviorSearch/Step6_Trial""","true","0","1","0","0","true","false","""2003551863""","0.20040584822957583","0.20040584822957583","0.20040584822957583","0","0.20040584822957583"
"1","420","252172","1000","1","""HK""","0.04","false","""normal""","1","""constant""","0","""Scale-free""","2","0","1","""uniform""","""deterministic-normal""","0","0","1","""uniform""","0","0","false","""/home/ramaswamy.51/Documents/github/Spirals/Media/data/cluster/endsim/BehaviorSearch/Step6_Trial""","true","0","1","0","0","true","false","""-1180202359""","0.1960010814611752","0.1960010814611752","0.1960010814611752","0","0.1960010814611752"
"1","421","264708","1000","1","""HK""","0.02","false","""normal""","1","""constant""","0.30000000000000004","""Scale-free""","1","0","1","""uniform""","""deterministic-normal""","0","0","1","""uniform""","0","0","false","""/home/ramaswamy.51/Documents/github/Spirals/Media/data/cluster/endsim/BehaviorSearch/Step6_Trial""","true","0","1","0","0","true","false","""2117037752""","0.2799955629782613","0.2799955629782613","0.2799955629782613","0","0.2799955629782613"
"1","422","264708","1000","1","""HK""","0.02","false","""normal""","1","""constant""","0.30000000000000004","""Scale-free""","1","0","1","""uniform""","""deterministic-normal""","0","0","1","""uniform""","0","0","false","""/home/ramaswamy.51/Documents/github/Spirals/Media/data/cluster/endsim/BehaviorSearch/Step6_Trial""","true","0","1","0","0","true","false","""1671761484""","0.2616250124461394","0.2616250124461394","0.2616250124461394","0","0.2616250124461394"
"1","423","264708","1000","1","""HK""","0.02","false","""normal""","1","""constant""","0.30000000000000004","""Scale-free""","1","0","1","""uniform""","""deterministic-normal""","0","0","1","""uniform""","0","0","false","""/home/ramaswamy.51/Documents/github/Spirals/Media/data/cluster/endsim/BehaviorSearch/Step6_Trial""","true","0","1","0","0","true","false","""1056618184""","0.25572572486433226","0.25572572486433226","0.25572572486433226","0","0.25572572486433226"
"1","424","264708","1000","1","""HK""","0.02","false","""normal""","1","""constant""","0.30000000000000004","""Scale-free""","1","0","1","""uniform""","""deterministic-normal""","0","0","1","""uniform""","0","0","false","""/home/ramaswamy.51/Documents/github/Spirals/Media/data/cluster/endsim/BehaviorSearch/Step6_Trial""","true","0","1","0","0","true","false","""150357615""","0.26028218003324444","0.26028218003324444","0.26028218003324444","0","0.26028218003324444"
"1","425","318352","1000","1","""HK""","0.060000000000000005","false","""normal""","1","""constant""","0.30000000000000004","""Scale-free""","1","0","1","""uniform""","""deterministic-normal""","0","0","1","""uniform""","0","0","false","""/home/ramaswamy.51/Documents/github/Spirals/Media/data/cluster/endsim/BehaviorSearch/Step6_Trial""","true","0","1","0","0","true","false","""-986457043""","0.2753509635353168","0.2753509635353168","0.2753509635353168","0","0.2753509635353168"
"1","426","318352","1000","1","""HK""","0.060000000000000005","false","""normal""","1","""constant""","0.30000000000000004","""Scale-free""","1","0","1","""uniform""","""deterministic-normal""","0","0","1","""uniform""","0","0","false","""/home/ramaswamy.51/Documents/github/Spirals/Media/data/cluster/endsim/BehaviorSearch/Step6_Trial""","true","0","1","0","0","true","false","""421835504""","0.2782309564398284","0.2782309564398284","0.2782309564398284","0","0.2782309564398284"
"1","427","318352","1000","1","""HK""","0.060000000000000005","false","""normal""","1","""constant""","0.30000000000000004","""Scale-free""","1","0","1","""uniform""","""deterministic-normal""","0","0","1","""uniform""","0","0","false","""/home/ramaswamy.51/Documents/github/Spirals/Media/data/cluster/endsim/BehaviorSearch/Step6_Trial""","true","0","1","0","0","true","false","""-1621022110""","0.2793173798520276","0.2793173798520276","0.2793173798520276","0","0.2793173798520276"
"1","428","318352","1000","1","""HK""","0.060000000000000005","false","""normal""","1","""constant""","0.30000000000000004","""Scale-free""","1","0","1","""uniform""","""deterministic-normal""","0","0","1","""uniform""","0","0","false","""/home/ramaswamy.51/Documents/github/Spirals/Media/data/cluster/endsim/BehaviorSearch/Step6_Trial""","true","0","1","0","0","true","false","""-1127935714""","0.2991279968151778","0.2991279968151778","0.2991279968151778","0","0.2991279968151778"
"1","429","341048","1000","1","""HK""","0.05","false","""normal""","1","""constant""","0","""Scale-free""","2","0","1","""uniform""","""deterministic-normal""","0","0","1","""uniform""","0","0","false","""/home/ramaswamy.51/Documents/github/Spirals/Media/data/cluster/endsim/BehaviorSearch/Step6_Trial""","true","0","1","0","0","true","false","""-1881561222""","0.25428220016453884","0.25428220016453884","0.25428220016453884","0","0.25428220016453884"
"1","430","341048","1000","1","""HK""","0.05","false","""normal""","1","""constant""","0","""Scale-free""","2","0","1","""uniform""","""deterministic-normal""","0","0","1","""uniform""","0","0","false","""/home/ramaswamy.51/Documents/github/Spirals/Media/data/cluster/endsim/BehaviorSearch/Step6_Trial""","true","0","1","0","0","true","false","""-745250408""","0.2490819759527543","0.2490819759527543","0.2490819759527543","0","0.2490819759527543"
"1","431","341048","1000","1","""HK""","0.05","false","""normal""","1","""constant""","0","""Scale-free""","2","0","1","""uniform""","""deterministic-normal""","0","0","1","""uniform""","0","0","false","""/home/ramaswamy.51/Documents/github/Spirals/Media/data/cluster/endsim/BehaviorSearch/Step6_Trial""","true","0","1","0","0","true","false","""1416965216""","0.2475229804543912","0.2475229804543912","0.2475229804543912","0","0.2475229804543912"
"1","432","341048","1000","1","""HK""","0.05","false","""normal""","1","""constant""","0","""Scale-free""","2","0","1","""uniform""","""deterministic-normal""","0","0","1","""uniform""","0","0","false","""/home/ramaswamy.51/Documents/github/Spirals/Media/data/cluster/endsim/BehaviorSearch/Step6_Trial""","true","0","1","0","0","true","false","""-733624311""","0.24982020891609683","0.24982020891609683","0.24982020891609683","0","0.24982020891609683"
"1","433","345764","1000","1","""HK""","0.09","false","""normal""","1","""constant""","0","""Scale-free""","2","0","1","""uniform""","""deterministic-normal""","0","0","1","""uniform""","0","0","false","""/home/ramaswamy.51/Documents/github/Spirals/Media/data/cluster/endsim/BehaviorSearch/Step6_Trial""","true","0","1","0","0","true","false","""33812810""","0.2459711204035735","0.2459711204035735","0.2459711204035735","0","0.2459711204035735"
"1","434","345764","1000","1","""HK""","0.09","false","""normal""","1","""constant""","0","""Scale-free""","2","0","1","""uniform""","""deterministic-normal""","0","0","1","""uniform""","0","0","false","""/home/ramaswamy.51/Documents/github/Spirals/Media/data/cluster/endsim/BehaviorSearch/Step6_Trial""","true","0","1","0","0","true","false","""-1026960836""","0.23615384554437283","0.23615384554437283","0.23615384554437283","0","0.23615384554437283"
"1","435","345764","1000","1","""HK""","0.09","false","""normal""","1","""constant""","0","""Scale-free""","2","0","1","""uniform""","""deterministic-normal""","0","0","1","""uniform""","0","0","false","""/home/ramaswamy.51/Documents/github/Spirals/Media/data/cluster/endsim/BehaviorSearch/Step6_Trial""","true","0","1","0","0","true","false","""-1095176973""","0.2899631009211676","0.2899631009211676","0.2899631009211676","0","0.2899631009211676"
"1","436","345764","1000","1","""HK""","0.09","false","""normal""","1","""constant""","0","""Scale-free""","2","0","1","""uniform""","""deterministic-normal""","0","0","1","""uniform""","0","0","false","""/home/ramaswamy.51/Documents/github/Spirals/Media/data/cluster/endsim/BehaviorSearch/Step6_Trial""","true","0","1","0","0","true","false","""1302272450""","0.22948433363375775","0.22948433363375775","0.22948433363375775","0","0.22948433363375775"
"1","437","384344","1000","1","""HK""","0.03","false","""normal""","1","""constant""","0.30000000000000004","""Scale-free""","1","0","1","""uniform""","""deterministic-normal""","0","0","1","""uniform""","0","0","false","""/home/ramaswamy.51/Documents/github/Spirals/Media/data/cluster/endsim/BehaviorSearch/Step6_Trial""","true","0","1","0","0","true","false","""-772337854""","0.2769106749144183","0.2769106749144183","0.2769106749144183","0","0.2769106749144183"
"1","438","384344","1000","1","""HK""","0.03","false","""normal""","1","""constant""","0.30000000000000004","""Scale-free""","1","0","1","""uniform""","""deterministic-normal""","0","0","1","""uniform""","0","0","false","""/home/ramaswamy.51/Documents/github/Spirals/Media/data/cluster/endsim/BehaviorSearch/Step6_Trial""","true","0","1","0","0","true","false","""-1368581465""","0.2643448774085837","0.2643448774085837","0.2643448774085837","0","0.2643448774085837"
"1","439","384344","1000","1","""HK""","0.03","false","""normal""","1","""constant""","0.30000000000000004","""Scale-free""","1","0","1","""uniform""","""deterministic-normal""","0","0","1","""uniform""","0","0","false","""/home/ramaswamy.51/Documents/github/Spirals/Media/data/cluster/endsim/BehaviorSearch/Step6_Trial""","true","0","1","0","0","true","false","""1208427748""","0.270089347928991","0.270089347928991","0.270089347928991","0","0.270089347928991"
"1","440","384344","1000","1","""HK""","0.03","false","""normal""","1","""constant""","0.30000000000000004","""Scale-free""","1","0","1","""uniform""","""deterministic-normal""","0","0","1","""uniform""","0","0","false","""/home/ramaswamy.51/Documents/github/Spirals/Media/data/cluster/endsim/BehaviorSearch/Step6_Trial""","true","0","1","0","0","true","false","""994660074""","0.27966858454282983","0.27966858454282983","0.27966858454282983","0","0.27966858454282983"
"1","441","535852","1000","1","""HK""","0.09999999999999999","false","""normal""","1","""constant""","0.2","""Scale-free""","1","0","1","""uniform""","""deterministic-normal""","0","0","1","""uniform""","0","0","false","""/home/ramaswamy.51/Documents/github/Spirals/Media/data/cluster/endsim/BehaviorSearch/Step6_Trial""","true","0","1","0","0","true","false","""-114598098""","0.26058820292536766","0.26058820292536766","0.26058820292536766","0","0.26058820292536766"
"1","442","535852","1000","1","""HK""","0.09999999999999999","false","""normal""","1","""constant""","0.2","""Scale-free""","1","0","1","""uniform""","""deterministic-normal""","0","0","1","""uniform""","0","0","false","""/home/ramaswamy.51/Documents/github/Spirals/Media/data/cluster/endsim/BehaviorSearch/Step6_Trial""","true","0","1","0","0","true","false","""-1713613162""","0.23024491023115384","0.23024491023115384","0.23024491023115384","0","0.23024491023115384"
"1","443","535852","1000","1","""HK""","0.09999999999999999","false","""normal""","1","""constant""","0.2","""Scale-free""","1","0","1","""uniform""","""deterministic-normal""","0","0","1","""uniform""","0","0","false","""/home/ramaswamy.51/Documents/github/Spirals/Media/data/cluster/endsim/BehaviorSearch/Step6_Trial""","true","0","1","0","0","true","false","""-270533531""","0.23836266448775512","0.23836266448775512","0.23836266448775512","0","0.23836266448775512"
"1","444","535852","1000","1","""HK""","0.09999999999999999","false","""normal""","1","""constant""","0.2","""Scale-free""","1","0","1","""uniform""","""deterministic-normal""","0","0","1","""uniform""","0","0","false","""/home/ramaswamy.51/Documents/github/Spirals/Media/data/cluster/endsim/BehaviorSearch/Step6_Trial""","true","0","1","0","0","true","false","""-246944927""","0.26869359578467433","0.26869359578467433","0.26869359578467433","0","0.26869359578467433"
"1","445","605232","1000","1","""HK""","0.060000000000000005","false","""normal""","1","""constant""","0","""Scale-free""","2","0","1","""uniform""","""deterministic-normal""","0","0","1","""uniform""","0","0","false","""/home/ramaswamy.51/Documents/github/Spirals/Media/data/cluster/endsim/BehaviorSearch/Step6_Trial""","true","0","1","0","0","true","false","""1509465924""","0.2600052934394676","0.2600052934394676","0.2600052934394676","0","0.2600052934394676"
"1","446","605232","1000","1","""HK""","0.060000000000000005","false","""normal""","1","""constant""","0","""Scale-free""","2","0","1","""uniform""","""deterministic-normal""","0","0","1","""uniform""","0","0","false","""/home/ramaswamy.51/Documents/github/Spirals/Media/data/cluster/endsim/BehaviorSearch/Step6_Trial""","true","0","1","0","0","true","false","""230548578""","0.2515421082302863","0.2515421082302863","0.2515421082302863","0","0.2515421082302863"
"1","447","605232","1000","1","""HK""","0.060000000000000005","false","""normal""","1","""constant""","0","""Scale-free""","2","0","1","""uniform""","""deterministic-normal""","0","0","1","""uniform""","0","0","false","""/home/ramaswamy.51/Documents/github/Spirals/Media/data/cluster/endsim/BehaviorSearch/Step6_Trial""","true","0","1","0","0","true","false","""-79428115""","0.26790058036757436","0.26790058036757436","0.26790058036757436","0","0.26790058036757436"
"1","448","605232","1000","1","""HK""","0.060000000000000005","false","""normal""","1","""constant""","0","""Scale-free""","2","0","1","""uniform""","""deterministic-normal""","0","0","1","""uniform""","0","0","false","""/home/ramaswamy.51/Documents/github/Spirals/Media/data/cluster/endsim/BehaviorSearch/Step6_Trial""","true","0","1","0","0","true","false","""426270897""","0.2628613212735763","0.2628613212735763","0.2628613212735763","0","0.2628613212735763"
"1","449","638632","1000","1","""HK""","0.08","false","""normal""","1","""constant""","0","""Scale-free""","2","0","1","""uniform""","""deterministic-normal""","0","0","1","""uniform""","0","0","false","""/home/ramaswamy.51/Documents/github/Spirals/Media/data/cluster/endsim/BehaviorSearch/Step6_Trial""","true","0","1","0","0","true","false","""1373475626""","0.260787392549725","0.260787392549725","0.260787392549725","0","0.260787392549725"
"1","450","638632","1000","1","""HK""","0.08","false","""normal""","1","""constant""","0","""Scale-free""","2","0","1","""uniform""","""deterministic-normal""","0","0","1","""uniform""","0","0","false","""/home/ramaswamy.51/Documents/github/Spirals/Media/data/cluster/endsim/BehaviorSearch/Step6_Trial""","true","0","1","0","0","true","false","""-915475071""","0.30518609181769635","0.30518609181769635","0.30518609181769635","0","0.30518609181769635"
"1","451","638632","1000","1","""HK""","0.08","false","""normal""","1","""constant""","0","""Scale-free""","2","0","1","""uniform""","""deterministic-normal""","0","0","1","""uniform""","0","0","false","""/home/ramaswamy.51/Documents/github/Spirals/Media/data/cluster/endsim/BehaviorSearch/Step6_Trial""","true","0","1","0","0","true","false","""1908056970""","0.2798215315465861","0.2798215315465861","0.2798215315465861","0","0.2798215315465861"
"1","452","638632","1000","1","""HK""","0.08","false","""normal""","1","""constant""","0","""Scale-free""","2","0","1","""uniform""","""deterministic-normal""","0","0","1","""uniform""","0","0","false","""/home/ramaswamy.51/Documents/github/Spirals/Media/data/cluster/endsim/BehaviorSearch/Step6_Trial""","true","0","1","0","0","true","false","""-1171057811""","0.22119295881299286","0.22119295881299286","0.22119295881299286","0","0.22119295881299286"
"1","453","1255884","1000","1","""HK""","0.06999999999999999","false","""normal""","1","""constant""","0.30000000000000004","""Scale-free""","1","0","1","""uniform""","""deterministic-normal""","0","0","1","""uniform""","0","0","false","""/home/ramaswamy.51/Documents/github/Spirals/Media/data/cluster/endsim/BehaviorSearch/Step6_Trial""","true","0","1","0","0","true","false","""312598656""","0.26645688568289333","0.26645688568289333","0.26645688568289333","0","0.26645688568289333"
"1","454","1255884","1000","1","""HK""","0.06999999999999999","false","""normal""","1","""constant""","0.30000000000000004","""Scale-free""","1","0","1","""uniform""","""deterministic-normal""","0","0","1","""uniform""","0","0","false","""/home/ramaswamy.51/Documents/github/Spirals/Media/data/cluster/endsim/BehaviorSearch/Step6_Trial""","true","0","1","0","0","true","false","""1787351168""","0.2779130905372158","0.2779130905372158","0.2779130905372158","0","0.2779130905372158"
"1","455","1255884","1000","1","""HK""","0.06999999999999999","false","""normal""","1","""constant""","0.30000000000000004","""Scale-free""","1","0","1","""uniform""","""deterministic-normal""","0","0","1","""uniform""","0","0","false","""/home/ramaswamy.51/Documents/github/Spirals/Media/data/cluster/endsim/BehaviorSearch/Step6_Trial""","true","0","1","0","0","true","false","""1873910191""","0.2751178637364256","0.2751178637364256","0.2751178637364256","0","0.2751178637364256"
"1","456","1255884","1000","1","""HK""","0.06999999999999999","false","""normal""","1","""constant""","0.30000000000000004","""Scale-free""","1","0","1","""uniform""","""deterministic-normal""","0","0","1","""uniform""","0","0","false","""/home/ramaswamy.51/Documents/github/Spirals/Media/data/cluster/endsim/BehaviorSearch/Step6_Trial""","true","0","1","0","0","true","false","""1929258706""","0.2654963965376587","0.2654963965376587","0.2654963965376587","0","0.2654963965376587"
"1","457","1315744","1000","1","""HK""","0.06999999999999999","false","""normal""","1","""constant""","0","""Scale-free""","2","0","1","""uniform""","""deterministic-normal""","0","0","1","""uniform""","0","0","false","""/home/ramaswamy.51/Documents/github/Spirals/Media/data/cluster/endsim/BehaviorSearch/Step6_Trial""","true","0","1","0","0","true","false","""1137539558""","0.20909219614719177","0.20909219614719177","0.20909219614719177","0","0.20909219614719177"
"1","458","1315744","1000","1","""HK""","0.06999999999999999","false","""normal""","1","""constant""","0","""Scale-free""","2","0","1","""uniform""","""deterministic-normal""","0","0","1","""uniform""","0","0","false","""/home/ramaswamy.51/Documents/github/Spirals/Media/data/cluster/endsim/BehaviorSearch/Step6_Trial""","true","0","1","0","0","true","false","""92709931""","0.2723588838362816","0.2723588838362816","0.2723588838362816","0","0.2723588838362816"
"1","459","1315744","1000","1","""HK""","0.06999999999999999","false","""normal""","1","""constant""","0","""Scale-free""","2","0","1","""uniform""","""deterministic-normal""","0","0","1","""uniform""","0","0","false","""/home/ramaswamy.51/Documents/github/Spirals/Media/data/cluster/endsim/BehaviorSearch/Step6_Trial""","true","0","1","0","0","true","false","""-596898684""","0.28417867777621847","0.28417867777621847","0.28417867777621847","0","0.28417867777621847"
"1","460","1315744","1000","1","""HK""","0.06999999999999999","false","""normal""","1","""constant""","0","""Scale-free""","2","0","1","""uniform""","""deterministic-normal""","0","0","1","""uniform""","0","0","false","""/home/ramaswamy.51/Documents/github/Spirals/Media/data/cluster/endsim/BehaviorSearch/Step6_Trial""","true","0","1","0","0","true","false","""-1547995917""","0.2785444705233262","0.2785444705233262","0.2785444705233262","0","0.2785444705233262"
"1","461","1435472","1000","1","""HK""","0.09","false","""normal""","1","""constant""","0.2","""Scale-free""","2","0","1","""uniform""","""deterministic-normal""","0","0","1","""uniform""","0","0","false","""/home/ramaswamy.51/Documents/github/Spirals/Media/data/cluster/endsim/BehaviorSearch/Step6_Trial""","true","0","1","0","0","true","false","""-1634995990""","0.2850066629476612","0.2850066629476612","0.2850066629476612","0","0.2850066629476612"
"1","462","1435472","1000","1","""HK""","0.09","false","""normal""","1","""constant""","0.2","""Scale-free""","2","0","1","""uniform""","""deterministic-normal""","0","0","1","""uniform""","0","0","false","""/home/ramaswamy.51/Documents/github/Spirals/Media/data/cluster/endsim/BehaviorSearch/Step6_Trial""","true","0","1","0","0","true","false","""-581230557""","0.29441775148283117","0.29441775148283117","0.29441775148283117","0","0.29441775148283117"
"1","463","1435472","1000","1","""HK""","0.09","false","""normal""","1","""constant""","0.2","""Scale-free""","2","0","1","""uniform""","""deterministic-normal""","0","0","1","""uniform""","0","0","false","""/home/ramaswamy.51/Documents/github/Spirals/Media/data/cluster/endsim/BehaviorSearch/Step6_Trial""","true","0","1","0","0","true","false","""2116892868""","0.2718444161507104","0.2718444161507104","0.2718444161507104","0","0.2718444161507104"
"1","464","1435472","1000","1","""HK""","0.09","false","""normal""","1","""constant""","0.2","""Scale-free""","2","0","1","""uniform""","""deterministic-normal""","0","0","1","""uniform""","0","0","false","""/home/ramaswamy.51/Documents/github/Spirals/Media/data/cluster/endsim/BehaviorSearch/Step6_Trial""","true","0","1","0","0","true","false","""-1089502965""","0.2816311368999447","0.2816311368999447","0.2816311368999447","0","0.2816311368999447"
"1","465","2500696","1000","1","""HK""","0.06999999999999999","false","""normal""","1","""constant""","0.30000000000000004","""Scale-free""","2","0","1","""uniform""","""deterministic-normal""","0","0","1","""uniform""","0","0","false","""/home/ramaswamy.51/Documents/github/Spirals/Media/data/cluster/endsim/BehaviorSearch/Step6_Trial""","true","0","1","0","0","true","false","""-1369781177""","0.30173784878443327","0.30173784878443327","0.30173784878443327","0","0.30173784878443327"
"1","466","2500696","1000","1","""HK""","0.06999999999999999","false","""normal""","1","""constant""","0.30000000000000004","""Scale-free""","2","0","1","""uniform""","""deterministic-normal""","0","0","1","""uniform""","0","0","false","""/home/ramaswamy.51/Documents/github/Spirals/Media/data/cluster/endsim/BehaviorSearch/Step6_Trial""","true","0","1","0","0","true","false","""1695104773""","0.3135313617155834","0.3135313617155834","0.3135313617155834","0","0.3135313617155834"
"1","467","2500696","1000","1","""HK""","0.06999999999999999","false","""normal""","1","""constant""","0.30000000000000004","""Scale-free""","2","0","1","""uniform""","""deterministic-normal""","0","0","1","""uniform""","0","0","false","""/home/ramaswamy.51/Documents/github/Spirals/Media/data/cluster/endsim/BehaviorSearch/Step6_Trial""","true","0","1","0","0","true","false","""-1764041365""","0.30081875954223214","0.30081875954223214","0.30081875954223214","0","0.30081875954223214"
"1","468","2500696","1000","1","""HK""","0.06999999999999999","false","""normal""","1","""constant""","0.30000000000000004","""Scale-free""","2","0","1","""uniform""","""deterministic-normal""","0","0","1","""uniform""","0","0","false","""/home/ramaswamy.51/Documents/github/Spirals/Media/data/cluster/endsim/BehaviorSearch/Step6_Trial""","true","0","1","0","0","true","false","""1536332988""","0.33413753795910767","0.33413753795910767","0.33413753795910767","0","0.33413753795910767"
"1","469","2536764","1000","1","""HK""","0.02","false","""normal""","1","""constant""","0.1","""Scale-free""","3","0","1","""uniform""","""deterministic-normal""","0","0","1","""uniform""","0","0","false","""/home/ramaswamy.51/Documents/github/Spirals/Media/data/cluster/endsim/BehaviorSearch/Step6_Trial""","true","0","1","0","0","true","false","""-1319750235""","0.125941735989239","0.125941735989239","0.125941735989239","0","0.125941735989239"
"1","470","2536764","1000","1","""HK""","0.02","false","""normal""","1","""constant""","0.1","""Scale-free""","3","0","1","""uniform""","""deterministic-normal""","0","0","1","""uniform""","0","0","false","""/home/ramaswamy.51/Documents/github/Spirals/Media/data/cluster/endsim/BehaviorSearch/Step6_Trial""","true","0","1","0","0","true","false","""1209780473""","0.11143861446917051","0.11143861446917051","0.11143861446917051","0","0.11143861446917051"
"1","471","2536764","1000","1","""HK""","0.02","false","""normal""","1","""constant""","0.1","""Scale-free""","3","0","1","""uniform""","""deterministic-normal""","0","0","1","""uniform""","0","0","false","""/home/ramaswamy.51/Documents/github/Spirals/Media/data/cluster/endsim/BehaviorSearch/Step6_Trial""","true","0","1","0","0","true","false","""1347546130""","0.1350195901064543","0.1350195901064543","0.1350195901064543","0","0.1350195901064543"
"1","472","2536764","1000","1","""HK""","0.02","false","""normal""","1","""constant""","0.1","""Scale-free""","3","0","1","""uniform""","""deterministic-normal""","0","0","1","""uniform""","0","0","false","""/home/ramaswamy.51/Documents/github/Spirals/Media/data/cluster/endsim/BehaviorSearch/Step6_Trial""","true","0","1","0","0","true","false","""133670470""","0.10499733974899446","0.10499733974899446","0.10499733974899446","0","0.10499733974899446"
"1","473","2622544","1000","1","""HK""","0.11","false","""normal""","1","""constant""","0","""Scale-free""","1","0","1","""uniform""","""deterministic-normal""","0","0","1","""uniform""","0","0","false","""/home/ramaswamy.51/Documents/github/Spirals/Media/data/cluster/endsim/BehaviorSearch/Step6_Trial""","true","0","1","0","0","true","false","""689851565""","0.21443727839410873","0.21443727839410873","0.21443727839410873","0","0.21443727839410873"
"1","474","2622544","1000","1","""HK""","0.11","false","""normal""","1","""constant""","0","""Scale-free""","1","0","1","""uniform""","""deterministic-normal""","0","0","1","""uniform""","0","0","false","""/home/ramaswamy.51/Documents/github/Spirals/Media/data/cluster/endsim/BehaviorSearch/Step6_Trial""","true","0","1","0","0","true","false","""1404495470""","0.22461572419348733","0.22461572419348733","0.22461572419348733","0","0.22461572419348733"
"1","475","2622544","1000","1","""HK""","0.11","false","""normal""","1","""constant""","0","""Scale-free""","1","0","1","""uniform""","""deterministic-normal""","0","0","1","""uniform""","0","0","false","""/home/ramaswamy.51/Documents/github/Spirals/Media/data/cluster/endsim/BehaviorSearch/Step6_Trial""","true","0","1","0","0","true","false","""392005822""","0.1919906933496351","0.1919906933496351","0.1919906933496351","0","0.1919906933496351"
"1","476","2622544","1000","1","""HK""","0.11","false","""normal""","1","""constant""","0","""Scale-free""","1","0","1","""uniform""","""deterministic-normal""","0","0","1","""uniform""","0","0","false","""/home/ramaswamy.51/Documents/github/Spirals/Media/data/cluster/endsim/BehaviorSearch/Step6_Trial""","true","0","1","0","0","true","false","""616679916""","0.229774296125765","0.229774296125765","0.229774296125765","0","0.229774296125765"
"1","477","2636376","1000","1","""HK""","0.13","false","""normal""","1","""constant""","0.2","""Scale-free""","1","0","1","""uniform""","""deterministic-normal""","0","0","1","""uniform""","0","0","false","""/home/ramaswamy.51/Documents/github/Spirals/Media/data/cluster/endsim/BehaviorSearch/Step6_Trial""","true","0","1","0","0","true","false","""1983934534""","0.28359517333972944","0.28359517333972944","0.28359517333972944","0","0.28359517333972944"
"1","478","2636376","1000","1","""HK""","0.13","false","""normal""","1","""constant""","0.2","""Scale-free""","1","0","1","""uniform""","""deterministic-normal""","0","0","1","""uniform""","0","0","false","""/home/ramaswamy.51/Documents/github/Spirals/Media/data/cluster/endsim/BehaviorSearch/Step6_Trial""","true","0","1","0","0","true","false","""-1964955115""","0.2668767749083496","0.2668767749083496","0.2668767749083496","0","0.2668767749083496"
"1","479","2636376","1000","1","""HK""","0.13","false","""normal""","1","""constant""","0.2","""Scale-free""","1","0","1","""uniform""","""deterministic-normal""","0","0","1","""uniform""","0","0","false","""/home/ramaswamy.51/Documents/github/Spirals/Media/data/cluster/endsim/BehaviorSearch/Step6_Trial""","true","0","1","0","0","true","false","""718901221""","0.2850871252476318","0.2850871252476318","0.2850871252476318","0","0.2850871252476318"
"1","480","2636376","1000","1","""HK""","0.13","false","""normal""","1","""constant""","0.2","""Scale-free""","1","0","1","""uniform""","""deterministic-normal""","0","0","1","""uniform""","0","0","false","""/home/ramaswamy.51/Documents/github/Spirals/Media/data/cluster/endsim/BehaviorSearch/Step6_Trial""","true","0","1","0","0","true","false","""1448022197""","0.28447301396506675","0.28447301396506675","0.28447301396506675","0","0.28447301396506675"
"1","481","2789632","1000","1","""HK""","0.12","false","""normal""","1","""constant""","0.1","""Scale-free""","2","0","1","""uniform""","""deterministic-normal""","0","0","1","""uniform""","0","0","false","""/home/ramaswamy.51/Documents/github/Spirals/Media/data/cluster/endsim/BehaviorSearch/Step6_Trial""","true","0","1","0","0","true","false","""-696466533""","0.24531277624273376","0.24531277624273376","0.24531277624273376","0","0.24531277624273376"
"1","482","2789632","1000","1","""HK""","0.12","false","""normal""","1","""constant""","0.1","""Scale-free""","2","0","1","""uniform""","""deterministic-normal""","0","0","1","""uniform""","0","0","false","""/home/ramaswamy.51/Documents/github/Spirals/Media/data/cluster/endsim/BehaviorSearch/Step6_Trial""","true","0","1","0","0","true","false","""97089042""","0.23499324712151312","0.23499324712151312","0.23499324712151312","0","0.23499324712151312"
"1","483","2789632","1000","1","""HK""","0.12","false","""normal""","1","""constant""","0.1","""Scale-free""","2","0","1","""uniform""","""deterministic-normal""","0","0","1","""uniform""","0","0","false","""/home/ramaswamy.51/Documents/github/Spirals/Media/data/cluster/endsim/BehaviorSearch/Step6_Trial""","true","0","1","0","0","true","false","""585392582""","0.2566144902661303","0.2566144902661303","0.2566144902661303","0","0.2566144902661303"
"1","484","2789632","1000","1","""HK""","0.12","false","""normal""","1","""constant""","0.1","""Scale-free""","2","0","1","""uniform""","""deterministic-normal""","0","0","1","""uniform""","0","0","false","""/home/ramaswamy.51/Documents/github/Spirals/Media/data/cluster/endsim/BehaviorSearch/Step6_Trial""","true","0","1","0","0","true","false","""730068058""","0.26328776384467456","0.26328776384467456","0.26328776384467456","0","0.26328776384467456"
"1","485","2880768","1000","1","""HK""","0.11","false","""normal""","1","""constant""","0.2","""Scale-free""","1","0","1","""uniform""","""deterministic-normal""","0","0","1","""uniform""","0","0","false","""/home/ramaswamy.51/Documents/github/Spirals/Media/data/cluster/endsim/BehaviorSearch/Step6_Trial""","true","0","1","0","0","true","false","""778246180""","0.2516241085544488","0.2516241085544488","0.2516241085544488","0","0.2516241085544488"
"1","486","2880768","1000","1","""HK""","0.11","false","""normal""","1","""constant""","0.2","""Scale-free""","1","0","1","""uniform""","""deterministic-normal""","0","0","1","""uniform""","0","0","false","""/home/ramaswamy.51/Documents/github/Spirals/Media/data/cluster/endsim/BehaviorSearch/Step6_Trial""","true","0","1","0","0","true","false","""1737202678""","0.25996497871792684","0.25996497871792684","0.25996497871792684","0","0.25996497871792684"
"1","487","2880768","1000","1","""HK""","0.11","false","""normal""","1","""constant""","0.2","""Scale-free""","1","0","1","""uniform""","""deterministic-normal""","0","0","1","""uniform""","0","0","false","""/home/ramaswamy.51/Documents/github/Spirals/Media/data/cluster/endsim/BehaviorSearch/Step6_Trial""","true","0","1","0","0","true","false","""913575086""","0.2536152966795135","0.2536152966795135","0.2536152966795135","0","0.2536152966795135"
"1","488","2880768","1000","1","""HK""","0.11","false","""normal""","1","""constant""","0.2","""Scale-free""","1","0","1","""uniform""","""deterministic-normal""","0","0","1","""uniform""","0","0","false","""/home/ramaswamy.51/Documents/github/Spirals/Media/data/cluster/endsim/BehaviorSearch/Step6_Trial""","true","0","1","0","0","true","false","""1317410132""","0.2565128092603748","0.2565128092603748","0.2565128092603748","0","0.2565128092603748"
"1","489","3015820","1000","1","""HK""","0.12","false","""normal""","1","""constant""","0","""Scale-free""","1","0","1","""uniform""","""deterministic-normal""","0","0","1","""uniform""","0","0","false","""/home/ramaswamy.51/Documents/github/Spirals/Media/data/cluster/endsim/BehaviorSearch/Step6_Trial""","true","0","1","0","0","true","false","""1075342402""","0.22957251280046787","0.22957251280046787","0.22957251280046787","0","0.22957251280046787"
"1","490","3015820","1000","1","""HK""","0.12","false","""normal""","1","""constant""","0","""Scale-free""","1","0","1","""uniform""","""deterministic-normal""","0","0","1","""uniform""","0","0","false","""/home/ramaswamy.51/Documents/github/Spirals/Media/data/cluster/endsim/BehaviorSearch/Step6_Trial""","true","0","1","0","0","true","false","""-715243681""","0.25779125177682455","0.25779125177682455","0.25779125177682455","0","0.25779125177682455"
"1","491","3015820","1000","1","""HK""","0.12","false","""normal""","1","""constant""","0","""Scale-free""","1","0","1","""uniform""","""deterministic-normal""","0","0","1","""uniform""","0","0","false","""/home/ramaswamy.51/Documents/github/Spirals/Media/data/cluster/endsim/BehaviorSearch/Step6_Trial""","true","0","1","0","0","true","false","""1635812240""","0.2388857429102093","0.2388857429102093","0.2388857429102093","0","0.2388857429102093"
"1","492","3015820","1000","1","""HK""","0.12","false","""normal""","1","""constant""","0","""Scale-free""","1","0","1","""uniform""","""deterministic-normal""","0","0","1","""uniform""","0","0","false","""/home/ramaswamy.51/Documents/github/Spirals/Media/data/cluster/endsim/BehaviorSearch/Step6_Trial""","true","0","1","0","0","true","false","""1928146288""","0.23437219116343036","0.23437219116343036","0.23437219116343036","0","0.23437219116343036"
"1","493","3228856","1000","1","""HK""","0.14","false","""normal""","1","""constant""","0.1","""Scale-free""","1","0","1","""uniform""","""deterministic-normal""","0","0","1","""uniform""","0","0","false","""/home/ramaswamy.51/Documents/github/Spirals/Media/data/cluster/endsim/BehaviorSearch/Step6_Trial""","true","0","1","0","0","true","false","""784258093""","0.2639547557215127","0.2639547557215127","0.2639547557215127","0","0.2639547557215127"
"1","494","3228856","1000","1","""HK""","0.14","false","""normal""","1","""constant""","0.1","""Scale-free""","1","0","1","""uniform""","""deterministic-normal""","0","0","1","""uniform""","0","0","false","""/home/ramaswamy.51/Documents/github/Spirals/Media/data/cluster/endsim/BehaviorSearch/Step6_Trial""","true","0","1","0","0","true","false","""-1003504666""","0.25052667589009187","0.25052667589009187","0.25052667589009187","0","0.25052667589009187"
"1","495","3228856","1000","1","""HK""","0.14","false","""normal""","1","""constant""","0.1","""Scale-free""","1","0","1","""uniform""","""deterministic-normal""","0","0","1","""uniform""","0","0","false","""/home/ramaswamy.51/Documents/github/Spirals/Media/data/cluster/endsim/BehaviorSearch/Step6_Trial""","true","0","1","0","0","true","false","""-1158656897""","0.25566663662539824","0.25566663662539824","0.25566663662539824","0","0.25566663662539824"
"1","496","3228856","1000","1","""HK""","0.14","false","""normal""","1","""constant""","0.1","""Scale-free""","1","0","1","""uniform""","""deterministic-normal""","0","0","1","""uniform""","0","0","false","""/home/ramaswamy.51/Documents/github/Spirals/Media/data/cluster/endsim/BehaviorSearch/Step6_Trial""","true","0","1","0","0","true","false","""-2074207385""","0.23379508086141698","0.23379508086141698","0.23379508086141698","0","0.23379508086141698"
"1","497","3322780","1000","1","""HK""","0.12","false","""normal""","1","""constant""","0.2","""Scale-free""","1","0","1","""uniform""","""deterministic-normal""","0","0","1","""uniform""","0","0","false","""/home/ramaswamy.51/Documents/github/Spirals/Media/data/cluster/endsim/BehaviorSearch/Step6_Trial""","true","0","1","0","0","true","false","""85576207""","0.26009794055237173","0.26009794055237173","0.26009794055237173","0","0.26009794055237173"
"1","498","3322780","1000","1","""HK""","0.12","false","""normal""","1","""constant""","0.2","""Scale-free""","1","0","1","""uniform""","""deterministic-normal""","0","0","1","""uniform""","0","0","false","""/home/ramaswamy.51/Documents/github/Spirals/Media/data/cluster/endsim/BehaviorSearch/Step6_Trial""","true","0","1","0","0","true","false","""1456276721""","0.27934936594822685","0.27934936594822685","0.27934936594822685","0","0.27934936594822685"
"1","499","3322780","1000","1","""HK""","0.12","false","""normal""","1","""constant""","0.2","""Scale-free""","1","0","1","""uniform""","""deterministic-normal""","0","0","1","""uniform""","0","0","false","""/home/ramaswamy.51/Documents/github/Spirals/Media/data/cluster/endsim/BehaviorSearch/Step6_Trial""","true","0","1","0","0","true","false","""750479347""","0.26694340852305676","0.26694340852305676","0.26694340852305676","0","0.26694340852305676"
"1","500","3322780","1000","1","""HK""","0.12","false","""normal""","1","""constant""","0.2","""Scale-free""","1","0","1","""uniform""","""deterministic-normal""","0","0","1","""uniform""","0","0","false","""/home/ramaswamy.51/Documents/github/Spirals/Media/data/cluster/endsim/BehaviorSearch/Step6_Trial""","true","0","1","0","0","true","false","""-836462679""","0.2419622878008434","0.2419622878008434","0.2419622878008434","0","0.2419622878008434"
"1","501","4322880","1000","1","""HK""","0.05","false","""normal""","1","""constant""","0.1","""Scale-free""","3","0","1","""uniform""","""deterministic-normal""","0","0","1","""uniform""","0","0","false","""/home/ramaswamy.51/Documents/github/Spirals/Media/data/cluster/endsim/BehaviorSearch/Step6_Trial""","true","0","1","0","0","true","false","""595905966""","0.17060241512967098","0.17060241512967098","0.17060241512967098","0","0.17060241512967098"
"1","502","4322880","1000","1","""HK""","0.05","false","""normal""","1","""constant""","0.1","""Scale-free""","3","0","1","""uniform""","""deterministic-normal""","0","0","1","""uniform""","0","0","false","""/home/ramaswamy.51/Documents/github/Spirals/Media/data/cluster/endsim/BehaviorSearch/Step6_Trial""","true","0","1","0","0","true","false","""863430326""","0.15497676134472574","0.15497676134472574","0.15497676134472574","0","0.15497676134472574"
"1","503","4322880","1000","1","""HK""","0.05","false","""normal""","1","""constant""","0.1","""Scale-free""","3","0","1","""uniform""","""deterministic-normal""","0","0","1","""uniform""","0","0","false","""/home/ramaswamy.51/Documents/github/Spirals/Media/data/cluster/endsim/BehaviorSearch/Step6_Trial""","true","0","1","0","0","true","false","""-1285056407""","0.18274117859940486","0.18274117859940486","0.18274117859940486","0","0.18274117859940486"
"1","504","4322880","1000","1","""HK""","0.05","false","""normal""","1","""constant""","0.1","""Scale-free""","3","0","1","""uniform""","""deterministic-normal""","0","0","1","""uniform""","0","0","false","""/home/ramaswamy.51/Documents/github/Spirals/Media/data/cluster/endsim/BehaviorSearch/Step6_Trial""","true","0","1","0","0","true","false","""-186027126""","0.17678158760537743","0.17678158760537743","0.17678158760537743","0","0.17678158760537743"
"1","505","4375904","1000","1","""HK""","0.01","false","""normal""","1","""constant""","0","""Scale-free""","3","0","1","""uniform""","""deterministic-normal""","0","0","1","""uniform""","0","0","false","""/home/ramaswamy.51/Documents/github/Spirals/Media/data/cluster/endsim/BehaviorSearch/Step6_Trial""","true","0","1","0","0","true","false","""-1380311107""","0.19952399559813666","0.19952399559813666","0.19952399559813666","0","0.19952399559813666"
"1","506","4375904","1000","1","""HK""","0.01","false","""normal""","1","""constant""","0","""Scale-free""","3","0","1","""uniform""","""deterministic-normal""","0","0","1","""uniform""","0","0","false","""/home/ramaswamy.51/Documents/github/Spirals/Media/data/cluster/endsim/BehaviorSearch/Step6_Trial""","true","0","1","0","0","true","false","""1889197790""","0.200273032340207","0.200273032340207","0.200273032340207","0","0.200273032340207"
"1","507","4375904","1000","1","""HK""","0.01","false","""normal""","1","""constant""","0","""Scale-free""","3","0","1","""uniform""","""deterministic-normal""","0","0","1","""uniform""","0","0","false","""/home/ramaswamy.51/Documents/github/Spirals/Media/data/cluster/endsim/BehaviorSearch/Step6_Trial""","true","0","1","0","0","true","false","""789368378""","0.20008819919734913","0.20008819919734913","0.20008819919734913","0","0.20008819919734913"
"1","508","4375904","1000","1","""HK""","0.01","false","""normal""","1","""constant""","0","""Scale-free""","3","0","1","""uniform""","""deterministic-normal""","0","0","1","""uniform""","0","0","false","""/home/ramaswamy.51/Documents/github/Spirals/Media/data/cluster/endsim/BehaviorSearch/Step6_Trial""","true","0","1","0","0","true","false","""-1096188189""","0.20034950647895078","0.20034950647895078","0.20034950647895078","0","0.20034950647895078"
"1","509","5748796","1000","1","""HK""","0.08","false","""normal""","1","""constant""","0.30000000000000004","""Scale-free""","1","0","1","""uniform""","""deterministic-normal""","0","0","1","""uniform""","0","0","false","""/home/ramaswamy.51/Documents/github/Spirals/Media/data/cluster/endsim/BehaviorSearch/Step6_Trial""","true","0","1","0","0","true","false","""-344367638""","0.2993229783194296","0.2993229783194296","0.2993229783194296","0","0.2993229783194296"
"1","510","5748796","1000","1","""HK""","0.08","false","""normal""","1","""constant""","0.30000000000000004","""Scale-free""","1","0","1","""uniform""","""deterministic-normal""","0","0","1","""uniform""","0","0","false","""/home/ramaswamy.51/Documents/github/Spirals/Media/data/cluster/endsim/BehaviorSearch/Step6_Trial""","true","0","1","0","0","true","false","""-1818425976""","0.3090368853219411","0.3090368853219411","0.3090368853219411","0","0.3090368853219411"
"1","511","5748796","1000","1","""HK""","0.08","false","""normal""","1","""constant""","0.30000000000000004","""Scale-free""","1","0","1","""uniform""","""deterministic-normal""","0","0","1","""uniform""","0","0","false","""/home/ramaswamy.51/Documents/github/Spirals/Media/data/cluster/endsim/BehaviorSearch/Step6_Trial""","true","0","1","0","0","true","false","""-1384334634""","0.3053716047853861","0.3053716047853861","0.3053716047853861","0","0.3053716047853861"
"1","512","5748796","1000","1","""HK""","0.08","false","""normal""","1","""constant""","0.30000000000000004","""Scale-free""","1","0","1","""uniform""","""deterministic-normal""","0","0","1","""uniform""","0","0","false","""/home/ramaswamy.51/Documents/github/Spirals/Media/data/cluster/endsim/BehaviorSearch/Step6_Trial""","true","0","1","0","0","true","false","""-1379484699""","0.2920099502549084","0.2920099502549084","0.2920099502549084","0","0.2920099502549084"
"1","513","6505820","1000","1","""HK""","0.06999999999999999","false","""normal""","1","""constant""","0.1","""Scale-free""","3","0","1","""uniform""","""deterministic-normal""","0","0","1","""uniform""","0","0","false","""/home/ramaswamy.51/Documents/github/Spirals/Media/data/cluster/endsim/BehaviorSearch/Step6_Trial""","true","0","1","0","0","true","false","""159524714""","0.22199356724421104","0.22199356724421104","0.22199356724421104","0","0.22199356724421104"
"1","514","6505820","1000","1","""HK""","0.06999999999999999","false","""normal""","1","""constant""","0.1","""Scale-free""","3","0","1","""uniform""","""deterministic-normal""","0","0","1","""uniform""","0","0","false","""/home/ramaswamy.51/Documents/github/Spirals/Media/data/cluster/endsim/BehaviorSearch/Step6_Trial""","true","0","1","0","0","true","false","""-549709374""","0.24553782147233258","0.24553782147233258","0.24553782147233258","0","0.24553782147233258"
"1","515","6505820","1000","1","""HK""","0.06999999999999999","false","""normal""","1","""constant""","0.1","""Scale-free""","3","0","1","""uniform""","""deterministic-normal""","0","0","1","""uniform""","0","0","false","""/home/ramaswamy.51/Documents/github/Spirals/Media/data/cluster/endsim/BehaviorSearch/Step6_Trial""","true","0","1","0","0","true","false","""776780699""","0.17845644606164177","0.17845644606164177","0.17845644606164177","0","0.17845644606164177"
"1","516","6505820","1000","1","""HK""","0.06999999999999999","false","""normal""","1","""constant""","0.1","""Scale-free""","3","0","1","""uniform""","""deterministic-normal""","0","0","1","""uniform""","0","0","false","""/home/ramaswamy.51/Documents/github/Spirals/Media/data/cluster/endsim/BehaviorSearch/Step6_Trial""","true","0","1","0","0","true","false","""-1441903301""","0.18642217933657837","0.18642217933657837","0.18642217933657837","0","0.18642217933657837"
"1","517","7076176","1000","1","""HK""","0.15000000000000002","false","""normal""","1","""constant""","0.1","""Scale-free""","1","0","1","""uniform""","""deterministic-normal""","0","0","1","""uniform""","0","0","false","""/home/ramaswamy.51/Documents/github/Spirals/Media/data/cluster/endsim/BehaviorSearch/Step6_Trial""","true","0","1","0","0","true","false","""1645702997""","0.26162391732490126","0.26162391732490126","0.26162391732490126","0","0.26162391732490126"
"1","518","7076176","1000","1","""HK""","0.15000000000000002","false","""normal""","1","""constant""","0.1","""Scale-free""","1","0","1","""uniform""","""deterministic-normal""","0","0","1","""uniform""","0","0","false","""/home/ramaswamy.51/Documents/github/Spirals/Media/data/cluster/endsim/BehaviorSearch/Step6_Trial""","true","0","1","0","0","true","false","""1986938467""","0.2531048620515576","0.2531048620515576","0.2531048620515576","0","0.2531048620515576"
"1","519","7076176","1000","1","""HK""","0.15000000000000002","false","""normal""","1","""constant""","0.1","""Scale-free""","1","0","1","""uniform""","""deterministic-normal""","0","0","1","""uniform""","0","0","false","""/home/ramaswamy.51/Documents/github/Spirals/Media/data/cluster/endsim/BehaviorSearch/Step6_Trial""","true","0","1","0","0","true","false","""-2118197259""","0.24989418512179498","0.24989418512179498","0.24989418512179498","0","0.24989418512179498"
"1","520","7076176","1000","1","""HK""","0.15000000000000002","false","""normal""","1","""constant""","0.1","""Scale-free""","1","0","1","""uniform""","""deterministic-normal""","0","0","1","""uniform""","0","0","false","""/home/ramaswamy.51/Documents/github/Spirals/Media/data/cluster/endsim/BehaviorSearch/Step6_Trial""","true","0","1","0","0","true","false","""839907297""","0.2637146360905591","0.2637146360905591","0.2637146360905591","0","0.2637146360905591"
"1","521","10420012","1000","1","""HK""","0.11","false","""normal""","1","""constant""","0","""Scale-free""","2","0","1","""uniform""","""deterministic-normal""","0","0","1","""uniform""","0","0","false","""/home/ramaswamy.51/Documents/github/Spirals/Media/data/cluster/endsim/BehaviorSearch/Step6_Trial""","true","0","1","0","0","true","false","""-2090246859""","0.27415239307055994","0.27415239307055994","0.27415239307055994","0","0.27415239307055994"
"1","522","10420012","1000","1","""HK""","0.11","false","""normal""","1","""constant""","0","""Scale-free""","2","0","1","""uniform""","""deterministic-normal""","0","0","1","""uniform""","0","0","false","""/home/ramaswamy.51/Documents/github/Spirals/Media/data/cluster/endsim/BehaviorSearch/Step6_Trial""","true","0","1","0","0","true","false","""-47963261""","0.26801278071212076","0.26801278071212076","0.26801278071212076","0","0.26801278071212076"
"1","523","10420012","1000","1","""HK""","0.11","false","""normal""","1","""constant""","0","""Scale-free""","2","0","1","""uniform""","""deterministic-normal""","0","0","1","""uniform""","0","0","false","""/home/ramaswamy.51/Documents/github/Spirals/Media/data/cluster/endsim/BehaviorSearch/Step6_Trial""","true","0","1","0","0","true","false","""1296148385""","0.2537393544732106","0.2537393544732106","0.2537393544732106","0","0.2537393544732106"
"1","524","10420012","1000","1","""HK""","0.11","false","""normal""","1","""constant""","0","""Scale-free""","2","0","1","""uniform""","""deterministic-normal""","0","0","1","""uniform""","0","0","false","""/home/ramaswamy.51/Documents/github/Spirals/Media/data/cluster/endsim/BehaviorSearch/Step6_Trial""","true","0","1","0","0","true","false","""-1027009059""","0.25356163537412835","0.25356163537412835","0.25356163537412835","0","0.25356163537412835"
"1","525","13829516","1000","1","""HK""","0.09999999999999999","false","""normal""","1","""constant""","0","""Scale-free""","2","0","1","""uniform""","""deterministic-normal""","0","0","1","""uniform""","0","0","false","""/home/ramaswamy.51/Documents/github/Spirals/Media/data/cluster/endsim/BehaviorSearch/Step6_Trial""","true","0","1","0","0","true","false","""-76858835""","0.23590324356185763","0.23590324356185763","0.23590324356185763","0","0.23590324356185763"
"1","526","13829516","1000","1","""HK""","0.09999999999999999","false","""normal""","1","""constant""","0","""Scale-free""","2","0","1","""uniform""","""deterministic-normal""","0","0","1","""uniform""","0","0","false","""/home/ramaswamy.51/Documents/github/Spirals/Media/data/cluster/endsim/BehaviorSearch/Step6_Trial""","true","0","1","0","0","true","false","""1216235908""","0.22903889354184617","0.22903889354184617","0.22903889354184617","0","0.22903889354184617"
"1","527","13829516","1000","1","""HK""","0.09999999999999999","false","""normal""","1","""constant""","0","""Scale-free""","2","0","1","""uniform""","""deterministic-normal""","0","0","1","""uniform""","0","0","false","""/home/ramaswamy.51/Documents/github/Spirals/Media/data/cluster/endsim/BehaviorSearch/Step6_Trial""","true","0","1","0","0","true","false","""2129995183""","0.21124530130896033","0.21124530130896033","0.21124530130896033","0","0.21124530130896033"
"1","528","13829516","1000","1","""HK""","0.09999999999999999","false","""normal""","1","""constant""","0","""Scale-free""","2","0","1","""uniform""","""deterministic-normal""","0","0","1","""uniform""","0","0","false","""/home/ramaswamy.51/Documents/github/Spirals/Media/data/cluster/endsim/BehaviorSearch/Step6_Trial""","true","0","1","0","0","true","false","""-1281551792""","0.23067828688807424","0.23067828688807424","0.23067828688807424","0","0.23067828688807424"
"1","529","14155564","1000","1","""HK""","0.09","false","""normal""","1","""constant""","0.30000000000000004","""Scale-free""","1","0","1","""uniform""","""deterministic-normal""","0","0","1","""uniform""","0","0","false","""/home/ramaswamy.51/Documents/github/Spirals/Media/data/cluster/endsim/BehaviorSearch/Step6_Trial""","true","0","1","0","0","true","false","""632185446""","0.30300677128214043","0.30300677128214043","0.30300677128214043","0","0.30300677128214043"
"1","530","14155564","1000","1","""HK""","0.09","false","""normal""","1","""constant""","0.30000000000000004","""Scale-free""","1","0","1","""uniform""","""deterministic-normal""","0","0","1","""uniform""","0","0","false","""/home/ramaswamy.51/Documents/github/Spirals/Media/data/cluster/endsim/BehaviorSearch/Step6_Trial""","true","0","1","0","0","true","false","""-2004369710""","0.30346727505375193","0.30346727505375193","0.30346727505375193","0","0.30346727505375193"
"1","531","14155564","1000","1","""HK""","0.09","false","""normal""","1","""constant""","0.30000000000000004","""Scale-free""","1","0","1","""uniform""","""deterministic-normal""","0","0","1","""uniform""","0","0","false","""/home/ramaswamy.51/Documents/github/Spirals/Media/data/cluster/endsim/BehaviorSearch/Step6_Trial""","true","0","1","0","0","true","false","""-16523045""","0.3103161865517946","0.3103161865517946","0.3103161865517946","0","0.3103161865517946"
"1","532","14155564","1000","1","""HK""","0.09","false","""normal""","1","""constant""","0.30000000000000004","""Scale-free""","1","0","1","""uniform""","""deterministic-normal""","0","0","1","""uniform""","0","0","false","""/home/ramaswamy.51/Documents/github/Spirals/Media/data/cluster/endsim/BehaviorSearch/Step6_Trial""","true","0","1","0","0","true","false","""165621559""","0.269015133083023","0.269015133083023","0.269015133083023","0","0.269015133083023"
"1","533","15652308","1000","1","""HK""","0.11","false","""normal""","1","""constant""","0.2","""Scale-free""","2","0","1","""uniform""","""deterministic-normal""","0","0","1","""uniform""","0","0","false","""/home/ramaswamy.51/Documents/github/Spirals/Media/data/cluster/endsim/BehaviorSearch/Step6_Trial""","true","0","1","0","0","true","false","""-1405718016""","0.2814069884806692","0.2814069884806692","0.2814069884806692","0","0.2814069884806692"
"1","534","15652308","1000","1","""HK""","0.11","false","""normal""","1","""constant""","0.2","""Scale-free""","2","0","1","""uniform""","""deterministic-normal""","0","0","1","""uniform""","0","0","false","""/home/ramaswamy.51/Documents/github/Spirals/Media/data/cluster/endsim/BehaviorSearch/Step6_Trial""","true","0","1","0","0","true","false","""-740436979""","0.2972132268092997","0.2972132268092997","0.2972132268092997","0","0.2972132268092997"
"1","535","15652308","1000","1","""HK""","0.11","false","""normal""","1","""constant""","0.2","""Scale-free""","2","0","1","""uniform""","""deterministic-normal""","0","0","1","""uniform""","0","0","false","""/home/ramaswamy.51/Documents/github/Spirals/Media/data/cluster/endsim/BehaviorSearch/Step6_Trial""","true","0","1","0","0","true","false","""-1716030897""","0.2715942876124152","0.2715942876124152","0.2715942876124152","0","0.2715942876124152"
"1","536","15652308","1000","1","""HK""","0.11","false","""normal""","1","""constant""","0.2","""Scale-free""","2","0","1","""uniform""","""deterministic-normal""","0","0","1","""uniform""","0","0","false","""/home/ramaswamy.51/Documents/github/Spirals/Media/data/cluster/endsim/BehaviorSearch/Step6_Trial""","true","0","1","0","0","true","false","""-905331048""","0.28426683439779177","0.28426683439779177","0.28426683439779177","0","0.28426683439779177"
"1","537","17270276","1000","1","""HK""","0.03","false","""normal""","1","""constant""","0.1","""Scale-free""","3","0","1","""uniform""","""deterministic-normal""","0","0","1","""uniform""","0","0","false","""/home/ramaswamy.51/Documents/github/Spirals/Media/data/cluster/endsim/BehaviorSearch/Step6_Trial""","true","0","1","0","0","true","false","""854839712""","0.13892748316395664","0.13892748316395664","0.13892748316395664","0","0.13892748316395664"
"1","538","17270276","1000","1","""HK""","0.03","false","""normal""","1","""constant""","0.1","""Scale-free""","3","0","1","""uniform""","""deterministic-normal""","0","0","1","""uniform""","0","0","false","""/home/ramaswamy.51/Documents/github/Spirals/Media/data/cluster/endsim/BehaviorSearch/Step6_Trial""","true","0","1","0","0","true","false","""-404535657""","0.15466459271928226","0.15466459271928226","0.15466459271928226","0","0.15466459271928226"
"1","539","17270276","1000","1","""HK""","0.03","false","""normal""","1","""constant""","0.1","""Scale-free""","3","0","1","""uniform""","""deterministic-normal""","0","0","1","""uniform""","0","0","false","""/home/ramaswamy.51/Documents/github/Spirals/Media/data/cluster/endsim/BehaviorSearch/Step6_Trial""","true","0","1","0","0","true","false","""-1876511143""","0.14601288424436662","0.14601288424436662","0.14601288424436662","0","0.14601288424436662"
"1","540","17270276","1000","1","""HK""","0.03","false","""normal""","1","""constant""","0.1","""Scale-free""","3","0","1","""uniform""","""deterministic-normal""","0","0","1","""uniform""","0","0","false","""/home/ramaswamy.51/Documents/github/Spirals/Media/data/cluster/endsim/BehaviorSearch/Step6_Trial""","true","0","1","0","0","true","false","""539848855""","0.1550526458836197","0.1550526458836197","0.1550526458836197","0","0.1550526458836197"
"1","541","17893560","1000","1","""HK""","0.04","false","""normal""","1","""constant""","0.1","""Scale-free""","3","0","1","""uniform""","""deterministic-normal""","0","0","1","""uniform""","0","0","false","""/home/ramaswamy.51/Documents/github/Spirals/Media/data/cluster/endsim/BehaviorSearch/Step6_Trial""","true","0","1","0","0","true","false","""1875105795""","0.14806817883527432","0.14806817883527432","0.14806817883527432","0","0.14806817883527432"
"1","542","17893560","1000","1","""HK""","0.04","false","""normal""","1","""constant""","0.1","""Scale-free""","3","0","1","""uniform""","""deterministic-normal""","0","0","1","""uniform""","0","0","false","""/home/ramaswamy.51/Documents/github/Spirals/Media/data/cluster/endsim/BehaviorSearch/Step6_Trial""","true","0","1","0","0","true","false","""460795225""","0.15849438099185628","0.15849438099185628","0.15849438099185628","0","0.15849438099185628"
"1","543","17893560","1000","1","""HK""","0.04","false","""normal""","1","""constant""","0.1","""Scale-free""","3","0","1","""uniform""","""deterministic-normal""","0","0","1","""uniform""","0","0","false","""/home/ramaswamy.51/Documents/github/Spirals/Media/data/cluster/endsim/BehaviorSearch/Step6_Trial""","true","0","1","0","0","true","false","""964301629""","0.14998169486218454","0.14998169486218454","0.14998169486218454","0","0.14998169486218454"
"1","544","17893560","1000","1","""HK""","0.04","false","""normal""","1","""constant""","0.1","""Scale-free""","3","0","1","""uniform""","""deterministic-normal""","0","0","1","""uniform""","0","0","false","""/home/ramaswamy.51/Documents/github/Spirals/Media/data/cluster/endsim/BehaviorSearch/Step6_Trial""","true","0","1","0","0","true","false","""957236514""","0.19263648818735052","0.19263648818735052","0.19263648818735052","0","0.19263648818735052"
"1","545","18550532","1000","1","""HK""","0.01","false","""normal""","1","""constant""","0.4","""Scale-free""","1","0","1","""uniform""","""deterministic-normal""","0","0","1","""uniform""","0","0","false","""/home/ramaswamy.51/Documents/github/Spirals/Media/data/cluster/endsim/BehaviorSearch/Step6_Trial""","true","0","1","0","0","true","false","""1607736521""","0.30510632852559244","0.30510632852559244","0.30510632852559244","0","0.30510632852559244"
"1","546","18550532","1000","1","""HK""","0.01","false","""normal""","1","""constant""","0.4","""Scale-free""","1","0","1","""uniform""","""deterministic-normal""","0","0","1","""uniform""","0","0","false","""/home/ramaswamy.51/Documents/github/Spirals/Media/data/cluster/endsim/BehaviorSearch/Step6_Trial""","true","0","1","0","0","true","false","""296501432""","0.29764543761145107","0.29764543761145107","0.29764543761145107","0","0.29764543761145107"
"1","547","18550532","1000","1","""HK""","0.01","false","""normal""","1","""constant""","0.4","""Scale-free""","1","0","1","""uniform""","""deterministic-normal""","0","0","1","""uniform""","0","0","false","""/home/ramaswamy.51/Documents/github/Spirals/Media/data/cluster/endsim/BehaviorSearch/Step6_Trial""","true","0","1","0","0","true","false","""-541974860""","0.30401960847404497","0.30401960847404497","0.30401960847404497","0","0.30401960847404497"
"1","548","18550532","1000","1","""HK""","0.01","false","""normal""","1","""constant""","0.4","""Scale-free""","1","0","1","""uniform""","""deterministic-normal""","0","0","1","""uniform""","0","0","false","""/home/ramaswamy.51/Documents/github/Spirals/Media/data/cluster/endsim/BehaviorSearch/Step6_Trial""","true","0","1","0","0","true","false","""-70946694""","0.2942334898118514","0.2942334898118514","0.2942334898118514","0","0.2942334898118514"
"1","549","18573268","1000","1","""HK""","0.02","false","""normal""","1","""constant""","0.30000000000000004","""Scale-free""","2","0","1","""uniform""","""deterministic-normal""","0","0","1","""uniform""","0","0","false","""/home/ramaswamy.51/Documents/github/Spirals/Media/data/cluster/endsim/BehaviorSearch/Step6_Trial""","true","0","1","0","0","true","false","""305548630""","0.2845042734566369","0.2845042734566369","0.2845042734566369","0","0.2845042734566369"
"1","550","18573268","1000","1","""HK""","0.02","false","""normal""","1","""constant""","0.30000000000000004","""Scale-free""","2","0","1","""uniform""","""deterministic-normal""","0","0","1","""uniform""","0","0","false","""/home/ramaswamy.51/Documents/github/Spirals/Media/data/cluster/endsim/BehaviorSearch/Step6_Trial""","true","0","1","0","0","true","false","""-403245343""","0.28395153969478976","0.28395153969478976","0.28395153969478976","0","0.28395153969478976"
"1","551","18573268","1000","1","""HK""","0.02","false","""normal""","1","""constant""","0.30000000000000004","""Scale-free""","2","0","1","""uniform""","""deterministic-normal""","0","0","1","""uniform""","0","0","false","""/home/ramaswamy.51/Documents/github/Spirals/Media/data/cluster/endsim/BehaviorSearch/Step6_Trial""","true","0","1","0","0","true","false","""1346681893""","0.284486150605215","0.284486150605215","0.284486150605215","0","0.284486150605215"
"1","552","18573268","1000","1","""HK""","0.02","false","""normal""","1","""constant""","0.30000000000000004","""Scale-free""","2","0","1","""uniform""","""deterministic-normal""","0","0","1","""uniform""","0","0","false","""/home/ramaswamy.51/Documents/github/Spirals/Media/data/cluster/endsim/BehaviorSearch/Step6_Trial""","true","0","1","0","0","true","false","""697475008""","0.3053880509493092","0.3053880509493092","0.3053880509493092","0","0.3053880509493092"
"1","553","18994580","1000","1","""HK""","0.13","false","""normal""","1","""constant""","0","""Scale-free""","1","0","1","""uniform""","""deterministic-normal""","0","0","1","""uniform""","0","0","false","""/home/ramaswamy.51/Documents/github/Spirals/Media/data/cluster/endsim/BehaviorSearch/Step6_Trial""","true","0","1","0","0","true","false","""-435560587""","0.24520721636867981","0.24520721636867981","0.24520721636867981","0","0.24520721636867981"
"1","554","18994580","1000","1","""HK""","0.13","false","""normal""","1","""constant""","0","""Scale-free""","1","0","1","""uniform""","""deterministic-normal""","0","0","1","""uniform""","0","0","false","""/home/ramaswamy.51/Documents/github/Spirals/Media/data/cluster/endsim/BehaviorSearch/Step6_Trial""","true","0","1","0","0","true","false","""1318888275""","0.2339007459943453","0.2339007459943453","0.2339007459943453","0","0.2339007459943453"
"1","555","18994580","1000","1","""HK""","0.13","false","""normal""","1","""constant""","0","""Scale-free""","1","0","1","""uniform""","""deterministic-normal""","0","0","1","""uniform""","0","0","false","""/home/ramaswamy.51/Documents/github/Spirals/Media/data/cluster/endsim/BehaviorSearch/Step6_Trial""","true","0","1","0","0","true","false","""1278825319""","0.24479406619517102","0.24479406619517102","0.24479406619517102","0","0.24479406619517102"
"1","556","18994580","1000","1","""HK""","0.13","false","""normal""","1","""constant""","0","""Scale-free""","1","0","1","""uniform""","""deterministic-normal""","0","0","1","""uniform""","0","0","false","""/home/ramaswamy.51/Documents/github/Spirals/Media/data/cluster/endsim/BehaviorSearch/Step6_Trial""","true","0","1","0","0","true","false","""-1579488897""","0.24069410207639583","0.24069410207639583","0.24069410207639583","0","0.24069410207639583"
"1","557","21077180","1000","1","""HK""","0.13","false","""normal""","1","""constant""","0.1","""Scale-free""","2","0","1","""uniform""","""deterministic-normal""","0","0","1","""uniform""","0","0","false","""/home/ramaswamy.51/Documents/github/Spirals/Media/data/cluster/endsim/BehaviorSearch/Step6_Trial""","true","0","1","0","0","true","false","""908327338""","0.2619128934642968","0.2619128934642968","0.2619128934642968","0","0.2619128934642968"
"1","558","21077180","1000","1","""HK""","0.13","false","""normal""","1","""constant""","0.1","""Scale-free""","2","0","1","""uniform""","""deterministic-normal""","0","0","1","""uniform""","0","0","false","""/home/ramaswamy.51/Documents/github/Spirals/Media/data/cluster/endsim/BehaviorSearch/Step6_Trial""","true","0","1","0","0","true","false","""694718244""","0.2627064254563637","0.2627064254563637","0.2627064254563637","0","0.2627064254563637"
"1","559","21077180","1000","1","""HK""","0.13","false","""normal""","1","""constant""","0.1","""Scale-free""","2","0","1","""uniform""","""deterministic-normal""","0","0","1","""uniform""","0","0","false","""/home/ramaswamy.51/Documents/github/Spirals/Media/data/cluster/endsim/BehaviorSearch/Step6_Trial""","true","0","1","0","0","true","false","""-368920474""","0.25547822351792215","0.25547822351792215","0.25547822351792215","0","0.25547822351792215"
"1","560","21077180","1000","1","""HK""","0.13","false","""normal""","1","""constant""","0.1","""Scale-free""","2","0","1","""uniform""","""deterministic-normal""","0","0","1","""uniform""","0","0","false","""/home/ramaswamy.51/Documents/github/Spirals/Media/data/cluster/endsim/BehaviorSearch/Step6_Trial""","true","0","1","0","0","true","false","""-1355612713""","0.27276500475149756","0.27276500475149756","0.27276500475149756","0","0.27276500475149756"
"1","561","21093672","1000","1","""HK""","0.02","false","""normal""","1","""constant""","0","""Scale-free""","3","0","1","""uniform""","""deterministic-normal""","0","0","1","""uniform""","0","0","false","""/home/ramaswamy.51/Documents/github/Spirals/Media/data/cluster/endsim/BehaviorSearch/Step6_Trial""","true","0","1","0","0","true","false","""-458958169""","0.18564972369547456","0.18564972369547456","0.18564972369547456","0","0.18564972369547456"
"1","562","21093672","1000","1","""HK""","0.02","false","""normal""","1","""constant""","0","""Scale-free""","3","0","1","""uniform""","""deterministic-normal""","0","0","1","""uniform""","0","0","false","""/home/ramaswamy.51/Documents/github/Spirals/Media/data/cluster/endsim/BehaviorSearch/Step6_Trial""","true","0","1","0","0","true","false","""-723454648""","0.18809001153965665","0.18809001153965665","0.18809001153965665","0","0.18809001153965665"
"1","563","21093672","1000","1","""HK""","0.02","false","""normal""","1","""constant""","0","""Scale-free""","3","0","1","""uniform""","""deterministic-normal""","0","0","1","""uniform""","0","0","false","""/home/ramaswamy.51/Documents/github/Spirals/Media/data/cluster/endsim/BehaviorSearch/Step6_Trial""","true","0","1","0","0","true","false","""2002861546""","0.18775948144264856","0.18775948144264856","0.18775948144264856","0","0.18775948144264856"
"1","564","21093672","1000","1","""HK""","0.02","false","""normal""","1","""constant""","0","""Scale-free""","3","0","1","""uniform""","""deterministic-normal""","0","0","1","""uniform""","0","0","false","""/home/ramaswamy.51/Documents/github/Spirals/Media/data/cluster/endsim/BehaviorSearch/Step6_Trial""","true","0","1","0","0","true","false","""-443521774""","0.18764744139877323","0.18764744139877323","0.18764744139877323","0","0.18764744139877323"
"1","565","22444584","1000","1","""HK""","0.05","false","""normal""","1","""constant""","0.30000000000000004","""Scale-free""","2","0","1","""uniform""","""deterministic-normal""","0","0","1","""uniform""","0","0","false","""/home/ramaswamy.51/Documents/github/Spirals/Media/data/cluster/endsim/BehaviorSearch/Step6_Trial""","true","0","1","0","0","true","false","""-1664534906""","0.3042868144742953","0.3042868144742953","0.3042868144742953","0","0.3042868144742953"
"1","566","22444584","1000","1","""HK""","0.05","false","""normal""","1","""constant""","0.30000000000000004","""Scale-free""","2","0","1","""uniform""","""deterministic-normal""","0","0","1","""uniform""","0","0","false","""/home/ramaswamy.51/Documents/github/Spirals/Media/data/cluster/endsim/BehaviorSearch/Step6_Trial""","true","0","1","0","0","true","false","""-1651156820""","0.31048301343490375","0.31048301343490375","0.31048301343490375","0","0.31048301343490375"
"1","567","22444584","1000","1","""HK""","0.05","false","""normal""","1","""constant""","0.30000000000000004","""Scale-free""","2","0","1","""uniform""","""deterministic-normal""","0","0","1","""uniform""","0","0","false","""/home/ramaswamy.51/Documents/github/Spirals/Media/data/cluster/endsim/BehaviorSearch/Step6_Trial""","true","0","1","0","0","true","false","""1893656049""","0.30089960033429686","0.30089960033429686","0.30089960033429686","0","0.30089960033429686"
"1","568","22444584","1000","1","""HK""","0.05","false","""normal""","1","""constant""","0.30000000000000004","""Scale-free""","2","0","1","""uniform""","""deterministic-normal""","0","0","1","""uniform""","0","0","false","""/home/ramaswamy.51/Documents/github/Spirals/Media/data/cluster/endsim/BehaviorSearch/Step6_Trial""","true","0","1","0","0","true","false","""1576321153""","0.27821331048244163","0.27821331048244163","0.27821331048244163","0","0.27821331048244163"
"1","569","25904564","1000","1","""HK""","0.06999999999999999","false","""normal""","1","""constant""","0","""Scale-free""","3","0","1","""uniform""","""deterministic-normal""","0","0","1","""uniform""","0","0","false","""/home/ramaswamy.51/Documents/github/Spirals/Media/data/cluster/endsim/BehaviorSearch/Step6_Trial""","true","0","1","0","0","true","false","""214831530""","0.3166685040006995","0.3166685040006995","0.3166685040006995","0","0.3166685040006995"
"1","570","25904564","1000","1","""HK""","0.06999999999999999","false","""normal""","1","""constant""","0","""Scale-free""","3","0","1","""uniform""","""deterministic-normal""","0","0","1","""uniform""","0","0","false","""/home/ramaswamy.51/Documents/github/Spirals/Media/data/cluster/endsim/BehaviorSearch/Step6_Trial""","true","0","1","0","0","true","false","""-1182810968""","0.31432466788516694","0.31432466788516694","0.31432466788516694","0","0.31432466788516694"
"1","571","25904564","1000","1","""HK""","0.06999999999999999","false","""normal""","1","""constant""","0","""Scale-free""","3","0","1","""uniform""","""deterministic-normal""","0","0","1","""uniform""","0","0","false","""/home/ramaswamy.51/Documents/github/Spirals/Media/data/cluster/endsim/BehaviorSearch/Step6_Trial""","true","0","1","0","0","true","false","""-1570719983""","0.31894436248315583","0.31894436248315583","0.31894436248315583","0","0.31894436248315583"
"1","572","25904564","1000","1","""HK""","0.06999999999999999","false","""normal""","1","""constant""","0","""Scale-free""","3","0","1","""uniform""","""deterministic-normal""","0","0","1","""uniform""","0","0","false","""/home/ramaswamy.51/Documents/github/Spirals/Media/data/cluster/endsim/BehaviorSearch/Step6_Trial""","true","0","1","0","0","true","false","""-824978291""","0.30578363319267654","0.30578363319267654","0.30578363319267654","0","0.30578363319267654"
"1","573","26245444","1000","1","""HK""","0.03","false","""normal""","1","""constant""","0.2","""Scale-free""","3","0","1","""uniform""","""deterministic-normal""","0","0","1","""uniform""","0","0","false","""/home/ramaswamy.51/Documents/github/Spirals/Media/data/cluster/endsim/BehaviorSearch/Step6_Trial""","true","0","1","0","0","true","false","""116367327""","0.27037319638090523","0.27037319638090523","0.27037319638090523","0","0.27037319638090523"
"1","574","26245444","1000","1","""HK""","0.03","false","""normal""","1","""constant""","0.2","""Scale-free""","3","0","1","""uniform""","""deterministic-normal""","0","0","1","""uniform""","0","0","false","""/home/ramaswamy.51/Documents/github/Spirals/Media/data/cluster/endsim/BehaviorSearch/Step6_Trial""","true","0","1","0","0","true","false","""-559843723""","0.2722453247983349","0.2722453247983349","0.2722453247983349","0","0.2722453247983349"
"1","575","26245444","1000","1","""HK""","0.03","false","""normal""","1","""constant""","0.2","""Scale-free""","3","0","1","""uniform""","""deterministic-normal""","0","0","1","""uniform""","0","0","false","""/home/ramaswamy.51/Documents/github/Spirals/Media/data/cluster/endsim/BehaviorSearch/Step6_Trial""","true","0","1","0","0","true","false","""-161354031""","0.2633256167126348","0.2633256167126348","0.2633256167126348","0","0.2633256167126348"
"1","576","26245444","1000","1","""HK""","0.03","false","""normal""","1","""constant""","0.2","""Scale-free""","3","0","1","""uniform""","""deterministic-normal""","0","0","1","""uniform""","0","0","false","""/home/ramaswamy.51/Documents/github/Spirals/Media/data/cluster/endsim/BehaviorSearch/Step6_Trial""","true","0","1","0","0","true","false","""-1727439776""","0.27735535783585347","0.27735535783585347","0.27735535783585347","0","0.27735535783585347"
"1","577","37570864","1000","1","""HK""","0.12","false","""normal""","1","""constant""","0","""Scale-free""","2","0","1","""uniform""","""deterministic-normal""","0","0","1","""uniform""","0","0","false","""/home/ramaswamy.51/Documents/github/Spirals/Media/data/cluster/endsim/BehaviorSearch/Step6_Trial""","true","0","1","0","0","true","false","""-1464910109""","0.30286481107140767","0.30286481107140767","0.30286481107140767","0","0.30286481107140767"
"1","578","37570864","1000","1","""HK""","0.12","false","""normal""","1","""constant""","0","""Scale-free""","2","0","1","""uniform""","""deterministic-normal""","0","0","1","""uniform""","0","0","false","""/home/ramaswamy.51/Documents/github/Spirals/Media/data/cluster/endsim/BehaviorSearch/Step6_Trial""","true","0","1","0","0","true","false","""-422688145""","0.29242116549285635","0.29242116549285635","0.29242116549285635","0","0.29242116549285635"
"1","579","37570864","1000","1","""HK""","0.12","false","""normal""","1","""constant""","0","""Scale-free""","2","0","1","""uniform""","""deterministic-normal""","0","0","1","""uniform""","0","0","false","""/home/ramaswamy.51/Documents/github/Spirals/Media/data/cluster/endsim/BehaviorSearch/Step6_Trial""","true","0","1","0","0","true","false","""-158435840""","0.2612502659705804","0.2612502659705804","0.2612502659705804","0","0.2612502659705804"
"1","580","37570864","1000","1","""HK""","0.12","false","""normal""","1","""constant""","0","""Scale-free""","2","0","1","""uniform""","""deterministic-normal""","0","0","1","""uniform""","0","0","false","""/home/ramaswamy.51/Documents/github/Spirals/Media/data/cluster/endsim/BehaviorSearch/Step6_Trial""","true","0","1","0","0","true","false","""329440785""","0.27206337394507596","0.27206337394507596","0.27206337394507596","0","0.27206337394507596"
