"search-number","evaluation","number_of_agents*","number_of_opinion_dimensions*","model*","boundary_mean*","set-seed?*","boundary_distribution*","conformity_mean*","conformity_distribution*","boundary_std*","network_type*","scale_free_degree*","scale_free_selection-mu*","scale_free_selection-sigma*","scale_free_selection-distribution*","media_house_distribution*","number_of_media_houses*","media_house_distribution_normal_mean*","media_house_distribution_normal_std*","opinion_distribution*","opinion_mean*","opinion_std*","save_end_sim_data*","endsimdirectory*","use_media_influence_factor?*","media_influence_factor*","silence_alpha*","silence_tau*","silence_delta0*","classify_proponents_by_boundary?*","use_silence?*","fitness","num-replicates","best-fitness-so-far"
"1","4","1000","1","""HK""","0.23","false","""normal""","1","""constant""","0.1","""Scale-free""","1","0","1","""uniform""","""deterministic-normal""","15","-0.3999999999999999","0.8","""normal""","0.10000000000000009","0","false","""/home/ramaswamy.51/Documents/github/Spirals/Media/data/cluster/endsim/BehaviorSearch/Step6_Trial""","true","0.2","0.30000000000000004","0","-0.3999999999999999","true","true","0.5095184510641297","4","0.5095184510641297"
"1","8","1000","1","""HK""","0.2","false","""normal""","1","""constant""","0.4","""Scale-free""","2","0","1","""uniform""","""deterministic-normal""","20","0.10000000000000009","0.6000000000000001","""normal""","-0.5","0","false","""/home/ramaswamy.51/Documents/github/Spirals/Media/data/cluster/endsim/BehaviorSearch/Step6_Trial""","true","0.4","0.2","0","0.40000000000000013","true","true","0.38892847596247315","4","0.38892847596247315"
"1","12","1000","1","""HK""","0.23","false","""normal""","1","""constant""","0.1","""Scale-free""","2","0","1","""uniform""","""deterministic-normal""","20","-0.5","0.30000000000000004","""normal""","-0.7","0.2","false","""/home/ramaswamy.51/Documents/github/Spirals/Media/data/cluster/endsim/BehaviorSearch/Step6_Trial""","true","0.7000000000000001","0.4","0","-0.29999999999999993","true","true","0.6000461085188447","4","0.38892847596247315"
"1","16","1000","1","""HK""","0.14","false","""normal""","1","""constant""","0.5","""Scale-free""","5","0","1","""uniform""","""deterministic-normal""","40","-0.29999999999999993","0.2","""normal""","-0.5","1","false","""/home/ramaswamy.51/Documents/github/Spirals/Media/data/cluster/endsim/BehaviorSearch/Step6_Trial""","true","0.6000000000000001","0","5","-0.8","true","true","0.34525390982272186","4","0.34525390982272186"
"1","20","1000","1","""HK""","0.17","false","""normal""","1","""constant""","0","""Scale-free""","2","0","1","""uniform""","""deterministic-normal""","5","0.8","0.2","""normal""","-0.19999999999999996","0.30000000000000004","false","""/home/ramaswamy.51/Documents/github/Spirals/Media/data/cluster/endsim/BehaviorSearch/Step6_Trial""","true","0.2","0.5","4","0.6000000000000001","true","true","0.4582322401615264","4","0.34525390982272186"
"1","24","1000","1","""HK""","0.18000000000000002","false","""normal""","1","""constant""","0.4","""Scale-free""","4","0","1","""uniform""","""deterministic-normal""","20","-0.7","0.1","""normal""","-1","1","false","""/home/ramaswamy.51/Documents/github/Spirals/Media/data/cluster/endsim/BehaviorSearch/Step6_Trial""","true","0.9","0.9","8","-0.8","true","true","0.3559632462577199","4","0.34525390982272186"
"1","28","1000","1","""HK""","0.02","false","""normal""","1","""constant""","0.1","""Scale-free""","1","0","1","""uniform""","""deterministic-normal""","15","-1","0.1","""normal""","0.5","0.1","false","""/home/ramaswamy.51/Documents/github/Spirals/Media/data/cluster/endsim/BehaviorSearch/Step6_Trial""","true","1","0.4","5","0.10000000000000009","true","true","0.6500232282187198","4","0.34525390982272186"
"1","32","1000","1","""HK""","0.09999999999999999","false","""normal""","1","""constant""","0.4","""Scale-free""","1","0","1","""uniform""","""deterministic-normal""","10","0","0.2","""normal""","-0.8","0","false","""/home/ramaswamy.51/Documents/github/Spirals/Media/data/cluster/endsim/BehaviorSearch/Step6_Trial""","true","0","0.5","3","0.30000000000000004","true","true","0.37219631132746056","4","0.34525390982272186"
"1","36","1000","1","""HK""","0.15000000000000002","false","""normal""","1","""constant""","0.1","""Scale-free""","3","0","1","""uniform""","""deterministic-normal""","35","0.20000000000000018","0.4","""normal""","-0.09999999999999998","0.8","false","""/home/ramaswamy.51/Documents/github/Spirals/Media/data/cluster/endsim/BehaviorSearch/Step6_Trial""","true","0.6000000000000001","0.30000000000000004","8","-0.09999999999999998","true","true","0.18100068125386684","4","0.18100068125386684"
"1","40","1000","1","""HK""","0.02","false","""normal""","1","""constant""","0","""Scale-free""","4","0","1","""uniform""","""deterministic-normal""","30","-0.8","0.30000000000000004","""normal""","0.9000000000000001","0.4","false","""/home/ramaswamy.51/Documents/github/Spirals/Media/data/cluster/endsim/BehaviorSearch/Step6_Trial""","true","0","0.7000000000000001","5","0.6000000000000001","true","true","0.5290980476685797","4","0.18100068125386684"
"1","44","1000","1","""HK""","0.14","false","""normal""","1","""constant""","0.5","""Scale-free""","4","0","1","""uniform""","""deterministic-normal""","30","0","1","""normal""","-0.6","0.2","false","""/home/ramaswamy.51/Documents/github/Spirals/Media/data/cluster/endsim/BehaviorSearch/Step6_Trial""","true","0.4","0.4","0","-0.9","true","true","0.3679093815023029","4","0.18100068125386684"
"1","48","1000","1","""HK""","0.08","false","""normal""","1","""constant""","0.2","""Scale-free""","2","0","1","""uniform""","""deterministic-normal""","5","0.30000000000000004","0.5","""normal""","-0.7","0.8","false","""/home/ramaswamy.51/Documents/github/Spirals/Media/data/cluster/endsim/BehaviorSearch/Step6_Trial""","true","0.4","1","3","0.10000000000000009","true","true","0.2057730019954755","4","0.18100068125386684"
"1","52","1000","1","""HK""","0.18000000000000002","false","""normal""","1","""constant""","0.5","""Scale-free""","1","0","1","""uniform""","""deterministic-normal""","35","-0.09999999999999998","0.8","""normal""","0.6000000000000001","0.8","false","""/home/ramaswamy.51/Documents/github/Spirals/Media/data/cluster/endsim/BehaviorSearch/Step6_Trial""","true","0","0.9","8","-0.19999999999999996","true","true","0.34972104525379105","4","0.18100068125386684"
"1","56","1000","1","""HK""","0.060000000000000005","false","""normal""","1","""constant""","0.1","""Scale-free""","3","0","1","""uniform""","""deterministic-normal""","10","0.40000000000000013","0.8","""normal""","0.20000000000000018","0.30000000000000004","false","""/home/ramaswamy.51/Documents/github/Spirals/Media/data/cluster/endsim/BehaviorSearch/Step6_Trial""","true","0.6000000000000001","0.30000000000000004","2","0.40000000000000013","true","true","0.2862406277923801","4","0.18100068125386684"
"1","60","1000","1","""HK""","0.28","false","""normal""","1","""constant""","0","""Scale-free""","2","0","1","""uniform""","""deterministic-normal""","50","0.7000000000000002","0.30000000000000004","""normal""","-0.3999999999999999","0","false","""/home/ramaswamy.51/Documents/github/Spirals/Media/data/cluster/endsim/BehaviorSearch/Step6_Trial""","true","0.8","1","1","0.6000000000000001","true","true","0.7156852607506536","4","0.18100068125386684"
"1","64","1000","1","""HK""","0.26","false","""normal""","1","""constant""","0.4","""Scale-free""","5","0","1","""uniform""","""deterministic-normal""","45","0.5","0.1","""normal""","0.40000000000000013","0.8","false","""/home/ramaswamy.51/Documents/github/Spirals/Media/data/cluster/endsim/BehaviorSearch/Step6_Trial""","true","0.7000000000000001","0","1","-0.5","true","true","0.24541772880889212","4","0.18100068125386684"
"1","68","1000","1","""HK""","0.18000000000000002","false","""normal""","1","""constant""","0.5","""Scale-free""","5","0","1","""uniform""","""deterministic-normal""","35","0.8","0.9","""normal""","0.20000000000000018","0.5","false","""/home/ramaswamy.51/Documents/github/Spirals/Media/data/cluster/endsim/BehaviorSearch/Step6_Trial""","true","0.6000000000000001","0.6000000000000001","2","0.10000000000000009","true","true","0.31286229544631516","4","0.18100068125386684"
"1","72","1000","1","""HK""","0.28","false","""normal""","1","""constant""","0","""Scale-free""","1","0","1","""uniform""","""deterministic-normal""","35","0.30000000000000004","0.4","""normal""","-1","0","false","""/home/ramaswamy.51/Documents/github/Spirals/Media/data/cluster/endsim/BehaviorSearch/Step6_Trial""","true","0.7000000000000001","0.2","8","-0.29999999999999993","true","true","0.7156852607506536","4","0.18100068125386684"
"1","76","1000","1","""HK""","0.060000000000000005","false","""normal""","1","""constant""","0.4","""Scale-free""","1","0","1","""uniform""","""deterministic-normal""","45","0.6000000000000001","1","""normal""","0.40000000000000013","0.8","false","""/home/ramaswamy.51/Documents/github/Spirals/Media/data/cluster/endsim/BehaviorSearch/Step6_Trial""","true","0.6000000000000001","0.4","0","0.5","true","true","0.19966914815535444","4","0.18100068125386684"
"1","80","1000","1","""HK""","0.03","false","""normal""","1","""constant""","0.1","""Scale-free""","1","0","1","""uniform""","""deterministic-normal""","10","-0.6","1","""normal""","-0.19999999999999996","0","false","""/home/ramaswamy.51/Documents/github/Spirals/Media/data/cluster/endsim/BehaviorSearch/Step6_Trial""","true","0.4","0.1","7","-0.6","true","true","0.5095184510641297","4","0.18100068125386684"
"1","84","1000","1","""HK""","0.16","false","""normal""","1","""constant""","0.4","""Scale-free""","3","0","1","""uniform""","""deterministic-normal""","10","0.6000000000000001","0.8","""normal""","-0.9","0.5","false","""/home/ramaswamy.51/Documents/github/Spirals/Media/data/cluster/endsim/BehaviorSearch/Step6_Trial""","true","0.4","0.1","0","0.30000000000000004","true","true","0.34245278206510776","4","0.18100068125386684"
"1","88","1000","1","""HK""","0.06999999999999999","false","""normal""","1","""constant""","0.1","""Scale-free""","3","0","1","""uniform""","""deterministic-normal""","0","0.9000000000000001","0.4","""normal""","1","1","false","""/home/ramaswamy.51/Documents/github/Spirals/Media/data/cluster/endsim/BehaviorSearch/Step6_Trial""","true","0","0.5","8","0.8","true","true","0.17840779895404946","4","0.17840779895404946"
"1","92","1000","1","""HK""","0.12","false","""normal""","1","""constant""","0.1","""Scale-free""","2","0","1","""uniform""","""deterministic-normal""","25","-0.7","0.8","""normal""","-0.09999999999999998","0.5","false","""/home/ramaswamy.51/Documents/github/Spirals/Media/data/cluster/endsim/BehaviorSearch/Step6_Trial""","true","0","0","4","-0.7","true","true","0.24036149771819115","4","0.17840779895404946"
"1","96","1000","1","""HK""","0.06999999999999999","false","""normal""","1","""constant""","0.4","""Scale-free""","2","0","1","""uniform""","""deterministic-normal""","10","0.5","0.5","""normal""","-0.09999999999999998","0.5","false","""/home/ramaswamy.51/Documents/github/Spirals/Media/data/cluster/endsim/BehaviorSearch/Step6_Trial""","true","0.4","0.4","7","0.30000000000000004","true","true","0.31869712120401456","4","0.17840779895404946"
"1","100","1000","1","""HK""","0.09","false","""normal""","1","""constant""","0.4","""Scale-free""","4","0","1","""uniform""","""deterministic-normal""","0","-0.7","0.8","""normal""","0.40000000000000013","0.1","false","""/home/ramaswamy.51/Documents/github/Spirals/Media/data/cluster/endsim/BehaviorSearch/Step6_Trial""","true","0.4","0","3","-0.19999999999999996","true","true","0.44285172047016236","4","0.17840779895404946"
"1","104","1000","1","""HK""","0.15000000000000002","false","""normal""","1","""constant""","0.5","""Scale-free""","1","0","1","""uniform""","""deterministic-normal""","40","-0.6","0.2","""normal""","-0.7","0.5","false","""/home/ramaswamy.51/Documents/github/Spirals/Media/data/cluster/endsim/BehaviorSearch/Step6_Trial""","true","0.1","0.9","8","0.8","true","true","0.3587246187553965","4","0.17840779895404946"
"1","108","1000","1","""HK""","0.13","false","""normal""","1","""constant""","0.5","""Scale-free""","1","0","1","""uniform""","""deterministic-normal""","45","-0.5","0.9","""normal""","-0.6","0.4","false","""/home/ramaswamy.51/Documents/github/Spirals/Media/data/cluster/endsim/BehaviorSearch/Step6_Trial""","true","0.4","0.6000000000000001","4","-0.6","true","true","0.3857554790569122","4","0.17840779895404946"
"1","112","1000","1","""HK""","0.2","false","""normal""","1","""constant""","0.4","""Scale-free""","1","0","1","""uniform""","""deterministic-normal""","45","0.30000000000000004","0.2","""normal""","-0.3999999999999999","0.8","false","""/home/ramaswamy.51/Documents/github/Spirals/Media/data/cluster/endsim/BehaviorSearch/Step6_Trial""","true","1","0.7000000000000001","5","0.10000000000000009","true","true","0.25274892247378955","4","0.17840779895404946"
"1","116","1000","1","""HK""","0.29000000000000004","false","""normal""","1","""constant""","0.4","""Scale-free""","4","0","1","""uniform""","""deterministic-normal""","20","-0.29999999999999993","0.4","""normal""","-0.29999999999999993","0.30000000000000004","false","""/home/ramaswamy.51/Documents/github/Spirals/Media/data/cluster/endsim/BehaviorSearch/Step6_Trial""","true","0.4","0","10","-0.3999999999999999","true","true","0.4427068300995292","4","0.17840779895404946"
"1","120","1000","1","""HK""","0.28","false","""normal""","1","""constant""","0.30000000000000004","""Scale-free""","4","0","1","""uniform""","""deterministic-normal""","20","0.30000000000000004","0.2","""normal""","-1","0.5","false","""/home/ramaswamy.51/Documents/github/Spirals/Media/data/cluster/endsim/BehaviorSearch/Step6_Trial""","true","0.2","0.8","9","0.7000000000000002","true","true","0.38695388909601325","4","0.17840779895404946"
"1","124","1000","1","""HK""","0.18000000000000002","false","""normal""","1","""constant""","0.4","""Scale-free""","4","0","1","""uniform""","""deterministic-normal""","20","-0.7","0.1","""normal""","-1","1","false","""/home/ramaswamy.51/Documents/github/Spirals/Media/data/cluster/endsim/BehaviorSearch/Step6_Trial""","true","0.9","0.9","8","-1","true","true","0.3313174317328606","4","0.17840779895404946"
"1","128","1000","1","""HK""","0.06999999999999999","false","""normal""","1","""constant""","0.2","""Scale-free""","3","0","1","""uniform""","""deterministic-normal""","0","0.7000000000000002","0.4","""normal""","1","0.8","false","""/home/ramaswamy.51/Documents/github/Spirals/Media/data/cluster/endsim/BehaviorSearch/Step6_Trial""","true","0","0.7000000000000001","5","-0.29999999999999993","true","true","0.2996558553021617","4","0.17840779895404946"
"1","132","1000","1","""HK""","0.2","false","""normal""","1","""constant""","0.4","""Scale-free""","1","0","1","""uniform""","""deterministic-normal""","45","0.30000000000000004","0.2","""normal""","-0.6","1","false","""/home/ramaswamy.51/Documents/github/Spirals/Media/data/cluster/endsim/BehaviorSearch/Step6_Trial""","true","0","0.5","10","0.8","true","true","0.3316045408373865","4","0.17840779895404946"
"1","136","1000","1","""HK""","0.23","false","""normal""","1","""constant""","0.5","""Scale-free""","1","0","1","""uniform""","""deterministic-normal""","35","0.30000000000000004","0.4","""normal""","1","0.8","false","""/home/ramaswamy.51/Documents/github/Spirals/Media/data/cluster/endsim/BehaviorSearch/Step6_Trial""","true","0","0.8","5","-0.29999999999999993","true","true","0.3728177111154414","4","0.17840779895404946"
"1","140","1000","1","""HK""","0.18000000000000002","false","""normal""","1","""constant""","0.5","""Scale-free""","5","0","1","""uniform""","""deterministic-normal""","35","0.8","0.9","""normal""","-0.6","0.4","false","""/home/ramaswamy.51/Documents/github/Spirals/Media/data/cluster/endsim/BehaviorSearch/Step6_Trial""","true","0.4","0.6000000000000001","4","-0.6","true","true","0.43347616135482375","4","0.17840779895404946"
"1","144","1000","1","""HK""","0.18000000000000002","false","""normal""","1","""constant""","0.5","""Scale-free""","1","0","1","""uniform""","""deterministic-normal""","35","0","0.8","""normal""","0.20000000000000018","0.8","false","""/home/ramaswamy.51/Documents/github/Spirals/Media/data/cluster/endsim/BehaviorSearch/Step6_Trial""","true","0.2","0.9","8","-0.19999999999999996","true","true","0.350123365196388","4","0.17840779895404946"
"1","148","1000","1","""HK""","0.060000000000000005","false","""normal""","1","""constant""","0.4","""Scale-free""","1","0","1","""uniform""","""deterministic-normal""","45","0.30000000000000004","0.2","""normal""","-0.3999999999999999","0.8","false","""/home/ramaswamy.51/Documents/github/Spirals/Media/data/cluster/endsim/BehaviorSearch/Step6_Trial""","true","1","0.8","5","0.10000000000000009","true","true","0.24938442446707798","4","0.17840779895404946"
"1","152","1000","1","""HK""","0.09999999999999999","false","""normal""","1","""constant""","0.1","""Scale-free""","3","0","1","""uniform""","""deterministic-normal""","0","0.8","0.5","""normal""","1","1","false","""/home/ramaswamy.51/Documents/github/Spirals/Media/data/cluster/endsim/BehaviorSearch/Step6_Trial""","true","0","0.5","8","0.8","true","true","0.20379674151117275","4","0.17840779895404946"
"1","156","1000","1","""HK""","0.19","false","""normal""","1","""constant""","0.4","""Scale-free""","1","0","1","""uniform""","""deterministic-normal""","5","0.30000000000000004","0.5","""normal""","-0.7","0.7000000000000001","false","""/home/ramaswamy.51/Documents/github/Spirals/Media/data/cluster/endsim/BehaviorSearch/Step6_Trial""","true","0.4","1","3","0.10000000000000009","true","true","0.32620642645698794","4","0.17840779895404946"
"1","160","1000","1","""HK""","0.060000000000000005","false","""normal""","1","""constant""","0.4","""Scale-free""","2","0","1","""uniform""","""deterministic-normal""","45","0.30000000000000004","1","""normal""","0.40000000000000013","0.8","false","""/home/ramaswamy.51/Documents/github/Spirals/Media/data/cluster/endsim/BehaviorSearch/Step6_Trial""","true","0.7000000000000001","0.30000000000000004","0","0.5","true","true","0.2198317511552057","4","0.17840779895404946"
"1","164","1000","1","""HK""","0.060000000000000005","false","""normal""","1","""constant""","0.4","""Scale-free""","1","0","1","""uniform""","""deterministic-normal""","40","0.20000000000000018","0.4","""normal""","-0.09999999999999998","0.8","false","""/home/ramaswamy.51/Documents/github/Spirals/Media/data/cluster/endsim/BehaviorSearch/Step6_Trial""","true","0.6000000000000001","0.30000000000000004","8","-0.3999999999999999","true","true","0.25071488896732","4","0.17840779895404946"
"1","168","1000","1","""HK""","0.08","false","""normal""","1","""constant""","0.2","""Scale-free""","2","0","1","""uniform""","""deterministic-normal""","5","0.30000000000000004","0.5","""normal""","-0.7","0.8","false","""/home/ramaswamy.51/Documents/github/Spirals/Media/data/cluster/endsim/BehaviorSearch/Step6_Trial""","true","0","0.4","9","0.8","true","true","0.2383918582842811","4","0.17840779895404946"
"1","172","1000","1","""HK""","0.08","false","""normal""","1","""constant""","0.1","""Scale-free""","3","0","1","""uniform""","""deterministic-normal""","0","0.8","0.5","""normal""","1","1","false","""/home/ramaswamy.51/Documents/github/Spirals/Media/data/cluster/endsim/BehaviorSearch/Step6_Trial""","true","0","0.5","8","1","true","true","0.1890230810738887","4","0.17840779895404946"
"1","176","1000","1","""HK""","0.09999999999999999","false","""normal""","1","""constant""","0.1","""Scale-free""","2","0","1","""uniform""","""deterministic-normal""","0","0.8","0.5","""normal""","1","1","false","""/home/ramaswamy.51/Documents/github/Spirals/Media/data/cluster/endsim/BehaviorSearch/Step6_Trial""","true","0","0.6000000000000001","8","1","true","true","0.20706543515594725","4","0.17840779895404946"
"1","180","1000","1","""HK""","0.09999999999999999","false","""normal""","1","""constant""","0.1","""Scale-free""","2","0","1","""uniform""","""deterministic-normal""","0","0.8","0.5","""normal""","0.9000000000000001","1","false","""/home/ramaswamy.51/Documents/github/Spirals/Media/data/cluster/endsim/BehaviorSearch/Step6_Trial""","true","0","0.6000000000000001","8","1","true","true","0.1959427302895043","4","0.17840779895404946"
"1","184","1000","1","""HK""","0.06999999999999999","false","""normal""","1","""constant""","0.1","""Scale-free""","3","0","1","""uniform""","""deterministic-normal""","0","0.9000000000000001","0.4","""normal""","1","1","false","""/home/ramaswamy.51/Documents/github/Spirals/Media/data/cluster/endsim/BehaviorSearch/Step6_Trial""","true","0","0.5","8","0.9000000000000001","true","true","0.19257009344478737","4","0.17840779895404946"
"1","188","1000","1","""HK""","0.08","false","""normal""","1","""constant""","0.1","""Scale-free""","2","0","1","""uniform""","""deterministic-normal""","5","0.30000000000000004","0.4","""normal""","-0.09999999999999998","0.8","false","""/home/ramaswamy.51/Documents/github/Spirals/Media/data/cluster/endsim/BehaviorSearch/Step6_Trial""","true","0.6000000000000001","0.30000000000000004","8","0","true","true","0.1677658103893082","4","0.1677658103893082"
"1","192","1000","1","""HK""","0.11","false","""normal""","1","""constant""","0.1","""Scale-free""","2","0","1","""uniform""","""deterministic-normal""","5","0.30000000000000004","0.4","""normal""","-0.29999999999999993","1","false","""/home/ramaswamy.51/Documents/github/Spirals/Media/data/cluster/endsim/BehaviorSearch/Step6_Trial""","true","0.6000000000000001","0.30000000000000004","8","0","true","true","0.16899240089205603","4","0.1677658103893082"
"1","196","1000","1","""HK""","0.08","false","""normal""","1","""constant""","0.2","""Scale-free""","2","0","1","""uniform""","""deterministic-normal""","5","0.30000000000000004","0.4","""normal""","-0.09999999999999998","0.8","false","""/home/ramaswamy.51/Documents/github/Spirals/Media/data/cluster/endsim/BehaviorSearch/Step6_Trial""","true","0.6000000000000001","0.4","9","0","true","true","0.15257657635242455","4","0.15257657635242455"
"1","200","1000","1","""HK""","0.15000000000000002","false","""normal""","1","""constant""","0.1","""Scale-free""","3","0","1","""uniform""","""deterministic-normal""","35","0.20000000000000018","0.30000000000000004","""normal""","-0.09999999999999998","0.8","false","""/home/ramaswamy.51/Documents/github/Spirals/Media/data/cluster/endsim/BehaviorSearch/Step6_Trial""","true","0.6000000000000001","0.2","8","-0.09999999999999998","true","true","0.19302072296581776","4","0.15257657635242455"
"1","204","1000","1","""HK""","0.18000000000000002","false","""normal""","1","""constant""","0.4","""Scale-free""","4","0","1","""uniform""","""deterministic-normal""","20","-0.6","0.1","""normal""","-1","0.8","false","""/home/ramaswamy.51/Documents/github/Spirals/Media/data/cluster/endsim/BehaviorSearch/Step6_Trial""","true","0.6000000000000001","0.4","8","0","true","true","0.38452694636477047","4","0.15257657635242455"
"1","208","1000","1","""HK""","0.16","false","""normal""","1","""constant""","0.1","""Scale-free""","3","0","1","""uniform""","""deterministic-normal""","30","0.30000000000000004","0.4","""normal""","0.40000000000000013","0.8","false","""/home/ramaswamy.51/Documents/github/Spirals/Media/data/cluster/endsim/BehaviorSearch/Step6_Trial""","true","0.8","0.30000000000000004","7","0.40000000000000013","true","true","0.2476128791062661","4","0.15257657635242455"
"1","212","1000","1","""HK""","0.02","false","""normal""","1","""constant""","0.1","""Scale-free""","3","0","1","""uniform""","""deterministic-normal""","5","0.20000000000000018","0.4","""normal""","-0.09999999999999998","0.8","false","""/home/ramaswamy.51/Documents/github/Spirals/Media/data/cluster/endsim/BehaviorSearch/Step6_Trial""","true","0.6000000000000001","0.2","8","0.20000000000000018","true","true","0.1667070503880525","4","0.15257657635242455"
"1","216","1000","1","""HK""","0.15000000000000002","false","""normal""","1","""constant""","0.1","""Scale-free""","3","0","1","""uniform""","""deterministic-normal""","35","0.20000000000000018","0.5","""normal""","-0.09999999999999998","0.8","false","""/home/ramaswamy.51/Documents/github/Spirals/Media/data/cluster/endsim/BehaviorSearch/Step6_Trial""","true","0.6000000000000001","0.30000000000000004","8","0.10000000000000009","true","true","0.1681496447532635","4","0.15257657635242455"
"1","220","1000","1","""HK""","0.15000000000000002","false","""normal""","1","""constant""","0.1","""Scale-free""","3","0","1","""uniform""","""deterministic-normal""","35","0.20000000000000018","0.4","""normal""","0.10000000000000009","0.8","false","""/home/ramaswamy.51/Documents/github/Spirals/Media/data/cluster/endsim/BehaviorSearch/Step6_Trial""","true","0","0","4","-0.7","true","true","0.2493547571153545","4","0.15257657635242455"
"1","224","1000","1","""HK""","0.08","false","""normal""","1","""constant""","0.4","""Scale-free""","1","0","1","""uniform""","""deterministic-normal""","45","0.6000000000000001","1","""normal""","0.40000000000000013","1","false","""/home/ramaswamy.51/Documents/github/Spirals/Media/data/cluster/endsim/BehaviorSearch/Step6_Trial""","true","0.6000000000000001","0.4","0","0.8","true","true","0.18129590130216355","4","0.15257657635242455"
"1","228","1000","1","""HK""","0.08","false","""normal""","1","""constant""","0.1","""Scale-free""","3","0","1","""uniform""","""deterministic-normal""","0","0.7000000000000002","0.5","""normal""","1","1","false","""/home/ramaswamy.51/Documents/github/Spirals/Media/data/cluster/endsim/BehaviorSearch/Step6_Trial""","true","0","0.5","8","1","true","true","0.19194079531011493","4","0.15257657635242455"
"1","232","1000","1","""HK""","0.08","false","""normal""","1","""constant""","0.2","""Scale-free""","2","0","1","""uniform""","""deterministic-normal""","10","0.30000000000000004","0.5","""normal""","-0.09999999999999998","0.8","false","""/home/ramaswamy.51/Documents/github/Spirals/Media/data/cluster/endsim/BehaviorSearch/Step6_Trial""","true","0.6000000000000001","0.4","9","0","true","true","0.14886189093605537","4","0.14886189093605537"
"1","236","1000","1","""HK""","0.08","false","""normal""","1","""constant""","0.2","""Scale-free""","2","0","1","""uniform""","""deterministic-normal""","5","0.30000000000000004","0.4","""normal""","-0.09999999999999998","0.8","false","""/home/ramaswamy.51/Documents/github/Spirals/Media/data/cluster/endsim/BehaviorSearch/Step6_Trial""","true","0.6000000000000001","0.4","8","1","true","true","0.1662705831321207","4","0.14886189093605537"
"1","240","1000","1","""HK""","0.02","false","""normal""","1","""constant""","0.1","""Scale-free""","3","0","1","""uniform""","""deterministic-normal""","5","0.20000000000000018","0.4","""normal""","-0.09999999999999998","0.7000000000000001","false","""/home/ramaswamy.51/Documents/github/Spirals/Media/data/cluster/endsim/BehaviorSearch/Step6_Trial""","true","0.6000000000000001","0.2","8","0.20000000000000018","true","true","0.15275189686442417","4","0.14886189093605537"
"1","244","1000","1","""HK""","0.06999999999999999","false","""normal""","1","""constant""","0.1","""Scale-free""","3","0","1","""uniform""","""deterministic-normal""","0","0.9000000000000001","0.4","""normal""","1","0.8","false","""/home/ramaswamy.51/Documents/github/Spirals/Media/data/cluster/endsim/BehaviorSearch/Step6_Trial""","true","0.6000000000000001","0.2","7","0.20000000000000018","true","true","0.30812970510519205","4","0.14886189093605537"
"1","248","1000","1","""HK""","0.08","false","""normal""","1","""constant""","0.1","""Scale-free""","2","0","1","""uniform""","""deterministic-normal""","0","0.20000000000000018","0.4","""normal""","-0.09999999999999998","0.6000000000000001","false","""/home/ramaswamy.51/Documents/github/Spirals/Media/data/cluster/endsim/BehaviorSearch/Step6_Trial""","true","0.4","0.4","9","0","true","true","0.13643042754523466","4","0.13643042754523466"
"1","252","1000","1","""HK""","0.08","false","""normal""","1","""constant""","0","""Scale-free""","3","0","1","""uniform""","""deterministic-normal""","0","0.8","0.5","""normal""","1","1","false","""/home/ramaswamy.51/Documents/github/Spirals/Media/data/cluster/endsim/BehaviorSearch/Step6_Trial""","true","0","0.5","8","1","true","true","0.30285050665273205","4","0.13643042754523466"
"1","256","1000","1","""HK""","0.08","false","""normal""","1","""constant""","0.1","""Scale-free""","2","0","1","""uniform""","""deterministic-normal""","45","0.30000000000000004","1","""normal""","0.20000000000000018","0.4","false","""/home/ramaswamy.51/Documents/github/Spirals/Media/data/cluster/endsim/BehaviorSearch/Step6_Trial""","true","0.8","0.30000000000000004","0","0.40000000000000013","true","true","0.24396377462461305","4","0.13643042754523466"
"1","260","1000","1","""HK""","0.08","false","""normal""","1","""constant""","0.4","""Scale-free""","1","0","1","""uniform""","""deterministic-normal""","45","0.30000000000000004","1","""normal""","0.40000000000000013","1","false","""/home/ramaswamy.51/Documents/github/Spirals/Media/data/cluster/endsim/BehaviorSearch/Step6_Trial""","true","0.6000000000000001","0.4","0","0.8","true","true","0.17314847698041166","4","0.13643042754523466"
"1","264","1000","1","""HK""","0.06999999999999999","false","""normal""","1","""constant""","0.1","""Scale-free""","3","0","1","""uniform""","""deterministic-normal""","5","0.30000000000000004","0.6000000000000001","""normal""","-0.7","0.8","false","""/home/ramaswamy.51/Documents/github/Spirals/Media/data/cluster/endsim/BehaviorSearch/Step6_Trial""","true","0.4","1","4","0.10000000000000009","true","true","0.18181509957985464","4","0.13643042754523466"
"1","268","1000","1","""HK""","0.05","false","""normal""","1","""constant""","0.1","""Scale-free""","2","0","1","""uniform""","""deterministic-normal""","0","0.20000000000000018","0.4","""normal""","-0.09999999999999998","0.6000000000000001","false","""/home/ramaswamy.51/Documents/github/Spirals/Media/data/cluster/endsim/BehaviorSearch/Step6_Trial""","true","0.4","0.4","9","0","true","true","0.1121044917150667","4","0.1121044917150667"
"1","272","1000","1","""HK""","0.08","false","""normal""","1","""constant""","0.2","""Scale-free""","2","0","1","""uniform""","""deterministic-normal""","0","0.30000000000000004","0.4","""normal""","0.10000000000000009","0.8","false","""/home/ramaswamy.51/Documents/github/Spirals/Media/data/cluster/endsim/BehaviorSearch/Step6_Trial""","true","0.5","0.4","9","0.10000000000000009","true","true","0.1904692165245253","4","0.1121044917150667"
"1","276","1000","1","""HK""","0.08","false","""normal""","1","""constant""","0.1","""Scale-free""","3","0","1","""uniform""","""deterministic-normal""","10","0.10000000000000009","0.5","""normal""","-0.09999999999999998","0.7000000000000001","false","""/home/ramaswamy.51/Documents/github/Spirals/Media/data/cluster/endsim/BehaviorSearch/Step6_Trial""","true","0.6000000000000001","0.2","8","0.20000000000000018","true","true","0.17698680877502038","4","0.1121044917150667"
"1","280","1000","1","""HK""","0.02","false","""normal""","1","""constant""","0.1","""Scale-free""","3","0","1","""uniform""","""deterministic-normal""","0","0.10000000000000009","0.4","""normal""","-0.09999999999999998","0.6000000000000001","false","""/home/ramaswamy.51/Documents/github/Spirals/Media/data/cluster/endsim/BehaviorSearch/Step6_Trial""","true","0.6000000000000001","0.4","9","0","true","true","0.16425581329025185","4","0.1121044917150667"
"1","284","1000","1","""HK""","0.08","false","""normal""","1","""constant""","0.2","""Scale-free""","1","0","1","""uniform""","""deterministic-normal""","5","0.30000000000000004","0.4","""normal""","-0.29999999999999993","1","false","""/home/ramaswamy.51/Documents/github/Spirals/Media/data/cluster/endsim/BehaviorSearch/Step6_Trial""","true","0.6000000000000001","0.5","6","-0.29999999999999993","true","true","0.14633793160723987","4","0.1121044917150667"
"1","288","1000","1","""HK""","0.06999999999999999","false","""normal""","1","""constant""","0.2","""Scale-free""","3","0","1","""uniform""","""deterministic-normal""","0","1","0.4","""normal""","1","0.8","false","""/home/ramaswamy.51/Documents/github/Spirals/Media/data/cluster/endsim/BehaviorSearch/Step6_Trial""","true","0","0.5","8","0.5","true","true","0.270160146622101","4","0.1121044917150667"
"1","292","1000","1","""HK""","0.05","false","""normal""","1","""constant""","0.1","""Scale-free""","2","0","1","""uniform""","""deterministic-normal""","5","0.30000000000000004","0.4","""normal""","-0.29999999999999993","0.8","false","""/home/ramaswamy.51/Documents/github/Spirals/Media/data/cluster/endsim/BehaviorSearch/Step6_Trial""","true","0.6000000000000001","0.30000000000000004","8","0","true","true","0.1813804793428413","4","0.1121044917150667"
"1","296","1000","1","""HK""","0.05","false","""normal""","1","""constant""","0.1","""Scale-free""","3","0","1","""uniform""","""deterministic-normal""","35","0.20000000000000018","0.30000000000000004","""normal""","-0.09999999999999998","0.8","false","""/home/ramaswamy.51/Documents/github/Spirals/Media/data/cluster/endsim/BehaviorSearch/Step6_Trial""","true","0.6000000000000001","0.2","8","0","true","true","0.1713971600065192","4","0.1121044917150667"
"1","300","1000","1","""HK""","0.08","false","""normal""","1","""constant""","0.30000000000000004","""Scale-free""","1","0","1","""uniform""","""deterministic-normal""","15","0.20000000000000018","0.4","""normal""","0","0.8","false","""/home/ramaswamy.51/Documents/github/Spirals/Media/data/cluster/endsim/BehaviorSearch/Step6_Trial""","true","0.5","0.2","8","0.20000000000000018","true","true","0.24258925140069065","4","0.1121044917150667"
"1","304","1000","1","""HK""","0.08","false","""normal""","1","""constant""","0","""Scale-free""","3","0","1","""uniform""","""deterministic-normal""","10","0.10000000000000009","0.5","""normal""","-0.09999999999999998","0.8","false","""/home/ramaswamy.51/Documents/github/Spirals/Media/data/cluster/endsim/BehaviorSearch/Step6_Trial""","true","0.6000000000000001","0.2","9","0.20000000000000018","true","true","0.24510166291058424","4","0.1121044917150667"
"1","308","1000","1","""HK""","0.08","false","""normal""","1","""constant""","0.2","""Scale-free""","2","0","1","""uniform""","""deterministic-normal""","0","0.20000000000000018","0.4","""normal""","-0.09999999999999998","0.7000000000000001","false","""/home/ramaswamy.51/Documents/github/Spirals/Media/data/cluster/endsim/BehaviorSearch/Step6_Trial""","true","0.30000000000000004","0.4","9","0","true","true","0.20635537660614","4","0.1121044917150667"
"1","312","1000","1","""HK""","0.05","false","""normal""","1","""constant""","0.2","""Scale-free""","1","0","1","""uniform""","""deterministic-normal""","5","0.30000000000000004","0.4","""normal""","-0.29999999999999993","0.8","false","""/home/ramaswamy.51/Documents/github/Spirals/Media/data/cluster/endsim/BehaviorSearch/Step6_Trial""","true","0.6000000000000001","0.5","6","-0.29999999999999993","true","true","0.1494697939712903","4","0.1121044917150667"
"1","316","1000","1","""HK""","0.08","false","""normal""","1","""constant""","0.1","""Scale-free""","2","0","1","""uniform""","""deterministic-normal""","0","0.20000000000000018","0.4","""normal""","-0.09999999999999998","0.6000000000000001","false","""/home/ramaswamy.51/Documents/github/Spirals/Media/data/cluster/endsim/BehaviorSearch/Step6_Trial""","true","0.6000000000000001","0.5","9","0","true","true","0.16636788566413158","4","0.1121044917150667"
"1","320","1000","1","""HK""","0.15000000000000002","false","""normal""","1","""constant""","0.1","""Scale-free""","3","0","1","""uniform""","""deterministic-normal""","30","0.20000000000000018","0.30000000000000004","""normal""","-0.09999999999999998","0.7000000000000001","false","""/home/ramaswamy.51/Documents/github/Spirals/Media/data/cluster/endsim/BehaviorSearch/Step6_Trial""","true","0.6000000000000001","0.2","8","-0.09999999999999998","true","true","0.1945198926318376","4","0.1121044917150667"
"1","324","1000","1","""HK""","0.08","false","""normal""","1","""constant""","0.2","""Scale-free""","2","0","1","""uniform""","""deterministic-normal""","5","0.30000000000000004","0.4","""normal""","-0.09999999999999998","0.8","false","""/home/ramaswamy.51/Documents/github/Spirals/Media/data/cluster/endsim/BehaviorSearch/Step6_Trial""","true","0.6000000000000001","0.4","6","0","true","true","0.15691260267825316","4","0.1121044917150667"
"1","328","1000","1","""HK""","0.08","false","""normal""","1","""constant""","0.1","""Scale-free""","2","0","1","""uniform""","""deterministic-normal""","5","0.20000000000000018","0.30000000000000004","""normal""","-0.19999999999999996","0.6000000000000001","false","""/home/ramaswamy.51/Documents/github/Spirals/Media/data/cluster/endsim/BehaviorSearch/Step6_Trial""","true","0.4","0.4","9","-0.3999999999999999","true","true","0.14959126803472145","4","0.1121044917150667"
"1","332","1000","1","""HK""","0.09999999999999999","false","""normal""","1","""constant""","0.1","""Scale-free""","2","0","1","""uniform""","""deterministic-normal""","0","0.10000000000000009","0.4","""normal""","-0.09999999999999998","0.6000000000000001","false","""/home/ramaswamy.51/Documents/github/Spirals/Media/data/cluster/endsim/BehaviorSearch/Step6_Trial""","true","0.4","0.4","9","0","true","true","0.1501293287867365","4","0.1121044917150667"
"1","336","1000","1","""HK""","0.14","false","""normal""","1","""constant""","0.1","""Scale-free""","2","0","1","""uniform""","""deterministic-normal""","5","0.9000000000000001","0.1","""normal""","1","1","false","""/home/ramaswamy.51/Documents/github/Spirals/Media/data/cluster/endsim/BehaviorSearch/Step6_Trial""","true","0","0.5","8","0.8","true","true","0.23465071297394435","4","0.1121044917150667"
"1","340","1000","1","""HK""","0.08","false","""normal""","1","""constant""","0.2","""Scale-free""","2","0","1","""uniform""","""deterministic-normal""","5","0.30000000000000004","0.4","""normal""","-0.09999999999999998","0.7000000000000001","false","""/home/ramaswamy.51/Documents/github/Spirals/Media/data/cluster/endsim/BehaviorSearch/Step6_Trial""","true","0.6000000000000001","0.4","9","0.20000000000000018","true","true","0.15958504349517563","4","0.1121044917150667"
"1","344","1000","1","""HK""","0.08","false","""normal""","1","""constant""","0.1","""Scale-free""","2","0","1","""uniform""","""deterministic-normal""","10","0.20000000000000018","0.30000000000000004","""normal""","-0.19999999999999996","0.6000000000000001","false","""/home/ramaswamy.51/Documents/github/Spirals/Media/data/cluster/endsim/BehaviorSearch/Step6_Trial""","true","0.4","0.4","9","0","true","true","0.14123726190900704","4","0.1121044917150667"
"1","348","1000","1","""HK""","0.11","false","""normal""","1","""constant""","0.1","""Scale-free""","2","0","1","""uniform""","""deterministic-normal""","0","0.5","0.5","""normal""","-0.09999999999999998","0.6000000000000001","false","""/home/ramaswamy.51/Documents/github/Spirals/Media/data/cluster/endsim/BehaviorSearch/Step6_Trial""","true","0.4","0.4","9","0","true","true","0.1603706708424856","4","0.1121044917150667"
"1","352","1000","1","""HK""","0.08","false","""normal""","1","""constant""","0.30000000000000004","""Scale-free""","1","0","1","""uniform""","""deterministic-normal""","5","0.30000000000000004","0.4","""normal""","-0.09999999999999998","1","false","""/home/ramaswamy.51/Documents/github/Spirals/Media/data/cluster/endsim/BehaviorSearch/Step6_Trial""","true","0.6000000000000001","0.5","6","-0.29999999999999993","true","true","0.17597742545814263","4","0.1121044917150667"
"1","356","1000","1","""HK""","0.08","false","""normal""","1","""constant""","0.2","""Scale-free""","1","0","1","""uniform""","""deterministic-normal""","5","0.20000000000000018","0.2","""normal""","-0.5","1","false","""/home/ramaswamy.51/Documents/github/Spirals/Media/data/cluster/endsim/BehaviorSearch/Step6_Trial""","true","0.4","0.4","9","-0.29999999999999993","true","true","0.1972656858988301","4","0.1121044917150667"
"1","360","1000","1","""HK""","0.05","false","""normal""","1","""constant""","0.1","""Scale-free""","2","0","1","""uniform""","""deterministic-normal""","5","0.20000000000000018","0.4","""normal""","-0.09999999999999998","0.6000000000000001","false","""/home/ramaswamy.51/Documents/github/Spirals/Media/data/cluster/endsim/BehaviorSearch/Step6_Trial""","true","0.4","0.2","9","0","true","true","0.12067515739779983","4","0.1121044917150667"
"1","364","1000","1","""HK""","0.08","false","""normal""","1","""constant""","0.2","""Scale-free""","1","0","1","""uniform""","""deterministic-normal""","10","0.30000000000000004","0.30000000000000004","""normal""","-0.09999999999999998","0.8","false","""/home/ramaswamy.51/Documents/github/Spirals/Media/data/cluster/endsim/BehaviorSearch/Step6_Trial""","true","0.6000000000000001","0.4","9","0","true","true","0.15682252877465366","4","0.1121044917150667"
"1","368","1000","1","""HK""","0.08","false","""normal""","1","""constant""","0.2","""Scale-free""","2","0","1","""uniform""","""deterministic-normal""","5","0.30000000000000004","0.4","""normal""","-0.09999999999999998","0.6000000000000001","false","""/home/ramaswamy.51/Documents/github/Spirals/Media/data/cluster/endsim/BehaviorSearch/Step6_Trial""","true","0.4","0.4","9","0","true","true","0.21637073751000874","4","0.1121044917150667"
"1","372","1000","1","""HK""","0.08","false","""normal""","1","""constant""","0.1","""Scale-free""","2","0","1","""uniform""","""deterministic-normal""","10","0.10000000000000009","0.30000000000000004","""normal""","-0.19999999999999996","0.6000000000000001","false","""/home/ramaswamy.51/Documents/github/Spirals/Media/data/cluster/endsim/BehaviorSearch/Step6_Trial""","true","0.5","0.5","9","0","true","true","0.14989410492634428","4","0.1121044917150667"
"1","376","1000","1","""HK""","0.05","false","""normal""","1","""constant""","0.1","""Scale-free""","2","0","1","""uniform""","""deterministic-normal""","0","0.6000000000000001","0.4","""normal""","-0.09999999999999998","0.8","false","""/home/ramaswamy.51/Documents/github/Spirals/Media/data/cluster/endsim/BehaviorSearch/Step6_Trial""","true","0.6000000000000001","0.4","10","0","true","true","0.16399050246470145","4","0.1121044917150667"
"1","380","1000","1","""HK""","0.09999999999999999","false","""normal""","1","""constant""","0.1","""Scale-free""","2","0","1","""uniform""","""deterministic-normal""","0","0.30000000000000004","0.4","""normal""","-0.09999999999999998","0.6000000000000001","false","""/home/ramaswamy.51/Documents/github/Spirals/Media/data/cluster/endsim/BehaviorSearch/Step6_Trial""","true","0.4","0.4","9","0","true","true","0.14402694471150407","4","0.1121044917150667"
"1","384","1000","1","""HK""","0.09999999999999999","false","""normal""","1","""constant""","0.1","""Scale-free""","2","0","1","""uniform""","""deterministic-normal""","0","0.30000000000000004","0.4","""normal""","-0.09999999999999998","0.6000000000000001","false","""/home/ramaswamy.51/Documents/github/Spirals/Media/data/cluster/endsim/BehaviorSearch/Step6_Trial""","true","0.30000000000000004","0.5","9","0","true","true","0.16217295312196714","4","0.1121044917150667"
"1","388","1000","1","""HK""","0.09","false","""normal""","1","""constant""","0.2","""Scale-free""","2","0","1","""uniform""","""deterministic-normal""","10","0.30000000000000004","0.5","""normal""","-0.19999999999999996","0.8","false","""/home/ramaswamy.51/Documents/github/Spirals/Media/data/cluster/endsim/BehaviorSearch/Step6_Trial""","true","0.6000000000000001","0.4","9","0","true","true","0.1717706894002974","4","0.1121044917150667"
"1","392","1000","1","""HK""","0.09999999999999999","false","""normal""","1","""constant""","0.1","""Scale-free""","2","0","1","""uniform""","""deterministic-normal""","0","0.30000000000000004","0.4","""normal""","-0.6","0.6000000000000001","false","""/home/ramaswamy.51/Documents/github/Spirals/Media/data/cluster/endsim/BehaviorSearch/Step6_Trial""","true","0.4","0.4","9","0","true","true","0.22751471184563166","4","0.1121044917150667"
"1","396","1000","1","""HK""","0.08","false","""normal""","1","""constant""","0.2","""Scale-free""","2","0","1","""uniform""","""deterministic-normal""","5","0.30000000000000004","0.4","""normal""","0.30000000000000004","0.8","false","""/home/ramaswamy.51/Documents/github/Spirals/Media/data/cluster/endsim/BehaviorSearch/Step6_Trial""","true","0.7000000000000001","0.4","6","0.20000000000000018","true","true","0.19515641852142476","4","0.1121044917150667"
"1","400","1000","1","""HK""","0.08","false","""normal""","1","""constant""","0.2","""Scale-free""","2","0","1","""uniform""","""deterministic-normal""","5","0.30000000000000004","0.4","""normal""","-0.09999999999999998","0.8","false","""/home/ramaswamy.51/Documents/github/Spirals/Media/data/cluster/endsim/BehaviorSearch/Step6_Trial""","true","0.6000000000000001","0.5","9","0.20000000000000018","true","true","0.14977549974674687","4","0.1121044917150667"
"1","404","1000","1","""HK""","0.08","false","""normal""","1","""constant""","0.2","""Scale-free""","2","0","1","""uniform""","""deterministic-normal""","15","0.20000000000000018","0.30000000000000004","""normal""","-0.09999999999999998","0.6000000000000001","false","""/home/ramaswamy.51/Documents/github/Spirals/Media/data/cluster/endsim/BehaviorSearch/Step6_Trial""","true","0.4","0.5","9","0","true","true","0.21828127229728736","4","0.1121044917150667"
"1","408","1000","1","""HK""","0.08","false","""normal""","1","""constant""","0.2","""Scale-free""","2","0","1","""uniform""","""deterministic-normal""","5","0.20000000000000018","0.30000000000000004","""normal""","-0.19999999999999996","0.6000000000000001","false","""/home/ramaswamy.51/Documents/github/Spirals/Media/data/cluster/endsim/BehaviorSearch/Step6_Trial""","true","0.4","0.4","9","-0.3999999999999999","true","true","0.24897531532696868","4","0.1121044917150667"
"1","412","1000","1","""HK""","0.08","false","""normal""","1","""constant""","0.2","""Scale-free""","2","0","1","""uniform""","""deterministic-normal""","10","0.30000000000000004","0.5","""normal""","-0.09999999999999998","0.9","false","""/home/ramaswamy.51/Documents/github/Spirals/Media/data/cluster/endsim/BehaviorSearch/Step6_Trial""","true","0.6000000000000001","0.4","8","0","true","true","0.14476394820527258","4","0.1121044917150667"
"1","416","1000","1","""HK""","0.05","false","""normal""","1","""constant""","0.30000000000000004","""Scale-free""","1","0","1","""uniform""","""deterministic-normal""","10","0.40000000000000013","0.4","""normal""","-0.29999999999999993","0.8","false","""/home/ramaswamy.51/Documents/github/Spirals/Media/data/cluster/endsim/BehaviorSearch/Step6_Trial""","true","0.6000000000000001","0.5","6","-0.29999999999999993","true","true","0.16899403145261635","4","0.1121044917150667"
"1","420","1000","1","""HK""","0.08","false","""normal""","1","""constant""","0.2","""Scale-free""","2","0","1","""uniform""","""deterministic-normal""","10","0.30000000000000004","0.5","""normal""","-0.3999999999999999","0.8","false","""/home/ramaswamy.51/Documents/github/Spirals/Media/data/cluster/endsim/BehaviorSearch/Step6_Trial""","true","0.6000000000000001","0.4","9","0","true","true","0.14866758040226405","4","0.1121044917150667"
"1","424","1000","1","""HK""","0.05","false","""normal""","1","""constant""","0.1","""Scale-free""","2","0","1","""uniform""","""deterministic-normal""","10","0.30000000000000004","0.4","""normal""","-0.29999999999999993","0.9","false","""/home/ramaswamy.51/Documents/github/Spirals/Media/data/cluster/endsim/BehaviorSearch/Step6_Trial""","true","0.6000000000000001","0.5","7","-0.29999999999999993","true","true","0.1730395981591984","4","0.1121044917150667"
"1","428","1000","1","""HK""","0.08","false","""normal""","1","""constant""","0.2","""Scale-free""","2","0","1","""uniform""","""deterministic-normal""","10","0.30000000000000004","0.5","""normal""","-0.09999999999999998","0.6000000000000001","false","""/home/ramaswamy.51/Documents/github/Spirals/Media/data/cluster/endsim/BehaviorSearch/Step6_Trial""","true","0.5","0.4","9","0.10000000000000009","true","true","0.21749357033570993","4","0.1121044917150667"
"1","432","1000","1","""HK""","0.02","false","""normal""","1","""constant""","0.1","""Scale-free""","2","0","1","""uniform""","""deterministic-normal""","0","0.10000000000000009","0.4","""normal""","-0.09999999999999998","0.6000000000000001","false","""/home/ramaswamy.51/Documents/github/Spirals/Media/data/cluster/endsim/BehaviorSearch/Step6_Trial""","true","0.4","0.4","9","-0.29999999999999993","true","true","0.11472040826291768","4","0.1121044917150667"
"1","436","1000","1","""HK""","0.01","false","""normal""","1","""constant""","0.2","""Scale-free""","2","0","1","""uniform""","""deterministic-normal""","10","0.40000000000000013","0.5","""normal""","-0.3999999999999999","0.8","false","""/home/ramaswamy.51/Documents/github/Spirals/Media/data/cluster/endsim/BehaviorSearch/Step6_Trial""","true","0.6000000000000001","0.4","9","-0.19999999999999996","true","true","0.1566992497284733","4","0.1121044917150667"
"1","440","1000","1","""HK""","0.09999999999999999","false","""normal""","1","""constant""","0.1","""Scale-free""","2","0","1","""uniform""","""deterministic-normal""","10","0.10000000000000009","0.30000000000000004","""normal""","-0.19999999999999996","0.5","false","""/home/ramaswamy.51/Documents/github/Spirals/Media/data/cluster/endsim/BehaviorSearch/Step6_Trial""","true","0.4","0.5","9","0.5","true","true","0.1847253624976726","4","0.1121044917150667"
"1","444","1000","1","""HK""","0.09999999999999999","false","""normal""","1","""constant""","0.1","""Scale-free""","3","0","1","""uniform""","""deterministic-normal""","0","0.30000000000000004","0.4","""normal""","-0.09999999999999998","0.5","false","""/home/ramaswamy.51/Documents/github/Spirals/Media/data/cluster/endsim/BehaviorSearch/Step6_Trial""","true","0.5","0.4","9","0","true","true","0.16927625430965315","4","0.1121044917150667"
"1","448","1000","1","""HK""","0.08","false","""normal""","1","""constant""","0.1","""Scale-free""","2","0","1","""uniform""","""deterministic-normal""","0","0.20000000000000018","0.4","""normal""","-0.09999999999999998","0.8","false","""/home/ramaswamy.51/Documents/github/Spirals/Media/data/cluster/endsim/BehaviorSearch/Step6_Trial""","true","0.6000000000000001","0.5","6","-0.29999999999999993","true","true","0.1649511888861155","4","0.1121044917150667"
"1","452","1000","1","""HK""","0.08","false","""normal""","1","""constant""","0.1","""Scale-free""","2","0","1","""uniform""","""deterministic-normal""","10","0.20000000000000018","0.30000000000000004","""normal""","-0.5","0.6000000000000001","false","""/home/ramaswamy.51/Documents/github/Spirals/Media/data/cluster/endsim/BehaviorSearch/Step6_Trial""","true","0.4","0.4","9","0","true","true","0.20189442819938114","4","0.1121044917150667"
"1","456","1000","1","""HK""","0.01","false","""normal""","1","""constant""","0.2","""Scale-free""","2","0","1","""uniform""","""deterministic-normal""","10","0.30000000000000004","0.4","""normal""","-0.09999999999999998","1","false","""/home/ramaswamy.51/Documents/github/Spirals/Media/data/cluster/endsim/BehaviorSearch/Step6_Trial""","true","0.5","0.4","9","0","true","true","0.15043453718182312","4","0.1121044917150667"
"1","460","1000","1","""HK""","0.08","false","""normal""","1","""constant""","0.2","""Scale-free""","2","0","1","""uniform""","""deterministic-normal""","10","0.20000000000000018","0.5","""normal""","0.10000000000000009","0.9","false","""/home/ramaswamy.51/Documents/github/Spirals/Media/data/cluster/endsim/BehaviorSearch/Step6_Trial""","true","0.4","0.2","9","0","true","true","0.19043344572887172","4","0.1121044917150667"
"1","464","1000","1","""HK""","0.09","false","""normal""","1","""constant""","0.1","""Scale-free""","2","0","1","""uniform""","""deterministic-normal""","0","0.30000000000000004","0.4","""normal""","0.30000000000000004","0.6000000000000001","false","""/home/ramaswamy.51/Documents/github/Spirals/Media/data/cluster/endsim/BehaviorSearch/Step6_Trial""","true","0.5","0.4","9","-0.09999999999999998","true","true","0.18582577752606666","4","0.1121044917150667"
"1","468","1000","1","""HK""","0.08","false","""normal""","1","""constant""","0.2","""Scale-free""","1","0","1","""uniform""","""deterministic-normal""","5","0.20000000000000018","0.4","""normal""","-0.29999999999999993","1","false","""/home/ramaswamy.51/Documents/github/Spirals/Media/data/cluster/endsim/BehaviorSearch/Step6_Trial""","true","0.6000000000000001","0.5","6","0","true","true","0.1511753490273799","4","0.1121044917150667"
"1","472","1000","1","""HK""","0.05","false","""normal""","1","""constant""","0","""Scale-free""","2","0","1","""uniform""","""deterministic-normal""","0","0.20000000000000018","0.30000000000000004","""normal""","-0.09999999999999998","0.7000000000000001","false","""/home/ramaswamy.51/Documents/github/Spirals/Media/data/cluster/endsim/BehaviorSearch/Step6_Trial""","true","0.4","0.6000000000000001","9","0","true","true","0.22739807758010644","4","0.1121044917150667"
"1","476","1000","1","""HK""","0.08","false","""normal""","1","""constant""","0.2","""Scale-free""","2","0","1","""uniform""","""deterministic-normal""","0","0.20000000000000018","0.4","""normal""","-0.3999999999999999","0.6000000000000001","false","""/home/ramaswamy.51/Documents/github/Spirals/Media/data/cluster/endsim/BehaviorSearch/Step6_Trial""","true","0.5","0.4","9","0.10000000000000009","true","true","0.23024216179967144","4","0.1121044917150667"
"1","480","1000","1","""HK""","0.06999999999999999","false","""normal""","1","""constant""","0.1","""Scale-free""","2","0","1","""uniform""","""deterministic-normal""","0","0.20000000000000018","0.4","""normal""","-0.19999999999999996","0.6000000000000001","false","""/home/ramaswamy.51/Documents/github/Spirals/Media/data/cluster/endsim/BehaviorSearch/Step6_Trial""","true","0.4","0.4","9","0","true","true","0.13707693651634884","4","0.1121044917150667"
"1","484","1000","1","""HK""","0.08","false","""normal""","1","""constant""","0.1","""Scale-free""","3","0","1","""uniform""","""deterministic-normal""","5","0.30000000000000004","0.1","""normal""","-0.19999999999999996","0.6000000000000001","false","""/home/ramaswamy.51/Documents/github/Spirals/Media/data/cluster/endsim/BehaviorSearch/Step6_Trial""","true","0.4","0.2","9","0","true","true","0.1400227723925634","4","0.1121044917150667"
"1","488","1000","1","""HK""","0.02","false","""normal""","1","""constant""","0.1","""Scale-free""","2","0","1","""uniform""","""deterministic-normal""","0","0.10000000000000009","0.4","""normal""","-0.09999999999999998","0.6000000000000001","false","""/home/ramaswamy.51/Documents/github/Spirals/Media/data/cluster/endsim/BehaviorSearch/Step6_Trial""","true","0.4","0.4","9","-0.3999999999999999","true","true","0.11499358862766115","4","0.1121044917150667"
"1","492","1000","1","""HK""","0.02","false","""normal""","1","""constant""","0.2","""Scale-free""","2","0","1","""uniform""","""deterministic-normal""","0","0.10000000000000009","0.30000000000000004","""normal""","-0.09999999999999998","0.6000000000000001","false","""/home/ramaswamy.51/Documents/github/Spirals/Media/data/cluster/endsim/BehaviorSearch/Step6_Trial""","true","0.4","0.4","10","-0.5","true","true","0.20258839138984394","4","0.1121044917150667"
"1","496","1000","1","""HK""","0.08","false","""normal""","1","""constant""","0.1","""Scale-free""","3","0","1","""uniform""","""deterministic-normal""","5","0.30000000000000004","0.1","""normal""","-0.19999999999999996","0.5","false","""/home/ramaswamy.51/Documents/github/Spirals/Media/data/cluster/endsim/BehaviorSearch/Step6_Trial""","true","0.4","0.2","10","0","true","true","0.17988120536310498","4","0.1121044917150667"
"1","500","1000","1","""HK""","0.09999999999999999","false","""normal""","1","""constant""","0.1","""Scale-free""","2","0","1","""uniform""","""deterministic-normal""","0","0.20000000000000018","0.4","""normal""","-0.09999999999999998","0.6000000000000001","false","""/home/ramaswamy.51/Documents/github/Spirals/Media/data/cluster/endsim/BehaviorSearch/Step6_Trial""","true","0.4","0.4","9","0","true","true","0.1551297555884294","4","0.1121044917150667"
"1","504","1000","1","""HK""","0.05","false","""normal""","1","""constant""","0.1","""Scale-free""","2","0","1","""uniform""","""deterministic-normal""","0","0.20000000000000018","0.4","""normal""","-0.09999999999999998","0.6000000000000001","false","""/home/ramaswamy.51/Documents/github/Spirals/Media/data/cluster/endsim/BehaviorSearch/Step6_Trial""","true","0.30000000000000004","0.4","9","0","true","true","0.11688192647306787","4","0.1121044917150667"
"1","508","1000","1","""HK""","0.04","false","""normal""","1","""constant""","0.1","""Scale-free""","2","0","1","""uniform""","""deterministic-normal""","0","-0.3999999999999999","0.4","""normal""","-0.09999999999999998","0.5","false","""/home/ramaswamy.51/Documents/github/Spirals/Media/data/cluster/endsim/BehaviorSearch/Step6_Trial""","true","0.2","0.4","10","-0.29999999999999993","true","true","0.14176908243284952","4","0.1121044917150667"
"1","512","1000","1","""HK""","0.02","false","""normal""","1","""constant""","0.1","""Scale-free""","3","0","1","""uniform""","""deterministic-normal""","0","0.10000000000000009","0.4","""normal""","-0.19999999999999996","0.6000000000000001","false","""/home/ramaswamy.51/Documents/github/Spirals/Media/data/cluster/endsim/BehaviorSearch/Step6_Trial""","true","0.6000000000000001","0.2","9","0","true","true","0.1695633394043035","4","0.1121044917150667"
"1","516","1000","1","""HK""","0.02","false","""normal""","1","""constant""","0.1","""Scale-free""","2","0","1","""uniform""","""deterministic-normal""","0","0.10000000000000009","0.4","""normal""","-0.09999999999999998","0.6000000000000001","false","""/home/ramaswamy.51/Documents/github/Spirals/Media/data/cluster/endsim/BehaviorSearch/Step6_Trial""","true","0.4","0.30000000000000004","9","-0.5","true","true","0.11662219979451861","4","0.1121044917150667"
"1","520","1000","1","""HK""","0.08","false","""normal""","1","""constant""","0.1","""Scale-free""","2","0","1","""uniform""","""deterministic-normal""","10","0.20000000000000018","0.30000000000000004","""normal""","-0.3999999999999999","0.8","false","""/home/ramaswamy.51/Documents/github/Spirals/Media/data/cluster/endsim/BehaviorSearch/Step6_Trial""","true","0.6000000000000001","0.4","9","0","true","true","0.19380585993842794","4","0.1121044917150667"
"1","524","1000","1","""HK""","0.06999999999999999","false","""normal""","1","""constant""","0.1","""Scale-free""","2","0","1","""uniform""","""deterministic-normal""","0","0.20000000000000018","0.5","""normal""","-0.19999999999999996","0.6000000000000001","false","""/home/ramaswamy.51/Documents/github/Spirals/Media/data/cluster/endsim/BehaviorSearch/Step6_Trial""","true","0.4","0.2","9","0.10000000000000009","true","true","0.14622041228442798","4","0.1121044917150667"
"1","528","1000","1","""HK""","0.08","false","""normal""","1","""constant""","0.2","""Scale-free""","2","0","1","""uniform""","""deterministic-normal""","10","0.20000000000000018","0.30000000000000004","""normal""","-0.19999999999999996","0.5","false","""/home/ramaswamy.51/Documents/github/Spirals/Media/data/cluster/endsim/BehaviorSearch/Step6_Trial""","true","0.4","0.4","7","0","true","true","0.24515004518612515","4","0.1121044917150667"
"1","532","1000","1","""HK""","0.08","false","""normal""","1","""constant""","0.1","""Scale-free""","2","0","1","""uniform""","""deterministic-normal""","10","0.20000000000000018","0.30000000000000004","""normal""","-0.3999999999999999","0.6000000000000001","false","""/home/ramaswamy.51/Documents/github/Spirals/Media/data/cluster/endsim/BehaviorSearch/Step6_Trial""","true","0.4","0.4","9","0","true","true","0.17320756358067152","4","0.1121044917150667"
"1","536","1000","1","""HK""","0.05","false","""normal""","1","""constant""","0.1","""Scale-free""","2","0","1","""uniform""","""deterministic-normal""","0","0.20000000000000018","0.4","""normal""","-0.19999999999999996","0.6000000000000001","false","""/home/ramaswamy.51/Documents/github/Spirals/Media/data/cluster/endsim/BehaviorSearch/Step6_Trial""","true","0.4","0.4","9","0","true","true","0.13922121281292707","4","0.1121044917150667"
"1","540","1000","1","""HK""","0.06999999999999999","false","""normal""","1","""constant""","0.2","""Scale-free""","2","0","1","""uniform""","""deterministic-normal""","0","0.30000000000000004","0.4","""normal""","-0.09999999999999998","0.6000000000000001","false","""/home/ramaswamy.51/Documents/github/Spirals/Media/data/cluster/endsim/BehaviorSearch/Step6_Trial""","true","0.4","0.6000000000000001","9","0","true","true","0.2221338668409108","4","0.1121044917150667"
"1","544","1000","1","""HK""","0.11","false","""normal""","1","""constant""","0.30000000000000004","""Scale-free""","2","0","1","""uniform""","""deterministic-normal""","0","0.20000000000000018","0.4","""normal""","0.40000000000000013","0.6000000000000001","false","""/home/ramaswamy.51/Documents/github/Spirals/Media/data/cluster/endsim/BehaviorSearch/Step6_Trial""","true","0.30000000000000004","0.30000000000000004","9","0.20000000000000018","true","true","0.302564813006156","4","0.1121044917150667"
"1","548","1000","1","""HK""","0.05","false","""normal""","1","""constant""","0.1","""Scale-free""","2","0","1","""uniform""","""deterministic-normal""","5","0.20000000000000018","0.4","""normal""","-0.09999999999999998","0.6000000000000001","false","""/home/ramaswamy.51/Documents/github/Spirals/Media/data/cluster/endsim/BehaviorSearch/Step6_Trial""","true","0.4","0.5","9","0","true","true","0.12287284992127456","4","0.1121044917150667"
"1","552","1000","1","""HK""","0.05","false","""normal""","1","""constant""","0.1","""Scale-free""","3","0","1","""uniform""","""deterministic-normal""","5","0.30000000000000004","0.1","""normal""","-0.19999999999999996","0.6000000000000001","false","""/home/ramaswamy.51/Documents/github/Spirals/Media/data/cluster/endsim/BehaviorSearch/Step6_Trial""","true","0.4","0.2","9","-0.29999999999999993","true","true","0.12849590154131316","4","0.1121044917150667"
"1","556","1000","1","""HK""","0.02","false","""normal""","1","""constant""","0.1","""Scale-free""","1","0","1","""uniform""","""deterministic-normal""","0","0.20000000000000018","0.4","""normal""","-0.19999999999999996","0.6000000000000001","false","""/home/ramaswamy.51/Documents/github/Spirals/Media/data/cluster/endsim/BehaviorSearch/Step6_Trial""","true","0.4","0.4","9","0","true","true","0.13123408493587274","4","0.1121044917150667"
"1","560","1000","1","""HK""","0.08","false","""normal""","1","""constant""","0.1","""Scale-free""","3","0","1","""uniform""","""deterministic-normal""","5","0.30000000000000004","0.4","""normal""","-0.29999999999999993","1","false","""/home/ramaswamy.51/Documents/github/Spirals/Media/data/cluster/endsim/BehaviorSearch/Step6_Trial""","true","0.6000000000000001","0.5","7","-0.29999999999999993","true","true","0.15485921346021772","4","0.1121044917150667"
"1","564","1000","1","""HK""","0.05","false","""normal""","1","""constant""","0.1","""Scale-free""","2","0","1","""uniform""","""deterministic-normal""","5","0.20000000000000018","0.4","""normal""","-0.09999999999999998","0.6000000000000001","false","""/home/ramaswamy.51/Documents/github/Spirals/Media/data/cluster/endsim/BehaviorSearch/Step6_Trial""","true","0.30000000000000004","0.2","9","0","true","true","0.12375586315057698","4","0.1121044917150667"
"1","568","1000","1","""HK""","0.02","false","""normal""","1","""constant""","0.1","""Scale-free""","2","0","1","""uniform""","""deterministic-normal""","0","0.10000000000000009","0.4","""normal""","-0.09999999999999998","0.6000000000000001","false","""/home/ramaswamy.51/Documents/github/Spirals/Media/data/cluster/endsim/BehaviorSearch/Step6_Trial""","true","0.4","0.4","9","0","true","true","0.11730286781786407","4","0.1121044917150667"
"1","572","1000","1","""HK""","0.05","false","""normal""","1","""constant""","0.1","""Scale-free""","2","0","1","""uniform""","""deterministic-normal""","5","0.20000000000000018","0.4","""normal""","-0.09999999999999998","0.6000000000000001","false","""/home/ramaswamy.51/Documents/github/Spirals/Media/data/cluster/endsim/BehaviorSearch/Step6_Trial""","true","0.4","0.5","9","-0.29999999999999993","true","true","0.12190687192580593","4","0.1121044917150667"
"1","576","1000","1","""HK""","0.08","false","""normal""","1","""constant""","0.1","""Scale-free""","2","0","1","""uniform""","""deterministic-normal""","0","0","0.4","""normal""","-0.19999999999999996","0.6000000000000001","false","""/home/ramaswamy.51/Documents/github/Spirals/Media/data/cluster/endsim/BehaviorSearch/Step6_Trial""","true","0.4","0.2","9","0","true","true","0.1377769626864756","4","0.1121044917150667"
"1","580","1000","1","""HK""","0.02","false","""normal""","1","""constant""","0.1","""Scale-free""","2","0","1","""uniform""","""deterministic-normal""","0","-0.09999999999999998","0.4","""normal""","-0.09999999999999998","0.6000000000000001","false","""/home/ramaswamy.51/Documents/github/Spirals/Media/data/cluster/endsim/BehaviorSearch/Step6_Trial""","true","0.4","0.4","9","-0.3999999999999999","true","true","0.11271592089691863","4","0.1121044917150667"
"1","584","1000","1","""HK""","0.05","false","""normal""","1","""constant""","0.1","""Scale-free""","3","0","1","""uniform""","""deterministic-normal""","5","0.10000000000000009","0.4","""normal""","-0.09999999999999998","0.6000000000000001","false","""/home/ramaswamy.51/Documents/github/Spirals/Media/data/cluster/endsim/BehaviorSearch/Step6_Trial""","true","0.30000000000000004","0.4","9","0.10000000000000009","true","true","0.12489611353096122","4","0.1121044917150667"
"1","588","1000","1","""HK""","0.05","false","""normal""","1","""constant""","0.1","""Scale-free""","2","0","1","""uniform""","""deterministic-normal""","0","-0.09999999999999998","0.4","""normal""","-0.09999999999999998","0.6000000000000001","false","""/home/ramaswamy.51/Documents/github/Spirals/Media/data/cluster/endsim/BehaviorSearch/Step6_Trial""","true","0.4","0.4","8","-0.3999999999999999","true","true","0.13179433832828238","4","0.1121044917150667"
"1","592","1000","1","""HK""","0.01","false","""normal""","1","""constant""","0.1","""Scale-free""","2","0","1","""uniform""","""deterministic-normal""","5","0","0.4","""normal""","-0.09999999999999998","0.7000000000000001","false","""/home/ramaswamy.51/Documents/github/Spirals/Media/data/cluster/endsim/BehaviorSearch/Step6_Trial""","true","0.4","0.1","9","0.40000000000000013","true","true","0.11021598260038035","4","0.11021598260038035"
"1","596","1000","1","""HK""","0.01","false","""normal""","1","""constant""","0.1","""Scale-free""","2","0","1","""uniform""","""deterministic-normal""","0","0.10000000000000009","0.4","""normal""","-0.09999999999999998","0.6000000000000001","false","""/home/ramaswamy.51/Documents/github/Spirals/Media/data/cluster/endsim/BehaviorSearch/Step6_Trial""","true","0.30000000000000004","0.4","7","0","true","true","0.11809524573884547","4","0.11021598260038035"
"1","600","1000","1","""HK""","0.05","false","""normal""","1","""constant""","0.1","""Scale-free""","4","0","1","""uniform""","""deterministic-normal""","5","0.20000000000000018","0.4","""normal""","-0.09999999999999998","0.6000000000000001","false","""/home/ramaswamy.51/Documents/github/Spirals/Media/data/cluster/endsim/BehaviorSearch/Step6_Trial""","true","0.30000000000000004","0.4","8","-0.19999999999999996","true","true","0.12137961179281065","4","0.11021598260038035"
"1","604","1000","1","""HK""","0.02","false","""normal""","1","""constant""","0.1","""Scale-free""","2","0","1","""uniform""","""deterministic-normal""","0","0.10000000000000009","0.4","""normal""","-0.09999999999999998","0.7000000000000001","false","""/home/ramaswamy.51/Documents/github/Spirals/Media/data/cluster/endsim/BehaviorSearch/Step6_Trial""","true","0.30000000000000004","0.4","7","0","true","true","0.11152660232220321","4","0.11021598260038035"
"1","608","1000","1","""HK""","0.02","false","""normal""","1","""constant""","0.1","""Scale-free""","2","0","1","""uniform""","""deterministic-normal""","0","0.10000000000000009","0.4","""normal""","-0.09999999999999998","0.6000000000000001","false","""/home/ramaswamy.51/Documents/github/Spirals/Media/data/cluster/endsim/BehaviorSearch/Step6_Trial""","true","0.30000000000000004","0.4","9","0","true","true","0.10814078034235688","4","0.10814078034235688"
"1","612","1000","1","""HK""","0.05","false","""normal""","1","""constant""","0.1","""Scale-free""","2","0","1","""uniform""","""deterministic-normal""","0","0.40000000000000013","0.4","""normal""","-0.09999999999999998","0.6000000000000001","false","""/home/ramaswamy.51/Documents/github/Spirals/Media/data/cluster/endsim/BehaviorSearch/Step6_Trial""","true","0.4","0.4","9","0.20000000000000018","true","true","0.11910520270866068","4","0.10814078034235688"
"1","616","1000","1","""HK""","0.01","false","""normal""","1","""constant""","0.1","""Scale-free""","2","0","1","""uniform""","""deterministic-normal""","0","-0.19999999999999996","0.4","""normal""","-0.09999999999999998","0.6000000000000001","false","""/home/ramaswamy.51/Documents/github/Spirals/Media/data/cluster/endsim/BehaviorSearch/Step6_Trial""","true","0.2","0.7000000000000001","9","0","true","true","0.11199020895445735","4","0.10814078034235688"
"1","620","1000","1","""HK""","0.01","false","""normal""","1","""constant""","0.1","""Scale-free""","2","0","1","""uniform""","""deterministic-normal""","0","0.10000000000000009","0.4","""normal""","-0.09999999999999998","0.8","false","""/home/ramaswamy.51/Documents/github/Spirals/Media/data/cluster/endsim/BehaviorSearch/Step6_Trial""","true","0.4","0.4","7","0","true","true","0.11402619407988934","4","0.10814078034235688"
"1","624","1000","1","""HK""","0.02","false","""normal""","1","""constant""","0.1","""Scale-free""","2","0","1","""uniform""","""deterministic-normal""","0","0.10000000000000009","0.4","""normal""","-0.09999999999999998","0.7000000000000001","false","""/home/ramaswamy.51/Documents/github/Spirals/Media/data/cluster/endsim/BehaviorSearch/Step6_Trial""","true","0.1","0.4","7","0","true","true","0.10916463660257925","4","0.10814078034235688"
"1","628","1000","1","""HK""","0.02","false","""normal""","1","""constant""","0.1","""Scale-free""","2","0","1","""uniform""","""deterministic-normal""","0","-0.19999999999999996","0.5","""normal""","-0.09999999999999998","0.6000000000000001","false","""/home/ramaswamy.51/Documents/github/Spirals/Media/data/cluster/endsim/BehaviorSearch/Step6_Trial""","true","0.2","0.7000000000000001","7","0","true","true","0.10999404290476306","4","0.10814078034235688"
"1","632","1000","1","""HK""","0.05","false","""normal""","1","""constant""","0.1","""Scale-free""","3","0","1","""uniform""","""deterministic-normal""","0","0.40000000000000013","0.4","""normal""","-0.09999999999999998","0.6000000000000001","false","""/home/ramaswamy.51/Documents/github/Spirals/Media/data/cluster/endsim/BehaviorSearch/Step6_Trial""","true","0.4","0.4","9","0","true","true","0.11173716448078447","4","0.10814078034235688"
"1","636","1000","1","""HK""","0.01","false","""normal""","1","""constant""","0.1","""Scale-free""","2","0","1","""uniform""","""deterministic-normal""","5","-0.09999999999999998","0.4","""normal""","-0.09999999999999998","0.8","false","""/home/ramaswamy.51/Documents/github/Spirals/Media/data/cluster/endsim/BehaviorSearch/Step6_Trial""","true","0.4","0.1","9","0.40000000000000013","true","true","0.11122065937041632","4","0.10814078034235688"
"1","640","1000","1","""HK""","0.02","false","""normal""","1","""constant""","0.1","""Scale-free""","2","0","1","""uniform""","""deterministic-normal""","0","-0.3999999999999999","0.5","""normal""","-0.09999999999999998","0.6000000000000001","false","""/home/ramaswamy.51/Documents/github/Spirals/Media/data/cluster/endsim/BehaviorSearch/Step6_Trial""","true","0.2","0.7000000000000001","7","0","true","true","0.11054761716744653","4","0.10814078034235688"
"1","644","1000","1","""HK""","0.05","false","""normal""","1","""constant""","0.1","""Scale-free""","2","0","1","""uniform""","""deterministic-normal""","0","0.20000000000000018","0.5","""normal""","-0.09999999999999998","0.6000000000000001","false","""/home/ramaswamy.51/Documents/github/Spirals/Media/data/cluster/endsim/BehaviorSearch/Step6_Trial""","true","0.2","0.7000000000000001","7","-0.29999999999999993","true","true","0.13064143541905213","4","0.10814078034235688"
"1","648","1000","1","""HK""","0.05","false","""normal""","1","""constant""","0.1","""Scale-free""","2","0","1","""uniform""","""deterministic-normal""","0","-0.29999999999999993","0.5","""normal""","-0.09999999999999998","0.6000000000000001","false","""/home/ramaswamy.51/Documents/github/Spirals/Media/data/cluster/endsim/BehaviorSearch/Step6_Trial""","true","0.2","0.7000000000000001","7","0","true","true","0.12447554640636388","4","0.10814078034235688"
"1","652","1000","1","""HK""","0.01","false","""normal""","1","""constant""","0.1","""Scale-free""","2","0","1","""uniform""","""deterministic-normal""","0","0.10000000000000009","0.4","""normal""","-0.19999999999999996","0.8","false","""/home/ramaswamy.51/Documents/github/Spirals/Media/data/cluster/endsim/BehaviorSearch/Step6_Trial""","true","0.4","0.1","9","0.40000000000000013","true","true","0.12500357205861856","4","0.10814078034235688"
"1","656","1000","1","""HK""","0.02","false","""normal""","1","""constant""","0.1","""Scale-free""","2","0","1","""uniform""","""deterministic-normal""","5","0.10000000000000009","0.5","""normal""","-0.09999999999999998","0.6000000000000001","false","""/home/ramaswamy.51/Documents/github/Spirals/Media/data/cluster/endsim/BehaviorSearch/Step6_Trial""","true","0.30000000000000004","0.4","10","0","true","true","0.11154927830567642","4","0.10814078034235688"
"1","660","1000","1","""HK""","0.01","false","""normal""","1","""constant""","0.1","""Scale-free""","2","0","1","""uniform""","""deterministic-normal""","5","0.10000000000000009","0.5","""normal""","-0.09999999999999998","0.6000000000000001","false","""/home/ramaswamy.51/Documents/github/Spirals/Media/data/cluster/endsim/BehaviorSearch/Step6_Trial""","true","0.2","0.2","10","0","true","true","0.10690561864137862","4","0.10690561864137862"
"1","664","1000","1","""HK""","0.02","false","""normal""","1","""constant""","0.1","""Scale-free""","2","0","1","""uniform""","""deterministic-normal""","5","0.10000000000000009","0.5","""normal""","-0.09999999999999998","0.6000000000000001","false","""/home/ramaswamy.51/Documents/github/Spirals/Media/data/cluster/endsim/BehaviorSearch/Step6_Trial""","true","0.2","0.2","10","0","true","true","0.11506288549170436","4","0.10690561864137862"
"1","668","1000","1","""HK""","0.01","false","""normal""","1","""constant""","0.1","""Scale-free""","1","0","1","""uniform""","""deterministic-normal""","5","0.10000000000000009","0.4","""normal""","-0.19999999999999996","0.9","false","""/home/ramaswamy.51/Documents/github/Spirals/Media/data/cluster/endsim/BehaviorSearch/Step6_Trial""","true","0.4","0.1","9","0.7000000000000002","true","true","0.13065015794567061","4","0.10690561864137862"
"1","672","1000","1","""HK""","0.02","false","""normal""","1","""constant""","0.1","""Scale-free""","2","0","1","""uniform""","""deterministic-normal""","5","0.10000000000000009","0.5","""normal""","-0.09999999999999998","0.6000000000000001","false","""/home/ramaswamy.51/Documents/github/Spirals/Media/data/cluster/endsim/BehaviorSearch/Step6_Trial""","true","0.30000000000000004","0.4","10","-0.19999999999999996","true","true","0.11079077654714219","4","0.10690561864137862"
"1","676","1000","1","""HK""","0.01","false","""normal""","1","""constant""","0.1","""Scale-free""","2","0","1","""uniform""","""deterministic-normal""","0","-0.09999999999999998","0.4","""normal""","-0.09999999999999998","0.6000000000000001","false","""/home/ramaswamy.51/Documents/github/Spirals/Media/data/cluster/endsim/BehaviorSearch/Step6_Trial""","true","0.4","0.4","9","-0.3999999999999999","true","true","0.11536643564117528","4","0.10690561864137862"
"1","680","1000","1","""HK""","0.02","false","""normal""","1","""constant""","0.1","""Scale-free""","2","0","1","""uniform""","""deterministic-normal""","5","0","0.4","""normal""","-0.3999999999999999","0.7000000000000001","false","""/home/ramaswamy.51/Documents/github/Spirals/Media/data/cluster/endsim/BehaviorSearch/Step6_Trial""","true","0.4","0.1","9","0.40000000000000013","true","true","0.16026082191011706","4","0.10690561864137862"
"1","684","1000","1","""HK""","0.01","false","""normal""","1","""constant""","0.2","""Scale-free""","2","0","1","""uniform""","""deterministic-normal""","5","0.10000000000000009","0.5","""normal""","-0.19999999999999996","0.6000000000000001","false","""/home/ramaswamy.51/Documents/github/Spirals/Media/data/cluster/endsim/BehaviorSearch/Step6_Trial""","true","0.2","0.2","10","0.10000000000000009","true","true","0.18778375681992093","4","0.10690561864137862"
"1","688","1000","1","""HK""","0.01","false","""normal""","1","""constant""","0.1","""Scale-free""","2","0","1","""uniform""","""deterministic-normal""","10","0","0.4","""normal""","-0.09999999999999998","0.7000000000000001","false","""/home/ramaswamy.51/Documents/github/Spirals/Media/data/cluster/endsim/BehaviorSearch/Step6_Trial""","true","0.30000000000000004","0.7000000000000001","7","0","true","true","0.1016216119821553","4","0.1016216119821553"
"1","692","1000","1","""HK""","0.01","false","""normal""","1","""constant""","0.1","""Scale-free""","2","0","1","""uniform""","""deterministic-normal""","10","0","0.4","""normal""","-0.09999999999999998","0.8","false","""/home/ramaswamy.51/Documents/github/Spirals/Media/data/cluster/endsim/BehaviorSearch/Step6_Trial""","true","0.30000000000000004","0.7000000000000001","7","0","true","true","0.10104007832950924","4","0.10104007832950924"
"1","696","1000","1","""HK""","0.01","false","""normal""","1","""constant""","0.2","""Scale-free""","2","0","1","""uniform""","""deterministic-normal""","0","-0.3999999999999999","0.5","""normal""","-0.09999999999999998","0.6000000000000001","false","""/home/ramaswamy.51/Documents/github/Spirals/Media/data/cluster/endsim/BehaviorSearch/Step6_Trial""","true","0.2","0.7000000000000001","5","0","true","true","0.17800919879894395","4","0.10104007832950924"
"1","700","1000","1","""HK""","0.01","false","""normal""","1","""constant""","0.1","""Scale-free""","2","0","1","""uniform""","""deterministic-normal""","0","0.10000000000000009","0.4","""normal""","-0.09999999999999998","0.6000000000000001","false","""/home/ramaswamy.51/Documents/github/Spirals/Media/data/cluster/endsim/BehaviorSearch/Step6_Trial""","true","0.30000000000000004","0.4","9","0","true","true","0.11449854401994948","4","0.10104007832950924"
"1","704","1000","1","""HK""","0.04","false","""normal""","1","""constant""","0.1","""Scale-free""","2","0","1","""uniform""","""deterministic-normal""","10","0","0.4","""normal""","-0.09999999999999998","0.6000000000000001","false","""/home/ramaswamy.51/Documents/github/Spirals/Media/data/cluster/endsim/BehaviorSearch/Step6_Trial""","true","0.30000000000000004","0.4","9","0","true","true","0.10865011179067359","4","0.10104007832950924"
"1","708","1000","1","""HK""","0.01","false","""normal""","1","""constant""","0.1","""Scale-free""","2","0","1","""uniform""","""deterministic-normal""","10","0","0.4","""normal""","-0.09999999999999998","0.8","false","""/home/ramaswamy.51/Documents/github/Spirals/Media/data/cluster/endsim/BehaviorSearch/Step6_Trial""","true","0.1","0.4","8","0","true","true","0.09328183694264668","4","0.09328183694264668"
"1","712","1000","1","""HK""","0.01","false","""normal""","1","""constant""","0.1","""Scale-free""","2","0","1","""uniform""","""deterministic-normal""","10","0","0.4","""normal""","-0.09999999999999998","0.8","false","""/home/ramaswamy.51/Documents/github/Spirals/Media/data/cluster/endsim/BehaviorSearch/Step6_Trial""","true","0.30000000000000004","0.7000000000000001","8","0","true","true","0.10160323021976525","4","0.09328183694264668"
"1","716","1000","1","""HK""","0.01","false","""normal""","1","""constant""","0.1","""Scale-free""","2","0","1","""uniform""","""deterministic-normal""","5","-0.09999999999999998","0.4","""normal""","0.30000000000000004","0.6000000000000001","false","""/home/ramaswamy.51/Documents/github/Spirals/Media/data/cluster/endsim/BehaviorSearch/Step6_Trial""","true","0.2","0.7000000000000001","9","0","true","true","0.16802187368444865","4","0.09328183694264668"
"1","720","1000","1","""HK""","0.01","false","""normal""","1","""constant""","0.1","""Scale-free""","2","0","1","""uniform""","""deterministic-normal""","5","0.10000000000000009","0.5","""normal""","-0.19999999999999996","0.6000000000000001","false","""/home/ramaswamy.51/Documents/github/Spirals/Media/data/cluster/endsim/BehaviorSearch/Step6_Trial""","true","0.2","0.2","10","0","true","true","0.13136922582553232","4","0.09328183694264668"
"1","724","1000","1","""HK""","0.01","false","""normal""","1","""constant""","0.1","""Scale-free""","2","0","1","""uniform""","""deterministic-normal""","10","0","0.4","""normal""","-0.09999999999999998","0.8","false","""/home/ramaswamy.51/Documents/github/Spirals/Media/data/cluster/endsim/BehaviorSearch/Step6_Trial""","true","0.1","0.7000000000000001","7","0","true","true","0.09625852701731676","4","0.09328183694264668"
"1","728","1000","1","""HK""","0.01","false","""normal""","1","""constant""","0.1","""Scale-free""","2","0","1","""uniform""","""deterministic-normal""","0","-0.19999999999999996","0.5","""normal""","-0.5","0.6000000000000001","false","""/home/ramaswamy.51/Documents/github/Spirals/Media/data/cluster/endsim/BehaviorSearch/Step6_Trial""","true","0.2","0.7000000000000001","8","0","true","true","0.20550052673340127","4","0.09328183694264668"
"1","732","1000","1","""HK""","0.02","false","""normal""","1","""constant""","0.1","""Scale-free""","2","0","1","""uniform""","""deterministic-normal""","0","0.10000000000000009","0.4","""normal""","-0.09999999999999998","0.7000000000000001","false","""/home/ramaswamy.51/Documents/github/Spirals/Media/data/cluster/endsim/BehaviorSearch/Step6_Trial""","true","0.1","0.2","6","0","true","true","0.11162464669785407","4","0.09328183694264668"
"1","736","1000","1","""HK""","0.01","false","""normal""","1","""constant""","0.2","""Scale-free""","2","0","1","""uniform""","""deterministic-normal""","10","0","0.4","""normal""","0.20000000000000018","0.8","false","""/home/ramaswamy.51/Documents/github/Spirals/Media/data/cluster/endsim/BehaviorSearch/Step6_Trial""","true","0.1","0.7000000000000001","7","0.30000000000000004","true","true","0.17372313087544816","4","0.09328183694264668"
"1","740","1000","1","""HK""","0.01","false","""normal""","1","""constant""","0.1","""Scale-free""","2","0","1","""uniform""","""deterministic-normal""","5","0","0.4","""normal""","0","0.8","false","""/home/ramaswamy.51/Documents/github/Spirals/Media/data/cluster/endsim/BehaviorSearch/Step6_Trial""","true","0.1","0.4","8","0.10000000000000009","true","true","0.0979324765435626","4","0.09328183694264668"
"1","744","1000","1","""HK""","0.01","false","""normal""","1","""constant""","0.1","""Scale-free""","2","0","1","""uniform""","""deterministic-normal""","5","0","0.4","""normal""","-0.09999999999999998","0.8","false","""/home/ramaswamy.51/Documents/github/Spirals/Media/data/cluster/endsim/BehaviorSearch/Step6_Trial""","true","0.2","0.4","8","0","true","true","0.09373792665538214","4","0.09328183694264668"
"1","748","1000","1","""HK""","0.01","false","""normal""","1","""constant""","0.1","""Scale-free""","2","0","1","""uniform""","""deterministic-normal""","10","0","0.5","""normal""","-0.09999999999999998","0.8","false","""/home/ramaswamy.51/Documents/github/Spirals/Media/data/cluster/endsim/BehaviorSearch/Step6_Trial""","true","0.1","0.4","9","-0.29999999999999993","true","true","0.09751772793224753","4","0.09328183694264668"
"1","752","1000","1","""HK""","0.04","false","""normal""","1","""constant""","0","""Scale-free""","2","0","1","""uniform""","""deterministic-normal""","10","0","0.4","""normal""","-0.19999999999999996","0.8","false","""/home/ramaswamy.51/Documents/github/Spirals/Media/data/cluster/endsim/BehaviorSearch/Step6_Trial""","true","0.4","0.7000000000000001","7","0","true","true","0.17337516576444612","4","0.09328183694264668"
"1","756","1000","1","""HK""","0.01","false","""normal""","1","""constant""","0.1","""Scale-free""","2","0","1","""uniform""","""deterministic-normal""","0","-0.19999999999999996","0.5","""normal""","-0.09999999999999998","0.6000000000000001","false","""/home/ramaswamy.51/Documents/github/Spirals/Media/data/cluster/endsim/BehaviorSearch/Step6_Trial""","true","0","0.5","9","0","true","true","0.12478949956065621","4","0.09328183694264668"
"1","760","1000","1","""HK""","0.01","false","""normal""","1","""constant""","0.1","""Scale-free""","2","0","1","""uniform""","""deterministic-normal""","5","0","0.4","""normal""","-0.09999999999999998","0.8","false","""/home/ramaswamy.51/Documents/github/Spirals/Media/data/cluster/endsim/BehaviorSearch/Step6_Trial""","true","0.30000000000000004","0.7000000000000001","7","0","true","true","0.10323100551282052","4","0.09328183694264668"
"1","764","1000","1","""HK""","0.01","false","""normal""","1","""constant""","0.1","""Scale-free""","2","0","1","""uniform""","""deterministic-normal""","5","-0.19999999999999996","0.4","""normal""","-0.5","1","false","""/home/ramaswamy.51/Documents/github/Spirals/Media/data/cluster/endsim/BehaviorSearch/Step6_Trial""","true","0.1","0.4","8","0.10000000000000009","true","true","0.11334926496267278","4","0.09328183694264668"
"1","768","1000","1","""HK""","0.01","false","""normal""","1","""constant""","0.1","""Scale-free""","2","0","1","""uniform""","""deterministic-normal""","5","0.10000000000000009","0.5","""normal""","-0.09999999999999998","0.6000000000000001","false","""/home/ramaswamy.51/Documents/github/Spirals/Media/data/cluster/endsim/BehaviorSearch/Step6_Trial""","true","0.2","0.30000000000000004","10","0","true","true","0.10622192471096127","4","0.09328183694264668"
"1","772","1000","1","""HK""","0.02","false","""normal""","1","""constant""","0.1","""Scale-free""","2","0","1","""uniform""","""deterministic-normal""","10","0","0.4","""normal""","-0.09999999999999998","0.7000000000000001","false","""/home/ramaswamy.51/Documents/github/Spirals/Media/data/cluster/endsim/BehaviorSearch/Step6_Trial""","true","0.30000000000000004","0.8","7","0","true","true","0.11169330006632594","4","0.09328183694264668"
"1","776","1000","1","""HK""","0.01","false","""normal""","1","""constant""","0.1","""Scale-free""","2","0","1","""uniform""","""deterministic-normal""","5","0","0.4","""normal""","-0.09999999999999998","0.6000000000000001","false","""/home/ramaswamy.51/Documents/github/Spirals/Media/data/cluster/endsim/BehaviorSearch/Step6_Trial""","true","0.30000000000000004","0.7000000000000001","7","0","true","true","0.10743624481610332","4","0.09328183694264668"
"1","780","1000","1","""HK""","0.02","false","""normal""","1","""constant""","0.1","""Scale-free""","2","0","1","""uniform""","""deterministic-normal""","10","0","0.4","""normal""","-0.09999999999999998","0.8","false","""/home/ramaswamy.51/Documents/github/Spirals/Media/data/cluster/endsim/BehaviorSearch/Step6_Trial""","true","0.30000000000000004","0.8","7","-0.19999999999999996","true","true","0.1022242372632477","4","0.09328183694264668"
"1","784","1000","1","""HK""","0.02","false","""normal""","1","""constant""","0","""Scale-free""","2","0","1","""uniform""","""deterministic-normal""","5","-0.19999999999999996","0.5","""normal""","-0.09999999999999998","0.6000000000000001","false","""/home/ramaswamy.51/Documents/github/Spirals/Media/data/cluster/endsim/BehaviorSearch/Step6_Trial""","true","0.30000000000000004","0.4","10","-0.19999999999999996","true","true","0.11003431813883274","4","0.09328183694264668"
"1","788","1000","1","""HK""","0.01","false","""normal""","1","""constant""","0.1","""Scale-free""","2","0","1","""uniform""","""deterministic-normal""","0","-0.09999999999999998","0.4","""normal""","0.20000000000000018","0.7000000000000001","false","""/home/ramaswamy.51/Documents/github/Spirals/Media/data/cluster/endsim/BehaviorSearch/Step6_Trial""","true","0.1","0.5","7","0","true","true","0.124849910112645","4","0.09328183694264668"
"1","792","1000","1","""HK""","0.01","false","""normal""","1","""constant""","0.1","""Scale-free""","2","0","1","""uniform""","""deterministic-normal""","10","0","0.4","""normal""","-0.09999999999999998","0.8","false","""/home/ramaswamy.51/Documents/github/Spirals/Media/data/cluster/endsim/BehaviorSearch/Step6_Trial""","true","0.1","0.4","8","0.10000000000000009","true","true","0.10058084666605355","4","0.09328183694264668"
"1","796","1000","1","""HK""","0.01","false","""normal""","1","""constant""","0.1","""Scale-free""","3","0","1","""uniform""","""deterministic-normal""","10","0","0.4","""normal""","-0.19999999999999996","0.8","false","""/home/ramaswamy.51/Documents/github/Spirals/Media/data/cluster/endsim/BehaviorSearch/Step6_Trial""","true","0.1","0.7000000000000001","7","0","true","true","0.11145233397421553","4","0.09328183694264668"
"1","800","1000","1","""HK""","0.01","false","""normal""","1","""constant""","0.1","""Scale-free""","2","0","1","""uniform""","""deterministic-normal""","10","0","0.4","""normal""","-0.09999999999999998","0.8","false","""/home/ramaswamy.51/Documents/github/Spirals/Media/data/cluster/endsim/BehaviorSearch/Step6_Trial""","true","0.30000000000000004","0.6000000000000001","5","-0.19999999999999996","true","true","0.1023613617813861","4","0.09328183694264668"
"1","804","1000","1","""HK""","0.01","false","""normal""","1","""constant""","0.1","""Scale-free""","2","0","1","""uniform""","""deterministic-normal""","5","0","0.4","""normal""","0","0.8","false","""/home/ramaswamy.51/Documents/github/Spirals/Media/data/cluster/endsim/BehaviorSearch/Step6_Trial""","true","0","0.6000000000000001","10","0.10000000000000009","true","true","0.1093442613717952","4","0.09328183694264668"
"1","808","1000","1","""HK""","0.01","false","""normal""","1","""constant""","0.1","""Scale-free""","2","0","1","""uniform""","""deterministic-normal""","10","-0.29999999999999993","0.4","""normal""","-0.09999999999999998","0.8","false","""/home/ramaswamy.51/Documents/github/Spirals/Media/data/cluster/endsim/BehaviorSearch/Step6_Trial""","true","0.2","0.4","8","0","true","true","0.10035513694594322","4","0.09328183694264668"
"1","812","1000","1","""HK""","0.01","false","""normal""","1","""constant""","0.1","""Scale-free""","1","0","1","""uniform""","""deterministic-normal""","10","-0.09999999999999998","0.4","""normal""","-0.29999999999999993","0.8","false","""/home/ramaswamy.51/Documents/github/Spirals/Media/data/cluster/endsim/BehaviorSearch/Step6_Trial""","true","0.1","0.4","8","0","true","true","0.12029700256615891","4","0.09328183694264668"
"1","816","1000","1","""HK""","0.01","false","""normal""","1","""constant""","0.1","""Scale-free""","2","0","1","""uniform""","""deterministic-normal""","5","0","0.4","""normal""","-0.09999999999999998","0.8","false","""/home/ramaswamy.51/Documents/github/Spirals/Media/data/cluster/endsim/BehaviorSearch/Step6_Trial""","true","0.1","0.7000000000000001","7","0","true","true","0.09984894583568225","4","0.09328183694264668"
"1","820","1000","1","""HK""","0.01","false","""normal""","1","""constant""","0.1","""Scale-free""","2","0","1","""uniform""","""deterministic-normal""","5","-0.19999999999999996","0.30000000000000004","""normal""","0","0.8","false","""/home/ramaswamy.51/Documents/github/Spirals/Media/data/cluster/endsim/BehaviorSearch/Step6_Trial""","true","0.1","0.7000000000000001","7","0","true","true","0.10829426565908117","4","0.09328183694264668"
"1","824","1000","1","""HK""","0.01","false","""normal""","1","""constant""","0.1","""Scale-free""","3","0","1","""uniform""","""deterministic-normal""","5","-0.09999999999999998","0.30000000000000004","""normal""","-0.09999999999999998","0.8","false","""/home/ramaswamy.51/Documents/github/Spirals/Media/data/cluster/endsim/BehaviorSearch/Step6_Trial""","true","0.1","0.4","8","0.30000000000000004","true","true","0.10212122415305042","4","0.09328183694264668"
"1","828","1000","1","""HK""","0.01","false","""normal""","1","""constant""","0.1","""Scale-free""","2","0","1","""uniform""","""deterministic-normal""","5","-0.09999999999999998","0.7000000000000001","""normal""","-0.09999999999999998","0.8","false","""/home/ramaswamy.51/Documents/github/Spirals/Media/data/cluster/endsim/BehaviorSearch/Step6_Trial""","true","0.2","0.4","8","0","true","true","0.10192208723296728","4","0.09328183694264668"
"1","832","1000","1","""HK""","0.01","false","""normal""","1","""constant""","0.2","""Scale-free""","1","0","1","""uniform""","""deterministic-normal""","10","0","0.5","""normal""","-0.09999999999999998","0.4","false","""/home/ramaswamy.51/Documents/github/Spirals/Media/data/cluster/endsim/BehaviorSearch/Step6_Trial""","true","0.5","0.30000000000000004","10","-0.7","true","true","0.2417892686456828","4","0.09328183694264668"
"1","836","1000","1","""HK""","0.060000000000000005","false","""normal""","1","""constant""","0.1","""Scale-free""","2","0","1","""uniform""","""deterministic-normal""","5","-0.29999999999999993","0.4","""normal""","0.20000000000000018","0.8","false","""/home/ramaswamy.51/Documents/github/Spirals/Media/data/cluster/endsim/BehaviorSearch/Step6_Trial""","true","0.4","0.4","8","0","true","true","0.12461097373683643","4","0.09328183694264668"
"1","840","1000","1","""HK""","0.01","false","""normal""","1","""constant""","0.1","""Scale-free""","2","0","1","""uniform""","""deterministic-normal""","5","-0.09999999999999998","0.4","""normal""","-0.09999999999999998","0.8","false","""/home/ramaswamy.51/Documents/github/Spirals/Media/data/cluster/endsim/BehaviorSearch/Step6_Trial""","true","0.2","0.4","8","0","true","true","0.09980587091844545","4","0.09328183694264668"
"1","844","1000","1","""HK""","0.01","false","""normal""","1","""constant""","0.1","""Scale-free""","2","0","1","""uniform""","""deterministic-normal""","10","0","0.4","""normal""","-0.09999999999999998","0.8","false","""/home/ramaswamy.51/Documents/github/Spirals/Media/data/cluster/endsim/BehaviorSearch/Step6_Trial""","true","0.2","0.5","8","-0.09999999999999998","true","true","0.09347064947050525","4","0.09328183694264668"
"1","848","1000","1","""HK""","0.01","false","""normal""","1","""constant""","0.1","""Scale-free""","2","0","1","""uniform""","""deterministic-normal""","5","0","0.4","""normal""","-0.09999999999999998","0.8","false","""/home/ramaswamy.51/Documents/github/Spirals/Media/data/cluster/endsim/BehaviorSearch/Step6_Trial""","true","0.30000000000000004","0.7000000000000001","7","0.10000000000000009","true","true","0.11224931254767781","4","0.09328183694264668"
"1","852","1000","1","""HK""","0.01","false","""normal""","1","""constant""","0.1","""Scale-free""","2","0","1","""uniform""","""deterministic-normal""","15","0","0.4","""normal""","-0.09999999999999998","0.8","false","""/home/ramaswamy.51/Documents/github/Spirals/Media/data/cluster/endsim/BehaviorSearch/Step6_Trial""","true","0.2","0.4","8","0","true","true","0.10691965586400166","4","0.09328183694264668"
"1","856","1000","1","""HK""","0.02","false","""normal""","1","""constant""","0.1","""Scale-free""","2","0","1","""uniform""","""deterministic-normal""","10","0","0.30000000000000004","""normal""","-0.29999999999999993","0.8","false","""/home/ramaswamy.51/Documents/github/Spirals/Media/data/cluster/endsim/BehaviorSearch/Step6_Trial""","true","0.30000000000000004","0.8","7","-0.29999999999999993","true","true","0.11702021362742085","4","0.09328183694264668"
"1","860","1000","1","""HK""","0.01","false","""normal""","1","""constant""","0.1","""Scale-free""","2","0","1","""uniform""","""deterministic-normal""","5","-0.19999999999999996","0.30000000000000004","""normal""","0","0.8","false","""/home/ramaswamy.51/Documents/github/Spirals/Media/data/cluster/endsim/BehaviorSearch/Step6_Trial""","true","0.1","0.8","7","0","true","true","0.10359334826463706","4","0.09328183694264668"
"1","864","1000","1","""HK""","0.01","false","""normal""","1","""constant""","0.1","""Scale-free""","2","0","1","""uniform""","""deterministic-normal""","20","0","0.30000000000000004","""normal""","0.20000000000000018","0.8","false","""/home/ramaswamy.51/Documents/github/Spirals/Media/data/cluster/endsim/BehaviorSearch/Step6_Trial""","true","0.1","0.4","9","0.10000000000000009","true","true","0.1064109882044036","4","0.09328183694264668"
"1","868","1000","1","""HK""","0.01","false","""normal""","1","""constant""","0.1","""Scale-free""","2","0","1","""uniform""","""deterministic-normal""","5","0","0.4","""normal""","0","0.8","false","""/home/ramaswamy.51/Documents/github/Spirals/Media/data/cluster/endsim/BehaviorSearch/Step6_Trial""","true","0.1","0.4","7","0.10000000000000009","true","true","0.10223029204477858","4","0.09328183694264668"
"1","872","1000","1","""HK""","0.01","false","""normal""","1","""constant""","0.1","""Scale-free""","2","0","1","""uniform""","""deterministic-normal""","10","0","0.4","""normal""","-0.09999999999999998","0.8","false","""/home/ramaswamy.51/Documents/github/Spirals/Media/data/cluster/endsim/BehaviorSearch/Step6_Trial""","true","0.1","0.7000000000000001","6","0","true","true","0.09906521394502593","4","0.09328183694264668"
"1","876","1000","1","""HK""","0.01","false","""normal""","1","""constant""","0.1","""Scale-free""","2","0","1","""uniform""","""deterministic-normal""","5","0","0.5","""normal""","-0.09999999999999998","0.8","false","""/home/ramaswamy.51/Documents/github/Spirals/Media/data/cluster/endsim/BehaviorSearch/Step6_Trial""","true","0.1","0.4","8","0","true","true","0.1055818147402359","4","0.09328183694264668"
"1","880","1000","1","""HK""","0.01","false","""normal""","1","""constant""","0.1","""Scale-free""","2","0","1","""uniform""","""deterministic-normal""","10","0.40000000000000013","0.4","""normal""","0.10000000000000009","0.8","false","""/home/ramaswamy.51/Documents/github/Spirals/Media/data/cluster/endsim/BehaviorSearch/Step6_Trial""","true","0.1","0.7000000000000001","8","0","true","true","0.10180955713567497","4","0.09328183694264668"
"1","884","1000","1","""HK""","0.01","false","""normal""","1","""constant""","0.1","""Scale-free""","2","0","1","""uniform""","""deterministic-normal""","10","0.10000000000000009","0.4","""normal""","-0.29999999999999993","0.9","false","""/home/ramaswamy.51/Documents/github/Spirals/Media/data/cluster/endsim/BehaviorSearch/Step6_Trial""","true","0.5","0.8","6","0","true","true","0.13337468993991927","4","0.09328183694264668"
"1","888","1000","1","""HK""","0.01","false","""normal""","1","""constant""","0.1","""Scale-free""","2","0","1","""uniform""","""deterministic-normal""","10","0","0.4","""normal""","-0.3999999999999999","0.8","false","""/home/ramaswamy.51/Documents/github/Spirals/Media/data/cluster/endsim/BehaviorSearch/Step6_Trial""","true","0.30000000000000004","0.7000000000000001","8","0","true","true","0.1322811623486817","4","0.09328183694264668"
"1","892","1000","1","""HK""","0.01","false","""normal""","1","""constant""","0.1","""Scale-free""","2","0","1","""uniform""","""deterministic-normal""","15","0","0.4","""normal""","0","0.8","false","""/home/ramaswamy.51/Documents/github/Spirals/Media/data/cluster/endsim/BehaviorSearch/Step6_Trial""","true","0.1","0.7000000000000001","6","0","true","true","0.09639745298660449","4","0.09328183694264668"
"1","896","1000","1","""HK""","0.03","false","""normal""","1","""constant""","0.1","""Scale-free""","2","0","1","""uniform""","""deterministic-normal""","10","0","0.5","""normal""","-0.09999999999999998","0.8","false","""/home/ramaswamy.51/Documents/github/Spirals/Media/data/cluster/endsim/BehaviorSearch/Step6_Trial""","true","0.1","0.4","8","-0.19999999999999996","true","true","0.09703465002559905","4","0.09328183694264668"
"1","900","1000","1","""HK""","0.01","false","""normal""","1","""constant""","0.1","""Scale-free""","2","0","1","""uniform""","""deterministic-normal""","5","0.30000000000000004","0.4","""normal""","-0.09999999999999998","0.9","false","""/home/ramaswamy.51/Documents/github/Spirals/Media/data/cluster/endsim/BehaviorSearch/Step6_Trial""","true","0.2","0.4","8","0","true","true","0.10580473934615886","4","0.09328183694264668"
"1","904","1000","1","""HK""","0.01","false","""normal""","1","""constant""","0.1","""Scale-free""","2","0","1","""uniform""","""deterministic-normal""","15","0.10000000000000009","0.4","""normal""","-0.09999999999999998","0.8","false","""/home/ramaswamy.51/Documents/github/Spirals/Media/data/cluster/endsim/BehaviorSearch/Step6_Trial""","true","0.2","0.2","8","0","true","true","0.09303720950992303","4","0.09303720950992303"
"1","908","1000","1","""HK""","0.02","false","""normal""","1","""constant""","0.1","""Scale-free""","2","0","1","""uniform""","""deterministic-normal""","15","-0.19999999999999996","0.7000000000000001","""normal""","-0.09999999999999998","0.9","false","""/home/ramaswamy.51/Documents/github/Spirals/Media/data/cluster/endsim/BehaviorSearch/Step6_Trial""","true","0.2","0.4","5","-0.09999999999999998","true","true","0.10573353500139138","4","0.09303720950992303"
"1","912","1000","1","""HK""","0.01","false","""normal""","1","""constant""","0.1","""Scale-free""","2","0","1","""uniform""","""deterministic-normal""","10","0","0.7000000000000001","""normal""","-0.09999999999999998","0.9","false","""/home/ramaswamy.51/Documents/github/Spirals/Media/data/cluster/endsim/BehaviorSearch/Step6_Trial""","true","0.2","0.4","9","-0.29999999999999993","true","true","0.08799974117489295","4","0.08799974117489295"
"1","916","1000","1","""HK""","0.01","false","""normal""","1","""constant""","0","""Scale-free""","2","0","1","""uniform""","""deterministic-normal""","5","0","0.4","""normal""","-0.3999999999999999","0.8","false","""/home/ramaswamy.51/Documents/github/Spirals/Media/data/cluster/endsim/BehaviorSearch/Step6_Trial""","true","0.2","0.4","8","0","true","true","0.18376713942185002","4","0.08799974117489295"
"1","920","1000","1","""HK""","0.01","false","""normal""","1","""constant""","0.1","""Scale-free""","2","0","1","""uniform""","""deterministic-normal""","0","-0.09999999999999998","0.4","""normal""","-0.09999999999999998","0.8","false","""/home/ramaswamy.51/Documents/github/Spirals/Media/data/cluster/endsim/BehaviorSearch/Step6_Trial""","true","0","0.4","8","0","true","true","0.1121765675220747","4","0.08799974117489295"
"1","924","1000","1","""HK""","0.02","false","""normal""","1","""constant""","0.1","""Scale-free""","2","0","1","""uniform""","""deterministic-normal""","10","-0.09999999999999998","0.4","""normal""","-0.09999999999999998","0.8","false","""/home/ramaswamy.51/Documents/github/Spirals/Media/data/cluster/endsim/BehaviorSearch/Step6_Trial""","true","0.30000000000000004","0.4","9","0","true","true","0.10655284274370189","4","0.08799974117489295"
"1","928","1000","1","""HK""","0.03","false","""normal""","1","""constant""","0.1","""Scale-free""","2","0","1","""uniform""","""deterministic-normal""","10","0","0.4","""normal""","0.10000000000000009","0.8","false","""/home/ramaswamy.51/Documents/github/Spirals/Media/data/cluster/endsim/BehaviorSearch/Step6_Trial""","true","0.1","0.4","8","0","true","true","0.11582574246316976","4","0.08799974117489295"
"1","932","1000","1","""HK""","0.01","false","""normal""","1","""constant""","0.1","""Scale-free""","2","0","1","""uniform""","""deterministic-normal""","10","-0.19999999999999996","0.4","""normal""","-0.09999999999999998","0.8","false","""/home/ramaswamy.51/Documents/github/Spirals/Media/data/cluster/endsim/BehaviorSearch/Step6_Trial""","true","0.2","0.4","8","0","true","true","0.10386267370284832","4","0.08799974117489295"
"1","936","1000","1","""HK""","0.01","false","""normal""","1","""constant""","0.1","""Scale-free""","2","0","1","""uniform""","""deterministic-normal""","0","0.10000000000000009","0.30000000000000004","""normal""","-0.09999999999999998","0.8","false","""/home/ramaswamy.51/Documents/github/Spirals/Media/data/cluster/endsim/BehaviorSearch/Step6_Trial""","true","0.30000000000000004","0.4","8","0","true","true","0.1035677581591415","4","0.08799974117489295"
"1","940","1000","1","""HK""","0.01","false","""normal""","1","""constant""","0.1","""Scale-free""","2","0","1","""uniform""","""deterministic-normal""","5","-0.09999999999999998","0.4","""normal""","-0.3999999999999999","0.7000000000000001","false","""/home/ramaswamy.51/Documents/github/Spirals/Media/data/cluster/endsim/BehaviorSearch/Step6_Trial""","true","0.2","0.4","8","-0.29999999999999993","true","true","0.14110210425553005","4","0.08799974117489295"
"1","944","1000","1","""HK""","0.060000000000000005","false","""normal""","1","""constant""","0.1","""Scale-free""","2","0","1","""uniform""","""deterministic-normal""","15","0","0.5","""normal""","-0.19999999999999996","0.8","false","""/home/ramaswamy.51/Documents/github/Spirals/Media/data/cluster/endsim/BehaviorSearch/Step6_Trial""","true","0.1","0.5","8","-0.19999999999999996","true","true","0.11443925269212694","4","0.08799974117489295"
"1","948","1000","1","""HK""","0.01","false","""normal""","1","""constant""","0.1","""Scale-free""","2","0","1","""uniform""","""deterministic-normal""","10","0.10000000000000009","0.7000000000000001","""normal""","-0.09999999999999998","0.9","false","""/home/ramaswamy.51/Documents/github/Spirals/Media/data/cluster/endsim/BehaviorSearch/Step6_Trial""","true","0.2","0.5","8","-0.29999999999999993","true","true","0.09055430289645705","4","0.08799974117489295"
"1","952","1000","1","""HK""","0.060000000000000005","false","""normal""","1","""constant""","0.1","""Scale-free""","2","0","1","""uniform""","""deterministic-normal""","15","0.10000000000000009","0.4","""normal""","-0.09999999999999998","0.8","false","""/home/ramaswamy.51/Documents/github/Spirals/Media/data/cluster/endsim/BehaviorSearch/Step6_Trial""","true","0.1","0.7000000000000001","7","-0.19999999999999996","true","true","0.11489154184108183","4","0.08799974117489295"
"1","956","1000","1","""HK""","0.02","false","""normal""","1","""constant""","0.1","""Scale-free""","2","0","1","""uniform""","""deterministic-normal""","10","0.20000000000000018","0.5","""normal""","0","0.8","false","""/home/ramaswamy.51/Documents/github/Spirals/Media/data/cluster/endsim/BehaviorSearch/Step6_Trial""","true","0.2","0.7000000000000001","8","0","true","true","0.09545803318358073","4","0.08799974117489295"
"1","960","1000","1","""HK""","0.01","false","""normal""","1","""constant""","0.1","""Scale-free""","2","0","1","""uniform""","""deterministic-normal""","10","0","0.5","""normal""","0.10000000000000009","0.8","false","""/home/ramaswamy.51/Documents/github/Spirals/Media/data/cluster/endsim/BehaviorSearch/Step6_Trial""","true","0.1","0.5","9","-0.29999999999999993","true","true","0.10592303695993786","4","0.08799974117489295"
"1","964","1000","1","""HK""","0.01","false","""normal""","1","""constant""","0.1","""Scale-free""","2","0","1","""uniform""","""deterministic-normal""","15","0","0.4","""normal""","0","0.8","false","""/home/ramaswamy.51/Documents/github/Spirals/Media/data/cluster/endsim/BehaviorSearch/Step6_Trial""","true","0.2","0.7000000000000001","6","0","true","true","0.10255088199402121","4","0.08799974117489295"
"1","968","1000","1","""HK""","0.01","false","""normal""","1","""constant""","0.1","""Scale-free""","2","0","1","""uniform""","""deterministic-normal""","5","0","0.4","""normal""","0","0.8","false","""/home/ramaswamy.51/Documents/github/Spirals/Media/data/cluster/endsim/BehaviorSearch/Step6_Trial""","true","0.1","0.6000000000000001","6","0","true","true","0.1085692544901485","4","0.08799974117489295"
"1","972","1000","1","""HK""","0.01","false","""normal""","1","""constant""","0.1","""Scale-free""","2","0","1","""uniform""","""deterministic-normal""","10","0","0.4","""normal""","-0.09999999999999998","0.8","false","""/home/ramaswamy.51/Documents/github/Spirals/Media/data/cluster/endsim/BehaviorSearch/Step6_Trial""","true","0.1","0.7000000000000001","7","-0.09999999999999998","true","true","0.0959293878264732","4","0.08799974117489295"
"1","976","1000","1","""HK""","0.01","false","""normal""","1","""constant""","0.1","""Scale-free""","2","0","1","""uniform""","""deterministic-normal""","10","0","0.6000000000000001","""normal""","0","0.8","false","""/home/ramaswamy.51/Documents/github/Spirals/Media/data/cluster/endsim/BehaviorSearch/Step6_Trial""","true","0.2","0.4","8","0","true","true","0.09876962688156928","4","0.08799974117489295"
"1","980","1000","1","""HK""","0.01","false","""normal""","1","""constant""","0.1","""Scale-free""","2","0","1","""uniform""","""deterministic-normal""","10","-0.19999999999999996","0.7000000000000001","""normal""","0","0.9","false","""/home/ramaswamy.51/Documents/github/Spirals/Media/data/cluster/endsim/BehaviorSearch/Step6_Trial""","true","0.2","0.4","9","-0.5","true","true","0.08273207046477299","4","0.08273207046477299"
"1","984","1000","1","""HK""","0.03","false","""normal""","1","""constant""","0.1","""Scale-free""","2","0","1","""uniform""","""deterministic-normal""","10","0.10000000000000009","0.7000000000000001","""normal""","0.40000000000000013","0.9","false","""/home/ramaswamy.51/Documents/github/Spirals/Media/data/cluster/endsim/BehaviorSearch/Step6_Trial""","true","0.2","0.5","8","-0.29999999999999993","true","true","0.12577928396573182","4","0.08273207046477299"
"1","988","1000","1","""HK""","0.01","false","""normal""","1","""constant""","0.2","""Scale-free""","2","0","1","""uniform""","""deterministic-normal""","10","0","0.7000000000000001","""normal""","-0.09999999999999998","0.9","false","""/home/ramaswamy.51/Documents/github/Spirals/Media/data/cluster/endsim/BehaviorSearch/Step6_Trial""","true","0.1","0.7000000000000001","7","0","true","true","0.16325163941435605","4","0.08273207046477299"
"1","992","1000","1","""HK""","0.02","false","""normal""","1","""constant""","0.1","""Scale-free""","2","0","1","""uniform""","""deterministic-normal""","15","0","0.4","""normal""","0.20000000000000018","0.7000000000000001","false","""/home/ramaswamy.51/Documents/github/Spirals/Media/data/cluster/endsim/BehaviorSearch/Step6_Trial""","true","0","0.7000000000000001","6","0","true","true","0.14192108816838908","4","0.08273207046477299"
"1","996","1000","1","""HK""","0.01","false","""normal""","1","""constant""","0.1","""Scale-free""","2","0","1","""uniform""","""deterministic-normal""","15","0","0.4","""normal""","-0.09999999999999998","0.8","false","""/home/ramaswamy.51/Documents/github/Spirals/Media/data/cluster/endsim/BehaviorSearch/Step6_Trial""","true","0.1","0.7000000000000001","7","-0.09999999999999998","true","true","0.09961114243959661","4","0.08273207046477299"
"1","1000","1000","1","""HK""","0.01","false","""normal""","1","""constant""","0.1","""Scale-free""","2","0","1","""uniform""","""deterministic-normal""","10","0.10000000000000009","0.7000000000000001","""normal""","-0.5","0.9","false","""/home/ramaswamy.51/Documents/github/Spirals/Media/data/cluster/endsim/BehaviorSearch/Step6_Trial""","true","0.2","0.5","8","-0.29999999999999993","true","true","0.13093603958211728","4","0.08273207046477299"
"1","1004","1000","1","""HK""","0.02","false","""normal""","1","""constant""","0.1","""Scale-free""","2","0","1","""uniform""","""deterministic-normal""","10","0.40000000000000013","0.5","""normal""","-0.09999999999999998","0.8","false","""/home/ramaswamy.51/Documents/github/Spirals/Media/data/cluster/endsim/BehaviorSearch/Step6_Trial""","true","0.1","0.4","8","-0.19999999999999996","true","true","0.1014677673707845","4","0.08273207046477299"
"1","1008","1000","1","""HK""","0.01","false","""normal""","1","""constant""","0.1","""Scale-free""","2","0","1","""uniform""","""deterministic-normal""","10","-0.19999999999999996","0.7000000000000001","""normal""","0.20000000000000018","1","false","""/home/ramaswamy.51/Documents/github/Spirals/Media/data/cluster/endsim/BehaviorSearch/Step6_Trial""","true","0.2","0.4","9","-0.7","true","true","0.0849340711990936","4","0.08273207046477299"
"1","1012","1000","1","""HK""","0.01","false","""normal""","1","""constant""","0.1","""Scale-free""","2","0","1","""uniform""","""deterministic-normal""","10","-0.19999999999999996","0.7000000000000001","""normal""","0.10000000000000009","1","false","""/home/ramaswamy.51/Documents/github/Spirals/Media/data/cluster/endsim/BehaviorSearch/Step6_Trial""","true","0.2","0.4","9","-0.7","true","true","0.08176771195168443","4","0.08176771195168443"
"1","1016","1000","1","""HK""","0.060000000000000005","false","""normal""","1","""constant""","0.1","""Scale-free""","2","0","1","""uniform""","""deterministic-normal""","10","-0.19999999999999996","0.7000000000000001","""normal""","0.10000000000000009","1","false","""/home/ramaswamy.51/Documents/github/Spirals/Media/data/cluster/endsim/BehaviorSearch/Step6_Trial""","true","0.2","0.5","9","-0.7","true","true","0.11492017090073915","4","0.08176771195168443"
"1","1020","1000","1","""HK""","0.01","false","""normal""","1","""constant""","0.1","""Scale-free""","2","0","1","""uniform""","""deterministic-normal""","10","-0.09999999999999998","0.7000000000000001","""normal""","0.20000000000000018","1","false","""/home/ramaswamy.51/Documents/github/Spirals/Media/data/cluster/endsim/BehaviorSearch/Step6_Trial""","true","0.2","0.7000000000000001","9","-0.7","true","true","0.08146685670719359","4","0.08146685670719359"
"1","1024","1000","1","""HK""","0.01","false","""normal""","1","""constant""","0.2","""Scale-free""","2","0","1","""uniform""","""deterministic-normal""","10","-0.09999999999999998","0.7000000000000001","""normal""","0","1","false","""/home/ramaswamy.51/Documents/github/Spirals/Media/data/cluster/endsim/BehaviorSearch/Step6_Trial""","true","0.30000000000000004","0.7000000000000001","9","-0.7","true","true","0.19371747980021053","4","0.08146685670719359"
"1","1028","1000","1","""HK""","0.01","false","""normal""","1","""constant""","0.1","""Scale-free""","2","0","1","""uniform""","""deterministic-normal""","10","-0.19999999999999996","0.7000000000000001","""normal""","0.20000000000000018","1","false","""/home/ramaswamy.51/Documents/github/Spirals/Media/data/cluster/endsim/BehaviorSearch/Step6_Trial""","true","0.4","0.4","9","-0.7","true","true","0.08538515251286855","4","0.08146685670719359"
"1","1032","1000","1","""HK""","0.01","false","""normal""","1","""constant""","0.1","""Scale-free""","2","0","1","""uniform""","""deterministic-normal""","10","0","0.7000000000000001","""normal""","-0.09999999999999998","0.9","false","""/home/ramaswamy.51/Documents/github/Spirals/Media/data/cluster/endsim/BehaviorSearch/Step6_Trial""","true","0.2","0.4","9","-0.5","true","true","0.09114084799126772","4","0.08146685670719359"
"1","1036","1000","1","""HK""","0.01","false","""normal""","1","""constant""","0","""Scale-free""","2","0","1","""uniform""","""deterministic-normal""","15","0","0.4","""normal""","-0.09999999999999998","0.9","false","""/home/ramaswamy.51/Documents/github/Spirals/Media/data/cluster/endsim/BehaviorSearch/Step6_Trial""","true","0.2","0.7000000000000001","7","-0.09999999999999998","true","true","0.15983460610431643","4","0.08146685670719359"
"1","1040","1000","1","""HK""","0.04","false","""normal""","1","""constant""","0.1","""Scale-free""","2","0","1","""uniform""","""deterministic-normal""","10","0","0.7000000000000001","""normal""","-0.09999999999999998","0.9","false","""/home/ramaswamy.51/Documents/github/Spirals/Media/data/cluster/endsim/BehaviorSearch/Step6_Trial""","true","0.2","0.4","8","-0.5","true","true","0.08987536038236102","4","0.08146685670719359"
"1","1044","1000","1","""HK""","0.02","false","""normal""","1","""constant""","0.2","""Scale-free""","2","0","1","""uniform""","""deterministic-normal""","10","-0.09999999999999998","0.7000000000000001","""normal""","-0.09999999999999998","0.9","false","""/home/ramaswamy.51/Documents/github/Spirals/Media/data/cluster/endsim/BehaviorSearch/Step6_Trial""","true","0.1","0.7000000000000001","7","0","true","true","0.1729595755013358","4","0.08146685670719359"
"1","1048","1000","1","""HK""","0.01","false","""normal""","1","""constant""","0.1","""Scale-free""","3","0","1","""uniform""","""deterministic-normal""","10","-0.09999999999999998","0.7000000000000001","""normal""","-0.09999999999999998","0.9","false","""/home/ramaswamy.51/Documents/github/Spirals/Media/data/cluster/endsim/BehaviorSearch/Step6_Trial""","true","0.2","0.4","8","-0.5","true","true","0.09041688787338048","4","0.08146685670719359"
"1","1052","1000","1","""HK""","0.03","false","""normal""","1","""constant""","0.1","""Scale-free""","2","0","1","""uniform""","""deterministic-normal""","10","-0.19999999999999996","0.7000000000000001","""normal""","0.20000000000000018","1","false","""/home/ramaswamy.51/Documents/github/Spirals/Media/data/cluster/endsim/BehaviorSearch/Step6_Trial""","true","0.2","0.4","9","-0.7","true","true","0.09056209033987422","4","0.08146685670719359"
"1","1056","1000","1","""HK""","0.01","false","""normal""","1","""constant""","0.1","""Scale-free""","2","0","1","""uniform""","""deterministic-normal""","10","0","0.7000000000000001","""normal""","-0.09999999999999998","0.8","false","""/home/ramaswamy.51/Documents/github/Spirals/Media/data/cluster/endsim/BehaviorSearch/Step6_Trial""","true","0.30000000000000004","0.4","9","-0.29999999999999993","true","true","0.10243825720714571","4","0.08146685670719359"
"1","1060","1000","1","""HK""","0.01","false","""normal""","1","""constant""","0.1","""Scale-free""","2","0","1","""uniform""","""deterministic-normal""","10","0","0.7000000000000001","""normal""","-0.09999999999999998","0.9","false","""/home/ramaswamy.51/Documents/github/Spirals/Media/data/cluster/endsim/BehaviorSearch/Step6_Trial""","true","0.2","0.4","9","-1","true","true","0.07037423461032906","4","0.07037423461032906"
"1","1064","1000","1","""HK""","0.01","false","""normal""","1","""constant""","0.1","""Scale-free""","2","0","1","""uniform""","""deterministic-normal""","10","-0.09999999999999998","0.7000000000000001","""normal""","0.20000000000000018","1","false","""/home/ramaswamy.51/Documents/github/Spirals/Media/data/cluster/endsim/BehaviorSearch/Step6_Trial""","true","0.2","0.7000000000000001","9","-1","true","true","0.09020244037842962","4","0.07037423461032906"
"1","1068","1000","1","""HK""","0.03","false","""normal""","1","""constant""","0.1","""Scale-free""","2","0","1","""uniform""","""deterministic-normal""","10","-0.19999999999999996","0.7000000000000001","""normal""","0.20000000000000018","1","false","""/home/ramaswamy.51/Documents/github/Spirals/Media/data/cluster/endsim/BehaviorSearch/Step6_Trial""","true","0.1","0.4","8","-0.7","true","true","0.08535407956089802","4","0.07037423461032906"
"1","1072","1000","1","""HK""","0.01","false","""normal""","1","""constant""","0.1","""Scale-free""","2","0","1","""uniform""","""deterministic-normal""","5","0","0.7000000000000001","""normal""","-0.19999999999999996","0.9","false","""/home/ramaswamy.51/Documents/github/Spirals/Media/data/cluster/endsim/BehaviorSearch/Step6_Trial""","true","0.2","0.30000000000000004","9","-0.29999999999999993","true","true","0.098682009436111","4","0.07037423461032906"
"1","1076","1000","1","""HK""","0.05","false","""normal""","1","""constant""","0.1","""Scale-free""","2","0","1","""uniform""","""deterministic-normal""","10","0","0.7000000000000001","""normal""","-0.09999999999999998","0.9","false","""/home/ramaswamy.51/Documents/github/Spirals/Media/data/cluster/endsim/BehaviorSearch/Step6_Trial""","true","0.1","0.30000000000000004","8","-0.19999999999999996","true","true","0.11143388572649582","4","0.07037423461032906"
"1","1080","1000","1","""HK""","0.01","false","""normal""","1","""constant""","0.1","""Scale-free""","2","0","1","""uniform""","""deterministic-normal""","10","-0.19999999999999996","0.7000000000000001","""normal""","0.20000000000000018","1","false","""/home/ramaswamy.51/Documents/github/Spirals/Media/data/cluster/endsim/BehaviorSearch/Step6_Trial""","true","0.2","0.7000000000000001","9","-0.7","true","true","0.09949467130654008","4","0.07037423461032906"
"1","1084","1000","1","""HK""","0.04","false","""normal""","1","""constant""","0.1","""Scale-free""","2","0","1","""uniform""","""deterministic-normal""","10","-0.09999999999999998","0.7000000000000001","""normal""","0.20000000000000018","1","false","""/home/ramaswamy.51/Documents/github/Spirals/Media/data/cluster/endsim/BehaviorSearch/Step6_Trial""","true","0.2","0.7000000000000001","9","-1","true","true","0.11037382883636712","4","0.07037423461032906"
"1","1088","1000","1","""HK""","0.01","false","""normal""","1","""constant""","0.1","""Scale-free""","2","0","1","""uniform""","""deterministic-normal""","10","0","0.7000000000000001","""normal""","-0.09999999999999998","1","false","""/home/ramaswamy.51/Documents/github/Spirals/Media/data/cluster/endsim/BehaviorSearch/Step6_Trial""","true","0.2","0.30000000000000004","10","-0.29999999999999993","true","true","0.08845530651476792","4","0.07037423461032906"
"1","1092","1000","1","""HK""","0.01","false","""normal""","1","""constant""","0.1","""Scale-free""","2","0","1","""uniform""","""deterministic-normal""","10","-0.09999999999999998","0.7000000000000001","""normal""","0.20000000000000018","1","false","""/home/ramaswamy.51/Documents/github/Spirals/Media/data/cluster/endsim/BehaviorSearch/Step6_Trial""","true","0.2","0.7000000000000001","10","-0.9","true","true","0.08311309648493209","4","0.07037423461032906"
"1","1096","1000","1","""HK""","0.01","false","""normal""","1","""constant""","0.1","""Scale-free""","2","0","1","""uniform""","""deterministic-normal""","10","-0.09999999999999998","0.8","""normal""","0.20000000000000018","1","false","""/home/ramaswamy.51/Documents/github/Spirals/Media/data/cluster/endsim/BehaviorSearch/Step6_Trial""","true","0.2","0.8","8","-0.7","true","true","0.08776863856025383","4","0.07037423461032906"
"1","1100","1000","1","""HK""","0.01","false","""normal""","1","""constant""","0.1","""Scale-free""","2","0","1","""uniform""","""deterministic-normal""","10","-0.09999999999999998","0.7000000000000001","""normal""","-0.09999999999999998","0.9","false","""/home/ramaswamy.51/Documents/github/Spirals/Media/data/cluster/endsim/BehaviorSearch/Step6_Trial""","true","0","0.4","10","-1","true","true","0.10232960300290855","4","0.07037423461032906"
"1","1104","1000","1","""HK""","0.01","false","""normal""","1","""constant""","0.1","""Scale-free""","2","0","1","""uniform""","""deterministic-normal""","10","0","0.6000000000000001","""normal""","0.20000000000000018","0.9","false","""/home/ramaswamy.51/Documents/github/Spirals/Media/data/cluster/endsim/BehaviorSearch/Step6_Trial""","true","0.4","0.4","9","-0.7","true","true","0.09017911424107532","4","0.07037423461032906"
"1","1108","1000","1","""HK""","0.05","false","""normal""","1","""constant""","0.1","""Scale-free""","2","0","1","""uniform""","""deterministic-normal""","5","0.5","0.5","""normal""","0","0.8","false","""/home/ramaswamy.51/Documents/github/Spirals/Media/data/cluster/endsim/BehaviorSearch/Step6_Trial""","true","0.2","0.7000000000000001","9","-1","true","true","0.13548662793249722","4","0.07037423461032906"
"1","1112","1000","1","""HK""","0.03","false","""normal""","1","""constant""","0.1","""Scale-free""","2","0","1","""uniform""","""deterministic-normal""","5","-0.09999999999999998","0.8","""normal""","0.20000000000000018","1","false","""/home/ramaswamy.51/Documents/github/Spirals/Media/data/cluster/endsim/BehaviorSearch/Step6_Trial""","true","0.2","0.6000000000000001","10","-1","true","true","0.10682703209097225","4","0.07037423461032906"
"1","1116","1000","1","""HK""","0.01","false","""normal""","1","""constant""","0.1","""Scale-free""","2","0","1","""uniform""","""deterministic-normal""","10","-0.19999999999999996","0.8","""normal""","0.20000000000000018","0.9","false","""/home/ramaswamy.51/Documents/github/Spirals/Media/data/cluster/endsim/BehaviorSearch/Step6_Trial""","true","0.2","0.5","9","-0.7","true","true","0.09012397467400025","4","0.07037423461032906"
"1","1120","1000","1","""HK""","0.01","false","""normal""","1","""constant""","0.1","""Scale-free""","2","0","1","""uniform""","""deterministic-normal""","15","-0.19999999999999996","0.7000000000000001","""normal""","0.10000000000000009","1","false","""/home/ramaswamy.51/Documents/github/Spirals/Media/data/cluster/endsim/BehaviorSearch/Step6_Trial""","true","0.2","0.4","8","-0.7","true","true","0.08315439528981036","4","0.07037423461032906"
"1","1124","1000","1","""HK""","0.03","false","""normal""","1","""constant""","0.1","""Scale-free""","2","0","1","""uniform""","""deterministic-normal""","10","-0.09999999999999998","0.7000000000000001","""normal""","0.20000000000000018","1","false","""/home/ramaswamy.51/Documents/github/Spirals/Media/data/cluster/endsim/BehaviorSearch/Step6_Trial""","true","0.2","0.8","10","-1","true","true","0.11573481313320419","4","0.07037423461032906"
"1","1128","1000","1","""HK""","0.04","false","""normal""","1","""constant""","0.1","""Scale-free""","2","0","1","""uniform""","""deterministic-normal""","10","-0.19999999999999996","0.7000000000000001","""normal""","0.30000000000000004","1","false","""/home/ramaswamy.51/Documents/github/Spirals/Media/data/cluster/endsim/BehaviorSearch/Step6_Trial""","true","0.1","0.7000000000000001","9","-0.3999999999999999","true","true","0.09866272681419824","4","0.07037423461032906"
"1","1132","1000","1","""HK""","0.01","false","""normal""","1","""constant""","0.1","""Scale-free""","2","0","1","""uniform""","""deterministic-normal""","10","-0.09999999999999998","0.8","""normal""","0.20000000000000018","1","false","""/home/ramaswamy.51/Documents/github/Spirals/Media/data/cluster/endsim/BehaviorSearch/Step6_Trial""","true","0.2","0.7000000000000001","10","-0.9","true","true","0.09515762423692715","4","0.07037423461032906"
"1","1136","1000","1","""HK""","0.01","false","""normal""","1","""constant""","0.1","""Scale-free""","3","0","1","""uniform""","""deterministic-normal""","15","-0.19999999999999996","0.7000000000000001","""normal""","-0.09999999999999998","0.9","false","""/home/ramaswamy.51/Documents/github/Spirals/Media/data/cluster/endsim/BehaviorSearch/Step6_Trial""","true","0.2","0.4","9","-0.29999999999999993","true","true","0.08712947942799405","4","0.07037423461032906"
"1","1140","1000","1","""HK""","0.01","false","""normal""","1","""constant""","0.1","""Scale-free""","2","0","1","""uniform""","""deterministic-normal""","5","-0.19999999999999996","0.7000000000000001","""normal""","0.20000000000000018","0.9","false","""/home/ramaswamy.51/Documents/github/Spirals/Media/data/cluster/endsim/BehaviorSearch/Step6_Trial""","true","0.2","0.4","9","-0.7","true","true","0.09065248193445696","4","0.07037423461032906"
"1","1144","1000","1","""HK""","0.01","false","""normal""","1","""constant""","0","""Scale-free""","2","0","1","""uniform""","""deterministic-normal""","10","-0.09999999999999998","0.7000000000000001","""normal""","0.20000000000000018","1","false","""/home/ramaswamy.51/Documents/github/Spirals/Media/data/cluster/endsim/BehaviorSearch/Step6_Trial""","true","0.2","0.7000000000000001","10","-0.9","true","true","0.18065464392417055","4","0.07037423461032906"
"1","1148","1000","1","""HK""","0.01","false","""normal""","1","""constant""","0","""Scale-free""","2","0","1","""uniform""","""deterministic-normal""","15","0","0.7000000000000001","""normal""","0.30000000000000004","0.9","false","""/home/ramaswamy.51/Documents/github/Spirals/Media/data/cluster/endsim/BehaviorSearch/Step6_Trial""","true","0.1","0.5","8","-1","true","true","0.1773830814364632","4","0.07037423461032906"
"1","1152","1000","1","""HK""","0.01","false","""normal""","1","""constant""","0.1","""Scale-free""","2","0","1","""uniform""","""deterministic-normal""","5","-0.29999999999999993","0.7000000000000001","""normal""","-0.19999999999999996","1","false","""/home/ramaswamy.51/Documents/github/Spirals/Media/data/cluster/endsim/BehaviorSearch/Step6_Trial""","true","0.30000000000000004","0.4","9","-0.7","true","true","0.08356958269902709","4","0.07037423461032906"
"1","1156","1000","1","""HK""","0.01","false","""normal""","1","""constant""","0.1","""Scale-free""","2","0","1","""uniform""","""deterministic-normal""","10","-0.19999999999999996","0.6000000000000001","""normal""","0.10000000000000009","1","false","""/home/ramaswamy.51/Documents/github/Spirals/Media/data/cluster/endsim/BehaviorSearch/Step6_Trial""","true","0.2","0.8","8","-0.7","true","true","0.07613548723190043","4","0.07037423461032906"
"1","1160","1000","1","""HK""","0.01","false","""normal""","1","""constant""","0.1","""Scale-free""","2","0","1","""uniform""","""deterministic-normal""","10","-0.09999999999999998","0.6000000000000001","""normal""","0.30000000000000004","1","false","""/home/ramaswamy.51/Documents/github/Spirals/Media/data/cluster/endsim/BehaviorSearch/Step6_Trial""","true","0.2","0.4","8","-0.7","true","true","0.09621525439413124","4","0.07037423461032906"
"1","1164","1000","1","""HK""","0.01","false","""normal""","1","""constant""","0.1","""Scale-free""","2","0","1","""uniform""","""deterministic-normal""","15","-0.29999999999999993","0.8","""normal""","0","1","false","""/home/ramaswamy.51/Documents/github/Spirals/Media/data/cluster/endsim/BehaviorSearch/Step6_Trial""","true","0.2","0.4","10","-0.9","true","true","0.08703337927346573","4","0.07037423461032906"
"1","1168","1000","1","""HK""","0.01","false","""normal""","1","""constant""","0.1","""Scale-free""","2","0","1","""uniform""","""deterministic-normal""","10","-0.09999999999999998","0.5","""normal""","0.20000000000000018","1","false","""/home/ramaswamy.51/Documents/github/Spirals/Media/data/cluster/endsim/BehaviorSearch/Step6_Trial""","true","0.2","0.7000000000000001","9","-0.7","true","true","0.0649363949023657","4","0.0649363949023657"
"1","1172","1000","1","""HK""","0.01","false","""normal""","1","""constant""","0.1","""Scale-free""","2","0","1","""uniform""","""deterministic-normal""","10","-0.19999999999999996","0.7000000000000001","""normal""","0.20000000000000018","0.9","false","""/home/ramaswamy.51/Documents/github/Spirals/Media/data/cluster/endsim/BehaviorSearch/Step6_Trial""","true","0.1","0.30000000000000004","10","-0.9","true","true","0.09945116748401991","4","0.0649363949023657"
"1","1176","1000","1","""HK""","0.01","false","""normal""","1","""constant""","0.2","""Scale-free""","2","0","1","""uniform""","""deterministic-normal""","10","-0.09999999999999998","0.7000000000000001","""normal""","0.20000000000000018","1","false","""/home/ramaswamy.51/Documents/github/Spirals/Media/data/cluster/endsim/BehaviorSearch/Step6_Trial""","true","0.2","0.7000000000000001","8","-0.7","true","true","0.20311027024545247","4","0.0649363949023657"
"1","1180","1000","1","""HK""","0.01","false","""normal""","1","""constant""","0.1","""Scale-free""","2","0","1","""uniform""","""deterministic-normal""","10","0","0.7000000000000001","""normal""","-0.09999999999999998","0.9","false","""/home/ramaswamy.51/Documents/github/Spirals/Media/data/cluster/endsim/BehaviorSearch/Step6_Trial""","true","0.2","0.30000000000000004","9","-0.8","true","true","0.08941182026168176","4","0.0649363949023657"
"1","1184","1000","1","""HK""","0.01","false","""normal""","1","""constant""","0.1","""Scale-free""","2","0","1","""uniform""","""deterministic-normal""","10","-0.3999999999999999","0.5","""normal""","0.20000000000000018","0.9","false","""/home/ramaswamy.51/Documents/github/Spirals/Media/data/cluster/endsim/BehaviorSearch/Step6_Trial""","true","0.2","0.7000000000000001","9","-0.7","true","true","0.09452096842256562","4","0.0649363949023657"
"1","1188","1000","1","""HK""","0.03","false","""normal""","1","""constant""","0","""Scale-free""","2","0","1","""uniform""","""deterministic-normal""","10","0","0.7000000000000001","""normal""","0.20000000000000018","0.9","false","""/home/ramaswamy.51/Documents/github/Spirals/Media/data/cluster/endsim/BehaviorSearch/Step6_Trial""","true","0.4","0.4","9","-0.5","true","true","0.16675365796825717","4","0.0649363949023657"
"1","1192","1000","1","""HK""","0.01","false","""normal""","1","""constant""","0.1","""Scale-free""","2","0","1","""uniform""","""deterministic-normal""","10","-0.09999999999999998","0.6000000000000001","""normal""","0.10000000000000009","1","false","""/home/ramaswamy.51/Documents/github/Spirals/Media/data/cluster/endsim/BehaviorSearch/Step6_Trial""","true","0.30000000000000004","0.6000000000000001","10","-0.9","true","true","0.07929480540362598","4","0.0649363949023657"
"1","1196","1000","1","""HK""","0.03","false","""normal""","1","""constant""","0.1","""Scale-free""","2","0","1","""uniform""","""deterministic-normal""","10","0","0.7000000000000001","""normal""","0.20000000000000018","1","false","""/home/ramaswamy.51/Documents/github/Spirals/Media/data/cluster/endsim/BehaviorSearch/Step6_Trial""","true","0.1","0.30000000000000004","8","-0.7","true","true","0.09419459765165963","4","0.0649363949023657"
"1","1200","1000","1","""HK""","0.01","false","""normal""","1","""constant""","0.1","""Scale-free""","2","0","1","""uniform""","""deterministic-normal""","10","-0.09999999999999998","0.7000000000000001","""normal""","0.30000000000000004","0.9","false","""/home/ramaswamy.51/Documents/github/Spirals/Media/data/cluster/endsim/BehaviorSearch/Step6_Trial""","true","0.2","0.8","10","-0.8","true","true","0.09136331217626642","4","0.0649363949023657"
"1","1204","1000","1","""HK""","0.01","false","""normal""","1","""constant""","0.1","""Scale-free""","2","0","1","""uniform""","""deterministic-normal""","10","-0.09999999999999998","0.5","""normal""","0.20000000000000018","1","false","""/home/ramaswamy.51/Documents/github/Spirals/Media/data/cluster/endsim/BehaviorSearch/Step6_Trial""","true","0.2","0.7000000000000001","10","-0.9","true","true","0.08888399714904163","4","0.0649363949023657"
"1","1208","1000","1","""HK""","0.01","false","""normal""","1","""constant""","0.1","""Scale-free""","2","0","1","""uniform""","""deterministic-normal""","10","0","0.7000000000000001","""normal""","-0.09999999999999998","0.9","false","""/home/ramaswamy.51/Documents/github/Spirals/Media/data/cluster/endsim/BehaviorSearch/Step6_Trial""","true","0.2","0.4","9","-0.09999999999999998","true","true","0.10067052820393445","4","0.0649363949023657"
"1","1212","1000","1","""HK""","0.01","false","""normal""","1","""constant""","0.1","""Scale-free""","2","0","1","""uniform""","""deterministic-normal""","15","0.10000000000000009","0.7000000000000001","""normal""","0.20000000000000018","1","false","""/home/ramaswamy.51/Documents/github/Spirals/Media/data/cluster/endsim/BehaviorSearch/Step6_Trial""","true","0.2","0.4","9","-0.7","true","true","0.07914938314579738","4","0.0649363949023657"
"1","1216","1000","1","""HK""","0.05","false","""normal""","1","""constant""","0","""Scale-free""","2","0","1","""uniform""","""deterministic-normal""","10","-0.19999999999999996","0.6000000000000001","""normal""","-0.09999999999999998","0.9","false","""/home/ramaswamy.51/Documents/github/Spirals/Media/data/cluster/endsim/BehaviorSearch/Step6_Trial""","true","0.1","0.4","8","-0.7","true","true","0.22084196282272256","4","0.0649363949023657"
"1","1220","1000","1","""HK""","0.01","false","""normal""","1","""constant""","0.1","""Scale-free""","2","0","1","""uniform""","""deterministic-normal""","10","-0.19999999999999996","0.6000000000000001","""normal""","0.10000000000000009","1","false","""/home/ramaswamy.51/Documents/github/Spirals/Media/data/cluster/endsim/BehaviorSearch/Step6_Trial""","true","0.30000000000000004","0.4","9","-0.7","true","true","0.08209890029924036","4","0.0649363949023657"
"1","1224","1000","1","""HK""","0.01","false","""normal""","1","""constant""","0.1","""Scale-free""","2","0","1","""uniform""","""deterministic-normal""","10","-0.09999999999999998","0.6000000000000001","""normal""","0.10000000000000009","1","false","""/home/ramaswamy.51/Documents/github/Spirals/Media/data/cluster/endsim/BehaviorSearch/Step6_Trial""","true","0.30000000000000004","0.4","10","-0.7","true","true","0.08263675855824314","4","0.0649363949023657"
"1","1228","1000","1","""HK""","0.01","false","""normal""","1","""constant""","0","""Scale-free""","2","0","1","""uniform""","""deterministic-normal""","10","-0.19999999999999996","0.7000000000000001","""normal""","0.30000000000000004","1","false","""/home/ramaswamy.51/Documents/github/Spirals/Media/data/cluster/endsim/BehaviorSearch/Step6_Trial""","true","0","0.7000000000000001","8","-0.7","true","true","0.19224503325754586","4","0.0649363949023657"
"1","1232","1000","1","""HK""","0.01","false","""normal""","1","""constant""","0.1","""Scale-free""","2","0","1","""uniform""","""deterministic-normal""","15","0.10000000000000009","0.7000000000000001","""normal""","0.20000000000000018","1","false","""/home/ramaswamy.51/Documents/github/Spirals/Media/data/cluster/endsim/BehaviorSearch/Step6_Trial""","true","0.2","0.5","9","-0.7","true","true","0.09386853910358967","4","0.0649363949023657"
"1","1236","1000","1","""HK""","0.03","false","""normal""","1","""constant""","0.1","""Scale-free""","2","0","1","""uniform""","""deterministic-normal""","0","-0.09999999999999998","0.6000000000000001","""normal""","0.10000000000000009","1","false","""/home/ramaswamy.51/Documents/github/Spirals/Media/data/cluster/endsim/BehaviorSearch/Step6_Trial""","true","0.30000000000000004","0.4","10","-0.8","true","true","0.09304815413382106","4","0.0649363949023657"
"1","1240","1000","1","""HK""","0.01","false","""normal""","1","""constant""","0.1","""Scale-free""","2","0","1","""uniform""","""deterministic-normal""","10","0.10000000000000009","0.7000000000000001","""normal""","0","0.9","false","""/home/ramaswamy.51/Documents/github/Spirals/Media/data/cluster/endsim/BehaviorSearch/Step6_Trial""","true","0.2","0.5","9","-1","true","true","0.09185450552407641","4","0.0649363949023657"
"1","1244","1000","1","""HK""","0.01","false","""normal""","1","""constant""","0.1","""Scale-free""","2","0","1","""uniform""","""deterministic-normal""","10","-0.19999999999999996","0.7000000000000001","""normal""","0.20000000000000018","1","false","""/home/ramaswamy.51/Documents/github/Spirals/Media/data/cluster/endsim/BehaviorSearch/Step6_Trial""","true","0.1","0.4","8","-0.7","true","true","0.09476080956362512","4","0.0649363949023657"
"1","1248","1000","1","""HK""","0.01","false","""normal""","1","""constant""","0.1","""Scale-free""","2","0","1","""uniform""","""deterministic-normal""","15","-0.19999999999999996","0.7000000000000001","""normal""","0.20000000000000018","1","false","""/home/ramaswamy.51/Documents/github/Spirals/Media/data/cluster/endsim/BehaviorSearch/Step6_Trial""","true","0.30000000000000004","0.4","9","-0.7","true","true","0.07690580046450829","4","0.0649363949023657"
"1","1252","1000","1","""HK""","0.01","false","""normal""","1","""constant""","0.1","""Scale-free""","2","0","1","""uniform""","""deterministic-normal""","10","-0.19999999999999996","0.6000000000000001","""normal""","-0.09999999999999998","1","false","""/home/ramaswamy.51/Documents/github/Spirals/Media/data/cluster/endsim/BehaviorSearch/Step6_Trial""","true","0.2","0.8","8","-0.7","true","true","0.0728355477983634","4","0.0649363949023657"
"1","1256","1000","1","""HK""","0.01","false","""normal""","1","""constant""","0.1","""Scale-free""","2","0","1","""uniform""","""deterministic-normal""","10","0","0.5","""normal""","0.20000000000000018","0.9","false","""/home/ramaswamy.51/Documents/github/Spirals/Media/data/cluster/endsim/BehaviorSearch/Step6_Trial""","true","0.4","0.6000000000000001","9","-0.7","true","true","0.10064295550592467","4","0.0649363949023657"
"1","1260","1000","1","""HK""","0.01","false","""normal""","1","""constant""","0.1","""Scale-free""","2","0","1","""uniform""","""deterministic-normal""","5","-0.3999999999999999","0.5","""normal""","-0.09999999999999998","0.9","false","""/home/ramaswamy.51/Documents/github/Spirals/Media/data/cluster/endsim/BehaviorSearch/Step6_Trial""","true","0.2","0.4","9","-1","true","true","0.09111076257354259","4","0.0649363949023657"
"1","1264","1000","1","""HK""","0.01","false","""normal""","1","""constant""","0.1","""Scale-free""","2","0","1","""uniform""","""deterministic-normal""","10","0","0.7000000000000001","""normal""","0.20000000000000018","1","false","""/home/ramaswamy.51/Documents/github/Spirals/Media/data/cluster/endsim/BehaviorSearch/Step6_Trial""","true","0.30000000000000004","0.4","9","-0.8","true","true","0.0875706991813402","4","0.0649363949023657"
"1","1268","1000","1","""HK""","0.01","false","""normal""","1","""constant""","0.1","""Scale-free""","2","0","1","""uniform""","""deterministic-normal""","10","0","0.7000000000000001","""normal""","-0.09999999999999998","0.9","false","""/home/ramaswamy.51/Documents/github/Spirals/Media/data/cluster/endsim/BehaviorSearch/Step6_Trial""","true","0.30000000000000004","0.4","9","-1","true","true","0.09810763694805688","4","0.0649363949023657"
"1","1272","1000","1","""HK""","0.01","false","""normal""","1","""constant""","0.1","""Scale-free""","2","0","1","""uniform""","""deterministic-normal""","10","-0.19999999999999996","0.6000000000000001","""normal""","0.20000000000000018","1","false","""/home/ramaswamy.51/Documents/github/Spirals/Media/data/cluster/endsim/BehaviorSearch/Step6_Trial""","true","0","0.6000000000000001","9","-0.7","true","true","0.1043635785561112","4","0.0649363949023657"
"1","1276","1000","1","""HK""","0.01","false","""normal""","1","""constant""","0.1","""Scale-free""","2","0","1","""uniform""","""deterministic-normal""","10","-0.19999999999999996","0.7000000000000001","""normal""","0.30000000000000004","0.9","false","""/home/ramaswamy.51/Documents/github/Spirals/Media/data/cluster/endsim/BehaviorSearch/Step6_Trial""","true","0.1","0.4","8","-0.3999999999999999","true","true","0.11331242013996165","4","0.0649363949023657"
"1","1280","1000","1","""HK""","0.03","false","""normal""","1","""constant""","0.1","""Scale-free""","2","0","1","""uniform""","""deterministic-normal""","20","-0.19999999999999996","0.7000000000000001","""normal""","-0.09999999999999998","0.9","false","""/home/ramaswamy.51/Documents/github/Spirals/Media/data/cluster/endsim/BehaviorSearch/Step6_Trial""","true","0.2","0.4","9","-1","true","true","0.10035868611955626","4","0.0649363949023657"
"1","1284","1000","1","""HK""","0.01","false","""normal""","1","""constant""","0.1","""Scale-free""","2","0","1","""uniform""","""deterministic-normal""","10","-0.19999999999999996","0.6000000000000001","""normal""","0.10000000000000009","1","false","""/home/ramaswamy.51/Documents/github/Spirals/Media/data/cluster/endsim/BehaviorSearch/Step6_Trial""","true","0.30000000000000004","0.30000000000000004","9","-0.7","true","true","0.07649528532569663","4","0.0649363949023657"
"1","1288","1000","1","""HK""","0.01","false","""normal""","1","""constant""","0.1","""Scale-free""","2","0","1","""uniform""","""deterministic-normal""","10","-0.19999999999999996","0.5","""normal""","0.10000000000000009","1","false","""/home/ramaswamy.51/Documents/github/Spirals/Media/data/cluster/endsim/BehaviorSearch/Step6_Trial""","true","0.2","0.30000000000000004","9","-0.7","true","true","0.07810795324337708","4","0.0649363949023657"
"1","1292","1000","1","""HK""","0.01","false","""normal""","1","""constant""","0.2","""Scale-free""","2","0","1","""uniform""","""deterministic-normal""","5","-0.09999999999999998","0.5","""normal""","0.10000000000000009","1","false","""/home/ramaswamy.51/Documents/github/Spirals/Media/data/cluster/endsim/BehaviorSearch/Step6_Trial""","true","0.2","0.6000000000000001","8","-0.7","true","true","0.20364077311753614","4","0.0649363949023657"
"1","1296","1000","1","""HK""","0.01","false","""normal""","1","""constant""","0.1","""Scale-free""","2","0","1","""uniform""","""deterministic-normal""","10","-0.09999999999999998","0.7000000000000001","""normal""","-0.09999999999999998","1","false","""/home/ramaswamy.51/Documents/github/Spirals/Media/data/cluster/endsim/BehaviorSearch/Step6_Trial""","true","0.2","0.7000000000000001","10","-0.9","true","true","0.07837607304722242","4","0.0649363949023657"
"1","1300","1000","1","""HK""","0.01","false","""normal""","1","""constant""","0.2","""Scale-free""","1","0","1","""uniform""","""deterministic-normal""","10","-0.09999999999999998","0.7000000000000001","""normal""","0.10000000000000009","1","false","""/home/ramaswamy.51/Documents/github/Spirals/Media/data/cluster/endsim/BehaviorSearch/Step6_Trial""","true","0.30000000000000004","0.6000000000000001","10","-0.9","true","true","0.17705206903715404","4","0.0649363949023657"
"1","1304","1000","1","""HK""","0.01","false","""normal""","1","""constant""","0.1","""Scale-free""","2","0","1","""uniform""","""deterministic-normal""","10","0.20000000000000018","0.7000000000000001","""normal""","-0.09999999999999998","0.9","false","""/home/ramaswamy.51/Documents/github/Spirals/Media/data/cluster/endsim/BehaviorSearch/Step6_Trial""","true","0.2","0.7000000000000001","8","-0.7","true","true","0.08200771856516638","4","0.0649363949023657"
"1","1308","1000","1","""HK""","0.01","false","""normal""","1","""constant""","0.1","""Scale-free""","2","0","1","""uniform""","""deterministic-normal""","10","-0.19999999999999996","0.6000000000000001","""normal""","0.10000000000000009","1","false","""/home/ramaswamy.51/Documents/github/Spirals/Media/data/cluster/endsim/BehaviorSearch/Step6_Trial""","true","0.30000000000000004","0.5","9","-0.7","true","true","0.08040863539769717","4","0.0649363949023657"
"1","1312","1000","1","""HK""","0.01","false","""normal""","1","""constant""","0.1","""Scale-free""","2","0","1","""uniform""","""deterministic-normal""","10","0.30000000000000004","0.6000000000000001","""normal""","0.10000000000000009","1","false","""/home/ramaswamy.51/Documents/github/Spirals/Media/data/cluster/endsim/BehaviorSearch/Step6_Trial""","true","0.30000000000000004","0.5","9","-0.7","true","true","0.0882084041096679","4","0.0649363949023657"
"1","1316","1000","1","""HK""","0.060000000000000005","false","""normal""","1","""constant""","0.1","""Scale-free""","2","0","1","""uniform""","""deterministic-normal""","10","-0.19999999999999996","0.6000000000000001","""normal""","0.10000000000000009","1","false","""/home/ramaswamy.51/Documents/github/Spirals/Media/data/cluster/endsim/BehaviorSearch/Step6_Trial""","true","0.2","0.8","8","-0.7","true","true","0.11369914928056235","4","0.0649363949023657"
"1","1320","1000","1","""HK""","0.01","false","""normal""","1","""constant""","0.1","""Scale-free""","2","0","1","""uniform""","""deterministic-normal""","15","-0.19999999999999996","0.8","""normal""","0.30000000000000004","1","false","""/home/ramaswamy.51/Documents/github/Spirals/Media/data/cluster/endsim/BehaviorSearch/Step6_Trial""","true","0.30000000000000004","0.4","10","-0.7","true","true","0.08695206113369314","4","0.0649363949023657"
"1","1324","1000","1","""HK""","0.01","false","""normal""","1","""constant""","0.1","""Scale-free""","2","0","1","""uniform""","""deterministic-normal""","10","0","0.7000000000000001","""normal""","-0.09999999999999998","0.9","false","""/home/ramaswamy.51/Documents/github/Spirals/Media/data/cluster/endsim/BehaviorSearch/Step6_Trial""","true","0.2","0.4","9","-0.8","true","true","0.08339463937354788","4","0.0649363949023657"
"1","1328","1000","1","""HK""","0.01","false","""normal""","1","""constant""","0.1","""Scale-free""","2","0","1","""uniform""","""deterministic-normal""","10","-0.19999999999999996","0.5","""normal""","0.10000000000000009","1","false","""/home/ramaswamy.51/Documents/github/Spirals/Media/data/cluster/endsim/BehaviorSearch/Step6_Trial""","true","0.2","0.2","9","-0.7","true","true","0.07903819015843287","4","0.0649363949023657"
"1","1332","1000","1","""HK""","0.01","false","""normal""","1","""constant""","0.1","""Scale-free""","1","0","1","""uniform""","""deterministic-normal""","5","-0.19999999999999996","0.6000000000000001","""normal""","-0.09999999999999998","1","false","""/home/ramaswamy.51/Documents/github/Spirals/Media/data/cluster/endsim/BehaviorSearch/Step6_Trial""","true","0.2","0.30000000000000004","9","-0.6","true","true","0.09813530090805182","4","0.0649363949023657"
"1","1336","1000","1","""HK""","0.01","false","""normal""","1","""constant""","0.1","""Scale-free""","2","0","1","""uniform""","""deterministic-normal""","10","-0.19999999999999996","0.6000000000000001","""normal""","0.10000000000000009","1","false","""/home/ramaswamy.51/Documents/github/Spirals/Media/data/cluster/endsim/BehaviorSearch/Step6_Trial""","true","0.30000000000000004","0.30000000000000004","9","-0.9","true","true","0.08995040590977782","4","0.0649363949023657"
"1","1340","1000","1","""HK""","0.06999999999999999","false","""normal""","1","""constant""","0.1","""Scale-free""","2","0","1","""uniform""","""deterministic-normal""","10","-0.3999999999999999","0.5","""normal""","0.10000000000000009","1","false","""/home/ramaswamy.51/Documents/github/Spirals/Media/data/cluster/endsim/BehaviorSearch/Step6_Trial""","true","0.2","0.30000000000000004","9","-1","true","true","0.1520796129256594","4","0.0649363949023657"
"1","1344","1000","1","""HK""","0.01","false","""normal""","1","""constant""","0.1","""Scale-free""","2","0","1","""uniform""","""deterministic-normal""","10","-0.19999999999999996","0.5","""normal""","0.10000000000000009","0.9","false","""/home/ramaswamy.51/Documents/github/Spirals/Media/data/cluster/endsim/BehaviorSearch/Step6_Trial""","true","0.2","0.2","9","-1","true","true","0.08062259004142336","4","0.0649363949023657"
"1","1348","1000","1","""HK""","0.03","false","""normal""","1","""constant""","0.1","""Scale-free""","2","0","1","""uniform""","""deterministic-normal""","10","-0.5","0.7000000000000001","""normal""","-0.09999999999999998","0.7000000000000001","false","""/home/ramaswamy.51/Documents/github/Spirals/Media/data/cluster/endsim/BehaviorSearch/Step6_Trial""","true","0.2","0.5","9","-1","true","true","0.12411590742485998","4","0.0649363949023657"
"1","1352","1000","1","""HK""","0.01","false","""normal""","1","""constant""","0.1","""Scale-free""","2","0","1","""uniform""","""deterministic-normal""","15","-0.19999999999999996","0.6000000000000001","""normal""","0.10000000000000009","1","false","""/home/ramaswamy.51/Documents/github/Spirals/Media/data/cluster/endsim/BehaviorSearch/Step6_Trial""","true","0.30000000000000004","0.2","9","-0.6","true","true","0.0900960185427025","4","0.0649363949023657"
"1","1356","1000","1","""HK""","0.01","false","""normal""","1","""constant""","0.1","""Scale-free""","2","0","1","""uniform""","""deterministic-normal""","10","-0.19999999999999996","0.7000000000000001","""normal""","-0.3999999999999999","1","false","""/home/ramaswamy.51/Documents/github/Spirals/Media/data/cluster/endsim/BehaviorSearch/Step6_Trial""","true","0.2","0.8","7","-0.7","true","true","0.09162904256294839","4","0.0649363949023657"
"1","1360","1000","1","""HK""","0.03","false","""normal""","1","""constant""","0.1","""Scale-free""","3","0","1","""uniform""","""deterministic-normal""","15","0.20000000000000018","0.7000000000000001","""normal""","-0.09999999999999998","0.8","false","""/home/ramaswamy.51/Documents/github/Spirals/Media/data/cluster/endsim/BehaviorSearch/Step6_Trial""","true","0.2","0.30000000000000004","9","-1","true","true","0.13018404254301885","4","0.0649363949023657"
"1","1364","1000","1","""HK""","0.01","false","""normal""","1","""constant""","0.1","""Scale-free""","2","0","1","""uniform""","""deterministic-normal""","10","-0.19999999999999996","0.6000000000000001","""normal""","-0.5","1","false","""/home/ramaswamy.51/Documents/github/Spirals/Media/data/cluster/endsim/BehaviorSearch/Step6_Trial""","true","0.2","0.8","8","-0.7","true","true","0.09592881459759484","4","0.0649363949023657"
"1","1368","1000","1","""HK""","0.01","false","""normal""","1","""constant""","0.1","""Scale-free""","2","0","1","""uniform""","""deterministic-normal""","10","0","0.7000000000000001","""normal""","-0.09999999999999998","0.9","false","""/home/ramaswamy.51/Documents/github/Spirals/Media/data/cluster/endsim/BehaviorSearch/Step6_Trial""","true","0.30000000000000004","0.6000000000000001","9","-0.9","true","true","0.08547602091206383","4","0.0649363949023657"
"1","1372","1000","1","""HK""","0.01","false","""normal""","1","""constant""","0.1","""Scale-free""","2","0","1","""uniform""","""deterministic-normal""","10","-0.09999999999999998","0.5","""normal""","0.20000000000000018","1","false","""/home/ramaswamy.51/Documents/github/Spirals/Media/data/cluster/endsim/BehaviorSearch/Step6_Trial""","true","0.2","0.7000000000000001","9","-0.5","true","true","0.0955376643891626","4","0.0649363949023657"
"1","1376","1000","1","""HK""","0.01","false","""normal""","1","""constant""","0.1","""Scale-free""","2","0","1","""uniform""","""deterministic-normal""","10","0","0.7000000000000001","""normal""","0.5","1","false","""/home/ramaswamy.51/Documents/github/Spirals/Media/data/cluster/endsim/BehaviorSearch/Step6_Trial""","true","0.2","0.4","9","-0.7","true","true","0.10067721030199499","4","0.0649363949023657"
"1","1380","1000","1","""HK""","0.01","false","""normal""","1","""constant""","0.1","""Scale-free""","2","0","1","""uniform""","""deterministic-normal""","10","-0.19999999999999996","0.7000000000000001","""normal""","-0.09999999999999998","1","false","""/home/ramaswamy.51/Documents/github/Spirals/Media/data/cluster/endsim/BehaviorSearch/Step6_Trial""","true","0.2","0.7000000000000001","10","-0.9","true","true","0.08578301332376845","4","0.0649363949023657"
"1","1384","1000","1","""HK""","0.01","false","""normal""","1","""constant""","0.1","""Scale-free""","2","0","1","""uniform""","""deterministic-normal""","10","-0.19999999999999996","0.6000000000000001","""normal""","0.20000000000000018","1","false","""/home/ramaswamy.51/Documents/github/Spirals/Media/data/cluster/endsim/BehaviorSearch/Step6_Trial""","true","0.2","0.8","8","-0.7","true","true","0.08346374493976261","4","0.0649363949023657"
"1","1388","1000","1","""HK""","0.01","false","""normal""","1","""constant""","0.1","""Scale-free""","2","0","1","""uniform""","""deterministic-normal""","10","-0.09999999999999998","0.6000000000000001","""normal""","0.20000000000000018","1","false","""/home/ramaswamy.51/Documents/github/Spirals/Media/data/cluster/endsim/BehaviorSearch/Step6_Trial""","true","0.2","0.8","9","-0.5","true","true","0.09442552922117849","4","0.0649363949023657"
"1","1392","1000","1","""HK""","0.01","false","""normal""","1","""constant""","0.1","""Scale-free""","2","0","1","""uniform""","""deterministic-normal""","15","0.40000000000000013","0.7000000000000001","""normal""","-0.19999999999999996","0.9","false","""/home/ramaswamy.51/Documents/github/Spirals/Media/data/cluster/endsim/BehaviorSearch/Step6_Trial""","true","0.2","0.4","8","-1","true","true","0.08839460464502927","4","0.0649363949023657"
"1","1396","1000","1","""HK""","0.04","false","""normal""","1","""constant""","0.1","""Scale-free""","2","0","1","""uniform""","""deterministic-normal""","15","-0.09999999999999998","0.7000000000000001","""normal""","0.20000000000000018","1","false","""/home/ramaswamy.51/Documents/github/Spirals/Media/data/cluster/endsim/BehaviorSearch/Step6_Trial""","true","0.2","0.7000000000000001","9","-0.7","true","true","0.09320077254688702","4","0.0649363949023657"
"1","1400","1000","1","""HK""","0.01","false","""normal""","1","""constant""","0.1","""Scale-free""","2","0","1","""uniform""","""deterministic-normal""","10","-0.09999999999999998","0.5","""normal""","0.10000000000000009","1","false","""/home/ramaswamy.51/Documents/github/Spirals/Media/data/cluster/endsim/BehaviorSearch/Step6_Trial""","true","0.30000000000000004","0.7000000000000001","10","-0.7","true","true","0.08417937734562497","4","0.0649363949023657"
"1","1404","1000","1","""HK""","0.01","false","""normal""","1","""constant""","0.1","""Scale-free""","2","0","1","""uniform""","""deterministic-normal""","10","0","0.6000000000000001","""normal""","-0.09999999999999998","0.9","false","""/home/ramaswamy.51/Documents/github/Spirals/Media/data/cluster/endsim/BehaviorSearch/Step6_Trial""","true","0.2","0.4","9","-1","true","true","0.08797205876725737","4","0.0649363949023657"
"1","1408","1000","1","""HK""","0.01","false","""normal""","1","""constant""","0.1","""Scale-free""","2","0","1","""uniform""","""deterministic-normal""","10","-0.19999999999999996","0.6000000000000001","""normal""","0.10000000000000009","1","false","""/home/ramaswamy.51/Documents/github/Spirals/Media/data/cluster/endsim/BehaviorSearch/Step6_Trial""","true","0.2","0.9","10","-0.6","true","true","0.07902399345845837","4","0.0649363949023657"
"1","1412","1000","1","""HK""","0.01","false","""normal""","1","""constant""","0.1","""Scale-free""","2","0","1","""uniform""","""deterministic-normal""","15","0","0.7000000000000001","""normal""","-0.09999999999999998","0.9","false","""/home/ramaswamy.51/Documents/github/Spirals/Media/data/cluster/endsim/BehaviorSearch/Step6_Trial""","true","0.2","0.4","9","-1","true","true","0.08051176500317708","4","0.0649363949023657"
"1","1416","1000","1","""HK""","0.01","false","""normal""","1","""constant""","0.1","""Scale-free""","2","0","1","""uniform""","""deterministic-normal""","10","0","0.7000000000000001","""normal""","-0.09999999999999998","0.9","false","""/home/ramaswamy.51/Documents/github/Spirals/Media/data/cluster/endsim/BehaviorSearch/Step6_Trial""","true","0.2","0.6000000000000001","10","-1","true","true","0.08416605566711392","4","0.0649363949023657"
"1","1420","1000","1","""HK""","0.04","false","""normal""","1","""constant""","0.1","""Scale-free""","2","0","1","""uniform""","""deterministic-normal""","15","-0.19999999999999996","0.7000000000000001","""normal""","0.20000000000000018","0.9","false","""/home/ramaswamy.51/Documents/github/Spirals/Media/data/cluster/endsim/BehaviorSearch/Step6_Trial""","true","0.30000000000000004","0.2","9","-0.7","true","true","0.1103785892557353","4","0.0649363949023657"
"1","1424","1000","1","""HK""","0.01","false","""normal""","1","""constant""","0.1","""Scale-free""","2","0","1","""uniform""","""deterministic-normal""","15","-0.19999999999999996","0.6000000000000001","""normal""","0.10000000000000009","0.9","false","""/home/ramaswamy.51/Documents/github/Spirals/Media/data/cluster/endsim/BehaviorSearch/Step6_Trial""","true","0.30000000000000004","0.5","9","-0.7","true","true","0.08013887016858513","4","0.0649363949023657"
"1","1428","1000","1","""HK""","0.01","false","""normal""","1","""constant""","0.1","""Scale-free""","2","0","1","""uniform""","""deterministic-normal""","15","-0.29999999999999993","0.5","""normal""","0.20000000000000018","1","false","""/home/ramaswamy.51/Documents/github/Spirals/Media/data/cluster/endsim/BehaviorSearch/Step6_Trial""","true","0.30000000000000004","0.7000000000000001","9","-0.7","true","true","0.08292914702291727","4","0.0649363949023657"
"1","1432","1000","1","""HK""","0.01","false","""normal""","1","""constant""","0.1","""Scale-free""","2","0","1","""uniform""","""deterministic-normal""","5","-0.3999999999999999","0.6000000000000001","""normal""","0.10000000000000009","1","false","""/home/ramaswamy.51/Documents/github/Spirals/Media/data/cluster/endsim/BehaviorSearch/Step6_Trial""","true","0.30000000000000004","0.30000000000000004","9","-0.7","true","true","0.0809643008973778","4","0.0649363949023657"
"1","1436","1000","1","""HK""","0.01","false","""normal""","1","""constant""","0","""Scale-free""","2","0","1","""uniform""","""deterministic-normal""","10","-0.19999999999999996","0.6000000000000001","""normal""","-0.09999999999999998","1","false","""/home/ramaswamy.51/Documents/github/Spirals/Media/data/cluster/endsim/BehaviorSearch/Step6_Trial""","true","0.2","0.8","7","-0.7","true","true","0.17047786141928312","4","0.0649363949023657"
"1","1440","1000","1","""HK""","0.01","false","""normal""","1","""constant""","0.1","""Scale-free""","3","0","1","""uniform""","""deterministic-normal""","10","0.40000000000000013","0.7000000000000001","""normal""","0.20000000000000018","1","false","""/home/ramaswamy.51/Documents/github/Spirals/Media/data/cluster/endsim/BehaviorSearch/Step6_Trial""","true","0.2","0.7000000000000001","8","-0.8","true","true","0.09685861904388295","4","0.0649363949023657"
"1","1444","1000","1","""HK""","0.01","false","""normal""","1","""constant""","0.1","""Scale-free""","2","0","1","""uniform""","""deterministic-normal""","10","0.20000000000000018","0.5","""normal""","0.20000000000000018","0.9","false","""/home/ramaswamy.51/Documents/github/Spirals/Media/data/cluster/endsim/BehaviorSearch/Step6_Trial""","true","0.2","0.5","9","-1","true","true","0.09804156011389191","4","0.0649363949023657"
"1","1448","1000","1","""HK""","0.01","false","""normal""","1","""constant""","0.1","""Scale-free""","2","0","1","""uniform""","""deterministic-normal""","0","-0.19999999999999996","0.4","""normal""","0.20000000000000018","1","false","""/home/ramaswamy.51/Documents/github/Spirals/Media/data/cluster/endsim/BehaviorSearch/Step6_Trial""","true","0.2","0.9","10","-0.6","true","true","0.10215552582663065","4","0.0649363949023657"
"1","1452","1000","1","""HK""","0.01","false","""normal""","1","""constant""","0.1","""Scale-free""","2","0","1","""uniform""","""deterministic-normal""","10","0","0.7000000000000001","""normal""","0.10000000000000009","1","false","""/home/ramaswamy.51/Documents/github/Spirals/Media/data/cluster/endsim/BehaviorSearch/Step6_Trial""","true","0.30000000000000004","0.2","8","-0.7","true","true","0.08828092484614514","4","0.0649363949023657"
"1","1456","1000","1","""HK""","0.01","false","""normal""","1","""constant""","0.1","""Scale-free""","2","0","1","""uniform""","""deterministic-normal""","10","-0.29999999999999993","0.7000000000000001","""normal""","0.30000000000000004","1","false","""/home/ramaswamy.51/Documents/github/Spirals/Media/data/cluster/endsim/BehaviorSearch/Step6_Trial""","true","0.30000000000000004","0.30000000000000004","10","-0.7","true","true","0.08317904064138246","4","0.0649363949023657"
"1","1460","1000","1","""HK""","0.01","false","""normal""","1","""constant""","0.2","""Scale-free""","2","0","1","""uniform""","""deterministic-normal""","10","-0.19999999999999996","0.6000000000000001","""normal""","0.10000000000000009","1","false","""/home/ramaswamy.51/Documents/github/Spirals/Media/data/cluster/endsim/BehaviorSearch/Step6_Trial""","true","0.2","0.8","10","-0.7","true","true","0.19126844661304712","4","0.0649363949023657"
"1","1464","1000","1","""HK""","0.01","false","""normal""","1","""constant""","0.1","""Scale-free""","2","0","1","""uniform""","""deterministic-normal""","10","0","0.7000000000000001","""normal""","-0.09999999999999998","1","false","""/home/ramaswamy.51/Documents/github/Spirals/Media/data/cluster/endsim/BehaviorSearch/Step6_Trial""","true","0.2","0.4","9","-1","true","true","0.08040171535723067","4","0.0649363949023657"
"1","1468","1000","1","""HK""","0.01","false","""normal""","1","""constant""","0.2","""Scale-free""","2","0","1","""uniform""","""deterministic-normal""","10","-0.09999999999999998","0.7000000000000001","""normal""","-0.09999999999999998","1","false","""/home/ramaswamy.51/Documents/github/Spirals/Media/data/cluster/endsim/BehaviorSearch/Step6_Trial""","true","0.2","0.6000000000000001","10","-0.9","true","true","0.21720480170287995","4","0.0649363949023657"
"1","1472","1000","1","""HK""","0.01","false","""normal""","1","""constant""","0.1","""Scale-free""","2","0","1","""uniform""","""deterministic-normal""","15","-0.19999999999999996","0.7000000000000001","""normal""","-0.09999999999999998","1","false","""/home/ramaswamy.51/Documents/github/Spirals/Media/data/cluster/endsim/BehaviorSearch/Step6_Trial""","true","0.30000000000000004","0.4","9","-0.7","true","true","0.08159582442592804","4","0.0649363949023657"
"1","1476","1000","1","""HK""","0.01","false","""normal""","1","""constant""","0.1","""Scale-free""","2","0","1","""uniform""","""deterministic-normal""","10","-0.19999999999999996","0.5","""normal""","-0.09999999999999998","1","false","""/home/ramaswamy.51/Documents/github/Spirals/Media/data/cluster/endsim/BehaviorSearch/Step6_Trial""","true","0.2","0.8","9","-1","true","true","0.08460498664960489","4","0.0649363949023657"
"1","1480","1000","1","""HK""","0.01","false","""normal""","1","""constant""","0.1","""Scale-free""","2","0","1","""uniform""","""deterministic-normal""","15","0.10000000000000009","0.7000000000000001","""normal""","0.5","1","false","""/home/ramaswamy.51/Documents/github/Spirals/Media/data/cluster/endsim/BehaviorSearch/Step6_Trial""","true","0.2","0.4","9","-0.7","true","true","0.10790779798940117","4","0.0649363949023657"
"1","1484","1000","1","""HK""","0.01","false","""normal""","1","""constant""","0.1","""Scale-free""","2","0","1","""uniform""","""deterministic-normal""","10","-0.19999999999999996","0.5","""normal""","0.10000000000000009","1","false","""/home/ramaswamy.51/Documents/github/Spirals/Media/data/cluster/endsim/BehaviorSearch/Step6_Trial""","true","0.30000000000000004","0.2","8","-0.7","true","true","0.07937247976680037","4","0.0649363949023657"
"1","1488","1000","1","""HK""","0.01","false","""normal""","1","""constant""","0.1","""Scale-free""","2","0","1","""uniform""","""deterministic-normal""","10","-0.09999999999999998","0.5","""normal""","0.20000000000000018","1","false","""/home/ramaswamy.51/Documents/github/Spirals/Media/data/cluster/endsim/BehaviorSearch/Step6_Trial""","true","0.2","0.7000000000000001","9","-0.9","true","true","0.0864053353489486","4","0.0649363949023657"
"1","1492","1000","1","""HK""","0.01","false","""normal""","1","""constant""","0.2","""Scale-free""","2","0","1","""uniform""","""deterministic-normal""","15","-0.19999999999999996","0.7000000000000001","""normal""","-0.09999999999999998","0.9","false","""/home/ramaswamy.51/Documents/github/Spirals/Media/data/cluster/endsim/BehaviorSearch/Step6_Trial""","true","0.2","0.4","9","-1","true","true","0.21565397153213967","4","0.0649363949023657"
"1","1496","1000","1","""HK""","0.01","false","""normal""","1","""constant""","0.2","""Scale-free""","2","0","1","""uniform""","""deterministic-normal""","10","-0.19999999999999996","0.6000000000000001","""normal""","-0.09999999999999998","1","false","""/home/ramaswamy.51/Documents/github/Spirals/Media/data/cluster/endsim/BehaviorSearch/Step6_Trial""","true","0.2","0.4","9","-1","true","true","0.21871888473703685","4","0.0649363949023657"
"1","1500","1000","1","""HK""","0.01","false","""normal""","1","""constant""","0.1","""Scale-free""","2","0","1","""uniform""","""deterministic-normal""","10","0","0.7000000000000001","""normal""","-0.09999999999999998","0.9","false","""/home/ramaswamy.51/Documents/github/Spirals/Media/data/cluster/endsim/BehaviorSearch/Step6_Trial""","true","0.2","0.5","9","-1","true","true","0.07249901973930253","4","0.0649363949023657"
