"search-number","evaluation","number_of_agents*","number_of_opinion_dimensions*","model*","boundary_mean*","set-seed?*","boundary_distribution*","conformity_mean*","conformity_distribution*","boundary_std*","network_type*","scale_free_degree*","scale_free_selection-mu*","scale_free_selection-sigma*","scale_free_selection-distribution*","media_house_distribution*","number_of_media_houses*","media_house_distribution_normal_mean*","media_house_distribution_normal_std*","opinion_distribution*","opinion_mean*","opinion_std*","save_end_sim_data*","endsimdirectory*","use_media_influence_factor?*","media_influence_factor*","silence_alpha*","silence_tau*","silence_delta0*","classify_proponents_by_boundary?*","use_silence?*","fitness","num-replicates","best-fitness-so-far"
"1","2","1000","1","""HK""","0.28","false","""normal""","1","""constant""","0.1","""Scale-free""","2","0","1","""uniform""","""deterministic-normal""","15","0.10000000000000009","0.30000000000000004","""normal""","-0.9","0.2","false","""/home/ramaswamy.51/Documents/github/Spirals/Media/data/cluster/endsim/BehaviorSearch/Step6_Trial""","true","0.7000000000000001","0.4","10","-0.7","true","true","0.440901664114014","2","0.440901664114014"
"1","4","1000","1","""HK""","0.25","false","""normal""","1","""constant""","0.1","""Scale-free""","1","0","1","""uniform""","""deterministic-normal""","25","1","0.2","""normal""","0","0.9","false","""/home/ramaswamy.51/Documents/github/Spirals/Media/data/cluster/endsim/BehaviorSearch/Step6_Trial""","true","0.7000000000000001","0.9","7","0.6000000000000001","true","true","0.2705737681736348","2","0.2705737681736348"
"1","6","1000","1","""HK""","0.26","false","""normal""","1","""constant""","0.30000000000000004","""Scale-free""","5","0","1","""uniform""","""deterministic-normal""","0","1","0.6000000000000001","""normal""","0.8","0","false","""/home/ramaswamy.51/Documents/github/Spirals/Media/data/cluster/endsim/BehaviorSearch/Step6_Trial""","true","1","0.8","6","0.40000000000000013","true","true","0.4106211996717618","2","0.2705737681736348"
"1","8","1000","1","""HK""","0.12","false","""normal""","1","""constant""","0","""Scale-free""","4","0","1","""uniform""","""deterministic-normal""","50","-0.5","0.6000000000000001","""normal""","0.40000000000000013","0.2","false","""/home/ramaswamy.51/Documents/github/Spirals/Media/data/cluster/endsim/BehaviorSearch/Step6_Trial""","true","0.2","0.7000000000000001","5","-0.3999999999999999","true","true","0.6345847085772671","2","0.2705737681736348"
"1","10","1000","1","""HK""","0.060000000000000005","false","""normal""","1","""constant""","0.2","""Scale-free""","3","0","1","""uniform""","""deterministic-normal""","40","0.5","0.1","""normal""","0.20000000000000018","0.6000000000000001","false","""/home/ramaswamy.51/Documents/github/Spirals/Media/data/cluster/endsim/BehaviorSearch/Step6_Trial""","true","0.4","0.9","0","-0.09999999999999998","true","true","0.18909848248664232","2","0.18909848248664232"
"1","12","1000","1","""HK""","0.2","false","""normal""","1","""constant""","0.30000000000000004","""Scale-free""","1","0","1","""uniform""","""deterministic-normal""","15","0.9000000000000001","0.6000000000000001","""normal""","-1","1","false","""/home/ramaswamy.51/Documents/github/Spirals/Media/data/cluster/endsim/BehaviorSearch/Step6_Trial""","true","0.7000000000000001","0.30000000000000004","3","0.20000000000000018","true","true","0.2281197941949176","2","0.18909848248664232"
"1","14","1000","1","""HK""","0.21000000000000002","false","""normal""","1","""constant""","0","""Scale-free""","5","0","1","""uniform""","""deterministic-normal""","15","-0.29999999999999993","0","""normal""","-1","0.6000000000000001","false","""/home/ramaswamy.51/Documents/github/Spirals/Media/data/cluster/endsim/BehaviorSearch/Step6_Trial""","true","0.9","0.2","4","-0.29999999999999993","true","true","0.6510135032730631","2","0.18909848248664232"
"1","16","1000","1","""HK""","0.09999999999999999","false","""normal""","1","""constant""","0.1","""Scale-free""","1","0","1","""uniform""","""deterministic-normal""","35","1","0.9","""normal""","0.40000000000000013","0.1","false","""/home/ramaswamy.51/Documents/github/Spirals/Media/data/cluster/endsim/BehaviorSearch/Step6_Trial""","true","0","0.30000000000000004","5","-0.3999999999999999","true","true","0.3908419951064689","2","0.18909848248664232"
"1","18","1000","1","""HK""","0.26","false","""normal""","1","""constant""","0.4","""Scale-free""","5","0","1","""uniform""","""deterministic-normal""","5","0.10000000000000009","0.6000000000000001","""normal""","0.8","0.2","false","""/home/ramaswamy.51/Documents/github/Spirals/Media/data/cluster/endsim/BehaviorSearch/Step6_Trial""","true","0","0.5","2","-0.29999999999999993","true","true","0.42925482634557677","2","0.18909848248664232"
"1","20","1000","1","""HK""","0.06999999999999999","false","""normal""","1","""constant""","0.4","""Scale-free""","3","0","1","""uniform""","""deterministic-normal""","45","-0.09999999999999998","0","""normal""","-0.3999999999999999","0.7000000000000001","false","""/home/ramaswamy.51/Documents/github/Spirals/Media/data/cluster/endsim/BehaviorSearch/Step6_Trial""","true","0.9","0.4","5","-0.29999999999999993","true","true","0.28335598367005493","2","0.18909848248664232"
"1","22","1000","1","""HK""","0.26","false","""normal""","1","""constant""","0.1","""Scale-free""","2","0","1","""uniform""","""deterministic-normal""","50","0","0.9","""normal""","0.5","0.30000000000000004","false","""/home/ramaswamy.51/Documents/github/Spirals/Media/data/cluster/endsim/BehaviorSearch/Step6_Trial""","true","0","0.7000000000000001","2","-0.19999999999999996","true","true","0.4453177837671446","2","0.18909848248664232"
"1","24","1000","1","""HK""","0.04","false","""normal""","1","""constant""","0","""Scale-free""","1","0","1","""uniform""","""deterministic-normal""","0","0.10000000000000009","0.30000000000000004","""normal""","-1","0.4","false","""/home/ramaswamy.51/Documents/github/Spirals/Media/data/cluster/endsim/BehaviorSearch/Step6_Trial""","true","0","0.8","9","-0.3999999999999999","true","true","0.5342586200407033","2","0.18909848248664232"
"1","26","1000","1","""HK""","0.12","false","""normal""","1","""constant""","0.5","""Scale-free""","2","0","1","""uniform""","""deterministic-normal""","30","0.10000000000000009","0.9","""normal""","-0.3999999999999999","0.1","false","""/home/ramaswamy.51/Documents/github/Spirals/Media/data/cluster/endsim/BehaviorSearch/Step6_Trial""","true","0","0","9","0.9000000000000001","true","true","0.39068103559878625","2","0.18909848248664232"
"1","28","1000","1","""HK""","0.14","false","""normal""","1","""constant""","0.4","""Scale-free""","1","0","1","""uniform""","""deterministic-normal""","45","0.8","0.1","""normal""","0.20000000000000018","0.4","false","""/home/ramaswamy.51/Documents/github/Spirals/Media/data/cluster/endsim/BehaviorSearch/Step6_Trial""","true","0","0.8","0","0.30000000000000004","true","true","0.35524742601186876","2","0.18909848248664232"
"1","30","1000","1","""HK""","0.16","false","""normal""","1","""constant""","0.2","""Scale-free""","3","0","1","""uniform""","""deterministic-normal""","40","-0.5","0","""normal""","-0.3999999999999999","0.30000000000000004","false","""/home/ramaswamy.51/Documents/github/Spirals/Media/data/cluster/endsim/BehaviorSearch/Step6_Trial""","true","0.7000000000000001","0.9","2","0.20000000000000018","true","true","0.38301826917312276","2","0.18909848248664232"
"1","32","1000","1","""HK""","0.28","false","""normal""","1","""constant""","0.5","""Scale-free""","4","0","1","""uniform""","""deterministic-normal""","35","-1","0.9","""normal""","-0.29999999999999993","0.6000000000000001","false","""/home/ramaswamy.51/Documents/github/Spirals/Media/data/cluster/endsim/BehaviorSearch/Step6_Trial""","true","1","1","4","-0.9","true","true","0.3679339085334219","2","0.18909848248664232"
"1","34","1000","1","""HK""","0.01","false","""normal""","1","""constant""","0.1","""Scale-free""","1","0","1","""uniform""","""deterministic-normal""","35","0.6000000000000001","0","""normal""","-0.29999999999999993","0.9","false","""/home/ramaswamy.51/Documents/github/Spirals/Media/data/cluster/endsim/BehaviorSearch/Step6_Trial""","true","0.2","1","9","0.8","true","true","0.1132416555271043","2","0.1132416555271043"
"1","36","1000","1","""HK""","0.16","false","""normal""","1","""constant""","0.2","""Scale-free""","1","0","1","""uniform""","""deterministic-normal""","30","0.10000000000000009","0.5","""normal""","-0.9","1","false","""/home/ramaswamy.51/Documents/github/Spirals/Media/data/cluster/endsim/BehaviorSearch/Step6_Trial""","true","0","0","4","-0.29999999999999993","true","true","0.2700071181337809","2","0.1132416555271043"
"1","38","1000","1","""HK""","0.21000000000000002","false","""normal""","1","""constant""","0.4","""Scale-free""","3","0","1","""uniform""","""deterministic-normal""","35","0.9000000000000001","0.9","""normal""","0.7000000000000002","0","false","""/home/ramaswamy.51/Documents/github/Spirals/Media/data/cluster/endsim/BehaviorSearch/Step6_Trial""","true","0.5","1","6","-0.3999999999999999","true","true","0.45793846315770914","2","0.1132416555271043"
"1","40","1000","1","""HK""","0.15000000000000002","false","""normal""","1","""constant""","0","""Scale-free""","2","0","1","""uniform""","""deterministic-normal""","30","-0.29999999999999993","0.5","""normal""","-0.7","1","false","""/home/ramaswamy.51/Documents/github/Spirals/Media/data/cluster/endsim/BehaviorSearch/Step6_Trial""","true","0.5","0.6000000000000001","3","0","true","true","0.444646390482547","2","0.1132416555271043"
"1","42","1000","1","""HK""","0.02","false","""normal""","1","""constant""","0.5","""Scale-free""","1","0","1","""uniform""","""deterministic-normal""","40","0.9000000000000001","0.30000000000000004","""normal""","-0.8","0.6000000000000001","false","""/home/ramaswamy.51/Documents/github/Spirals/Media/data/cluster/endsim/BehaviorSearch/Step6_Trial""","true","0.8","0.7000000000000001","0","-0.5","true","true","0.29077726706212526","2","0.1132416555271043"
"1","44","1000","1","""HK""","0.29000000000000004","false","""normal""","1","""constant""","0.1","""Scale-free""","5","0","1","""uniform""","""deterministic-normal""","35","-0.8","0.1","""normal""","-0.7","0.9","false","""/home/ramaswamy.51/Documents/github/Spirals/Media/data/cluster/endsim/BehaviorSearch/Step6_Trial""","true","0.8","0.1","3","-1","true","true","0.4243928848587396","2","0.1132416555271043"
"1","46","1000","1","""HK""","0.24000000000000002","false","""normal""","1","""constant""","0.1","""Scale-free""","3","0","1","""uniform""","""deterministic-normal""","0","0.6000000000000001","0.1","""normal""","-0.8","0.9","false","""/home/ramaswamy.51/Documents/github/Spirals/Media/data/cluster/endsim/BehaviorSearch/Step6_Trial""","true","0.7000000000000001","0.1","5","-0.09999999999999998","true","true","0.31693847879632786","2","0.1132416555271043"
"1","48","1000","1","""HK""","0.23","false","""normal""","1","""constant""","0.5","""Scale-free""","5","0","1","""uniform""","""deterministic-normal""","50","0.30000000000000004","1","""normal""","0","0.6000000000000001","false","""/home/ramaswamy.51/Documents/github/Spirals/Media/data/cluster/endsim/BehaviorSearch/Step6_Trial""","true","0.9","0.5","6","0.10000000000000009","true","true","0.3527141629467735","2","0.1132416555271043"
"1","50","1000","1","""HK""","0.25","false","""normal""","1","""constant""","0.1","""Scale-free""","1","0","1","""uniform""","""deterministic-normal""","0","1","0.4","""normal""","-0.29999999999999993","0","false","""/home/ramaswamy.51/Documents/github/Spirals/Media/data/cluster/endsim/BehaviorSearch/Step6_Trial""","true","0.4","0.4","5","0.10000000000000009","true","true","0.45967855937194657","2","0.1132416555271043"
"1","52","1000","1","""HK""","0.12","false","""normal""","1","""constant""","0.1","""Scale-free""","1","0","1","""uniform""","""deterministic-normal""","15","0.5","0.8","""normal""","-0.6","0.2","false","""/home/ramaswamy.51/Documents/github/Spirals/Media/data/cluster/endsim/BehaviorSearch/Step6_Trial""","true","0.5","1","10","-0.5","true","true","0.3421231114366553","2","0.1132416555271043"
"1","54","1000","1","""HK""","0.21000000000000002","false","""normal""","1","""constant""","0.2","""Scale-free""","3","0","1","""uniform""","""deterministic-normal""","10","0.40000000000000013","0.6000000000000001","""normal""","-0.8","0","false","""/home/ramaswamy.51/Documents/github/Spirals/Media/data/cluster/endsim/BehaviorSearch/Step6_Trial""","true","0.9","0.1","9","1","true","true","0.6244209956587164","2","0.1132416555271043"
"1","56","1000","1","""HK""","0.23","false","""normal""","1","""constant""","0.2","""Scale-free""","1","0","1","""uniform""","""deterministic-normal""","30","-0.8","0.6000000000000001","""normal""","-0.5","0.4","false","""/home/ramaswamy.51/Documents/github/Spirals/Media/data/cluster/endsim/BehaviorSearch/Step6_Trial""","true","0.4","0.5","8","0.20000000000000018","true","true","0.3534150201677392","2","0.1132416555271043"
"1","58","1000","1","""HK""","0.09","false","""normal""","1","""constant""","0.2","""Scale-free""","5","0","1","""uniform""","""deterministic-normal""","5","0.5","0.6000000000000001","""normal""","0","0.7000000000000001","false","""/home/ramaswamy.51/Documents/github/Spirals/Media/data/cluster/endsim/BehaviorSearch/Step6_Trial""","true","1","0.30000000000000004","3","-0.8","true","true","0.35570401506738125","2","0.1132416555271043"
"1","60","1000","1","""HK""","0.27","false","""normal""","1","""constant""","0.4","""Scale-free""","5","0","1","""uniform""","""deterministic-normal""","10","0.9000000000000001","0.2","""normal""","-0.8","0","false","""/home/ramaswamy.51/Documents/github/Spirals/Media/data/cluster/endsim/BehaviorSearch/Step6_Trial""","true","0.7000000000000001","0.30000000000000004","7","-0.19999999999999996","true","true","0.47621153115926934","2","0.1132416555271043"
"1","62","1000","1","""HK""","0.26","false","""normal""","1","""constant""","0","""Scale-free""","3","0","1","""uniform""","""deterministic-normal""","0","0.6000000000000001","0.1","""normal""","-0.8","0.9","false","""/home/ramaswamy.51/Documents/github/Spirals/Media/data/cluster/endsim/BehaviorSearch/Step6_Trial""","true","0.7000000000000001","0.1","5","-0.09999999999999998","true","true","0.6208163485820641","2","0.1132416555271043"
"1","64","1000","1","""HK""","0.03","false","""normal""","1","""constant""","0.2","""Scale-free""","3","0","1","""uniform""","""deterministic-normal""","40","0.5","0.1","""normal""","0.20000000000000018","0.6000000000000001","false","""/home/ramaswamy.51/Documents/github/Spirals/Media/data/cluster/endsim/BehaviorSearch/Step6_Trial""","true","0.2","0.9","0","-0.09999999999999998","true","true","0.18195375265004649","2","0.1132416555271043"
"1","66","1000","1","""HK""","0.02","false","""normal""","1","""constant""","0.5","""Scale-free""","5","0","1","""uniform""","""deterministic-normal""","50","0.30000000000000004","1","""normal""","0","0.7000000000000001","false","""/home/ramaswamy.51/Documents/github/Spirals/Media/data/cluster/endsim/BehaviorSearch/Step6_Trial""","true","0.9","0.5","7","0.10000000000000009","true","true","0.320966672938817","2","0.1132416555271043"
"1","68","1000","1","""HK""","0.04","false","""normal""","1","""constant""","0.5","""Scale-free""","1","0","1","""uniform""","""deterministic-normal""","40","0.9000000000000001","0.30000000000000004","""normal""","-0.8","0.8","false","""/home/ramaswamy.51/Documents/github/Spirals/Media/data/cluster/endsim/BehaviorSearch/Step6_Trial""","true","0.9","0.5","8","0.20000000000000018","true","true","0.2803916677574244","2","0.1132416555271043"
"1","70","1000","1","""HK""","0.22","false","""normal""","1","""constant""","0.30000000000000004","""Scale-free""","1","0","1","""uniform""","""deterministic-normal""","15","0.6000000000000001","0.6000000000000001","""normal""","-1","0.8","false","""/home/ramaswamy.51/Documents/github/Spirals/Media/data/cluster/endsim/BehaviorSearch/Step6_Trial""","true","0.7000000000000001","0.30000000000000004","3","0.20000000000000018","true","true","0.26158658852499816","2","0.1132416555271043"
"1","72","1000","1","""HK""","0.02","false","""normal""","1","""constant""","0.5","""Scale-free""","5","0","1","""uniform""","""deterministic-normal""","50","1","0.2","""normal""","0","0.9","false","""/home/ramaswamy.51/Documents/github/Spirals/Media/data/cluster/endsim/BehaviorSearch/Step6_Trial""","true","0.7000000000000001","0.9","7","0.6000000000000001","true","true","0.17333161312671114","2","0.1132416555271043"
"1","74","1000","1","""HK""","0.06999999999999999","false","""normal""","1","""constant""","0.30000000000000004","""Scale-free""","1","0","1","""uniform""","""deterministic-normal""","15","0.9000000000000001","0.4","""normal""","-1","1","false","""/home/ramaswamy.51/Documents/github/Spirals/Media/data/cluster/endsim/BehaviorSearch/Step6_Trial""","true","0.7000000000000001","0.30000000000000004","3","0.10000000000000009","true","true","0.22129049913909093","2","0.1132416555271043"
"1","76","1000","1","""HK""","0.02","false","""normal""","1","""constant""","0.2","""Scale-free""","3","0","1","""uniform""","""deterministic-normal""","40","0.5","0.1","""normal""","0.20000000000000018","0.6000000000000001","false","""/home/ramaswamy.51/Documents/github/Spirals/Media/data/cluster/endsim/BehaviorSearch/Step6_Trial""","true","0.7000000000000001","0.30000000000000004","3","0.20000000000000018","true","true","0.1894114572423169","2","0.1132416555271043"
"1","78","1000","1","""HK""","0.06999999999999999","false","""normal""","1","""constant""","0.1","""Scale-free""","1","0","1","""uniform""","""deterministic-normal""","15","0","0.8","""normal""","-0.6","0.2","false","""/home/ramaswamy.51/Documents/github/Spirals/Media/data/cluster/endsim/BehaviorSearch/Step6_Trial""","true","0.5","1","10","-0.5","true","true","0.3401948151693315","2","0.1132416555271043"
"1","80","1000","1","""HK""","0.01","false","""normal""","1","""constant""","0.1","""Scale-free""","1","0","1","""uniform""","""deterministic-normal""","35","0.6000000000000001","0","""normal""","-0.29999999999999993","0.8","false","""/home/ramaswamy.51/Documents/github/Spirals/Media/data/cluster/endsim/BehaviorSearch/Step6_Trial""","true","0.30000000000000004","1","9","0.8","true","true","0.12404315132574176","2","0.1132416555271043"
"1","82","1000","1","""HK""","0.02","false","""normal""","1","""constant""","0.4","""Scale-free""","1","0","1","""uniform""","""deterministic-normal""","40","0.9000000000000001","0.1","""normal""","-0.8","0.7000000000000001","false","""/home/ramaswamy.51/Documents/github/Spirals/Media/data/cluster/endsim/BehaviorSearch/Step6_Trial""","true","0.9","0.5","3","0.20000000000000018","true","true","0.29938334522367904","2","0.1132416555271043"
"1","84","1000","1","""HK""","0.06999999999999999","false","""normal""","1","""constant""","0.2","""Scale-free""","3","0","1","""uniform""","""deterministic-normal""","40","0.5","0.1","""normal""","0.20000000000000018","0.6000000000000001","false","""/home/ramaswamy.51/Documents/github/Spirals/Media/data/cluster/endsim/BehaviorSearch/Step6_Trial""","true","0.2","0.9","0","-0.6","true","true","0.19153154642006504","2","0.1132416555271043"
"1","86","1000","1","""HK""","0.01","false","""normal""","1","""constant""","0.1","""Scale-free""","3","0","1","""uniform""","""deterministic-normal""","35","0.7000000000000002","0.1","""normal""","0.20000000000000018","0.6000000000000001","false","""/home/ramaswamy.51/Documents/github/Spirals/Media/data/cluster/endsim/BehaviorSearch/Step6_Trial""","true","0.2","0.9","0","0","true","true","0.15985770615989617","2","0.1132416555271043"
"1","88","1000","1","""HK""","0.22","false","""normal""","1","""constant""","0.30000000000000004","""Scale-free""","1","0","1","""uniform""","""deterministic-normal""","15","0.9000000000000001","0.6000000000000001","""normal""","-1","0.7000000000000001","false","""/home/ramaswamy.51/Documents/github/Spirals/Media/data/cluster/endsim/BehaviorSearch/Step6_Trial""","true","0.30000000000000004","1","9","0.8","true","true","0.32476493622277364","2","0.1132416555271043"
"1","90","1000","1","""HK""","0.22","false","""normal""","1","""constant""","0.30000000000000004","""Scale-free""","1","0","1","""uniform""","""deterministic-normal""","15","0.6000000000000001","0.6000000000000001","""normal""","-1","0.8","false","""/home/ramaswamy.51/Documents/github/Spirals/Media/data/cluster/endsim/BehaviorSearch/Step6_Trial""","true","0.7000000000000001","1","9","0.8","true","true","0.26064910375814687","2","0.1132416555271043"
"1","92","1000","1","""HK""","0.01","false","""normal""","1","""constant""","0.1","""Scale-free""","3","0","1","""uniform""","""deterministic-normal""","45","-0.09999999999999998","0","""normal""","-0.3999999999999999","0.7000000000000001","false","""/home/ramaswamy.51/Documents/github/Spirals/Media/data/cluster/endsim/BehaviorSearch/Step6_Trial""","true","0.8","0.4","5","-0.3999999999999999","true","true","0.20326670294910198","2","0.1132416555271043"
"1","94","1000","1","""HK""","0.06999999999999999","false","""normal""","1","""constant""","0.1","""Scale-free""","2","0","1","""uniform""","""deterministic-normal""","35","0.6000000000000001","0","""normal""","-0.29999999999999993","0.8","false","""/home/ramaswamy.51/Documents/github/Spirals/Media/data/cluster/endsim/BehaviorSearch/Step6_Trial""","true","0.30000000000000004","1","9","0.7000000000000002","true","true","0.12004449970488325","2","0.1132416555271043"
"1","96","1000","1","""HK""","0.060000000000000005","false","""normal""","1","""constant""","0.2","""Scale-free""","4","0","1","""uniform""","""deterministic-normal""","40","0.40000000000000013","0.1","""normal""","-0.09999999999999998","0.8","false","""/home/ramaswamy.51/Documents/github/Spirals/Media/data/cluster/endsim/BehaviorSearch/Step6_Trial""","true","0.30000000000000004","1","8","0.7000000000000002","true","true","0.18171335902442526","2","0.1132416555271043"
"1","98","1000","1","""HK""","0.01","false","""normal""","1","""constant""","0","""Scale-free""","3","0","1","""uniform""","""deterministic-normal""","40","0.5","0.1","""normal""","0.20000000000000018","0.6000000000000001","false","""/home/ramaswamy.51/Documents/github/Spirals/Media/data/cluster/endsim/BehaviorSearch/Step6_Trial""","true","0.2","0.9","0","-0.6","true","true","0.15601290879336652","2","0.1132416555271043"
"1","100","1000","1","""HK""","0.01","false","""normal""","1","""constant""","0.2","""Scale-free""","3","0","1","""uniform""","""deterministic-normal""","35","0.6000000000000001","0","""normal""","-0.29999999999999993","0.9","false","""/home/ramaswamy.51/Documents/github/Spirals/Media/data/cluster/endsim/BehaviorSearch/Step6_Trial""","true","0.2","1","9","0.8","true","true","0.15487972463651994","2","0.1132416555271043"
"1","102","1000","1","""HK""","0.01","false","""normal""","1","""constant""","0.1","""Scale-free""","3","0","1","""uniform""","""deterministic-normal""","35","0.6000000000000001","0","""normal""","-0.29999999999999993","0.9","false","""/home/ramaswamy.51/Documents/github/Spirals/Media/data/cluster/endsim/BehaviorSearch/Step6_Trial""","true","0.2","1","9","0.8","true","true","0.11109004313546342","2","0.11109004313546342"
"1","104","1000","1","""HK""","0.01","false","""normal""","1","""constant""","0.1","""Scale-free""","1","0","1","""uniform""","""deterministic-normal""","35","0.30000000000000004","0","""normal""","-0.29999999999999993","0.7000000000000001","false","""/home/ramaswamy.51/Documents/github/Spirals/Media/data/cluster/endsim/BehaviorSearch/Step6_Trial""","true","0.2","0.8","9","0.8","true","true","0.1279665212683796","2","0.11109004313546342"
"1","106","1000","1","""HK""","0.01","false","""normal""","1","""constant""","0.1","""Scale-free""","1","0","1","""uniform""","""deterministic-normal""","40","0.5","0.1","""normal""","0.20000000000000018","0.6000000000000001","false","""/home/ramaswamy.51/Documents/github/Spirals/Media/data/cluster/endsim/BehaviorSearch/Step6_Trial""","true","0.2","0.9","0","-0.09999999999999998","true","true","0.13793257163799616","2","0.11109004313546342"
"1","108","1000","1","""HK""","0.01","false","""normal""","1","""constant""","0.1","""Scale-free""","3","0","1","""uniform""","""deterministic-normal""","40","0.7000000000000002","0.2","""normal""","0.20000000000000018","0.7000000000000001","false","""/home/ramaswamy.51/Documents/github/Spirals/Media/data/cluster/endsim/BehaviorSearch/Step6_Trial""","true","0.2","0.9","0","0","true","true","0.14666920393140764","2","0.11109004313546342"
"1","110","1000","1","""HK""","0.01","false","""normal""","1","""constant""","0.1","""Scale-free""","1","0","1","""uniform""","""deterministic-normal""","35","0.30000000000000004","0","""normal""","0.10000000000000009","0.8","false","""/home/ramaswamy.51/Documents/github/Spirals/Media/data/cluster/endsim/BehaviorSearch/Step6_Trial""","true","0.30000000000000004","1","9","0.8","true","true","0.11121389614619523","2","0.11109004313546342"
"1","112","1000","1","""HK""","0.01","false","""normal""","1","""constant""","0.1","""Scale-free""","1","0","1","""uniform""","""deterministic-normal""","35","0.40000000000000013","0","""normal""","0.20000000000000018","0.6000000000000001","false","""/home/ramaswamy.51/Documents/github/Spirals/Media/data/cluster/endsim/BehaviorSearch/Step6_Trial""","true","0.2","0.9","2","-0.6","true","true","0.14530170445556514","2","0.11109004313546342"
"1","114","1000","1","""HK""","0.02","false","""normal""","1","""constant""","0.1","""Scale-free""","1","0","1","""uniform""","""deterministic-normal""","35","0.6000000000000001","0","""normal""","-0.29999999999999993","0.9","false","""/home/ramaswamy.51/Documents/github/Spirals/Media/data/cluster/endsim/BehaviorSearch/Step6_Trial""","true","0.2","1","9","0.7000000000000002","true","true","0.11553021730910817","2","0.11109004313546342"
"1","116","1000","1","""HK""","0.01","false","""normal""","1","""constant""","0.1","""Scale-free""","3","0","1","""uniform""","""deterministic-normal""","40","0.5","0.4","""normal""","-0.19999999999999996","0.8","false","""/home/ramaswamy.51/Documents/github/Spirals/Media/data/cluster/endsim/BehaviorSearch/Step6_Trial""","true","0.30000000000000004","1","10","0.7000000000000002","true","true","0.11838703996641378","2","0.11109004313546342"
"1","118","1000","1","""HK""","0.01","false","""normal""","1","""constant""","0.1","""Scale-free""","1","0","1","""uniform""","""deterministic-normal""","35","0.6000000000000001","0","""normal""","-0.7","0.9","false","""/home/ramaswamy.51/Documents/github/Spirals/Media/data/cluster/endsim/BehaviorSearch/Step6_Trial""","true","0","1","9","0.8","true","true","0.1657319022385781","2","0.11109004313546342"
"1","120","1000","1","""HK""","0.01","false","""normal""","1","""constant""","0.1","""Scale-free""","1","0","1","""uniform""","""deterministic-normal""","35","0.6000000000000001","0","""normal""","-0.29999999999999993","0.9","false","""/home/ramaswamy.51/Documents/github/Spirals/Media/data/cluster/endsim/BehaviorSearch/Step6_Trial""","true","0.2","1","9","1","true","true","0.11495969631001313","2","0.11109004313546342"
"1","122","1000","1","""HK""","0.01","false","""normal""","1","""constant""","0.1","""Scale-free""","1","0","1","""uniform""","""deterministic-normal""","35","0.6000000000000001","0","""normal""","-0.29999999999999993","0.9","false","""/home/ramaswamy.51/Documents/github/Spirals/Media/data/cluster/endsim/BehaviorSearch/Step6_Trial""","true","0.2","1","9","0.40000000000000013","true","true","0.11043513241415766","2","0.11043513241415766"
"1","124","1000","1","""HK""","0.01","false","""normal""","1","""constant""","0.1","""Scale-free""","3","0","1","""uniform""","""deterministic-normal""","40","0.5","0.1","""normal""","0.20000000000000018","0.6000000000000001","false","""/home/ramaswamy.51/Documents/github/Spirals/Media/data/cluster/endsim/BehaviorSearch/Step6_Trial""","true","0.2","0.9","0","-0.09999999999999998","true","true","0.15700440667524218","2","0.11043513241415766"
"1","126","1000","1","""HK""","0.01","false","""normal""","1","""constant""","0","""Scale-free""","1","0","1","""uniform""","""deterministic-normal""","35","0.6000000000000001","0","""normal""","-0.19999999999999996","0.9","false","""/home/ramaswamy.51/Documents/github/Spirals/Media/data/cluster/endsim/BehaviorSearch/Step6_Trial""","true","0.2","1","8","1","true","true","0.1681942210451759","2","0.11043513241415766"
"1","128","1000","1","""HK""","0.02","false","""normal""","1","""constant""","0","""Scale-free""","3","0","1","""uniform""","""deterministic-normal""","40","0.7000000000000002","0.1","""normal""","0.20000000000000018","0.6000000000000001","false","""/home/ramaswamy.51/Documents/github/Spirals/Media/data/cluster/endsim/BehaviorSearch/Step6_Trial""","true","0.1","0.9","0","-0.09999999999999998","true","true","0.1583134422366783","2","0.11043513241415766"
"1","130","1000","1","""HK""","0.01","false","""normal""","1","""constant""","0.1","""Scale-free""","1","0","1","""uniform""","""deterministic-normal""","40","0.6000000000000001","0","""normal""","0.20000000000000018","0.6000000000000001","false","""/home/ramaswamy.51/Documents/github/Spirals/Media/data/cluster/endsim/BehaviorSearch/Step6_Trial""","true","0.2","0.9","0","-0.09999999999999998","true","true","0.15082037711041402","2","0.11043513241415766"
"1","132","1000","1","""HK""","0.01","false","""normal""","1","""constant""","0.1","""Scale-free""","1","0","1","""uniform""","""deterministic-normal""","35","0.6000000000000001","0","""normal""","-0.29999999999999993","0.9","false","""/home/ramaswamy.51/Documents/github/Spirals/Media/data/cluster/endsim/BehaviorSearch/Step6_Trial""","true","0.30000000000000004","1","9","0.8","true","true","0.11323960179074818","2","0.11043513241415766"
"1","134","1000","1","""HK""","0.01","false","""normal""","1","""constant""","0.1","""Scale-free""","1","0","1","""uniform""","""deterministic-normal""","40","0.6000000000000001","0","""normal""","-0.19999999999999996","1","false","""/home/ramaswamy.51/Documents/github/Spirals/Media/data/cluster/endsim/BehaviorSearch/Step6_Trial""","true","0.2","1","10","0.9000000000000001","true","true","0.10553438845884004","2","0.10553438845884004"
"1","136","1000","1","""HK""","0.02","false","""normal""","1","""constant""","0.1","""Scale-free""","3","0","1","""uniform""","""deterministic-normal""","35","0.5","0","""normal""","-0.29999999999999993","0.9","false","""/home/ramaswamy.51/Documents/github/Spirals/Media/data/cluster/endsim/BehaviorSearch/Step6_Trial""","true","0.2","1","9","0.8","true","true","0.10865495061091254","2","0.10553438845884004"
"1","138","1000","1","""HK""","0.060000000000000005","false","""normal""","1","""constant""","0.1","""Scale-free""","1","0","1","""uniform""","""deterministic-normal""","35","-0.09999999999999998","0","""normal""","0.10000000000000009","0.8","false","""/home/ramaswamy.51/Documents/github/Spirals/Media/data/cluster/endsim/BehaviorSearch/Step6_Trial""","true","0.30000000000000004","1","9","0.8","true","true","0.10845503853546533","2","0.10553438845884004"
"1","140","1000","1","""HK""","0.01","false","""normal""","1","""constant""","0.2","""Scale-free""","1","0","1","""uniform""","""deterministic-normal""","35","0.6000000000000001","0","""normal""","-0.29999999999999993","0.9","false","""/home/ramaswamy.51/Documents/github/Spirals/Media/data/cluster/endsim/BehaviorSearch/Step6_Trial""","true","0.2","1","9","0.7000000000000002","true","true","0.1490229979801524","2","0.10553438845884004"
"1","142","1000","1","""HK""","0.02","false","""normal""","1","""constant""","0.1","""Scale-free""","1","0","1","""uniform""","""deterministic-normal""","35","0.40000000000000013","0","""normal""","-0.5","1","false","""/home/ramaswamy.51/Documents/github/Spirals/Media/data/cluster/endsim/BehaviorSearch/Step6_Trial""","true","0.2","1","9","0.8","true","true","0.12230821072649536","2","0.10553438845884004"
"1","144","1000","1","""HK""","0.02","false","""normal""","1","""constant""","0.1","""Scale-free""","1","0","1","""uniform""","""deterministic-normal""","35","-0.09999999999999998","0","""normal""","-0.29999999999999993","0.8","false","""/home/ramaswamy.51/Documents/github/Spirals/Media/data/cluster/endsim/BehaviorSearch/Step6_Trial""","true","0.2","0.9","9","0.6000000000000001","true","true","0.11995820775747004","2","0.10553438845884004"
"1","146","1000","1","""HK""","0.060000000000000005","false","""normal""","1","""constant""","0.1","""Scale-free""","1","0","1","""uniform""","""deterministic-normal""","35","0.6000000000000001","0","""normal""","0","0.9","false","""/home/ramaswamy.51/Documents/github/Spirals/Media/data/cluster/endsim/BehaviorSearch/Step6_Trial""","true","0.1","1","9","1","true","true","0.10996332478134183","2","0.10553438845884004"
"1","148","1000","1","""HK""","0.02","false","""normal""","1","""constant""","0.1","""Scale-free""","1","0","1","""uniform""","""deterministic-normal""","35","0.5","0","""normal""","-0.29999999999999993","0.9","false","""/home/ramaswamy.51/Documents/github/Spirals/Media/data/cluster/endsim/BehaviorSearch/Step6_Trial""","true","0.2","1","9","0.40000000000000013","true","true","0.10061181664778","2","0.10061181664778"
"1","150","1000","1","""HK""","0.02","false","""normal""","1","""constant""","0.1","""Scale-free""","3","0","1","""uniform""","""deterministic-normal""","35","0.5","0","""normal""","-0.29999999999999993","0.9","false","""/home/ramaswamy.51/Documents/github/Spirals/Media/data/cluster/endsim/BehaviorSearch/Step6_Trial""","true","0.2","1","8","0.8","true","true","0.1046429910263259","2","0.10061181664778"
"1","152","1000","1","""HK""","0.02","false","""normal""","1","""constant""","0.1","""Scale-free""","3","0","1","""uniform""","""deterministic-normal""","40","0.5","0","""normal""","-0.29999999999999993","1","false","""/home/ramaswamy.51/Documents/github/Spirals/Media/data/cluster/endsim/BehaviorSearch/Step6_Trial""","true","0.2","1","10","0.8","true","true","0.09663282053934871","2","0.09663282053934871"
"1","154","1000","1","""HK""","0.01","false","""normal""","1","""constant""","0.1","""Scale-free""","1","0","1","""uniform""","""deterministic-normal""","35","0.6000000000000001","0","""normal""","-0.19999999999999996","0.8","false","""/home/ramaswamy.51/Documents/github/Spirals/Media/data/cluster/endsim/BehaviorSearch/Step6_Trial""","true","0.30000000000000004","1","9","0.8","true","true","0.1147140396648447","2","0.09663282053934871"
"1","156","1000","1","""HK""","0.02","false","""normal""","1","""constant""","0.1","""Scale-free""","3","0","1","""uniform""","""deterministic-normal""","35","0.5","0","""normal""","-0.29999999999999993","0.9","false","""/home/ramaswamy.51/Documents/github/Spirals/Media/data/cluster/endsim/BehaviorSearch/Step6_Trial""","true","0.2","1","10","1","true","true","0.11112479410353501","2","0.09663282053934871"
"1","158","1000","1","""HK""","0.02","false","""normal""","1","""constant""","0.1","""Scale-free""","1","0","1","""uniform""","""deterministic-normal""","35","0.6000000000000001","0","""normal""","0","0.9","false","""/home/ramaswamy.51/Documents/github/Spirals/Media/data/cluster/endsim/BehaviorSearch/Step6_Trial""","true","0.2","1","9","0.40000000000000013","true","true","0.09263190053616788","2","0.09263190053616788"
"1","160","1000","1","""HK""","0.060000000000000005","false","""normal""","1","""constant""","0.1","""Scale-free""","1","0","1","""uniform""","""deterministic-normal""","35","0.7000000000000002","0.1","""normal""","-0.29999999999999993","0.9","false","""/home/ramaswamy.51/Documents/github/Spirals/Media/data/cluster/endsim/BehaviorSearch/Step6_Trial""","true","0.30000000000000004","1","9","0.8","true","true","0.0990800542755475","2","0.09263190053616788"
"1","162","1000","1","""HK""","0.05","false","""normal""","1","""constant""","0.1","""Scale-free""","1","0","1","""uniform""","""deterministic-normal""","40","0.6000000000000001","0","""normal""","-0.29999999999999993","0.9","false","""/home/ramaswamy.51/Documents/github/Spirals/Media/data/cluster/endsim/BehaviorSearch/Step6_Trial""","true","0.30000000000000004","0.8","10","0.20000000000000018","true","true","0.12526595972236043","2","0.09263190053616788"
"1","164","1000","1","""HK""","0.060000000000000005","false","""normal""","1","""constant""","0.1","""Scale-free""","1","0","1","""uniform""","""deterministic-normal""","40","0.6000000000000001","0","""normal""","-0.29999999999999993","1","false","""/home/ramaswamy.51/Documents/github/Spirals/Media/data/cluster/endsim/BehaviorSearch/Step6_Trial""","true","0.2","1","10","0.9000000000000001","true","true","0.09526570109102878","2","0.09263190053616788"
"1","166","1000","1","""HK""","0.03","false","""normal""","1","""constant""","0.2","""Scale-free""","1","0","1","""uniform""","""deterministic-normal""","40","0.40000000000000013","0","""normal""","-0.29999999999999993","0.9","false","""/home/ramaswamy.51/Documents/github/Spirals/Media/data/cluster/endsim/BehaviorSearch/Step6_Trial""","true","0.2","1","10","0.9000000000000001","true","true","0.16099270955515732","2","0.09263190053616788"
"1","168","1000","1","""HK""","0.02","false","""normal""","1","""constant""","0.1","""Scale-free""","3","0","1","""uniform""","""deterministic-normal""","35","0.5","0","""normal""","-0.29999999999999993","1","false","""/home/ramaswamy.51/Documents/github/Spirals/Media/data/cluster/endsim/BehaviorSearch/Step6_Trial""","true","0.2","1","10","0.7000000000000002","true","true","0.09731781165130607","2","0.09263190053616788"
"1","170","1000","1","""HK""","0.01","false","""normal""","1","""constant""","0.1","""Scale-free""","3","0","1","""uniform""","""deterministic-normal""","35","0.5","0","""normal""","-0.29999999999999993","0.9","false","""/home/ramaswamy.51/Documents/github/Spirals/Media/data/cluster/endsim/BehaviorSearch/Step6_Trial""","true","0.4","0.9","10","0.9000000000000001","true","true","0.11910335105120666","2","0.09263190053616788"
"1","172","1000","1","""HK""","0.02","false","""normal""","1","""constant""","0.1","""Scale-free""","2","0","1","""uniform""","""deterministic-normal""","40","0.6000000000000001","0","""normal""","-0.19999999999999996","1","false","""/home/ramaswamy.51/Documents/github/Spirals/Media/data/cluster/endsim/BehaviorSearch/Step6_Trial""","true","0.2","1","10","0.9000000000000001","true","true","0.10196655861997472","2","0.09263190053616788"
"1","174","1000","1","""HK""","0.060000000000000005","false","""normal""","1","""constant""","0.1","""Scale-free""","1","0","1","""uniform""","""deterministic-normal""","40","0.6000000000000001","0","""normal""","-0.29999999999999993","1","false","""/home/ramaswamy.51/Documents/github/Spirals/Media/data/cluster/endsim/BehaviorSearch/Step6_Trial""","true","0.2","1","10","1","true","true","0.10046964813806625","2","0.09263190053616788"
"1","176","1000","1","""HK""","0.01","false","""normal""","1","""constant""","0.1","""Scale-free""","1","0","1","""uniform""","""deterministic-normal""","35","0.6000000000000001","0","""normal""","-0.29999999999999993","0.8","false","""/home/ramaswamy.51/Documents/github/Spirals/Media/data/cluster/endsim/BehaviorSearch/Step6_Trial""","true","0.2","1","9","0.7000000000000002","true","true","0.12545739140389245","2","0.09263190053616788"
"1","178","1000","1","""HK""","0.05","false","""normal""","1","""constant""","0.1","""Scale-free""","1","0","1","""uniform""","""deterministic-normal""","35","0.6000000000000001","0","""normal""","0","0.9","false","""/home/ramaswamy.51/Documents/github/Spirals/Media/data/cluster/endsim/BehaviorSearch/Step6_Trial""","true","0.1","1","9","1","true","true","0.08556226078939493","2","0.08556226078939493"
"1","180","1000","1","""HK""","0.02","false","""normal""","1","""constant""","0.1","""Scale-free""","3","0","1","""uniform""","""deterministic-normal""","45","1","0.1","""normal""","-0.29999999999999993","1","false","""/home/ramaswamy.51/Documents/github/Spirals/Media/data/cluster/endsim/BehaviorSearch/Step6_Trial""","true","0.2","1","10","0.8","true","true","0.11018559455276886","2","0.08556226078939493"
"1","182","1000","1","""HK""","0.01","false","""normal""","1","""constant""","0.1","""Scale-free""","1","0","1","""uniform""","""deterministic-normal""","35","0.7000000000000002","0","""normal""","0","0.9","false","""/home/ramaswamy.51/Documents/github/Spirals/Media/data/cluster/endsim/BehaviorSearch/Step6_Trial""","true","0.2","0.9","9","1","true","true","0.09415337948680022","2","0.08556226078939493"
"1","184","1000","1","""HK""","0.060000000000000005","false","""normal""","1","""constant""","0.1","""Scale-free""","1","0","1","""uniform""","""deterministic-normal""","45","0.8","0.1","""normal""","-0.29999999999999993","1","false","""/home/ramaswamy.51/Documents/github/Spirals/Media/data/cluster/endsim/BehaviorSearch/Step6_Trial""","true","0.2","1","10","1","true","true","0.11663278410865074","2","0.08556226078939493"
"1","186","1000","1","""HK""","0.01","false","""normal""","1","""constant""","0.2","""Scale-free""","3","0","1","""uniform""","""deterministic-normal""","35","0.5","0","""normal""","-0.29999999999999993","1","false","""/home/ramaswamy.51/Documents/github/Spirals/Media/data/cluster/endsim/BehaviorSearch/Step6_Trial""","true","0.2","1","10","0.7000000000000002","true","true","0.15143436011893457","2","0.08556226078939493"
"1","188","1000","1","""HK""","0.01","false","""normal""","1","""constant""","0","""Scale-free""","3","0","1","""uniform""","""deterministic-normal""","45","0.9000000000000001","0.1","""normal""","-0.29999999999999993","1","false","""/home/ramaswamy.51/Documents/github/Spirals/Media/data/cluster/endsim/BehaviorSearch/Step6_Trial""","true","0.30000000000000004","1","10","0.8","true","true","0.18733151903938375","2","0.08556226078939493"
"1","190","1000","1","""HK""","0.03","false","""normal""","1","""constant""","0.1","""Scale-free""","1","0","1","""uniform""","""deterministic-normal""","35","0.6000000000000001","0","""normal""","0","0.9","false","""/home/ramaswamy.51/Documents/github/Spirals/Media/data/cluster/endsim/BehaviorSearch/Step6_Trial""","true","0.2","1","9","0.40000000000000013","true","true","0.10581536035933303","2","0.08556226078939493"
"1","192","1000","1","""HK""","0.02","false","""normal""","1","""constant""","0","""Scale-free""","1","0","1","""uniform""","""deterministic-normal""","35","0.5","0.1","""normal""","-0.19999999999999996","0.9","false","""/home/ramaswamy.51/Documents/github/Spirals/Media/data/cluster/endsim/BehaviorSearch/Step6_Trial""","true","0.2","1","10","1","true","true","0.17039227978691243","2","0.08556226078939493"
"1","194","1000","1","""HK""","0.01","false","""normal""","1","""constant""","0.1","""Scale-free""","1","0","1","""uniform""","""deterministic-normal""","40","0.6000000000000001","0.1","""normal""","-0.29999999999999993","1","false","""/home/ramaswamy.51/Documents/github/Spirals/Media/data/cluster/endsim/BehaviorSearch/Step6_Trial""","true","0.2","1","10","0.8","true","true","0.1063223171261837","2","0.08556226078939493"
"1","196","1000","1","""HK""","0.09999999999999999","false","""normal""","1","""constant""","0.1","""Scale-free""","1","0","1","""uniform""","""deterministic-normal""","35","0.7000000000000002","0.2","""normal""","-0.29999999999999993","0.9","false","""/home/ramaswamy.51/Documents/github/Spirals/Media/data/cluster/endsim/BehaviorSearch/Step6_Trial""","true","0.2","1","8","0.8","true","true","0.1376438727134896","2","0.08556226078939493"
"1","198","1000","1","""HK""","0.060000000000000005","false","""normal""","1","""constant""","0.1","""Scale-free""","1","0","1","""uniform""","""deterministic-normal""","40","0.6000000000000001","0","""normal""","0","0.9","false","""/home/ramaswamy.51/Documents/github/Spirals/Media/data/cluster/endsim/BehaviorSearch/Step6_Trial""","true","0.2","0.9","9","0.40000000000000013","true","true","0.10378023351454166","2","0.08556226078939493"
"1","200","1000","1","""HK""","0.02","false","""normal""","1","""constant""","0.1","""Scale-free""","3","0","1","""uniform""","""deterministic-normal""","40","0.9000000000000001","0","""normal""","-0.19999999999999996","1","false","""/home/ramaswamy.51/Documents/github/Spirals/Media/data/cluster/endsim/BehaviorSearch/Step6_Trial""","true","0.2","1","10","0.7000000000000002","true","true","0.0835092177365877","2","0.0835092177365877"
"1","202","1000","1","""HK""","0.02","false","""normal""","1","""constant""","0.1","""Scale-free""","1","0","1","""uniform""","""deterministic-normal""","35","0.5","0","""normal""","-0.29999999999999993","0.9","false","""/home/ramaswamy.51/Documents/github/Spirals/Media/data/cluster/endsim/BehaviorSearch/Step6_Trial""","true","0.2","1","9","0.6000000000000001","true","true","0.11150624224028052","2","0.0835092177365877"
"1","204","1000","1","""HK""","0.060000000000000005","false","""normal""","1","""constant""","0.2","""Scale-free""","1","0","1","""uniform""","""deterministic-normal""","40","0.6000000000000001","0.2","""normal""","-0.6","1","false","""/home/ramaswamy.51/Documents/github/Spirals/Media/data/cluster/endsim/BehaviorSearch/Step6_Trial""","true","0.2","0.9","10","1","true","true","0.19650121718988608","2","0.0835092177365877"
"1","206","1000","1","""HK""","0.04","false","""normal""","1","""constant""","0.1","""Scale-free""","1","0","1","""uniform""","""deterministic-normal""","35","0.7000000000000002","0","""normal""","0","0.9","false","""/home/ramaswamy.51/Documents/github/Spirals/Media/data/cluster/endsim/BehaviorSearch/Step6_Trial""","true","0.1","1","9","0.5","true","true","0.10281579730300261","2","0.0835092177365877"
"1","208","1000","1","""HK""","0.03","false","""normal""","1","""constant""","0.1","""Scale-free""","3","0","1","""uniform""","""deterministic-normal""","40","0.9000000000000001","0","""normal""","-0.19999999999999996","1","false","""/home/ramaswamy.51/Documents/github/Spirals/Media/data/cluster/endsim/BehaviorSearch/Step6_Trial""","true","0.2","1","10","0.7000000000000002","true","true","0.08682099451916113","2","0.0835092177365877"
"1","210","1000","1","""HK""","0.02","false","""normal""","1","""constant""","0.1","""Scale-free""","3","0","1","""uniform""","""deterministic-normal""","50","0.9000000000000001","0","""normal""","-0.5","1","false","""/home/ramaswamy.51/Documents/github/Spirals/Media/data/cluster/endsim/BehaviorSearch/Step6_Trial""","true","0.2","1","10","0.7000000000000002","true","true","0.12275040533134318","2","0.0835092177365877"
"1","212","1000","1","""HK""","0.02","false","""normal""","1","""constant""","0.1","""Scale-free""","1","0","1","""uniform""","""deterministic-normal""","35","0.5","0","""normal""","-0.29999999999999993","0.9","false","""/home/ramaswamy.51/Documents/github/Spirals/Media/data/cluster/endsim/BehaviorSearch/Step6_Trial""","true","0.30000000000000004","1","10","0.9000000000000001","true","true","0.1135207523703878","2","0.0835092177365877"
"1","214","1000","1","""HK""","0.09999999999999999","false","""normal""","1","""constant""","0.1","""Scale-free""","1","0","1","""uniform""","""deterministic-normal""","35","0.7000000000000002","0.1","""normal""","-0.5","0.9","false","""/home/ramaswamy.51/Documents/github/Spirals/Media/data/cluster/endsim/BehaviorSearch/Step6_Trial""","true","0.2","1","10","0.8","true","true","0.15138256282545098","2","0.0835092177365877"
"1","216","1000","1","""HK""","0.060000000000000005","false","""normal""","1","""constant""","0.1","""Scale-free""","1","0","1","""uniform""","""deterministic-normal""","40","0.6000000000000001","0.1","""normal""","0","0.9","false","""/home/ramaswamy.51/Documents/github/Spirals/Media/data/cluster/endsim/BehaviorSearch/Step6_Trial""","true","0.2","0.9","9","0.40000000000000013","true","true","0.1050705038808516","2","0.0835092177365877"
"1","218","1000","1","""HK""","0.01","false","""normal""","1","""constant""","0.2","""Scale-free""","1","0","1","""uniform""","""deterministic-normal""","40","0.6000000000000001","0","""normal""","-0.3999999999999999","1","false","""/home/ramaswamy.51/Documents/github/Spirals/Media/data/cluster/endsim/BehaviorSearch/Step6_Trial""","true","0.1","1","10","1","true","true","0.15990405523054563","2","0.0835092177365877"
"1","220","1000","1","""HK""","0.01","false","""normal""","1","""constant""","0.1","""Scale-free""","2","0","1","""uniform""","""deterministic-normal""","45","0.6000000000000001","0.1","""normal""","-0.19999999999999996","1","false","""/home/ramaswamy.51/Documents/github/Spirals/Media/data/cluster/endsim/BehaviorSearch/Step6_Trial""","true","0.1","1","10","0.9000000000000001","true","true","0.10818311913372462","2","0.0835092177365877"
"1","222","1000","1","""HK""","0.02","false","""normal""","1","""constant""","0.1","""Scale-free""","3","0","1","""uniform""","""deterministic-normal""","30","0.5","0","""normal""","-0.29999999999999993","1","false","""/home/ramaswamy.51/Documents/github/Spirals/Media/data/cluster/endsim/BehaviorSearch/Step6_Trial""","true","0","1","10","0.7000000000000002","true","true","0.10882891358743162","2","0.0835092177365877"
"1","224","1000","1","""HK""","0.03","false","""normal""","1","""constant""","0.1","""Scale-free""","1","0","1","""uniform""","""deterministic-normal""","40","0.5","0.1","""normal""","0","0.9","false","""/home/ramaswamy.51/Documents/github/Spirals/Media/data/cluster/endsim/BehaviorSearch/Step6_Trial""","true","0.2","0.9","9","0.40000000000000013","true","true","0.10978975259526608","2","0.0835092177365877"
"1","226","1000","1","""HK""","0.02","false","""normal""","1","""constant""","0.1","""Scale-free""","3","0","1","""uniform""","""deterministic-normal""","40","0.5","0","""normal""","-0.29999999999999993","1","false","""/home/ramaswamy.51/Documents/github/Spirals/Media/data/cluster/endsim/BehaviorSearch/Step6_Trial""","true","0.2","1","10","0.7000000000000002","true","true","0.10850358190138734","2","0.0835092177365877"
"1","228","1000","1","""HK""","0.060000000000000005","false","""normal""","1","""constant""","0","""Scale-free""","1","0","1","""uniform""","""deterministic-normal""","35","0.8","0.1","""normal""","-0.29999999999999993","0.9","false","""/home/ramaswamy.51/Documents/github/Spirals/Media/data/cluster/endsim/BehaviorSearch/Step6_Trial""","true","0.30000000000000004","0.9","9","1","true","true","0.24394963469962178","2","0.0835092177365877"
"1","230","1000","1","""HK""","0.02","false","""normal""","1","""constant""","0.1","""Scale-free""","3","0","1","""uniform""","""deterministic-normal""","35","0.5","0","""normal""","-0.19999999999999996","1","false","""/home/ramaswamy.51/Documents/github/Spirals/Media/data/cluster/endsim/BehaviorSearch/Step6_Trial""","true","0.2","1","10","0.9000000000000001","true","true","0.11200914649005109","2","0.0835092177365877"
"1","232","1000","1","""HK""","0.060000000000000005","false","""normal""","1","""constant""","0","""Scale-free""","1","0","1","""uniform""","""deterministic-normal""","35","0.6000000000000001","0","""normal""","0","0.9","false","""/home/ramaswamy.51/Documents/github/Spirals/Media/data/cluster/endsim/BehaviorSearch/Step6_Trial""","true","0.30000000000000004","1","9","0.40000000000000013","true","true","0.2334982766821483","2","0.0835092177365877"
"1","234","1000","1","""HK""","0.02","false","""normal""","1","""constant""","0.1","""Scale-free""","1","0","1","""uniform""","""deterministic-normal""","40","0.6000000000000001","0","""normal""","-0.29999999999999993","1","false","""/home/ramaswamy.51/Documents/github/Spirals/Media/data/cluster/endsim/BehaviorSearch/Step6_Trial""","true","0.2","1","10","0.9000000000000001","true","true","0.10517808727039438","2","0.0835092177365877"
"1","236","1000","1","""HK""","0.02","false","""normal""","1","""constant""","0.1","""Scale-free""","3","0","1","""uniform""","""deterministic-normal""","40","0.9000000000000001","0.1","""normal""","-0.09999999999999998","1","false","""/home/ramaswamy.51/Documents/github/Spirals/Media/data/cluster/endsim/BehaviorSearch/Step6_Trial""","true","0.30000000000000004","1","8","0.7000000000000002","true","true","0.10719146072831195","2","0.0835092177365877"
"1","238","1000","1","""HK""","0.03","false","""normal""","1","""constant""","0.1","""Scale-free""","1","0","1","""uniform""","""deterministic-normal""","35","0.6000000000000001","0","""normal""","-0.19999999999999996","0.9","false","""/home/ramaswamy.51/Documents/github/Spirals/Media/data/cluster/endsim/BehaviorSearch/Step6_Trial""","true","0.2","1","9","0.40000000000000013","true","true","0.08955254462783815","2","0.0835092177365877"
"1","240","1000","1","""HK""","0.02","false","""normal""","1","""constant""","0.1","""Scale-free""","3","0","1","""uniform""","""deterministic-normal""","40","1","0","""normal""","-0.19999999999999996","1","false","""/home/ramaswamy.51/Documents/github/Spirals/Media/data/cluster/endsim/BehaviorSearch/Step6_Trial""","true","0.1","1","10","0.7000000000000002","true","true","0.10390620705886007","2","0.0835092177365877"
"1","242","1000","1","""HK""","0.060000000000000005","false","""normal""","1","""constant""","0.1","""Scale-free""","3","0","1","""uniform""","""deterministic-normal""","30","0","0","""normal""","-0.29999999999999993","1","false","""/home/ramaswamy.51/Documents/github/Spirals/Media/data/cluster/endsim/BehaviorSearch/Step6_Trial""","true","0.2","1","10","0.7000000000000002","true","true","0.11001562343118636","2","0.0835092177365877"
"1","244","1000","1","""HK""","0.02","false","""normal""","1","""constant""","0","""Scale-free""","3","0","1","""uniform""","""deterministic-normal""","40","0.9000000000000001","0","""normal""","-0.19999999999999996","1","false","""/home/ramaswamy.51/Documents/github/Spirals/Media/data/cluster/endsim/BehaviorSearch/Step6_Trial""","true","0.2","0.9","10","0.7000000000000002","true","true","0.1737714768738324","2","0.0835092177365877"
"1","246","1000","1","""HK""","0.08","false","""normal""","1","""constant""","0.1","""Scale-free""","3","0","1","""uniform""","""deterministic-normal""","40","0.7000000000000002","0","""normal""","-0.19999999999999996","1","false","""/home/ramaswamy.51/Documents/github/Spirals/Media/data/cluster/endsim/BehaviorSearch/Step6_Trial""","true","0.2","1","10","0.7000000000000002","true","true","0.1169044102287324","2","0.0835092177365877"
"1","248","1000","1","""HK""","0.03","false","""normal""","1","""constant""","0.1","""Scale-free""","3","0","1","""uniform""","""deterministic-normal""","35","0.5","0","""normal""","-0.3999999999999999","0.8","false","""/home/ramaswamy.51/Documents/github/Spirals/Media/data/cluster/endsim/BehaviorSearch/Step6_Trial""","true","0.2","1","10","0.7000000000000002","true","true","0.1298139944946356","2","0.0835092177365877"
"1","250","1000","1","""HK""","0.03","false","""normal""","1","""constant""","0.1","""Scale-free""","3","0","1","""uniform""","""deterministic-normal""","35","0.9000000000000001","0","""normal""","-0.19999999999999996","1","false","""/home/ramaswamy.51/Documents/github/Spirals/Media/data/cluster/endsim/BehaviorSearch/Step6_Trial""","true","0.2","1","10","0.7000000000000002","true","true","0.09056811679794914","2","0.0835092177365877"
"1","252","1000","1","""HK""","0.060000000000000005","false","""normal""","1","""constant""","0.1","""Scale-free""","1","0","1","""uniform""","""deterministic-normal""","35","0.5","0","""normal""","-0.19999999999999996","1","false","""/home/ramaswamy.51/Documents/github/Spirals/Media/data/cluster/endsim/BehaviorSearch/Step6_Trial""","true","0.2","1","10","1","true","true","0.09252108273241672","2","0.0835092177365877"
"1","254","1000","1","""HK""","0.01","false","""normal""","1","""constant""","0.1","""Scale-free""","3","0","1","""uniform""","""deterministic-normal""","40","1","0","""normal""","-0.19999999999999996","1","false","""/home/ramaswamy.51/Documents/github/Spirals/Media/data/cluster/endsim/BehaviorSearch/Step6_Trial""","true","0.2","1","9","0.7000000000000002","true","true","0.09650096198227727","2","0.0835092177365877"
"1","256","1000","1","""HK""","0.02","false","""normal""","1","""constant""","0.1","""Scale-free""","3","0","1","""uniform""","""deterministic-normal""","40","0.6000000000000001","0","""normal""","-0.29999999999999993","1","false","""/home/ramaswamy.51/Documents/github/Spirals/Media/data/cluster/endsim/BehaviorSearch/Step6_Trial""","true","0.2","0.9","10","1","true","true","0.10691469475121915","2","0.0835092177365877"
"1","258","1000","1","""HK""","0.02","false","""normal""","1","""constant""","0.1","""Scale-free""","3","0","1","""uniform""","""deterministic-normal""","30","0.5","0","""normal""","-0.29999999999999993","1","false","""/home/ramaswamy.51/Documents/github/Spirals/Media/data/cluster/endsim/BehaviorSearch/Step6_Trial""","true","0.2","1","10","0.6000000000000001","true","true","0.09797969001067319","2","0.0835092177365877"
"1","260","1000","1","""HK""","0.09","false","""normal""","1","""constant""","0.1","""Scale-free""","1","0","1","""uniform""","""deterministic-normal""","40","0.6000000000000001","0","""normal""","-0.29999999999999993","1","false","""/home/ramaswamy.51/Documents/github/Spirals/Media/data/cluster/endsim/BehaviorSearch/Step6_Trial""","true","0.2","1","10","0.7000000000000002","true","true","0.129219540302582","2","0.0835092177365877"
"1","262","1000","1","""HK""","0.01","false","""normal""","1","""constant""","0.1","""Scale-free""","3","0","1","""uniform""","""deterministic-normal""","35","0.9000000000000001","0","""normal""","-0.19999999999999996","1","false","""/home/ramaswamy.51/Documents/github/Spirals/Media/data/cluster/endsim/BehaviorSearch/Step6_Trial""","true","0.1","1","10","0.7000000000000002","true","true","0.10059509576874973","2","0.0835092177365877"
"1","264","1000","1","""HK""","0.05","false","""normal""","1","""constant""","0.1","""Scale-free""","1","0","1","""uniform""","""deterministic-normal""","40","0.9000000000000001","0","""normal""","-0.19999999999999996","1","false","""/home/ramaswamy.51/Documents/github/Spirals/Media/data/cluster/endsim/BehaviorSearch/Step6_Trial""","true","0.2","1","10","0.30000000000000004","true","true","0.1072054304410833","2","0.0835092177365877"
"1","266","1000","1","""HK""","0.03","false","""normal""","1","""constant""","0.1","""Scale-free""","3","0","1","""uniform""","""deterministic-normal""","35","0.9000000000000001","0","""normal""","-0.19999999999999996","1","false","""/home/ramaswamy.51/Documents/github/Spirals/Media/data/cluster/endsim/BehaviorSearch/Step6_Trial""","true","0.2","1","9","0.7000000000000002","true","true","0.10887486404202716","2","0.0835092177365877"
"1","268","1000","1","""HK""","0.03","false","""normal""","1","""constant""","0.1","""Scale-free""","3","0","1","""uniform""","""deterministic-normal""","35","0.9000000000000001","0.1","""normal""","-0.19999999999999996","1","false","""/home/ramaswamy.51/Documents/github/Spirals/Media/data/cluster/endsim/BehaviorSearch/Step6_Trial""","true","0.2","1","10","0.7000000000000002","true","true","0.10610941134119697","2","0.0835092177365877"
"1","270","1000","1","""HK""","0.01","false","""normal""","1","""constant""","0","""Scale-free""","3","0","1","""uniform""","""deterministic-normal""","40","0.9000000000000001","0","""normal""","-0.19999999999999996","1","false","""/home/ramaswamy.51/Documents/github/Spirals/Media/data/cluster/endsim/BehaviorSearch/Step6_Trial""","true","0.2","1","10","0.6000000000000001","true","true","0.16800337232849932","2","0.0835092177365877"
"1","272","1000","1","""HK""","0.05","false","""normal""","1","""constant""","0.1","""Scale-free""","1","0","1","""uniform""","""deterministic-normal""","35","0.6000000000000001","0","""normal""","0","0.8","false","""/home/ramaswamy.51/Documents/github/Spirals/Media/data/cluster/endsim/BehaviorSearch/Step6_Trial""","true","0.1","1","9","1","true","true","0.10181658438708324","2","0.0835092177365877"
"1","274","1000","1","""HK""","0.02","false","""normal""","1","""constant""","0.1","""Scale-free""","3","0","1","""uniform""","""deterministic-normal""","40","0.7000000000000002","0","""normal""","-0.29999999999999993","1","false","""/home/ramaswamy.51/Documents/github/Spirals/Media/data/cluster/endsim/BehaviorSearch/Step6_Trial""","true","0.2","1","10","0.8","true","true","0.11357305733212408","2","0.0835092177365877"
"1","276","1000","1","""HK""","0.06999999999999999","false","""normal""","1","""constant""","0.1","""Scale-free""","1","0","1","""uniform""","""deterministic-normal""","35","0.6000000000000001","0.1","""normal""","-0.29999999999999993","0.9","false","""/home/ramaswamy.51/Documents/github/Spirals/Media/data/cluster/endsim/BehaviorSearch/Step6_Trial""","true","0.2","0.9","9","0.40000000000000013","true","true","0.11922603902896592","2","0.0835092177365877"
"1","278","1000","1","""HK""","0.01","false","""normal""","1","""constant""","0.1","""Scale-free""","3","0","1","""uniform""","""deterministic-normal""","35","1","0","""normal""","-0.09999999999999998","0.8","false","""/home/ramaswamy.51/Documents/github/Spirals/Media/data/cluster/endsim/BehaviorSearch/Step6_Trial""","true","0.2","1","9","0.7000000000000002","true","true","0.08991395138292954","2","0.0835092177365877"
"1","280","1000","1","""HK""","0.02","false","""normal""","1","""constant""","0.1","""Scale-free""","3","0","1","""uniform""","""deterministic-normal""","35","0.7000000000000002","0.1","""normal""","-0.19999999999999996","1","false","""/home/ramaswamy.51/Documents/github/Spirals/Media/data/cluster/endsim/BehaviorSearch/Step6_Trial""","true","0.2","1","10","0.7000000000000002","true","true","0.10463115433340942","2","0.0835092177365877"
"1","282","1000","1","""HK""","0.03","false","""normal""","1","""constant""","0.1","""Scale-free""","3","0","1","""uniform""","""deterministic-normal""","35","1","0","""normal""","-0.09999999999999998","0.8","false","""/home/ramaswamy.51/Documents/github/Spirals/Media/data/cluster/endsim/BehaviorSearch/Step6_Trial""","true","0.2","1","10","0.7000000000000002","true","true","0.09010999605872587","2","0.0835092177365877"
"1","284","1000","1","""HK""","0.02","false","""normal""","1","""constant""","0.1","""Scale-free""","2","0","1","""uniform""","""deterministic-normal""","40","0.8","0.1","""normal""","-0.29999999999999993","1","false","""/home/ramaswamy.51/Documents/github/Spirals/Media/data/cluster/endsim/BehaviorSearch/Step6_Trial""","true","0.2","1","10","0.30000000000000004","true","true","0.11309779505997102","2","0.0835092177365877"
"1","286","1000","1","""HK""","0.05","false","""normal""","1","""constant""","0.1","""Scale-free""","1","0","1","""uniform""","""deterministic-normal""","40","0.9000000000000001","0","""normal""","-0.09999999999999998","1","false","""/home/ramaswamy.51/Documents/github/Spirals/Media/data/cluster/endsim/BehaviorSearch/Step6_Trial""","true","0.2","1","10","1","true","true","0.09185774967555693","2","0.0835092177365877"
"1","288","1000","1","""HK""","0.02","false","""normal""","1","""constant""","0.1","""Scale-free""","3","0","1","""uniform""","""deterministic-normal""","35","0.5","0","""normal""","-0.29999999999999993","1","false","""/home/ramaswamy.51/Documents/github/Spirals/Media/data/cluster/endsim/BehaviorSearch/Step6_Trial""","true","0.2","1","10","0.9000000000000001","true","true","0.11271720829085805","2","0.0835092177365877"
"1","290","1000","1","""HK""","0.060000000000000005","false","""normal""","1","""constant""","0.1","""Scale-free""","1","0","1","""uniform""","""deterministic-normal""","35","0.6000000000000001","0","""normal""","-0.19999999999999996","0.8","false","""/home/ramaswamy.51/Documents/github/Spirals/Media/data/cluster/endsim/BehaviorSearch/Step6_Trial""","true","0.1","0.8","9","0.5","true","true","0.12828009914511798","2","0.0835092177365877"
"1","292","1000","1","""HK""","0.05","false","""normal""","1","""constant""","0.1","""Scale-free""","1","0","1","""uniform""","""deterministic-normal""","35","0.7000000000000002","0","""normal""","0","0.9","false","""/home/ramaswamy.51/Documents/github/Spirals/Media/data/cluster/endsim/BehaviorSearch/Step6_Trial""","true","0.1","1","10","0.7000000000000002","true","true","0.08928613478749806","2","0.0835092177365877"
"1","294","1000","1","""HK""","0.01","false","""normal""","1","""constant""","0.1","""Scale-free""","1","0","1","""uniform""","""deterministic-normal""","35","0.6000000000000001","0.1","""normal""","-0.19999999999999996","0.8","false","""/home/ramaswamy.51/Documents/github/Spirals/Media/data/cluster/endsim/BehaviorSearch/Step6_Trial""","true","0.2","1","9","0.40000000000000013","true","true","0.10223679660190085","2","0.0835092177365877"
"1","296","1000","1","""HK""","0.02","false","""normal""","1","""constant""","0.1","""Scale-free""","3","0","1","""uniform""","""deterministic-normal""","35","0.7000000000000002","0","""normal""","0","0.9","false","""/home/ramaswamy.51/Documents/github/Spirals/Media/data/cluster/endsim/BehaviorSearch/Step6_Trial""","true","0.1","1","10","0.40000000000000013","true","true","0.09918931571565762","2","0.0835092177365877"
"1","298","1000","1","""HK""","0.03","false","""normal""","1","""constant""","0.1","""Scale-free""","3","0","1","""uniform""","""deterministic-normal""","40","0.8","0","""normal""","-0.19999999999999996","1","false","""/home/ramaswamy.51/Documents/github/Spirals/Media/data/cluster/endsim/BehaviorSearch/Step6_Trial""","true","0.30000000000000004","1","10","0.7000000000000002","true","true","0.10653719405134685","2","0.0835092177365877"
"1","300","1000","1","""HK""","0.01","false","""normal""","1","""constant""","0","""Scale-free""","3","0","1","""uniform""","""deterministic-normal""","35","1","0","""normal""","-0.09999999999999998","0.7000000000000001","false","""/home/ramaswamy.51/Documents/github/Spirals/Media/data/cluster/endsim/BehaviorSearch/Step6_Trial""","true","0.2","1","9","0.7000000000000002","true","true","0.13034864115019223","2","0.0835092177365877"
"1","302","1000","1","""HK""","0.02","false","""normal""","1","""constant""","0.1","""Scale-free""","3","0","1","""uniform""","""deterministic-normal""","40","0.5","0","""normal""","-0.5","1","false","""/home/ramaswamy.51/Documents/github/Spirals/Media/data/cluster/endsim/BehaviorSearch/Step6_Trial""","true","0.30000000000000004","1","10","1","true","true","0.13448316873237132","2","0.0835092177365877"
"1","304","1000","1","""HK""","0.05","false","""normal""","1","""constant""","0.1","""Scale-free""","1","0","1","""uniform""","""deterministic-normal""","35","0.7000000000000002","0","""normal""","0","0.9","false","""/home/ramaswamy.51/Documents/github/Spirals/Media/data/cluster/endsim/BehaviorSearch/Step6_Trial""","true","0.1","1","10","0.8","true","true","0.1136911408073416","2","0.0835092177365877"
"1","306","1000","1","""HK""","0.02","false","""normal""","1","""constant""","0.1","""Scale-free""","3","0","1","""uniform""","""deterministic-normal""","40","0.7000000000000002","0","""normal""","0","0.9","false","""/home/ramaswamy.51/Documents/github/Spirals/Media/data/cluster/endsim/BehaviorSearch/Step6_Trial""","true","0.1","1","9","0.8","true","true","0.1030311855736738","2","0.0835092177365877"
"1","308","1000","1","""HK""","0.03","false","""normal""","1","""constant""","0.1","""Scale-free""","1","0","1","""uniform""","""deterministic-normal""","45","0.6000000000000001","0.2","""normal""","-0.19999999999999996","0.9","false","""/home/ramaswamy.51/Documents/github/Spirals/Media/data/cluster/endsim/BehaviorSearch/Step6_Trial""","true","0.4","1","9","0.40000000000000013","true","true","0.11995666093551915","2","0.0835092177365877"
"1","310","1000","1","""HK""","0.03","false","""normal""","1","""constant""","0.1","""Scale-free""","3","0","1","""uniform""","""deterministic-normal""","40","0.9000000000000001","0","""normal""","-0.19999999999999996","1","false","""/home/ramaswamy.51/Documents/github/Spirals/Media/data/cluster/endsim/BehaviorSearch/Step6_Trial""","true","0.2","1","10","0.5","true","true","0.09497855494884277","2","0.0835092177365877"
"1","312","1000","1","""HK""","0.04","false","""normal""","1","""constant""","0.1","""Scale-free""","3","0","1","""uniform""","""deterministic-normal""","35","0.8","0","""normal""","0.10000000000000009","0.8","false","""/home/ramaswamy.51/Documents/github/Spirals/Media/data/cluster/endsim/BehaviorSearch/Step6_Trial""","true","0.2","1","10","0.7000000000000002","true","true","0.11057754958188037","2","0.0835092177365877"
"1","314","1000","1","""HK""","0.060000000000000005","false","""normal""","1","""constant""","0.2","""Scale-free""","1","0","1","""uniform""","""deterministic-normal""","40","0.7000000000000002","0","""normal""","-0.29999999999999993","1","false","""/home/ramaswamy.51/Documents/github/Spirals/Media/data/cluster/endsim/BehaviorSearch/Step6_Trial""","true","0.2","1","10","0.9000000000000001","true","true","0.17174075333722788","2","0.0835092177365877"
"1","316","1000","1","""HK""","0.02","false","""normal""","1","""constant""","0.1","""Scale-free""","3","0","1","""uniform""","""deterministic-normal""","40","0.9000000000000001","0","""normal""","-0.29999999999999993","0.9","false","""/home/ramaswamy.51/Documents/github/Spirals/Media/data/cluster/endsim/BehaviorSearch/Step6_Trial""","true","0.1","1","9","1","true","true","0.10948481113161834","2","0.0835092177365877"
"1","318","1000","1","""HK""","0.02","false","""normal""","1","""constant""","0.1","""Scale-free""","3","0","1","""uniform""","""deterministic-normal""","40","1","0","""normal""","-0.19999999999999996","1","false","""/home/ramaswamy.51/Documents/github/Spirals/Media/data/cluster/endsim/BehaviorSearch/Step6_Trial""","true","0.2","1","10","0.9000000000000001","true","true","0.0973280709250803","2","0.0835092177365877"
"1","320","1000","1","""HK""","0.03","false","""normal""","1","""constant""","0.1","""Scale-free""","3","0","1","""uniform""","""deterministic-normal""","40","0.9000000000000001","0","""normal""","-0.19999999999999996","1","false","""/home/ramaswamy.51/Documents/github/Spirals/Media/data/cluster/endsim/BehaviorSearch/Step6_Trial""","true","0.4","1","10","0.5","true","true","0.10773018536753146","2","0.0835092177365877"
"1","322","1000","1","""HK""","0.09999999999999999","false","""normal""","1","""constant""","0.1","""Scale-free""","1","0","1","""uniform""","""deterministic-normal""","20","0.7000000000000002","0","""normal""","0","0.9","false","""/home/ramaswamy.51/Documents/github/Spirals/Media/data/cluster/endsim/BehaviorSearch/Step6_Trial""","true","0.2","1","9","0.40000000000000013","true","true","0.13479895571813816","2","0.0835092177365877"
"1","324","1000","1","""HK""","0.02","false","""normal""","1","""constant""","0.1","""Scale-free""","1","0","1","""uniform""","""deterministic-normal""","35","0.40000000000000013","0","""normal""","-0.29999999999999993","0.9","false","""/home/ramaswamy.51/Documents/github/Spirals/Media/data/cluster/endsim/BehaviorSearch/Step6_Trial""","true","0.2","1","10","0.7000000000000002","true","true","0.11211034343127715","2","0.0835092177365877"
"1","326","1000","1","""HK""","0.01","false","""normal""","1","""constant""","0.1","""Scale-free""","3","0","1","""uniform""","""deterministic-normal""","40","0.9000000000000001","0","""normal""","-0.19999999999999996","1","false","""/home/ramaswamy.51/Documents/github/Spirals/Media/data/cluster/endsim/BehaviorSearch/Step6_Trial""","true","0.1","0.9","10","0.9000000000000001","true","true","0.09582104004203407","2","0.0835092177365877"
"1","328","1000","1","""HK""","0.02","false","""normal""","1","""constant""","0.1","""Scale-free""","3","0","1","""uniform""","""deterministic-normal""","40","0.8","0","""normal""","-0.19999999999999996","1","false","""/home/ramaswamy.51/Documents/github/Spirals/Media/data/cluster/endsim/BehaviorSearch/Step6_Trial""","true","0.2","1","10","0.7000000000000002","true","true","0.09582066397104988","2","0.0835092177365877"
"1","330","1000","1","""HK""","0.01","false","""normal""","1","""constant""","0.1","""Scale-free""","1","0","1","""uniform""","""deterministic-normal""","35","0.7000000000000002","0","""normal""","0.20000000000000018","0.9","false","""/home/ramaswamy.51/Documents/github/Spirals/Media/data/cluster/endsim/BehaviorSearch/Step6_Trial""","true","0.2","0.9","9","0.7000000000000002","true","true","0.12610802264110502","2","0.0835092177365877"
"1","332","1000","1","""HK""","0.01","false","""normal""","1","""constant""","0.1","""Scale-free""","3","0","1","""uniform""","""deterministic-normal""","40","0.9000000000000001","0","""normal""","-0.29999999999999993","1","false","""/home/ramaswamy.51/Documents/github/Spirals/Media/data/cluster/endsim/BehaviorSearch/Step6_Trial""","true","0","0.9","10","0.9000000000000001","true","true","0.1262158300111248","2","0.0835092177365877"
"1","334","1000","1","""HK""","0.05","false","""normal""","1","""constant""","0.1","""Scale-free""","1","0","1","""uniform""","""deterministic-normal""","35","0.7000000000000002","0","""normal""","0","0.9","false","""/home/ramaswamy.51/Documents/github/Spirals/Media/data/cluster/endsim/BehaviorSearch/Step6_Trial""","true","0.1","1","9","1","true","true","0.10914122143478823","2","0.0835092177365877"
"1","336","1000","1","""HK""","0.01","false","""normal""","1","""constant""","0.1","""Scale-free""","3","0","1","""uniform""","""deterministic-normal""","35","1","0","""normal""","-0.19999999999999996","1","false","""/home/ramaswamy.51/Documents/github/Spirals/Media/data/cluster/endsim/BehaviorSearch/Step6_Trial""","true","0.2","1","10","0.7000000000000002","true","true","0.09400369965627553","2","0.0835092177365877"
"1","338","1000","1","""HK""","0.13","false","""normal""","1","""constant""","0.1","""Scale-free""","1","0","1","""uniform""","""deterministic-normal""","40","0.6000000000000001","0","""normal""","-0.19999999999999996","1","false","""/home/ramaswamy.51/Documents/github/Spirals/Media/data/cluster/endsim/BehaviorSearch/Step6_Trial""","true","0.2","1","10","1","true","true","0.15319571411795319","2","0.0835092177365877"
"1","340","1000","1","""HK""","0.01","false","""normal""","1","""constant""","0.1","""Scale-free""","2","0","1","""uniform""","""deterministic-normal""","35","1","0","""normal""","-0.19999999999999996","0.8","false","""/home/ramaswamy.51/Documents/github/Spirals/Media/data/cluster/endsim/BehaviorSearch/Step6_Trial""","true","0.2","0.9","9","0.5","true","true","0.09930536986388859","2","0.0835092177365877"
"1","342","1000","1","""HK""","0.01","false","""normal""","1","""constant""","0.1","""Scale-free""","3","0","1","""uniform""","""deterministic-normal""","40","0.9000000000000001","0","""normal""","-0.09999999999999998","1","false","""/home/ramaswamy.51/Documents/github/Spirals/Media/data/cluster/endsim/BehaviorSearch/Step6_Trial""","true","0.30000000000000004","1","8","1","true","true","0.1139002962423984","2","0.0835092177365877"
"1","344","1000","1","""HK""","0.03","false","""normal""","1","""constant""","0.1","""Scale-free""","3","0","1","""uniform""","""deterministic-normal""","40","0.5","0","""normal""","-0.29999999999999993","1","false","""/home/ramaswamy.51/Documents/github/Spirals/Media/data/cluster/endsim/BehaviorSearch/Step6_Trial""","true","0.2","0.9","10","0.7000000000000002","true","true","0.0952217291421503","2","0.0835092177365877"
"1","346","1000","1","""HK""","0.02","false","""normal""","1","""constant""","0.1","""Scale-free""","3","0","1","""uniform""","""deterministic-normal""","40","1","0","""normal""","-0.09999999999999998","1","false","""/home/ramaswamy.51/Documents/github/Spirals/Media/data/cluster/endsim/BehaviorSearch/Step6_Trial""","true","0.2","1","9","0.40000000000000013","true","true","0.10071391087707104","2","0.0835092177365877"
"1","348","1000","1","""HK""","0.05","false","""normal""","1","""constant""","0.1","""Scale-free""","3","0","1","""uniform""","""deterministic-normal""","40","0.6000000000000001","0","""normal""","-0.19999999999999996","1","false","""/home/ramaswamy.51/Documents/github/Spirals/Media/data/cluster/endsim/BehaviorSearch/Step6_Trial""","true","0.2","1","10","0.7000000000000002","true","true","0.09915671857017852","2","0.0835092177365877"
"1","350","1000","1","""HK""","0.01","false","""normal""","1","""constant""","0.1","""Scale-free""","3","0","1","""uniform""","""deterministic-normal""","35","1","0","""normal""","-0.19999999999999996","0.8","false","""/home/ramaswamy.51/Documents/github/Spirals/Media/data/cluster/endsim/BehaviorSearch/Step6_Trial""","true","0.2","1","10","0.7000000000000002","true","true","0.12332720038087652","2","0.0835092177365877"
"1","352","1000","1","""HK""","0.03","false","""normal""","1","""constant""","0.1","""Scale-free""","3","0","1","""uniform""","""deterministic-normal""","40","1","0","""normal""","0","0.9","false","""/home/ramaswamy.51/Documents/github/Spirals/Media/data/cluster/endsim/BehaviorSearch/Step6_Trial""","true","0.2","1","9","0.40000000000000013","true","true","0.09270567097406146","2","0.0835092177365877"
"1","354","1000","1","""HK""","0.05","false","""normal""","1","""constant""","0.1","""Scale-free""","1","0","1","""uniform""","""deterministic-normal""","35","0.7000000000000002","0","""normal""","-0.09999999999999998","0.9","false","""/home/ramaswamy.51/Documents/github/Spirals/Media/data/cluster/endsim/BehaviorSearch/Step6_Trial""","true","0.1","1","9","0.20000000000000018","true","true","0.1061922356467298","2","0.0835092177365877"
"1","356","1000","1","""HK""","0.03","false","""normal""","1","""constant""","0.2","""Scale-free""","3","0","1","""uniform""","""deterministic-normal""","40","0.9000000000000001","0","""normal""","-0.19999999999999996","1","false","""/home/ramaswamy.51/Documents/github/Spirals/Media/data/cluster/endsim/BehaviorSearch/Step6_Trial""","true","0.2","1","10","0.7000000000000002","true","true","0.1578649611545035","2","0.0835092177365877"
"1","358","1000","1","""HK""","0.05","false","""normal""","1","""constant""","0.1","""Scale-free""","1","0","1","""uniform""","""deterministic-normal""","35","0.7000000000000002","0","""normal""","-0.3999999999999999","0.9","false","""/home/ramaswamy.51/Documents/github/Spirals/Media/data/cluster/endsim/BehaviorSearch/Step6_Trial""","true","0.1","1","10","0.6000000000000001","true","true","0.11967306929052246","2","0.0835092177365877"
"1","360","1000","1","""HK""","0.03","false","""normal""","1","""constant""","0.1","""Scale-free""","1","0","1","""uniform""","""deterministic-normal""","35","0.6000000000000001","0","""normal""","-0.19999999999999996","1","false","""/home/ramaswamy.51/Documents/github/Spirals/Media/data/cluster/endsim/BehaviorSearch/Step6_Trial""","true","0.2","1","10","0.7000000000000002","true","true","0.09381311718115698","2","0.0835092177365877"
"1","362","1000","1","""HK""","0.05","false","""normal""","1","""constant""","0.1","""Scale-free""","1","0","1","""uniform""","""deterministic-normal""","35","0.7000000000000002","0","""normal""","-0.09999999999999998","1","false","""/home/ramaswamy.51/Documents/github/Spirals/Media/data/cluster/endsim/BehaviorSearch/Step6_Trial""","true","0.2","1","10","1","true","true","0.08879810127184776","2","0.0835092177365877"
"1","364","1000","1","""HK""","0.01","false","""normal""","1","""constant""","0.1","""Scale-free""","1","0","1","""uniform""","""deterministic-normal""","35","0.5","0","""normal""","-0.19999999999999996","0.9","false","""/home/ramaswamy.51/Documents/github/Spirals/Media/data/cluster/endsim/BehaviorSearch/Step6_Trial""","true","0.2","1","9","0.40000000000000013","true","true","0.11087783070434047","2","0.0835092177365877"
"1","366","1000","1","""HK""","0.08","false","""normal""","1","""constant""","0.1","""Scale-free""","1","0","1","""uniform""","""deterministic-normal""","35","1","0","""normal""","0","0.9","false","""/home/ramaswamy.51/Documents/github/Spirals/Media/data/cluster/endsim/BehaviorSearch/Step6_Trial""","true","0.1","1","10","1","true","true","0.1244274582902695","2","0.0835092177365877"
"1","368","1000","1","""HK""","0.04","false","""normal""","1","""constant""","0.1","""Scale-free""","1","0","1","""uniform""","""deterministic-normal""","35","0.6000000000000001","0","""normal""","0","0.9","false","""/home/ramaswamy.51/Documents/github/Spirals/Media/data/cluster/endsim/BehaviorSearch/Step6_Trial""","true","0.1","1","9","1","true","true","0.0982939638569894","2","0.0835092177365877"
"1","370","1000","1","""HK""","0.02","false","""normal""","1","""constant""","0.1","""Scale-free""","3","0","1","""uniform""","""deterministic-normal""","40","0.9000000000000001","0","""normal""","-0.29999999999999993","1","false","""/home/ramaswamy.51/Documents/github/Spirals/Media/data/cluster/endsim/BehaviorSearch/Step6_Trial""","true","0.2","1","10","0.7000000000000002","true","true","0.10225024554011967","2","0.0835092177365877"
"1","372","1000","1","""HK""","0.05","false","""normal""","1","""constant""","0.1","""Scale-free""","1","0","1","""uniform""","""deterministic-normal""","40","1","0","""normal""","-0.19999999999999996","0.8","false","""/home/ramaswamy.51/Documents/github/Spirals/Media/data/cluster/endsim/BehaviorSearch/Step6_Trial""","true","0","1","10","1","true","true","0.11859477794400136","2","0.0835092177365877"
"1","374","1000","1","""HK""","0.03","false","""normal""","1","""constant""","0.1","""Scale-free""","1","0","1","""uniform""","""deterministic-normal""","35","0.5","0","""normal""","-0.09999999999999998","0.9","false","""/home/ramaswamy.51/Documents/github/Spirals/Media/data/cluster/endsim/BehaviorSearch/Step6_Trial""","true","0.2","1","10","0.40000000000000013","true","true","0.10137184984721603","2","0.0835092177365877"
"1","376","1000","1","""HK""","0.02","false","""normal""","1","""constant""","0.1","""Scale-free""","1","0","1","""uniform""","""deterministic-normal""","40","0.6000000000000001","0","""normal""","0","0.9","false","""/home/ramaswamy.51/Documents/github/Spirals/Media/data/cluster/endsim/BehaviorSearch/Step6_Trial""","true","0.2","0.8","9","0.8","true","true","0.09266969619832588","2","0.0835092177365877"
"1","378","1000","1","""HK""","0.05","false","""normal""","1","""constant""","0.1","""Scale-free""","1","0","1","""uniform""","""deterministic-normal""","40","0.7000000000000002","0","""normal""","-0.09999999999999998","1","false","""/home/ramaswamy.51/Documents/github/Spirals/Media/data/cluster/endsim/BehaviorSearch/Step6_Trial""","true","0.2","1","10","1","true","true","0.11497445130018136","2","0.0835092177365877"
"1","380","1000","1","""HK""","0.01","false","""normal""","1","""constant""","0.1","""Scale-free""","3","0","1","""uniform""","""deterministic-normal""","35","1","0","""normal""","-0.09999999999999998","1","false","""/home/ramaswamy.51/Documents/github/Spirals/Media/data/cluster/endsim/BehaviorSearch/Step6_Trial""","true","0.2","1","10","0.5","true","true","0.10886696864949764","2","0.0835092177365877"
"1","382","1000","1","""HK""","0.01","false","""normal""","1","""constant""","0.1","""Scale-free""","3","0","1","""uniform""","""deterministic-normal""","35","1","0","""normal""","-0.09999999999999998","0.8","false","""/home/ramaswamy.51/Documents/github/Spirals/Media/data/cluster/endsim/BehaviorSearch/Step6_Trial""","true","0.2","0.7000000000000001","9","1","true","true","0.09415139221881977","2","0.0835092177365877"
"1","384","1000","1","""HK""","0.05","false","""normal""","1","""constant""","0.1","""Scale-free""","1","0","1","""uniform""","""deterministic-normal""","35","0.40000000000000013","0","""normal""","0.40000000000000013","1","false","""/home/ramaswamy.51/Documents/github/Spirals/Media/data/cluster/endsim/BehaviorSearch/Step6_Trial""","true","0.2","0.9","9","1","true","true","0.11262805906227258","2","0.0835092177365877"
"1","386","1000","1","""HK""","0.03","false","""normal""","1","""constant""","0.1","""Scale-free""","1","0","1","""uniform""","""deterministic-normal""","35","0.7000000000000002","0","""normal""","-0.09999999999999998","1","false","""/home/ramaswamy.51/Documents/github/Spirals/Media/data/cluster/endsim/BehaviorSearch/Step6_Trial""","true","0.2","0.9","10","1","true","true","0.09697721962477947","2","0.0835092177365877"
"1","388","1000","1","""HK""","0.03","false","""normal""","1","""constant""","0","""Scale-free""","1","0","1","""uniform""","""deterministic-normal""","35","0.8","0","""normal""","-0.19999999999999996","1","false","""/home/ramaswamy.51/Documents/github/Spirals/Media/data/cluster/endsim/BehaviorSearch/Step6_Trial""","true","0.2","1","10","0.7000000000000002","true","true","0.15601694108468295","2","0.0835092177365877"
"1","390","1000","1","""HK""","0.05","false","""normal""","1","""constant""","0.1","""Scale-free""","4","0","1","""uniform""","""deterministic-normal""","30","0.7000000000000002","0","""normal""","-0.09999999999999998","1","false","""/home/ramaswamy.51/Documents/github/Spirals/Media/data/cluster/endsim/BehaviorSearch/Step6_Trial""","true","0.2","1","10","0.7000000000000002","true","true","0.09836959766777531","2","0.0835092177365877"
"1","392","1000","1","""HK""","0.03","false","""normal""","1","""constant""","0.1","""Scale-free""","1","0","1","""uniform""","""deterministic-normal""","35","0.6000000000000001","0","""normal""","-0.5","1","false","""/home/ramaswamy.51/Documents/github/Spirals/Media/data/cluster/endsim/BehaviorSearch/Step6_Trial""","true","0.2","1","10","0.7000000000000002","true","true","0.12174777114070831","2","0.0835092177365877"
"1","394","1000","1","""HK""","0.03","false","""normal""","1","""constant""","0.1","""Scale-free""","1","0","1","""uniform""","""deterministic-normal""","40","0.9000000000000001","0","""normal""","-0.19999999999999996","1","false","""/home/ramaswamy.51/Documents/github/Spirals/Media/data/cluster/endsim/BehaviorSearch/Step6_Trial""","true","0.2","1","8","0.7000000000000002","true","true","0.0952713810043331","2","0.0835092177365877"
"1","396","1000","1","""HK""","0.04","false","""normal""","1","""constant""","0.1","""Scale-free""","3","0","1","""uniform""","""deterministic-normal""","35","0.40000000000000013","0","""normal""","-0.19999999999999996","0.9","false","""/home/ramaswamy.51/Documents/github/Spirals/Media/data/cluster/endsim/BehaviorSearch/Step6_Trial""","true","0.30000000000000004","1","9","0.40000000000000013","true","true","0.10069320472260684","2","0.0835092177365877"
"1","398","1000","1","""HK""","0.01","false","""normal""","1","""constant""","0.1","""Scale-free""","1","0","1","""uniform""","""deterministic-normal""","40","0.9000000000000001","0","""normal""","-0.19999999999999996","1","false","""/home/ramaswamy.51/Documents/github/Spirals/Media/data/cluster/endsim/BehaviorSearch/Step6_Trial""","true","0.5","1","9","0.8","true","true","0.12216311461261394","2","0.0835092177365877"
"1","400","1000","1","""HK""","0.05","false","""normal""","1","""constant""","0.1","""Scale-free""","1","0","1","""uniform""","""deterministic-normal""","30","0.7000000000000002","0","""normal""","-0.09999999999999998","1","false","""/home/ramaswamy.51/Documents/github/Spirals/Media/data/cluster/endsim/BehaviorSearch/Step6_Trial""","true","0.2","1","10","0.8","true","true","0.09032252161193376","2","0.0835092177365877"
"1","402","1000","1","""HK""","0.06999999999999999","false","""normal""","1","""constant""","0","""Scale-free""","1","0","1","""uniform""","""deterministic-normal""","35","0.6000000000000001","0","""normal""","0","1","false","""/home/ramaswamy.51/Documents/github/Spirals/Media/data/cluster/endsim/BehaviorSearch/Step6_Trial""","true","0.2","1","8","0.9000000000000001","true","true","0.22205750440654695","2","0.0835092177365877"
"1","404","1000","1","""HK""","0.09","false","""normal""","1","""constant""","0.1","""Scale-free""","1","0","1","""uniform""","""deterministic-normal""","35","1","0","""normal""","-0.09999999999999998","1","false","""/home/ramaswamy.51/Documents/github/Spirals/Media/data/cluster/endsim/BehaviorSearch/Step6_Trial""","true","0.1","1","10","1","true","true","0.11235932314409461","2","0.0835092177365877"
"1","406","1000","1","""HK""","0.03","false","""normal""","1","""constant""","0.1","""Scale-free""","3","0","1","""uniform""","""deterministic-normal""","35","0.9000000000000001","0.1","""normal""","-0.3999999999999999","1","false","""/home/ramaswamy.51/Documents/github/Spirals/Media/data/cluster/endsim/BehaviorSearch/Step6_Trial""","true","0.2","1","10","0.5","true","true","0.12004832405585694","2","0.0835092177365877"
"1","408","1000","1","""HK""","0.06999999999999999","false","""normal""","1","""constant""","0.1","""Scale-free""","3","0","1","""uniform""","""deterministic-normal""","40","0.9000000000000001","0","""normal""","-0.19999999999999996","1","false","""/home/ramaswamy.51/Documents/github/Spirals/Media/data/cluster/endsim/BehaviorSearch/Step6_Trial""","true","0.2","1","9","0.8","true","true","0.09989066943627045","2","0.0835092177365877"
"1","410","1000","1","""HK""","0.02","false","""normal""","1","""constant""","0.1","""Scale-free""","3","0","1","""uniform""","""deterministic-normal""","35","1","0","""normal""","0","0.9","false","""/home/ramaswamy.51/Documents/github/Spirals/Media/data/cluster/endsim/BehaviorSearch/Step6_Trial""","true","0","1","9","0.9000000000000001","true","true","0.09577427179767481","2","0.0835092177365877"
"1","412","1000","1","""HK""","0.03","false","""normal""","1","""constant""","0.1","""Scale-free""","3","0","1","""uniform""","""deterministic-normal""","25","1","0","""normal""","-0.19999999999999996","0.8","false","""/home/ramaswamy.51/Documents/github/Spirals/Media/data/cluster/endsim/BehaviorSearch/Step6_Trial""","true","0.1","1","10","0.7000000000000002","true","true","0.1252975816122939","2","0.0835092177365877"
"1","414","1000","1","""HK""","0.03","false","""normal""","1","""constant""","0.1","""Scale-free""","3","0","1","""uniform""","""deterministic-normal""","35","1","0","""normal""","-0.09999999999999998","0.8","false","""/home/ramaswamy.51/Documents/github/Spirals/Media/data/cluster/endsim/BehaviorSearch/Step6_Trial""","true","0.2","1","10","1","true","true","0.10035378957895247","2","0.0835092177365877"
"1","416","1000","1","""HK""","0.06999999999999999","false","""normal""","1","""constant""","0.1","""Scale-free""","1","0","1","""uniform""","""deterministic-normal""","35","0.7000000000000002","0","""normal""","-0.09999999999999998","1","false","""/home/ramaswamy.51/Documents/github/Spirals/Media/data/cluster/endsim/BehaviorSearch/Step6_Trial""","true","0.2","1","9","0.7000000000000002","true","true","0.0887290274069417","2","0.0835092177365877"
"1","418","1000","1","""HK""","0.06999999999999999","false","""normal""","1","""constant""","0.1","""Scale-free""","1","0","1","""uniform""","""deterministic-normal""","40","0.7000000000000002","0","""normal""","-0.09999999999999998","1","false","""/home/ramaswamy.51/Documents/github/Spirals/Media/data/cluster/endsim/BehaviorSearch/Step6_Trial""","true","0.2","1","8","0.7000000000000002","true","true","0.10644996230529985","2","0.0835092177365877"
"1","420","1000","1","""HK""","0.05","false","""normal""","1","""constant""","0.1","""Scale-free""","1","0","1","""uniform""","""deterministic-normal""","40","0.7000000000000002","0","""normal""","-0.19999999999999996","0.9","false","""/home/ramaswamy.51/Documents/github/Spirals/Media/data/cluster/endsim/BehaviorSearch/Step6_Trial""","true","0.2","1","10","0.6000000000000001","true","true","0.10816810076562117","2","0.0835092177365877"
"1","422","1000","1","""HK""","0.03","false","""normal""","1","""constant""","0.1","""Scale-free""","3","0","1","""uniform""","""deterministic-normal""","35","0.9000000000000001","0","""normal""","-0.19999999999999996","0.9","false","""/home/ramaswamy.51/Documents/github/Spirals/Media/data/cluster/endsim/BehaviorSearch/Step6_Trial""","true","0.1","1","10","0.7000000000000002","true","true","0.0915584745453455","2","0.0835092177365877"
"1","424","1000","1","""HK""","0.01","false","""normal""","1","""constant""","0.1","""Scale-free""","3","0","1","""uniform""","""deterministic-normal""","35","1","0","""normal""","-0.09999999999999998","0.8","false","""/home/ramaswamy.51/Documents/github/Spirals/Media/data/cluster/endsim/BehaviorSearch/Step6_Trial""","true","0.2","1","10","1","true","true","0.1009705728297898","2","0.0835092177365877"
"1","426","1000","1","""HK""","0.05","false","""normal""","1","""constant""","0.1","""Scale-free""","3","0","1","""uniform""","""deterministic-normal""","35","1","0","""normal""","0","0.8","false","""/home/ramaswamy.51/Documents/github/Spirals/Media/data/cluster/endsim/BehaviorSearch/Step6_Trial""","true","0.2","1","10","0.7000000000000002","true","true","0.09371297305724025","2","0.0835092177365877"
"1","428","1000","1","""HK""","0.03","false","""normal""","1","""constant""","0.1","""Scale-free""","3","0","1","""uniform""","""deterministic-normal""","40","1","0","""normal""","0","1","false","""/home/ramaswamy.51/Documents/github/Spirals/Media/data/cluster/endsim/BehaviorSearch/Step6_Trial""","true","0.30000000000000004","1","10","0.7000000000000002","true","true","0.09873172563995117","2","0.0835092177365877"
"1","430","1000","1","""HK""","0.05","false","""normal""","1","""constant""","0.1","""Scale-free""","1","0","1","""uniform""","""deterministic-normal""","35","0.7000000000000002","0.1","""normal""","0","0.9","false","""/home/ramaswamy.51/Documents/github/Spirals/Media/data/cluster/endsim/BehaviorSearch/Step6_Trial""","true","0.5","1","10","1","true","true","0.10187993837159101","2","0.0835092177365877"
"1","432","1000","1","""HK""","0.02","false","""normal""","1","""constant""","0.1","""Scale-free""","3","0","1","""uniform""","""deterministic-normal""","35","0.9000000000000001","0","""normal""","-0.19999999999999996","0.8","false","""/home/ramaswamy.51/Documents/github/Spirals/Media/data/cluster/endsim/BehaviorSearch/Step6_Trial""","true","0.2","1","10","0.5","true","true","0.10084310453735726","2","0.0835092177365877"
"1","434","1000","1","""HK""","0.03","false","""normal""","1","""constant""","0.1","""Scale-free""","3","0","1","""uniform""","""deterministic-normal""","40","0.9000000000000001","0","""normal""","0","1","false","""/home/ramaswamy.51/Documents/github/Spirals/Media/data/cluster/endsim/BehaviorSearch/Step6_Trial""","true","0.2","1","10","0.5","true","true","0.10392382036267","2","0.0835092177365877"
"1","436","1000","1","""HK""","0.06999999999999999","false","""normal""","1","""constant""","0.1","""Scale-free""","1","0","1","""uniform""","""deterministic-normal""","35","0.5","0","""normal""","-0.19999999999999996","1","false","""/home/ramaswamy.51/Documents/github/Spirals/Media/data/cluster/endsim/BehaviorSearch/Step6_Trial""","true","0.2","1","10","1","true","true","0.08523087766839471","2","0.0835092177365877"
"1","438","1000","1","""HK""","0.03","false","""normal""","1","""constant""","0.1","""Scale-free""","3","0","1","""uniform""","""deterministic-normal""","35","1","0","""normal""","-0.19999999999999996","1","false","""/home/ramaswamy.51/Documents/github/Spirals/Media/data/cluster/endsim/BehaviorSearch/Step6_Trial""","true","0.4","0.9","10","0.7000000000000002","true","true","0.11302278492518376","2","0.0835092177365877"
"1","440","1000","1","""HK""","0.05","false","""normal""","1","""constant""","0.1","""Scale-free""","1","0","1","""uniform""","""deterministic-normal""","35","0.7000000000000002","0","""normal""","-0.09999999999999998","1","false","""/home/ramaswamy.51/Documents/github/Spirals/Media/data/cluster/endsim/BehaviorSearch/Step6_Trial""","true","0.2","1","10","0.9000000000000001","true","true","0.10043310778137692","2","0.0835092177365877"
"1","442","1000","1","""HK""","0.06999999999999999","false","""normal""","1","""constant""","0.1","""Scale-free""","1","0","1","""uniform""","""deterministic-normal""","35","0.5","0","""normal""","-0.5","1","false","""/home/ramaswamy.51/Documents/github/Spirals/Media/data/cluster/endsim/BehaviorSearch/Step6_Trial""","true","0.2","0.8","10","1","true","true","0.1161706685178859","2","0.0835092177365877"
"1","444","1000","1","""HK""","0.03","false","""normal""","1","""constant""","0.1","""Scale-free""","3","0","1","""uniform""","""deterministic-normal""","45","1","0","""normal""","-0.19999999999999996","1","false","""/home/ramaswamy.51/Documents/github/Spirals/Media/data/cluster/endsim/BehaviorSearch/Step6_Trial""","true","0.2","0.9","8","0.40000000000000013","true","true","0.08409646692002551","2","0.0835092177365877"
"1","446","1000","1","""HK""","0.03","false","""normal""","1","""constant""","0.1","""Scale-free""","3","0","1","""uniform""","""deterministic-normal""","45","1","0","""normal""","-0.19999999999999996","0.9","false","""/home/ramaswamy.51/Documents/github/Spirals/Media/data/cluster/endsim/BehaviorSearch/Step6_Trial""","true","0.2","0.9","8","0.40000000000000013","true","true","0.08739295230608006","2","0.0835092177365877"
"1","448","1000","1","""HK""","0.02","false","""normal""","1","""constant""","0.1","""Scale-free""","3","0","1","""uniform""","""deterministic-normal""","40","1","0","""normal""","-0.19999999999999996","1","false","""/home/ramaswamy.51/Documents/github/Spirals/Media/data/cluster/endsim/BehaviorSearch/Step6_Trial""","true","0.2","1","10","0.7000000000000002","true","true","0.10096404376595851","2","0.0835092177365877"
"1","450","1000","1","""HK""","0.05","false","""normal""","1","""constant""","0.1","""Scale-free""","1","0","1","""uniform""","""deterministic-normal""","40","0.9000000000000001","0","""normal""","-0.19999999999999996","1","false","""/home/ramaswamy.51/Documents/github/Spirals/Media/data/cluster/endsim/BehaviorSearch/Step6_Trial""","true","0.2","1","10","0.8","true","true","0.10074114651444273","2","0.0835092177365877"
"1","452","1000","1","""HK""","0.02","false","""normal""","1","""constant""","0.1","""Scale-free""","3","0","1","""uniform""","""deterministic-normal""","40","0.9000000000000001","0","""normal""","-0.19999999999999996","1","false","""/home/ramaswamy.51/Documents/github/Spirals/Media/data/cluster/endsim/BehaviorSearch/Step6_Trial""","true","0.2","0.8","9","0.7000000000000002","true","true","0.09839674350775546","2","0.0835092177365877"
"1","454","1000","1","""HK""","0.03","false","""normal""","1","""constant""","0.1","""Scale-free""","1","0","1","""uniform""","""deterministic-normal""","35","0.7000000000000002","0","""normal""","-0.09999999999999998","1","false","""/home/ramaswamy.51/Documents/github/Spirals/Media/data/cluster/endsim/BehaviorSearch/Step6_Trial""","true","0.2","1","9","0.7000000000000002","true","true","0.09957233689488139","2","0.0835092177365877"
"1","456","1000","1","""HK""","0.02","false","""normal""","1","""constant""","0","""Scale-free""","1","0","1","""uniform""","""deterministic-normal""","35","0.5","0","""normal""","-0.19999999999999996","1","false","""/home/ramaswamy.51/Documents/github/Spirals/Media/data/cluster/endsim/BehaviorSearch/Step6_Trial""","true","0.2","1","10","1","true","true","0.1810265211940314","2","0.0835092177365877"
"1","458","1000","1","""HK""","0.06999999999999999","false","""normal""","1","""constant""","0.1","""Scale-free""","1","0","1","""uniform""","""deterministic-normal""","35","0.7000000000000002","0","""normal""","-0.19999999999999996","1","false","""/home/ramaswamy.51/Documents/github/Spirals/Media/data/cluster/endsim/BehaviorSearch/Step6_Trial""","true","0.2","1","10","1","true","true","0.10891451103887238","2","0.0835092177365877"
"1","460","1000","1","""HK""","0.05","false","""normal""","1","""constant""","0.1","""Scale-free""","1","0","1","""uniform""","""deterministic-normal""","35","0.6000000000000001","0","""normal""","0","0.9","false","""/home/ramaswamy.51/Documents/github/Spirals/Media/data/cluster/endsim/BehaviorSearch/Step6_Trial""","true","0.30000000000000004","1","10","1","true","true","0.10586635873324357","2","0.0835092177365877"
"1","462","1000","1","""HK""","0.02","false","""normal""","1","""constant""","0.1","""Scale-free""","3","0","1","""uniform""","""deterministic-normal""","40","0.9000000000000001","0","""normal""","-0.19999999999999996","1","false","""/home/ramaswamy.51/Documents/github/Spirals/Media/data/cluster/endsim/BehaviorSearch/Step6_Trial""","true","0.1","1","10","0.7000000000000002","true","true","0.08805536232941624","2","0.0835092177365877"
"1","464","1000","1","""HK""","0.02","false","""normal""","1","""constant""","0.1","""Scale-free""","1","0","1","""uniform""","""deterministic-normal""","35","0.30000000000000004","0","""normal""","-0.19999999999999996","0.9","false","""/home/ramaswamy.51/Documents/github/Spirals/Media/data/cluster/endsim/BehaviorSearch/Step6_Trial""","true","0.2","0.8","8","0.40000000000000013","true","true","0.09252408229879966","2","0.0835092177365877"
"1","466","1000","1","""HK""","0.03","false","""normal""","1","""constant""","0.1","""Scale-free""","3","0","1","""uniform""","""deterministic-normal""","40","0.8","0","""normal""","-0.09999999999999998","1","false","""/home/ramaswamy.51/Documents/github/Spirals/Media/data/cluster/endsim/BehaviorSearch/Step6_Trial""","true","0.2","1","10","0.7000000000000002","true","true","0.08523537103550194","2","0.0835092177365877"
"1","468","1000","1","""HK""","0.06999999999999999","false","""normal""","1","""constant""","0","""Scale-free""","1","0","1","""uniform""","""deterministic-normal""","25","0.7000000000000002","0","""normal""","-0.09999999999999998","1","false","""/home/ramaswamy.51/Documents/github/Spirals/Media/data/cluster/endsim/BehaviorSearch/Step6_Trial""","true","0.2","1","9","0.8","true","true","0.229125120088726","2","0.0835092177365877"
"1","470","1000","1","""HK""","0.06999999999999999","false","""normal""","1","""constant""","0.1","""Scale-free""","1","0","1","""uniform""","""deterministic-normal""","35","0.5","0","""normal""","-0.19999999999999996","1","false","""/home/ramaswamy.51/Documents/github/Spirals/Media/data/cluster/endsim/BehaviorSearch/Step6_Trial""","true","0.30000000000000004","1","10","1","true","true","0.11666519221574521","2","0.0835092177365877"
"1","472","1000","1","""HK""","0.05","false","""normal""","1","""constant""","0.1","""Scale-free""","1","0","1","""uniform""","""deterministic-normal""","35","0.9000000000000001","0","""normal""","-0.09999999999999998","1","false","""/home/ramaswamy.51/Documents/github/Spirals/Media/data/cluster/endsim/BehaviorSearch/Step6_Trial""","true","0.1","1","10","1","true","true","0.09161985178584178","2","0.0835092177365877"
"1","474","1000","1","""HK""","0.02","false","""normal""","1","""constant""","0","""Scale-free""","3","0","1","""uniform""","""deterministic-normal""","35","1","0","""normal""","0.10000000000000009","0.7000000000000001","false","""/home/ramaswamy.51/Documents/github/Spirals/Media/data/cluster/endsim/BehaviorSearch/Step6_Trial""","true","0.2","1","9","0.8","true","true","0.1356111224670062","2","0.0835092177365877"
"1","476","1000","1","""HK""","0.06999999999999999","false","""normal""","1","""constant""","0.1","""Scale-free""","1","0","1","""uniform""","""deterministic-normal""","35","0.6000000000000001","0","""normal""","-0.09999999999999998","0.9","false","""/home/ramaswamy.51/Documents/github/Spirals/Media/data/cluster/endsim/BehaviorSearch/Step6_Trial""","true","0.2","1","9","0.10000000000000009","true","true","0.1172163100765356","2","0.0835092177365877"
"1","478","1000","1","""HK""","0.03","false","""normal""","1","""constant""","0.1","""Scale-free""","1","0","1","""uniform""","""deterministic-normal""","35","0.7000000000000002","0","""normal""","-0.09999999999999998","1","false","""/home/ramaswamy.51/Documents/github/Spirals/Media/data/cluster/endsim/BehaviorSearch/Step6_Trial""","true","0.2","1","10","1","true","true","0.10330786180002399","2","0.0835092177365877"
"1","480","1000","1","""HK""","0.01","false","""normal""","1","""constant""","0.1","""Scale-free""","1","0","1","""uniform""","""deterministic-normal""","35","0.6000000000000001","0","""normal""","-0.29999999999999993","0.9","false","""/home/ramaswamy.51/Documents/github/Spirals/Media/data/cluster/endsim/BehaviorSearch/Step6_Trial""","true","0.2","1","8","0.7000000000000002","true","true","0.1132314621137942","2","0.0835092177365877"
"1","482","1000","1","""HK""","0.06999999999999999","false","""normal""","1","""constant""","0.1","""Scale-free""","1","0","1","""uniform""","""deterministic-normal""","35","0.5","0","""normal""","-0.19999999999999996","1","false","""/home/ramaswamy.51/Documents/github/Spirals/Media/data/cluster/endsim/BehaviorSearch/Step6_Trial""","true","0.2","0.9","10","1","true","true","0.09821856815772842","2","0.0835092177365877"
"1","484","1000","1","""HK""","0.01","false","""normal""","1","""constant""","0.1","""Scale-free""","3","0","1","""uniform""","""deterministic-normal""","35","0.7000000000000002","0","""normal""","-0.3999999999999999","0.8","false","""/home/ramaswamy.51/Documents/github/Spirals/Media/data/cluster/endsim/BehaviorSearch/Step6_Trial""","true","0.2","1","10","1","true","true","0.11925604217813374","2","0.0835092177365877"
"1","486","1000","1","""HK""","0.04","false","""normal""","1","""constant""","0","""Scale-free""","1","0","1","""uniform""","""deterministic-normal""","35","0.5","0","""normal""","-0.19999999999999996","1","false","""/home/ramaswamy.51/Documents/github/Spirals/Media/data/cluster/endsim/BehaviorSearch/Step6_Trial""","true","0.2","1","10","1","true","true","0.16129941358674404","2","0.0835092177365877"
"1","488","1000","1","""HK""","0.03","false","""normal""","1","""constant""","0.1","""Scale-free""","3","0","1","""uniform""","""deterministic-normal""","35","1","0","""normal""","-0.19999999999999996","1","false","""/home/ramaswamy.51/Documents/github/Spirals/Media/data/cluster/endsim/BehaviorSearch/Step6_Trial""","true","0.2","0.9","10","0.7000000000000002","true","true","0.09152387893126296","2","0.0835092177365877"
"1","490","1000","1","""HK""","0.03","false","""normal""","1","""constant""","0.1","""Scale-free""","1","0","1","""uniform""","""deterministic-normal""","35","0.5","0","""normal""","-0.19999999999999996","1","false","""/home/ramaswamy.51/Documents/github/Spirals/Media/data/cluster/endsim/BehaviorSearch/Step6_Trial""","true","0.2","1","10","1","true","true","0.09686068473009557","2","0.0835092177365877"
"1","492","1000","1","""HK""","0.08","false","""normal""","1","""constant""","0.1","""Scale-free""","3","0","1","""uniform""","""deterministic-normal""","35","0.8","0","""normal""","-0.19999999999999996","1","false","""/home/ramaswamy.51/Documents/github/Spirals/Media/data/cluster/endsim/BehaviorSearch/Step6_Trial""","true","0.2","1","9","0.7000000000000002","true","true","0.12021617622139599","2","0.0835092177365877"
"1","494","1000","1","""HK""","0.060000000000000005","false","""normal""","1","""constant""","0.1","""Scale-free""","4","0","1","""uniform""","""deterministic-normal""","40","0.9000000000000001","0","""normal""","-0.19999999999999996","1","false","""/home/ramaswamy.51/Documents/github/Spirals/Media/data/cluster/endsim/BehaviorSearch/Step6_Trial""","true","0.2","1","10","0.7000000000000002","true","true","0.09923950305143689","2","0.0835092177365877"
"1","496","1000","1","""HK""","0.06999999999999999","false","""normal""","1","""constant""","0.1","""Scale-free""","1","0","1","""uniform""","""deterministic-normal""","40","0.9000000000000001","0","""normal""","-0.5","1","false","""/home/ramaswamy.51/Documents/github/Spirals/Media/data/cluster/endsim/BehaviorSearch/Step6_Trial""","true","0.2","1","10","1","true","true","0.13062735558728425","2","0.0835092177365877"
"1","498","1000","1","""HK""","0.04","false","""normal""","1","""constant""","0.1","""Scale-free""","4","0","1","""uniform""","""deterministic-normal""","35","0.9000000000000001","0","""normal""","-0.19999999999999996","1","false","""/home/ramaswamy.51/Documents/github/Spirals/Media/data/cluster/endsim/BehaviorSearch/Step6_Trial""","true","0.2","1","10","0.7000000000000002","true","true","0.10079559932321666","2","0.0835092177365877"
"1","500","1000","1","""HK""","0.05","false","""normal""","1","""constant""","0.1","""Scale-free""","1","0","1","""uniform""","""deterministic-normal""","35","0.5","0","""normal""","0","0.9","false","""/home/ramaswamy.51/Documents/github/Spirals/Media/data/cluster/endsim/BehaviorSearch/Step6_Trial""","true","0.1","1","9","1","true","true","0.09806919065993391","2","0.0835092177365877"
"1","502","1000","1","""HK""","0.05","false","""normal""","1","""constant""","0.1","""Scale-free""","1","0","1","""uniform""","""deterministic-normal""","45","0.7000000000000002","0","""normal""","-0.09999999999999998","1","false","""/home/ramaswamy.51/Documents/github/Spirals/Media/data/cluster/endsim/BehaviorSearch/Step6_Trial""","true","0.2","1","10","1","true","true","0.09346841437743644","2","0.0835092177365877"
"1","504","1000","1","""HK""","0.03","false","""normal""","1","""constant""","0.1","""Scale-free""","3","0","1","""uniform""","""deterministic-normal""","50","1","0","""normal""","-0.19999999999999996","1","false","""/home/ramaswamy.51/Documents/github/Spirals/Media/data/cluster/endsim/BehaviorSearch/Step6_Trial""","true","0.2","0.8","8","0.40000000000000013","true","true","0.10788599286844697","2","0.0835092177365877"
"1","506","1000","1","""HK""","0.03","false","""normal""","1","""constant""","0.1","""Scale-free""","3","0","1","""uniform""","""deterministic-normal""","35","1","0","""normal""","-0.3999999999999999","1","false","""/home/ramaswamy.51/Documents/github/Spirals/Media/data/cluster/endsim/BehaviorSearch/Step6_Trial""","true","0.2","0.8","10","0.7000000000000002","true","true","0.11130529916229556","2","0.0835092177365877"
"1","508","1000","1","""HK""","0.05","false","""normal""","1","""constant""","0.1","""Scale-free""","1","0","1","""uniform""","""deterministic-normal""","40","0.9000000000000001","0","""normal""","-0.19999999999999996","0.9","false","""/home/ramaswamy.51/Documents/github/Spirals/Media/data/cluster/endsim/BehaviorSearch/Step6_Trial""","true","0.2","1","10","0.5","true","true","0.10569228926399685","2","0.0835092177365877"
"1","510","1000","1","""HK""","0.02","false","""normal""","1","""constant""","0","""Scale-free""","3","0","1","""uniform""","""deterministic-normal""","40","0.9000000000000001","0","""normal""","-0.6","1","false","""/home/ramaswamy.51/Documents/github/Spirals/Media/data/cluster/endsim/BehaviorSearch/Step6_Trial""","true","0.2","1","10","0.7000000000000002","true","true","0.20269294054621811","2","0.0835092177365877"
"1","512","1000","1","""HK""","0.06999999999999999","false","""normal""","1","""constant""","0.1","""Scale-free""","3","0","1","""uniform""","""deterministic-normal""","40","0.9000000000000001","0.2","""normal""","-0.19999999999999996","1","false","""/home/ramaswamy.51/Documents/github/Spirals/Media/data/cluster/endsim/BehaviorSearch/Step6_Trial""","true","0.2","1","10","0.10000000000000009","true","true","0.09660285184178108","2","0.0835092177365877"
"1","514","1000","1","""HK""","0.03","false","""normal""","1","""constant""","0.1","""Scale-free""","3","0","1","""uniform""","""deterministic-normal""","40","1","0","""normal""","-0.29999999999999993","0.9","false","""/home/ramaswamy.51/Documents/github/Spirals/Media/data/cluster/endsim/BehaviorSearch/Step6_Trial""","true","0.2","1","9","1","true","true","0.10841701127954922","2","0.0835092177365877"
"1","516","1000","1","""HK""","0.03","false","""normal""","1","""constant""","0.1","""Scale-free""","3","0","1","""uniform""","""deterministic-normal""","40","0.9000000000000001","0","""normal""","-0.19999999999999996","1","false","""/home/ramaswamy.51/Documents/github/Spirals/Media/data/cluster/endsim/BehaviorSearch/Step6_Trial""","true","0.2","0.9","9","0.7000000000000002","true","true","0.10281675701224943","2","0.0835092177365877"
"1","518","1000","1","""HK""","0.02","false","""normal""","1","""constant""","0.2","""Scale-free""","2","0","1","""uniform""","""deterministic-normal""","35","0.7000000000000002","0.1","""normal""","-0.19999999999999996","1","false","""/home/ramaswamy.51/Documents/github/Spirals/Media/data/cluster/endsim/BehaviorSearch/Step6_Trial""","true","0.2","0.8","8","0.40000000000000013","true","true","0.15984600798622534","2","0.0835092177365877"
"1","520","1000","1","""HK""","0.04","false","""normal""","1","""constant""","0.1","""Scale-free""","3","0","1","""uniform""","""deterministic-normal""","40","0.8","0","""normal""","-0.09999999999999998","0.9","false","""/home/ramaswamy.51/Documents/github/Spirals/Media/data/cluster/endsim/BehaviorSearch/Step6_Trial""","true","0.2","1","7","0.7000000000000002","true","true","0.09897504500978876","2","0.0835092177365877"
"1","522","1000","1","""HK""","0.03","false","""normal""","1","""constant""","0.1","""Scale-free""","1","0","1","""uniform""","""deterministic-normal""","35","0.8","0","""normal""","0","0.9","false","""/home/ramaswamy.51/Documents/github/Spirals/Media/data/cluster/endsim/BehaviorSearch/Step6_Trial""","true","0.1","1","9","1","true","true","0.09368384586586098","2","0.0835092177365877"
"1","524","1000","1","""HK""","0.05","false","""normal""","1","""constant""","0.1","""Scale-free""","2","0","1","""uniform""","""deterministic-normal""","35","1","0","""normal""","-0.09999999999999998","0.6000000000000001","false","""/home/ramaswamy.51/Documents/github/Spirals/Media/data/cluster/endsim/BehaviorSearch/Step6_Trial""","true","0.2","1","9","0.7000000000000002","true","true","0.12457087358480379","2","0.0835092177365877"
"1","526","1000","1","""HK""","0.02","false","""normal""","1","""constant""","0.1","""Scale-free""","3","0","1","""uniform""","""deterministic-normal""","45","0.6000000000000001","0","""normal""","-0.19999999999999996","1","false","""/home/ramaswamy.51/Documents/github/Spirals/Media/data/cluster/endsim/BehaviorSearch/Step6_Trial""","true","0.2","0.9","7","0.40000000000000013","true","true","0.09658324100396012","2","0.0835092177365877"
"1","528","1000","1","""HK""","0.02","false","""normal""","1","""constant""","0.1","""Scale-free""","1","0","1","""uniform""","""deterministic-normal""","30","0.7000000000000002","0","""normal""","0.10000000000000009","1","false","""/home/ramaswamy.51/Documents/github/Spirals/Media/data/cluster/endsim/BehaviorSearch/Step6_Trial""","true","0.2","1","10","0.8","true","true","0.10329478288452063","2","0.0835092177365877"
"1","530","1000","1","""HK""","0.02","false","""normal""","1","""constant""","0.1","""Scale-free""","3","0","1","""uniform""","""deterministic-normal""","40","0.8","0","""normal""","-0.19999999999999996","1","false","""/home/ramaswamy.51/Documents/github/Spirals/Media/data/cluster/endsim/BehaviorSearch/Step6_Trial""","true","0","1","10","0.7000000000000002","true","true","0.09063193022923474","2","0.0835092177365877"
"1","532","1000","1","""HK""","0.05","false","""normal""","1","""constant""","0.1","""Scale-free""","1","0","1","""uniform""","""deterministic-normal""","35","0.7000000000000002","0","""normal""","-0.09999999999999998","1","false","""/home/ramaswamy.51/Documents/github/Spirals/Media/data/cluster/endsim/BehaviorSearch/Step6_Trial""","true","0.30000000000000004","1","10","1","true","true","0.1073602990679322","2","0.0835092177365877"
"1","534","1000","1","""HK""","0.05","false","""normal""","1","""constant""","0.1","""Scale-free""","1","0","1","""uniform""","""deterministic-normal""","30","0.6000000000000001","0","""normal""","-0.09999999999999998","1","false","""/home/ramaswamy.51/Documents/github/Spirals/Media/data/cluster/endsim/BehaviorSearch/Step6_Trial""","true","0.2","1","10","0.7000000000000002","true","true","0.10554239417136094","2","0.0835092177365877"
"1","536","1000","1","""HK""","0.03","false","""normal""","1","""constant""","0.1","""Scale-free""","1","0","1","""uniform""","""deterministic-normal""","25","0.6000000000000001","0","""normal""","-0.19999999999999996","0.9","false","""/home/ramaswamy.51/Documents/github/Spirals/Media/data/cluster/endsim/BehaviorSearch/Step6_Trial""","true","0.4","1","10","1","true","true","0.10246895780182882","2","0.0835092177365877"
"1","538","1000","1","""HK""","0.06999999999999999","false","""normal""","1","""constant""","0.1","""Scale-free""","3","0","1","""uniform""","""deterministic-normal""","45","1","0.2","""normal""","-0.19999999999999996","0.9","false","""/home/ramaswamy.51/Documents/github/Spirals/Media/data/cluster/endsim/BehaviorSearch/Step6_Trial""","true","0.2","0.9","8","0.40000000000000013","true","true","0.09856301409213956","2","0.0835092177365877"
"1","540","1000","1","""HK""","0.02","false","""normal""","1","""constant""","0.1","""Scale-free""","3","0","1","""uniform""","""deterministic-normal""","45","1","0","""normal""","-0.19999999999999996","1","false","""/home/ramaswamy.51/Documents/github/Spirals/Media/data/cluster/endsim/BehaviorSearch/Step6_Trial""","true","0.2","0.9","8","0.40000000000000013","true","true","0.08788004179005557","2","0.0835092177365877"
"1","542","1000","1","""HK""","0.03","false","""normal""","1","""constant""","0.1","""Scale-free""","3","0","1","""uniform""","""deterministic-normal""","45","0.9000000000000001","0","""normal""","-0.09999999999999998","1","false","""/home/ramaswamy.51/Documents/github/Spirals/Media/data/cluster/endsim/BehaviorSearch/Step6_Trial""","true","0.2","0.9","8","0.6000000000000001","true","true","0.07808610501973776","2","0.07808610501973776"
"1","544","1000","1","""HK""","0.05","false","""normal""","1","""constant""","0.1","""Scale-free""","1","0","1","""uniform""","""deterministic-normal""","35","0.7000000000000002","0","""normal""","0","0.8","false","""/home/ramaswamy.51/Documents/github/Spirals/Media/data/cluster/endsim/BehaviorSearch/Step6_Trial""","true","0.1","1","10","0.5","true","true","0.10219199507986262","2","0.07808610501973776"
"1","546","1000","1","""HK""","0.060000000000000005","false","""normal""","1","""constant""","0.1","""Scale-free""","1","0","1","""uniform""","""deterministic-normal""","35","0.6000000000000001","0","""normal""","0","0.9","false","""/home/ramaswamy.51/Documents/github/Spirals/Media/data/cluster/endsim/BehaviorSearch/Step6_Trial""","true","0","1","10","0.7000000000000002","true","true","0.12794561618839037","2","0.07808610501973776"
"1","548","1000","1","""HK""","0.06999999999999999","false","""normal""","1","""constant""","0.1","""Scale-free""","1","0","1","""uniform""","""deterministic-normal""","35","0.6000000000000001","0","""normal""","-0.09999999999999998","1","false","""/home/ramaswamy.51/Documents/github/Spirals/Media/data/cluster/endsim/BehaviorSearch/Step6_Trial""","true","0.2","1","9","0.7000000000000002","true","true","0.09724352709809836","2","0.07808610501973776"
"1","550","1000","1","""HK""","0.02","false","""normal""","1","""constant""","0.2","""Scale-free""","2","0","1","""uniform""","""deterministic-normal""","35","0.8","0","""normal""","-0.19999999999999996","1","false","""/home/ramaswamy.51/Documents/github/Spirals/Media/data/cluster/endsim/BehaviorSearch/Step6_Trial""","true","0.2","1","10","0.7000000000000002","true","true","0.14862708395147695","2","0.07808610501973776"
"1","552","1000","1","""HK""","0.06999999999999999","false","""normal""","1","""constant""","0.1","""Scale-free""","1","0","1","""uniform""","""deterministic-normal""","40","0.8","0","""normal""","-0.19999999999999996","1","false","""/home/ramaswamy.51/Documents/github/Spirals/Media/data/cluster/endsim/BehaviorSearch/Step6_Trial""","true","0.2","1","9","0.7000000000000002","true","true","0.10387001386637161","2","0.07808610501973776"
"1","554","1000","1","""HK""","0.03","false","""normal""","1","""constant""","0.1","""Scale-free""","3","0","1","""uniform""","""deterministic-normal""","35","1","0","""normal""","-0.7","1","false","""/home/ramaswamy.51/Documents/github/Spirals/Media/data/cluster/endsim/BehaviorSearch/Step6_Trial""","true","0.2","1","10","0.7000000000000002","true","true","0.12656671222335752","2","0.07808610501973776"
"1","556","1000","1","""HK""","0.01","false","""normal""","1","""constant""","0.1","""Scale-free""","3","0","1","""uniform""","""deterministic-normal""","35","1","0","""normal""","-0.09999999999999998","0.8","false","""/home/ramaswamy.51/Documents/github/Spirals/Media/data/cluster/endsim/BehaviorSearch/Step6_Trial""","true","0.1","0.9","9","1","true","true","0.10769457912592346","2","0.07808610501973776"
"1","558","1000","1","""HK""","0.06999999999999999","false","""normal""","1","""constant""","0.1","""Scale-free""","1","0","1","""uniform""","""deterministic-normal""","35","0.7000000000000002","0","""normal""","-0.09999999999999998","1","false","""/home/ramaswamy.51/Documents/github/Spirals/Media/data/cluster/endsim/BehaviorSearch/Step6_Trial""","true","0.2","1","8","0.7000000000000002","true","true","0.09125881329657587","2","0.07808610501973776"
"1","560","1000","1","""HK""","0.09","false","""normal""","1","""constant""","0.1","""Scale-free""","3","0","1","""uniform""","""deterministic-normal""","40","0.8","0","""normal""","-0.09999999999999998","0.9","false","""/home/ramaswamy.51/Documents/github/Spirals/Media/data/cluster/endsim/BehaviorSearch/Step6_Trial""","true","0","1","10","0.7000000000000002","true","true","0.13218963311994664","2","0.07808610501973776"
"1","562","1000","1","""HK""","0.03","false","""normal""","1","""constant""","0.1","""Scale-free""","1","0","1","""uniform""","""deterministic-normal""","35","0.20000000000000018","0","""normal""","-0.19999999999999996","1","false","""/home/ramaswamy.51/Documents/github/Spirals/Media/data/cluster/endsim/BehaviorSearch/Step6_Trial""","true","0.2","1","10","1","true","true","0.0968367545223614","2","0.07808610501973776"
"1","564","1000","1","""HK""","0.02","false","""normal""","1","""constant""","0.1","""Scale-free""","3","0","1","""uniform""","""deterministic-normal""","45","1","0.30000000000000004","""normal""","-0.29999999999999993","1","false","""/home/ramaswamy.51/Documents/github/Spirals/Media/data/cluster/endsim/BehaviorSearch/Step6_Trial""","true","0.2","0.9","8","0.7000000000000002","true","true","0.1133919135680034","2","0.07808610501973776"
"1","566","1000","1","""HK""","0.03","false","""normal""","1","""constant""","0.2","""Scale-free""","3","0","1","""uniform""","""deterministic-normal""","45","0.9000000000000001","0","""normal""","-0.29999999999999993","1","false","""/home/ramaswamy.51/Documents/github/Spirals/Media/data/cluster/endsim/BehaviorSearch/Step6_Trial""","true","0.30000000000000004","0.9","10","0.7000000000000002","true","true","0.15047198826832317","2","0.07808610501973776"
"1","568","1000","1","""HK""","0.05","false","""normal""","1","""constant""","0.1","""Scale-free""","1","0","1","""uniform""","""deterministic-normal""","35","0.7000000000000002","0","""normal""","-0.19999999999999996","1","false","""/home/ramaswamy.51/Documents/github/Spirals/Media/data/cluster/endsim/BehaviorSearch/Step6_Trial""","true","0.2","1","10","0.7000000000000002","true","true","0.09197664845615355","2","0.07808610501973776"
"1","570","1000","1","""HK""","0.02","false","""normal""","1","""constant""","0.1","""Scale-free""","3","0","1","""uniform""","""deterministic-normal""","40","0.9000000000000001","0","""normal""","-0.19999999999999996","1","false","""/home/ramaswamy.51/Documents/github/Spirals/Media/data/cluster/endsim/BehaviorSearch/Step6_Trial""","true","0.2","1","10","0.9000000000000001","true","true","0.1059957053062729","2","0.07808610501973776"
"1","572","1000","1","""HK""","0.03","false","""normal""","1","""constant""","0.1","""Scale-free""","3","0","1","""uniform""","""deterministic-normal""","35","0.9000000000000001","0","""normal""","-0.09999999999999998","0.9","false","""/home/ramaswamy.51/Documents/github/Spirals/Media/data/cluster/endsim/BehaviorSearch/Step6_Trial""","true","0.2","1","10","1","true","true","0.09937856744434848","2","0.07808610501973776"
"1","574","1000","1","""HK""","0.01","false","""normal""","1","""constant""","0.1","""Scale-free""","3","0","1","""uniform""","""deterministic-normal""","40","0.7000000000000002","0.2","""normal""","0","1","false","""/home/ramaswamy.51/Documents/github/Spirals/Media/data/cluster/endsim/BehaviorSearch/Step6_Trial""","true","0.2","1","10","0.7000000000000002","true","true","0.08455502829191264","2","0.07808610501973776"
"1","576","1000","1","""HK""","0.03","false","""normal""","1","""constant""","0.1","""Scale-free""","3","0","1","""uniform""","""deterministic-normal""","35","0.8","0","""normal""","-0.19999999999999996","1","false","""/home/ramaswamy.51/Documents/github/Spirals/Media/data/cluster/endsim/BehaviorSearch/Step6_Trial""","true","0.1","0.9","8","0.6000000000000001","true","true","0.09911184213087154","2","0.07808610501973776"
"1","578","1000","1","""HK""","0.06999999999999999","false","""normal""","1","""constant""","0.1","""Scale-free""","2","0","1","""uniform""","""deterministic-normal""","35","0.5","0","""normal""","-0.19999999999999996","1","false","""/home/ramaswamy.51/Documents/github/Spirals/Media/data/cluster/endsim/BehaviorSearch/Step6_Trial""","true","0.2","1","10","1","true","true","0.10113849835654355","2","0.07808610501973776"
"1","580","1000","1","""HK""","0.08","false","""normal""","1","""constant""","0.1","""Scale-free""","1","0","1","""uniform""","""deterministic-normal""","35","0.7000000000000002","0","""normal""","-0.09999999999999998","1","false","""/home/ramaswamy.51/Documents/github/Spirals/Media/data/cluster/endsim/BehaviorSearch/Step6_Trial""","true","0.2","1","9","0.7000000000000002","true","true","0.09029238893095914","2","0.07808610501973776"
"1","582","1000","1","""HK""","0.03","false","""normal""","1","""constant""","0.1","""Scale-free""","3","0","1","""uniform""","""deterministic-normal""","40","0.8","0.1","""normal""","-0.09999999999999998","1","false","""/home/ramaswamy.51/Documents/github/Spirals/Media/data/cluster/endsim/BehaviorSearch/Step6_Trial""","true","0.2","1","9","0.7000000000000002","true","true","0.09226919432964117","2","0.07808610501973776"
"1","584","1000","1","""HK""","0.05","false","""normal""","1","""constant""","0.1","""Scale-free""","4","0","1","""uniform""","""deterministic-normal""","45","0.9000000000000001","0","""normal""","-0.09999999999999998","1","false","""/home/ramaswamy.51/Documents/github/Spirals/Media/data/cluster/endsim/BehaviorSearch/Step6_Trial""","true","0.2","0.9","8","0.6000000000000001","true","true","0.09200410838212192","2","0.07808610501973776"
"1","586","1000","1","""HK""","0.05","false","""normal""","1","""constant""","0.1","""Scale-free""","3","0","1","""uniform""","""deterministic-normal""","40","0.6000000000000001","0.2","""normal""","0.6000000000000001","0.9","false","""/home/ramaswamy.51/Documents/github/Spirals/Media/data/cluster/endsim/BehaviorSearch/Step6_Trial""","true","0.30000000000000004","0.8","10","0.7000000000000002","true","true","0.17280494943404812","2","0.07808610501973776"
"1","588","1000","1","""HK""","0.06999999999999999","false","""normal""","1","""constant""","0.1","""Scale-free""","1","0","1","""uniform""","""deterministic-normal""","35","0.7000000000000002","0","""normal""","-0.09999999999999998","1","false","""/home/ramaswamy.51/Documents/github/Spirals/Media/data/cluster/endsim/BehaviorSearch/Step6_Trial""","true","0.30000000000000004","1","9","0.7000000000000002","true","true","0.09511415892160736","2","0.07808610501973776"
"1","590","1000","1","""HK""","0.02","false","""normal""","1","""constant""","0.1","""Scale-free""","3","0","1","""uniform""","""deterministic-normal""","45","1","0","""normal""","-0.19999999999999996","1","false","""/home/ramaswamy.51/Documents/github/Spirals/Media/data/cluster/endsim/BehaviorSearch/Step6_Trial""","true","0.2","0.9","8","0.5","true","true","0.09901719689165997","2","0.07808610501973776"
"1","592","1000","1","""HK""","0.01","false","""normal""","1","""constant""","0.1","""Scale-free""","3","0","1","""uniform""","""deterministic-normal""","45","0.7000000000000002","0.1","""normal""","-0.3999999999999999","1","false","""/home/ramaswamy.51/Documents/github/Spirals/Media/data/cluster/endsim/BehaviorSearch/Step6_Trial""","true","0.2","0.9","8","0.40000000000000013","true","true","0.11134074415529585","2","0.07808610501973776"
"1","594","1000","1","""HK""","0.03","false","""normal""","1","""constant""","0.1","""Scale-free""","3","0","1","""uniform""","""deterministic-normal""","45","0.7000000000000002","0","""normal""","-0.19999999999999996","0.9","false","""/home/ramaswamy.51/Documents/github/Spirals/Media/data/cluster/endsim/BehaviorSearch/Step6_Trial""","true","0.2","0.9","8","0.6000000000000001","true","true","0.10207576398340512","2","0.07808610501973776"
"1","596","1000","1","""HK""","0.06999999999999999","false","""normal""","1","""constant""","0.1","""Scale-free""","1","0","1","""uniform""","""deterministic-normal""","35","0.5","0","""normal""","-0.09999999999999998","1","false","""/home/ramaswamy.51/Documents/github/Spirals/Media/data/cluster/endsim/BehaviorSearch/Step6_Trial""","true","0.2","1","10","0.8","true","true","0.0781302458538381","2","0.07808610501973776"
"1","598","1000","1","""HK""","0.06999999999999999","false","""normal""","1","""constant""","0.1","""Scale-free""","1","0","1","""uniform""","""deterministic-normal""","35","0.5","0","""normal""","-0.09999999999999998","0.8","false","""/home/ramaswamy.51/Documents/github/Spirals/Media/data/cluster/endsim/BehaviorSearch/Step6_Trial""","true","0.2","1","10","0.9000000000000001","true","true","0.10486464482486435","2","0.07808610501973776"
"1","600","1000","1","""HK""","0.02","false","""normal""","1","""constant""","0.1","""Scale-free""","3","0","1","""uniform""","""deterministic-normal""","45","0.9000000000000001","0","""normal""","-0.3999999999999999","1","false","""/home/ramaswamy.51/Documents/github/Spirals/Media/data/cluster/endsim/BehaviorSearch/Step6_Trial""","true","0.2","1","8","0.6000000000000001","true","true","0.11548866496330012","2","0.07808610501973776"
"1","602","1000","1","""HK""","0.01","false","""normal""","1","""constant""","0.1","""Scale-free""","1","0","1","""uniform""","""deterministic-normal""","35","0.6000000000000001","0","""normal""","0","0.9","false","""/home/ramaswamy.51/Documents/github/Spirals/Media/data/cluster/endsim/BehaviorSearch/Step6_Trial""","true","0","1","9","1","true","true","0.10511960484436428","2","0.07808610501973776"
"1","604","1000","1","""HK""","0.01","false","""normal""","1","""constant""","0.1","""Scale-free""","1","0","1","""uniform""","""deterministic-normal""","40","0.7000000000000002","0","""normal""","-0.09999999999999998","1","false","""/home/ramaswamy.51/Documents/github/Spirals/Media/data/cluster/endsim/BehaviorSearch/Step6_Trial""","true","0.2","1","10","0.7000000000000002","true","true","0.09746387987268333","2","0.07808610501973776"
"1","606","1000","1","""HK""","0.06999999999999999","false","""normal""","1","""constant""","0.1","""Scale-free""","1","0","1","""uniform""","""deterministic-normal""","35","0.40000000000000013","0","""normal""","-0.19999999999999996","1","false","""/home/ramaswamy.51/Documents/github/Spirals/Media/data/cluster/endsim/BehaviorSearch/Step6_Trial""","true","0.2","1","10","1","true","true","0.09773101345240802","2","0.07808610501973776"
"1","608","1000","1","""HK""","0.060000000000000005","false","""normal""","1","""constant""","0.1","""Scale-free""","1","0","1","""uniform""","""deterministic-normal""","40","0.6000000000000001","0","""normal""","-0.19999999999999996","0.9","false","""/home/ramaswamy.51/Documents/github/Spirals/Media/data/cluster/endsim/BehaviorSearch/Step6_Trial""","true","0.2","1","9","0.40000000000000013","true","true","0.1101337646267009","2","0.07808610501973776"
"1","610","1000","1","""HK""","0.03","false","""normal""","1","""constant""","0.1","""Scale-free""","3","0","1","""uniform""","""deterministic-normal""","35","0.6000000000000001","0","""normal""","-0.09999999999999998","1","false","""/home/ramaswamy.51/Documents/github/Spirals/Media/data/cluster/endsim/BehaviorSearch/Step6_Trial""","true","0.2","1","9","0.8","true","true","0.10529036528256275","2","0.07808610501973776"
"1","612","1000","1","""HK""","0.05","false","""normal""","1","""constant""","0.1","""Scale-free""","1","0","1","""uniform""","""deterministic-normal""","35","0.6000000000000001","0","""normal""","-0.09999999999999998","1","false","""/home/ramaswamy.51/Documents/github/Spirals/Media/data/cluster/endsim/BehaviorSearch/Step6_Trial""","true","0.1","1","10","1","true","true","0.08730558067512885","2","0.07808610501973776"
"1","614","1000","1","""HK""","0.06999999999999999","false","""normal""","1","""constant""","0.1","""Scale-free""","3","0","1","""uniform""","""deterministic-normal""","50","0.9000000000000001","0","""normal""","-0.09999999999999998","1","false","""/home/ramaswamy.51/Documents/github/Spirals/Media/data/cluster/endsim/BehaviorSearch/Step6_Trial""","true","0.2","0.8","8","0.6000000000000001","true","true","0.09777590474343253","2","0.07808610501973776"
"1","616","1000","1","""HK""","0.04","false","""normal""","1","""constant""","0.1","""Scale-free""","3","0","1","""uniform""","""deterministic-normal""","35","0.6000000000000001","0","""normal""","-0.19999999999999996","1","false","""/home/ramaswamy.51/Documents/github/Spirals/Media/data/cluster/endsim/BehaviorSearch/Step6_Trial""","true","0.2","1","9","0.40000000000000013","true","true","0.09786243458304347","2","0.07808610501973776"
"1","618","1000","1","""HK""","0.05","false","""normal""","1","""constant""","0.1","""Scale-free""","1","0","1","""uniform""","""deterministic-normal""","35","0.6000000000000001","0","""normal""","-0.09999999999999998","1","false","""/home/ramaswamy.51/Documents/github/Spirals/Media/data/cluster/endsim/BehaviorSearch/Step6_Trial""","true","0.2","1","10","1","true","true","0.0845563424711738","2","0.07808610501973776"
"1","620","1000","1","""HK""","0.11","false","""normal""","1","""constant""","0.1","""Scale-free""","1","0","1","""uniform""","""deterministic-normal""","40","0.9000000000000001","0","""normal""","-0.19999999999999996","1","false","""/home/ramaswamy.51/Documents/github/Spirals/Media/data/cluster/endsim/BehaviorSearch/Step6_Trial""","true","0.2","1","10","0.7000000000000002","true","true","0.1377689459697944","2","0.07808610501973776"
"1","622","1000","1","""HK""","0.02","false","""normal""","1","""constant""","0.1","""Scale-free""","1","0","1","""uniform""","""deterministic-normal""","25","0.6000000000000001","0.1","""normal""","-0.09999999999999998","1","false","""/home/ramaswamy.51/Documents/github/Spirals/Media/data/cluster/endsim/BehaviorSearch/Step6_Trial""","true","0.1","1","10","1","true","true","0.08609177514303624","2","0.07808610501973776"
"1","624","1000","1","""HK""","0.05","false","""normal""","1","""constant""","0.1","""Scale-free""","1","0","1","""uniform""","""deterministic-normal""","35","0.7000000000000002","0","""normal""","-0.09999999999999998","0.9","false","""/home/ramaswamy.51/Documents/github/Spirals/Media/data/cluster/endsim/BehaviorSearch/Step6_Trial""","true","0.30000000000000004","1","10","1","true","true","0.09823204374695471","2","0.07808610501973776"
"1","626","1000","1","""HK""","0.03","false","""normal""","1","""constant""","0","""Scale-free""","3","0","1","""uniform""","""deterministic-normal""","50","1","0","""normal""","-0.19999999999999996","1","false","""/home/ramaswamy.51/Documents/github/Spirals/Media/data/cluster/endsim/BehaviorSearch/Step6_Trial""","true","0.2","0.9","8","0.40000000000000013","true","true","0.15794201625637988","2","0.07808610501973776"
"1","628","1000","1","""HK""","0.04","false","""normal""","1","""constant""","0.1","""Scale-free""","1","0","1","""uniform""","""deterministic-normal""","25","0.6000000000000001","0.2","""normal""","-0.09999999999999998","1","false","""/home/ramaswamy.51/Documents/github/Spirals/Media/data/cluster/endsim/BehaviorSearch/Step6_Trial""","true","0.1","1","10","1","true","true","0.09861583771418421","2","0.07808610501973776"
"1","630","1000","1","""HK""","0.02","false","""normal""","1","""constant""","0.1","""Scale-free""","3","0","1","""uniform""","""deterministic-normal""","45","1","0","""normal""","-0.19999999999999996","1","false","""/home/ramaswamy.51/Documents/github/Spirals/Media/data/cluster/endsim/BehaviorSearch/Step6_Trial""","true","0.2","0.7000000000000001","8","0.20000000000000018","true","true","0.09835965013921323","2","0.07808610501973776"
"1","632","1000","1","""HK""","0.04","false","""normal""","1","""constant""","0.1","""Scale-free""","3","0","1","""uniform""","""deterministic-normal""","35","0.9000000000000001","0","""normal""","-0.09999999999999998","1","false","""/home/ramaswamy.51/Documents/github/Spirals/Media/data/cluster/endsim/BehaviorSearch/Step6_Trial""","true","0.2","1","10","0.9000000000000001","true","true","0.09093228576884044","2","0.07808610501973776"
"1","634","1000","1","""HK""","0.05","false","""normal""","1","""constant""","0.2","""Scale-free""","1","0","1","""uniform""","""deterministic-normal""","35","0.6000000000000001","0","""normal""","0.10000000000000009","0.9","false","""/home/ramaswamy.51/Documents/github/Spirals/Media/data/cluster/endsim/BehaviorSearch/Step6_Trial""","true","0.2","1","9","0.7000000000000002","true","true","0.17932785713328742","2","0.07808610501973776"
"1","636","1000","1","""HK""","0.03","false","""normal""","1","""constant""","0.2","""Scale-free""","3","0","1","""uniform""","""deterministic-normal""","45","1","0","""normal""","-0.19999999999999996","1","false","""/home/ramaswamy.51/Documents/github/Spirals/Media/data/cluster/endsim/BehaviorSearch/Step6_Trial""","true","0.2","0.9","8","0.40000000000000013","true","true","0.15256226708255075","2","0.07808610501973776"
"1","638","1000","1","""HK""","0.05","false","""normal""","1","""constant""","0.1","""Scale-free""","1","0","1","""uniform""","""deterministic-normal""","35","0.6000000000000001","0.30000000000000004","""normal""","-0.3999999999999999","1","false","""/home/ramaswamy.51/Documents/github/Spirals/Media/data/cluster/endsim/BehaviorSearch/Step6_Trial""","true","0.2","0.8","10","1","true","true","0.11332356834752144","2","0.07808610501973776"
"1","640","1000","1","""HK""","0.03","false","""normal""","1","""constant""","0.1","""Scale-free""","3","0","1","""uniform""","""deterministic-normal""","45","0.9000000000000001","0","""normal""","-0.19999999999999996","1","false","""/home/ramaswamy.51/Documents/github/Spirals/Media/data/cluster/endsim/BehaviorSearch/Step6_Trial""","true","0","0.9","10","0.7000000000000002","true","true","0.11042129684659382","2","0.07808610501973776"
"1","642","1000","1","""HK""","0.05","false","""normal""","1","""constant""","0.1","""Scale-free""","2","0","1","""uniform""","""deterministic-normal""","35","0.5","0","""normal""","-0.19999999999999996","1","false","""/home/ramaswamy.51/Documents/github/Spirals/Media/data/cluster/endsim/BehaviorSearch/Step6_Trial""","true","0.30000000000000004","0.9","10","0.8","true","true","0.10029350562297082","2","0.07808610501973776"
"1","644","1000","1","""HK""","0.03","false","""normal""","1","""constant""","0.1","""Scale-free""","3","0","1","""uniform""","""deterministic-normal""","45","0.9000000000000001","0","""normal""","0","1","false","""/home/ramaswamy.51/Documents/github/Spirals/Media/data/cluster/endsim/BehaviorSearch/Step6_Trial""","true","0.1","0.9","8","0.40000000000000013","true","true","0.08309194907905496","2","0.07808610501973776"
"1","646","1000","1","""HK""","0.01","false","""normal""","1","""constant""","0.1","""Scale-free""","3","0","1","""uniform""","""deterministic-normal""","45","0.7000000000000002","0","""normal""","0.10000000000000009","1","false","""/home/ramaswamy.51/Documents/github/Spirals/Media/data/cluster/endsim/BehaviorSearch/Step6_Trial""","true","0.2","0.9","8","0.5","true","true","0.10070384409143486","2","0.07808610501973776"
"1","648","1000","1","""HK""","0.03","false","""normal""","1","""constant""","0.1","""Scale-free""","4","0","1","""uniform""","""deterministic-normal""","50","0.9000000000000001","0","""normal""","-0.09999999999999998","1","false","""/home/ramaswamy.51/Documents/github/Spirals/Media/data/cluster/endsim/BehaviorSearch/Step6_Trial""","true","0.1","0.9","8","0.40000000000000013","true","true","0.09958601501692413","2","0.07808610501973776"
"1","650","1000","1","""HK""","0.01","false","""normal""","1","""constant""","0.1","""Scale-free""","1","0","1","""uniform""","""deterministic-normal""","25","0.6000000000000001","0","""normal""","-0.09999999999999998","1","false","""/home/ramaswamy.51/Documents/github/Spirals/Media/data/cluster/endsim/BehaviorSearch/Step6_Trial""","true","0.2","0.9","8","0.6000000000000001","true","true","0.08724239161067207","2","0.07808610501973776"
"1","652","1000","1","""HK""","0.01","false","""normal""","1","""constant""","0.1","""Scale-free""","1","0","1","""uniform""","""deterministic-normal""","25","0.6000000000000001","0.1","""normal""","-0.09999999999999998","1","false","""/home/ramaswamy.51/Documents/github/Spirals/Media/data/cluster/endsim/BehaviorSearch/Step6_Trial""","true","0.1","1","9","1","true","true","0.09503217520899651","2","0.07808610501973776"
"1","654","1000","1","""HK""","0.01","false","""normal""","1","""constant""","0.1","""Scale-free""","3","0","1","""uniform""","""deterministic-normal""","40","0.7000000000000002","0.2","""normal""","0","1","false","""/home/ramaswamy.51/Documents/github/Spirals/Media/data/cluster/endsim/BehaviorSearch/Step6_Trial""","true","0.2","0.9","8","0.40000000000000013","true","true","0.1084755818706435","2","0.07808610501973776"
"1","656","1000","1","""HK""","0.04","false","""normal""","1","""constant""","0.1","""Scale-free""","3","0","1","""uniform""","""deterministic-normal""","45","0.9000000000000001","0","""normal""","-0.09999999999999998","1","false","""/home/ramaswamy.51/Documents/github/Spirals/Media/data/cluster/endsim/BehaviorSearch/Step6_Trial""","true","0.2","0.8","8","0.8","true","true","0.094625654376781","2","0.07808610501973776"
"1","658","1000","1","""HK""","0.02","false","""normal""","1","""constant""","0.1","""Scale-free""","3","0","1","""uniform""","""deterministic-normal""","45","0.40000000000000013","0.1","""normal""","-0.09999999999999998","1","false","""/home/ramaswamy.51/Documents/github/Spirals/Media/data/cluster/endsim/BehaviorSearch/Step6_Trial""","true","0.2","1","10","0.6000000000000001","true","true","0.09162909572480613","2","0.07808610501973776"
"1","660","1000","1","""HK""","0.03","false","""normal""","1","""constant""","0.1","""Scale-free""","4","0","1","""uniform""","""deterministic-normal""","45","0.9000000000000001","0","""normal""","-0.19999999999999996","0.9","false","""/home/ramaswamy.51/Documents/github/Spirals/Media/data/cluster/endsim/BehaviorSearch/Step6_Trial""","true","0.2","0.9","8","0.6000000000000001","true","true","0.0978142667833858","2","0.07808610501973776"
"1","662","1000","1","""HK""","0.01","false","""normal""","1","""constant""","0.1","""Scale-free""","3","0","1","""uniform""","""deterministic-normal""","40","0.20000000000000018","0.30000000000000004","""normal""","-0.09999999999999998","1","false","""/home/ramaswamy.51/Documents/github/Spirals/Media/data/cluster/endsim/BehaviorSearch/Step6_Trial""","true","0.1","1","8","1","true","true","0.09389776992489246","2","0.07808610501973776"
"1","664","1000","1","""HK""","0.06999999999999999","false","""normal""","1","""constant""","0.1","""Scale-free""","1","0","1","""uniform""","""deterministic-normal""","30","0.20000000000000018","0.1","""normal""","-0.29999999999999993","1","false","""/home/ramaswamy.51/Documents/github/Spirals/Media/data/cluster/endsim/BehaviorSearch/Step6_Trial""","true","0.2","0.9","8","0.40000000000000013","true","true","0.10493760739393498","2","0.07808610501973776"
"1","666","1000","1","""HK""","0.01","false","""normal""","1","""constant""","0.1","""Scale-free""","3","0","1","""uniform""","""deterministic-normal""","40","0.7000000000000002","0.30000000000000004","""normal""","-0.09999999999999998","1","false","""/home/ramaswamy.51/Documents/github/Spirals/Media/data/cluster/endsim/BehaviorSearch/Step6_Trial""","true","0.2","0.9","8","0.6000000000000001","true","true","0.100044158978112","2","0.07808610501973776"
"1","668","1000","1","""HK""","0.06999999999999999","false","""normal""","1","""constant""","0.1","""Scale-free""","1","0","1","""uniform""","""deterministic-normal""","35","0.7000000000000002","0","""normal""","-0.09999999999999998","1","false","""/home/ramaswamy.51/Documents/github/Spirals/Media/data/cluster/endsim/BehaviorSearch/Step6_Trial""","true","0.2","1","10","1","true","true","0.09960093185422073","2","0.07808610501973776"
"1","670","1000","1","""HK""","0.05","false","""normal""","1","""constant""","0","""Scale-free""","1","0","1","""uniform""","""deterministic-normal""","35","0.7000000000000002","0","""normal""","0","0.9","false","""/home/ramaswamy.51/Documents/github/Spirals/Media/data/cluster/endsim/BehaviorSearch/Step6_Trial""","true","0.1","1","10","0.7000000000000002","true","true","0.22965060738067444","2","0.07808610501973776"
"1","672","1000","1","""HK""","0.03","false","""normal""","1","""constant""","0.1","""Scale-free""","3","0","1","""uniform""","""deterministic-normal""","45","0.9000000000000001","0","""normal""","-0.09999999999999998","1","false","""/home/ramaswamy.51/Documents/github/Spirals/Media/data/cluster/endsim/BehaviorSearch/Step6_Trial""","true","0.1","0.9","8","0.6000000000000001","true","true","0.11300758154426735","2","0.07808610501973776"
"1","674","1000","1","""HK""","0.03","false","""normal""","1","""constant""","0.1","""Scale-free""","3","0","1","""uniform""","""deterministic-normal""","50","0.9000000000000001","0","""normal""","-0.09999999999999998","1","false","""/home/ramaswamy.51/Documents/github/Spirals/Media/data/cluster/endsim/BehaviorSearch/Step6_Trial""","true","0.2","0.9","8","0.6000000000000001","true","true","0.08929024319829362","2","0.07808610501973776"
"1","676","1000","1","""HK""","0.01","false","""normal""","1","""constant""","0.1","""Scale-free""","4","0","1","""uniform""","""deterministic-normal""","40","0.7000000000000002","0.2","""normal""","0","1","false","""/home/ramaswamy.51/Documents/github/Spirals/Media/data/cluster/endsim/BehaviorSearch/Step6_Trial""","true","0.2","1","10","0.7000000000000002","true","true","0.08997368693832569","2","0.07808610501973776"
"1","678","1000","1","""HK""","0.03","false","""normal""","1","""constant""","0.1","""Scale-free""","3","0","1","""uniform""","""deterministic-normal""","40","0.9000000000000001","0","""normal""","-0.19999999999999996","1","false","""/home/ramaswamy.51/Documents/github/Spirals/Media/data/cluster/endsim/BehaviorSearch/Step6_Trial""","true","0.2","0.9","8","0.30000000000000004","true","true","0.0940912495104643","2","0.07808610501973776"
"1","680","1000","1","""HK""","0.03","false","""normal""","1","""constant""","0.1","""Scale-free""","3","0","1","""uniform""","""deterministic-normal""","45","1","0","""normal""","-0.09999999999999998","1","false","""/home/ramaswamy.51/Documents/github/Spirals/Media/data/cluster/endsim/BehaviorSearch/Step6_Trial""","true","0.2","0.9","8","0.7000000000000002","true","true","0.08467176802658288","2","0.07808610501973776"
"1","682","1000","1","""HK""","0.05","false","""normal""","1","""constant""","0.2","""Scale-free""","1","0","1","""uniform""","""deterministic-normal""","35","0.6000000000000001","0","""normal""","-0.3999999999999999","0.8","false","""/home/ramaswamy.51/Documents/github/Spirals/Media/data/cluster/endsim/BehaviorSearch/Step6_Trial""","true","0.2","1","10","1","true","true","0.19536645365248184","2","0.07808610501973776"
"1","684","1000","1","""HK""","0.06999999999999999","false","""normal""","1","""constant""","0.1","""Scale-free""","1","0","1","""uniform""","""deterministic-normal""","45","0.5","0","""normal""","-0.09999999999999998","1","false","""/home/ramaswamy.51/Documents/github/Spirals/Media/data/cluster/endsim/BehaviorSearch/Step6_Trial""","true","0.2","1","10","0.8","true","true","0.10289252384397492","2","0.07808610501973776"
"1","686","1000","1","""HK""","0.05","false","""normal""","1","""constant""","0.1","""Scale-free""","1","0","1","""uniform""","""deterministic-normal""","35","0.6000000000000001","0","""normal""","-0.09999999999999998","1","false","""/home/ramaswamy.51/Documents/github/Spirals/Media/data/cluster/endsim/BehaviorSearch/Step6_Trial""","true","0.30000000000000004","1","10","0.8","true","true","0.09115308006795611","2","0.07808610501973776"
"1","688","1000","1","""HK""","0.03","false","""normal""","1","""constant""","0.1","""Scale-free""","3","0","1","""uniform""","""deterministic-normal""","45","0.7000000000000002","0.2","""normal""","0.20000000000000018","1","false","""/home/ramaswamy.51/Documents/github/Spirals/Media/data/cluster/endsim/BehaviorSearch/Step6_Trial""","true","0.1","0.9","8","0.40000000000000013","true","true","0.11022815582686082","2","0.07808610501973776"
"1","690","1000","1","""HK""","0.02","false","""normal""","1","""constant""","0.2","""Scale-free""","3","0","1","""uniform""","""deterministic-normal""","45","0.9000000000000001","0","""normal""","0.10000000000000009","1","false","""/home/ramaswamy.51/Documents/github/Spirals/Media/data/cluster/endsim/BehaviorSearch/Step6_Trial""","true","0.2","0.9","8","0.6000000000000001","true","true","0.14868618846622816","2","0.07808610501973776"
"1","692","1000","1","""HK""","0.02","false","""normal""","1","""constant""","0","""Scale-free""","3","0","1","""uniform""","""deterministic-normal""","40","0.9000000000000001","0","""normal""","-0.19999999999999996","1","false","""/home/ramaswamy.51/Documents/github/Spirals/Media/data/cluster/endsim/BehaviorSearch/Step6_Trial""","true","0.2","1","9","0.6000000000000001","true","true","0.1731617781727769","2","0.07808610501973776"
"1","694","1000","1","""HK""","0.01","false","""normal""","1","""constant""","0.1","""Scale-free""","3","0","1","""uniform""","""deterministic-normal""","40","0.6000000000000001","0","""normal""","-0.09999999999999998","1","false","""/home/ramaswamy.51/Documents/github/Spirals/Media/data/cluster/endsim/BehaviorSearch/Step6_Trial""","true","0.2","1","10","0.9000000000000001","true","true","0.0881810157526242","2","0.07808610501973776"
"1","696","1000","1","""HK""","0.02","false","""normal""","1","""constant""","0","""Scale-free""","3","0","1","""uniform""","""deterministic-normal""","35","0.40000000000000013","0","""normal""","-0.09999999999999998","1","false","""/home/ramaswamy.51/Documents/github/Spirals/Media/data/cluster/endsim/BehaviorSearch/Step6_Trial""","true","0.2","1","10","0.8","true","true","0.16891213852650597","2","0.07808610501973776"
"1","698","1000","1","""HK""","0.06999999999999999","false","""normal""","1","""constant""","0.1","""Scale-free""","1","0","1","""uniform""","""deterministic-normal""","35","0.8","0","""normal""","-0.29999999999999993","1","false","""/home/ramaswamy.51/Documents/github/Spirals/Media/data/cluster/endsim/BehaviorSearch/Step6_Trial""","true","0.2","0.9","9","0.7000000000000002","true","true","0.1076547365741625","2","0.07808610501973776"
"1","700","1000","1","""HK""","0.01","false","""normal""","1","""constant""","0.1","""Scale-free""","3","0","1","""uniform""","""deterministic-normal""","40","1","0","""normal""","-0.09999999999999998","1","false","""/home/ramaswamy.51/Documents/github/Spirals/Media/data/cluster/endsim/BehaviorSearch/Step6_Trial""","true","0","1","10","0.6000000000000001","true","true","0.10159714995287861","2","0.07808610501973776"
"1","702","1000","1","""HK""","0.01","false","""normal""","1","""constant""","0.1","""Scale-free""","3","0","1","""uniform""","""deterministic-normal""","40","0.9000000000000001","0","""normal""","-0.19999999999999996","1","false","""/home/ramaswamy.51/Documents/github/Spirals/Media/data/cluster/endsim/BehaviorSearch/Step6_Trial""","true","0.2","1","10","0.8","true","true","0.09386987381269926","2","0.07808610501973776"
"1","704","1000","1","""HK""","0.05","false","""normal""","1","""constant""","0.1","""Scale-free""","1","0","1","""uniform""","""deterministic-normal""","35","0.5","0","""normal""","-0.5","1","false","""/home/ramaswamy.51/Documents/github/Spirals/Media/data/cluster/endsim/BehaviorSearch/Step6_Trial""","true","0.1","1","10","1","true","true","0.11742776396256668","2","0.07808610501973776"
"1","706","1000","1","""HK""","0.03","false","""normal""","1","""constant""","0.1","""Scale-free""","3","0","1","""uniform""","""deterministic-normal""","45","0.7000000000000002","0.1","""normal""","0.20000000000000018","1","false","""/home/ramaswamy.51/Documents/github/Spirals/Media/data/cluster/endsim/BehaviorSearch/Step6_Trial""","true","0.1","1","10","1","true","true","0.11828013314095542","2","0.07808610501973776"
"1","708","1000","1","""HK""","0.02","false","""normal""","1","""constant""","0","""Scale-free""","3","0","1","""uniform""","""deterministic-normal""","40","0.40000000000000013","0","""normal""","-0.3999999999999999","1","false","""/home/ramaswamy.51/Documents/github/Spirals/Media/data/cluster/endsim/BehaviorSearch/Step6_Trial""","true","0.2","1","10","0.9000000000000001","true","true","0.16764038637196424","2","0.07808610501973776"
"1","710","1000","1","""HK""","0.01","false","""normal""","1","""constant""","0.1","""Scale-free""","1","0","1","""uniform""","""deterministic-normal""","35","0.6000000000000001","0","""normal""","-0.09999999999999998","1","false","""/home/ramaswamy.51/Documents/github/Spirals/Media/data/cluster/endsim/BehaviorSearch/Step6_Trial""","true","0.1","1","10","1","true","true","0.08580670903519602","2","0.07808610501973776"
"1","712","1000","1","""HK""","0.03","false","""normal""","1","""constant""","0.1","""Scale-free""","2","0","1","""uniform""","""deterministic-normal""","50","1","0","""normal""","-0.5","1","false","""/home/ramaswamy.51/Documents/github/Spirals/Media/data/cluster/endsim/BehaviorSearch/Step6_Trial""","true","0.2","0.9","8","0.40000000000000013","true","true","0.1443505713382161","2","0.07808610501973776"
"1","714","1000","1","""HK""","0.03","false","""normal""","1","""constant""","0.1","""Scale-free""","3","0","1","""uniform""","""deterministic-normal""","45","1","0","""normal""","-0.09999999999999998","1","false","""/home/ramaswamy.51/Documents/github/Spirals/Media/data/cluster/endsim/BehaviorSearch/Step6_Trial""","true","0.2","0.9","8","1","true","true","0.09819089961387514","2","0.07808610501973776"
"1","716","1000","1","""HK""","0.02","false","""normal""","1","""constant""","0.1","""Scale-free""","1","0","1","""uniform""","""deterministic-normal""","35","0.6000000000000001","0","""normal""","0","0.9","false","""/home/ramaswamy.51/Documents/github/Spirals/Media/data/cluster/endsim/BehaviorSearch/Step6_Trial""","true","0.1","0.7000000000000001","9","1","true","true","0.10410043195238868","2","0.07808610501973776"
"1","718","1000","1","""HK""","0.03","false","""normal""","1","""constant""","0.1","""Scale-free""","3","0","1","""uniform""","""deterministic-normal""","40","0.9000000000000001","0","""normal""","-0.09999999999999998","1","false","""/home/ramaswamy.51/Documents/github/Spirals/Media/data/cluster/endsim/BehaviorSearch/Step6_Trial""","true","0.2","0.8","8","0.6000000000000001","true","true","0.08174762034161653","2","0.07808610501973776"
"1","720","1000","1","""HK""","0.06999999999999999","false","""normal""","1","""constant""","0.1","""Scale-free""","1","0","1","""uniform""","""deterministic-normal""","35","0.6000000000000001","0","""normal""","-0.5","1","false","""/home/ramaswamy.51/Documents/github/Spirals/Media/data/cluster/endsim/BehaviorSearch/Step6_Trial""","true","0.2","1","10","0.40000000000000013","true","true","0.12486587282354997","2","0.07808610501973776"
"1","722","1000","1","""HK""","0.03","false","""normal""","1","""constant""","0.1","""Scale-free""","3","0","1","""uniform""","""deterministic-normal""","45","0.9000000000000001","0","""normal""","0","1","false","""/home/ramaswamy.51/Documents/github/Spirals/Media/data/cluster/endsim/BehaviorSearch/Step6_Trial""","true","0.1","0.9","8","0.30000000000000004","true","true","0.1090796189473096","2","0.07808610501973776"
"1","724","1000","1","""HK""","0.04","false","""normal""","1","""constant""","0.1","""Scale-free""","3","0","1","""uniform""","""deterministic-normal""","40","0.6000000000000001","0","""normal""","-0.09999999999999998","1","false","""/home/ramaswamy.51/Documents/github/Spirals/Media/data/cluster/endsim/BehaviorSearch/Step6_Trial""","true","0","1","10","0.7000000000000002","true","true","0.11472838601107106","2","0.07808610501973776"
"1","726","1000","1","""HK""","0.03","false","""normal""","1","""constant""","0.1","""Scale-free""","3","0","1","""uniform""","""deterministic-normal""","45","0.9000000000000001","0","""normal""","-0.09999999999999998","1","false","""/home/ramaswamy.51/Documents/github/Spirals/Media/data/cluster/endsim/BehaviorSearch/Step6_Trial""","true","0.30000000000000004","0.9","8","0.6000000000000001","true","true","0.10489576112832837","2","0.07808610501973776"
"1","728","1000","1","""HK""","0.01","false","""normal""","1","""constant""","0.1","""Scale-free""","3","0","1","""uniform""","""deterministic-normal""","45","0.9000000000000001","0","""normal""","-0.3999999999999999","1","false","""/home/ramaswamy.51/Documents/github/Spirals/Media/data/cluster/endsim/BehaviorSearch/Step6_Trial""","true","0.2","0.9","8","0.7000000000000002","true","true","0.12221103528719857","2","0.07808610501973776"
"1","730","1000","1","""HK""","0.01","false","""normal""","1","""constant""","0.1","""Scale-free""","3","0","1","""uniform""","""deterministic-normal""","45","0.9000000000000001","0","""normal""","-0.19999999999999996","1","false","""/home/ramaswamy.51/Documents/github/Spirals/Media/data/cluster/endsim/BehaviorSearch/Step6_Trial""","true","0.2","0.9","8","0.6000000000000001","true","true","0.09801027077307914","2","0.07808610501973776"
"1","732","1000","1","""HK""","0.01","false","""normal""","1","""constant""","0.1","""Scale-free""","3","0","1","""uniform""","""deterministic-normal""","40","0.9000000000000001","0","""normal""","-0.09999999999999998","1","false","""/home/ramaswamy.51/Documents/github/Spirals/Media/data/cluster/endsim/BehaviorSearch/Step6_Trial""","true","0.2","1","10","1","true","true","0.09827312130440552","2","0.07808610501973776"
"1","734","1000","1","""HK""","0.03","false","""normal""","1","""constant""","0.1","""Scale-free""","3","0","1","""uniform""","""deterministic-normal""","45","0.9000000000000001","0.2","""normal""","-0.09999999999999998","1","false","""/home/ramaswamy.51/Documents/github/Spirals/Media/data/cluster/endsim/BehaviorSearch/Step6_Trial""","true","0.2","0.9","8","0.6000000000000001","true","true","0.0807756495216852","2","0.07808610501973776"
"1","736","1000","1","""HK""","0.03","false","""normal""","1","""constant""","0.2","""Scale-free""","3","0","1","""uniform""","""deterministic-normal""","45","0.9000000000000001","0","""normal""","0","1","false","""/home/ramaswamy.51/Documents/github/Spirals/Media/data/cluster/endsim/BehaviorSearch/Step6_Trial""","true","0.1","0.9","8","0.40000000000000013","true","true","0.1747411366271941","2","0.07808610501973776"
"1","738","1000","1","""HK""","0.01","false","""normal""","1","""constant""","0.1","""Scale-free""","3","0","1","""uniform""","""deterministic-normal""","45","0.9000000000000001","0","""normal""","-0.19999999999999996","1","false","""/home/ramaswamy.51/Documents/github/Spirals/Media/data/cluster/endsim/BehaviorSearch/Step6_Trial""","true","0.2","1","10","0.5","true","true","0.09749040302688904","2","0.07808610501973776"
"1","740","1000","1","""HK""","0.01","false","""normal""","1","""constant""","0.1","""Scale-free""","1","0","1","""uniform""","""deterministic-normal""","35","0.7000000000000002","0","""normal""","-0.09999999999999998","0.9","false","""/home/ramaswamy.51/Documents/github/Spirals/Media/data/cluster/endsim/BehaviorSearch/Step6_Trial""","true","0.2","1","10","0.40000000000000013","true","true","0.09963750207522307","2","0.07808610501973776"
"1","742","1000","1","""HK""","0.05","false","""normal""","1","""constant""","0.1","""Scale-free""","1","0","1","""uniform""","""deterministic-normal""","40","0.9000000000000001","0","""normal""","-0.09999999999999998","0.8","false","""/home/ramaswamy.51/Documents/github/Spirals/Media/data/cluster/endsim/BehaviorSearch/Step6_Trial""","true","0.2","0.8","6","0.6000000000000001","true","true","0.10845883695594428","2","0.07808610501973776"
"1","744","1000","1","""HK""","0.02","false","""normal""","1","""constant""","0.1","""Scale-free""","3","0","1","""uniform""","""deterministic-normal""","45","0.5","0","""normal""","0.30000000000000004","1","false","""/home/ramaswamy.51/Documents/github/Spirals/Media/data/cluster/endsim/BehaviorSearch/Step6_Trial""","true","0.2","1","10","0.8","true","true","0.09513929485466838","2","0.07808610501973776"
"1","746","1000","1","""HK""","0.05","false","""normal""","1","""constant""","0.1","""Scale-free""","2","0","1","""uniform""","""deterministic-normal""","35","0.6000000000000001","0","""normal""","-0.09999999999999998","1","false","""/home/ramaswamy.51/Documents/github/Spirals/Media/data/cluster/endsim/BehaviorSearch/Step6_Trial""","true","0.2","1","10","1","true","true","0.09272979880385632","2","0.07808610501973776"
"1","748","1000","1","""HK""","0.06999999999999999","false","""normal""","1","""constant""","0.1","""Scale-free""","2","0","1","""uniform""","""deterministic-normal""","35","0.5","0","""normal""","0","1","false","""/home/ramaswamy.51/Documents/github/Spirals/Media/data/cluster/endsim/BehaviorSearch/Step6_Trial""","true","0.2","1","10","0.7000000000000002","true","true","0.103625024878115","2","0.07808610501973776"
"1","750","1000","1","""HK""","0.06999999999999999","false","""normal""","1","""constant""","0.1","""Scale-free""","1","0","1","""uniform""","""deterministic-normal""","35","0.5","0","""normal""","0","1","false","""/home/ramaswamy.51/Documents/github/Spirals/Media/data/cluster/endsim/BehaviorSearch/Step6_Trial""","true","0.2","0.9","8","0.7000000000000002","true","true","0.10418073078179718","2","0.07808610501973776"
"1","752","1000","1","""HK""","0.060000000000000005","false","""normal""","1","""constant""","0.1","""Scale-free""","3","0","1","""uniform""","""deterministic-normal""","45","0.9000000000000001","0","""normal""","-0.19999999999999996","1","false","""/home/ramaswamy.51/Documents/github/Spirals/Media/data/cluster/endsim/BehaviorSearch/Step6_Trial""","true","0.2","0.9","10","1","true","true","0.0861726809553702","2","0.07808610501973776"
"1","754","1000","1","""HK""","0.03","false","""normal""","1","""constant""","0.1","""Scale-free""","3","0","1","""uniform""","""deterministic-normal""","45","0.9000000000000001","0","""normal""","-0.09999999999999998","1","false","""/home/ramaswamy.51/Documents/github/Spirals/Media/data/cluster/endsim/BehaviorSearch/Step6_Trial""","true","0.2","0.9","7","0.6000000000000001","true","true","0.09145884860736186","2","0.07808610501973776"
"1","756","1000","1","""HK""","0.06999999999999999","false","""normal""","1","""constant""","0.1","""Scale-free""","1","0","1","""uniform""","""deterministic-normal""","45","0.7000000000000002","0","""normal""","0.20000000000000018","1","false","""/home/ramaswamy.51/Documents/github/Spirals/Media/data/cluster/endsim/BehaviorSearch/Step6_Trial""","true","0.4","0.9","8","0.6000000000000001","true","true","0.1315902983642918","2","0.07808610501973776"
"1","758","1000","1","""HK""","0.02","false","""normal""","1","""constant""","0.1","""Scale-free""","3","0","1","""uniform""","""deterministic-normal""","35","0.9000000000000001","0","""normal""","-0.19999999999999996","1","false","""/home/ramaswamy.51/Documents/github/Spirals/Media/data/cluster/endsim/BehaviorSearch/Step6_Trial""","true","0.2","1","10","1","true","true","0.0985719822093161","2","0.07808610501973776"
"1","760","1000","1","""HK""","0.04","false","""normal""","1","""constant""","0.2","""Scale-free""","1","0","1","""uniform""","""deterministic-normal""","35","0.6000000000000001","0","""normal""","-0.09999999999999998","1","false","""/home/ramaswamy.51/Documents/github/Spirals/Media/data/cluster/endsim/BehaviorSearch/Step6_Trial""","true","0.2","1","10","0.7000000000000002","true","true","0.15604139504640074","2","0.07808610501973776"
"1","762","1000","1","""HK""","0.05","false","""normal""","1","""constant""","0.1","""Scale-free""","1","0","1","""uniform""","""deterministic-normal""","40","0.6000000000000001","0.1","""normal""","0.10000000000000009","1","false","""/home/ramaswamy.51/Documents/github/Spirals/Media/data/cluster/endsim/BehaviorSearch/Step6_Trial""","true","0.2","1","8","0.6000000000000001","true","true","0.09601569113872124","2","0.07808610501973776"
"1","764","1000","1","""HK""","0.01","false","""normal""","1","""constant""","0.1","""Scale-free""","1","0","1","""uniform""","""deterministic-normal""","30","0.6000000000000001","0.1","""normal""","0","1","false","""/home/ramaswamy.51/Documents/github/Spirals/Media/data/cluster/endsim/BehaviorSearch/Step6_Trial""","true","0.2","1","10","0.6000000000000001","true","true","0.10860996292434157","2","0.07808610501973776"
"1","766","1000","1","""HK""","0.06999999999999999","false","""normal""","1","""constant""","0.1","""Scale-free""","3","0","1","""uniform""","""deterministic-normal""","45","1","0","""normal""","-0.09999999999999998","0.8","false","""/home/ramaswamy.51/Documents/github/Spirals/Media/data/cluster/endsim/BehaviorSearch/Step6_Trial""","true","0.2","0.9","8","0.6000000000000001","true","true","0.10745079144157682","2","0.07808610501973776"
"1","768","1000","1","""HK""","0.03","false","""normal""","1","""constant""","0","""Scale-free""","3","0","1","""uniform""","""deterministic-normal""","45","0.9000000000000001","0.1","""normal""","-0.19999999999999996","1","false","""/home/ramaswamy.51/Documents/github/Spirals/Media/data/cluster/endsim/BehaviorSearch/Step6_Trial""","true","0.2","0.8","8","0.6000000000000001","true","true","0.1590946502871456","2","0.07808610501973776"
"1","770","1000","1","""HK""","0.06999999999999999","false","""normal""","1","""constant""","0.1","""Scale-free""","1","0","1","""uniform""","""deterministic-normal""","30","0.5","0","""normal""","0.20000000000000018","1","false","""/home/ramaswamy.51/Documents/github/Spirals/Media/data/cluster/endsim/BehaviorSearch/Step6_Trial""","true","0.2","1","10","1","true","true","0.10053551933129401","2","0.07808610501973776"
"1","772","1000","1","""HK""","0.03","false","""normal""","1","""constant""","0.1","""Scale-free""","3","0","1","""uniform""","""deterministic-normal""","45","1","0.2","""normal""","-0.09999999999999998","0.9","false","""/home/ramaswamy.51/Documents/github/Spirals/Media/data/cluster/endsim/BehaviorSearch/Step6_Trial""","true","0.2","0.9","8","0.6000000000000001","true","true","0.10117409927589112","2","0.07808610501973776"
"1","774","1000","1","""HK""","0.03","false","""normal""","1","""constant""","0.1","""Scale-free""","3","0","1","""uniform""","""deterministic-normal""","35","0.10000000000000009","0","""normal""","-0.09999999999999998","1","false","""/home/ramaswamy.51/Documents/github/Spirals/Media/data/cluster/endsim/BehaviorSearch/Step6_Trial""","true","0.2","1","10","0.8","true","true","0.10404496305446968","2","0.07808610501973776"
"1","776","1000","1","""HK""","0.03","false","""normal""","1","""constant""","0.1","""Scale-free""","3","0","1","""uniform""","""deterministic-normal""","45","0.9000000000000001","0","""normal""","-0.19999999999999996","1","false","""/home/ramaswamy.51/Documents/github/Spirals/Media/data/cluster/endsim/BehaviorSearch/Step6_Trial""","true","0.2","1","10","1","true","true","0.09970794738106466","2","0.07808610501973776"
"1","778","1000","1","""HK""","0.03","false","""normal""","1","""constant""","0.1","""Scale-free""","3","0","1","""uniform""","""deterministic-normal""","45","0.9000000000000001","0.30000000000000004","""normal""","0.20000000000000018","1","false","""/home/ramaswamy.51/Documents/github/Spirals/Media/data/cluster/endsim/BehaviorSearch/Step6_Trial""","true","0.2","0.9","8","0.6000000000000001","true","true","0.0947866296225209","2","0.07808610501973776"
"1","780","1000","1","""HK""","0.01","false","""normal""","1","""constant""","0","""Scale-free""","3","0","1","""uniform""","""deterministic-normal""","45","0.9000000000000001","0","""normal""","0.20000000000000018","1","false","""/home/ramaswamy.51/Documents/github/Spirals/Media/data/cluster/endsim/BehaviorSearch/Step6_Trial""","true","0.1","0.9","8","1","true","true","0.17531029148324148","2","0.07808610501973776"
"1","782","1000","1","""HK""","0.03","false","""normal""","1","""constant""","0.1","""Scale-free""","3","0","1","""uniform""","""deterministic-normal""","35","0.6000000000000001","0","""normal""","-0.19999999999999996","0.9","false","""/home/ramaswamy.51/Documents/github/Spirals/Media/data/cluster/endsim/BehaviorSearch/Step6_Trial""","true","0","0.9","8","0.5","true","true","0.12147903727304366","2","0.07808610501973776"
"1","784","1000","1","""HK""","0.060000000000000005","false","""normal""","1","""constant""","0.1","""Scale-free""","2","0","1","""uniform""","""deterministic-normal""","45","0.9000000000000001","0","""normal""","-0.29999999999999993","1","false","""/home/ramaswamy.51/Documents/github/Spirals/Media/data/cluster/endsim/BehaviorSearch/Step6_Trial""","true","0.2","0.8","8","0.9000000000000001","true","true","0.10515742817425366","2","0.07808610501973776"
"1","786","1000","1","""HK""","0.06999999999999999","false","""normal""","1","""constant""","0.1","""Scale-free""","1","0","1","""uniform""","""deterministic-normal""","45","0.9000000000000001","0.2","""normal""","-0.09999999999999998","1","false","""/home/ramaswamy.51/Documents/github/Spirals/Media/data/cluster/endsim/BehaviorSearch/Step6_Trial""","true","0.2","0.9","8","0.6000000000000001","true","true","0.1021624499588423","2","0.07808610501973776"
"1","788","1000","1","""HK""","0.02","false","""normal""","1","""constant""","0.1","""Scale-free""","1","0","1","""uniform""","""deterministic-normal""","35","0.5","0","""normal""","-0.09999999999999998","1","false","""/home/ramaswamy.51/Documents/github/Spirals/Media/data/cluster/endsim/BehaviorSearch/Step6_Trial""","true","0.2","1","10","0.40000000000000013","true","true","0.09250585094614568","2","0.07808610501973776"
"1","790","1000","1","""HK""","0.02","false","""normal""","1","""constant""","0.1","""Scale-free""","3","0","1","""uniform""","""deterministic-normal""","45","1","0","""normal""","-0.19999999999999996","1","false","""/home/ramaswamy.51/Documents/github/Spirals/Media/data/cluster/endsim/BehaviorSearch/Step6_Trial""","true","0.4","0.9","8","0.40000000000000013","true","true","0.1028542131851341","2","0.07808610501973776"
"1","792","1000","1","""HK""","0.02","false","""normal""","1","""constant""","0.1","""Scale-free""","1","0","1","""uniform""","""deterministic-normal""","35","0.5","0","""normal""","0.20000000000000018","0.9","false","""/home/ramaswamy.51/Documents/github/Spirals/Media/data/cluster/endsim/BehaviorSearch/Step6_Trial""","true","0.2","1","10","0.6000000000000001","true","true","0.1136656815770293","2","0.07808610501973776"
"1","794","1000","1","""HK""","0.03","false","""normal""","1","""constant""","0","""Scale-free""","3","0","1","""uniform""","""deterministic-normal""","40","0.7000000000000002","0","""normal""","-0.09999999999999998","1","false","""/home/ramaswamy.51/Documents/github/Spirals/Media/data/cluster/endsim/BehaviorSearch/Step6_Trial""","true","0.2","0.9","8","0.6000000000000001","true","true","0.15041751533295683","2","0.07808610501973776"
"1","796","1000","1","""HK""","0.05","false","""normal""","1","""constant""","0.1","""Scale-free""","3","0","1","""uniform""","""deterministic-normal""","45","0.9000000000000001","0","""normal""","-0.09999999999999998","1","false","""/home/ramaswamy.51/Documents/github/Spirals/Media/data/cluster/endsim/BehaviorSearch/Step6_Trial""","true","0.1","0.9","8","0.6000000000000001","true","true","0.09674232473393225","2","0.07808610501973776"
"1","798","1000","1","""HK""","0.03","false","""normal""","1","""constant""","0.1","""Scale-free""","3","0","1","""uniform""","""deterministic-normal""","45","0.9000000000000001","0","""normal""","-0.29999999999999993","1","false","""/home/ramaswamy.51/Documents/github/Spirals/Media/data/cluster/endsim/BehaviorSearch/Step6_Trial""","true","0.1","0.9","9","0.40000000000000013","true","true","0.0917228409894224","2","0.07808610501973776"
"1","800","1000","1","""HK""","0.02","false","""normal""","1","""constant""","0.1","""Scale-free""","3","0","1","""uniform""","""deterministic-normal""","40","0.9000000000000001","0","""normal""","-0.19999999999999996","1","false","""/home/ramaswamy.51/Documents/github/Spirals/Media/data/cluster/endsim/BehaviorSearch/Step6_Trial""","true","0.2","0.9","8","0.9000000000000001","true","true","0.10460206774715389","2","0.07808610501973776"
"1","802","1000","1","""HK""","0.01","false","""normal""","1","""constant""","0.1","""Scale-free""","3","0","1","""uniform""","""deterministic-normal""","40","0.9000000000000001","0","""normal""","-0.29999999999999993","1","false","""/home/ramaswamy.51/Documents/github/Spirals/Media/data/cluster/endsim/BehaviorSearch/Step6_Trial""","true","0.2","1","10","0.7000000000000002","true","true","0.1148458585907183","2","0.07808610501973776"
"1","804","1000","1","""HK""","0.03","false","""normal""","1","""constant""","0.1","""Scale-free""","3","0","1","""uniform""","""deterministic-normal""","50","0.9000000000000001","0","""normal""","-0.09999999999999998","1","false","""/home/ramaswamy.51/Documents/github/Spirals/Media/data/cluster/endsim/BehaviorSearch/Step6_Trial""","true","0.2","0.9","8","0.9000000000000001","true","true","0.09184947432889841","2","0.07808610501973776"
"1","806","1000","1","""HK""","0.06999999999999999","false","""normal""","1","""constant""","0.1","""Scale-free""","1","0","1","""uniform""","""deterministic-normal""","25","0.5","0","""normal""","-0.09999999999999998","1","false","""/home/ramaswamy.51/Documents/github/Spirals/Media/data/cluster/endsim/BehaviorSearch/Step6_Trial""","true","0.2","1","10","1","true","true","0.10475543914968906","2","0.07808610501973776"
"1","808","1000","1","""HK""","0.06999999999999999","false","""normal""","1","""constant""","0.1","""Scale-free""","3","0","1","""uniform""","""deterministic-normal""","45","1","0","""normal""","-0.09999999999999998","1","false","""/home/ramaswamy.51/Documents/github/Spirals/Media/data/cluster/endsim/BehaviorSearch/Step6_Trial""","true","0.2","0.8","8","0.9000000000000001","true","true","0.10129526498142702","2","0.07808610501973776"
"1","810","1000","1","""HK""","0.02","false","""normal""","1","""constant""","0.1","""Scale-free""","1","0","1","""uniform""","""deterministic-normal""","35","0.5","0","""normal""","-0.09999999999999998","1","false","""/home/ramaswamy.51/Documents/github/Spirals/Media/data/cluster/endsim/BehaviorSearch/Step6_Trial""","true","0.2","1","9","0.9000000000000001","true","true","0.08238408082764945","2","0.07808610501973776"
"1","812","1000","1","""HK""","0.03","false","""normal""","1","""constant""","0.1","""Scale-free""","3","0","1","""uniform""","""deterministic-normal""","45","1","0","""normal""","-0.09999999999999998","1","false","""/home/ramaswamy.51/Documents/github/Spirals/Media/data/cluster/endsim/BehaviorSearch/Step6_Trial""","true","0.2","1","9","0.7000000000000002","true","true","0.10161772774050427","2","0.07808610501973776"
"1","814","1000","1","""HK""","0.03","false","""normal""","1","""constant""","0.1","""Scale-free""","3","0","1","""uniform""","""deterministic-normal""","45","0.8","0","""normal""","-0.09999999999999998","1","false","""/home/ramaswamy.51/Documents/github/Spirals/Media/data/cluster/endsim/BehaviorSearch/Step6_Trial""","true","0.2","0.9","9","0.6000000000000001","true","true","0.07806358354695003","2","0.07806358354695003"
"1","816","1000","1","""HK""","0.04","false","""normal""","1","""constant""","0.1","""Scale-free""","1","0","1","""uniform""","""deterministic-normal""","35","0.6000000000000001","0.1","""normal""","-0.09999999999999998","1","false","""/home/ramaswamy.51/Documents/github/Spirals/Media/data/cluster/endsim/BehaviorSearch/Step6_Trial""","true","0.2","1","10","1","true","true","0.09901480837371837","2","0.07806358354695003"
"1","818","1000","1","""HK""","0.01","false","""normal""","1","""constant""","0.1","""Scale-free""","1","0","1","""uniform""","""deterministic-normal""","35","0.5","0","""normal""","-0.09999999999999998","1","false","""/home/ramaswamy.51/Documents/github/Spirals/Media/data/cluster/endsim/BehaviorSearch/Step6_Trial""","true","0.2","1","10","0.8","true","true","0.10423906913767675","2","0.07806358354695003"
"1","820","1000","1","""HK""","0.03","false","""normal""","1","""constant""","0.1","""Scale-free""","3","0","1","""uniform""","""deterministic-normal""","45","0.6000000000000001","0","""normal""","0.10000000000000009","1","false","""/home/ramaswamy.51/Documents/github/Spirals/Media/data/cluster/endsim/BehaviorSearch/Step6_Trial""","true","0.2","0.9","8","0.6000000000000001","true","true","0.09610637438357936","2","0.07806358354695003"
"1","822","1000","1","""HK""","0.03","false","""normal""","1","""constant""","0.1","""Scale-free""","3","0","1","""uniform""","""deterministic-normal""","25","0.6000000000000001","0.1","""normal""","-0.09999999999999998","1","false","""/home/ramaswamy.51/Documents/github/Spirals/Media/data/cluster/endsim/BehaviorSearch/Step6_Trial""","true","0.1","1","10","1","true","true","0.10370036708616559","2","0.07806358354695003"
"1","824","1000","1","""HK""","0.06999999999999999","false","""normal""","1","""constant""","0.1","""Scale-free""","1","0","1","""uniform""","""deterministic-normal""","35","0.5","0","""normal""","0","1","false","""/home/ramaswamy.51/Documents/github/Spirals/Media/data/cluster/endsim/BehaviorSearch/Step6_Trial""","true","0.2","1","10","0.8","true","true","0.11138343942146522","2","0.07806358354695003"
"1","826","1000","1","""HK""","0.05","false","""normal""","1","""constant""","0.1","""Scale-free""","3","0","1","""uniform""","""deterministic-normal""","45","0.9000000000000001","0","""normal""","-0.09999999999999998","1","false","""/home/ramaswamy.51/Documents/github/Spirals/Media/data/cluster/endsim/BehaviorSearch/Step6_Trial""","true","0.2","0.9","8","0.6000000000000001","true","true","0.09393417041317455","2","0.07806358354695003"
"1","828","1000","1","""HK""","0.03","false","""normal""","1","""constant""","0.1","""Scale-free""","3","0","1","""uniform""","""deterministic-normal""","40","0.8","0","""normal""","-0.09999999999999998","1","false","""/home/ramaswamy.51/Documents/github/Spirals/Media/data/cluster/endsim/BehaviorSearch/Step6_Trial""","true","0.2","0.9","8","0.9000000000000001","true","true","0.09519437527984673","2","0.07806358354695003"
"1","830","1000","1","""HK""","0.03","false","""normal""","1","""constant""","0.1","""Scale-free""","3","0","1","""uniform""","""deterministic-normal""","45","0.9000000000000001","0","""normal""","0.30000000000000004","1","false","""/home/ramaswamy.51/Documents/github/Spirals/Media/data/cluster/endsim/BehaviorSearch/Step6_Trial""","true","0.2","0.9","8","0.6000000000000001","true","true","0.10450324765583598","2","0.07806358354695003"
"1","832","1000","1","""HK""","0.03","false","""normal""","1","""constant""","0.1","""Scale-free""","1","0","1","""uniform""","""deterministic-normal""","35","0.9000000000000001","0","""normal""","-0.19999999999999996","1","false","""/home/ramaswamy.51/Documents/github/Spirals/Media/data/cluster/endsim/BehaviorSearch/Step6_Trial""","true","0.2","0.9","7","0.6000000000000001","true","true","0.08451299020158576","2","0.07806358354695003"
"1","834","1000","1","""HK""","0.03","false","""normal""","1","""constant""","0.1","""Scale-free""","3","0","1","""uniform""","""deterministic-normal""","45","0.9000000000000001","0","""normal""","0","1","false","""/home/ramaswamy.51/Documents/github/Spirals/Media/data/cluster/endsim/BehaviorSearch/Step6_Trial""","true","0.1","1","8","0.5","true","true","0.09688079572522301","2","0.07806358354695003"
"1","836","1000","1","""HK""","0.03","false","""normal""","1","""constant""","0.1","""Scale-free""","3","0","1","""uniform""","""deterministic-normal""","45","0.9000000000000001","0","""normal""","-0.09999999999999998","1","false","""/home/ramaswamy.51/Documents/github/Spirals/Media/data/cluster/endsim/BehaviorSearch/Step6_Trial""","true","0.2","1","6","0.6000000000000001","true","true","0.09003015312856867","2","0.07806358354695003"
"1","838","1000","1","""HK""","0.03","false","""normal""","1","""constant""","0.1","""Scale-free""","3","0","1","""uniform""","""deterministic-normal""","45","0.6000000000000001","0","""normal""","-0.09999999999999998","0.9","false","""/home/ramaswamy.51/Documents/github/Spirals/Media/data/cluster/endsim/BehaviorSearch/Step6_Trial""","true","0.2","0.9","8","0.5","true","true","0.09261628010019757","2","0.07806358354695003"
"1","840","1000","1","""HK""","0.05","false","""normal""","1","""constant""","0.1","""Scale-free""","3","0","1","""uniform""","""deterministic-normal""","40","0.9000000000000001","0","""normal""","-0.19999999999999996","1","false","""/home/ramaswamy.51/Documents/github/Spirals/Media/data/cluster/endsim/BehaviorSearch/Step6_Trial""","true","0.2","1","10","0.40000000000000013","true","true","0.09150281412680644","2","0.07806358354695003"
"1","842","1000","1","""HK""","0.03","false","""normal""","1","""constant""","0.1","""Scale-free""","3","0","1","""uniform""","""deterministic-normal""","45","0.9000000000000001","0","""normal""","-0.09999999999999998","1","false","""/home/ramaswamy.51/Documents/github/Spirals/Media/data/cluster/endsim/BehaviorSearch/Step6_Trial""","true","0.2","1","7","0.9000000000000001","true","true","0.08320609818554803","2","0.07806358354695003"
"1","844","1000","1","""HK""","0.02","false","""normal""","1","""constant""","0","""Scale-free""","1","0","1","""uniform""","""deterministic-normal""","35","0.5","0.1","""normal""","-0.6","1","false","""/home/ramaswamy.51/Documents/github/Spirals/Media/data/cluster/endsim/BehaviorSearch/Step6_Trial""","true","0.1","0.8","8","0.6000000000000001","true","true","0.19233973993375908","2","0.07806358354695003"
"1","846","1000","1","""HK""","0.02","false","""normal""","1","""constant""","0.1","""Scale-free""","1","0","1","""uniform""","""deterministic-normal""","35","0.5","0","""normal""","-0.19999999999999996","1","false","""/home/ramaswamy.51/Documents/github/Spirals/Media/data/cluster/endsim/BehaviorSearch/Step6_Trial""","true","0.1","0.9","10","0.9000000000000001","true","true","0.10093589439915775","2","0.07806358354695003"
"1","848","1000","1","""HK""","0.03","false","""normal""","1","""constant""","0.1","""Scale-free""","3","0","1","""uniform""","""deterministic-normal""","45","0.8","0","""normal""","-0.09999999999999998","1","false","""/home/ramaswamy.51/Documents/github/Spirals/Media/data/cluster/endsim/BehaviorSearch/Step6_Trial""","true","0.2","0.9","7","0.6000000000000001","true","true","0.1138210560561086","2","0.07806358354695003"
"1","850","1000","1","""HK""","0.04","false","""normal""","1","""constant""","0.1","""Scale-free""","3","0","1","""uniform""","""deterministic-normal""","40","0.9000000000000001","0","""normal""","-0.09999999999999998","1","false","""/home/ramaswamy.51/Documents/github/Spirals/Media/data/cluster/endsim/BehaviorSearch/Step6_Trial""","true","0.2","0.9","8","0.9000000000000001","true","true","0.08684082010250631","2","0.07806358354695003"
"1","852","1000","1","""HK""","0.06999999999999999","false","""normal""","1","""constant""","0.1","""Scale-free""","1","0","1","""uniform""","""deterministic-normal""","35","0.5","0.1","""normal""","-0.29999999999999993","1","false","""/home/ramaswamy.51/Documents/github/Spirals/Media/data/cluster/endsim/BehaviorSearch/Step6_Trial""","true","0.2","1","10","0.7000000000000002","true","true","0.1080819776168429","2","0.07806358354695003"
"1","854","1000","1","""HK""","0.03","false","""normal""","1","""constant""","0.1","""Scale-free""","3","0","1","""uniform""","""deterministic-normal""","45","1","0","""normal""","-0.19999999999999996","0.9","false","""/home/ramaswamy.51/Documents/github/Spirals/Media/data/cluster/endsim/BehaviorSearch/Step6_Trial""","true","0.2","0.9","8","0.30000000000000004","true","true","0.09370713557888319","2","0.07806358354695003"
"1","856","1000","1","""HK""","0.08","false","""normal""","1","""constant""","0.1","""Scale-free""","3","0","1","""uniform""","""deterministic-normal""","45","0.8","0","""normal""","-0.09999999999999998","0.8","false","""/home/ramaswamy.51/Documents/github/Spirals/Media/data/cluster/endsim/BehaviorSearch/Step6_Trial""","true","0.2","0.7000000000000001","9","0.6000000000000001","true","true","0.1126085056252862","2","0.07806358354695003"
"1","858","1000","1","""HK""","0.03","false","""normal""","1","""constant""","0.1","""Scale-free""","4","0","1","""uniform""","""deterministic-normal""","45","0.8","0","""normal""","-0.09999999999999998","1","false","""/home/ramaswamy.51/Documents/github/Spirals/Media/data/cluster/endsim/BehaviorSearch/Step6_Trial""","true","0.30000000000000004","1","10","0.9000000000000001","true","true","0.09599306358578813","2","0.07806358354695003"
"1","860","1000","1","""HK""","0.02","false","""normal""","1","""constant""","0.1","""Scale-free""","3","0","1","""uniform""","""deterministic-normal""","50","1","0","""normal""","-0.09999999999999998","1","false","""/home/ramaswamy.51/Documents/github/Spirals/Media/data/cluster/endsim/BehaviorSearch/Step6_Trial""","true","0.2","0.9","8","0.8","true","true","0.10605211195178099","2","0.07806358354695003"
"1","862","1000","1","""HK""","0.02","false","""normal""","1","""constant""","0.1","""Scale-free""","3","0","1","""uniform""","""deterministic-normal""","45","0.9000000000000001","0","""normal""","0.10000000000000009","0.6000000000000001","false","""/home/ramaswamy.51/Documents/github/Spirals/Media/data/cluster/endsim/BehaviorSearch/Step6_Trial""","true","0.2","1","8","0.6000000000000001","true","true","0.11751484350225372","2","0.07806358354695003"
"1","864","1000","1","""HK""","0.03","false","""normal""","1","""constant""","0.1","""Scale-free""","3","0","1","""uniform""","""deterministic-normal""","45","0.8","0","""normal""","-0.09999999999999998","0.8","false","""/home/ramaswamy.51/Documents/github/Spirals/Media/data/cluster/endsim/BehaviorSearch/Step6_Trial""","true","0.2","0.9","9","0.6000000000000001","true","true","0.0985584600527776","2","0.07806358354695003"
"1","866","1000","1","""HK""","0.03","false","""normal""","1","""constant""","0.1","""Scale-free""","3","0","1","""uniform""","""deterministic-normal""","45","1","0","""normal""","0.40000000000000013","1","false","""/home/ramaswamy.51/Documents/github/Spirals/Media/data/cluster/endsim/BehaviorSearch/Step6_Trial""","true","0.2","0.9","8","0.6000000000000001","true","true","0.12019892173164742","2","0.07806358354695003"
"1","868","1000","1","""HK""","0.04","false","""normal""","1","""constant""","0.1","""Scale-free""","3","0","1","""uniform""","""deterministic-normal""","45","0.7000000000000002","0","""normal""","-0.09999999999999998","0.9","false","""/home/ramaswamy.51/Documents/github/Spirals/Media/data/cluster/endsim/BehaviorSearch/Step6_Trial""","true","0.2","0.8","9","0.6000000000000001","true","true","0.09236135670427736","2","0.07806358354695003"
"1","870","1000","1","""HK""","0.03","false","""normal""","1","""constant""","0.1","""Scale-free""","3","0","1","""uniform""","""deterministic-normal""","45","0.5","0.1","""normal""","-0.09999999999999998","1","false","""/home/ramaswamy.51/Documents/github/Spirals/Media/data/cluster/endsim/BehaviorSearch/Step6_Trial""","true","0.30000000000000004","0.9","8","0.8","true","true","0.08457437993433073","2","0.07806358354695003"
"1","872","1000","1","""HK""","0.02","false","""normal""","1","""constant""","0.1","""Scale-free""","1","0","1","""uniform""","""deterministic-normal""","45","0.5","0","""normal""","0.30000000000000004","1","false","""/home/ramaswamy.51/Documents/github/Spirals/Media/data/cluster/endsim/BehaviorSearch/Step6_Trial""","true","0.2","1","9","1","true","true","0.10975562603234537","2","0.07806358354695003"
"1","874","1000","1","""HK""","0.03","false","""normal""","1","""constant""","0.1","""Scale-free""","3","0","1","""uniform""","""deterministic-normal""","45","1","0","""normal""","-0.09999999999999998","1","false","""/home/ramaswamy.51/Documents/github/Spirals/Media/data/cluster/endsim/BehaviorSearch/Step6_Trial""","true","0.4","0.9","8","0.6000000000000001","true","true","0.10736953663409525","2","0.07806358354695003"
"1","876","1000","1","""HK""","0.05","false","""normal""","1","""constant""","0.1","""Scale-free""","1","0","1","""uniform""","""deterministic-normal""","35","0.5","0","""normal""","-0.09999999999999998","1","false","""/home/ramaswamy.51/Documents/github/Spirals/Media/data/cluster/endsim/BehaviorSearch/Step6_Trial""","true","0.2","1","9","0.9000000000000001","true","true","0.08806393225566306","2","0.07806358354695003"
"1","878","1000","1","""HK""","0.03","false","""normal""","1","""constant""","0.1","""Scale-free""","3","0","1","""uniform""","""deterministic-normal""","45","1","0","""normal""","-0.09999999999999998","1","false","""/home/ramaswamy.51/Documents/github/Spirals/Media/data/cluster/endsim/BehaviorSearch/Step6_Trial""","true","0.1","0.9","8","0.7000000000000002","true","true","0.10267263445648167","2","0.07806358354695003"
"1","880","1000","1","""HK""","0.03","false","""normal""","1","""constant""","0.1","""Scale-free""","3","0","1","""uniform""","""deterministic-normal""","40","0.9000000000000001","0","""normal""","-0.29999999999999993","1","false","""/home/ramaswamy.51/Documents/github/Spirals/Media/data/cluster/endsim/BehaviorSearch/Step6_Trial""","true","0.2","1","10","0.7000000000000002","true","true","0.08810172806667832","2","0.07806358354695003"
"1","882","1000","1","""HK""","0.02","false","""normal""","1","""constant""","0.1","""Scale-free""","3","0","1","""uniform""","""deterministic-normal""","45","0.9000000000000001","0","""normal""","-0.09999999999999998","1","false","""/home/ramaswamy.51/Documents/github/Spirals/Media/data/cluster/endsim/BehaviorSearch/Step6_Trial""","true","0.2","1","9","0.9000000000000001","true","true","0.11186311673232723","2","0.07806358354695003"
"1","884","1000","1","""HK""","0.03","false","""normal""","1","""constant""","0.1","""Scale-free""","3","0","1","""uniform""","""deterministic-normal""","45","0.9000000000000001","0","""normal""","-0.09999999999999998","0.9","false","""/home/ramaswamy.51/Documents/github/Spirals/Media/data/cluster/endsim/BehaviorSearch/Step6_Trial""","true","0.2","0.8","8","0.6000000000000001","true","true","0.09544709237667151","2","0.07806358354695003"
"1","886","1000","1","""HK""","0.03","false","""normal""","1","""constant""","0.1","""Scale-free""","3","0","1","""uniform""","""deterministic-normal""","45","0.9000000000000001","0.2","""normal""","-0.09999999999999998","1","false","""/home/ramaswamy.51/Documents/github/Spirals/Media/data/cluster/endsim/BehaviorSearch/Step6_Trial""","true","0.2","0.9","7","0.5","true","true","0.09497132072739356","2","0.07806358354695003"
"1","888","1000","1","""HK""","0.02","false","""normal""","1","""constant""","0.1","""Scale-free""","3","0","1","""uniform""","""deterministic-normal""","45","0.9000000000000001","0","""normal""","0.5","0.9","false","""/home/ramaswamy.51/Documents/github/Spirals/Media/data/cluster/endsim/BehaviorSearch/Step6_Trial""","true","0.2","0.9","8","0.6000000000000001","true","true","0.14341594469788665","2","0.07806358354695003"
"1","890","1000","1","""HK""","0.02","false","""normal""","1","""constant""","0.1","""Scale-free""","1","0","1","""uniform""","""deterministic-normal""","35","0.5","0","""normal""","0.30000000000000004","1","false","""/home/ramaswamy.51/Documents/github/Spirals/Media/data/cluster/endsim/BehaviorSearch/Step6_Trial""","true","0.2","0.9","9","0.5","true","true","0.11421678677105707","2","0.07806358354695003"
"1","892","1000","1","""HK""","0.06999999999999999","false","""normal""","1","""constant""","0.1","""Scale-free""","1","0","1","""uniform""","""deterministic-normal""","45","0.9000000000000001","0","""normal""","-0.09999999999999998","1","false","""/home/ramaswamy.51/Documents/github/Spirals/Media/data/cluster/endsim/BehaviorSearch/Step6_Trial""","true","0.2","0.9","8","0.6000000000000001","true","true","0.10136136339869045","2","0.07806358354695003"
"1","894","1000","1","""HK""","0.03","false","""normal""","1","""constant""","0.1","""Scale-free""","3","0","1","""uniform""","""deterministic-normal""","45","1","0","""normal""","-0.09999999999999998","1","false","""/home/ramaswamy.51/Documents/github/Spirals/Media/data/cluster/endsim/BehaviorSearch/Step6_Trial""","true","0.2","0.9","9","0.6000000000000001","true","true","0.0898192272323054","2","0.07806358354695003"
"1","896","1000","1","""HK""","0.01","false","""normal""","1","""constant""","0.2","""Scale-free""","3","0","1","""uniform""","""deterministic-normal""","45","1","0","""normal""","-0.09999999999999998","1","false","""/home/ramaswamy.51/Documents/github/Spirals/Media/data/cluster/endsim/BehaviorSearch/Step6_Trial""","true","0.2","0.8","8","0.6000000000000001","true","true","0.13100657332487958","2","0.07806358354695003"
"1","898","1000","1","""HK""","0.05","false","""normal""","1","""constant""","0.1","""Scale-free""","3","0","1","""uniform""","""deterministic-normal""","45","0.8","0","""normal""","-0.09999999999999998","1","false","""/home/ramaswamy.51/Documents/github/Spirals/Media/data/cluster/endsim/BehaviorSearch/Step6_Trial""","true","0.2","0.9","9","0.6000000000000001","true","true","0.09417033867760322","2","0.07806358354695003"
"1","900","1000","1","""HK""","0.06999999999999999","false","""normal""","1","""constant""","0.1","""Scale-free""","1","0","1","""uniform""","""deterministic-normal""","30","0.5","0","""normal""","-0.09999999999999998","1","false","""/home/ramaswamy.51/Documents/github/Spirals/Media/data/cluster/endsim/BehaviorSearch/Step6_Trial""","true","0.2","1","10","0.6000000000000001","true","true","0.11326429770230072","2","0.07806358354695003"
"1","902","1000","1","""HK""","0.01","false","""normal""","1","""constant""","0","""Scale-free""","1","0","1","""uniform""","""deterministic-normal""","35","0.5","0","""normal""","-0.5","1","false","""/home/ramaswamy.51/Documents/github/Spirals/Media/data/cluster/endsim/BehaviorSearch/Step6_Trial""","true","0.2","0.8","10","0.8","true","true","0.19047312991487123","2","0.07806358354695003"
"1","904","1000","1","""HK""","0.02","false","""normal""","1","""constant""","0.1","""Scale-free""","1","0","1","""uniform""","""deterministic-normal""","35","0.5","0","""normal""","-0.09999999999999998","1","false","""/home/ramaswamy.51/Documents/github/Spirals/Media/data/cluster/endsim/BehaviorSearch/Step6_Trial""","true","0.2","0.9","8","0.30000000000000004","true","true","0.09066537904042588","2","0.07806358354695003"
"1","906","1000","1","""HK""","0.03","false","""normal""","1","""constant""","0.1","""Scale-free""","3","0","1","""uniform""","""deterministic-normal""","45","1","0","""normal""","-0.09999999999999998","1","false","""/home/ramaswamy.51/Documents/github/Spirals/Media/data/cluster/endsim/BehaviorSearch/Step6_Trial""","true","0.2","0.9","9","0.8","true","true","0.08741963622124768","2","0.07806358354695003"
"1","908","1000","1","""HK""","0.03","false","""normal""","1","""constant""","0.1","""Scale-free""","3","0","1","""uniform""","""deterministic-normal""","45","1","0.1","""normal""","-0.3999999999999999","1","false","""/home/ramaswamy.51/Documents/github/Spirals/Media/data/cluster/endsim/BehaviorSearch/Step6_Trial""","true","0.2","0.9","10","0.7000000000000002","true","true","0.11239964588343843","2","0.07806358354695003"
"1","910","1000","1","""HK""","0.03","false","""normal""","1","""constant""","0.1","""Scale-free""","3","0","1","""uniform""","""deterministic-normal""","45","1","0","""normal""","-0.09999999999999998","1","false","""/home/ramaswamy.51/Documents/github/Spirals/Media/data/cluster/endsim/BehaviorSearch/Step6_Trial""","true","0.2","0.9","8","0.6000000000000001","true","true","0.10502607158947183","2","0.07806358354695003"
"1","912","1000","1","""HK""","0.05","false","""normal""","1","""constant""","0.1","""Scale-free""","1","0","1","""uniform""","""deterministic-normal""","35","0.5","0","""normal""","-0.09999999999999998","1","false","""/home/ramaswamy.51/Documents/github/Spirals/Media/data/cluster/endsim/BehaviorSearch/Step6_Trial""","true","0.2","1","10","1","true","true","0.10189643949078349","2","0.07806358354695003"
"1","914","1000","1","""HK""","0.03","false","""normal""","1","""constant""","0.1","""Scale-free""","3","0","1","""uniform""","""deterministic-normal""","50","0.9000000000000001","0","""normal""","-0.09999999999999998","1","false","""/home/ramaswamy.51/Documents/github/Spirals/Media/data/cluster/endsim/BehaviorSearch/Step6_Trial""","true","0.2","1","10","0.8","true","true","0.08694309024374272","2","0.07806358354695003"
"1","916","1000","1","""HK""","0.03","false","""normal""","1","""constant""","0.1","""Scale-free""","4","0","1","""uniform""","""deterministic-normal""","45","0.7000000000000002","0","""normal""","-0.09999999999999998","1","false","""/home/ramaswamy.51/Documents/github/Spirals/Media/data/cluster/endsim/BehaviorSearch/Step6_Trial""","true","0.1","0.9","8","0.6000000000000001","true","true","0.11064234148530933","2","0.07806358354695003"
"1","918","1000","1","""HK""","0.03","false","""normal""","1","""constant""","0.2","""Scale-free""","3","0","1","""uniform""","""deterministic-normal""","50","1","0","""normal""","-0.3999999999999999","1","false","""/home/ramaswamy.51/Documents/github/Spirals/Media/data/cluster/endsim/BehaviorSearch/Step6_Trial""","true","0.2","0.8","9","0.6000000000000001","true","true","0.15661840446805358","2","0.07806358354695003"
"1","920","1000","1","""HK""","0.02","false","""normal""","1","""constant""","0.1","""Scale-free""","3","0","1","""uniform""","""deterministic-normal""","45","1","0","""normal""","-0.09999999999999998","1","false","""/home/ramaswamy.51/Documents/github/Spirals/Media/data/cluster/endsim/BehaviorSearch/Step6_Trial""","true","0.2","1","7","0.9000000000000001","true","true","0.08768050944754419","2","0.07806358354695003"
"1","922","1000","1","""HK""","0.02","false","""normal""","1","""constant""","0.1","""Scale-free""","3","0","1","""uniform""","""deterministic-normal""","40","0.9000000000000001","0","""normal""","-0.09999999999999998","1","false","""/home/ramaswamy.51/Documents/github/Spirals/Media/data/cluster/endsim/BehaviorSearch/Step6_Trial""","true","0.2","0.9","8","0.6000000000000001","true","true","0.08434423453335568","2","0.07806358354695003"
"1","924","1000","1","""HK""","0.05","false","""normal""","1","""constant""","0.1","""Scale-free""","3","0","1","""uniform""","""deterministic-normal""","40","0.9000000000000001","0","""normal""","-0.19999999999999996","1","false","""/home/ramaswamy.51/Documents/github/Spirals/Media/data/cluster/endsim/BehaviorSearch/Step6_Trial""","true","0.2","1","8","0.5","true","true","0.09072599428904449","2","0.07806358354695003"
"1","926","1000","1","""HK""","0.03","false","""normal""","1","""constant""","0.1","""Scale-free""","3","0","1","""uniform""","""deterministic-normal""","45","1","0.1","""normal""","-0.09999999999999998","1","false","""/home/ramaswamy.51/Documents/github/Spirals/Media/data/cluster/endsim/BehaviorSearch/Step6_Trial""","true","0.2","0.9","8","0.40000000000000013","true","true","0.10008990176546584","2","0.07806358354695003"
"1","928","1000","1","""HK""","0.03","false","""normal""","1","""constant""","0.1","""Scale-free""","3","0","1","""uniform""","""deterministic-normal""","45","1","0","""normal""","-0.09999999999999998","1","false","""/home/ramaswamy.51/Documents/github/Spirals/Media/data/cluster/endsim/BehaviorSearch/Step6_Trial""","true","0.2","0.8","8","0.6000000000000001","true","true","0.08912072871131238","2","0.07806358354695003"
"1","930","1000","1","""HK""","0.03","false","""normal""","1","""constant""","0.1","""Scale-free""","3","0","1","""uniform""","""deterministic-normal""","40","0.9000000000000001","0","""normal""","0","1","false","""/home/ramaswamy.51/Documents/github/Spirals/Media/data/cluster/endsim/BehaviorSearch/Step6_Trial""","true","0.1","0.9","8","0.40000000000000013","true","true","0.09195699848413863","2","0.07806358354695003"
"1","932","1000","1","""HK""","0.01","false","""normal""","1","""constant""","0.1","""Scale-free""","3","0","1","""uniform""","""deterministic-normal""","45","0.9000000000000001","0","""normal""","-0.09999999999999998","1","false","""/home/ramaswamy.51/Documents/github/Spirals/Media/data/cluster/endsim/BehaviorSearch/Step6_Trial""","true","0.2","0.9","8","0.8","true","true","0.09711055554294493","2","0.07806358354695003"
"1","934","1000","1","""HK""","0.03","false","""normal""","1","""constant""","0.1","""Scale-free""","3","0","1","""uniform""","""deterministic-normal""","50","0.9000000000000001","0","""normal""","-0.09999999999999998","0.7000000000000001","false","""/home/ramaswamy.51/Documents/github/Spirals/Media/data/cluster/endsim/BehaviorSearch/Step6_Trial""","true","0.2","0.9","8","0.6000000000000001","true","true","0.10896225320938749","2","0.07806358354695003"
"1","936","1000","1","""HK""","0.03","false","""normal""","1","""constant""","0.1","""Scale-free""","3","0","1","""uniform""","""deterministic-normal""","40","0.8","0","""normal""","-0.09999999999999998","1","false","""/home/ramaswamy.51/Documents/github/Spirals/Media/data/cluster/endsim/BehaviorSearch/Step6_Trial""","true","0.2","0.9","9","0.6000000000000001","true","true","0.09534364514680921","2","0.07806358354695003"
"1","938","1000","1","""HK""","0.02","false","""normal""","1","""constant""","0.1","""Scale-free""","3","0","1","""uniform""","""deterministic-normal""","45","0.9000000000000001","0","""normal""","-0.09999999999999998","1","false","""/home/ramaswamy.51/Documents/github/Spirals/Media/data/cluster/endsim/BehaviorSearch/Step6_Trial""","true","0.2","0.9","8","0.5","true","true","0.09148802214321382","2","0.07806358354695003"
"1","940","1000","1","""HK""","0.060000000000000005","false","""normal""","1","""constant""","0.1","""Scale-free""","3","0","1","""uniform""","""deterministic-normal""","40","0.9000000000000001","0","""normal""","-0.09999999999999998","1","false","""/home/ramaswamy.51/Documents/github/Spirals/Media/data/cluster/endsim/BehaviorSearch/Step6_Trial""","true","0.1","0.9","8","0.9000000000000001","true","true","0.11066574424358774","2","0.07806358354695003"
"1","942","1000","1","""HK""","0.03","false","""normal""","1","""constant""","0.1","""Scale-free""","3","0","1","""uniform""","""deterministic-normal""","45","0.9000000000000001","0","""normal""","-0.09999999999999998","1","false","""/home/ramaswamy.51/Documents/github/Spirals/Media/data/cluster/endsim/BehaviorSearch/Step6_Trial""","true","0.2","0.9","9","0.9000000000000001","true","true","0.10494766662401002","2","0.07806358354695003"
"1","944","1000","1","""HK""","0.03","false","""normal""","1","""constant""","0.1","""Scale-free""","3","0","1","""uniform""","""deterministic-normal""","40","0.9000000000000001","0","""normal""","-0.09999999999999998","0.8","false","""/home/ramaswamy.51/Documents/github/Spirals/Media/data/cluster/endsim/BehaviorSearch/Step6_Trial""","true","0.2","0.9","9","0.6000000000000001","true","true","0.10592171029342365","2","0.07806358354695003"
"1","946","1000","1","""HK""","0.03","false","""normal""","1","""constant""","0.1","""Scale-free""","3","0","1","""uniform""","""deterministic-normal""","45","0.7000000000000002","0","""normal""","-0.09999999999999998","1","false","""/home/ramaswamy.51/Documents/github/Spirals/Media/data/cluster/endsim/BehaviorSearch/Step6_Trial""","true","0.2","0.9","8","0.40000000000000013","true","true","0.09914362531533308","2","0.07806358354695003"
"1","948","1000","1","""HK""","0.03","false","""normal""","1","""constant""","0.1","""Scale-free""","3","0","1","""uniform""","""deterministic-normal""","45","0.9000000000000001","0","""normal""","-0.6","1","false","""/home/ramaswamy.51/Documents/github/Spirals/Media/data/cluster/endsim/BehaviorSearch/Step6_Trial""","true","0","0.9","8","0.6000000000000001","true","true","0.13451497737287182","2","0.07806358354695003"
"1","950","1000","1","""HK""","0.01","false","""normal""","1","""constant""","0","""Scale-free""","1","0","1","""uniform""","""deterministic-normal""","35","0.7000000000000002","0","""normal""","-0.09999999999999998","1","false","""/home/ramaswamy.51/Documents/github/Spirals/Media/data/cluster/endsim/BehaviorSearch/Step6_Trial""","true","0.2","1","7","0.6000000000000001","true","true","0.1670181358235212","2","0.07806358354695003"
"1","952","1000","1","""HK""","0.03","false","""normal""","1","""constant""","0.1","""Scale-free""","3","0","1","""uniform""","""deterministic-normal""","50","0.9000000000000001","0","""normal""","0","1","false","""/home/ramaswamy.51/Documents/github/Spirals/Media/data/cluster/endsim/BehaviorSearch/Step6_Trial""","true","0.2","1","10","0.7000000000000002","true","true","0.07718518942408532","2","0.07718518942408532"
"1","954","1000","1","""HK""","0.03","false","""normal""","1","""constant""","0.1","""Scale-free""","3","0","1","""uniform""","""deterministic-normal""","45","0.9000000000000001","0","""normal""","-0.09999999999999998","1","false","""/home/ramaswamy.51/Documents/github/Spirals/Media/data/cluster/endsim/BehaviorSearch/Step6_Trial""","true","0.2","1","8","0.6000000000000001","true","true","0.099768910074172","2","0.07718518942408532"
"1","956","1000","1","""HK""","0.03","false","""normal""","1","""constant""","0.1","""Scale-free""","3","0","1","""uniform""","""deterministic-normal""","45","0.9000000000000001","0","""normal""","-0.09999999999999998","1","false","""/home/ramaswamy.51/Documents/github/Spirals/Media/data/cluster/endsim/BehaviorSearch/Step6_Trial""","true","0.2","0.9","8","0.8","true","true","0.10197233744952164","2","0.07718518942408532"
"1","958","1000","1","""HK""","0.03","false","""normal""","1","""constant""","0.1","""Scale-free""","3","0","1","""uniform""","""deterministic-normal""","50","0.9000000000000001","0","""normal""","0","1","false","""/home/ramaswamy.51/Documents/github/Spirals/Media/data/cluster/endsim/BehaviorSearch/Step6_Trial""","true","0.2","0.9","8","0.6000000000000001","true","true","0.08716716437561878","2","0.07718518942408532"
"1","960","1000","1","""HK""","0.01","false","""normal""","1","""constant""","0.1","""Scale-free""","3","0","1","""uniform""","""deterministic-normal""","50","0.9000000000000001","0","""normal""","0","1","false","""/home/ramaswamy.51/Documents/github/Spirals/Media/data/cluster/endsim/BehaviorSearch/Step6_Trial""","true","0.2","1","10","0.7000000000000002","true","true","0.10163096041862082","2","0.07718518942408532"
"1","962","1000","1","""HK""","0.03","false","""normal""","1","""constant""","0.1","""Scale-free""","3","0","1","""uniform""","""deterministic-normal""","45","0.9000000000000001","0","""normal""","-0.29999999999999993","1","false","""/home/ramaswamy.51/Documents/github/Spirals/Media/data/cluster/endsim/BehaviorSearch/Step6_Trial""","true","0.2","0.9","7","0.6000000000000001","true","true","0.08964380812370429","2","0.07718518942408532"
"1","964","1000","1","""HK""","0.01","false","""normal""","1","""constant""","0.1","""Scale-free""","1","0","1","""uniform""","""deterministic-normal""","35","0.5","0","""normal""","0","1","false","""/home/ramaswamy.51/Documents/github/Spirals/Media/data/cluster/endsim/BehaviorSearch/Step6_Trial""","true","0.2","1","10","0.7000000000000002","true","true","0.09305467482691901","2","0.07718518942408532"
"1","966","1000","1","""HK""","0.03","false","""normal""","1","""constant""","0.1","""Scale-free""","3","0","1","""uniform""","""deterministic-normal""","45","0.7000000000000002","0","""normal""","-0.09999999999999998","1","false","""/home/ramaswamy.51/Documents/github/Spirals/Media/data/cluster/endsim/BehaviorSearch/Step6_Trial""","true","0.2","0.9","8","0.6000000000000001","true","true","0.09586599181165309","2","0.07718518942408532"
"1","968","1000","1","""HK""","0.03","false","""normal""","1","""constant""","0.1","""Scale-free""","3","0","1","""uniform""","""deterministic-normal""","45","0.9000000000000001","0.1","""normal""","0.10000000000000009","1","false","""/home/ramaswamy.51/Documents/github/Spirals/Media/data/cluster/endsim/BehaviorSearch/Step6_Trial""","true","0.1","0.9","8","0.40000000000000013","true","true","0.10925966835599288","2","0.07718518942408532"
"1","970","1000","1","""HK""","0.02","false","""normal""","1","""constant""","0.1","""Scale-free""","3","0","1","""uniform""","""deterministic-normal""","40","0.7000000000000002","0","""normal""","-0.19999999999999996","1","false","""/home/ramaswamy.51/Documents/github/Spirals/Media/data/cluster/endsim/BehaviorSearch/Step6_Trial""","true","0.2","1","10","0.7000000000000002","true","true","0.08692169607138192","2","0.07718518942408532"
"1","972","1000","1","""HK""","0.01","false","""normal""","1","""constant""","0.1","""Scale-free""","3","0","1","""uniform""","""deterministic-normal""","45","0.9000000000000001","0.30000000000000004","""normal""","0.20000000000000018","1","false","""/home/ramaswamy.51/Documents/github/Spirals/Media/data/cluster/endsim/BehaviorSearch/Step6_Trial""","true","0.2","0.9","8","0.6000000000000001","true","true","0.10899574472042381","2","0.07718518942408532"
"1","974","1000","1","""HK""","0.02","false","""normal""","1","""constant""","0.1","""Scale-free""","3","0","1","""uniform""","""deterministic-normal""","45","0.8","0","""normal""","-0.19999999999999996","1","false","""/home/ramaswamy.51/Documents/github/Spirals/Media/data/cluster/endsim/BehaviorSearch/Step6_Trial""","true","0.2","1","10","0.6000000000000001","true","true","0.08763248601400167","2","0.07718518942408532"
"1","976","1000","1","""HK""","0.03","false","""normal""","1","""constant""","0.1","""Scale-free""","1","0","1","""uniform""","""deterministic-normal""","30","0.9000000000000001","0.1","""normal""","-0.19999999999999996","1","false","""/home/ramaswamy.51/Documents/github/Spirals/Media/data/cluster/endsim/BehaviorSearch/Step6_Trial""","true","0.2","0.9","8","0.6000000000000001","true","true","0.10599843200878883","2","0.07718518942408532"
"1","978","1000","1","""HK""","0.02","false","""normal""","1","""constant""","0","""Scale-free""","3","0","1","""uniform""","""deterministic-normal""","45","0.9000000000000001","0","""normal""","0","0.9","false","""/home/ramaswamy.51/Documents/github/Spirals/Media/data/cluster/endsim/BehaviorSearch/Step6_Trial""","true","0.2","0.9","8","0.5","true","true","0.1590904690474919","2","0.07718518942408532"
"1","980","1000","1","""HK""","0.04","false","""normal""","1","""constant""","0.1","""Scale-free""","3","0","1","""uniform""","""deterministic-normal""","45","0.8","0","""normal""","-0.19999999999999996","1","false","""/home/ramaswamy.51/Documents/github/Spirals/Media/data/cluster/endsim/BehaviorSearch/Step6_Trial""","true","0.2","0.9","9","0.6000000000000001","true","true","0.08902271359500999","2","0.07718518942408532"
"1","982","1000","1","""HK""","0.01","false","""normal""","1","""constant""","0.1","""Scale-free""","3","0","1","""uniform""","""deterministic-normal""","40","0.7000000000000002","0","""normal""","-0.09999999999999998","1","false","""/home/ramaswamy.51/Documents/github/Spirals/Media/data/cluster/endsim/BehaviorSearch/Step6_Trial""","true","0.2","0.9","8","0.6000000000000001","true","true","0.08966801182615061","2","0.07718518942408532"
"1","984","1000","1","""HK""","0.03","false","""normal""","1","""constant""","0.1","""Scale-free""","3","0","1","""uniform""","""deterministic-normal""","45","0.8","0","""normal""","-0.19999999999999996","1","false","""/home/ramaswamy.51/Documents/github/Spirals/Media/data/cluster/endsim/BehaviorSearch/Step6_Trial""","true","0.2","0.9","9","0.6000000000000001","true","true","0.10349938975811553","2","0.07718518942408532"
"1","986","1000","1","""HK""","0.01","false","""normal""","1","""constant""","0.1","""Scale-free""","3","0","1","""uniform""","""deterministic-normal""","45","0.7000000000000002","0.30000000000000004","""normal""","-0.09999999999999998","0.9","false","""/home/ramaswamy.51/Documents/github/Spirals/Media/data/cluster/endsim/BehaviorSearch/Step6_Trial""","true","0.2","0.9","9","0.6000000000000001","true","true","0.0938127816615748","2","0.07718518942408532"
"1","988","1000","1","""HK""","0.03","false","""normal""","1","""constant""","0.1","""Scale-free""","3","0","1","""uniform""","""deterministic-normal""","45","0.6000000000000001","0","""normal""","-0.09999999999999998","1","false","""/home/ramaswamy.51/Documents/github/Spirals/Media/data/cluster/endsim/BehaviorSearch/Step6_Trial""","true","0.2","0.8","8","0.9000000000000001","true","true","0.1118311671615369","2","0.07718518942408532"
"1","990","1000","1","""HK""","0.03","false","""normal""","1","""constant""","0.1","""Scale-free""","3","0","1","""uniform""","""deterministic-normal""","40","0.9000000000000001","0","""normal""","-0.09999999999999998","1","false","""/home/ramaswamy.51/Documents/github/Spirals/Media/data/cluster/endsim/BehaviorSearch/Step6_Trial""","true","0.2","1","8","0.6000000000000001","true","true","0.10035213698553337","2","0.07718518942408532"
"1","992","1000","1","""HK""","0.02","false","""normal""","1","""constant""","0.1","""Scale-free""","1","0","1","""uniform""","""deterministic-normal""","45","0.6000000000000001","0","""normal""","-0.09999999999999998","1","false","""/home/ramaswamy.51/Documents/github/Spirals/Media/data/cluster/endsim/BehaviorSearch/Step6_Trial""","true","0.2","1","9","0.9000000000000001","true","true","0.10092787790399123","2","0.07718518942408532"
"1","994","1000","1","""HK""","0.03","false","""normal""","1","""constant""","0.1","""Scale-free""","3","0","1","""uniform""","""deterministic-normal""","50","0.8","0","""normal""","-0.09999999999999998","1","false","""/home/ramaswamy.51/Documents/github/Spirals/Media/data/cluster/endsim/BehaviorSearch/Step6_Trial""","true","0.2","0.9","8","0.6000000000000001","true","true","0.09839580225907203","2","0.07718518942408532"
"1","996","1000","1","""HK""","0.01","false","""normal""","1","""constant""","0.1","""Scale-free""","1","0","1","""uniform""","""deterministic-normal""","35","0.7000000000000002","0","""normal""","-0.09999999999999998","1","false","""/home/ramaswamy.51/Documents/github/Spirals/Media/data/cluster/endsim/BehaviorSearch/Step6_Trial""","true","0.2","0.9","9","0.8","true","true","0.10224813323225974","2","0.07718518942408532"
"1","998","1000","1","""HK""","0.03","false","""normal""","1","""constant""","0.1","""Scale-free""","3","0","1","""uniform""","""deterministic-normal""","45","0.9000000000000001","0","""normal""","-0.09999999999999998","1","false","""/home/ramaswamy.51/Documents/github/Spirals/Media/data/cluster/endsim/BehaviorSearch/Step6_Trial""","true","0.2","0.9","9","0.6000000000000001","true","true","0.10941969178542854","2","0.07718518942408532"
"1","1000","1000","1","""HK""","0.03","false","""normal""","1","""constant""","0.1","""Scale-free""","3","0","1","""uniform""","""deterministic-normal""","50","0.9000000000000001","0","""normal""","-0.09999999999999998","1","false","""/home/ramaswamy.51/Documents/github/Spirals/Media/data/cluster/endsim/BehaviorSearch/Step6_Trial""","true","0.2","1","7","0.9000000000000001","true","true","0.08973981483757404","2","0.07718518942408532"
"1","1002","1000","1","""HK""","0.03","false","""normal""","1","""constant""","0.1","""Scale-free""","3","0","1","""uniform""","""deterministic-normal""","50","0.9000000000000001","0","""normal""","0.30000000000000004","0.8","false","""/home/ramaswamy.51/Documents/github/Spirals/Media/data/cluster/endsim/BehaviorSearch/Step6_Trial""","true","0.2","1","10","1","true","true","0.12878381260682392","2","0.07718518942408532"
"1","1004","1000","1","""HK""","0.03","false","""normal""","1","""constant""","0.1","""Scale-free""","3","0","1","""uniform""","""deterministic-normal""","45","0.8","0","""normal""","-0.19999999999999996","1","false","""/home/ramaswamy.51/Documents/github/Spirals/Media/data/cluster/endsim/BehaviorSearch/Step6_Trial""","true","0.2","0.9","8","0.6000000000000001","true","true","0.09357325112511702","2","0.07718518942408532"
"1","1006","1000","1","""HK""","0.03","false","""normal""","1","""constant""","0.2","""Scale-free""","3","0","1","""uniform""","""deterministic-normal""","45","0.9000000000000001","0","""normal""","-0.09999999999999998","1","false","""/home/ramaswamy.51/Documents/github/Spirals/Media/data/cluster/endsim/BehaviorSearch/Step6_Trial""","true","0.30000000000000004","1","8","0.6000000000000001","true","true","0.15356430877573024","2","0.07718518942408532"
"1","1008","1000","1","""HK""","0.03","false","""normal""","1","""constant""","0.1","""Scale-free""","3","0","1","""uniform""","""deterministic-normal""","45","1","0","""normal""","-0.09999999999999998","1","false","""/home/ramaswamy.51/Documents/github/Spirals/Media/data/cluster/endsim/BehaviorSearch/Step6_Trial""","true","0.30000000000000004","0.9","9","0.6000000000000001","true","true","0.09403118327021331","2","0.07718518942408532"
"1","1010","1000","1","""HK""","0.02","false","""normal""","1","""constant""","0.1","""Scale-free""","3","0","1","""uniform""","""deterministic-normal""","40","0.9000000000000001","0","""normal""","-0.09999999999999998","1","false","""/home/ramaswamy.51/Documents/github/Spirals/Media/data/cluster/endsim/BehaviorSearch/Step6_Trial""","true","0.2","0.9","8","0.8","true","true","0.08420489026249839","2","0.07718518942408532"
"1","1012","1000","1","""HK""","0.03","false","""normal""","1","""constant""","0.1","""Scale-free""","3","0","1","""uniform""","""deterministic-normal""","45","0.9000000000000001","0","""normal""","-0.29999999999999993","1","false","""/home/ramaswamy.51/Documents/github/Spirals/Media/data/cluster/endsim/BehaviorSearch/Step6_Trial""","true","0.2","0.9","9","0.6000000000000001","true","true","0.09892014770619614","2","0.07718518942408532"
"1","1014","1000","1","""HK""","0.03","false","""normal""","1","""constant""","0.1","""Scale-free""","3","0","1","""uniform""","""deterministic-normal""","45","1","0","""normal""","-0.09999999999999998","1","false","""/home/ramaswamy.51/Documents/github/Spirals/Media/data/cluster/endsim/BehaviorSearch/Step6_Trial""","true","0.2","1","9","0.6000000000000001","true","true","0.10106249057220501","2","0.07718518942408532"
"1","1016","1000","1","""HK""","0.03","false","""normal""","1","""constant""","0.2","""Scale-free""","3","0","1","""uniform""","""deterministic-normal""","45","0.9000000000000001","0.2","""normal""","-0.29999999999999993","1","false","""/home/ramaswamy.51/Documents/github/Spirals/Media/data/cluster/endsim/BehaviorSearch/Step6_Trial""","true","0.2","0.9","9","0.40000000000000013","true","true","0.16569968348872904","2","0.07718518942408532"
"1","1018","1000","1","""HK""","0.04","false","""normal""","1","""constant""","0.1","""Scale-free""","3","0","1","""uniform""","""deterministic-normal""","45","0.6000000000000001","0","""normal""","-0.09999999999999998","1","false","""/home/ramaswamy.51/Documents/github/Spirals/Media/data/cluster/endsim/BehaviorSearch/Step6_Trial""","true","0.30000000000000004","1","8","0.6000000000000001","true","true","0.092820950040313","2","0.07718518942408532"
"1","1020","1000","1","""HK""","0.08","false","""normal""","1","""constant""","0.1","""Scale-free""","3","0","1","""uniform""","""deterministic-normal""","45","0.8","0.1","""normal""","-0.09999999999999998","1","false","""/home/ramaswamy.51/Documents/github/Spirals/Media/data/cluster/endsim/BehaviorSearch/Step6_Trial""","true","0.2","0.9","10","0.6000000000000001","true","true","0.08668624233795744","2","0.07718518942408532"
"1","1022","1000","1","""HK""","0.02","false","""normal""","1","""constant""","0.1","""Scale-free""","3","0","1","""uniform""","""deterministic-normal""","45","0.9000000000000001","0","""normal""","0.20000000000000018","1","false","""/home/ramaswamy.51/Documents/github/Spirals/Media/data/cluster/endsim/BehaviorSearch/Step6_Trial""","true","0.2","1","10","0.7000000000000002","true","true","0.10449479530437067","2","0.07718518942408532"
"1","1024","1000","1","""HK""","0.03","false","""normal""","1","""constant""","0.1","""Scale-free""","3","0","1","""uniform""","""deterministic-normal""","45","0.9000000000000001","0","""normal""","-0.09999999999999998","1","false","""/home/ramaswamy.51/Documents/github/Spirals/Media/data/cluster/endsim/BehaviorSearch/Step6_Trial""","true","0.1","0.9","8","0.40000000000000013","true","true","0.10642037728576578","2","0.07718518942408532"
"1","1026","1000","1","""HK""","0.03","false","""normal""","1","""constant""","0.1","""Scale-free""","3","0","1","""uniform""","""deterministic-normal""","45","0.8","0","""normal""","-0.09999999999999998","1","false","""/home/ramaswamy.51/Documents/github/Spirals/Media/data/cluster/endsim/BehaviorSearch/Step6_Trial""","true","0.30000000000000004","0.9","9","0.7000000000000002","true","true","0.0957298215616336","2","0.07718518942408532"
"1","1028","1000","1","""HK""","0.03","false","""normal""","1","""constant""","0.1","""Scale-free""","3","0","1","""uniform""","""deterministic-normal""","45","0.9000000000000001","0","""normal""","0.30000000000000004","0.9","false","""/home/ramaswamy.51/Documents/github/Spirals/Media/data/cluster/endsim/BehaviorSearch/Step6_Trial""","true","0.2","0.9","8","0.6000000000000001","true","true","0.12420335564494053","2","0.07718518942408532"
"1","1030","1000","1","""HK""","0.03","false","""normal""","1","""constant""","0.2","""Scale-free""","3","0","1","""uniform""","""deterministic-normal""","45","0.6000000000000001","0.1","""normal""","-0.09999999999999998","1","false","""/home/ramaswamy.51/Documents/github/Spirals/Media/data/cluster/endsim/BehaviorSearch/Step6_Trial""","true","0","0.9","9","0.8","true","true","0.18173167825091602","2","0.07718518942408532"
"1","1032","1000","1","""HK""","0.04","false","""normal""","1","""constant""","0.1","""Scale-free""","3","0","1","""uniform""","""deterministic-normal""","45","0.9000000000000001","0","""normal""","0","1","false","""/home/ramaswamy.51/Documents/github/Spirals/Media/data/cluster/endsim/BehaviorSearch/Step6_Trial""","true","0.1","0.9","8","0.40000000000000013","true","true","0.09723121064988141","2","0.07718518942408532"
"1","1034","1000","1","""HK""","0.03","false","""normal""","1","""constant""","0.1","""Scale-free""","3","0","1","""uniform""","""deterministic-normal""","40","0.9000000000000001","0.2","""normal""","-0.09999999999999998","1","false","""/home/ramaswamy.51/Documents/github/Spirals/Media/data/cluster/endsim/BehaviorSearch/Step6_Trial""","true","0.2","1","10","0.8","true","true","0.07761667246536626","2","0.07718518942408532"
"1","1036","1000","1","""HK""","0.03","false","""normal""","1","""constant""","0.1","""Scale-free""","3","0","1","""uniform""","""deterministic-normal""","45","0.8","0","""normal""","-0.09999999999999998","1","false","""/home/ramaswamy.51/Documents/github/Spirals/Media/data/cluster/endsim/BehaviorSearch/Step6_Trial""","true","0.2","0.9","6","0.6000000000000001","true","true","0.08232134385278428","2","0.07718518942408532"
"1","1038","1000","1","""HK""","0.09","false","""normal""","1","""constant""","0.1","""Scale-free""","3","0","1","""uniform""","""deterministic-normal""","45","1","0.1","""normal""","0","1","false","""/home/ramaswamy.51/Documents/github/Spirals/Media/data/cluster/endsim/BehaviorSearch/Step6_Trial""","true","0.2","1","10","0.40000000000000013","true","true","0.10734101899993377","2","0.07718518942408532"
"1","1040","1000","1","""HK""","0.03","false","""normal""","1","""constant""","0.1","""Scale-free""","3","0","1","""uniform""","""deterministic-normal""","50","0.9000000000000001","0.1","""normal""","0","1","false","""/home/ramaswamy.51/Documents/github/Spirals/Media/data/cluster/endsim/BehaviorSearch/Step6_Trial""","true","0.2","1","10","0.7000000000000002","true","true","0.10201190784037513","2","0.07718518942408532"
"1","1042","1000","1","""HK""","0.03","false","""normal""","1","""constant""","0.1","""Scale-free""","3","0","1","""uniform""","""deterministic-normal""","40","0.9000000000000001","0","""normal""","-0.09999999999999998","1","false","""/home/ramaswamy.51/Documents/github/Spirals/Media/data/cluster/endsim/BehaviorSearch/Step6_Trial""","true","0.2","0.9","8","0.6000000000000001","true","true","0.09376495044047949","2","0.07718518942408532"
"1","1044","1000","1","""HK""","0.03","false","""normal""","1","""constant""","0.1","""Scale-free""","3","0","1","""uniform""","""deterministic-normal""","45","0.8","0","""normal""","-0.19999999999999996","1","false","""/home/ramaswamy.51/Documents/github/Spirals/Media/data/cluster/endsim/BehaviorSearch/Step6_Trial""","true","0.2","0.9","6","0.6000000000000001","true","true","0.0933209339417089","2","0.07718518942408532"
"1","1046","1000","1","""HK""","0.03","false","""normal""","1","""constant""","0.2","""Scale-free""","3","0","1","""uniform""","""deterministic-normal""","50","0.9000000000000001","0","""normal""","0","1","false","""/home/ramaswamy.51/Documents/github/Spirals/Media/data/cluster/endsim/BehaviorSearch/Step6_Trial""","true","0.2","1","10","0.7000000000000002","true","true","0.1616926471998243","2","0.07718518942408532"
"1","1048","1000","1","""HK""","0.03","false","""normal""","1","""constant""","0.1","""Scale-free""","3","0","1","""uniform""","""deterministic-normal""","45","0.5","0","""normal""","-0.09999999999999998","0.8","false","""/home/ramaswamy.51/Documents/github/Spirals/Media/data/cluster/endsim/BehaviorSearch/Step6_Trial""","true","0.2","0.9","8","0.6000000000000001","true","true","0.09734130776555874","2","0.07718518942408532"
"1","1050","1000","1","""HK""","0.05","false","""normal""","1","""constant""","0.1","""Scale-free""","1","0","1","""uniform""","""deterministic-normal""","30","0.5","0","""normal""","-0.09999999999999998","1","false","""/home/ramaswamy.51/Documents/github/Spirals/Media/data/cluster/endsim/BehaviorSearch/Step6_Trial""","true","0.2","0.9","9","0.6000000000000001","true","true","0.09883353542733644","2","0.07718518942408532"
"1","1052","1000","1","""HK""","0.03","false","""normal""","1","""constant""","0.1","""Scale-free""","3","0","1","""uniform""","""deterministic-normal""","50","0.9000000000000001","0","""normal""","0.10000000000000009","1","false","""/home/ramaswamy.51/Documents/github/Spirals/Media/data/cluster/endsim/BehaviorSearch/Step6_Trial""","true","0.2","1","10","1","true","true","0.10037798643506873","2","0.07718518942408532"
"1","1054","1000","1","""HK""","0.03","false","""normal""","1","""constant""","0.1","""Scale-free""","3","0","1","""uniform""","""deterministic-normal""","45","1","0","""normal""","-0.09999999999999998","1","false","""/home/ramaswamy.51/Documents/github/Spirals/Media/data/cluster/endsim/BehaviorSearch/Step6_Trial""","true","0.2","1","10","0.7000000000000002","true","true","0.08640354329745448","2","0.07718518942408532"
"1","1056","1000","1","""HK""","0.03","false","""normal""","1","""constant""","0.1","""Scale-free""","4","0","1","""uniform""","""deterministic-normal""","40","0.9000000000000001","0","""normal""","-0.09999999999999998","0.9","false","""/home/ramaswamy.51/Documents/github/Spirals/Media/data/cluster/endsim/BehaviorSearch/Step6_Trial""","true","0.2","0.8","8","0.6000000000000001","true","true","0.10773171233898755","2","0.07718518942408532"
"1","1058","1000","1","""HK""","0.03","false","""normal""","1","""constant""","0.1","""Scale-free""","3","0","1","""uniform""","""deterministic-normal""","45","0.9000000000000001","0","""normal""","-0.29999999999999993","1","false","""/home/ramaswamy.51/Documents/github/Spirals/Media/data/cluster/endsim/BehaviorSearch/Step6_Trial""","true","0.2","0.9","8","0.6000000000000001","true","true","0.09445067184277814","2","0.07718518942408532"
"1","1060","1000","1","""HK""","0.03","false","""normal""","1","""constant""","0.1","""Scale-free""","3","0","1","""uniform""","""deterministic-normal""","40","1","0","""normal""","-0.09999999999999998","1","false","""/home/ramaswamy.51/Documents/github/Spirals/Media/data/cluster/endsim/BehaviorSearch/Step6_Trial""","true","0.2","0.8","8","0.6000000000000001","true","true","0.09485642725487747","2","0.07718518942408532"
"1","1062","1000","1","""HK""","0.060000000000000005","false","""normal""","1","""constant""","0.1","""Scale-free""","3","0","1","""uniform""","""deterministic-normal""","45","0.9000000000000001","0","""normal""","-0.09999999999999998","1","false","""/home/ramaswamy.51/Documents/github/Spirals/Media/data/cluster/endsim/BehaviorSearch/Step6_Trial""","true","0.2","0.9","8","0.30000000000000004","true","true","0.09979578966563413","2","0.07718518942408532"
"1","1064","1000","1","""HK""","0.01","false","""normal""","1","""constant""","0.1","""Scale-free""","3","0","1","""uniform""","""deterministic-normal""","50","0.6000000000000001","0","""normal""","0.10000000000000009","1","false","""/home/ramaswamy.51/Documents/github/Spirals/Media/data/cluster/endsim/BehaviorSearch/Step6_Trial""","true","0","1","10","0.7000000000000002","true","true","0.12185933703423368","2","0.07718518942408532"
"1","1066","1000","1","""HK""","0.02","false","""normal""","1","""constant""","0.1","""Scale-free""","3","0","1","""uniform""","""deterministic-normal""","45","0.9000000000000001","0","""normal""","-0.09999999999999998","1","false","""/home/ramaswamy.51/Documents/github/Spirals/Media/data/cluster/endsim/BehaviorSearch/Step6_Trial""","true","0.2","0.9","9","0.6000000000000001","true","true","0.10996520044839529","2","0.07718518942408532"
"1","1068","1000","1","""HK""","0.09999999999999999","false","""normal""","1","""constant""","0.1","""Scale-free""","3","0","1","""uniform""","""deterministic-normal""","45","0.9000000000000001","0","""normal""","-0.09999999999999998","1","false","""/home/ramaswamy.51/Documents/github/Spirals/Media/data/cluster/endsim/BehaviorSearch/Step6_Trial""","true","0","0.9","8","0.6000000000000001","true","true","0.15169695369162056","2","0.07718518942408532"
"1","1070","1000","1","""HK""","0.03","false","""normal""","1","""constant""","0.1","""Scale-free""","3","0","1","""uniform""","""deterministic-normal""","50","0.9000000000000001","0","""normal""","-0.09999999999999998","1","false","""/home/ramaswamy.51/Documents/github/Spirals/Media/data/cluster/endsim/BehaviorSearch/Step6_Trial""","true","0.2","0.9","8","0.8","true","true","0.10199369287540544","2","0.07718518942408532"
"1","1072","1000","1","""HK""","0.01","false","""normal""","1","""constant""","0.1","""Scale-free""","3","0","1","""uniform""","""deterministic-normal""","40","1","0.2","""normal""","-0.09999999999999998","1","false","""/home/ramaswamy.51/Documents/github/Spirals/Media/data/cluster/endsim/BehaviorSearch/Step6_Trial""","true","0.2","1","8","0.8","true","true","0.09602352179518614","2","0.07718518942408532"
"1","1074","1000","1","""HK""","0.03","false","""normal""","1","""constant""","0.1","""Scale-free""","3","0","1","""uniform""","""deterministic-normal""","45","0.5","0.1","""normal""","-0.19999999999999996","1","false","""/home/ramaswamy.51/Documents/github/Spirals/Media/data/cluster/endsim/BehaviorSearch/Step6_Trial""","true","0.2","1","10","0.9000000000000001","true","true","0.09222245173749327","2","0.07718518942408532"
"1","1076","1000","1","""HK""","0.03","false","""normal""","1","""constant""","0.1","""Scale-free""","3","0","1","""uniform""","""deterministic-normal""","45","0.9000000000000001","0","""normal""","0","1","false","""/home/ramaswamy.51/Documents/github/Spirals/Media/data/cluster/endsim/BehaviorSearch/Step6_Trial""","true","0.2","1","10","0.7000000000000002","true","true","0.09701472289209133","2","0.07718518942408532"
"1","1078","1000","1","""HK""","0.02","false","""normal""","1","""constant""","0.1","""Scale-free""","3","0","1","""uniform""","""deterministic-normal""","40","0.9000000000000001","0.1","""normal""","-0.09999999999999998","1","false","""/home/ramaswamy.51/Documents/github/Spirals/Media/data/cluster/endsim/BehaviorSearch/Step6_Trial""","true","0.1","1","10","0.7000000000000002","true","true","0.10057036962453658","2","0.07718518942408532"
"1","1080","1000","1","""HK""","0.03","false","""normal""","1","""constant""","0.1","""Scale-free""","3","0","1","""uniform""","""deterministic-normal""","45","0.9000000000000001","0","""normal""","0","0.8","false","""/home/ramaswamy.51/Documents/github/Spirals/Media/data/cluster/endsim/BehaviorSearch/Step6_Trial""","true","0.1","0.8","8","0.6000000000000001","true","true","0.0931010051325071","2","0.07718518942408532"
"1","1082","1000","1","""HK""","0.01","false","""normal""","1","""constant""","0.1","""Scale-free""","1","0","1","""uniform""","""deterministic-normal""","35","0.5","0","""normal""","0.30000000000000004","1","false","""/home/ramaswamy.51/Documents/github/Spirals/Media/data/cluster/endsim/BehaviorSearch/Step6_Trial""","true","0.1","1","8","0.8","true","true","0.09874673108678561","2","0.07718518942408532"
"1","1084","1000","1","""HK""","0.03","false","""normal""","1","""constant""","0.1","""Scale-free""","3","0","1","""uniform""","""deterministic-normal""","40","0.9000000000000001","0","""normal""","-0.09999999999999998","1","false","""/home/ramaswamy.51/Documents/github/Spirals/Media/data/cluster/endsim/BehaviorSearch/Step6_Trial""","true","0.2","0.9","9","0.20000000000000018","true","true","0.08639919922113062","2","0.07718518942408532"
"1","1086","1000","1","""HK""","0.03","false","""normal""","1","""constant""","0.1","""Scale-free""","3","0","1","""uniform""","""deterministic-normal""","45","0.9000000000000001","0","""normal""","-0.09999999999999998","1","false","""/home/ramaswamy.51/Documents/github/Spirals/Media/data/cluster/endsim/BehaviorSearch/Step6_Trial""","true","0.2","1","9","0.8","true","true","0.08333852883570428","2","0.07718518942408532"
"1","1088","1000","1","""HK""","0.04","false","""normal""","1","""constant""","0.1","""Scale-free""","3","0","1","""uniform""","""deterministic-normal""","50","0.9000000000000001","0","""normal""","0","1","false","""/home/ramaswamy.51/Documents/github/Spirals/Media/data/cluster/endsim/BehaviorSearch/Step6_Trial""","true","0.2","1","10","0.7000000000000002","true","true","0.0961294671048227","2","0.07718518942408532"
"1","1090","1000","1","""HK""","0.03","false","""normal""","1","""constant""","0","""Scale-free""","3","0","1","""uniform""","""deterministic-normal""","45","0.9000000000000001","0","""normal""","-0.09999999999999998","1","false","""/home/ramaswamy.51/Documents/github/Spirals/Media/data/cluster/endsim/BehaviorSearch/Step6_Trial""","true","0.2","0.9","9","0.6000000000000001","true","true","0.1570413443206973","2","0.07718518942408532"
"1","1092","1000","1","""HK""","0.03","false","""normal""","1","""constant""","0.1","""Scale-free""","3","0","1","""uniform""","""deterministic-normal""","45","0.9000000000000001","0","""normal""","0","1","false","""/home/ramaswamy.51/Documents/github/Spirals/Media/data/cluster/endsim/BehaviorSearch/Step6_Trial""","true","0.2","0.9","8","0.6000000000000001","true","true","0.08978336337439358","2","0.07718518942408532"
"1","1094","1000","1","""HK""","0.03","false","""normal""","1","""constant""","0","""Scale-free""","3","0","1","""uniform""","""deterministic-normal""","45","0.9000000000000001","0","""normal""","-0.09999999999999998","1","false","""/home/ramaswamy.51/Documents/github/Spirals/Media/data/cluster/endsim/BehaviorSearch/Step6_Trial""","true","0.2","1","8","0.6000000000000001","true","true","0.15990201194655007","2","0.07718518942408532"
"1","1096","1000","1","""HK""","0.03","false","""normal""","1","""constant""","0.1","""Scale-free""","3","0","1","""uniform""","""deterministic-normal""","45","0.9000000000000001","0.1","""normal""","-0.09999999999999998","1","false","""/home/ramaswamy.51/Documents/github/Spirals/Media/data/cluster/endsim/BehaviorSearch/Step6_Trial""","true","0.2","0.9","8","0.8","true","true","0.08298689902180004","2","0.07718518942408532"
"1","1098","1000","1","""HK""","0.03","false","""normal""","1","""constant""","0.1","""Scale-free""","3","0","1","""uniform""","""deterministic-normal""","45","0.8","0","""normal""","0","1","false","""/home/ramaswamy.51/Documents/github/Spirals/Media/data/cluster/endsim/BehaviorSearch/Step6_Trial""","true","0.2","0.9","9","0.6000000000000001","true","true","0.10363119017758449","2","0.07718518942408532"
"1","1100","1000","1","""HK""","0.03","false","""normal""","1","""constant""","0.1","""Scale-free""","3","0","1","""uniform""","""deterministic-normal""","40","0.8","0.2","""normal""","-0.09999999999999998","1","false","""/home/ramaswamy.51/Documents/github/Spirals/Media/data/cluster/endsim/BehaviorSearch/Step6_Trial""","true","0.2","1","8","0.7000000000000002","true","true","0.1015293167191386","2","0.07718518942408532"
"1","1102","1000","1","""HK""","0.03","false","""normal""","1","""constant""","0.1","""Scale-free""","3","0","1","""uniform""","""deterministic-normal""","40","0.8","0","""normal""","-0.09999999999999998","1","false","""/home/ramaswamy.51/Documents/github/Spirals/Media/data/cluster/endsim/BehaviorSearch/Step6_Trial""","true","0.2","1","8","0.6000000000000001","true","true","0.09471906858767846","2","0.07718518942408532"
"1","1104","1000","1","""HK""","0.03","false","""normal""","1","""constant""","0.1","""Scale-free""","3","0","1","""uniform""","""deterministic-normal""","50","1","0","""normal""","0","1","false","""/home/ramaswamy.51/Documents/github/Spirals/Media/data/cluster/endsim/BehaviorSearch/Step6_Trial""","true","0.1","1","10","0.8","true","true","0.09208036036896229","2","0.07718518942408532"
"1","1106","1000","1","""HK""","0.05","false","""normal""","1","""constant""","0.1","""Scale-free""","3","0","1","""uniform""","""deterministic-normal""","40","0.8","0","""normal""","-0.09999999999999998","1","false","""/home/ramaswamy.51/Documents/github/Spirals/Media/data/cluster/endsim/BehaviorSearch/Step6_Trial""","true","0.30000000000000004","0.8","8","0.6000000000000001","true","true","0.09778057455601163","2","0.07718518942408532"
"1","1108","1000","1","""HK""","0.03","false","""normal""","1","""constant""","0.2","""Scale-free""","3","0","1","""uniform""","""deterministic-normal""","40","0.9000000000000001","0.30000000000000004","""normal""","-0.09999999999999998","0.9","false","""/home/ramaswamy.51/Documents/github/Spirals/Media/data/cluster/endsim/BehaviorSearch/Step6_Trial""","true","0.2","1","10","0.6000000000000001","true","true","0.15419892502336618","2","0.07718518942408532"
"1","1110","1000","1","""HK""","0.02","false","""normal""","1","""constant""","0.1","""Scale-free""","3","0","1","""uniform""","""deterministic-normal""","50","0.7000000000000002","0","""normal""","-0.09999999999999998","0.9","false","""/home/ramaswamy.51/Documents/github/Spirals/Media/data/cluster/endsim/BehaviorSearch/Step6_Trial""","true","0.2","0.9","9","0.6000000000000001","true","true","0.10169425485505024","2","0.07718518942408532"
"1","1112","1000","1","""HK""","0.06999999999999999","false","""normal""","1","""constant""","0.1","""Scale-free""","3","0","1","""uniform""","""deterministic-normal""","35","0.9000000000000001","0","""normal""","-0.09999999999999998","1","false","""/home/ramaswamy.51/Documents/github/Spirals/Media/data/cluster/endsim/BehaviorSearch/Step6_Trial""","true","0.2","0.9","8","0.6000000000000001","true","true","0.0893201613388214","2","0.07718518942408532"
"1","1114","1000","1","""HK""","0.03","false","""normal""","1","""constant""","0.2","""Scale-free""","3","0","1","""uniform""","""deterministic-normal""","45","0.8","0","""normal""","-0.09999999999999998","1","false","""/home/ramaswamy.51/Documents/github/Spirals/Media/data/cluster/endsim/BehaviorSearch/Step6_Trial""","true","0.2","0.9","8","0.40000000000000013","true","true","0.15712593839502398","2","0.07718518942408532"
"1","1116","1000","1","""HK""","0.03","false","""normal""","1","""constant""","0.1","""Scale-free""","3","0","1","""uniform""","""deterministic-normal""","50","0.6000000000000001","0","""normal""","0.10000000000000009","1","false","""/home/ramaswamy.51/Documents/github/Spirals/Media/data/cluster/endsim/BehaviorSearch/Step6_Trial""","true","0.2","0.9","10","0.7000000000000002","true","true","0.09690713480266426","2","0.07718518942408532"
"1","1118","1000","1","""HK""","0.03","false","""normal""","1","""constant""","0.1","""Scale-free""","2","0","1","""uniform""","""deterministic-normal""","45","0.8","0.1","""normal""","-0.09999999999999998","1","false","""/home/ramaswamy.51/Documents/github/Spirals/Media/data/cluster/endsim/BehaviorSearch/Step6_Trial""","true","0.2","1","9","1","true","true","0.09053716419008137","2","0.07718518942408532"
"1","1120","1000","1","""HK""","0.03","false","""normal""","1","""constant""","0.1","""Scale-free""","4","0","1","""uniform""","""deterministic-normal""","45","0.9000000000000001","0","""normal""","-0.09999999999999998","1","false","""/home/ramaswamy.51/Documents/github/Spirals/Media/data/cluster/endsim/BehaviorSearch/Step6_Trial""","true","0","0.9","8","0.8","true","true","0.1074901109062964","2","0.07718518942408532"
"1","1122","1000","1","""HK""","0.05","false","""normal""","1","""constant""","0.1","""Scale-free""","3","0","1","""uniform""","""deterministic-normal""","45","1","0","""normal""","-0.09999999999999998","1","false","""/home/ramaswamy.51/Documents/github/Spirals/Media/data/cluster/endsim/BehaviorSearch/Step6_Trial""","true","0.2","0.9","8","0.6000000000000001","true","true","0.09284755402691242","2","0.07718518942408532"
"1","1124","1000","1","""HK""","0.03","false","""normal""","1","""constant""","0.1","""Scale-free""","3","0","1","""uniform""","""deterministic-normal""","35","0.9000000000000001","0.30000000000000004","""normal""","-0.09999999999999998","0.9","false","""/home/ramaswamy.51/Documents/github/Spirals/Media/data/cluster/endsim/BehaviorSearch/Step6_Trial""","true","0.2","0.9","10","0.40000000000000013","true","true","0.10852300512100242","2","0.07718518942408532"
"1","1126","1000","1","""HK""","0.03","false","""normal""","1","""constant""","0.1","""Scale-free""","3","0","1","""uniform""","""deterministic-normal""","50","0.9000000000000001","0.2","""normal""","-0.09999999999999998","0.8","false","""/home/ramaswamy.51/Documents/github/Spirals/Media/data/cluster/endsim/BehaviorSearch/Step6_Trial""","true","0.2","0.9","8","0.6000000000000001","true","true","0.10298724914600192","2","0.07718518942408532"
"1","1128","1000","1","""HK""","0.03","false","""normal""","1","""constant""","0.1","""Scale-free""","3","0","1","""uniform""","""deterministic-normal""","45","0.9000000000000001","0","""normal""","-0.09999999999999998","1","false","""/home/ramaswamy.51/Documents/github/Spirals/Media/data/cluster/endsim/BehaviorSearch/Step6_Trial""","true","0.2","0.9","8","0.7000000000000002","true","true","0.08040067021987474","2","0.07718518942408532"
"1","1130","1000","1","""HK""","0.01","false","""normal""","1","""constant""","0.1","""Scale-free""","3","0","1","""uniform""","""deterministic-normal""","35","0.8","0","""normal""","-0.19999999999999996","1","false","""/home/ramaswamy.51/Documents/github/Spirals/Media/data/cluster/endsim/BehaviorSearch/Step6_Trial""","true","0.2","0.9","9","0.6000000000000001","true","true","0.10575035706762508","2","0.07718518942408532"
"1","1132","1000","1","""HK""","0.05","false","""normal""","1","""constant""","0.1","""Scale-free""","3","0","1","""uniform""","""deterministic-normal""","45","0.9000000000000001","0","""normal""","-0.09999999999999998","0.9","false","""/home/ramaswamy.51/Documents/github/Spirals/Media/data/cluster/endsim/BehaviorSearch/Step6_Trial""","true","0.2","0.9","9","0.6000000000000001","true","true","0.1002671744604427","2","0.07718518942408532"
"1","1134","1000","1","""HK""","0.01","false","""normal""","1","""constant""","0.1","""Scale-free""","3","0","1","""uniform""","""deterministic-normal""","45","0.9000000000000001","0","""normal""","-0.19999999999999996","1","false","""/home/ramaswamy.51/Documents/github/Spirals/Media/data/cluster/endsim/BehaviorSearch/Step6_Trial""","true","0.2","1","8","0.7000000000000002","true","true","0.09460742002180725","2","0.07718518942408532"
"1","1136","1000","1","""HK""","0.03","false","""normal""","1","""constant""","0.1","""Scale-free""","3","0","1","""uniform""","""deterministic-normal""","40","0.7000000000000002","0.2","""normal""","-0.09999999999999998","1","false","""/home/ramaswamy.51/Documents/github/Spirals/Media/data/cluster/endsim/BehaviorSearch/Step6_Trial""","true","0.2","1","10","0.5","true","true","0.08961626451140237","2","0.07718518942408532"
"1","1138","1000","1","""HK""","0.03","false","""normal""","1","""constant""","0.1","""Scale-free""","3","0","1","""uniform""","""deterministic-normal""","50","0.9000000000000001","0","""normal""","-0.29999999999999993","1","false","""/home/ramaswamy.51/Documents/github/Spirals/Media/data/cluster/endsim/BehaviorSearch/Step6_Trial""","true","0.2","1","9","0.7000000000000002","true","true","0.10294861380977005","2","0.07718518942408532"
"1","1140","1000","1","""HK""","0.01","false","""normal""","1","""constant""","0.1","""Scale-free""","3","0","1","""uniform""","""deterministic-normal""","45","0.8","0","""normal""","-0.19999999999999996","1","false","""/home/ramaswamy.51/Documents/github/Spirals/Media/data/cluster/endsim/BehaviorSearch/Step6_Trial""","true","0.2","0.9","10","0.5","true","true","0.09473602406712454","2","0.07718518942408532"
"1","1142","1000","1","""HK""","0.03","false","""normal""","1","""constant""","0.1","""Scale-free""","3","0","1","""uniform""","""deterministic-normal""","50","0.5","0.1","""normal""","0","1","false","""/home/ramaswamy.51/Documents/github/Spirals/Media/data/cluster/endsim/BehaviorSearch/Step6_Trial""","true","0.30000000000000004","1","9","0.7000000000000002","true","true","0.09453695894223878","2","0.07718518942408532"
"1","1144","1000","1","""HK""","0.02","false","""normal""","1","""constant""","0.1","""Scale-free""","3","0","1","""uniform""","""deterministic-normal""","45","0.9000000000000001","0","""normal""","-0.09999999999999998","1","false","""/home/ramaswamy.51/Documents/github/Spirals/Media/data/cluster/endsim/BehaviorSearch/Step6_Trial""","true","0.2","0.9","8","0.7000000000000002","true","true","0.09631232931403987","2","0.07718518942408532"
"1","1146","1000","1","""HK""","0.03","false","""normal""","1","""constant""","0.1","""Scale-free""","3","0","1","""uniform""","""deterministic-normal""","50","0.9000000000000001","0","""normal""","0","1","false","""/home/ramaswamy.51/Documents/github/Spirals/Media/data/cluster/endsim/BehaviorSearch/Step6_Trial""","true","0.2","0.9","10","0.7000000000000002","true","true","0.08670932960827951","2","0.07718518942408532"
"1","1148","1000","1","""HK""","0.06999999999999999","false","""normal""","1","""constant""","0.1","""Scale-free""","1","0","1","""uniform""","""deterministic-normal""","35","0.5","0","""normal""","-0.09999999999999998","1","false","""/home/ramaswamy.51/Documents/github/Spirals/Media/data/cluster/endsim/BehaviorSearch/Step6_Trial""","true","0.2","1","10","0.7000000000000002","true","true","0.09273847698785623","2","0.07718518942408532"
"1","1150","1000","1","""HK""","0.05","false","""normal""","1","""constant""","0.1","""Scale-free""","3","0","1","""uniform""","""deterministic-normal""","40","0.8","0.2","""normal""","-0.09999999999999998","1","false","""/home/ramaswamy.51/Documents/github/Spirals/Media/data/cluster/endsim/BehaviorSearch/Step6_Trial""","true","0.2","1","10","1","true","true","0.10024183181999932","2","0.07718518942408532"
"1","1152","1000","1","""HK""","0.05","false","""normal""","1","""constant""","0.1","""Scale-free""","3","0","1","""uniform""","""deterministic-normal""","45","0.8","0","""normal""","-0.09999999999999998","1","false","""/home/ramaswamy.51/Documents/github/Spirals/Media/data/cluster/endsim/BehaviorSearch/Step6_Trial""","true","0.2","0.9","8","0.6000000000000001","true","true","0.09252719572337001","2","0.07718518942408532"
"1","1154","1000","1","""HK""","0.05","false","""normal""","1","""constant""","0.1","""Scale-free""","3","0","1","""uniform""","""deterministic-normal""","45","0.7000000000000002","0","""normal""","-0.09999999999999998","1","false","""/home/ramaswamy.51/Documents/github/Spirals/Media/data/cluster/endsim/BehaviorSearch/Step6_Trial""","true","0.2","0.6000000000000001","8","0.6000000000000001","true","true","0.08557339242325172","2","0.07718518942408532"
"1","1156","1000","1","""HK""","0.03","false","""normal""","1","""constant""","0.1","""Scale-free""","3","0","1","""uniform""","""deterministic-normal""","45","0.8","0","""normal""","-0.09999999999999998","1","false","""/home/ramaswamy.51/Documents/github/Spirals/Media/data/cluster/endsim/BehaviorSearch/Step6_Trial""","true","0.2","1","10","0.7000000000000002","true","true","0.08103705147032009","2","0.07718518942408532"
"1","1158","1000","1","""HK""","0.03","false","""normal""","1","""constant""","0.1","""Scale-free""","3","0","1","""uniform""","""deterministic-normal""","45","0.9000000000000001","0","""normal""","-0.09999999999999998","1","false","""/home/ramaswamy.51/Documents/github/Spirals/Media/data/cluster/endsim/BehaviorSearch/Step6_Trial""","true","0.2","1","10","0.7000000000000002","true","true","0.0971556579240893","2","0.07718518942408532"
"1","1160","1000","1","""HK""","0.03","false","""normal""","1","""constant""","0.1","""Scale-free""","3","0","1","""uniform""","""deterministic-normal""","45","0.9000000000000001","0","""normal""","-0.09999999999999998","1","false","""/home/ramaswamy.51/Documents/github/Spirals/Media/data/cluster/endsim/BehaviorSearch/Step6_Trial""","true","0.2","1","7","0.8","true","true","0.08869188903112238","2","0.07718518942408532"
"1","1162","1000","1","""HK""","0.03","false","""normal""","1","""constant""","0.1","""Scale-free""","3","0","1","""uniform""","""deterministic-normal""","50","0.9000000000000001","0","""normal""","0","1","false","""/home/ramaswamy.51/Documents/github/Spirals/Media/data/cluster/endsim/BehaviorSearch/Step6_Trial""","true","0.2","0.8","8","0.20000000000000018","true","true","0.08329832813346075","2","0.07718518942408532"
"1","1164","1000","1","""HK""","0.03","false","""normal""","1","""constant""","0.1","""Scale-free""","3","0","1","""uniform""","""deterministic-normal""","45","0.8","0","""normal""","-0.09999999999999998","1","false","""/home/ramaswamy.51/Documents/github/Spirals/Media/data/cluster/endsim/BehaviorSearch/Step6_Trial""","true","0.1","0.9","9","0.6000000000000001","true","true","0.09105404322791606","2","0.07718518942408532"
"1","1166","1000","1","""HK""","0.03","false","""normal""","1","""constant""","0.1","""Scale-free""","3","0","1","""uniform""","""deterministic-normal""","45","0.6000000000000001","0","""normal""","0","1","false","""/home/ramaswamy.51/Documents/github/Spirals/Media/data/cluster/endsim/BehaviorSearch/Step6_Trial""","true","0.2","0.9","9","0.5","true","true","0.09686833843217928","2","0.07718518942408532"
"1","1168","1000","1","""HK""","0.03","false","""normal""","1","""constant""","0.1","""Scale-free""","3","0","1","""uniform""","""deterministic-normal""","45","1","0","""normal""","-0.09999999999999998","1","false","""/home/ramaswamy.51/Documents/github/Spirals/Media/data/cluster/endsim/BehaviorSearch/Step6_Trial""","true","0.1","1","10","0.8","true","true","0.11153360872654514","2","0.07718518942408532"
"1","1170","1000","1","""HK""","0.03","false","""normal""","1","""constant""","0.1","""Scale-free""","3","0","1","""uniform""","""deterministic-normal""","45","0.9000000000000001","0.1","""normal""","-0.09999999999999998","1","false","""/home/ramaswamy.51/Documents/github/Spirals/Media/data/cluster/endsim/BehaviorSearch/Step6_Trial""","true","0.2","0.9","8","0.6000000000000001","true","true","0.09587353518467712","2","0.07718518942408532"
"1","1172","1000","1","""HK""","0.03","false","""normal""","1","""constant""","0.1","""Scale-free""","3","0","1","""uniform""","""deterministic-normal""","40","0.9000000000000001","0","""normal""","-0.09999999999999998","0.8","false","""/home/ramaswamy.51/Documents/github/Spirals/Media/data/cluster/endsim/BehaviorSearch/Step6_Trial""","true","0.2","1","8","0.6000000000000001","true","true","0.10716610174918234","2","0.07718518942408532"
"1","1174","1000","1","""HK""","0.03","false","""normal""","1","""constant""","0.1","""Scale-free""","3","0","1","""uniform""","""deterministic-normal""","45","0.8","0","""normal""","-0.09999999999999998","1","false","""/home/ramaswamy.51/Documents/github/Spirals/Media/data/cluster/endsim/BehaviorSearch/Step6_Trial""","true","0.2","0.9","9","0.5","true","true","0.0860715230525653","2","0.07718518942408532"
"1","1176","1000","1","""HK""","0.03","false","""normal""","1","""constant""","0.1","""Scale-free""","3","0","1","""uniform""","""deterministic-normal""","50","1","0","""normal""","0","1","false","""/home/ramaswamy.51/Documents/github/Spirals/Media/data/cluster/endsim/BehaviorSearch/Step6_Trial""","true","0.2","0.8","10","0.7000000000000002","true","true","0.09941878518325803","2","0.07718518942408532"
"1","1178","1000","1","""HK""","0.03","false","""normal""","1","""constant""","0.1","""Scale-free""","3","0","1","""uniform""","""deterministic-normal""","50","0.9000000000000001","0","""normal""","0","0.8","false","""/home/ramaswamy.51/Documents/github/Spirals/Media/data/cluster/endsim/BehaviorSearch/Step6_Trial""","true","0.2","1","10","0.7000000000000002","true","true","0.09545302645870067","2","0.07718518942408532"
"1","1180","1000","1","""HK""","0.03","false","""normal""","1","""constant""","0.1","""Scale-free""","3","0","1","""uniform""","""deterministic-normal""","45","0.8","0","""normal""","-0.5","1","false","""/home/ramaswamy.51/Documents/github/Spirals/Media/data/cluster/endsim/BehaviorSearch/Step6_Trial""","true","0.30000000000000004","1","9","0.6000000000000001","true","true","0.1074641644920932","2","0.07718518942408532"
"1","1182","1000","1","""HK""","0.03","false","""normal""","1","""constant""","0.1","""Scale-free""","3","0","1","""uniform""","""deterministic-normal""","45","1","0","""normal""","-0.3999999999999999","1","false","""/home/ramaswamy.51/Documents/github/Spirals/Media/data/cluster/endsim/BehaviorSearch/Step6_Trial""","true","0.2","0.9","9","0.6000000000000001","true","true","0.11541337268713026","2","0.07718518942408532"
"1","1184","1000","1","""HK""","0.05","false","""normal""","1","""constant""","0.1","""Scale-free""","3","0","1","""uniform""","""deterministic-normal""","45","0.8","0","""normal""","-0.09999999999999998","1","false","""/home/ramaswamy.51/Documents/github/Spirals/Media/data/cluster/endsim/BehaviorSearch/Step6_Trial""","true","0.2","0.9","8","0.7000000000000002","true","true","0.09531729321062249","2","0.07718518942408532"
"1","1186","1000","1","""HK""","0.03","false","""normal""","1","""constant""","0.1","""Scale-free""","3","0","1","""uniform""","""deterministic-normal""","40","0.8","0","""normal""","-0.09999999999999998","0.9","false","""/home/ramaswamy.51/Documents/github/Spirals/Media/data/cluster/endsim/BehaviorSearch/Step6_Trial""","true","0.2","0.9","8","0.6000000000000001","true","true","0.0908623206492265","2","0.07718518942408532"
"1","1188","1000","1","""HK""","0.03","false","""normal""","1","""constant""","0.1","""Scale-free""","3","0","1","""uniform""","""deterministic-normal""","35","0.9000000000000001","0","""normal""","-0.09999999999999998","0.9","false","""/home/ramaswamy.51/Documents/github/Spirals/Media/data/cluster/endsim/BehaviorSearch/Step6_Trial""","true","0.2","0.9","8","0.6000000000000001","true","true","0.09599113580551162","2","0.07718518942408532"
"1","1190","1000","1","""HK""","0.03","false","""normal""","1","""constant""","0.1","""Scale-free""","3","0","1","""uniform""","""deterministic-normal""","50","0.9000000000000001","0","""normal""","-0.09999999999999998","0.9","false","""/home/ramaswamy.51/Documents/github/Spirals/Media/data/cluster/endsim/BehaviorSearch/Step6_Trial""","true","0.2","1","8","0.6000000000000001","true","true","0.08096918239318514","2","0.07718518942408532"
"1","1192","1000","1","""HK""","0.03","false","""normal""","1","""constant""","0.1","""Scale-free""","3","0","1","""uniform""","""deterministic-normal""","45","0.9000000000000001","0","""normal""","-0.3999999999999999","1","false","""/home/ramaswamy.51/Documents/github/Spirals/Media/data/cluster/endsim/BehaviorSearch/Step6_Trial""","true","0.1","0.9","8","0.30000000000000004","true","true","0.11208384909949613","2","0.07718518942408532"
"1","1194","1000","1","""HK""","0.03","false","""normal""","1","""constant""","0.2","""Scale-free""","3","0","1","""uniform""","""deterministic-normal""","45","0.9000000000000001","0.2","""normal""","-0.09999999999999998","1","false","""/home/ramaswamy.51/Documents/github/Spirals/Media/data/cluster/endsim/BehaviorSearch/Step6_Trial""","true","0.2","0.9","8","0.6000000000000001","true","true","0.14417916327658292","2","0.07718518942408532"
"1","1196","1000","1","""HK""","0.03","false","""normal""","1","""constant""","0.2","""Scale-free""","3","0","1","""uniform""","""deterministic-normal""","40","0.7000000000000002","0","""normal""","-0.09999999999999998","1","false","""/home/ramaswamy.51/Documents/github/Spirals/Media/data/cluster/endsim/BehaviorSearch/Step6_Trial""","true","0.2","0.9","8","0.6000000000000001","true","true","0.1590808233324718","2","0.07718518942408532"
"1","1198","1000","1","""HK""","0.03","false","""normal""","1","""constant""","0.1","""Scale-free""","3","0","1","""uniform""","""deterministic-normal""","50","0.9000000000000001","0","""normal""","0","0.8","false","""/home/ramaswamy.51/Documents/github/Spirals/Media/data/cluster/endsim/BehaviorSearch/Step6_Trial""","true","0.2","0.9","9","0.6000000000000001","true","true","0.09712583430702401","2","0.07718518942408532"
"1","1200","1000","1","""HK""","0.03","false","""normal""","1","""constant""","0.1","""Scale-free""","3","0","1","""uniform""","""deterministic-normal""","45","0.9000000000000001","0","""normal""","-0.6","1","false","""/home/ramaswamy.51/Documents/github/Spirals/Media/data/cluster/endsim/BehaviorSearch/Step6_Trial""","true","0.2","0.9","8","0.6000000000000001","true","true","0.11933707292877474","2","0.07718518942408532"
"1","1202","1000","1","""HK""","0.03","false","""normal""","1","""constant""","0.1","""Scale-free""","3","0","1","""uniform""","""deterministic-normal""","45","0.9000000000000001","0","""normal""","-0.19999999999999996","1","false","""/home/ramaswamy.51/Documents/github/Spirals/Media/data/cluster/endsim/BehaviorSearch/Step6_Trial""","true","0.2","0.9","8","0.6000000000000001","true","true","0.08595716364498784","2","0.07718518942408532"
"1","1204","1000","1","""HK""","0.06999999999999999","false","""normal""","1","""constant""","0.1","""Scale-free""","3","0","1","""uniform""","""deterministic-normal""","40","0.9000000000000001","0.2","""normal""","-0.09999999999999998","1","false","""/home/ramaswamy.51/Documents/github/Spirals/Media/data/cluster/endsim/BehaviorSearch/Step6_Trial""","true","0.2","1","10","0.7000000000000002","true","true","0.10393038276327138","2","0.07718518942408532"
"1","1206","1000","1","""HK""","0.03","false","""normal""","1","""constant""","0.1","""Scale-free""","3","0","1","""uniform""","""deterministic-normal""","40","0.8","0","""normal""","-0.09999999999999998","1","false","""/home/ramaswamy.51/Documents/github/Spirals/Media/data/cluster/endsim/BehaviorSearch/Step6_Trial""","true","0.2","0.9","7","0.6000000000000001","true","true","0.08799140769478847","2","0.07718518942408532"
"1","1208","1000","1","""HK""","0.04","false","""normal""","1","""constant""","0.1","""Scale-free""","3","0","1","""uniform""","""deterministic-normal""","50","0.9000000000000001","0.1","""normal""","-0.09999999999999998","1","false","""/home/ramaswamy.51/Documents/github/Spirals/Media/data/cluster/endsim/BehaviorSearch/Step6_Trial""","true","0.1","0.9","8","0.6000000000000001","true","true","0.08997139872709739","2","0.07718518942408532"
"1","1210","1000","1","""HK""","0.03","false","""normal""","1","""constant""","0.1","""Scale-free""","3","0","1","""uniform""","""deterministic-normal""","50","0.9000000000000001","0","""normal""","-0.09999999999999998","1","false","""/home/ramaswamy.51/Documents/github/Spirals/Media/data/cluster/endsim/BehaviorSearch/Step6_Trial""","true","0.2","0.9","7","0.40000000000000013","true","true","0.10668219189756764","2","0.07718518942408532"
"1","1212","1000","1","""HK""","0.03","false","""normal""","1","""constant""","0.1","""Scale-free""","3","0","1","""uniform""","""deterministic-normal""","50","0.7000000000000002","0","""normal""","-0.09999999999999998","1","false","""/home/ramaswamy.51/Documents/github/Spirals/Media/data/cluster/endsim/BehaviorSearch/Step6_Trial""","true","0.2","0.9","7","0.7000000000000002","true","true","0.09322493761060827","2","0.07718518942408532"
"1","1214","1000","1","""HK""","0.03","false","""normal""","1","""constant""","0.1","""Scale-free""","3","0","1","""uniform""","""deterministic-normal""","50","0.9000000000000001","0","""normal""","-0.09999999999999998","1","false","""/home/ramaswamy.51/Documents/github/Spirals/Media/data/cluster/endsim/BehaviorSearch/Step6_Trial""","true","0.2","0.9","8","0.5","true","true","0.09026134729311824","2","0.07718518942408532"
"1","1216","1000","1","""HK""","0.02","false","""normal""","1","""constant""","0.1","""Scale-free""","3","0","1","""uniform""","""deterministic-normal""","50","0.9000000000000001","0","""normal""","-0.09999999999999998","1","false","""/home/ramaswamy.51/Documents/github/Spirals/Media/data/cluster/endsim/BehaviorSearch/Step6_Trial""","true","0.2","0.9","8","0.6000000000000001","true","true","0.09000271559130563","2","0.07718518942408532"
"1","1218","1000","1","""HK""","0.03","false","""normal""","1","""constant""","0.1","""Scale-free""","3","0","1","""uniform""","""deterministic-normal""","50","0.9000000000000001","0","""normal""","-0.09999999999999998","1","false","""/home/ramaswamy.51/Documents/github/Spirals/Media/data/cluster/endsim/BehaviorSearch/Step6_Trial""","true","0.2","0.9","9","0.6000000000000001","true","true","0.092042840526907","2","0.07718518942408532"
"1","1220","1000","1","""HK""","0.06999999999999999","false","""normal""","1","""constant""","0.1","""Scale-free""","3","0","1","""uniform""","""deterministic-normal""","50","0.9000000000000001","0","""normal""","0","1","false","""/home/ramaswamy.51/Documents/github/Spirals/Media/data/cluster/endsim/BehaviorSearch/Step6_Trial""","true","0.2","1","10","0.7000000000000002","true","true","0.10457217260995319","2","0.07718518942408532"
"1","1222","1000","1","""HK""","0.03","false","""normal""","1","""constant""","0.1","""Scale-free""","3","0","1","""uniform""","""deterministic-normal""","45","0.9000000000000001","0","""normal""","-0.09999999999999998","1","false","""/home/ramaswamy.51/Documents/github/Spirals/Media/data/cluster/endsim/BehaviorSearch/Step6_Trial""","true","0.2","0.9","8","0.30000000000000004","true","true","0.08469601087714004","2","0.07718518942408532"
"1","1224","1000","1","""HK""","0.03","false","""normal""","1","""constant""","0.1","""Scale-free""","3","0","1","""uniform""","""deterministic-normal""","50","1","0","""normal""","0","1","false","""/home/ramaswamy.51/Documents/github/Spirals/Media/data/cluster/endsim/BehaviorSearch/Step6_Trial""","true","0.2","1","10","0.7000000000000002","true","true","0.0982460936043483","2","0.07718518942408532"
"1","1226","1000","1","""HK""","0.03","false","""normal""","1","""constant""","0.1","""Scale-free""","3","0","1","""uniform""","""deterministic-normal""","40","1","0","""normal""","-0.09999999999999998","1","false","""/home/ramaswamy.51/Documents/github/Spirals/Media/data/cluster/endsim/BehaviorSearch/Step6_Trial""","true","0.2","0.9","8","0.6000000000000001","true","true","0.09495453757100024","2","0.07718518942408532"
"1","1228","1000","1","""HK""","0.03","false","""normal""","1","""constant""","0.1","""Scale-free""","3","0","1","""uniform""","""deterministic-normal""","45","0.9000000000000001","0","""normal""","-0.09999999999999998","1","false","""/home/ramaswamy.51/Documents/github/Spirals/Media/data/cluster/endsim/BehaviorSearch/Step6_Trial""","true","0.2","0.9","7","0.5","true","true","0.11183840251223968","2","0.07718518942408532"
"1","1230","1000","1","""HK""","0.04","false","""normal""","1","""constant""","0.1","""Scale-free""","3","0","1","""uniform""","""deterministic-normal""","40","0.8","0","""normal""","-0.09999999999999998","1","false","""/home/ramaswamy.51/Documents/github/Spirals/Media/data/cluster/endsim/BehaviorSearch/Step6_Trial""","true","0.1","0.9","8","0.6000000000000001","true","true","0.09565699403230055","2","0.07718518942408532"
"1","1232","1000","1","""HK""","0.03","false","""normal""","1","""constant""","0","""Scale-free""","3","0","1","""uniform""","""deterministic-normal""","45","0.9000000000000001","0","""normal""","-0.09999999999999998","1","false","""/home/ramaswamy.51/Documents/github/Spirals/Media/data/cluster/endsim/BehaviorSearch/Step6_Trial""","true","0.30000000000000004","0.8","8","0.6000000000000001","true","true","0.1668468681266558","2","0.07718518942408532"
"1","1234","1000","1","""HK""","0.01","false","""normal""","1","""constant""","0.1","""Scale-free""","3","0","1","""uniform""","""deterministic-normal""","40","0.9000000000000001","0.2","""normal""","-0.09999999999999998","1","false","""/home/ramaswamy.51/Documents/github/Spirals/Media/data/cluster/endsim/BehaviorSearch/Step6_Trial""","true","0.2","1","10","0.8","true","true","0.09776354088220734","2","0.07718518942408532"
"1","1236","1000","1","""HK""","0.03","false","""normal""","1","""constant""","0.1","""Scale-free""","3","0","1","""uniform""","""deterministic-normal""","35","0.9000000000000001","0","""normal""","0.10000000000000009","1","false","""/home/ramaswamy.51/Documents/github/Spirals/Media/data/cluster/endsim/BehaviorSearch/Step6_Trial""","true","0.30000000000000004","0.8","8","0.6000000000000001","true","true","0.0932938744214532","2","0.07718518942408532"
"1","1238","1000","1","""HK""","0.060000000000000005","false","""normal""","1","""constant""","0.2","""Scale-free""","3","0","1","""uniform""","""deterministic-normal""","50","0.9000000000000001","0","""normal""","0.20000000000000018","1","false","""/home/ramaswamy.51/Documents/github/Spirals/Media/data/cluster/endsim/BehaviorSearch/Step6_Trial""","true","0.2","0.9","8","0.6000000000000001","true","true","0.1729676384526405","2","0.07718518942408532"
"1","1240","1000","1","""HK""","0.03","false","""normal""","1","""constant""","0.1","""Scale-free""","3","0","1","""uniform""","""deterministic-normal""","50","0.7000000000000002","0","""normal""","0","1","false","""/home/ramaswamy.51/Documents/github/Spirals/Media/data/cluster/endsim/BehaviorSearch/Step6_Trial""","true","0.2","1","10","0.7000000000000002","true","true","0.09182601824045013","2","0.07718518942408532"
"1","1242","1000","1","""HK""","0.03","false","""normal""","1","""constant""","0","""Scale-free""","3","0","1","""uniform""","""deterministic-normal""","45","0.9000000000000001","0","""normal""","-0.09999999999999998","1","false","""/home/ramaswamy.51/Documents/github/Spirals/Media/data/cluster/endsim/BehaviorSearch/Step6_Trial""","true","0.2","0.8","8","0.7000000000000002","true","true","0.1577856706293642","2","0.07718518942408532"
"1","1244","1000","1","""HK""","0.03","false","""normal""","1","""constant""","0.1","""Scale-free""","3","0","1","""uniform""","""deterministic-normal""","45","0.9000000000000001","0","""normal""","-0.09999999999999998","1","false","""/home/ramaswamy.51/Documents/github/Spirals/Media/data/cluster/endsim/BehaviorSearch/Step6_Trial""","true","0.2","0.9","6","1","true","true","0.09140457015918424","2","0.07718518942408532"
"1","1246","1000","1","""HK""","0.03","false","""normal""","1","""constant""","0.1","""Scale-free""","3","0","1","""uniform""","""deterministic-normal""","45","0.8","0","""normal""","0.10000000000000009","1","false","""/home/ramaswamy.51/Documents/github/Spirals/Media/data/cluster/endsim/BehaviorSearch/Step6_Trial""","true","0.2","0.8","8","0.6000000000000001","true","true","0.10040368164988739","2","0.07718518942408532"
"1","1248","1000","1","""HK""","0.03","false","""normal""","1","""constant""","0.1","""Scale-free""","3","0","1","""uniform""","""deterministic-normal""","50","0.8","0","""normal""","-0.09999999999999998","1","false","""/home/ramaswamy.51/Documents/github/Spirals/Media/data/cluster/endsim/BehaviorSearch/Step6_Trial""","true","0.1","1","8","0.6000000000000001","true","true","0.09613115600354102","2","0.07718518942408532"
"1","1250","1000","1","""HK""","0.03","false","""normal""","1","""constant""","0.1","""Scale-free""","3","0","1","""uniform""","""deterministic-normal""","45","0.8","0","""normal""","-0.09999999999999998","1","false","""/home/ramaswamy.51/Documents/github/Spirals/Media/data/cluster/endsim/BehaviorSearch/Step6_Trial""","true","0.2","0.9","9","1","true","true","0.08406368400004344","2","0.07718518942408532"
"1","1252","1000","1","""HK""","0.03","false","""normal""","1","""constant""","0.1","""Scale-free""","3","0","1","""uniform""","""deterministic-normal""","45","0.9000000000000001","0","""normal""","-0.29999999999999993","1","false","""/home/ramaswamy.51/Documents/github/Spirals/Media/data/cluster/endsim/BehaviorSearch/Step6_Trial""","true","0.1","0.9","8","0.6000000000000001","true","true","0.10325488531922242","2","0.07718518942408532"
"1","1254","1000","1","""HK""","0.06999999999999999","false","""normal""","1","""constant""","0.2","""Scale-free""","3","0","1","""uniform""","""deterministic-normal""","45","0.5","0","""normal""","0.10000000000000009","1","false","""/home/ramaswamy.51/Documents/github/Spirals/Media/data/cluster/endsim/BehaviorSearch/Step6_Trial""","true","0.2","0.9","8","0.8","true","true","0.19610180566304075","2","0.07718518942408532"
"1","1256","1000","1","""HK""","0.03","false","""normal""","1","""constant""","0.1","""Scale-free""","3","0","1","""uniform""","""deterministic-normal""","40","0.9000000000000001","0","""normal""","0","1","false","""/home/ramaswamy.51/Documents/github/Spirals/Media/data/cluster/endsim/BehaviorSearch/Step6_Trial""","true","0.2","0.9","8","0.6000000000000001","true","true","0.10312623180113212","2","0.07718518942408532"
"1","1258","1000","1","""HK""","0.03","false","""normal""","1","""constant""","0.1","""Scale-free""","3","0","1","""uniform""","""deterministic-normal""","50","0.9000000000000001","0","""normal""","0","0.8","false","""/home/ramaswamy.51/Documents/github/Spirals/Media/data/cluster/endsim/BehaviorSearch/Step6_Trial""","true","0","1","10","0.8","true","true","0.11245990768895778","2","0.07718518942408532"
"1","1260","1000","1","""HK""","0.06999999999999999","false","""normal""","1","""constant""","0.1","""Scale-free""","3","0","1","""uniform""","""deterministic-normal""","50","0.9000000000000001","0","""normal""","0.10000000000000009","1","false","""/home/ramaswamy.51/Documents/github/Spirals/Media/data/cluster/endsim/BehaviorSearch/Step6_Trial""","true","0.2","1","10","0.7000000000000002","true","true","0.10898433380230549","2","0.07718518942408532"
"1","1262","1000","1","""HK""","0.05","false","""normal""","1","""constant""","0.1","""Scale-free""","3","0","1","""uniform""","""deterministic-normal""","50","0.20000000000000018","0","""normal""","0.10000000000000009","0.9","false","""/home/ramaswamy.51/Documents/github/Spirals/Media/data/cluster/endsim/BehaviorSearch/Step6_Trial""","true","0.2","1","10","0.8","true","true","0.09517605993215186","2","0.07718518942408532"
"1","1264","1000","1","""HK""","0.03","false","""normal""","1","""constant""","0.1","""Scale-free""","3","0","1","""uniform""","""deterministic-normal""","50","1","0","""normal""","0.20000000000000018","1","false","""/home/ramaswamy.51/Documents/github/Spirals/Media/data/cluster/endsim/BehaviorSearch/Step6_Trial""","true","0.1","0.8","10","1","true","true","0.11274174994486433","2","0.07718518942408532"
"1","1266","1000","1","""HK""","0.03","false","""normal""","1","""constant""","0.1","""Scale-free""","3","0","1","""uniform""","""deterministic-normal""","50","0.8","0","""normal""","-0.5","0.9","false","""/home/ramaswamy.51/Documents/github/Spirals/Media/data/cluster/endsim/BehaviorSearch/Step6_Trial""","true","0.2","0.9","9","0.6000000000000001","true","true","0.12561129731468518","2","0.07718518942408532"
"1","1268","1000","1","""HK""","0.01","false","""normal""","1","""constant""","0.1","""Scale-free""","3","0","1","""uniform""","""deterministic-normal""","45","0.9000000000000001","0","""normal""","0.20000000000000018","0.9","false","""/home/ramaswamy.51/Documents/github/Spirals/Media/data/cluster/endsim/BehaviorSearch/Step6_Trial""","true","0.2","0.9","8","0.6000000000000001","true","true","0.12039951048594352","2","0.07718518942408532"
"1","1270","1000","1","""HK""","0.03","false","""normal""","1","""constant""","0.1","""Scale-free""","3","0","1","""uniform""","""deterministic-normal""","40","0.9000000000000001","0.1","""normal""","-0.09999999999999998","1","false","""/home/ramaswamy.51/Documents/github/Spirals/Media/data/cluster/endsim/BehaviorSearch/Step6_Trial""","true","0.2","1","10","0.5","true","true","0.09280000647342668","2","0.07718518942408532"
"1","1272","1000","1","""HK""","0.03","false","""normal""","1","""constant""","0.1","""Scale-free""","4","0","1","""uniform""","""deterministic-normal""","45","0.9000000000000001","0","""normal""","-0.09999999999999998","1","false","""/home/ramaswamy.51/Documents/github/Spirals/Media/data/cluster/endsim/BehaviorSearch/Step6_Trial""","true","0.2","1","10","0.7000000000000002","true","true","0.08624195329466686","2","0.07718518942408532"
"1","1274","1000","1","""HK""","0.03","false","""normal""","1","""constant""","0.2","""Scale-free""","4","0","1","""uniform""","""deterministic-normal""","45","0.8","0","""normal""","-0.09999999999999998","1","false","""/home/ramaswamy.51/Documents/github/Spirals/Media/data/cluster/endsim/BehaviorSearch/Step6_Trial""","true","0.1","0.9","8","0.8","true","true","0.18062406058525665","2","0.07718518942408532"
"1","1276","1000","1","""HK""","0.03","false","""normal""","1","""constant""","0.1","""Scale-free""","3","0","1","""uniform""","""deterministic-normal""","45","0.9000000000000001","0.2","""normal""","-0.09999999999999998","1","false","""/home/ramaswamy.51/Documents/github/Spirals/Media/data/cluster/endsim/BehaviorSearch/Step6_Trial""","true","0.30000000000000004","0.9","8","0.9000000000000001","true","true","0.09900326622206468","2","0.07718518942408532"
"1","1278","1000","1","""HK""","0.03","false","""normal""","1","""constant""","0.2","""Scale-free""","3","0","1","""uniform""","""deterministic-normal""","50","1","0","""normal""","0","1","false","""/home/ramaswamy.51/Documents/github/Spirals/Media/data/cluster/endsim/BehaviorSearch/Step6_Trial""","true","0.2","1","10","0.7000000000000002","true","true","0.1358939971852366","2","0.07718518942408532"
"1","1280","1000","1","""HK""","0.03","false","""normal""","1","""constant""","0.1","""Scale-free""","3","0","1","""uniform""","""deterministic-normal""","45","0.9000000000000001","0","""normal""","-0.09999999999999998","0.8","false","""/home/ramaswamy.51/Documents/github/Spirals/Media/data/cluster/endsim/BehaviorSearch/Step6_Trial""","true","0.2","1","10","0.8","true","true","0.10810778168164367","2","0.07718518942408532"
"1","1282","1000","1","""HK""","0.06999999999999999","false","""normal""","1","""constant""","0.2","""Scale-free""","3","0","1","""uniform""","""deterministic-normal""","45","1","0","""normal""","-0.09999999999999998","1","false","""/home/ramaswamy.51/Documents/github/Spirals/Media/data/cluster/endsim/BehaviorSearch/Step6_Trial""","true","0.2","0.9","9","0.6000000000000001","true","true","0.17533322616309016","2","0.07718518942408532"
"1","1284","1000","1","""HK""","0.03","false","""normal""","1","""constant""","0.1","""Scale-free""","3","0","1","""uniform""","""deterministic-normal""","45","0.9000000000000001","0","""normal""","0","1","false","""/home/ramaswamy.51/Documents/github/Spirals/Media/data/cluster/endsim/BehaviorSearch/Step6_Trial""","true","0.2","1","10","0.9000000000000001","true","true","0.09997121959959818","2","0.07718518942408532"
"1","1286","1000","1","""HK""","0.03","false","""normal""","1","""constant""","0.1","""Scale-free""","3","0","1","""uniform""","""deterministic-normal""","45","0.8","0","""normal""","-0.29999999999999993","1","false","""/home/ramaswamy.51/Documents/github/Spirals/Media/data/cluster/endsim/BehaviorSearch/Step6_Trial""","true","0.2","0.9","8","0.6000000000000001","true","true","0.11259704881604596","2","0.07718518942408532"
"1","1288","1000","1","""HK""","0.03","false","""normal""","1","""constant""","0.1","""Scale-free""","3","0","1","""uniform""","""deterministic-normal""","45","0.6000000000000001","0","""normal""","-0.09999999999999998","1","false","""/home/ramaswamy.51/Documents/github/Spirals/Media/data/cluster/endsim/BehaviorSearch/Step6_Trial""","true","0.2","0.9","9","0.6000000000000001","true","true","0.09925860001197268","2","0.07718518942408532"
"1","1290","1000","1","""HK""","0.03","false","""normal""","1","""constant""","0","""Scale-free""","3","0","1","""uniform""","""deterministic-normal""","45","0.9000000000000001","0","""normal""","-0.09999999999999998","1","false","""/home/ramaswamy.51/Documents/github/Spirals/Media/data/cluster/endsim/BehaviorSearch/Step6_Trial""","true","0.2","0.9","7","0.5","true","true","0.1729931311360441","2","0.07718518942408532"
"1","1292","1000","1","""HK""","0.03","false","""normal""","1","""constant""","0.1","""Scale-free""","3","0","1","""uniform""","""deterministic-normal""","45","0.9000000000000001","0","""normal""","-0.09999999999999998","0.9","false","""/home/ramaswamy.51/Documents/github/Spirals/Media/data/cluster/endsim/BehaviorSearch/Step6_Trial""","true","0.2","0.9","8","0.7000000000000002","true","true","0.09332141458536813","2","0.07718518942408532"
"1","1294","1000","1","""HK""","0.03","false","""normal""","1","""constant""","0.1","""Scale-free""","3","0","1","""uniform""","""deterministic-normal""","45","0.8","0","""normal""","-0.09999999999999998","1","false","""/home/ramaswamy.51/Documents/github/Spirals/Media/data/cluster/endsim/BehaviorSearch/Step6_Trial""","true","0.2","0.8","8","0.8","true","true","0.10947885215873918","2","0.07718518942408532"
"1","1296","1000","1","""HK""","0.03","false","""normal""","1","""constant""","0.1","""Scale-free""","3","0","1","""uniform""","""deterministic-normal""","45","1","0","""normal""","-0.09999999999999998","1","false","""/home/ramaswamy.51/Documents/github/Spirals/Media/data/cluster/endsim/BehaviorSearch/Step6_Trial""","true","0.2","0.9","9","0.5","true","true","0.09542222459628613","2","0.07718518942408532"
"1","1298","1000","1","""HK""","0.03","false","""normal""","1","""constant""","0.1","""Scale-free""","3","0","1","""uniform""","""deterministic-normal""","40","0.9000000000000001","0.2","""normal""","-0.09999999999999998","1","false","""/home/ramaswamy.51/Documents/github/Spirals/Media/data/cluster/endsim/BehaviorSearch/Step6_Trial""","true","0.2","0.9","10","0.8","true","true","0.08860698242258597","2","0.07718518942408532"
"1","1300","1000","1","""HK""","0.03","false","""normal""","1","""constant""","0.1","""Scale-free""","3","0","1","""uniform""","""deterministic-normal""","50","0.7000000000000002","0","""normal""","0.20000000000000018","1","false","""/home/ramaswamy.51/Documents/github/Spirals/Media/data/cluster/endsim/BehaviorSearch/Step6_Trial""","true","0.2","1","10","0.7000000000000002","true","true","0.1060904626049852","2","0.07718518942408532"
"1","1302","1000","1","""HK""","0.01","false","""normal""","1","""constant""","0.1","""Scale-free""","3","0","1","""uniform""","""deterministic-normal""","50","0.9000000000000001","0","""normal""","0","0.9","false","""/home/ramaswamy.51/Documents/github/Spirals/Media/data/cluster/endsim/BehaviorSearch/Step6_Trial""","true","0.2","1","10","0.7000000000000002","true","true","0.11873192721270154","2","0.07718518942408532"
"1","1304","1000","1","""HK""","0.060000000000000005","false","""normal""","1","""constant""","0.1","""Scale-free""","2","0","1","""uniform""","""deterministic-normal""","45","0.8","0","""normal""","-0.09999999999999998","1","false","""/home/ramaswamy.51/Documents/github/Spirals/Media/data/cluster/endsim/BehaviorSearch/Step6_Trial""","true","0.2","0.9","9","0.40000000000000013","true","true","0.07653684552722165","2","0.07653684552722165"
"1","1306","1000","1","""HK""","0.04","false","""normal""","1","""constant""","0.1","""Scale-free""","1","0","1","""uniform""","""deterministic-normal""","45","0.8","0","""normal""","-0.09999999999999998","1","false","""/home/ramaswamy.51/Documents/github/Spirals/Media/data/cluster/endsim/BehaviorSearch/Step6_Trial""","true","0.2","0.9","9","0.20000000000000018","true","true","0.09091823750343932","2","0.07653684552722165"
"1","1308","1000","1","""HK""","0.01","false","""normal""","1","""constant""","0.1","""Scale-free""","3","0","1","""uniform""","""deterministic-normal""","45","0.8","0","""normal""","-0.09999999999999998","0.9","false","""/home/ramaswamy.51/Documents/github/Spirals/Media/data/cluster/endsim/BehaviorSearch/Step6_Trial""","true","0.2","0.9","9","0.6000000000000001","true","true","0.09919159841528634","2","0.07653684552722165"
"1","1310","1000","1","""HK""","0.03","false","""normal""","1","""constant""","0.1","""Scale-free""","3","0","1","""uniform""","""deterministic-normal""","45","0.8","0","""normal""","-0.09999999999999998","1","false","""/home/ramaswamy.51/Documents/github/Spirals/Media/data/cluster/endsim/BehaviorSearch/Step6_Trial""","true","0.2","0.9","8","0.6000000000000001","true","true","0.10096847195027253","2","0.07653684552722165"
"1","1312","1000","1","""HK""","0.02","false","""normal""","1","""constant""","0.1","""Scale-free""","3","0","1","""uniform""","""deterministic-normal""","50","0.9000000000000001","0","""normal""","0","1","false","""/home/ramaswamy.51/Documents/github/Spirals/Media/data/cluster/endsim/BehaviorSearch/Step6_Trial""","true","0.2","1","10","0.7000000000000002","true","true","0.09564177810097085","2","0.07653684552722165"
"1","1314","1000","1","""HK""","0.060000000000000005","false","""normal""","1","""constant""","0.1","""Scale-free""","3","0","1","""uniform""","""deterministic-normal""","50","0.9000000000000001","0.2","""normal""","-0.09999999999999998","1","false","""/home/ramaswamy.51/Documents/github/Spirals/Media/data/cluster/endsim/BehaviorSearch/Step6_Trial""","true","0.30000000000000004","1","10","0.7000000000000002","true","true","0.09969099473822642","2","0.07653684552722165"
"1","1316","1000","1","""HK""","0.09999999999999999","false","""normal""","1","""constant""","0.1","""Scale-free""","2","0","1","""uniform""","""deterministic-normal""","45","0.8","0","""normal""","0","1","false","""/home/ramaswamy.51/Documents/github/Spirals/Media/data/cluster/endsim/BehaviorSearch/Step6_Trial""","true","0.30000000000000004","0.8","10","0.7000000000000002","true","true","0.1208161867972658","2","0.07653684552722165"
"1","1318","1000","1","""HK""","0.01","false","""normal""","1","""constant""","0.1","""Scale-free""","3","0","1","""uniform""","""deterministic-normal""","45","1","0.1","""normal""","-0.29999999999999993","1","false","""/home/ramaswamy.51/Documents/github/Spirals/Media/data/cluster/endsim/BehaviorSearch/Step6_Trial""","true","0.2","0.8","9","0.6000000000000001","true","true","0.09990559397958729","2","0.07653684552722165"
"1","1320","1000","1","""HK""","0.03","false","""normal""","1","""constant""","0.1","""Scale-free""","3","0","1","""uniform""","""deterministic-normal""","50","0.9000000000000001","0","""normal""","0","0.9","false","""/home/ramaswamy.51/Documents/github/Spirals/Media/data/cluster/endsim/BehaviorSearch/Step6_Trial""","true","0.2","1","10","0.7000000000000002","true","true","0.0990226108053741","2","0.07653684552722165"
"1","1322","1000","1","""HK""","0.04","false","""normal""","1","""constant""","0.1","""Scale-free""","3","0","1","""uniform""","""deterministic-normal""","50","0.8","0","""normal""","0","1","false","""/home/ramaswamy.51/Documents/github/Spirals/Media/data/cluster/endsim/BehaviorSearch/Step6_Trial""","true","0.2","1","10","0.7000000000000002","true","true","0.08327636340819547","2","0.07653684552722165"
"1","1324","1000","1","""HK""","0.03","false","""normal""","1","""constant""","0.1","""Scale-free""","3","0","1","""uniform""","""deterministic-normal""","35","0.9000000000000001","0.2","""normal""","0.10000000000000009","1","false","""/home/ramaswamy.51/Documents/github/Spirals/Media/data/cluster/endsim/BehaviorSearch/Step6_Trial""","true","0.2","0.9","8","0.6000000000000001","true","true","0.09578512463308508","2","0.07653684552722165"
"1","1326","1000","1","""HK""","0.08","false","""normal""","1","""constant""","0.1","""Scale-free""","3","0","1","""uniform""","""deterministic-normal""","45","0.8","0","""normal""","-0.09999999999999998","1","false","""/home/ramaswamy.51/Documents/github/Spirals/Media/data/cluster/endsim/BehaviorSearch/Step6_Trial""","true","0.2","0.9","9","0.6000000000000001","true","true","0.10855988055149499","2","0.07653684552722165"
"1","1328","1000","1","""HK""","0.03","false","""normal""","1","""constant""","0.1","""Scale-free""","3","0","1","""uniform""","""deterministic-normal""","40","0.9000000000000001","0","""normal""","0","1","false","""/home/ramaswamy.51/Documents/github/Spirals/Media/data/cluster/endsim/BehaviorSearch/Step6_Trial""","true","0.2","1","9","0.6000000000000001","true","true","0.08499896647215052","2","0.07653684552722165"
"1","1330","1000","1","""HK""","0.01","false","""normal""","1","""constant""","0.1","""Scale-free""","3","0","1","""uniform""","""deterministic-normal""","40","0.9000000000000001","0.2","""normal""","-0.19999999999999996","1","false","""/home/ramaswamy.51/Documents/github/Spirals/Media/data/cluster/endsim/BehaviorSearch/Step6_Trial""","true","0.2","1","8","0.6000000000000001","true","true","0.10257779535644161","2","0.07653684552722165"
"1","1332","1000","1","""HK""","0.03","false","""normal""","1","""constant""","0.1","""Scale-free""","3","0","1","""uniform""","""deterministic-normal""","45","0.7000000000000002","0","""normal""","-0.09999999999999998","1","false","""/home/ramaswamy.51/Documents/github/Spirals/Media/data/cluster/endsim/BehaviorSearch/Step6_Trial""","true","0.2","0.9","9","0.30000000000000004","true","true","0.08946169886732558","2","0.07653684552722165"
"1","1334","1000","1","""HK""","0.01","false","""normal""","1","""constant""","0.1","""Scale-free""","3","0","1","""uniform""","""deterministic-normal""","40","0.9000000000000001","0.2","""normal""","-0.19999999999999996","1","false","""/home/ramaswamy.51/Documents/github/Spirals/Media/data/cluster/endsim/BehaviorSearch/Step6_Trial""","true","0.2","1","10","0.8","true","true","0.10308495697022815","2","0.07653684552722165"
"1","1336","1000","1","""HK""","0.01","false","""normal""","1","""constant""","0.1","""Scale-free""","3","0","1","""uniform""","""deterministic-normal""","45","0.8","0","""normal""","-0.09999999999999998","1","false","""/home/ramaswamy.51/Documents/github/Spirals/Media/data/cluster/endsim/BehaviorSearch/Step6_Trial""","true","0.2","0.9","9","0.6000000000000001","true","true","0.10181705441130273","2","0.07653684552722165"
"1","1338","1000","1","""HK""","0.01","false","""normal""","1","""constant""","0.1","""Scale-free""","3","0","1","""uniform""","""deterministic-normal""","40","0.8","0","""normal""","-0.09999999999999998","1","false","""/home/ramaswamy.51/Documents/github/Spirals/Media/data/cluster/endsim/BehaviorSearch/Step6_Trial""","true","0.2","0.9","9","0.20000000000000018","true","true","0.11088137893989146","2","0.07653684552722165"
"1","1340","1000","1","""HK""","0.06999999999999999","false","""normal""","1","""constant""","0.1","""Scale-free""","2","0","1","""uniform""","""deterministic-normal""","50","0.40000000000000013","0.1","""normal""","-0.09999999999999998","1","false","""/home/ramaswamy.51/Documents/github/Spirals/Media/data/cluster/endsim/BehaviorSearch/Step6_Trial""","true","0.2","0.9","8","0.40000000000000013","true","true","0.08611581698846069","2","0.07653684552722165"
"1","1342","1000","1","""HK""","0.03","false","""normal""","1","""constant""","0.1","""Scale-free""","3","0","1","""uniform""","""deterministic-normal""","50","0.9000000000000001","0","""normal""","-0.09999999999999998","1","false","""/home/ramaswamy.51/Documents/github/Spirals/Media/data/cluster/endsim/BehaviorSearch/Step6_Trial""","true","0.2","0.9","10","0.7000000000000002","true","true","0.08824037274665003","2","0.07653684552722165"
"1","1344","1000","1","""HK""","0.03","false","""normal""","1","""constant""","0.1","""Scale-free""","3","0","1","""uniform""","""deterministic-normal""","45","1","0.1","""normal""","-0.09999999999999998","1","false","""/home/ramaswamy.51/Documents/github/Spirals/Media/data/cluster/endsim/BehaviorSearch/Step6_Trial""","true","0.2","0.9","8","0.6000000000000001","true","true","0.09244023178611005","2","0.07653684552722165"
"1","1346","1000","1","""HK""","0.03","false","""normal""","1","""constant""","0.1","""Scale-free""","3","0","1","""uniform""","""deterministic-normal""","35","0.9000000000000001","0.2","""normal""","-0.09999999999999998","1","false","""/home/ramaswamy.51/Documents/github/Spirals/Media/data/cluster/endsim/BehaviorSearch/Step6_Trial""","true","0.1","1","10","0.8","true","true","0.11419438227450507","2","0.07653684552722165"
"1","1348","1000","1","""HK""","0.03","false","""normal""","1","""constant""","0.1","""Scale-free""","3","0","1","""uniform""","""deterministic-normal""","50","0.9000000000000001","0","""normal""","0.40000000000000013","1","false","""/home/ramaswamy.51/Documents/github/Spirals/Media/data/cluster/endsim/BehaviorSearch/Step6_Trial""","true","0.30000000000000004","1","10","0.7000000000000002","true","true","0.12568415134477073","2","0.07653684552722165"
"1","1350","1000","1","""HK""","0.03","false","""normal""","1","""constant""","0.1","""Scale-free""","3","0","1","""uniform""","""deterministic-normal""","45","1","0","""normal""","0","1","false","""/home/ramaswamy.51/Documents/github/Spirals/Media/data/cluster/endsim/BehaviorSearch/Step6_Trial""","true","0.2","0.9","9","0.40000000000000013","true","true","0.10477628778783567","2","0.07653684552722165"
"1","1352","1000","1","""HK""","0.01","false","""normal""","1","""constant""","0.1","""Scale-free""","3","0","1","""uniform""","""deterministic-normal""","35","0.7000000000000002","0","""normal""","-0.09999999999999998","1","false","""/home/ramaswamy.51/Documents/github/Spirals/Media/data/cluster/endsim/BehaviorSearch/Step6_Trial""","true","0.30000000000000004","0.9","9","0.6000000000000001","true","true","0.10912636244007948","2","0.07653684552722165"
"1","1354","1000","1","""HK""","0.03","false","""normal""","1","""constant""","0.1","""Scale-free""","3","0","1","""uniform""","""deterministic-normal""","40","0.9000000000000001","0","""normal""","0","1","false","""/home/ramaswamy.51/Documents/github/Spirals/Media/data/cluster/endsim/BehaviorSearch/Step6_Trial""","true","0.2","1","9","0.7000000000000002","true","true","0.09044915277164589","2","0.07653684552722165"
"1","1356","1000","1","""HK""","0.04","false","""normal""","1","""constant""","0.1","""Scale-free""","3","0","1","""uniform""","""deterministic-normal""","50","0.7000000000000002","0","""normal""","-0.09999999999999998","1","false","""/home/ramaswamy.51/Documents/github/Spirals/Media/data/cluster/endsim/BehaviorSearch/Step6_Trial""","true","0.2","0.9","9","0.7000000000000002","true","true","0.10181271611789033","2","0.07653684552722165"
"1","1358","1000","1","""HK""","0.03","false","""normal""","1","""constant""","0.1","""Scale-free""","3","0","1","""uniform""","""deterministic-normal""","45","0.8","0","""normal""","-0.09999999999999998","1","false","""/home/ramaswamy.51/Documents/github/Spirals/Media/data/cluster/endsim/BehaviorSearch/Step6_Trial""","true","0.2","0.9","8","0.7000000000000002","true","true","0.0939616047576759","2","0.07653684552722165"
"1","1360","1000","1","""HK""","0.060000000000000005","false","""normal""","1","""constant""","0.1","""Scale-free""","2","0","1","""uniform""","""deterministic-normal""","45","0.8","0","""normal""","-0.09999999999999998","1","false","""/home/ramaswamy.51/Documents/github/Spirals/Media/data/cluster/endsim/BehaviorSearch/Step6_Trial""","true","0.2","0.9","9","0.6000000000000001","true","true","0.10929033529306666","2","0.07653684552722165"
"1","1362","1000","1","""HK""","0.03","false","""normal""","1","""constant""","0.1","""Scale-free""","3","0","1","""uniform""","""deterministic-normal""","50","0.9000000000000001","0.1","""normal""","0","1","false","""/home/ramaswamy.51/Documents/github/Spirals/Media/data/cluster/endsim/BehaviorSearch/Step6_Trial""","true","0.2","1","10","0.9000000000000001","true","true","0.09008742233074063","2","0.07653684552722165"
"1","1364","1000","1","""HK""","0.02","false","""normal""","1","""constant""","0.1","""Scale-free""","3","0","1","""uniform""","""deterministic-normal""","45","0.9000000000000001","0","""normal""","-0.09999999999999998","1","false","""/home/ramaswamy.51/Documents/github/Spirals/Media/data/cluster/endsim/BehaviorSearch/Step6_Trial""","true","0.2","1","9","0.7000000000000002","true","true","0.08452277220395277","2","0.07653684552722165"
"1","1366","1000","1","""HK""","0.04","false","""normal""","1","""constant""","0.1","""Scale-free""","3","0","1","""uniform""","""deterministic-normal""","50","0.8","0","""normal""","0","1","false","""/home/ramaswamy.51/Documents/github/Spirals/Media/data/cluster/endsim/BehaviorSearch/Step6_Trial""","true","0.2","1","10","0.8","true","true","0.09360277904606741","2","0.07653684552722165"
"1","1368","1000","1","""HK""","0.01","false","""normal""","1","""constant""","0.1","""Scale-free""","2","0","1","""uniform""","""deterministic-normal""","40","0.8","0","""normal""","-0.09999999999999998","1","false","""/home/ramaswamy.51/Documents/github/Spirals/Media/data/cluster/endsim/BehaviorSearch/Step6_Trial""","true","0.2","0.9","9","0.30000000000000004","true","true","0.09766670878119088","2","0.07653684552722165"
"1","1370","1000","1","""HK""","0.03","false","""normal""","1","""constant""","0.1","""Scale-free""","3","0","1","""uniform""","""deterministic-normal""","50","0.30000000000000004","0","""normal""","-0.09999999999999998","0.9","false","""/home/ramaswamy.51/Documents/github/Spirals/Media/data/cluster/endsim/BehaviorSearch/Step6_Trial""","true","0.4","0.9","10","0.30000000000000004","true","true","0.10979398594445221","2","0.07653684552722165"
"1","1372","1000","1","""HK""","0.03","false","""normal""","1","""constant""","0.1","""Scale-free""","3","0","1","""uniform""","""deterministic-normal""","45","1","0","""normal""","0.10000000000000009","1","false","""/home/ramaswamy.51/Documents/github/Spirals/Media/data/cluster/endsim/BehaviorSearch/Step6_Trial""","true","0.2","0.9","9","0.7000000000000002","true","true","0.09804452741966138","2","0.07653684552722165"
"1","1374","1000","1","""HK""","0.03","false","""normal""","1","""constant""","0.1","""Scale-free""","3","0","1","""uniform""","""deterministic-normal""","50","0.9000000000000001","0","""normal""","0","0.9","false","""/home/ramaswamy.51/Documents/github/Spirals/Media/data/cluster/endsim/BehaviorSearch/Step6_Trial""","true","0.2","0.9","8","0.6000000000000001","true","true","0.09510440495447506","2","0.07653684552722165"
"1","1376","1000","1","""HK""","0.03","false","""normal""","1","""constant""","0","""Scale-free""","3","0","1","""uniform""","""deterministic-normal""","50","0.9000000000000001","0","""normal""","0","1","false","""/home/ramaswamy.51/Documents/github/Spirals/Media/data/cluster/endsim/BehaviorSearch/Step6_Trial""","true","0.1","0.8","10","0.7000000000000002","true","true","0.16207320128030467","2","0.07653684552722165"
"1","1378","1000","1","""HK""","0.03","false","""normal""","1","""constant""","0.1","""Scale-free""","3","0","1","""uniform""","""deterministic-normal""","45","0.8","0","""normal""","-0.09999999999999998","1","false","""/home/ramaswamy.51/Documents/github/Spirals/Media/data/cluster/endsim/BehaviorSearch/Step6_Trial""","true","0.2","0.8","8","0.6000000000000001","true","true","0.08711093644483835","2","0.07653684552722165"
"1","1380","1000","1","""HK""","0.03","false","""normal""","1","""constant""","0.2","""Scale-free""","3","0","1","""uniform""","""deterministic-normal""","45","0.8","0","""normal""","-0.09999999999999998","1","false","""/home/ramaswamy.51/Documents/github/Spirals/Media/data/cluster/endsim/BehaviorSearch/Step6_Trial""","true","0.2","0.9","9","0.6000000000000001","true","true","0.14999027703894052","2","0.07653684552722165"
"1","1382","1000","1","""HK""","0.03","false","""normal""","1","""constant""","0.2","""Scale-free""","2","0","1","""uniform""","""deterministic-normal""","45","0.8","0","""normal""","-0.09999999999999998","1","false","""/home/ramaswamy.51/Documents/github/Spirals/Media/data/cluster/endsim/BehaviorSearch/Step6_Trial""","true","0.30000000000000004","0.9","9","0.40000000000000013","true","true","0.15989600451443842","2","0.07653684552722165"
"1","1384","1000","1","""HK""","0.02","false","""normal""","1","""constant""","0.1","""Scale-free""","3","0","1","""uniform""","""deterministic-normal""","45","0.9000000000000001","0","""normal""","0","1","false","""/home/ramaswamy.51/Documents/github/Spirals/Media/data/cluster/endsim/BehaviorSearch/Step6_Trial""","true","0.2","1","10","0.7000000000000002","true","true","0.09568586308617891","2","0.07653684552722165"
"1","1386","1000","1","""HK""","0.03","false","""normal""","1","""constant""","0.2","""Scale-free""","3","0","1","""uniform""","""deterministic-normal""","40","0.9000000000000001","0.2","""normal""","-0.09999999999999998","1","false","""/home/ramaswamy.51/Documents/github/Spirals/Media/data/cluster/endsim/BehaviorSearch/Step6_Trial""","true","0.1","1","10","0.8","true","true","0.1602063157569643","2","0.07653684552722165"
"1","1388","1000","1","""HK""","0.060000000000000005","false","""normal""","1","""constant""","0.1","""Scale-free""","2","0","1","""uniform""","""deterministic-normal""","50","0.9000000000000001","0.2","""normal""","-0.3999999999999999","1","false","""/home/ramaswamy.51/Documents/github/Spirals/Media/data/cluster/endsim/BehaviorSearch/Step6_Trial""","true","0.2","0.9","10","0.8","true","true","0.1028016181353465","2","0.07653684552722165"
"1","1390","1000","1","""HK""","0.01","false","""normal""","1","""constant""","0.1","""Scale-free""","3","0","1","""uniform""","""deterministic-normal""","45","1","0","""normal""","-0.09999999999999998","1","false","""/home/ramaswamy.51/Documents/github/Spirals/Media/data/cluster/endsim/BehaviorSearch/Step6_Trial""","true","0.2","0.9","8","0.6000000000000001","true","true","0.10713306631189914","2","0.07653684552722165"
"1","1392","1000","1","""HK""","0.03","false","""normal""","1","""constant""","0.1","""Scale-free""","3","0","1","""uniform""","""deterministic-normal""","40","0.9000000000000001","0","""normal""","0.10000000000000009","1","false","""/home/ramaswamy.51/Documents/github/Spirals/Media/data/cluster/endsim/BehaviorSearch/Step6_Trial""","true","0.1","1","10","0.8","true","true","0.10229850581392758","2","0.07653684552722165"
"1","1394","1000","1","""HK""","0.03","false","""normal""","1","""constant""","0.1","""Scale-free""","3","0","1","""uniform""","""deterministic-normal""","45","0.9000000000000001","0","""normal""","0.10000000000000009","1","false","""/home/ramaswamy.51/Documents/github/Spirals/Media/data/cluster/endsim/BehaviorSearch/Step6_Trial""","true","0.2","1","9","0.7000000000000002","true","true","0.09483284743581052","2","0.07653684552722165"
"1","1396","1000","1","""HK""","0.03","false","""normal""","1","""constant""","0.1","""Scale-free""","3","0","1","""uniform""","""deterministic-normal""","45","0.8","0","""normal""","-0.09999999999999998","1","false","""/home/ramaswamy.51/Documents/github/Spirals/Media/data/cluster/endsim/BehaviorSearch/Step6_Trial""","true","0.2","1","9","0.6000000000000001","true","true","0.09422486683411957","2","0.07653684552722165"
"1","1398","1000","1","""HK""","0.03","false","""normal""","1","""constant""","0.1","""Scale-free""","3","0","1","""uniform""","""deterministic-normal""","50","1","0","""normal""","0.10000000000000009","0.9","false","""/home/ramaswamy.51/Documents/github/Spirals/Media/data/cluster/endsim/BehaviorSearch/Step6_Trial""","true","0.2","1","10","0.7000000000000002","true","true","0.11329147023521302","2","0.07653684552722165"
"1","1400","1000","1","""HK""","0.09999999999999999","false","""normal""","1","""constant""","0.1","""Scale-free""","3","0","1","""uniform""","""deterministic-normal""","40","0.9000000000000001","0.30000000000000004","""normal""","-0.09999999999999998","1","false","""/home/ramaswamy.51/Documents/github/Spirals/Media/data/cluster/endsim/BehaviorSearch/Step6_Trial""","true","0.2","1","10","0.8","true","true","0.13320325791347487","2","0.07653684552722165"
"1","1402","1000","1","""HK""","0.03","false","""normal""","1","""constant""","0.1","""Scale-free""","3","0","1","""uniform""","""deterministic-normal""","50","0.9000000000000001","0","""normal""","0","1","false","""/home/ramaswamy.51/Documents/github/Spirals/Media/data/cluster/endsim/BehaviorSearch/Step6_Trial""","true","0.2","0.9","9","0.6000000000000001","true","true","0.10462863309957975","2","0.07653684552722165"
"1","1404","1000","1","""HK""","0.060000000000000005","false","""normal""","1","""constant""","0.1","""Scale-free""","2","0","1","""uniform""","""deterministic-normal""","45","0.8","0","""normal""","-0.09999999999999998","1","false","""/home/ramaswamy.51/Documents/github/Spirals/Media/data/cluster/endsim/BehaviorSearch/Step6_Trial""","true","0.2","1","9","0.6000000000000001","true","true","0.09326618891547914","2","0.07653684552722165"
"1","1406","1000","1","""HK""","0.03","false","""normal""","1","""constant""","0.1","""Scale-free""","3","0","1","""uniform""","""deterministic-normal""","45","0.8","0","""normal""","-0.09999999999999998","1","false","""/home/ramaswamy.51/Documents/github/Spirals/Media/data/cluster/endsim/BehaviorSearch/Step6_Trial""","true","0.2","1","10","0.8","true","true","0.08293293131731089","2","0.07653684552722165"
"1","1408","1000","1","""HK""","0.03","false","""normal""","1","""constant""","0.1","""Scale-free""","3","0","1","""uniform""","""deterministic-normal""","40","1","0.2","""normal""","-0.09999999999999998","1","false","""/home/ramaswamy.51/Documents/github/Spirals/Media/data/cluster/endsim/BehaviorSearch/Step6_Trial""","true","0.1","1","10","0.8","true","true","0.10508950814405257","2","0.07653684552722165"
"1","1410","1000","1","""HK""","0.01","false","""normal""","1","""constant""","0.1","""Scale-free""","3","0","1","""uniform""","""deterministic-normal""","50","0.9000000000000001","0","""normal""","0","1","false","""/home/ramaswamy.51/Documents/github/Spirals/Media/data/cluster/endsim/BehaviorSearch/Step6_Trial""","true","0.1","1","10","0.8","true","true","0.09569827994987057","2","0.07653684552722165"
"1","1412","1000","1","""HK""","0.03","false","""normal""","1","""constant""","0.1","""Scale-free""","3","0","1","""uniform""","""deterministic-normal""","45","1","0","""normal""","-0.09999999999999998","1","false","""/home/ramaswamy.51/Documents/github/Spirals/Media/data/cluster/endsim/BehaviorSearch/Step6_Trial""","true","0.2","1","8","0.6000000000000001","true","true","0.10328346144649453","2","0.07653684552722165"
"1","1414","1000","1","""HK""","0.03","false","""normal""","1","""constant""","0.1","""Scale-free""","3","0","1","""uniform""","""deterministic-normal""","40","1","0.2","""normal""","0","1","false","""/home/ramaswamy.51/Documents/github/Spirals/Media/data/cluster/endsim/BehaviorSearch/Step6_Trial""","true","0.2","1","10","0.7000000000000002","true","true","0.08704706361431888","2","0.07653684552722165"
"1","1416","1000","1","""HK""","0.060000000000000005","false","""normal""","1","""constant""","0.2","""Scale-free""","3","0","1","""uniform""","""deterministic-normal""","50","0.9000000000000001","0","""normal""","0","1","false","""/home/ramaswamy.51/Documents/github/Spirals/Media/data/cluster/endsim/BehaviorSearch/Step6_Trial""","true","0.2","1","10","0.7000000000000002","true","true","0.15289954931104427","2","0.07653684552722165"
"1","1418","1000","1","""HK""","0.03","false","""normal""","1","""constant""","0.1","""Scale-free""","3","0","1","""uniform""","""deterministic-normal""","50","0.9000000000000001","0","""normal""","0","1","false","""/home/ramaswamy.51/Documents/github/Spirals/Media/data/cluster/endsim/BehaviorSearch/Step6_Trial""","true","0.2","1","10","0.8","true","true","0.09652036159565777","2","0.07653684552722165"
"1","1420","1000","1","""HK""","0.06999999999999999","false","""normal""","1","""constant""","0.2","""Scale-free""","4","0","1","""uniform""","""deterministic-normal""","50","0.8","0","""normal""","-0.09999999999999998","1","false","""/home/ramaswamy.51/Documents/github/Spirals/Media/data/cluster/endsim/BehaviorSearch/Step6_Trial""","true","0.2","1","10","0.8","true","true","0.1716411963161159","2","0.07653684552722165"
"1","1422","1000","1","""HK""","0.03","false","""normal""","1","""constant""","0.1","""Scale-free""","2","0","1","""uniform""","""deterministic-normal""","50","0.8","0","""normal""","0","1","false","""/home/ramaswamy.51/Documents/github/Spirals/Media/data/cluster/endsim/BehaviorSearch/Step6_Trial""","true","0.2","1","10","1","true","true","0.093856975274415","2","0.07653684552722165"
"1","1424","1000","1","""HK""","0.01","false","""normal""","1","""constant""","0","""Scale-free""","3","0","1","""uniform""","""deterministic-normal""","50","0.9000000000000001","0.1","""normal""","0","1","false","""/home/ramaswamy.51/Documents/github/Spirals/Media/data/cluster/endsim/BehaviorSearch/Step6_Trial""","true","0.2","0.9","10","0.7000000000000002","true","true","0.17652852192187424","2","0.07653684552722165"
"1","1426","1000","1","""HK""","0.03","false","""normal""","1","""constant""","0.1","""Scale-free""","3","0","1","""uniform""","""deterministic-normal""","45","0.8","0","""normal""","-0.29999999999999993","1","false","""/home/ramaswamy.51/Documents/github/Spirals/Media/data/cluster/endsim/BehaviorSearch/Step6_Trial""","true","0.2","0.9","8","0.8","true","true","0.09327406517556128","2","0.07653684552722165"
"1","1428","1000","1","""HK""","0.03","false","""normal""","1","""constant""","0","""Scale-free""","3","0","1","""uniform""","""deterministic-normal""","40","1","0.2","""normal""","-0.09999999999999998","1","false","""/home/ramaswamy.51/Documents/github/Spirals/Media/data/cluster/endsim/BehaviorSearch/Step6_Trial""","true","0.2","1","10","0.8","true","true","0.1664002560171441","2","0.07653684552722165"
"1","1430","1000","1","""HK""","0.03","false","""normal""","1","""constant""","0.1","""Scale-free""","3","0","1","""uniform""","""deterministic-normal""","45","0.8","0","""normal""","0.10000000000000009","1","false","""/home/ramaswamy.51/Documents/github/Spirals/Media/data/cluster/endsim/BehaviorSearch/Step6_Trial""","true","0.2","0.9","8","0.6000000000000001","true","true","0.11301975209246863","2","0.07653684552722165"
"1","1432","1000","1","""HK""","0.03","false","""normal""","1","""constant""","0.1","""Scale-free""","3","0","1","""uniform""","""deterministic-normal""","40","0.9000000000000001","0.2","""normal""","-0.09999999999999998","1","false","""/home/ramaswamy.51/Documents/github/Spirals/Media/data/cluster/endsim/BehaviorSearch/Step6_Trial""","true","0.30000000000000004","1","10","0.9000000000000001","true","true","0.10415854023366203","2","0.07653684552722165"
"1","1434","1000","1","""HK""","0.09","false","""normal""","1","""constant""","0.1","""Scale-free""","3","0","1","""uniform""","""deterministic-normal""","50","0.9000000000000001","0","""normal""","0","1","false","""/home/ramaswamy.51/Documents/github/Spirals/Media/data/cluster/endsim/BehaviorSearch/Step6_Trial""","true","0.1","1","10","0.7000000000000002","true","true","0.13300966011811982","2","0.07653684552722165"
"1","1436","1000","1","""HK""","0.03","false","""normal""","1","""constant""","0.1","""Scale-free""","3","0","1","""uniform""","""deterministic-normal""","50","0.9000000000000001","0","""normal""","0","1","false","""/home/ramaswamy.51/Documents/github/Spirals/Media/data/cluster/endsim/BehaviorSearch/Step6_Trial""","true","0.2","0.8","10","0.7000000000000002","true","true","0.09254546673449374","2","0.07653684552722165"
"1","1438","1000","1","""HK""","0.09999999999999999","false","""normal""","1","""constant""","0.2","""Scale-free""","2","0","1","""uniform""","""deterministic-normal""","45","0.8","0","""normal""","-0.09999999999999998","1","false","""/home/ramaswamy.51/Documents/github/Spirals/Media/data/cluster/endsim/BehaviorSearch/Step6_Trial""","true","0.2","0.7000000000000001","9","0.40000000000000013","true","true","0.2013442754889978","2","0.07653684552722165"
"1","1440","1000","1","""HK""","0.03","false","""normal""","1","""constant""","0.2","""Scale-free""","3","0","1","""uniform""","""deterministic-normal""","50","0.9000000000000001","0","""normal""","0.40000000000000013","1","false","""/home/ramaswamy.51/Documents/github/Spirals/Media/data/cluster/endsim/BehaviorSearch/Step6_Trial""","true","0.2","0.9","8","0.40000000000000013","true","true","0.1585108346001794","2","0.07653684552722165"
"1","1442","1000","1","""HK""","0.03","false","""normal""","1","""constant""","0.1","""Scale-free""","3","0","1","""uniform""","""deterministic-normal""","45","0.40000000000000013","0","""normal""","-0.09999999999999998","1","false","""/home/ramaswamy.51/Documents/github/Spirals/Media/data/cluster/endsim/BehaviorSearch/Step6_Trial""","true","0.2","0.9","10","0.6000000000000001","true","true","0.09078105824049952","2","0.07653684552722165"
"1","1444","1000","1","""HK""","0.03","false","""normal""","1","""constant""","0.1","""Scale-free""","3","0","1","""uniform""","""deterministic-normal""","45","0.40000000000000013","0","""normal""","-0.09999999999999998","1","false","""/home/ramaswamy.51/Documents/github/Spirals/Media/data/cluster/endsim/BehaviorSearch/Step6_Trial""","true","0.4","0.9","9","0.6000000000000001","true","true","0.10587430527302302","2","0.07653684552722165"
"1","1446","1000","1","""HK""","0.03","false","""normal""","1","""constant""","0.1","""Scale-free""","3","0","1","""uniform""","""deterministic-normal""","45","0.9000000000000001","0","""normal""","-0.09999999999999998","1","false","""/home/ramaswamy.51/Documents/github/Spirals/Media/data/cluster/endsim/BehaviorSearch/Step6_Trial""","true","0.30000000000000004","1","10","0.9000000000000001","true","true","0.10133925911029204","2","0.07653684552722165"
"1","1448","1000","1","""HK""","0.03","false","""normal""","1","""constant""","0.1","""Scale-free""","3","0","1","""uniform""","""deterministic-normal""","50","0.9000000000000001","0","""normal""","0.20000000000000018","1","false","""/home/ramaswamy.51/Documents/github/Spirals/Media/data/cluster/endsim/BehaviorSearch/Step6_Trial""","true","0.2","1","10","0.7000000000000002","true","true","0.09722546456281689","2","0.07653684552722165"
"1","1450","1000","1","""HK""","0.03","false","""normal""","1","""constant""","0.1","""Scale-free""","3","0","1","""uniform""","""deterministic-normal""","40","0.9000000000000001","0.2","""normal""","0.20000000000000018","1","false","""/home/ramaswamy.51/Documents/github/Spirals/Media/data/cluster/endsim/BehaviorSearch/Step6_Trial""","true","0.30000000000000004","1","8","0.7000000000000002","true","true","0.10544175544175942","2","0.07653684552722165"
"1","1452","1000","1","""HK""","0.03","false","""normal""","1","""constant""","0.1","""Scale-free""","3","0","1","""uniform""","""deterministic-normal""","45","0.8","0","""normal""","-0.09999999999999998","0.9","false","""/home/ramaswamy.51/Documents/github/Spirals/Media/data/cluster/endsim/BehaviorSearch/Step6_Trial""","true","0.2","0.9","9","0.6000000000000001","true","true","0.0906379461546871","2","0.07653684552722165"
"1","1454","1000","1","""HK""","0.03","false","""normal""","1","""constant""","0.1","""Scale-free""","3","0","1","""uniform""","""deterministic-normal""","40","0.9000000000000001","0.30000000000000004","""normal""","-0.09999999999999998","1","false","""/home/ramaswamy.51/Documents/github/Spirals/Media/data/cluster/endsim/BehaviorSearch/Step6_Trial""","true","0","1","10","0.8","true","true","0.12269308915996485","2","0.07653684552722165"
"1","1456","1000","1","""HK""","0.03","false","""normal""","1","""constant""","0.1","""Scale-free""","3","0","1","""uniform""","""deterministic-normal""","50","0.9000000000000001","0","""normal""","-0.09999999999999998","1","false","""/home/ramaswamy.51/Documents/github/Spirals/Media/data/cluster/endsim/BehaviorSearch/Step6_Trial""","true","0.2","1","10","0.7000000000000002","true","true","0.09882750520303689","2","0.07653684552722165"
"1","1458","1000","1","""HK""","0.01","false","""normal""","1","""constant""","0.1","""Scale-free""","3","0","1","""uniform""","""deterministic-normal""","45","0.8","0","""normal""","0.10000000000000009","1","false","""/home/ramaswamy.51/Documents/github/Spirals/Media/data/cluster/endsim/BehaviorSearch/Step6_Trial""","true","0.2","0.9","9","0.8","true","true","0.1042123230610188","2","0.07653684552722165"
"1","1460","1000","1","""HK""","0.03","false","""normal""","1","""constant""","0.1","""Scale-free""","3","0","1","""uniform""","""deterministic-normal""","45","0.8","0","""normal""","-0.19999999999999996","1","false","""/home/ramaswamy.51/Documents/github/Spirals/Media/data/cluster/endsim/BehaviorSearch/Step6_Trial""","true","0.4","0.9","9","0.20000000000000018","true","true","0.11211855670852841","2","0.07653684552722165"
"1","1462","1000","1","""HK""","0.05","false","""normal""","1","""constant""","0.1","""Scale-free""","2","0","1","""uniform""","""deterministic-normal""","35","0.8","0","""normal""","-0.09999999999999998","1","false","""/home/ramaswamy.51/Documents/github/Spirals/Media/data/cluster/endsim/BehaviorSearch/Step6_Trial""","true","0.2","0.9","9","0.40000000000000013","true","true","0.08507843078836591","2","0.07653684552722165"
"1","1464","1000","1","""HK""","0.03","false","""normal""","1","""constant""","0.1","""Scale-free""","3","0","1","""uniform""","""deterministic-normal""","45","0.6000000000000001","0","""normal""","0.10000000000000009","1","false","""/home/ramaswamy.51/Documents/github/Spirals/Media/data/cluster/endsim/BehaviorSearch/Step6_Trial""","true","0.2","0.9","10","0.6000000000000001","true","true","0.1157605152146483","2","0.07653684552722165"
"1","1466","1000","1","""HK""","0.060000000000000005","false","""normal""","1","""constant""","0.1","""Scale-free""","2","0","1","""uniform""","""deterministic-normal""","40","0.9000000000000001","0.30000000000000004","""normal""","-0.09999999999999998","1","false","""/home/ramaswamy.51/Documents/github/Spirals/Media/data/cluster/endsim/BehaviorSearch/Step6_Trial""","true","0.2","1","9","0.8","true","true","0.09378045384604877","2","0.07653684552722165"
"1","1468","1000","1","""HK""","0.04","false","""normal""","1","""constant""","0.1","""Scale-free""","2","0","1","""uniform""","""deterministic-normal""","45","0.8","0","""normal""","-0.09999999999999998","1","false","""/home/ramaswamy.51/Documents/github/Spirals/Media/data/cluster/endsim/BehaviorSearch/Step6_Trial""","true","0","0.9","10","0.40000000000000013","true","true","0.10877081011620107","2","0.07653684552722165"
"1","1470","1000","1","""HK""","0.03","false","""normal""","1","""constant""","0.1","""Scale-free""","3","0","1","""uniform""","""deterministic-normal""","50","0.9000000000000001","0","""normal""","-0.19999999999999996","1","false","""/home/ramaswamy.51/Documents/github/Spirals/Media/data/cluster/endsim/BehaviorSearch/Step6_Trial""","true","0.2","0.9","10","0.5","true","true","0.09636615608916517","2","0.07653684552722165"
"1","1472","1000","1","""HK""","0.01","false","""normal""","1","""constant""","0.1","""Scale-free""","4","0","1","""uniform""","""deterministic-normal""","45","0.9000000000000001","0","""normal""","0","1","false","""/home/ramaswamy.51/Documents/github/Spirals/Media/data/cluster/endsim/BehaviorSearch/Step6_Trial""","true","0.2","1","10","0.8","true","true","0.0791343090403738","2","0.07653684552722165"
"1","1474","1000","1","""HK""","0.03","false","""normal""","1","""constant""","0.1","""Scale-free""","3","0","1","""uniform""","""deterministic-normal""","40","0.8","0","""normal""","-0.09999999999999998","0.9","false","""/home/ramaswamy.51/Documents/github/Spirals/Media/data/cluster/endsim/BehaviorSearch/Step6_Trial""","true","0.2","1","10","0.7000000000000002","true","true","0.1006422050321429","2","0.07653684552722165"
"1","1476","1000","1","""HK""","0.03","false","""normal""","1","""constant""","0","""Scale-free""","3","0","1","""uniform""","""deterministic-normal""","40","0.9000000000000001","0.2","""normal""","-0.09999999999999998","1","false","""/home/ramaswamy.51/Documents/github/Spirals/Media/data/cluster/endsim/BehaviorSearch/Step6_Trial""","true","0.2","1","10","0.7000000000000002","true","true","0.15927835424350847","2","0.07653684552722165"
"1","1478","1000","1","""HK""","0.09","false","""normal""","1","""constant""","0.1","""Scale-free""","3","0","1","""uniform""","""deterministic-normal""","50","0.9000000000000001","0","""normal""","0","1","false","""/home/ramaswamy.51/Documents/github/Spirals/Media/data/cluster/endsim/BehaviorSearch/Step6_Trial""","true","0.2","1","8","0.5","true","true","0.11212223105242303","2","0.07653684552722165"
"1","1480","1000","1","""HK""","0.060000000000000005","false","""normal""","1","""constant""","0.1","""Scale-free""","2","0","1","""uniform""","""deterministic-normal""","45","0.8","0","""normal""","-0.09999999999999998","1","false","""/home/ramaswamy.51/Documents/github/Spirals/Media/data/cluster/endsim/BehaviorSearch/Step6_Trial""","true","0.1","0.9","9","0.40000000000000013","true","true","0.10285260253946052","2","0.07653684552722165"
"1","1482","1000","1","""HK""","0.03","false","""normal""","1","""constant""","0.1","""Scale-free""","3","0","1","""uniform""","""deterministic-normal""","50","1","0","""normal""","0","1","false","""/home/ramaswamy.51/Documents/github/Spirals/Media/data/cluster/endsim/BehaviorSearch/Step6_Trial""","true","0.30000000000000004","0.9","10","0.7000000000000002","true","true","0.09986671268194289","2","0.07653684552722165"
"1","1484","1000","1","""HK""","0.06999999999999999","false","""normal""","1","""constant""","0","""Scale-free""","3","0","1","""uniform""","""deterministic-normal""","50","0.9000000000000001","0","""normal""","-0.09999999999999998","0.8","false","""/home/ramaswamy.51/Documents/github/Spirals/Media/data/cluster/endsim/BehaviorSearch/Step6_Trial""","true","0.30000000000000004","1","10","0.7000000000000002","true","true","0.23097501648426105","2","0.07653684552722165"
"1","1486","1000","1","""HK""","0.03","false","""normal""","1","""constant""","0.2","""Scale-free""","3","0","1","""uniform""","""deterministic-normal""","40","0.8","0.2","""normal""","-0.19999999999999996","1","false","""/home/ramaswamy.51/Documents/github/Spirals/Media/data/cluster/endsim/BehaviorSearch/Step6_Trial""","true","0.30000000000000004","1","10","0.8","true","true","0.1506991814927603","2","0.07653684552722165"
"1","1488","1000","1","""HK""","0.03","false","""normal""","1","""constant""","0.1","""Scale-free""","3","0","1","""uniform""","""deterministic-normal""","40","0.6000000000000001","0","""normal""","0.10000000000000009","1","false","""/home/ramaswamy.51/Documents/github/Spirals/Media/data/cluster/endsim/BehaviorSearch/Step6_Trial""","true","0.2","0.9","9","0.6000000000000001","true","true","0.08398373908999052","2","0.07653684552722165"
"1","1490","1000","1","""HK""","0.03","false","""normal""","1","""constant""","0.1","""Scale-free""","3","0","1","""uniform""","""deterministic-normal""","40","0.5","0.2","""normal""","0.10000000000000009","1","false","""/home/ramaswamy.51/Documents/github/Spirals/Media/data/cluster/endsim/BehaviorSearch/Step6_Trial""","true","0.2","1","10","0.7000000000000002","true","true","0.0988782087693861","2","0.07653684552722165"
"1","1492","1000","1","""HK""","0.05","false","""normal""","1","""constant""","0.1","""Scale-free""","3","0","1","""uniform""","""deterministic-normal""","45","0.6000000000000001","0","""normal""","-0.09999999999999998","1","false","""/home/ramaswamy.51/Documents/github/Spirals/Media/data/cluster/endsim/BehaviorSearch/Step6_Trial""","true","0.2","0.7000000000000001","9","0.9000000000000001","true","true","0.09396340878908559","2","0.07653684552722165"
"1","1494","1000","1","""HK""","0.03","false","""normal""","1","""constant""","0.1","""Scale-free""","3","0","1","""uniform""","""deterministic-normal""","50","0.9000000000000001","0","""normal""","0","1","false","""/home/ramaswamy.51/Documents/github/Spirals/Media/data/cluster/endsim/BehaviorSearch/Step6_Trial""","true","0.2","0.9","9","0.40000000000000013","true","true","0.098821328419389","2","0.07653684552722165"
"1","1496","1000","1","""HK""","0.03","false","""normal""","1","""constant""","0.1","""Scale-free""","3","0","1","""uniform""","""deterministic-normal""","50","1","0","""normal""","0","0.9","false","""/home/ramaswamy.51/Documents/github/Spirals/Media/data/cluster/endsim/BehaviorSearch/Step6_Trial""","true","0.1","0.7000000000000001","10","0.7000000000000002","true","true","0.09074057823171484","2","0.07653684552722165"
"1","1498","1000","1","""HK""","0.03","false","""normal""","1","""constant""","0.1","""Scale-free""","3","0","1","""uniform""","""deterministic-normal""","50","0.7000000000000002","0","""normal""","0","1","false","""/home/ramaswamy.51/Documents/github/Spirals/Media/data/cluster/endsim/BehaviorSearch/Step6_Trial""","true","0.2","0.9","9","0.5","true","true","0.08794691528364124","2","0.07653684552722165"
"1","1500","1000","1","""HK""","0.03","false","""normal""","1","""constant""","0.1","""Scale-free""","3","0","1","""uniform""","""deterministic-normal""","50","0.9000000000000001","0","""normal""","-0.19999999999999996","1","false","""/home/ramaswamy.51/Documents/github/Spirals/Media/data/cluster/endsim/BehaviorSearch/Step6_Trial""","true","0.2","1","10","0.7000000000000002","true","true","0.09158076751206443","2","0.07653684552722165"
"1","1502","1000","1","""HK""","0.03","false","""normal""","1","""constant""","0.1","""Scale-free""","3","0","1","""uniform""","""deterministic-normal""","50","1","0","""normal""","0","1","false","""/home/ramaswamy.51/Documents/github/Spirals/Media/data/cluster/endsim/BehaviorSearch/Step6_Trial""","true","0.2","1","10","0.9000000000000001","true","true","0.10116615732890052","2","0.07653684552722165"
"1","1504","1000","1","""HK""","0.03","false","""normal""","1","""constant""","0.1","""Scale-free""","2","0","1","""uniform""","""deterministic-normal""","40","0.9000000000000001","0.2","""normal""","-0.09999999999999998","1","false","""/home/ramaswamy.51/Documents/github/Spirals/Media/data/cluster/endsim/BehaviorSearch/Step6_Trial""","true","0.2","1","10","0.40000000000000013","true","true","0.08986880009509961","2","0.07653684552722165"
"1","1506","1000","1","""HK""","0.02","false","""normal""","1","""constant""","0.1","""Scale-free""","3","0","1","""uniform""","""deterministic-normal""","50","0.9000000000000001","0","""normal""","0.10000000000000009","1","false","""/home/ramaswamy.51/Documents/github/Spirals/Media/data/cluster/endsim/BehaviorSearch/Step6_Trial""","true","0.2","1","10","0.10000000000000009","true","true","0.10415539498364496","2","0.07653684552722165"
"1","1508","1000","1","""HK""","0.04","false","""normal""","1","""constant""","0.2","""Scale-free""","3","0","1","""uniform""","""deterministic-normal""","50","0.9000000000000001","0","""normal""","0","1","false","""/home/ramaswamy.51/Documents/github/Spirals/Media/data/cluster/endsim/BehaviorSearch/Step6_Trial""","true","0.2","1","9","0.7000000000000002","true","true","0.1662598934654569","2","0.07653684552722165"
"1","1510","1000","1","""HK""","0.03","false","""normal""","1","""constant""","0.1","""Scale-free""","3","0","1","""uniform""","""deterministic-normal""","50","0.9000000000000001","0.2","""normal""","-0.09999999999999998","1","false","""/home/ramaswamy.51/Documents/github/Spirals/Media/data/cluster/endsim/BehaviorSearch/Step6_Trial""","true","0.2","1","10","0.7000000000000002","true","true","0.11032016308684203","2","0.07653684552722165"
"1","1512","1000","1","""HK""","0.03","false","""normal""","1","""constant""","0.1","""Scale-free""","3","0","1","""uniform""","""deterministic-normal""","40","0.9000000000000001","0.30000000000000004","""normal""","-0.09999999999999998","1","false","""/home/ramaswamy.51/Documents/github/Spirals/Media/data/cluster/endsim/BehaviorSearch/Step6_Trial""","true","0.2","1","10","0.7000000000000002","true","true","0.09990821413217232","2","0.07653684552722165"
"1","1514","1000","1","""HK""","0.02","false","""normal""","1","""constant""","0.2","""Scale-free""","3","0","1","""uniform""","""deterministic-normal""","50","0.9000000000000001","0","""normal""","0","1","false","""/home/ramaswamy.51/Documents/github/Spirals/Media/data/cluster/endsim/BehaviorSearch/Step6_Trial""","true","0.2","0.9","10","0.7000000000000002","true","true","0.14903317838422503","2","0.07653684552722165"
"1","1516","1000","1","""HK""","0.03","false","""normal""","1","""constant""","0.1","""Scale-free""","3","0","1","""uniform""","""deterministic-normal""","40","0.6000000000000001","0.30000000000000004","""normal""","-0.09999999999999998","1","false","""/home/ramaswamy.51/Documents/github/Spirals/Media/data/cluster/endsim/BehaviorSearch/Step6_Trial""","true","0.2","1","10","0.8","true","true","0.08391513358339356","2","0.07653684552722165"
"1","1518","1000","1","""HK""","0.03","false","""normal""","1","""constant""","0.1","""Scale-free""","3","0","1","""uniform""","""deterministic-normal""","35","0.9000000000000001","0.2","""normal""","-0.09999999999999998","1","false","""/home/ramaswamy.51/Documents/github/Spirals/Media/data/cluster/endsim/BehaviorSearch/Step6_Trial""","true","0.30000000000000004","0.9","9","0.5","true","true","0.10938211467921266","2","0.07653684552722165"
"1","1520","1000","1","""HK""","0.03","false","""normal""","1","""constant""","0.1","""Scale-free""","2","0","1","""uniform""","""deterministic-normal""","50","0.9000000000000001","0","""normal""","-0.09999999999999998","1","false","""/home/ramaswamy.51/Documents/github/Spirals/Media/data/cluster/endsim/BehaviorSearch/Step6_Trial""","true","0.30000000000000004","1","10","0.7000000000000002","true","true","0.094963190714758","2","0.07653684552722165"
"1","1522","1000","1","""HK""","0.03","false","""normal""","1","""constant""","0.1","""Scale-free""","3","0","1","""uniform""","""deterministic-normal""","45","0.5","0","""normal""","-0.09999999999999998","1","false","""/home/ramaswamy.51/Documents/github/Spirals/Media/data/cluster/endsim/BehaviorSearch/Step6_Trial""","true","0.2","0.9","9","0.6000000000000001","true","true","0.08265325198275827","2","0.07653684552722165"
"1","1524","1000","1","""HK""","0.05","false","""normal""","1","""constant""","0.1","""Scale-free""","3","0","1","""uniform""","""deterministic-normal""","50","0.6000000000000001","0","""normal""","0","1","false","""/home/ramaswamy.51/Documents/github/Spirals/Media/data/cluster/endsim/BehaviorSearch/Step6_Trial""","true","0.2","1","10","0.7000000000000002","true","true","0.10064856971973282","2","0.07653684552722165"
"1","1526","1000","1","""HK""","0.060000000000000005","false","""normal""","1","""constant""","0.1","""Scale-free""","3","0","1","""uniform""","""deterministic-normal""","45","0.6000000000000001","0.2","""normal""","-0.29999999999999993","1","false","""/home/ramaswamy.51/Documents/github/Spirals/Media/data/cluster/endsim/BehaviorSearch/Step6_Trial""","true","0.2","1","10","1","true","true","0.11771269078364242","2","0.07653684552722165"
"1","1528","1000","1","""HK""","0.060000000000000005","false","""normal""","1","""constant""","0.1","""Scale-free""","2","0","1","""uniform""","""deterministic-normal""","45","0.40000000000000013","0","""normal""","-0.3999999999999999","1","false","""/home/ramaswamy.51/Documents/github/Spirals/Media/data/cluster/endsim/BehaviorSearch/Step6_Trial""","true","0.2","0.9","9","0.40000000000000013","true","true","0.12159277200639176","2","0.07653684552722165"
"1","1530","1000","1","""HK""","0.03","false","""normal""","1","""constant""","0.2","""Scale-free""","3","0","1","""uniform""","""deterministic-normal""","40","0.9000000000000001","0.1","""normal""","-0.19999999999999996","1","false","""/home/ramaswamy.51/Documents/github/Spirals/Media/data/cluster/endsim/BehaviorSearch/Step6_Trial""","true","0.2","0.9","10","0.7000000000000002","true","true","0.1656660678580141","2","0.07653684552722165"
"1","1532","1000","1","""HK""","0.03","false","""normal""","1","""constant""","0.1","""Scale-free""","3","0","1","""uniform""","""deterministic-normal""","45","0.8","0","""normal""","-0.09999999999999998","1","false","""/home/ramaswamy.51/Documents/github/Spirals/Media/data/cluster/endsim/BehaviorSearch/Step6_Trial""","true","0.2","0.9","7","0.40000000000000013","true","true","0.09844697741511663","2","0.07653684552722165"
"1","1534","1000","1","""HK""","0.03","false","""normal""","1","""constant""","0.1","""Scale-free""","3","0","1","""uniform""","""deterministic-normal""","45","0.8","0","""normal""","-0.09999999999999998","1","false","""/home/ramaswamy.51/Documents/github/Spirals/Media/data/cluster/endsim/BehaviorSearch/Step6_Trial""","true","0.2","0.8","9","0.6000000000000001","true","true","0.10186304148006511","2","0.07653684552722165"
"1","1536","1000","1","""HK""","0.03","false","""normal""","1","""constant""","0.1","""Scale-free""","3","0","1","""uniform""","""deterministic-normal""","40","0.9000000000000001","0.1","""normal""","-0.3999999999999999","1","false","""/home/ramaswamy.51/Documents/github/Spirals/Media/data/cluster/endsim/BehaviorSearch/Step6_Trial""","true","0.2","1","10","0.8","true","true","0.1132755939501405","2","0.07653684552722165"
"1","1538","1000","1","""HK""","0.03","false","""normal""","1","""constant""","0.1","""Scale-free""","3","0","1","""uniform""","""deterministic-normal""","35","0.9000000000000001","0.2","""normal""","-0.5","1","false","""/home/ramaswamy.51/Documents/github/Spirals/Media/data/cluster/endsim/BehaviorSearch/Step6_Trial""","true","0.2","1","10","0.8","true","true","0.1251713749434532","2","0.07653684552722165"
"1","1540","1000","1","""HK""","0.03","false","""normal""","1","""constant""","0.1","""Scale-free""","3","0","1","""uniform""","""deterministic-normal""","50","1","0","""normal""","0","1","false","""/home/ramaswamy.51/Documents/github/Spirals/Media/data/cluster/endsim/BehaviorSearch/Step6_Trial""","true","0.1","1","10","0.40000000000000013","true","true","0.09648741482818002","2","0.07653684552722165"
"1","1542","1000","1","""HK""","0.03","false","""normal""","1","""constant""","0.1","""Scale-free""","4","0","1","""uniform""","""deterministic-normal""","45","0.8","0","""normal""","-0.09999999999999998","1","false","""/home/ramaswamy.51/Documents/github/Spirals/Media/data/cluster/endsim/BehaviorSearch/Step6_Trial""","true","0.2","0.9","9","0.6000000000000001","true","true","0.08374441447656387","2","0.07653684552722165"
"1","1544","1000","1","""HK""","0.03","false","""normal""","1","""constant""","0","""Scale-free""","3","0","1","""uniform""","""deterministic-normal""","40","0.9000000000000001","0","""normal""","0","1","false","""/home/ramaswamy.51/Documents/github/Spirals/Media/data/cluster/endsim/BehaviorSearch/Step6_Trial""","true","0.30000000000000004","0.9","10","0.5","true","true","0.1712963891973125","2","0.07653684552722165"
"1","1546","1000","1","""HK""","0.03","false","""normal""","1","""constant""","0.1","""Scale-free""","3","0","1","""uniform""","""deterministic-normal""","40","0.9000000000000001","0.1","""normal""","-0.09999999999999998","1","false","""/home/ramaswamy.51/Documents/github/Spirals/Media/data/cluster/endsim/BehaviorSearch/Step6_Trial""","true","0.2","1","10","0.8","true","true","0.09594540907490406","2","0.07653684552722165"
"1","1548","1000","1","""HK""","0.03","false","""normal""","1","""constant""","0.1","""Scale-free""","3","0","1","""uniform""","""deterministic-normal""","45","0.8","0","""normal""","0.10000000000000009","1","false","""/home/ramaswamy.51/Documents/github/Spirals/Media/data/cluster/endsim/BehaviorSearch/Step6_Trial""","true","0.2","0.9","9","0.30000000000000004","true","true","0.11290966965895431","2","0.07653684552722165"
"1","1550","1000","1","""HK""","0.03","false","""normal""","1","""constant""","0.1","""Scale-free""","3","0","1","""uniform""","""deterministic-normal""","50","0.9000000000000001","0","""normal""","0","0.9","false","""/home/ramaswamy.51/Documents/github/Spirals/Media/data/cluster/endsim/BehaviorSearch/Step6_Trial""","true","0.2","1","10","0.9000000000000001","true","true","0.08908990356226026","2","0.07653684552722165"
"1","1552","1000","1","""HK""","0.03","false","""normal""","1","""constant""","0.1","""Scale-free""","3","0","1","""uniform""","""deterministic-normal""","40","0.9000000000000001","0","""normal""","0","1","false","""/home/ramaswamy.51/Documents/github/Spirals/Media/data/cluster/endsim/BehaviorSearch/Step6_Trial""","true","0.2","1","10","0.7000000000000002","true","true","0.08458980242658445","2","0.07653684552722165"
"1","1554","1000","1","""HK""","0.04","false","""normal""","1","""constant""","0.1","""Scale-free""","3","0","1","""uniform""","""deterministic-normal""","45","0.9000000000000001","0.2","""normal""","-0.09999999999999998","1","false","""/home/ramaswamy.51/Documents/github/Spirals/Media/data/cluster/endsim/BehaviorSearch/Step6_Trial""","true","0.2","1","10","0.7000000000000002","true","true","0.08806641407781093","2","0.07653684552722165"
"1","1556","1000","1","""HK""","0.03","false","""normal""","1","""constant""","0.1","""Scale-free""","3","0","1","""uniform""","""deterministic-normal""","40","0.9000000000000001","0","""normal""","0","1","false","""/home/ramaswamy.51/Documents/github/Spirals/Media/data/cluster/endsim/BehaviorSearch/Step6_Trial""","true","0.2","0.7000000000000001","9","0.6000000000000001","true","true","0.0933254365174292","2","0.07653684552722165"
"1","1558","1000","1","""HK""","0.03","false","""normal""","1","""constant""","0.2","""Scale-free""","3","0","1","""uniform""","""deterministic-normal""","50","0.9000000000000001","0","""normal""","0","1","false","""/home/ramaswamy.51/Documents/github/Spirals/Media/data/cluster/endsim/BehaviorSearch/Step6_Trial""","true","0.5","1","9","0.7000000000000002","true","true","0.15517591331066694","2","0.07653684552722165"
"1","1560","1000","1","""HK""","0.01","false","""normal""","1","""constant""","0.1","""Scale-free""","3","0","1","""uniform""","""deterministic-normal""","50","1","0","""normal""","0","0.8","false","""/home/ramaswamy.51/Documents/github/Spirals/Media/data/cluster/endsim/BehaviorSearch/Step6_Trial""","true","0.2","1","10","0.7000000000000002","true","true","0.10981739371472632","2","0.07653684552722165"
"1","1562","1000","1","""HK""","0.04","false","""normal""","1","""constant""","0.1","""Scale-free""","3","0","1","""uniform""","""deterministic-normal""","45","0.9000000000000001","0","""normal""","0","1","false","""/home/ramaswamy.51/Documents/github/Spirals/Media/data/cluster/endsim/BehaviorSearch/Step6_Trial""","true","0.2","1","10","0.7000000000000002","true","true","0.11310815618381213","2","0.07653684552722165"
"1","1564","1000","1","""HK""","0.03","false","""normal""","1","""constant""","0","""Scale-free""","3","0","1","""uniform""","""deterministic-normal""","40","0.8","0","""normal""","-0.09999999999999998","1","false","""/home/ramaswamy.51/Documents/github/Spirals/Media/data/cluster/endsim/BehaviorSearch/Step6_Trial""","true","0.2","0.9","9","0.6000000000000001","true","true","0.15772028163590165","2","0.07653684552722165"
"1","1566","1000","1","""HK""","0.03","false","""normal""","1","""constant""","0.1","""Scale-free""","3","0","1","""uniform""","""deterministic-normal""","45","0.9000000000000001","0","""normal""","-0.09999999999999998","1","false","""/home/ramaswamy.51/Documents/github/Spirals/Media/data/cluster/endsim/BehaviorSearch/Step6_Trial""","true","0.30000000000000004","0.9","7","0.6000000000000001","true","true","0.09599753466393465","2","0.07653684552722165"
"1","1568","1000","1","""HK""","0.03","false","""normal""","1","""constant""","0.1","""Scale-free""","3","0","1","""uniform""","""deterministic-normal""","35","0.9000000000000001","0.2","""normal""","-0.09999999999999998","1","false","""/home/ramaswamy.51/Documents/github/Spirals/Media/data/cluster/endsim/BehaviorSearch/Step6_Trial""","true","0.2","1","10","0.9000000000000001","true","true","0.10425537969391457","2","0.07653684552722165"
"1","1570","1000","1","""HK""","0.03","false","""normal""","1","""constant""","0.1","""Scale-free""","3","0","1","""uniform""","""deterministic-normal""","30","0.9000000000000001","0.2","""normal""","-0.09999999999999998","1","false","""/home/ramaswamy.51/Documents/github/Spirals/Media/data/cluster/endsim/BehaviorSearch/Step6_Trial""","true","0.2","1","9","1","true","true","0.08152251035937295","2","0.07653684552722165"
"1","1572","1000","1","""HK""","0.060000000000000005","false","""normal""","1","""constant""","0.1","""Scale-free""","2","0","1","""uniform""","""deterministic-normal""","45","0.9000000000000001","0.2","""normal""","-0.29999999999999993","1","false","""/home/ramaswamy.51/Documents/github/Spirals/Media/data/cluster/endsim/BehaviorSearch/Step6_Trial""","true","0.30000000000000004","1","10","0.8","true","true","0.09728565217112327","2","0.07653684552722165"
"1","1574","1000","1","""HK""","0.03","false","""normal""","1","""constant""","0.1","""Scale-free""","3","0","1","""uniform""","""deterministic-normal""","40","0.7000000000000002","0.2","""normal""","0.10000000000000009","1","false","""/home/ramaswamy.51/Documents/github/Spirals/Media/data/cluster/endsim/BehaviorSearch/Step6_Trial""","true","0.2","0.9","9","0.6000000000000001","true","true","0.0940256867713142","2","0.07653684552722165"
"1","1576","1000","1","""HK""","0.03","false","""normal""","1","""constant""","0.1","""Scale-free""","3","0","1","""uniform""","""deterministic-normal""","45","0.8","0.2","""normal""","-0.09999999999999998","1","false","""/home/ramaswamy.51/Documents/github/Spirals/Media/data/cluster/endsim/BehaviorSearch/Step6_Trial""","true","0.2","1","10","0.8","true","true","0.09120603381736872","2","0.07653684552722165"
"1","1578","1000","1","""HK""","0.01","false","""normal""","1","""constant""","0.1","""Scale-free""","3","0","1","""uniform""","""deterministic-normal""","45","0.8","0","""normal""","-0.09999999999999998","1","false","""/home/ramaswamy.51/Documents/github/Spirals/Media/data/cluster/endsim/BehaviorSearch/Step6_Trial""","true","0.2","0.9","8","0.40000000000000013","true","true","0.09749953079473203","2","0.07653684552722165"
"1","1580","1000","1","""HK""","0.03","false","""normal""","1","""constant""","0.1","""Scale-free""","3","0","1","""uniform""","""deterministic-normal""","30","0.9000000000000001","0.2","""normal""","-0.09999999999999998","1","false","""/home/ramaswamy.51/Documents/github/Spirals/Media/data/cluster/endsim/BehaviorSearch/Step6_Trial""","true","0.2","1","10","0.8","true","true","0.09608033879148663","2","0.07653684552722165"
"1","1582","1000","1","""HK""","0.03","false","""normal""","1","""constant""","0.1","""Scale-free""","3","0","1","""uniform""","""deterministic-normal""","50","0.9000000000000001","0","""normal""","0","1","false","""/home/ramaswamy.51/Documents/github/Spirals/Media/data/cluster/endsim/BehaviorSearch/Step6_Trial""","true","0.1","0.9","10","0.7000000000000002","true","true","0.11221014920437633","2","0.07653684552722165"
"1","1584","1000","1","""HK""","0.03","false","""normal""","1","""constant""","0.1","""Scale-free""","3","0","1","""uniform""","""deterministic-normal""","50","0.7000000000000002","0.2","""normal""","0","1","false","""/home/ramaswamy.51/Documents/github/Spirals/Media/data/cluster/endsim/BehaviorSearch/Step6_Trial""","true","0.2","1","10","0.8","true","true","0.09248862204919754","2","0.07653684552722165"
"1","1586","1000","1","""HK""","0.03","false","""normal""","1","""constant""","0.1","""Scale-free""","3","0","1","""uniform""","""deterministic-normal""","50","0.8","0","""normal""","-0.09999999999999998","1","false","""/home/ramaswamy.51/Documents/github/Spirals/Media/data/cluster/endsim/BehaviorSearch/Step6_Trial""","true","0.2","1","10","0.7000000000000002","true","true","0.09429655477138132","2","0.07653684552722165"
"1","1588","1000","1","""HK""","0.03","false","""normal""","1","""constant""","0.1","""Scale-free""","3","0","1","""uniform""","""deterministic-normal""","40","0.9000000000000001","0","""normal""","0.10000000000000009","1","false","""/home/ramaswamy.51/Documents/github/Spirals/Media/data/cluster/endsim/BehaviorSearch/Step6_Trial""","true","0.4","1","10","0.7000000000000002","true","true","0.11051835257057707","2","0.07653684552722165"
"1","1590","1000","1","""HK""","0.060000000000000005","false","""normal""","1","""constant""","0.1","""Scale-free""","2","0","1","""uniform""","""deterministic-normal""","50","1","0","""normal""","0","1","false","""/home/ramaswamy.51/Documents/github/Spirals/Media/data/cluster/endsim/BehaviorSearch/Step6_Trial""","true","0.2","0.8","10","0.5","true","true","0.10354853371051836","2","0.07653684552722165"
"1","1592","1000","1","""HK""","0.03","false","""normal""","1","""constant""","0","""Scale-free""","3","0","1","""uniform""","""deterministic-normal""","50","0.9000000000000001","0","""normal""","0","1","false","""/home/ramaswamy.51/Documents/github/Spirals/Media/data/cluster/endsim/BehaviorSearch/Step6_Trial""","true","0.2","1","10","0.7000000000000002","true","true","0.16906375526521417","2","0.07653684552722165"
"1","1594","1000","1","""HK""","0.01","false","""normal""","1","""constant""","0.1","""Scale-free""","3","0","1","""uniform""","""deterministic-normal""","40","0.8","0.2","""normal""","-0.19999999999999996","1","false","""/home/ramaswamy.51/Documents/github/Spirals/Media/data/cluster/endsim/BehaviorSearch/Step6_Trial""","true","0.2","1","10","0.8","true","true","0.10137426792800458","2","0.07653684552722165"
"1","1596","1000","1","""HK""","0.060000000000000005","false","""normal""","1","""constant""","0.1","""Scale-free""","3","0","1","""uniform""","""deterministic-normal""","50","0.8","0","""normal""","-0.09999999999999998","1","false","""/home/ramaswamy.51/Documents/github/Spirals/Media/data/cluster/endsim/BehaviorSearch/Step6_Trial""","true","0.30000000000000004","0.9","10","0.5","true","true","0.08738905097712842","2","0.07653684552722165"
"1","1598","1000","1","""HK""","0.05","false","""normal""","1","""constant""","0.1","""Scale-free""","3","0","1","""uniform""","""deterministic-normal""","40","0.9000000000000001","0.2","""normal""","-0.19999999999999996","1","false","""/home/ramaswamy.51/Documents/github/Spirals/Media/data/cluster/endsim/BehaviorSearch/Step6_Trial""","true","0.2","1","10","0.8","true","true","0.09285888481971437","2","0.07653684552722165"
"1","1600","1000","1","""HK""","0.05","false","""normal""","1","""constant""","0.1","""Scale-free""","3","0","1","""uniform""","""deterministic-normal""","40","0.9000000000000001","0.2","""normal""","-0.09999999999999998","1","false","""/home/ramaswamy.51/Documents/github/Spirals/Media/data/cluster/endsim/BehaviorSearch/Step6_Trial""","true","0.2","1","10","0.8","true","true","0.10487269594004482","2","0.07653684552722165"
"1","1602","1000","1","""HK""","0.03","false","""normal""","1","""constant""","0.1","""Scale-free""","3","0","1","""uniform""","""deterministic-normal""","40","0.9000000000000001","0.2","""normal""","-0.09999999999999998","1","false","""/home/ramaswamy.51/Documents/github/Spirals/Media/data/cluster/endsim/BehaviorSearch/Step6_Trial""","true","0.2","1","10","0.7000000000000002","true","true","0.09337750686515185","2","0.07653684552722165"
"1","1604","1000","1","""HK""","0.08","false","""normal""","1","""constant""","0.1","""Scale-free""","3","0","1","""uniform""","""deterministic-normal""","40","0.9000000000000001","0.2","""normal""","-0.09999999999999998","1","false","""/home/ramaswamy.51/Documents/github/Spirals/Media/data/cluster/endsim/BehaviorSearch/Step6_Trial""","true","0.2","1","10","0.40000000000000013","true","true","0.10572712708266979","2","0.07653684552722165"
"1","1606","1000","1","""HK""","0.03","false","""normal""","1","""constant""","0.1","""Scale-free""","3","0","1","""uniform""","""deterministic-normal""","35","0.9000000000000001","0.2","""normal""","-0.09999999999999998","1","false","""/home/ramaswamy.51/Documents/github/Spirals/Media/data/cluster/endsim/BehaviorSearch/Step6_Trial""","true","0.2","1","10","0.8","true","true","0.10069337129282296","2","0.07653684552722165"
"1","1608","1000","1","""HK""","0.060000000000000005","false","""normal""","1","""constant""","0.1","""Scale-free""","3","0","1","""uniform""","""deterministic-normal""","45","0.9000000000000001","0","""normal""","-0.09999999999999998","1","false","""/home/ramaswamy.51/Documents/github/Spirals/Media/data/cluster/endsim/BehaviorSearch/Step6_Trial""","true","0.1","0.9","9","0.6000000000000001","true","true","0.11299759685204455","2","0.07653684552722165"
"1","1610","1000","1","""HK""","0.03","false","""normal""","1","""constant""","0.1","""Scale-free""","3","0","1","""uniform""","""deterministic-normal""","50","1","0.1","""normal""","0","1","false","""/home/ramaswamy.51/Documents/github/Spirals/Media/data/cluster/endsim/BehaviorSearch/Step6_Trial""","true","0.2","1","10","0.7000000000000002","true","true","0.08598762660462297","2","0.07653684552722165"
"1","1612","1000","1","""HK""","0.03","false","""normal""","1","""constant""","0.1","""Scale-free""","3","0","1","""uniform""","""deterministic-normal""","50","0.5","0","""normal""","0","1","false","""/home/ramaswamy.51/Documents/github/Spirals/Media/data/cluster/endsim/BehaviorSearch/Step6_Trial""","true","0.2","1","10","0.7000000000000002","true","true","0.09201327989054112","2","0.07653684552722165"
"1","1614","1000","1","""HK""","0.05","false","""normal""","1","""constant""","0.1","""Scale-free""","3","0","1","""uniform""","""deterministic-normal""","50","0.9000000000000001","0","""normal""","0","1","false","""/home/ramaswamy.51/Documents/github/Spirals/Media/data/cluster/endsim/BehaviorSearch/Step6_Trial""","true","0.2","1","10","0.7000000000000002","true","true","0.07596923226931297","2","0.07596923226931297"
"1","1616","1000","1","""HK""","0.03","false","""normal""","1","""constant""","0.1","""Scale-free""","3","0","1","""uniform""","""deterministic-normal""","45","0.7000000000000002","0","""normal""","-0.09999999999999998","1","false","""/home/ramaswamy.51/Documents/github/Spirals/Media/data/cluster/endsim/BehaviorSearch/Step6_Trial""","true","0.2","0.9","9","0.8","true","true","0.09450916469554156","2","0.07596923226931297"
"1","1618","1000","1","""HK""","0.03","false","""normal""","1","""constant""","0.1","""Scale-free""","3","0","1","""uniform""","""deterministic-normal""","50","0.9000000000000001","0","""normal""","0.10000000000000009","1","false","""/home/ramaswamy.51/Documents/github/Spirals/Media/data/cluster/endsim/BehaviorSearch/Step6_Trial""","true","0.2","1","10","0.7000000000000002","true","true","0.10227679528839591","2","0.07596923226931297"
"1","1620","1000","1","""HK""","0.03","false","""normal""","1","""constant""","0.1","""Scale-free""","3","0","1","""uniform""","""deterministic-normal""","45","1","0.2","""normal""","-0.09999999999999998","1","false","""/home/ramaswamy.51/Documents/github/Spirals/Media/data/cluster/endsim/BehaviorSearch/Step6_Trial""","true","0.2","1","10","0.8","true","true","0.10030191980245545","2","0.07596923226931297"
"1","1622","1000","1","""HK""","0.060000000000000005","false","""normal""","1","""constant""","0.1","""Scale-free""","2","0","1","""uniform""","""deterministic-normal""","45","0.8","0","""normal""","0","1","false","""/home/ramaswamy.51/Documents/github/Spirals/Media/data/cluster/endsim/BehaviorSearch/Step6_Trial""","true","0.2","1","10","0.6000000000000001","true","true","0.10085930437670565","2","0.07596923226931297"
"1","1624","1000","1","""HK""","0.01","false","""normal""","1","""constant""","0.1","""Scale-free""","3","0","1","""uniform""","""deterministic-normal""","35","0.9000000000000001","0","""normal""","0","1","false","""/home/ramaswamy.51/Documents/github/Spirals/Media/data/cluster/endsim/BehaviorSearch/Step6_Trial""","true","0.1","0.8","10","0.8","true","true","0.09463679813650738","2","0.07596923226931297"
"1","1626","1000","1","""HK""","0.02","false","""normal""","1","""constant""","0.1","""Scale-free""","3","0","1","""uniform""","""deterministic-normal""","45","0.9000000000000001","0","""normal""","0","1","false","""/home/ramaswamy.51/Documents/github/Spirals/Media/data/cluster/endsim/BehaviorSearch/Step6_Trial""","true","0.1","1","10","0.7000000000000002","true","true","0.08785675892086317","2","0.07596923226931297"
"1","1628","1000","1","""HK""","0.01","false","""normal""","1","""constant""","0.1","""Scale-free""","3","0","1","""uniform""","""deterministic-normal""","40","0.9000000000000001","0","""normal""","0","1","false","""/home/ramaswamy.51/Documents/github/Spirals/Media/data/cluster/endsim/BehaviorSearch/Step6_Trial""","true","0.2","1","9","0.7000000000000002","true","true","0.11126173675460166","2","0.07596923226931297"
"1","1630","1000","1","""HK""","0.03","false","""normal""","1","""constant""","0.1","""Scale-free""","3","0","1","""uniform""","""deterministic-normal""","50","0.9000000000000001","0","""normal""","0","1","false","""/home/ramaswamy.51/Documents/github/Spirals/Media/data/cluster/endsim/BehaviorSearch/Step6_Trial""","true","0.2","1","10","0.9000000000000001","true","true","0.09927785735843192","2","0.07596923226931297"
"1","1632","1000","1","""HK""","0.03","false","""normal""","1","""constant""","0.1","""Scale-free""","3","0","1","""uniform""","""deterministic-normal""","40","0.9000000000000001","0.2","""normal""","0","1","false","""/home/ramaswamy.51/Documents/github/Spirals/Media/data/cluster/endsim/BehaviorSearch/Step6_Trial""","true","0.2","1","8","0.8","true","true","0.08945113045754564","2","0.07596923226931297"
"1","1634","1000","1","""HK""","0.03","false","""normal""","1","""constant""","0.1","""Scale-free""","2","0","1","""uniform""","""deterministic-normal""","50","0.9000000000000001","0","""normal""","0","1","false","""/home/ramaswamy.51/Documents/github/Spirals/Media/data/cluster/endsim/BehaviorSearch/Step6_Trial""","true","0.30000000000000004","1","10","0.7000000000000002","true","true","0.09794740860641091","2","0.07596923226931297"
"1","1636","1000","1","""HK""","0.05","false","""normal""","1","""constant""","0.1","""Scale-free""","2","0","1","""uniform""","""deterministic-normal""","45","0.8","0","""normal""","-0.09999999999999998","1","false","""/home/ramaswamy.51/Documents/github/Spirals/Media/data/cluster/endsim/BehaviorSearch/Step6_Trial""","true","0.30000000000000004","0.9","9","0.20000000000000018","true","true","0.08719657127185043","2","0.07596923226931297"
"1","1638","1000","1","""HK""","0.03","false","""normal""","1","""constant""","0.1","""Scale-free""","2","0","1","""uniform""","""deterministic-normal""","45","0.8","0","""normal""","-0.09999999999999998","1","false","""/home/ramaswamy.51/Documents/github/Spirals/Media/data/cluster/endsim/BehaviorSearch/Step6_Trial""","true","0.2","0.9","9","0.30000000000000004","true","true","0.10005925316867115","2","0.07596923226931297"
"1","1640","1000","1","""HK""","0.03","false","""normal""","1","""constant""","0.1","""Scale-free""","3","0","1","""uniform""","""deterministic-normal""","45","0.6000000000000001","0","""normal""","0.10000000000000009","1","false","""/home/ramaswamy.51/Documents/github/Spirals/Media/data/cluster/endsim/BehaviorSearch/Step6_Trial""","true","0.2","0.9","10","0.7000000000000002","true","true","0.10041118706752811","2","0.07596923226931297"
"1","1642","1000","1","""HK""","0.05","false","""normal""","1","""constant""","0.1","""Scale-free""","3","0","1","""uniform""","""deterministic-normal""","50","0.9000000000000001","0","""normal""","0","1","false","""/home/ramaswamy.51/Documents/github/Spirals/Media/data/cluster/endsim/BehaviorSearch/Step6_Trial""","true","0.2","1","9","0.7000000000000002","true","true","0.09293223779863627","2","0.07596923226931297"
"1","1644","1000","1","""HK""","0.04","false","""normal""","1","""constant""","0.1","""Scale-free""","2","0","1","""uniform""","""deterministic-normal""","45","0.8","0","""normal""","0","1","false","""/home/ramaswamy.51/Documents/github/Spirals/Media/data/cluster/endsim/BehaviorSearch/Step6_Trial""","true","0.2","1","10","0.6000000000000001","true","true","0.09621845045639714","2","0.07596923226931297"
"1","1646","1000","1","""HK""","0.03","false","""normal""","1","""constant""","0","""Scale-free""","3","0","1","""uniform""","""deterministic-normal""","45","1","0","""normal""","-0.09999999999999998","1","false","""/home/ramaswamy.51/Documents/github/Spirals/Media/data/cluster/endsim/BehaviorSearch/Step6_Trial""","true","0.2","0.9","9","0.6000000000000001","true","true","0.15901983607799913","2","0.07596923226931297"
"1","1648","1000","1","""HK""","0.05","false","""normal""","1","""constant""","0.1","""Scale-free""","3","0","1","""uniform""","""deterministic-normal""","50","0.9000000000000001","0","""normal""","-0.3999999999999999","1","false","""/home/ramaswamy.51/Documents/github/Spirals/Media/data/cluster/endsim/BehaviorSearch/Step6_Trial""","true","0.2","1","10","0.7000000000000002","true","true","0.11461425294944703","2","0.07596923226931297"
"1","1650","1000","1","""HK""","0.060000000000000005","false","""normal""","1","""constant""","0.2","""Scale-free""","2","0","1","""uniform""","""deterministic-normal""","45","1","0","""normal""","-0.09999999999999998","1","false","""/home/ramaswamy.51/Documents/github/Spirals/Media/data/cluster/endsim/BehaviorSearch/Step6_Trial""","true","0.2","0.9","9","0.40000000000000013","true","true","0.17922028191308997","2","0.07596923226931297"
"1","1652","1000","1","""HK""","0.03","false","""normal""","1","""constant""","0.1","""Scale-free""","3","0","1","""uniform""","""deterministic-normal""","40","1","0","""normal""","-0.09999999999999998","1","false","""/home/ramaswamy.51/Documents/github/Spirals/Media/data/cluster/endsim/BehaviorSearch/Step6_Trial""","true","0.2","0.9","10","0.20000000000000018","true","true","0.0973401669224968","2","0.07596923226931297"
"1","1654","1000","1","""HK""","0.02","false","""normal""","1","""constant""","0.1","""Scale-free""","3","0","1","""uniform""","""deterministic-normal""","50","0.9000000000000001","0.1","""normal""","0","1","false","""/home/ramaswamy.51/Documents/github/Spirals/Media/data/cluster/endsim/BehaviorSearch/Step6_Trial""","true","0.2","1","10","0.7000000000000002","true","true","0.08463294212454703","2","0.07596923226931297"
"1","1656","1000","1","""HK""","0.05","false","""normal""","1","""constant""","0.1","""Scale-free""","3","0","1","""uniform""","""deterministic-normal""","50","0.9000000000000001","0","""normal""","0","1","false","""/home/ramaswamy.51/Documents/github/Spirals/Media/data/cluster/endsim/BehaviorSearch/Step6_Trial""","true","0.30000000000000004","1","10","0.7000000000000002","true","true","0.11068693501436075","2","0.07596923226931297"
"1","1658","1000","1","""HK""","0.08","false","""normal""","1","""constant""","0.1","""Scale-free""","3","0","1","""uniform""","""deterministic-normal""","50","0.9000000000000001","0","""normal""","0","1","false","""/home/ramaswamy.51/Documents/github/Spirals/Media/data/cluster/endsim/BehaviorSearch/Step6_Trial""","true","0.30000000000000004","0.9","10","0.7000000000000002","true","true","0.10392282113965214","2","0.07596923226931297"
"1","1660","1000","1","""HK""","0.03","false","""normal""","1","""constant""","0.1","""Scale-free""","3","0","1","""uniform""","""deterministic-normal""","50","1","0","""normal""","-0.19999999999999996","1","false","""/home/ramaswamy.51/Documents/github/Spirals/Media/data/cluster/endsim/BehaviorSearch/Step6_Trial""","true","0.2","0.9","10","0.40000000000000013","true","true","0.08762809271304671","2","0.07596923226931297"
"1","1662","1000","1","""HK""","0.09","false","""normal""","1","""constant""","0.1","""Scale-free""","2","0","1","""uniform""","""deterministic-normal""","45","0.9000000000000001","0","""normal""","-0.5","1","false","""/home/ramaswamy.51/Documents/github/Spirals/Media/data/cluster/endsim/BehaviorSearch/Step6_Trial""","true","0.2","0.9","9","0.40000000000000013","true","true","0.13559812773764174","2","0.07596923226931297"
"1","1664","1000","1","""HK""","0.03","false","""normal""","1","""constant""","0.1","""Scale-free""","3","0","1","""uniform""","""deterministic-normal""","50","0.9000000000000001","0","""normal""","0","1","false","""/home/ramaswamy.51/Documents/github/Spirals/Media/data/cluster/endsim/BehaviorSearch/Step6_Trial""","true","0.30000000000000004","1","10","0.7000000000000002","true","true","0.09442921477715066","2","0.07596923226931297"
"1","1666","1000","1","""HK""","0.05","false","""normal""","1","""constant""","0.1","""Scale-free""","3","0","1","""uniform""","""deterministic-normal""","35","0.9000000000000001","0.2","""normal""","-0.09999999999999998","0.9","false","""/home/ramaswamy.51/Documents/github/Spirals/Media/data/cluster/endsim/BehaviorSearch/Step6_Trial""","true","0.2","1","10","0.8","true","true","0.08475963815078524","2","0.07596923226931297"
"1","1668","1000","1","""HK""","0.05","false","""normal""","1","""constant""","0.1","""Scale-free""","3","0","1","""uniform""","""deterministic-normal""","40","0.9000000000000001","0.2","""normal""","-0.5","1","false","""/home/ramaswamy.51/Documents/github/Spirals/Media/data/cluster/endsim/BehaviorSearch/Step6_Trial""","true","0.30000000000000004","1","10","0.8","true","true","0.1061280956118359","2","0.07596923226931297"
"1","1670","1000","1","""HK""","0.03","false","""normal""","1","""constant""","0.1","""Scale-free""","3","0","1","""uniform""","""deterministic-normal""","50","0.8","0","""normal""","-0.19999999999999996","1","false","""/home/ramaswamy.51/Documents/github/Spirals/Media/data/cluster/endsim/BehaviorSearch/Step6_Trial""","true","0.2","0.9","9","0.5","true","true","0.08339749079443978","2","0.07596923226931297"
"1","1672","1000","1","""HK""","0.03","false","""normal""","1","""constant""","0.1","""Scale-free""","3","0","1","""uniform""","""deterministic-normal""","50","0.9000000000000001","0.1","""normal""","0","1","false","""/home/ramaswamy.51/Documents/github/Spirals/Media/data/cluster/endsim/BehaviorSearch/Step6_Trial""","true","0.2","0.8","10","0.7000000000000002","true","true","0.09762669894963302","2","0.07596923226931297"
"1","1674","1000","1","""HK""","0.060000000000000005","false","""normal""","1","""constant""","0.1","""Scale-free""","3","0","1","""uniform""","""deterministic-normal""","50","0.9000000000000001","0","""normal""","0.30000000000000004","1","false","""/home/ramaswamy.51/Documents/github/Spirals/Media/data/cluster/endsim/BehaviorSearch/Step6_Trial""","true","0.2","1","10","0.7000000000000002","true","true","0.10401957050619534","2","0.07596923226931297"
"1","1676","1000","1","""HK""","0.060000000000000005","false","""normal""","1","""constant""","0.2","""Scale-free""","3","0","1","""uniform""","""deterministic-normal""","50","0.8","0","""normal""","0.20000000000000018","1","false","""/home/ramaswamy.51/Documents/github/Spirals/Media/data/cluster/endsim/BehaviorSearch/Step6_Trial""","true","0.2","1","10","0.8","true","true","0.17504118676932948","2","0.07596923226931297"
"1","1678","1000","1","""HK""","0.03","false","""normal""","1","""constant""","0.1","""Scale-free""","3","0","1","""uniform""","""deterministic-normal""","45","0.7000000000000002","0","""normal""","-0.09999999999999998","1","false","""/home/ramaswamy.51/Documents/github/Spirals/Media/data/cluster/endsim/BehaviorSearch/Step6_Trial""","true","0.2","0.9","9","0.6000000000000001","true","true","0.10394028661981025","2","0.07596923226931297"
"1","1680","1000","1","""HK""","0.03","false","""normal""","1","""constant""","0.1","""Scale-free""","3","0","1","""uniform""","""deterministic-normal""","35","0.6000000000000001","0","""normal""","-0.09999999999999998","1","false","""/home/ramaswamy.51/Documents/github/Spirals/Media/data/cluster/endsim/BehaviorSearch/Step6_Trial""","true","0.2","1","9","0.40000000000000013","true","true","0.09619221518873464","2","0.07596923226931297"
"1","1682","1000","1","""HK""","0.03","false","""normal""","1","""constant""","0.1","""Scale-free""","3","0","1","""uniform""","""deterministic-normal""","50","0.8","0.1","""normal""","-0.09999999999999998","1","false","""/home/ramaswamy.51/Documents/github/Spirals/Media/data/cluster/endsim/BehaviorSearch/Step6_Trial""","true","0.2","1","9","0.40000000000000013","true","true","0.10131568511096134","2","0.07596923226931297"
"1","1684","1000","1","""HK""","0.03","false","""normal""","1","""constant""","0.1","""Scale-free""","1","0","1","""uniform""","""deterministic-normal""","40","0.8","0","""normal""","-0.09999999999999998","0.9","false","""/home/ramaswamy.51/Documents/github/Spirals/Media/data/cluster/endsim/BehaviorSearch/Step6_Trial""","true","0.2","0.9","9","0.40000000000000013","true","true","0.08321303013308401","2","0.07596923226931297"
"1","1686","1000","1","""HK""","0.03","false","""normal""","1","""constant""","0.1","""Scale-free""","3","0","1","""uniform""","""deterministic-normal""","50","0.9000000000000001","0","""normal""","0","1","false","""/home/ramaswamy.51/Documents/github/Spirals/Media/data/cluster/endsim/BehaviorSearch/Step6_Trial""","true","0.2","1","10","0.40000000000000013","true","true","0.08902899820498614","2","0.07596923226931297"
"1","1688","1000","1","""HK""","0.09999999999999999","false","""normal""","1","""constant""","0.1","""Scale-free""","3","0","1","""uniform""","""deterministic-normal""","50","0.9000000000000001","0","""normal""","0","1","false","""/home/ramaswamy.51/Documents/github/Spirals/Media/data/cluster/endsim/BehaviorSearch/Step6_Trial""","true","0.2","1","10","0.8","true","true","0.11600738572288555","2","0.07596923226931297"
"1","1690","1000","1","""HK""","0.03","false","""normal""","1","""constant""","0.1","""Scale-free""","3","0","1","""uniform""","""deterministic-normal""","40","0.9000000000000001","0","""normal""","0.30000000000000004","1","false","""/home/ramaswamy.51/Documents/github/Spirals/Media/data/cluster/endsim/BehaviorSearch/Step6_Trial""","true","0.30000000000000004","1","10","0.7000000000000002","true","true","0.1262973633892902","2","0.07596923226931297"
"1","1692","1000","1","""HK""","0.06999999999999999","false","""normal""","1","""constant""","0.1","""Scale-free""","3","0","1","""uniform""","""deterministic-normal""","40","0.9000000000000001","0.2","""normal""","-0.3999999999999999","1","false","""/home/ramaswamy.51/Documents/github/Spirals/Media/data/cluster/endsim/BehaviorSearch/Step6_Trial""","true","0.2","1","10","0.8","true","true","0.10566943470385826","2","0.07596923226931297"
"1","1694","1000","1","""HK""","0.09999999999999999","false","""normal""","1","""constant""","0.1","""Scale-free""","3","0","1","""uniform""","""deterministic-normal""","50","0.9000000000000001","0","""normal""","0","1","false","""/home/ramaswamy.51/Documents/github/Spirals/Media/data/cluster/endsim/BehaviorSearch/Step6_Trial""","true","0.2","1","10","0.7000000000000002","true","true","0.13063382350051933","2","0.07596923226931297"
"1","1696","1000","1","""HK""","0.03","false","""normal""","1","""constant""","0.1","""Scale-free""","3","0","1","""uniform""","""deterministic-normal""","40","0.6000000000000001","0.2","""normal""","-0.09999999999999998","1","false","""/home/ramaswamy.51/Documents/github/Spirals/Media/data/cluster/endsim/BehaviorSearch/Step6_Trial""","true","0.2","1","10","0.8","true","true","0.08889566565294157","2","0.07596923226931297"
"1","1698","1000","1","""HK""","0.060000000000000005","false","""normal""","1","""constant""","0.1","""Scale-free""","2","0","1","""uniform""","""deterministic-normal""","50","0.6000000000000001","0","""normal""","-0.09999999999999998","1","false","""/home/ramaswamy.51/Documents/github/Spirals/Media/data/cluster/endsim/BehaviorSearch/Step6_Trial""","true","0.2","0.9","9","0.40000000000000013","true","true","0.08202872819054602","2","0.07596923226931297"
"1","1700","1000","1","""HK""","0.03","false","""normal""","1","""constant""","0.1","""Scale-free""","3","0","1","""uniform""","""deterministic-normal""","45","0.9000000000000001","0","""normal""","-0.29999999999999993","0.8","false","""/home/ramaswamy.51/Documents/github/Spirals/Media/data/cluster/endsim/BehaviorSearch/Step6_Trial""","true","0.1","1","9","0.7000000000000002","true","true","0.12698947349508352","2","0.07596923226931297"
"1","1702","1000","1","""HK""","0.03","false","""normal""","1","""constant""","0.1","""Scale-free""","3","0","1","""uniform""","""deterministic-normal""","40","1","0.2","""normal""","-0.19999999999999996","1","false","""/home/ramaswamy.51/Documents/github/Spirals/Media/data/cluster/endsim/BehaviorSearch/Step6_Trial""","true","0.2","1","10","0.8","true","true","0.08726012811528247","2","0.07596923226931297"
"1","1704","1000","1","""HK""","0.05","false","""normal""","1","""constant""","0.2","""Scale-free""","3","0","1","""uniform""","""deterministic-normal""","45","0.9000000000000001","0","""normal""","-0.09999999999999998","1","false","""/home/ramaswamy.51/Documents/github/Spirals/Media/data/cluster/endsim/BehaviorSearch/Step6_Trial""","true","0.2","1","8","0.7000000000000002","true","true","0.17124252789032934","2","0.07596923226931297"
"1","1706","1000","1","""HK""","0.05","false","""normal""","1","""constant""","0.1","""Scale-free""","3","0","1","""uniform""","""deterministic-normal""","50","0.9000000000000001","0","""normal""","0","1","false","""/home/ramaswamy.51/Documents/github/Spirals/Media/data/cluster/endsim/BehaviorSearch/Step6_Trial""","true","0.1","1","10","0.8","true","true","0.09341987890298356","2","0.07596923226931297"
"1","1708","1000","1","""HK""","0.06999999999999999","false","""normal""","1","""constant""","0.1","""Scale-free""","3","0","1","""uniform""","""deterministic-normal""","40","0.9000000000000001","0.2","""normal""","-0.09999999999999998","0.9","false","""/home/ramaswamy.51/Documents/github/Spirals/Media/data/cluster/endsim/BehaviorSearch/Step6_Trial""","true","0.2","1","9","1","true","true","0.12190086617244246","2","0.07596923226931297"
"1","1710","1000","1","""HK""","0.060000000000000005","false","""normal""","1","""constant""","0.1","""Scale-free""","3","0","1","""uniform""","""deterministic-normal""","50","0.9000000000000001","0","""normal""","0.40000000000000013","1","false","""/home/ramaswamy.51/Documents/github/Spirals/Media/data/cluster/endsim/BehaviorSearch/Step6_Trial""","true","0.2","1","10","0.40000000000000013","true","true","0.1297005409069683","2","0.07596923226931297"
"1","1712","1000","1","""HK""","0.060000000000000005","false","""normal""","1","""constant""","0.1","""Scale-free""","2","0","1","""uniform""","""deterministic-normal""","30","0.9000000000000001","0.2","""normal""","-0.09999999999999998","1","false","""/home/ramaswamy.51/Documents/github/Spirals/Media/data/cluster/endsim/BehaviorSearch/Step6_Trial""","true","0.2","1","10","0.8","true","true","0.1027734861974052","2","0.07596923226931297"
"1","1714","1000","1","""HK""","0.03","false","""normal""","1","""constant""","0.1","""Scale-free""","3","0","1","""uniform""","""deterministic-normal""","50","0.7000000000000002","0","""normal""","0.10000000000000009","0.9","false","""/home/ramaswamy.51/Documents/github/Spirals/Media/data/cluster/endsim/BehaviorSearch/Step6_Trial""","true","0.1","1","10","0.6000000000000001","true","true","0.11206322094054835","2","0.07596923226931297"
"1","1716","1000","1","""HK""","0.01","false","""normal""","1","""constant""","0.1","""Scale-free""","2","0","1","""uniform""","""deterministic-normal""","50","1","0","""normal""","0","1","false","""/home/ramaswamy.51/Documents/github/Spirals/Media/data/cluster/endsim/BehaviorSearch/Step6_Trial""","true","0.2","1","10","0.7000000000000002","true","true","0.10151718378033806","2","0.07596923226931297"
"1","1718","1000","1","""HK""","0.05","false","""normal""","1","""constant""","0.1","""Scale-free""","3","0","1","""uniform""","""deterministic-normal""","45","0.9000000000000001","0","""normal""","0","1","false","""/home/ramaswamy.51/Documents/github/Spirals/Media/data/cluster/endsim/BehaviorSearch/Step6_Trial""","true","0.2","1","10","0.7000000000000002","true","true","0.09011097282473476","2","0.07596923226931297"
"1","1720","1000","1","""HK""","0.01","false","""normal""","1","""constant""","0.1","""Scale-free""","3","0","1","""uniform""","""deterministic-normal""","50","0.9000000000000001","0.1","""normal""","0","1","false","""/home/ramaswamy.51/Documents/github/Spirals/Media/data/cluster/endsim/BehaviorSearch/Step6_Trial""","true","0.30000000000000004","1","10","0.7000000000000002","true","true","0.10620616504957278","2","0.07596923226931297"
"1","1722","1000","1","""HK""","0.05","false","""normal""","1","""constant""","0.1","""Scale-free""","3","0","1","""uniform""","""deterministic-normal""","50","0.9000000000000001","0","""normal""","0","0.9","false","""/home/ramaswamy.51/Documents/github/Spirals/Media/data/cluster/endsim/BehaviorSearch/Step6_Trial""","true","0.2","0.9","10","0.30000000000000004","true","true","0.09546104926177162","2","0.07596923226931297"
"1","1724","1000","1","""HK""","0.03","false","""normal""","1","""constant""","0.2","""Scale-free""","2","0","1","""uniform""","""deterministic-normal""","50","1","0","""normal""","0","1","false","""/home/ramaswamy.51/Documents/github/Spirals/Media/data/cluster/endsim/BehaviorSearch/Step6_Trial""","true","0.2","1","10","0.7000000000000002","true","true","0.15133513768622975","2","0.07596923226931297"
"1","1726","1000","1","""HK""","0.060000000000000005","false","""normal""","1","""constant""","0.1","""Scale-free""","3","0","1","""uniform""","""deterministic-normal""","45","1","0","""normal""","-0.09999999999999998","1","false","""/home/ramaswamy.51/Documents/github/Spirals/Media/data/cluster/endsim/BehaviorSearch/Step6_Trial""","true","0.2","1","10","0.8","true","true","0.08411856134459186","2","0.07596923226931297"
"1","1728","1000","1","""HK""","0.060000000000000005","false","""normal""","1","""constant""","0.2","""Scale-free""","2","0","1","""uniform""","""deterministic-normal""","45","0.8","0","""normal""","0","1","false","""/home/ramaswamy.51/Documents/github/Spirals/Media/data/cluster/endsim/BehaviorSearch/Step6_Trial""","true","0.2","0.9","9","0.40000000000000013","true","true","0.1790350957876402","2","0.07596923226931297"
"1","1730","1000","1","""HK""","0.03","false","""normal""","1","""constant""","0.2","""Scale-free""","3","0","1","""uniform""","""deterministic-normal""","50","0.9000000000000001","0","""normal""","0","1","false","""/home/ramaswamy.51/Documents/github/Spirals/Media/data/cluster/endsim/BehaviorSearch/Step6_Trial""","true","0.2","1","10","0.6000000000000001","true","true","0.14884501245282478","2","0.07596923226931297"
"1","1732","1000","1","""HK""","0.05","false","""normal""","1","""constant""","0.1","""Scale-free""","3","0","1","""uniform""","""deterministic-normal""","50","0.9000000000000001","0","""normal""","0.10000000000000009","1","false","""/home/ramaswamy.51/Documents/github/Spirals/Media/data/cluster/endsim/BehaviorSearch/Step6_Trial""","true","0.2","1","10","0.7000000000000002","true","true","0.09869668481082094","2","0.07596923226931297"
"1","1734","1000","1","""HK""","0.08","false","""normal""","1","""constant""","0.1","""Scale-free""","3","0","1","""uniform""","""deterministic-normal""","45","0.9000000000000001","0","""normal""","0","1","false","""/home/ramaswamy.51/Documents/github/Spirals/Media/data/cluster/endsim/BehaviorSearch/Step6_Trial""","true","0.30000000000000004","1","10","0.7000000000000002","true","true","0.09930018778349653","2","0.07596923226931297"
"1","1736","1000","1","""HK""","0.06999999999999999","false","""normal""","1","""constant""","0.1","""Scale-free""","3","0","1","""uniform""","""deterministic-normal""","50","0.9000000000000001","0","""normal""","0","1","false","""/home/ramaswamy.51/Documents/github/Spirals/Media/data/cluster/endsim/BehaviorSearch/Step6_Trial""","true","0.2","1","10","0.6000000000000001","true","true","0.10550061244581685","2","0.07596923226931297"
"1","1738","1000","1","""HK""","0.03","false","""normal""","1","""constant""","0.2","""Scale-free""","3","0","1","""uniform""","""deterministic-normal""","50","0.9000000000000001","0.1","""normal""","0","1","false","""/home/ramaswamy.51/Documents/github/Spirals/Media/data/cluster/endsim/BehaviorSearch/Step6_Trial""","true","0.30000000000000004","0.9","10","1","true","true","0.15812105993184433","2","0.07596923226931297"
"1","1740","1000","1","""HK""","0.03","false","""normal""","1","""constant""","0","""Scale-free""","3","0","1","""uniform""","""deterministic-normal""","50","1","0","""normal""","0","1","false","""/home/ramaswamy.51/Documents/github/Spirals/Media/data/cluster/endsim/BehaviorSearch/Step6_Trial""","true","0.2","1","10","0.7000000000000002","true","true","0.17320452611305173","2","0.07596923226931297"
"1","1742","1000","1","""HK""","0.04","false","""normal""","1","""constant""","0.2","""Scale-free""","3","0","1","""uniform""","""deterministic-normal""","50","0.9000000000000001","0","""normal""","0","0.9","false","""/home/ramaswamy.51/Documents/github/Spirals/Media/data/cluster/endsim/BehaviorSearch/Step6_Trial""","true","0.2","1","10","0.7000000000000002","true","true","0.17443362645058452","2","0.07596923226931297"
"1","1744","1000","1","""HK""","0.05","false","""normal""","1","""constant""","0.1","""Scale-free""","2","0","1","""uniform""","""deterministic-normal""","40","0.8","0","""normal""","-0.09999999999999998","1","false","""/home/ramaswamy.51/Documents/github/Spirals/Media/data/cluster/endsim/BehaviorSearch/Step6_Trial""","true","0.2","1","9","0.40000000000000013","true","true","0.08739948313686298","2","0.07596923226931297"
"1","1746","1000","1","""HK""","0.01","false","""normal""","1","""constant""","0.1","""Scale-free""","3","0","1","""uniform""","""deterministic-normal""","40","0.9000000000000001","0.30000000000000004","""normal""","-0.09999999999999998","1","false","""/home/ramaswamy.51/Documents/github/Spirals/Media/data/cluster/endsim/BehaviorSearch/Step6_Trial""","true","0.2","1","10","0.8","true","true","0.09176941552904017","2","0.07596923226931297"
"1","1748","1000","1","""HK""","0.03","false","""normal""","1","""constant""","0.1","""Scale-free""","3","0","1","""uniform""","""deterministic-normal""","50","0.9000000000000001","0","""normal""","0","1","false","""/home/ramaswamy.51/Documents/github/Spirals/Media/data/cluster/endsim/BehaviorSearch/Step6_Trial""","true","0.2","0.9","9","0.7000000000000002","true","true","0.09822974741532947","2","0.07596923226931297"
"1","1750","1000","1","""HK""","0.03","false","""normal""","1","""constant""","0.1","""Scale-free""","3","0","1","""uniform""","""deterministic-normal""","50","0.7000000000000002","0","""normal""","0.10000000000000009","1","false","""/home/ramaswamy.51/Documents/github/Spirals/Media/data/cluster/endsim/BehaviorSearch/Step6_Trial""","true","0.2","1","10","0.40000000000000013","true","true","0.10995088344323738","2","0.07596923226931297"
"1","1752","1000","1","""HK""","0.03","false","""normal""","1","""constant""","0.1","""Scale-free""","3","0","1","""uniform""","""deterministic-normal""","50","0.9000000000000001","0","""normal""","0.10000000000000009","1","false","""/home/ramaswamy.51/Documents/github/Spirals/Media/data/cluster/endsim/BehaviorSearch/Step6_Trial""","true","0.2","1","9","0.7000000000000002","true","true","0.10211272535575387","2","0.07596923226931297"
"1","1754","1000","1","""HK""","0.03","false","""normal""","1","""constant""","0.1","""Scale-free""","3","0","1","""uniform""","""deterministic-normal""","40","0.9000000000000001","0.2","""normal""","-0.09999999999999998","1","false","""/home/ramaswamy.51/Documents/github/Spirals/Media/data/cluster/endsim/BehaviorSearch/Step6_Trial""","true","0.1","1","10","0.8","true","true","0.09641426320069252","2","0.07596923226931297"
"1","1756","1000","1","""HK""","0.03","false","""normal""","1","""constant""","0.1","""Scale-free""","3","0","1","""uniform""","""deterministic-normal""","45","0.9000000000000001","0","""normal""","0","1","false","""/home/ramaswamy.51/Documents/github/Spirals/Media/data/cluster/endsim/BehaviorSearch/Step6_Trial""","true","0.2","0.9","10","0.30000000000000004","true","true","0.09579221829888815","2","0.07596923226931297"
"1","1758","1000","1","""HK""","0.03","false","""normal""","1","""constant""","0","""Scale-free""","3","0","1","""uniform""","""deterministic-normal""","40","0.9000000000000001","0","""normal""","0","1","false","""/home/ramaswamy.51/Documents/github/Spirals/Media/data/cluster/endsim/BehaviorSearch/Step6_Trial""","true","0.2","1","10","0.7000000000000002","true","true","0.15144038955473327","2","0.07596923226931297"
"1","1760","1000","1","""HK""","0.03","false","""normal""","1","""constant""","0.1","""Scale-free""","3","0","1","""uniform""","""deterministic-normal""","50","1","0","""normal""","0","1","false","""/home/ramaswamy.51/Documents/github/Spirals/Media/data/cluster/endsim/BehaviorSearch/Step6_Trial""","true","0.2","1","10","0.6000000000000001","true","true","0.095220942557289","2","0.07596923226931297"
"1","1762","1000","1","""HK""","0.05","false","""normal""","1","""constant""","0.1","""Scale-free""","3","0","1","""uniform""","""deterministic-normal""","50","0.9000000000000001","0","""normal""","0","0.9","false","""/home/ramaswamy.51/Documents/github/Spirals/Media/data/cluster/endsim/BehaviorSearch/Step6_Trial""","true","0.1","1","10","0.7000000000000002","true","true","0.10407487824701836","2","0.07596923226931297"
"1","1764","1000","1","""HK""","0.01","false","""normal""","1","""constant""","0.1","""Scale-free""","3","0","1","""uniform""","""deterministic-normal""","50","0.9000000000000001","0","""normal""","0.30000000000000004","1","false","""/home/ramaswamy.51/Documents/github/Spirals/Media/data/cluster/endsim/BehaviorSearch/Step6_Trial""","true","0.2","1","10","0.7000000000000002","true","true","0.11637826940439405","2","0.07596923226931297"
"1","1766","1000","1","""HK""","0.060000000000000005","false","""normal""","1","""constant""","0.1","""Scale-free""","3","0","1","""uniform""","""deterministic-normal""","50","0.9000000000000001","0","""normal""","0","1","false","""/home/ramaswamy.51/Documents/github/Spirals/Media/data/cluster/endsim/BehaviorSearch/Step6_Trial""","true","0.30000000000000004","1","10","0.7000000000000002","true","true","0.10380721467100734","2","0.07596923226931297"
"1","1768","1000","1","""HK""","0.03","false","""normal""","1","""constant""","0.1","""Scale-free""","3","0","1","""uniform""","""deterministic-normal""","50","0.7000000000000002","0","""normal""","0.10000000000000009","1","false","""/home/ramaswamy.51/Documents/github/Spirals/Media/data/cluster/endsim/BehaviorSearch/Step6_Trial""","true","0.2","1","10","1","true","true","0.09798883085034805","2","0.07596923226931297"
"1","1770","1000","1","""HK""","0.060000000000000005","false","""normal""","1","""constant""","0.1","""Scale-free""","2","0","1","""uniform""","""deterministic-normal""","40","0.9000000000000001","0.2","""normal""","-0.09999999999999998","1","false","""/home/ramaswamy.51/Documents/github/Spirals/Media/data/cluster/endsim/BehaviorSearch/Step6_Trial""","true","0.2","1","9","0.9000000000000001","true","true","0.09572304988088826","2","0.07596923226931297"
"1","1772","1000","1","""HK""","0.03","false","""normal""","1","""constant""","0.2","""Scale-free""","3","0","1","""uniform""","""deterministic-normal""","50","0.9000000000000001","0","""normal""","0","0.9","false","""/home/ramaswamy.51/Documents/github/Spirals/Media/data/cluster/endsim/BehaviorSearch/Step6_Trial""","true","0.1","1","10","0.7000000000000002","true","true","0.1637089318823593","2","0.07596923226931297"
"1","1774","1000","1","""HK""","0.01","false","""normal""","1","""constant""","0.1","""Scale-free""","3","0","1","""uniform""","""deterministic-normal""","40","0.7000000000000002","0","""normal""","0","1","false","""/home/ramaswamy.51/Documents/github/Spirals/Media/data/cluster/endsim/BehaviorSearch/Step6_Trial""","true","0.2","1","10","0.7000000000000002","true","true","0.11273594308005536","2","0.07596923226931297"
"1","1776","1000","1","""HK""","0.04","false","""normal""","1","""constant""","0.1","""Scale-free""","3","0","1","""uniform""","""deterministic-normal""","45","0.9000000000000001","0","""normal""","-0.09999999999999998","1","false","""/home/ramaswamy.51/Documents/github/Spirals/Media/data/cluster/endsim/BehaviorSearch/Step6_Trial""","true","0.5","1","10","0.7000000000000002","true","true","0.11077395762381592","2","0.07596923226931297"
"1","1778","1000","1","""HK""","0.03","false","""normal""","1","""constant""","0.1","""Scale-free""","3","0","1","""uniform""","""deterministic-normal""","45","0.9000000000000001","0","""normal""","-0.19999999999999996","1","false","""/home/ramaswamy.51/Documents/github/Spirals/Media/data/cluster/endsim/BehaviorSearch/Step6_Trial""","true","0","1","10","0.40000000000000013","true","true","0.10467077328679943","2","0.07596923226931297"
"1","1780","1000","1","""HK""","0.03","false","""normal""","1","""constant""","0.1","""Scale-free""","3","0","1","""uniform""","""deterministic-normal""","45","0.7000000000000002","0","""normal""","-0.09999999999999998","0.9","false","""/home/ramaswamy.51/Documents/github/Spirals/Media/data/cluster/endsim/BehaviorSearch/Step6_Trial""","true","0.2","0.9","9","0.40000000000000013","true","true","0.09448918264600108","2","0.07596923226931297"
"1","1782","1000","1","""HK""","0.02","false","""normal""","1","""constant""","0","""Scale-free""","3","0","1","""uniform""","""deterministic-normal""","40","0.7000000000000002","0","""normal""","0","1","false","""/home/ramaswamy.51/Documents/github/Spirals/Media/data/cluster/endsim/BehaviorSearch/Step6_Trial""","true","0.2","1","10","0.7000000000000002","true","true","0.15900908195652352","2","0.07596923226931297"
"1","1784","1000","1","""HK""","0.05","false","""normal""","1","""constant""","0.1","""Scale-free""","2","0","1","""uniform""","""deterministic-normal""","50","0.9000000000000001","0","""normal""","-0.09999999999999998","1","false","""/home/ramaswamy.51/Documents/github/Spirals/Media/data/cluster/endsim/BehaviorSearch/Step6_Trial""","true","0.2","1","10","0.5","true","true","0.09161076563267015","2","0.07596923226931297"
"1","1786","1000","1","""HK""","0.05","false","""normal""","1","""constant""","0.1","""Scale-free""","3","0","1","""uniform""","""deterministic-normal""","50","0.9000000000000001","0","""normal""","0","1","false","""/home/ramaswamy.51/Documents/github/Spirals/Media/data/cluster/endsim/BehaviorSearch/Step6_Trial""","true","0.2","0.9","10","0.7000000000000002","true","true","0.07849533569097783","2","0.07596923226931297"
"1","1788","1000","1","""HK""","0.03","false","""normal""","1","""constant""","0","""Scale-free""","3","0","1","""uniform""","""deterministic-normal""","45","0.8","0","""normal""","-0.09999999999999998","1","false","""/home/ramaswamy.51/Documents/github/Spirals/Media/data/cluster/endsim/BehaviorSearch/Step6_Trial""","true","0.2","0.9","9","0.5","true","true","0.16166608940020777","2","0.07596923226931297"
"1","1790","1000","1","""HK""","0.03","false","""normal""","1","""constant""","0.1","""Scale-free""","3","0","1","""uniform""","""deterministic-normal""","50","0.9000000000000001","0","""normal""","0","1","false","""/home/ramaswamy.51/Documents/github/Spirals/Media/data/cluster/endsim/BehaviorSearch/Step6_Trial""","true","0.4","1","10","0.7000000000000002","true","true","0.10194991795064834","2","0.07596923226931297"
"1","1792","1000","1","""HK""","0.05","false","""normal""","1","""constant""","0.1","""Scale-free""","3","0","1","""uniform""","""deterministic-normal""","50","0.9000000000000001","0","""normal""","0","0.9","false","""/home/ramaswamy.51/Documents/github/Spirals/Media/data/cluster/endsim/BehaviorSearch/Step6_Trial""","true","0.2","1","10","0.7000000000000002","true","true","0.11421440892232067","2","0.07596923226931297"
"1","1794","1000","1","""HK""","0.03","false","""normal""","1","""constant""","0.1","""Scale-free""","3","0","1","""uniform""","""deterministic-normal""","50","1","0","""normal""","0","1","false","""/home/ramaswamy.51/Documents/github/Spirals/Media/data/cluster/endsim/BehaviorSearch/Step6_Trial""","true","0.2","1","10","0.5","true","true","0.09727064277802513","2","0.07596923226931297"
"1","1796","1000","1","""HK""","0.02","false","""normal""","1","""constant""","0.1","""Scale-free""","3","0","1","""uniform""","""deterministic-normal""","45","0.9000000000000001","0.1","""normal""","-0.29999999999999993","1","false","""/home/ramaswamy.51/Documents/github/Spirals/Media/data/cluster/endsim/BehaviorSearch/Step6_Trial""","true","0.2","1","10","0.8","true","true","0.10569666010869697","2","0.07596923226931297"
"1","1798","1000","1","""HK""","0.03","false","""normal""","1","""constant""","0","""Scale-free""","3","0","1","""uniform""","""deterministic-normal""","50","0.9000000000000001","0","""normal""","0.5","1","false","""/home/ramaswamy.51/Documents/github/Spirals/Media/data/cluster/endsim/BehaviorSearch/Step6_Trial""","true","0.2","1","10","0.7000000000000002","true","true","0.18015114644114538","2","0.07596923226931297"
"1","1800","1000","1","""HK""","0.060000000000000005","false","""normal""","1","""constant""","0.1","""Scale-free""","2","0","1","""uniform""","""deterministic-normal""","45","0.8","0","""normal""","0.30000000000000004","0.9","false","""/home/ramaswamy.51/Documents/github/Spirals/Media/data/cluster/endsim/BehaviorSearch/Step6_Trial""","true","0.2","0.9","9","0.40000000000000013","true","true","0.1150702192291655","2","0.07596923226931297"
"1","1802","1000","1","""HK""","0.03","false","""normal""","1","""constant""","0.1","""Scale-free""","3","0","1","""uniform""","""deterministic-normal""","50","0.9000000000000001","0","""normal""","-0.29999999999999993","0.9","false","""/home/ramaswamy.51/Documents/github/Spirals/Media/data/cluster/endsim/BehaviorSearch/Step6_Trial""","true","0.2","1","10","0.7000000000000002","true","true","0.10067649364050475","2","0.07596923226931297"
"1","1804","1000","1","""HK""","0.04","false","""normal""","1","""constant""","0.1","""Scale-free""","3","0","1","""uniform""","""deterministic-normal""","50","0.8","0","""normal""","0","1","false","""/home/ramaswamy.51/Documents/github/Spirals/Media/data/cluster/endsim/BehaviorSearch/Step6_Trial""","true","0.2","0.9","10","0.7000000000000002","true","true","0.09186673867475333","2","0.07596923226931297"
"1","1806","1000","1","""HK""","0.05","false","""normal""","1","""constant""","0.1","""Scale-free""","3","0","1","""uniform""","""deterministic-normal""","50","0.9000000000000001","0","""normal""","0","1","false","""/home/ramaswamy.51/Documents/github/Spirals/Media/data/cluster/endsim/BehaviorSearch/Step6_Trial""","true","0.1","1","10","0.7000000000000002","true","true","0.0999865656080189","2","0.07596923226931297"
"1","1808","1000","1","""HK""","0.05","false","""normal""","1","""constant""","0.1","""Scale-free""","3","0","1","""uniform""","""deterministic-normal""","50","0.7000000000000002","0","""normal""","-0.09999999999999998","1","false","""/home/ramaswamy.51/Documents/github/Spirals/Media/data/cluster/endsim/BehaviorSearch/Step6_Trial""","true","0.2","1","10","0.7000000000000002","true","true","0.09840855483503314","2","0.07596923226931297"
"1","1810","1000","1","""HK""","0.03","false","""normal""","1","""constant""","0.1","""Scale-free""","3","0","1","""uniform""","""deterministic-normal""","40","1","0","""normal""","-0.3999999999999999","1","false","""/home/ramaswamy.51/Documents/github/Spirals/Media/data/cluster/endsim/BehaviorSearch/Step6_Trial""","true","0.2","1","10","0.6000000000000001","true","true","0.10942996565707044","2","0.07596923226931297"
"1","1812","1000","1","""HK""","0.08","false","""normal""","1","""constant""","0.1","""Scale-free""","3","0","1","""uniform""","""deterministic-normal""","50","0.7000000000000002","0","""normal""","-0.09999999999999998","1","false","""/home/ramaswamy.51/Documents/github/Spirals/Media/data/cluster/endsim/BehaviorSearch/Step6_Trial""","true","0.2","1","10","0.7000000000000002","true","true","0.10284937319416818","2","0.07596923226931297"
"1","1814","1000","1","""HK""","0.03","false","""normal""","1","""constant""","0.1","""Scale-free""","3","0","1","""uniform""","""deterministic-normal""","45","0.9000000000000001","0","""normal""","0","1","false","""/home/ramaswamy.51/Documents/github/Spirals/Media/data/cluster/endsim/BehaviorSearch/Step6_Trial""","true","0.2","1","8","0.7000000000000002","true","true","0.08631219072039294","2","0.07596923226931297"
"1","1816","1000","1","""HK""","0.05","false","""normal""","1","""constant""","0.1","""Scale-free""","3","0","1","""uniform""","""deterministic-normal""","50","0.9000000000000001","0.2","""normal""","0","1","false","""/home/ramaswamy.51/Documents/github/Spirals/Media/data/cluster/endsim/BehaviorSearch/Step6_Trial""","true","0.2","1","10","0.7000000000000002","true","true","0.10302774390288459","2","0.07596923226931297"
"1","1818","1000","1","""HK""","0.01","false","""normal""","1","""constant""","0.1","""Scale-free""","3","0","1","""uniform""","""deterministic-normal""","40","1","0.2","""normal""","-0.09999999999999998","1","false","""/home/ramaswamy.51/Documents/github/Spirals/Media/data/cluster/endsim/BehaviorSearch/Step6_Trial""","true","0.1","1","10","0.6000000000000001","true","true","0.0888889314111696","2","0.07596923226931297"
"1","1820","1000","1","""HK""","0.05","false","""normal""","1","""constant""","0.1","""Scale-free""","3","0","1","""uniform""","""deterministic-normal""","50","0.9000000000000001","0.1","""normal""","0","1","false","""/home/ramaswamy.51/Documents/github/Spirals/Media/data/cluster/endsim/BehaviorSearch/Step6_Trial""","true","0.2","1","10","0.5","true","true","0.08786709745081883","2","0.07596923226931297"
"1","1822","1000","1","""HK""","0.03","false","""normal""","1","""constant""","0.1","""Scale-free""","3","0","1","""uniform""","""deterministic-normal""","45","0.9000000000000001","0","""normal""","-0.19999999999999996","1","false","""/home/ramaswamy.51/Documents/github/Spirals/Media/data/cluster/endsim/BehaviorSearch/Step6_Trial""","true","0.2","0.8","10","0.7000000000000002","true","true","0.10207669218892836","2","0.07596923226931297"
"1","1824","1000","1","""HK""","0.05","false","""normal""","1","""constant""","0","""Scale-free""","3","0","1","""uniform""","""deterministic-normal""","50","0.9000000000000001","0","""normal""","0","1","false","""/home/ramaswamy.51/Documents/github/Spirals/Media/data/cluster/endsim/BehaviorSearch/Step6_Trial""","true","0.2","1","10","0.7000000000000002","true","true","0.23032356838385268","2","0.07596923226931297"
"1","1826","1000","1","""HK""","0.05","false","""normal""","1","""constant""","0.1","""Scale-free""","3","0","1","""uniform""","""deterministic-normal""","50","0.9000000000000001","0.1","""normal""","0","1","false","""/home/ramaswamy.51/Documents/github/Spirals/Media/data/cluster/endsim/BehaviorSearch/Step6_Trial""","true","0.2","1","10","0.7000000000000002","true","true","0.09240775669046752","2","0.07596923226931297"
"1","1828","1000","1","""HK""","0.02","false","""normal""","1","""constant""","0.1","""Scale-free""","3","0","1","""uniform""","""deterministic-normal""","50","0.30000000000000004","0","""normal""","-0.09999999999999998","1","false","""/home/ramaswamy.51/Documents/github/Spirals/Media/data/cluster/endsim/BehaviorSearch/Step6_Trial""","true","0.2","1","10","0.7000000000000002","true","true","0.09124178719649992","2","0.07596923226931297"
"1","1830","1000","1","""HK""","0.05","false","""normal""","1","""constant""","0.1","""Scale-free""","3","0","1","""uniform""","""deterministic-normal""","45","1","0","""normal""","0","1","false","""/home/ramaswamy.51/Documents/github/Spirals/Media/data/cluster/endsim/BehaviorSearch/Step6_Trial""","true","0.2","1","10","0.5","true","true","0.09767494862671855","2","0.07596923226931297"
"1","1832","1000","1","""HK""","0.05","false","""normal""","1","""constant""","0.1","""Scale-free""","3","0","1","""uniform""","""deterministic-normal""","50","1","0","""normal""","-0.19999999999999996","0.9","false","""/home/ramaswamy.51/Documents/github/Spirals/Media/data/cluster/endsim/BehaviorSearch/Step6_Trial""","true","0.2","1","9","0.7000000000000002","true","true","0.10015820262245378","2","0.07596923226931297"
"1","1834","1000","1","""HK""","0.05","false","""normal""","1","""constant""","0.1","""Scale-free""","3","0","1","""uniform""","""deterministic-normal""","50","0.8","0","""normal""","0","1","false","""/home/ramaswamy.51/Documents/github/Spirals/Media/data/cluster/endsim/BehaviorSearch/Step6_Trial""","true","0.2","1","10","0.7000000000000002","true","true","0.09317498280207773","2","0.07596923226931297"
"1","1836","1000","1","""HK""","0.05","false","""normal""","1","""constant""","0","""Scale-free""","3","0","1","""uniform""","""deterministic-normal""","50","0.5","0.1","""normal""","-0.09999999999999998","1","false","""/home/ramaswamy.51/Documents/github/Spirals/Media/data/cluster/endsim/BehaviorSearch/Step6_Trial""","true","0.2","0.9","8","0.40000000000000013","true","true","0.23572202471932246","2","0.07596923226931297"
"1","1838","1000","1","""HK""","0.03","false","""normal""","1","""constant""","0.1","""Scale-free""","3","0","1","""uniform""","""deterministic-normal""","50","0.9000000000000001","0","""normal""","0.30000000000000004","1","false","""/home/ramaswamy.51/Documents/github/Spirals/Media/data/cluster/endsim/BehaviorSearch/Step6_Trial""","true","0.2","1","10","0.6000000000000001","true","true","0.11735119220072285","2","0.07596923226931297"
"1","1840","1000","1","""HK""","0.05","false","""normal""","1","""constant""","0.1","""Scale-free""","3","0","1","""uniform""","""deterministic-normal""","50","0.9000000000000001","0","""normal""","0.40000000000000013","0.9","false","""/home/ramaswamy.51/Documents/github/Spirals/Media/data/cluster/endsim/BehaviorSearch/Step6_Trial""","true","0","1","10","0.7000000000000002","true","true","0.14286549830408565","2","0.07596923226931297"
"1","1842","1000","1","""HK""","0.05","false","""normal""","1","""constant""","0.1","""Scale-free""","3","0","1","""uniform""","""deterministic-normal""","50","1","0","""normal""","0","1","false","""/home/ramaswamy.51/Documents/github/Spirals/Media/data/cluster/endsim/BehaviorSearch/Step6_Trial""","true","0.1","1","10","0.7000000000000002","true","true","0.09274864352219045","2","0.07596923226931297"
"1","1844","1000","1","""HK""","0.05","false","""normal""","1","""constant""","0.1","""Scale-free""","3","0","1","""uniform""","""deterministic-normal""","50","0.9000000000000001","0.2","""normal""","-0.09999999999999998","1","false","""/home/ramaswamy.51/Documents/github/Spirals/Media/data/cluster/endsim/BehaviorSearch/Step6_Trial""","true","0.2","1","10","0.7000000000000002","true","true","0.10116185105766237","2","0.07596923226931297"
"1","1846","1000","1","""HK""","0.03","false","""normal""","1","""constant""","0.1","""Scale-free""","3","0","1","""uniform""","""deterministic-normal""","45","0.9000000000000001","0","""normal""","0.20000000000000018","1","false","""/home/ramaswamy.51/Documents/github/Spirals/Media/data/cluster/endsim/BehaviorSearch/Step6_Trial""","true","0.2","0.9","10","0.7000000000000002","true","true","0.1157487984378148","2","0.07596923226931297"
"1","1848","1000","1","""HK""","0.03","false","""normal""","1","""constant""","0.1","""Scale-free""","3","0","1","""uniform""","""deterministic-normal""","50","0.9000000000000001","0.1","""normal""","0.10000000000000009","0.9","false","""/home/ramaswamy.51/Documents/github/Spirals/Media/data/cluster/endsim/BehaviorSearch/Step6_Trial""","true","0.30000000000000004","1","10","0.6000000000000001","true","true","0.10659339336158158","2","0.07596923226931297"
"1","1850","1000","1","""HK""","0.05","false","""normal""","1","""constant""","0.1","""Scale-free""","3","0","1","""uniform""","""deterministic-normal""","50","1","0","""normal""","0","1","false","""/home/ramaswamy.51/Documents/github/Spirals/Media/data/cluster/endsim/BehaviorSearch/Step6_Trial""","true","0.2","1","10","0.7000000000000002","true","true","0.10439380302765572","2","0.07596923226931297"
"1","1852","1000","1","""HK""","0.05","false","""normal""","1","""constant""","0.1","""Scale-free""","3","0","1","""uniform""","""deterministic-normal""","45","0.9000000000000001","0","""normal""","0","1","false","""/home/ramaswamy.51/Documents/github/Spirals/Media/data/cluster/endsim/BehaviorSearch/Step6_Trial""","true","0.1","1","9","0.7000000000000002","true","true","0.11119125467780852","2","0.07596923226931297"
"1","1854","1000","1","""HK""","0.05","false","""normal""","1","""constant""","0.2","""Scale-free""","3","0","1","""uniform""","""deterministic-normal""","50","0.6000000000000001","0","""normal""","0","1","false","""/home/ramaswamy.51/Documents/github/Spirals/Media/data/cluster/endsim/BehaviorSearch/Step6_Trial""","true","0.2","1","10","0.7000000000000002","true","true","0.16131020646692243","2","0.07596923226931297"
"1","1856","1000","1","""HK""","0.01","false","""normal""","1","""constant""","0.1","""Scale-free""","3","0","1","""uniform""","""deterministic-normal""","50","1","0","""normal""","0","1","false","""/home/ramaswamy.51/Documents/github/Spirals/Media/data/cluster/endsim/BehaviorSearch/Step6_Trial""","true","0.2","1","10","0.40000000000000013","true","true","0.10444148329786485","2","0.07596923226931297"
"1","1858","1000","1","""HK""","0.05","false","""normal""","1","""constant""","0.1","""Scale-free""","4","0","1","""uniform""","""deterministic-normal""","50","0.9000000000000001","0.1","""normal""","0","1","false","""/home/ramaswamy.51/Documents/github/Spirals/Media/data/cluster/endsim/BehaviorSearch/Step6_Trial""","true","0.2","1","10","0.7000000000000002","true","true","0.10664453930806655","2","0.07596923226931297"
"1","1860","1000","1","""HK""","0.060000000000000005","false","""normal""","1","""constant""","0.1","""Scale-free""","2","0","1","""uniform""","""deterministic-normal""","45","0.5","0","""normal""","-0.09999999999999998","1","false","""/home/ramaswamy.51/Documents/github/Spirals/Media/data/cluster/endsim/BehaviorSearch/Step6_Trial""","true","0.2","1","10","0.7000000000000002","true","true","0.08978188092965561","2","0.07596923226931297"
"1","1862","1000","1","""HK""","0.05","false","""normal""","1","""constant""","0.1","""Scale-free""","3","0","1","""uniform""","""deterministic-normal""","50","0.9000000000000001","0","""normal""","-0.09999999999999998","1","false","""/home/ramaswamy.51/Documents/github/Spirals/Media/data/cluster/endsim/BehaviorSearch/Step6_Trial""","true","0.2","1","10","0.8","true","true","0.09870188722911832","2","0.07596923226931297"
"1","1864","1000","1","""HK""","0.01","false","""normal""","1","""constant""","0.1","""Scale-free""","3","0","1","""uniform""","""deterministic-normal""","50","0.9000000000000001","0","""normal""","0","0.9","false","""/home/ramaswamy.51/Documents/github/Spirals/Media/data/cluster/endsim/BehaviorSearch/Step6_Trial""","true","0.4","1","10","0.9000000000000001","true","true","0.10635258891281554","2","0.07596923226931297"
"1","1866","1000","1","""HK""","0.05","false","""normal""","1","""constant""","0.1","""Scale-free""","3","0","1","""uniform""","""deterministic-normal""","50","0.9000000000000001","0","""normal""","0","0.9","false","""/home/ramaswamy.51/Documents/github/Spirals/Media/data/cluster/endsim/BehaviorSearch/Step6_Trial""","true","0.30000000000000004","1","10","0.7000000000000002","true","true","0.08994234310680004","2","0.07596923226931297"
"1","1868","1000","1","""HK""","0.11","false","""normal""","1","""constant""","0.1","""Scale-free""","3","0","1","""uniform""","""deterministic-normal""","50","0.9000000000000001","0","""normal""","0","1","false","""/home/ramaswamy.51/Documents/github/Spirals/Media/data/cluster/endsim/BehaviorSearch/Step6_Trial""","true","0.2","1","10","0.7000000000000002","true","true","0.13736598221712112","2","0.07596923226931297"
"1","1870","1000","1","""HK""","0.03","false","""normal""","1","""constant""","0.1","""Scale-free""","3","0","1","""uniform""","""deterministic-normal""","50","0.5","0","""normal""","0","1","false","""/home/ramaswamy.51/Documents/github/Spirals/Media/data/cluster/endsim/BehaviorSearch/Step6_Trial""","true","0.1","1","10","0.7000000000000002","true","true","0.09448758522451223","2","0.07596923226931297"
"1","1872","1000","1","""HK""","0.03","false","""normal""","1","""constant""","0.1","""Scale-free""","2","0","1","""uniform""","""deterministic-normal""","45","0.8","0","""normal""","-0.29999999999999993","1","false","""/home/ramaswamy.51/Documents/github/Spirals/Media/data/cluster/endsim/BehaviorSearch/Step6_Trial""","true","0.2","1","10","0.20000000000000018","true","true","0.10629418816528763","2","0.07596923226931297"
"1","1874","1000","1","""HK""","0.03","false","""normal""","1","""constant""","0.1","""Scale-free""","3","0","1","""uniform""","""deterministic-normal""","50","0.9000000000000001","0","""normal""","0","1","false","""/home/ramaswamy.51/Documents/github/Spirals/Media/data/cluster/endsim/BehaviorSearch/Step6_Trial""","true","0.2","1","10","0.6000000000000001","true","true","0.09988013439515847","2","0.07596923226931297"
"1","1876","1000","1","""HK""","0.05","false","""normal""","1","""constant""","0.1","""Scale-free""","3","0","1","""uniform""","""deterministic-normal""","50","0.9000000000000001","0","""normal""","0.10000000000000009","1","false","""/home/ramaswamy.51/Documents/github/Spirals/Media/data/cluster/endsim/BehaviorSearch/Step6_Trial""","true","0.30000000000000004","1","10","0.7000000000000002","true","true","0.09718356780487777","2","0.07596923226931297"
"1","1878","1000","1","""HK""","0.060000000000000005","false","""normal""","1","""constant""","0.1","""Scale-free""","3","0","1","""uniform""","""deterministic-normal""","50","0.9000000000000001","0","""normal""","-0.09999999999999998","1","false","""/home/ramaswamy.51/Documents/github/Spirals/Media/data/cluster/endsim/BehaviorSearch/Step6_Trial""","true","0.30000000000000004","1","10","0.7000000000000002","true","true","0.09654384390593398","2","0.07596923226931297"
"1","1880","1000","1","""HK""","0.05","false","""normal""","1","""constant""","0.1","""Scale-free""","3","0","1","""uniform""","""deterministic-normal""","50","1","0.1","""normal""","0","1","false","""/home/ramaswamy.51/Documents/github/Spirals/Media/data/cluster/endsim/BehaviorSearch/Step6_Trial""","true","0.2","1","10","0.7000000000000002","true","true","0.09034010439054677","2","0.07596923226931297"
"1","1882","1000","1","""HK""","0.05","false","""normal""","1","""constant""","0.1","""Scale-free""","3","0","1","""uniform""","""deterministic-normal""","50","0.9000000000000001","0","""normal""","0","1","false","""/home/ramaswamy.51/Documents/github/Spirals/Media/data/cluster/endsim/BehaviorSearch/Step6_Trial""","true","0.2","1","10","0.5","true","true","0.09163238283512745","2","0.07596923226931297"
"1","1884","1000","1","""HK""","0.05","false","""normal""","1","""constant""","0.1","""Scale-free""","3","0","1","""uniform""","""deterministic-normal""","45","0.9000000000000001","0","""normal""","0","1","false","""/home/ramaswamy.51/Documents/github/Spirals/Media/data/cluster/endsim/BehaviorSearch/Step6_Trial""","true","0.30000000000000004","1","10","0.7000000000000002","true","true","0.11248879891593559","2","0.07596923226931297"
"1","1886","1000","1","""HK""","0.060000000000000005","false","""normal""","1","""constant""","0.1","""Scale-free""","3","0","1","""uniform""","""deterministic-normal""","50","0.9000000000000001","0","""normal""","0","1","false","""/home/ramaswamy.51/Documents/github/Spirals/Media/data/cluster/endsim/BehaviorSearch/Step6_Trial""","true","0.1","1","10","0.7000000000000002","true","true","0.10607269538839237","2","0.07596923226931297"
"1","1888","1000","1","""HK""","0.05","false","""normal""","1","""constant""","0.1","""Scale-free""","3","0","1","""uniform""","""deterministic-normal""","50","0.9000000000000001","0","""normal""","-0.09999999999999998","1","false","""/home/ramaswamy.51/Documents/github/Spirals/Media/data/cluster/endsim/BehaviorSearch/Step6_Trial""","true","0.2","1","10","0.7000000000000002","true","true","0.09014199007817866","2","0.07596923226931297"
"1","1890","1000","1","""HK""","0.05","false","""normal""","1","""constant""","0.1","""Scale-free""","3","0","1","""uniform""","""deterministic-normal""","50","0.8","0","""normal""","0","1","false","""/home/ramaswamy.51/Documents/github/Spirals/Media/data/cluster/endsim/BehaviorSearch/Step6_Trial""","true","0.2","1","10","0.5","true","true","0.08922096167523569","2","0.07596923226931297"
"1","1892","1000","1","""HK""","0.03","false","""normal""","1","""constant""","0.1","""Scale-free""","3","0","1","""uniform""","""deterministic-normal""","50","0.9000000000000001","0","""normal""","-0.7","1","false","""/home/ramaswamy.51/Documents/github/Spirals/Media/data/cluster/endsim/BehaviorSearch/Step6_Trial""","true","0.2","1","10","0.7000000000000002","true","true","0.14125411375509983","2","0.07596923226931297"
"1","1894","1000","1","""HK""","0.05","false","""normal""","1","""constant""","0.1","""Scale-free""","2","0","1","""uniform""","""deterministic-normal""","50","0.9000000000000001","0.2","""normal""","0","1","false","""/home/ramaswamy.51/Documents/github/Spirals/Media/data/cluster/endsim/BehaviorSearch/Step6_Trial""","true","0","1","10","0.7000000000000002","true","true","0.10000515734584106","2","0.07596923226931297"
"1","1896","1000","1","""HK""","0.060000000000000005","false","""normal""","1","""constant""","0.1","""Scale-free""","3","0","1","""uniform""","""deterministic-normal""","50","1","0","""normal""","0","1","false","""/home/ramaswamy.51/Documents/github/Spirals/Media/data/cluster/endsim/BehaviorSearch/Step6_Trial""","true","0.2","1","10","0.7000000000000002","true","true","0.09675861993781645","2","0.07596923226931297"
"1","1898","1000","1","""HK""","0.08","false","""normal""","1","""constant""","0.1","""Scale-free""","3","0","1","""uniform""","""deterministic-normal""","45","0.9000000000000001","0","""normal""","0","1","false","""/home/ramaswamy.51/Documents/github/Spirals/Media/data/cluster/endsim/BehaviorSearch/Step6_Trial""","true","0.2","1","10","0.7000000000000002","true","true","0.11054964379360777","2","0.07596923226931297"
"1","1900","1000","1","""HK""","0.01","false","""normal""","1","""constant""","0.1","""Scale-free""","3","0","1","""uniform""","""deterministic-normal""","50","0.6000000000000001","0","""normal""","0","1","false","""/home/ramaswamy.51/Documents/github/Spirals/Media/data/cluster/endsim/BehaviorSearch/Step6_Trial""","true","0.2","1","10","0.7000000000000002","true","true","0.08893940200006031","2","0.07596923226931297"
"1","1902","1000","1","""HK""","0.05","false","""normal""","1","""constant""","0.1","""Scale-free""","3","0","1","""uniform""","""deterministic-normal""","45","0.5","0","""normal""","-0.5","1","false","""/home/ramaswamy.51/Documents/github/Spirals/Media/data/cluster/endsim/BehaviorSearch/Step6_Trial""","true","0.2","0.7000000000000001","10","0.40000000000000013","true","true","0.12062635611351946","2","0.07596923226931297"
"1","1904","1000","1","""HK""","0.05","false","""normal""","1","""constant""","0.1","""Scale-free""","3","0","1","""uniform""","""deterministic-normal""","50","0.9000000000000001","0","""normal""","-0.29999999999999993","1","false","""/home/ramaswamy.51/Documents/github/Spirals/Media/data/cluster/endsim/BehaviorSearch/Step6_Trial""","true","0.2","1","10","0.7000000000000002","true","true","0.09296017644213997","2","0.07596923226931297"
"1","1906","1000","1","""HK""","0.05","false","""normal""","1","""constant""","0.2","""Scale-free""","3","0","1","""uniform""","""deterministic-normal""","50","0.5","0","""normal""","0","1","false","""/home/ramaswamy.51/Documents/github/Spirals/Media/data/cluster/endsim/BehaviorSearch/Step6_Trial""","true","0.2","1","10","0.7000000000000002","true","true","0.17525014534819347","2","0.07596923226931297"
"1","1908","1000","1","""HK""","0.05","false","""normal""","1","""constant""","0.1","""Scale-free""","3","0","1","""uniform""","""deterministic-normal""","50","0.8","0","""normal""","0","0.9","false","""/home/ramaswamy.51/Documents/github/Spirals/Media/data/cluster/endsim/BehaviorSearch/Step6_Trial""","true","0.2","1","10","0.7000000000000002","true","true","0.0961049905875106","2","0.07596923226931297"
"1","1910","1000","1","""HK""","0.03","false","""normal""","1","""constant""","0.1","""Scale-free""","3","0","1","""uniform""","""deterministic-normal""","50","0.9000000000000001","0","""normal""","0","1","false","""/home/ramaswamy.51/Documents/github/Spirals/Media/data/cluster/endsim/BehaviorSearch/Step6_Trial""","true","0.1","1","8","0.7000000000000002","true","true","0.10012356384406092","2","0.07596923226931297"
"1","1912","1000","1","""HK""","0.05","false","""normal""","1","""constant""","0.1","""Scale-free""","3","0","1","""uniform""","""deterministic-normal""","50","0.7000000000000002","0","""normal""","-0.6","1","false","""/home/ramaswamy.51/Documents/github/Spirals/Media/data/cluster/endsim/BehaviorSearch/Step6_Trial""","true","0.2","1","10","0.7000000000000002","true","true","0.1291907736551694","2","0.07596923226931297"
"1","1914","1000","1","""HK""","0.05","false","""normal""","1","""constant""","0","""Scale-free""","3","0","1","""uniform""","""deterministic-normal""","50","0.7000000000000002","0","""normal""","0","1","false","""/home/ramaswamy.51/Documents/github/Spirals/Media/data/cluster/endsim/BehaviorSearch/Step6_Trial""","true","0.2","1","10","0.7000000000000002","true","true","0.22018001895333197","2","0.07596923226931297"
"1","1916","1000","1","""HK""","0.08","false","""normal""","1","""constant""","0.1","""Scale-free""","3","0","1","""uniform""","""deterministic-normal""","50","0.9000000000000001","0","""normal""","0","1","false","""/home/ramaswamy.51/Documents/github/Spirals/Media/data/cluster/endsim/BehaviorSearch/Step6_Trial""","true","0.2","1","10","0.7000000000000002","true","true","0.09823785659494819","2","0.07596923226931297"
"1","1918","1000","1","""HK""","0.06999999999999999","false","""normal""","1","""constant""","0.1","""Scale-free""","3","0","1","""uniform""","""deterministic-normal""","50","0.9000000000000001","0","""normal""","0.20000000000000018","1","false","""/home/ramaswamy.51/Documents/github/Spirals/Media/data/cluster/endsim/BehaviorSearch/Step6_Trial""","true","0.1","1","10","0.7000000000000002","true","true","0.11937943415319213","2","0.07596923226931297"
"1","1920","1000","1","""HK""","0.03","false","""normal""","1","""constant""","0.1","""Scale-free""","4","0","1","""uniform""","""deterministic-normal""","45","0.9000000000000001","0","""normal""","0","1","false","""/home/ramaswamy.51/Documents/github/Spirals/Media/data/cluster/endsim/BehaviorSearch/Step6_Trial""","true","0.30000000000000004","1","9","0.7000000000000002","true","true","0.09799626147986923","2","0.07596923226931297"
"1","1922","1000","1","""HK""","0.05","false","""normal""","1","""constant""","0.1","""Scale-free""","3","0","1","""uniform""","""deterministic-normal""","50","0.9000000000000001","0.1","""normal""","0","1","false","""/home/ramaswamy.51/Documents/github/Spirals/Media/data/cluster/endsim/BehaviorSearch/Step6_Trial""","true","0.2","1","8","0.7000000000000002","true","true","0.077695312013253","2","0.07596923226931297"
"1","1924","1000","1","""HK""","0.05","false","""normal""","1","""constant""","0.1","""Scale-free""","3","0","1","""uniform""","""deterministic-normal""","50","0.9000000000000001","0","""normal""","0","0.9","false","""/home/ramaswamy.51/Documents/github/Spirals/Media/data/cluster/endsim/BehaviorSearch/Step6_Trial""","true","0.30000000000000004","1","10","0.8","true","true","0.08207476149387691","2","0.07596923226931297"
"1","1926","1000","1","""HK""","0.05","false","""normal""","1","""constant""","0.1","""Scale-free""","3","0","1","""uniform""","""deterministic-normal""","50","0.9000000000000001","0","""normal""","0","1","false","""/home/ramaswamy.51/Documents/github/Spirals/Media/data/cluster/endsim/BehaviorSearch/Step6_Trial""","true","0.2","1","10","0.6000000000000001","true","true","0.09951643672953336","2","0.07596923226931297"
"1","1928","1000","1","""HK""","0.05","false","""normal""","1","""constant""","0.1","""Scale-free""","4","0","1","""uniform""","""deterministic-normal""","50","0.9000000000000001","0","""normal""","0","1","false","""/home/ramaswamy.51/Documents/github/Spirals/Media/data/cluster/endsim/BehaviorSearch/Step6_Trial""","true","0.2","1","10","0.7000000000000002","true","true","0.0908627876308721","2","0.07596923226931297"
"1","1930","1000","1","""HK""","0.05","false","""normal""","1","""constant""","0","""Scale-free""","3","0","1","""uniform""","""deterministic-normal""","50","0.9000000000000001","0.1","""normal""","0","1","false","""/home/ramaswamy.51/Documents/github/Spirals/Media/data/cluster/endsim/BehaviorSearch/Step6_Trial""","true","0.30000000000000004","1","10","0.7000000000000002","true","true","0.2450774212022056","2","0.07596923226931297"
"1","1932","1000","1","""HK""","0.05","false","""normal""","1","""constant""","0.1","""Scale-free""","3","0","1","""uniform""","""deterministic-normal""","45","0.9000000000000001","0.1","""normal""","0","1","false","""/home/ramaswamy.51/Documents/github/Spirals/Media/data/cluster/endsim/BehaviorSearch/Step6_Trial""","true","0","1","10","0.7000000000000002","true","true","0.09938528734249497","2","0.07596923226931297"
"1","1934","1000","1","""HK""","0.05","false","""normal""","1","""constant""","0.1","""Scale-free""","3","0","1","""uniform""","""deterministic-normal""","50","0.9000000000000001","0.1","""normal""","0","1","false","""/home/ramaswamy.51/Documents/github/Spirals/Media/data/cluster/endsim/BehaviorSearch/Step6_Trial""","true","0.30000000000000004","1","10","0.7000000000000002","true","true","0.09796788584727992","2","0.07596923226931297"
"1","1936","1000","1","""HK""","0.05","false","""normal""","1","""constant""","0.1","""Scale-free""","3","0","1","""uniform""","""deterministic-normal""","50","0.9000000000000001","0.1","""normal""","0","0.9","false","""/home/ramaswamy.51/Documents/github/Spirals/Media/data/cluster/endsim/BehaviorSearch/Step6_Trial""","true","0.2","1","10","0.7000000000000002","true","true","0.09880164412605374","2","0.07596923226931297"
"1","1938","1000","1","""HK""","0.05","false","""normal""","1","""constant""","0.1","""Scale-free""","3","0","1","""uniform""","""deterministic-normal""","50","0.9000000000000001","0","""normal""","0","1","false","""/home/ramaswamy.51/Documents/github/Spirals/Media/data/cluster/endsim/BehaviorSearch/Step6_Trial""","true","0.2","1","10","0.8","true","true","0.10030468340588009","2","0.07596923226931297"
"1","1940","1000","1","""HK""","0.05","false","""normal""","1","""constant""","0.1","""Scale-free""","3","0","1","""uniform""","""deterministic-normal""","50","0.9000000000000001","0","""normal""","0","1","false","""/home/ramaswamy.51/Documents/github/Spirals/Media/data/cluster/endsim/BehaviorSearch/Step6_Trial""","true","0","1","10","0.7000000000000002","true","true","0.13522615156579476","2","0.07596923226931297"
"1","1942","1000","1","""HK""","0.05","false","""normal""","1","""constant""","0.1","""Scale-free""","3","0","1","""uniform""","""deterministic-normal""","50","0.8","0","""normal""","0","1","false","""/home/ramaswamy.51/Documents/github/Spirals/Media/data/cluster/endsim/BehaviorSearch/Step6_Trial""","true","0.2","0.9","10","0.7000000000000002","true","true","0.10251936224693746","2","0.07596923226931297"
"1","1944","1000","1","""HK""","0.05","false","""normal""","1","""constant""","0.1","""Scale-free""","3","0","1","""uniform""","""deterministic-normal""","50","0.9000000000000001","0","""normal""","0","0.9","false","""/home/ramaswamy.51/Documents/github/Spirals/Media/data/cluster/endsim/BehaviorSearch/Step6_Trial""","true","0.2","1","10","1","true","true","0.09870109800871721","2","0.07596923226931297"
"1","1946","1000","1","""HK""","0.03","false","""normal""","1","""constant""","0.1","""Scale-free""","3","0","1","""uniform""","""deterministic-normal""","50","0.9000000000000001","0.1","""normal""","-0.29999999999999993","0.8","false","""/home/ramaswamy.51/Documents/github/Spirals/Media/data/cluster/endsim/BehaviorSearch/Step6_Trial""","true","0.2","1","10","1","true","true","0.11240061482298602","2","0.07596923226931297"
"1","1948","1000","1","""HK""","0.05","false","""normal""","1","""constant""","0.1","""Scale-free""","2","0","1","""uniform""","""deterministic-normal""","50","0.9000000000000001","0","""normal""","0","0.9","false","""/home/ramaswamy.51/Documents/github/Spirals/Media/data/cluster/endsim/BehaviorSearch/Step6_Trial""","true","0.2","1","10","0.7000000000000002","true","true","0.09587740291800978","2","0.07596923226931297"
"1","1950","1000","1","""HK""","0.05","false","""normal""","1","""constant""","0.1","""Scale-free""","3","0","1","""uniform""","""deterministic-normal""","45","0.7000000000000002","0","""normal""","0","1","false","""/home/ramaswamy.51/Documents/github/Spirals/Media/data/cluster/endsim/BehaviorSearch/Step6_Trial""","true","0.2","1","10","0.7000000000000002","true","true","0.10758274785630118","2","0.07596923226931297"
"1","1952","1000","1","""HK""","0.05","false","""normal""","1","""constant""","0.1","""Scale-free""","3","0","1","""uniform""","""deterministic-normal""","50","1","0","""normal""","-0.19999999999999996","0.9","false","""/home/ramaswamy.51/Documents/github/Spirals/Media/data/cluster/endsim/BehaviorSearch/Step6_Trial""","true","0.2","1","10","0.8","true","true","0.09963113889668984","2","0.07596923226931297"
"1","1954","1000","1","""HK""","0.05","false","""normal""","1","""constant""","0","""Scale-free""","3","0","1","""uniform""","""deterministic-normal""","50","0.9000000000000001","0.1","""normal""","0","1","false","""/home/ramaswamy.51/Documents/github/Spirals/Media/data/cluster/endsim/BehaviorSearch/Step6_Trial""","true","0.2","1","10","0.7000000000000002","true","true","0.23009530207933945","2","0.07596923226931297"
"1","1956","1000","1","""HK""","0.01","false","""normal""","1","""constant""","0","""Scale-free""","3","0","1","""uniform""","""deterministic-normal""","50","0.9000000000000001","0","""normal""","0","1","false","""/home/ramaswamy.51/Documents/github/Spirals/Media/data/cluster/endsim/BehaviorSearch/Step6_Trial""","true","0.2","1","10","0.6000000000000001","true","true","0.17069556532503627","2","0.07596923226931297"
"1","1958","1000","1","""HK""","0.05","false","""normal""","1","""constant""","0.1","""Scale-free""","3","0","1","""uniform""","""deterministic-normal""","50","1","0","""normal""","0","1","false","""/home/ramaswamy.51/Documents/github/Spirals/Media/data/cluster/endsim/BehaviorSearch/Step6_Trial""","true","0.30000000000000004","1","10","0.7000000000000002","true","true","0.0943127333690395","2","0.07596923226931297"
"1","1960","1000","1","""HK""","0.05","false","""normal""","1","""constant""","0.1","""Scale-free""","3","0","1","""uniform""","""deterministic-normal""","50","0.7000000000000002","0.1","""normal""","0","1","false","""/home/ramaswamy.51/Documents/github/Spirals/Media/data/cluster/endsim/BehaviorSearch/Step6_Trial""","true","0.2","1","10","0.7000000000000002","true","true","0.1069100671687799","2","0.07596923226931297"
"1","1962","1000","1","""HK""","0.08","false","""normal""","1","""constant""","0.1","""Scale-free""","3","0","1","""uniform""","""deterministic-normal""","50","1","0","""normal""","0","0.9","false","""/home/ramaswamy.51/Documents/github/Spirals/Media/data/cluster/endsim/BehaviorSearch/Step6_Trial""","true","0.1","1","10","0.7000000000000002","true","true","0.12362079673137508","2","0.07596923226931297"
"1","1964","1000","1","""HK""","0.03","false","""normal""","1","""constant""","0.1","""Scale-free""","3","0","1","""uniform""","""deterministic-normal""","50","1","0","""normal""","0","0.9","false","""/home/ramaswamy.51/Documents/github/Spirals/Media/data/cluster/endsim/BehaviorSearch/Step6_Trial""","true","0.2","1","10","0.7000000000000002","true","true","0.07886182172144429","2","0.07596923226931297"
"1","1966","1000","1","""HK""","0.05","false","""normal""","1","""constant""","0.1","""Scale-free""","3","0","1","""uniform""","""deterministic-normal""","50","0.7000000000000002","0","""normal""","0","1","false","""/home/ramaswamy.51/Documents/github/Spirals/Media/data/cluster/endsim/BehaviorSearch/Step6_Trial""","true","0.2","1","10","0.8","true","true","0.09189526218481411","2","0.07596923226931297"
"1","1968","1000","1","""HK""","0.05","false","""normal""","1","""constant""","0.1","""Scale-free""","3","0","1","""uniform""","""deterministic-normal""","50","0.7000000000000002","0","""normal""","-0.29999999999999993","1","false","""/home/ramaswamy.51/Documents/github/Spirals/Media/data/cluster/endsim/BehaviorSearch/Step6_Trial""","true","0.2","1","10","0.7000000000000002","true","true","0.0980378195253296","2","0.07596923226931297"
"1","1970","1000","1","""HK""","0.05","false","""normal""","1","""constant""","0.1","""Scale-free""","3","0","1","""uniform""","""deterministic-normal""","50","0.9000000000000001","0","""normal""","0.10000000000000009","1","false","""/home/ramaswamy.51/Documents/github/Spirals/Media/data/cluster/endsim/BehaviorSearch/Step6_Trial""","true","0.2","0.9","10","0.7000000000000002","true","true","0.10254255414735075","2","0.07596923226931297"
"1","1972","1000","1","""HK""","0.05","false","""normal""","1","""constant""","0.1","""Scale-free""","3","0","1","""uniform""","""deterministic-normal""","50","0.9000000000000001","0","""normal""","0","1","false","""/home/ramaswamy.51/Documents/github/Spirals/Media/data/cluster/endsim/BehaviorSearch/Step6_Trial""","true","0","0.9","8","0.7000000000000002","true","true","0.11076426968558097","2","0.07596923226931297"
"1","1974","1000","1","""HK""","0.05","false","""normal""","1","""constant""","0.1","""Scale-free""","3","0","1","""uniform""","""deterministic-normal""","40","0.9000000000000001","0","""normal""","0","1","false","""/home/ramaswamy.51/Documents/github/Spirals/Media/data/cluster/endsim/BehaviorSearch/Step6_Trial""","true","0.2","1","10","0.7000000000000002","true","true","0.09610950252403178","2","0.07596923226931297"
"1","1976","1000","1","""HK""","0.05","false","""normal""","1","""constant""","0.2","""Scale-free""","3","0","1","""uniform""","""deterministic-normal""","50","1","0","""normal""","0","1","false","""/home/ramaswamy.51/Documents/github/Spirals/Media/data/cluster/endsim/BehaviorSearch/Step6_Trial""","true","0.2","1","10","0.7000000000000002","true","true","0.15976161320014343","2","0.07596923226931297"
"1","1978","1000","1","""HK""","0.05","false","""normal""","1","""constant""","0","""Scale-free""","3","0","1","""uniform""","""deterministic-normal""","45","0.9000000000000001","0","""normal""","0.10000000000000009","0.9","false","""/home/ramaswamy.51/Documents/github/Spirals/Media/data/cluster/endsim/BehaviorSearch/Step6_Trial""","true","0.2","1","10","0.8","true","true","0.22627644297166905","2","0.07596923226931297"
"1","1980","1000","1","""HK""","0.060000000000000005","false","""normal""","1","""constant""","0.1","""Scale-free""","3","0","1","""uniform""","""deterministic-normal""","50","0.9000000000000001","0","""normal""","-0.19999999999999996","1","false","""/home/ramaswamy.51/Documents/github/Spirals/Media/data/cluster/endsim/BehaviorSearch/Step6_Trial""","true","0.2","1","9","1","true","true","0.10315856000023302","2","0.07596923226931297"
"1","1982","1000","1","""HK""","0.02","false","""normal""","1","""constant""","0.1","""Scale-free""","3","0","1","""uniform""","""deterministic-normal""","50","0.9000000000000001","0","""normal""","0","1","false","""/home/ramaswamy.51/Documents/github/Spirals/Media/data/cluster/endsim/BehaviorSearch/Step6_Trial""","true","0.2","1","10","0.5","true","true","0.09586239264182467","2","0.07596923226931297"
"1","1984","1000","1","""HK""","0.05","false","""normal""","1","""constant""","0.1","""Scale-free""","3","0","1","""uniform""","""deterministic-normal""","50","0.9000000000000001","0","""normal""","0.5","1","false","""/home/ramaswamy.51/Documents/github/Spirals/Media/data/cluster/endsim/BehaviorSearch/Step6_Trial""","true","0.2","1","10","0.7000000000000002","true","true","0.12761882086992993","2","0.07596923226931297"
"1","1986","1000","1","""HK""","0.05","false","""normal""","1","""constant""","0.1","""Scale-free""","3","0","1","""uniform""","""deterministic-normal""","50","0.9000000000000001","0","""normal""","0","0.9","false","""/home/ramaswamy.51/Documents/github/Spirals/Media/data/cluster/endsim/BehaviorSearch/Step6_Trial""","true","0.2","1","10","0.8","true","true","0.09110404539200008","2","0.07596923226931297"
"1","1988","1000","1","""HK""","0.04","false","""normal""","1","""constant""","0.1","""Scale-free""","3","0","1","""uniform""","""deterministic-normal""","50","0.9000000000000001","0","""normal""","-0.09999999999999998","1","false","""/home/ramaswamy.51/Documents/github/Spirals/Media/data/cluster/endsim/BehaviorSearch/Step6_Trial""","true","0.2","1","10","1","true","true","0.10105292882826825","2","0.07596923226931297"
"1","1990","1000","1","""HK""","0.03","false","""normal""","1","""constant""","0.1","""Scale-free""","3","0","1","""uniform""","""deterministic-normal""","50","0.9000000000000001","0","""normal""","0","1","false","""/home/ramaswamy.51/Documents/github/Spirals/Media/data/cluster/endsim/BehaviorSearch/Step6_Trial""","true","0.2","1","9","0.7000000000000002","true","true","0.09184314528020443","2","0.07596923226931297"
"1","1992","1000","1","""HK""","0.05","false","""normal""","1","""constant""","0.1","""Scale-free""","3","0","1","""uniform""","""deterministic-normal""","50","0.9000000000000001","0","""normal""","0.5","1","false","""/home/ramaswamy.51/Documents/github/Spirals/Media/data/cluster/endsim/BehaviorSearch/Step6_Trial""","true","0.1","1","10","0.7000000000000002","true","true","0.15109058788483767","2","0.07596923226931297"
"1","1994","1000","1","""HK""","0.05","false","""normal""","1","""constant""","0.1","""Scale-free""","4","0","1","""uniform""","""deterministic-normal""","50","0.5","0","""normal""","0","1","false","""/home/ramaswamy.51/Documents/github/Spirals/Media/data/cluster/endsim/BehaviorSearch/Step6_Trial""","true","0.2","1","10","0.7000000000000002","true","true","0.10938739297708952","2","0.07596923226931297"
"1","1996","1000","1","""HK""","0.06999999999999999","false","""normal""","1","""constant""","0.1","""Scale-free""","3","0","1","""uniform""","""deterministic-normal""","50","0.9000000000000001","0","""normal""","-0.19999999999999996","1","false","""/home/ramaswamy.51/Documents/github/Spirals/Media/data/cluster/endsim/BehaviorSearch/Step6_Trial""","true","0.2","1","10","0.8","true","true","0.10450045863708318","2","0.07596923226931297"
"1","1998","1000","1","""HK""","0.05","false","""normal""","1","""constant""","0.1","""Scale-free""","3","0","1","""uniform""","""deterministic-normal""","50","0.9000000000000001","0","""normal""","0.20000000000000018","1","false","""/home/ramaswamy.51/Documents/github/Spirals/Media/data/cluster/endsim/BehaviorSearch/Step6_Trial""","true","0.2","1","10","0.7000000000000002","true","true","0.11830445437841557","2","0.07596923226931297"
"1","2000","1000","1","""HK""","0.03","false","""normal""","1","""constant""","0.1","""Scale-free""","3","0","1","""uniform""","""deterministic-normal""","50","0.9000000000000001","0","""normal""","0","1","false","""/home/ramaswamy.51/Documents/github/Spirals/Media/data/cluster/endsim/BehaviorSearch/Step6_Trial""","true","0.2","1","10","1","true","true","0.09578546217257303","2","0.07596923226931297"
"1","2002","1000","1","""HK""","0.05","false","""normal""","1","""constant""","0.1","""Scale-free""","3","0","1","""uniform""","""deterministic-normal""","50","0.9000000000000001","0","""normal""","0","1","false","""/home/ramaswamy.51/Documents/github/Spirals/Media/data/cluster/endsim/BehaviorSearch/Step6_Trial""","true","0.2","1","10","0.9000000000000001","true","true","0.08600867179526259","2","0.07596923226931297"
"1","2004","1000","1","""HK""","0.05","false","""normal""","1","""constant""","0.1","""Scale-free""","2","0","1","""uniform""","""deterministic-normal""","50","0.9000000000000001","0","""normal""","0","1","false","""/home/ramaswamy.51/Documents/github/Spirals/Media/data/cluster/endsim/BehaviorSearch/Step6_Trial""","true","0.2","1","10","1","true","true","0.08596086156838263","2","0.07596923226931297"
"1","2006","1000","1","""HK""","0.13","false","""normal""","1","""constant""","0.1","""Scale-free""","4","0","1","""uniform""","""deterministic-normal""","50","0.9000000000000001","0","""normal""","0","1","false","""/home/ramaswamy.51/Documents/github/Spirals/Media/data/cluster/endsim/BehaviorSearch/Step6_Trial""","true","0.2","0.9","10","0.7000000000000002","true","true","0.1648094546356845","2","0.07596923226931297"
"1","2008","1000","1","""HK""","0.05","false","""normal""","1","""constant""","0.1","""Scale-free""","3","0","1","""uniform""","""deterministic-normal""","50","0.9000000000000001","0","""normal""","0.10000000000000009","1","false","""/home/ramaswamy.51/Documents/github/Spirals/Media/data/cluster/endsim/BehaviorSearch/Step6_Trial""","true","0.2","1","10","0.8","true","true","0.10560673107232188","2","0.07596923226931297"
"1","2010","1000","1","""HK""","0.06999999999999999","false","""normal""","1","""constant""","0.1","""Scale-free""","3","0","1","""uniform""","""deterministic-normal""","50","0.9000000000000001","0","""normal""","0","1","false","""/home/ramaswamy.51/Documents/github/Spirals/Media/data/cluster/endsim/BehaviorSearch/Step6_Trial""","true","0.2","1","8","0.6000000000000001","true","true","0.09556058718863938","2","0.07596923226931297"
"1","2012","1000","1","""HK""","0.05","false","""normal""","1","""constant""","0.1","""Scale-free""","3","0","1","""uniform""","""deterministic-normal""","50","0.7000000000000002","0","""normal""","0","1","false","""/home/ramaswamy.51/Documents/github/Spirals/Media/data/cluster/endsim/BehaviorSearch/Step6_Trial""","true","0.2","1","10","1","true","true","0.09311322035793226","2","0.07596923226931297"
"1","2014","1000","1","""HK""","0.05","false","""normal""","1","""constant""","0.1","""Scale-free""","3","0","1","""uniform""","""deterministic-normal""","50","0.9000000000000001","0.2","""normal""","0","1","false","""/home/ramaswamy.51/Documents/github/Spirals/Media/data/cluster/endsim/BehaviorSearch/Step6_Trial""","true","0.30000000000000004","1","10","0.9000000000000001","true","true","0.09287021576021934","2","0.07596923226931297"
"1","2016","1000","1","""HK""","0.05","false","""normal""","1","""constant""","0.1","""Scale-free""","3","0","1","""uniform""","""deterministic-normal""","50","0.7000000000000002","0","""normal""","0","1","false","""/home/ramaswamy.51/Documents/github/Spirals/Media/data/cluster/endsim/BehaviorSearch/Step6_Trial""","true","0.2","1","10","0.9000000000000001","true","true","0.09247050001108313","2","0.07596923226931297"
"1","2018","1000","1","""HK""","0.04","false","""normal""","1","""constant""","0.1","""Scale-free""","3","0","1","""uniform""","""deterministic-normal""","50","0.8","0.1","""normal""","-0.19999999999999996","1","false","""/home/ramaswamy.51/Documents/github/Spirals/Media/data/cluster/endsim/BehaviorSearch/Step6_Trial""","true","0.2","1","10","0.7000000000000002","true","true","0.0993696017221141","2","0.07596923226931297"
"1","2020","1000","1","""HK""","0.05","false","""normal""","1","""constant""","0.1","""Scale-free""","3","0","1","""uniform""","""deterministic-normal""","50","0.9000000000000001","0","""normal""","-0.09999999999999998","1","false","""/home/ramaswamy.51/Documents/github/Spirals/Media/data/cluster/endsim/BehaviorSearch/Step6_Trial""","true","0.2","1","9","0.7000000000000002","true","true","0.08667101748243931","2","0.07596923226931297"
"1","2022","1000","1","""HK""","0.04","false","""normal""","1","""constant""","0.1","""Scale-free""","3","0","1","""uniform""","""deterministic-normal""","45","0.9000000000000001","0","""normal""","0","0.8","false","""/home/ramaswamy.51/Documents/github/Spirals/Media/data/cluster/endsim/BehaviorSearch/Step6_Trial""","true","0.2","1","10","0.7000000000000002","true","true","0.11693657016792774","2","0.07596923226931297"
"1","2024","1000","1","""HK""","0.05","false","""normal""","1","""constant""","0.1","""Scale-free""","3","0","1","""uniform""","""deterministic-normal""","50","0.8","0","""normal""","0","1","false","""/home/ramaswamy.51/Documents/github/Spirals/Media/data/cluster/endsim/BehaviorSearch/Step6_Trial""","true","0.2","1","10","1","true","true","0.0940715791527245","2","0.07596923226931297"
"1","2026","1000","1","""HK""","0.05","false","""normal""","1","""constant""","0.1","""Scale-free""","3","0","1","""uniform""","""deterministic-normal""","50","0.9000000000000001","0","""normal""","0.20000000000000018","1","false","""/home/ramaswamy.51/Documents/github/Spirals/Media/data/cluster/endsim/BehaviorSearch/Step6_Trial""","true","0.2","1","10","0.6000000000000001","true","true","0.09724716941748776","2","0.07596923226931297"
"1","2028","1000","1","""HK""","0.01","false","""normal""","1","""constant""","0.1","""Scale-free""","3","0","1","""uniform""","""deterministic-normal""","50","0.9000000000000001","0","""normal""","0.20000000000000018","1","false","""/home/ramaswamy.51/Documents/github/Spirals/Media/data/cluster/endsim/BehaviorSearch/Step6_Trial""","true","0.2","1","10","0.9000000000000001","true","true","0.11813377119465644","2","0.07596923226931297"
"1","2030","1000","1","""HK""","0.05","false","""normal""","1","""constant""","0.1","""Scale-free""","3","0","1","""uniform""","""deterministic-normal""","50","0.8","0","""normal""","0","1","false","""/home/ramaswamy.51/Documents/github/Spirals/Media/data/cluster/endsim/BehaviorSearch/Step6_Trial""","true","0.2","1","10","0.6000000000000001","true","true","0.1070293523285531","2","0.07596923226931297"
"1","2032","1000","1","""HK""","0.04","false","""normal""","1","""constant""","0.1","""Scale-free""","3","0","1","""uniform""","""deterministic-normal""","50","1","0","""normal""","0","1","false","""/home/ramaswamy.51/Documents/github/Spirals/Media/data/cluster/endsim/BehaviorSearch/Step6_Trial""","true","0.2","1","9","0.7000000000000002","true","true","0.09457858986996832","2","0.07596923226931297"
"1","2034","1000","1","""HK""","0.08","false","""normal""","1","""constant""","0","""Scale-free""","3","0","1","""uniform""","""deterministic-normal""","50","0.9000000000000001","0","""normal""","0","0.9","false","""/home/ramaswamy.51/Documents/github/Spirals/Media/data/cluster/endsim/BehaviorSearch/Step6_Trial""","true","0.2","1","10","0.30000000000000004","true","true","0.22941185039749734","2","0.07596923226931297"
"1","2036","1000","1","""HK""","0.02","false","""normal""","1","""constant""","0.1","""Scale-free""","3","0","1","""uniform""","""deterministic-normal""","50","0.9000000000000001","0","""normal""","0","1","false","""/home/ramaswamy.51/Documents/github/Spirals/Media/data/cluster/endsim/BehaviorSearch/Step6_Trial""","true","0.2","0.8","10","0.40000000000000013","true","true","0.09191600773114783","2","0.07596923226931297"
"1","2038","1000","1","""HK""","0.05","false","""normal""","1","""constant""","0.1","""Scale-free""","3","0","1","""uniform""","""deterministic-normal""","45","0.9000000000000001","0.1","""normal""","0","1","false","""/home/ramaswamy.51/Documents/github/Spirals/Media/data/cluster/endsim/BehaviorSearch/Step6_Trial""","true","0.2","1","10","0.7000000000000002","true","true","0.09733547487574046","2","0.07596923226931297"
"1","2040","1000","1","""HK""","0.09","false","""normal""","1","""constant""","0.1","""Scale-free""","3","0","1","""uniform""","""deterministic-normal""","50","0.9000000000000001","0","""normal""","-0.19999999999999996","1","false","""/home/ramaswamy.51/Documents/github/Spirals/Media/data/cluster/endsim/BehaviorSearch/Step6_Trial""","true","0.30000000000000004","1","8","0.7000000000000002","true","true","0.11290336249838573","2","0.07596923226931297"
"1","2042","1000","1","""HK""","0.05","false","""normal""","1","""constant""","0.1","""Scale-free""","3","0","1","""uniform""","""deterministic-normal""","50","1","0","""normal""","0","1","false","""/home/ramaswamy.51/Documents/github/Spirals/Media/data/cluster/endsim/BehaviorSearch/Step6_Trial""","true","0","1","10","0.7000000000000002","true","true","0.12188136185497248","2","0.07596923226931297"
"1","2044","1000","1","""HK""","0.05","false","""normal""","1","""constant""","0.1","""Scale-free""","2","0","1","""uniform""","""deterministic-normal""","50","0.9000000000000001","0","""normal""","0","0.9","false","""/home/ramaswamy.51/Documents/github/Spirals/Media/data/cluster/endsim/BehaviorSearch/Step6_Trial""","true","0.2","1","9","1","true","true","0.09924204401930717","2","0.07596923226931297"
"1","2046","1000","1","""HK""","0.04","false","""normal""","1","""constant""","0.1","""Scale-free""","3","0","1","""uniform""","""deterministic-normal""","50","0.9000000000000001","0","""normal""","0","1","false","""/home/ramaswamy.51/Documents/github/Spirals/Media/data/cluster/endsim/BehaviorSearch/Step6_Trial""","true","0.30000000000000004","1","10","0.7000000000000002","true","true","0.10726248683864704","2","0.07596923226931297"
"1","2048","1000","1","""HK""","0.08","false","""normal""","1","""constant""","0.2","""Scale-free""","3","0","1","""uniform""","""deterministic-normal""","45","0.9000000000000001","0","""normal""","0","0.9","false","""/home/ramaswamy.51/Documents/github/Spirals/Media/data/cluster/endsim/BehaviorSearch/Step6_Trial""","true","0.2","1","10","0.7000000000000002","true","true","0.1789556877151634","2","0.07596923226931297"
"1","2050","1000","1","""HK""","0.05","false","""normal""","1","""constant""","0.1","""Scale-free""","3","0","1","""uniform""","""deterministic-normal""","50","0.9000000000000001","0","""normal""","0","0.9","false","""/home/ramaswamy.51/Documents/github/Spirals/Media/data/cluster/endsim/BehaviorSearch/Step6_Trial""","true","0.4","1","10","0.7000000000000002","true","true","0.09422883833104453","2","0.07596923226931297"
"1","2052","1000","1","""HK""","0.060000000000000005","false","""normal""","1","""constant""","0.1","""Scale-free""","3","0","1","""uniform""","""deterministic-normal""","50","0.9000000000000001","0","""normal""","0.10000000000000009","1","false","""/home/ramaswamy.51/Documents/github/Spirals/Media/data/cluster/endsim/BehaviorSearch/Step6_Trial""","true","0.2","1","10","0.7000000000000002","true","true","0.0938815354455476","2","0.07596923226931297"
"1","2054","1000","1","""HK""","0.01","false","""normal""","1","""constant""","0.1","""Scale-free""","2","0","1","""uniform""","""deterministic-normal""","50","0.9000000000000001","0","""normal""","0.10000000000000009","1","false","""/home/ramaswamy.51/Documents/github/Spirals/Media/data/cluster/endsim/BehaviorSearch/Step6_Trial""","true","0.2","1","10","0.7000000000000002","true","true","0.10524452329977473","2","0.07596923226931297"
"1","2056","1000","1","""HK""","0.09","false","""normal""","1","""constant""","0.1","""Scale-free""","3","0","1","""uniform""","""deterministic-normal""","45","0.9000000000000001","0","""normal""","0","1","false","""/home/ramaswamy.51/Documents/github/Spirals/Media/data/cluster/endsim/BehaviorSearch/Step6_Trial""","true","0.2","1","10","0.40000000000000013","true","true","0.11795156665261461","2","0.07596923226931297"
"1","2058","1000","1","""HK""","0.05","false","""normal""","1","""constant""","0.1","""Scale-free""","3","0","1","""uniform""","""deterministic-normal""","50","0.9000000000000001","0","""normal""","0","0.9","false","""/home/ramaswamy.51/Documents/github/Spirals/Media/data/cluster/endsim/BehaviorSearch/Step6_Trial""","true","0.2","1","10","0.5","true","true","0.10017611475704383","2","0.07596923226931297"
"1","2060","1000","1","""HK""","0.05","false","""normal""","1","""constant""","0.1","""Scale-free""","3","0","1","""uniform""","""deterministic-normal""","50","0.9000000000000001","0","""normal""","0","1","false","""/home/ramaswamy.51/Documents/github/Spirals/Media/data/cluster/endsim/BehaviorSearch/Step6_Trial""","true","0.2","1","8","0.7000000000000002","true","true","0.09250816238201374","2","0.07596923226931297"
"1","2062","1000","1","""HK""","0.01","false","""normal""","1","""constant""","0.1","""Scale-free""","3","0","1","""uniform""","""deterministic-normal""","45","0.9000000000000001","0","""normal""","0","1","false","""/home/ramaswamy.51/Documents/github/Spirals/Media/data/cluster/endsim/BehaviorSearch/Step6_Trial""","true","0.30000000000000004","1","10","0.7000000000000002","true","true","0.09555035904865937","2","0.07596923226931297"
"1","2064","1000","1","""HK""","0.06999999999999999","false","""normal""","1","""constant""","0.1","""Scale-free""","3","0","1","""uniform""","""deterministic-normal""","50","0.9000000000000001","0","""normal""","0","1","false","""/home/ramaswamy.51/Documents/github/Spirals/Media/data/cluster/endsim/BehaviorSearch/Step6_Trial""","true","0.2","0.8","10","0.40000000000000013","true","true","0.09653190546877367","2","0.07596923226931297"
"1","2066","1000","1","""HK""","0.05","false","""normal""","1","""constant""","0.1","""Scale-free""","3","0","1","""uniform""","""deterministic-normal""","50","0.9000000000000001","0","""normal""","0","1","false","""/home/ramaswamy.51/Documents/github/Spirals/Media/data/cluster/endsim/BehaviorSearch/Step6_Trial""","true","0.30000000000000004","1","10","0.6000000000000001","true","true","0.10758661489532509","2","0.07596923226931297"
"1","2068","1000","1","""HK""","0.05","false","""normal""","1","""constant""","0.1","""Scale-free""","3","0","1","""uniform""","""deterministic-normal""","50","0.9000000000000001","0","""normal""","0","1","false","""/home/ramaswamy.51/Documents/github/Spirals/Media/data/cluster/endsim/BehaviorSearch/Step6_Trial""","true","0.1","1","10","0.9000000000000001","true","true","0.10208160133017352","2","0.07596923226931297"
"1","2070","1000","1","""HK""","0.05","false","""normal""","1","""constant""","0.1","""Scale-free""","3","0","1","""uniform""","""deterministic-normal""","50","1","0","""normal""","0.10000000000000009","1","false","""/home/ramaswamy.51/Documents/github/Spirals/Media/data/cluster/endsim/BehaviorSearch/Step6_Trial""","true","0.2","1","10","0.7000000000000002","true","true","0.08288441223573975","2","0.07596923226931297"
"1","2072","1000","1","""HK""","0.04","false","""normal""","1","""constant""","0.1","""Scale-free""","3","0","1","""uniform""","""deterministic-normal""","45","1","0","""normal""","-0.09999999999999998","1","false","""/home/ramaswamy.51/Documents/github/Spirals/Media/data/cluster/endsim/BehaviorSearch/Step6_Trial""","true","0.30000000000000004","1","10","0.7000000000000002","true","true","0.09858751925822393","2","0.07596923226931297"
"1","2074","1000","1","""HK""","0.06999999999999999","false","""normal""","1","""constant""","0.2","""Scale-free""","3","0","1","""uniform""","""deterministic-normal""","40","0.9000000000000001","0","""normal""","0","1","false","""/home/ramaswamy.51/Documents/github/Spirals/Media/data/cluster/endsim/BehaviorSearch/Step6_Trial""","true","0","1","10","0.7000000000000002","true","true","0.20940910604857793","2","0.07596923226931297"
"1","2076","1000","1","""HK""","0.05","false","""normal""","1","""constant""","0.1","""Scale-free""","4","0","1","""uniform""","""deterministic-normal""","50","0.6000000000000001","0","""normal""","0","0.9","false","""/home/ramaswamy.51/Documents/github/Spirals/Media/data/cluster/endsim/BehaviorSearch/Step6_Trial""","true","0.2","1","10","0.7000000000000002","true","true","0.08585719361742733","2","0.07596923226931297"
"1","2078","1000","1","""HK""","0.09999999999999999","false","""normal""","1","""constant""","0.1","""Scale-free""","3","0","1","""uniform""","""deterministic-normal""","45","0.9000000000000001","0","""normal""","0","1","false","""/home/ramaswamy.51/Documents/github/Spirals/Media/data/cluster/endsim/BehaviorSearch/Step6_Trial""","true","0.2","1","10","0.5","true","true","0.13281581965322364","2","0.07596923226931297"
"1","2080","1000","1","""HK""","0.01","false","""normal""","1","""constant""","0.1","""Scale-free""","3","0","1","""uniform""","""deterministic-normal""","50","0.9000000000000001","0","""normal""","0","1","false","""/home/ramaswamy.51/Documents/github/Spirals/Media/data/cluster/endsim/BehaviorSearch/Step6_Trial""","true","0.30000000000000004","1","10","0.7000000000000002","true","true","0.09646320753583237","2","0.07596923226931297"
"1","2082","1000","1","""HK""","0.04","false","""normal""","1","""constant""","0","""Scale-free""","3","0","1","""uniform""","""deterministic-normal""","50","0.9000000000000001","0","""normal""","0","1","false","""/home/ramaswamy.51/Documents/github/Spirals/Media/data/cluster/endsim/BehaviorSearch/Step6_Trial""","true","0.2","1","10","0.7000000000000002","true","true","0.18944952603003928","2","0.07596923226931297"
"1","2084","1000","1","""HK""","0.05","false","""normal""","1","""constant""","0.1","""Scale-free""","3","0","1","""uniform""","""deterministic-normal""","50","0.9000000000000001","0","""normal""","0.30000000000000004","1","false","""/home/ramaswamy.51/Documents/github/Spirals/Media/data/cluster/endsim/BehaviorSearch/Step6_Trial""","true","0.2","1","10","0.7000000000000002","true","true","0.11063615141613872","2","0.07596923226931297"
"1","2086","1000","1","""HK""","0.05","false","""normal""","1","""constant""","0.1","""Scale-free""","2","0","1","""uniform""","""deterministic-normal""","50","1","0","""normal""","-0.19999999999999996","1","false","""/home/ramaswamy.51/Documents/github/Spirals/Media/data/cluster/endsim/BehaviorSearch/Step6_Trial""","true","0.2","1","10","0.6000000000000001","true","true","0.0967560332868081","2","0.07596923226931297"
"1","2088","1000","1","""HK""","0.01","false","""normal""","1","""constant""","0.1","""Scale-free""","3","0","1","""uniform""","""deterministic-normal""","50","0.9000000000000001","0.2","""normal""","0","0.9","false","""/home/ramaswamy.51/Documents/github/Spirals/Media/data/cluster/endsim/BehaviorSearch/Step6_Trial""","true","0.2","1","10","0.7000000000000002","true","true","0.0956365380773212","2","0.07596923226931297"
"1","2090","1000","1","""HK""","0.05","false","""normal""","1","""constant""","0.1","""Scale-free""","3","0","1","""uniform""","""deterministic-normal""","50","0.9000000000000001","0.1","""normal""","0","1","false","""/home/ramaswamy.51/Documents/github/Spirals/Media/data/cluster/endsim/BehaviorSearch/Step6_Trial""","true","0.30000000000000004","1","10","0.8","true","true","0.0924106100622311","2","0.07596923226931297"
"1","2092","1000","1","""HK""","0.02","false","""normal""","1","""constant""","0.1","""Scale-free""","3","0","1","""uniform""","""deterministic-normal""","50","0.9000000000000001","0","""normal""","0","1","false","""/home/ramaswamy.51/Documents/github/Spirals/Media/data/cluster/endsim/BehaviorSearch/Step6_Trial""","true","0.2","1","10","0.6000000000000001","true","true","0.07156045351061943","2","0.07156045351061943"
"1","2094","1000","1","""HK""","0.01","false","""normal""","1","""constant""","0.2","""Scale-free""","3","0","1","""uniform""","""deterministic-normal""","45","0.9000000000000001","0","""normal""","-0.29999999999999993","1","false","""/home/ramaswamy.51/Documents/github/Spirals/Media/data/cluster/endsim/BehaviorSearch/Step6_Trial""","true","0.2","1","10","0.7000000000000002","true","true","0.15424405732612545","2","0.07156045351061943"
"1","2096","1000","1","""HK""","0.08","false","""normal""","1","""constant""","0.1","""Scale-free""","3","0","1","""uniform""","""deterministic-normal""","50","0.9000000000000001","0","""normal""","0.20000000000000018","1","false","""/home/ramaswamy.51/Documents/github/Spirals/Media/data/cluster/endsim/BehaviorSearch/Step6_Trial""","true","0.2","1","10","0.7000000000000002","true","true","0.12130034172643497","2","0.07156045351061943"
"1","2098","1000","1","""HK""","0.05","false","""normal""","1","""constant""","0.1","""Scale-free""","3","0","1","""uniform""","""deterministic-normal""","50","1","0","""normal""","0","1","false","""/home/ramaswamy.51/Documents/github/Spirals/Media/data/cluster/endsim/BehaviorSearch/Step6_Trial""","true","0.4","0.9","10","0.7000000000000002","true","true","0.10592774972234066","2","0.07156045351061943"
"1","2100","1000","1","""HK""","0.05","false","""normal""","1","""constant""","0","""Scale-free""","3","0","1","""uniform""","""deterministic-normal""","45","0.9000000000000001","0","""normal""","0","1","false","""/home/ramaswamy.51/Documents/github/Spirals/Media/data/cluster/endsim/BehaviorSearch/Step6_Trial""","true","0.2","1","10","0.7000000000000002","true","true","0.2376777000246192","2","0.07156045351061943"
"1","2102","1000","1","""HK""","0.06999999999999999","false","""normal""","1","""constant""","0.1","""Scale-free""","3","0","1","""uniform""","""deterministic-normal""","50","0.9000000000000001","0","""normal""","-0.09999999999999998","1","false","""/home/ramaswamy.51/Documents/github/Spirals/Media/data/cluster/endsim/BehaviorSearch/Step6_Trial""","true","0.2","1","10","0.9000000000000001","true","true","0.10291342022996364","2","0.07156045351061943"
"1","2104","1000","1","""HK""","0.05","false","""normal""","1","""constant""","0","""Scale-free""","3","0","1","""uniform""","""deterministic-normal""","50","0.9000000000000001","0","""normal""","-0.09999999999999998","1","false","""/home/ramaswamy.51/Documents/github/Spirals/Media/data/cluster/endsim/BehaviorSearch/Step6_Trial""","true","0.2","1","10","0.7000000000000002","true","true","0.2318572597932323","2","0.07156045351061943"
"1","2106","1000","1","""HK""","0.03","false","""normal""","1","""constant""","0.1","""Scale-free""","3","0","1","""uniform""","""deterministic-normal""","50","0.9000000000000001","0","""normal""","0","1","false","""/home/ramaswamy.51/Documents/github/Spirals/Media/data/cluster/endsim/BehaviorSearch/Step6_Trial""","true","0.1","1","10","0.7000000000000002","true","true","0.11277936486511311","2","0.07156045351061943"
"1","2108","1000","1","""HK""","0.05","false","""normal""","1","""constant""","0.2","""Scale-free""","3","0","1","""uniform""","""deterministic-normal""","50","0.9000000000000001","0","""normal""","0.10000000000000009","1","false","""/home/ramaswamy.51/Documents/github/Spirals/Media/data/cluster/endsim/BehaviorSearch/Step6_Trial""","true","0.1","1","10","0.7000000000000002","true","true","0.17430070473732723","2","0.07156045351061943"
"1","2110","1000","1","""HK""","0.03","false","""normal""","1","""constant""","0.1","""Scale-free""","3","0","1","""uniform""","""deterministic-normal""","50","0.9000000000000001","0","""normal""","0","0.8","false","""/home/ramaswamy.51/Documents/github/Spirals/Media/data/cluster/endsim/BehaviorSearch/Step6_Trial""","true","0.2","0.9","10","0.7000000000000002","true","true","0.09347065874186519","2","0.07156045351061943"
"1","2112","1000","1","""HK""","0.02","false","""normal""","1","""constant""","0.2","""Scale-free""","3","0","1","""uniform""","""deterministic-normal""","50","0.9000000000000001","0","""normal""","0","1","false","""/home/ramaswamy.51/Documents/github/Spirals/Media/data/cluster/endsim/BehaviorSearch/Step6_Trial""","true","0.30000000000000004","1","10","0.7000000000000002","true","true","0.13501782286907943","2","0.07156045351061943"
"1","2114","1000","1","""HK""","0.05","false","""normal""","1","""constant""","0.1","""Scale-free""","2","0","1","""uniform""","""deterministic-normal""","50","0.9000000000000001","0","""normal""","0","1","false","""/home/ramaswamy.51/Documents/github/Spirals/Media/data/cluster/endsim/BehaviorSearch/Step6_Trial""","true","0.4","1","10","0.8","true","true","0.11339893627180417","2","0.07156045351061943"
"1","2116","1000","1","""HK""","0.05","false","""normal""","1","""constant""","0.1","""Scale-free""","4","0","1","""uniform""","""deterministic-normal""","50","0.8","0","""normal""","0","1","false","""/home/ramaswamy.51/Documents/github/Spirals/Media/data/cluster/endsim/BehaviorSearch/Step6_Trial""","true","0.1","1","10","0.7000000000000002","true","true","0.09689655771435333","2","0.07156045351061943"
"1","2118","1000","1","""HK""","0.06999999999999999","false","""normal""","1","""constant""","0.1","""Scale-free""","3","0","1","""uniform""","""deterministic-normal""","50","0.9000000000000001","0","""normal""","0","1","false","""/home/ramaswamy.51/Documents/github/Spirals/Media/data/cluster/endsim/BehaviorSearch/Step6_Trial""","true","0.30000000000000004","1","10","0.40000000000000013","true","true","0.08605220508601016","2","0.07156045351061943"
"1","2120","1000","1","""HK""","0.05","false","""normal""","1","""constant""","0.1","""Scale-free""","3","0","1","""uniform""","""deterministic-normal""","50","0.9000000000000001","0","""normal""","0.20000000000000018","0.8","false","""/home/ramaswamy.51/Documents/github/Spirals/Media/data/cluster/endsim/BehaviorSearch/Step6_Trial""","true","0.2","1","10","0.7000000000000002","true","true","0.12412214541678107","2","0.07156045351061943"
"1","2122","1000","1","""HK""","0.03","false","""normal""","1","""constant""","0.1","""Scale-free""","3","0","1","""uniform""","""deterministic-normal""","45","0.6000000000000001","0","""normal""","-0.29999999999999993","1","false","""/home/ramaswamy.51/Documents/github/Spirals/Media/data/cluster/endsim/BehaviorSearch/Step6_Trial""","true","0.30000000000000004","1","10","0.7000000000000002","true","true","0.10578033250838198","2","0.07156045351061943"
"1","2124","1000","1","""HK""","0.05","false","""normal""","1","""constant""","0.1","""Scale-free""","3","0","1","""uniform""","""deterministic-normal""","50","1","0","""normal""","0","1","false","""/home/ramaswamy.51/Documents/github/Spirals/Media/data/cluster/endsim/BehaviorSearch/Step6_Trial""","true","0.30000000000000004","1","8","0.7000000000000002","true","true","0.08799861769497719","2","0.07156045351061943"
"1","2126","1000","1","""HK""","0.09999999999999999","false","""normal""","1","""constant""","0.1","""Scale-free""","3","0","1","""uniform""","""deterministic-normal""","50","0.9000000000000001","0","""normal""","-0.5","1","false","""/home/ramaswamy.51/Documents/github/Spirals/Media/data/cluster/endsim/BehaviorSearch/Step6_Trial""","true","0.2","1","10","0.7000000000000002","true","true","0.13831793529977593","2","0.07156045351061943"
"1","2128","1000","1","""HK""","0.04","false","""normal""","1","""constant""","0.1","""Scale-free""","2","0","1","""uniform""","""deterministic-normal""","50","0.9000000000000001","0","""normal""","0","1","false","""/home/ramaswamy.51/Documents/github/Spirals/Media/data/cluster/endsim/BehaviorSearch/Step6_Trial""","true","0.2","0.6000000000000001","10","0.7000000000000002","true","true","0.09340524208350212","2","0.07156045351061943"
"1","2130","1000","1","""HK""","0.05","false","""normal""","1","""constant""","0.1","""Scale-free""","3","0","1","""uniform""","""deterministic-normal""","50","0.8","0","""normal""","-0.09999999999999998","1","false","""/home/ramaswamy.51/Documents/github/Spirals/Media/data/cluster/endsim/BehaviorSearch/Step6_Trial""","true","0.1","0.9","10","0.7000000000000002","true","true","0.08875059585619124","2","0.07156045351061943"
"1","2132","1000","1","""HK""","0.05","false","""normal""","1","""constant""","0.1","""Scale-free""","3","0","1","""uniform""","""deterministic-normal""","50","0.9000000000000001","0.1","""normal""","-0.09999999999999998","0.9","false","""/home/ramaswamy.51/Documents/github/Spirals/Media/data/cluster/endsim/BehaviorSearch/Step6_Trial""","true","0.2","1","10","0.7000000000000002","true","true","0.10367860420795874","2","0.07156045351061943"
"1","2134","1000","1","""HK""","0.06999999999999999","false","""normal""","1","""constant""","0.1","""Scale-free""","3","0","1","""uniform""","""deterministic-normal""","50","0.9000000000000001","0","""normal""","0","1","false","""/home/ramaswamy.51/Documents/github/Spirals/Media/data/cluster/endsim/BehaviorSearch/Step6_Trial""","true","0.2","1","10","0.40000000000000013","true","true","0.09372256111089583","2","0.07156045351061943"
"1","2136","1000","1","""HK""","0.05","false","""normal""","1","""constant""","0.1","""Scale-free""","3","0","1","""uniform""","""deterministic-normal""","50","0.9000000000000001","0.2","""normal""","-0.3999999999999999","1","false","""/home/ramaswamy.51/Documents/github/Spirals/Media/data/cluster/endsim/BehaviorSearch/Step6_Trial""","true","0.2","1","10","0.5","true","true","0.12022709230360826","2","0.07156045351061943"
"1","2138","1000","1","""HK""","0.03","false","""normal""","1","""constant""","0.1","""Scale-free""","3","0","1","""uniform""","""deterministic-normal""","50","0.8","0","""normal""","0","1","false","""/home/ramaswamy.51/Documents/github/Spirals/Media/data/cluster/endsim/BehaviorSearch/Step6_Trial""","true","0.2","1","10","0.6000000000000001","true","true","0.10269129953557365","2","0.07156045351061943"
"1","2140","1000","1","""HK""","0.08","false","""normal""","1","""constant""","0.1","""Scale-free""","3","0","1","""uniform""","""deterministic-normal""","50","0.9000000000000001","0.1","""normal""","0","1","false","""/home/ramaswamy.51/Documents/github/Spirals/Media/data/cluster/endsim/BehaviorSearch/Step6_Trial""","true","0.2","1","10","0.7000000000000002","true","true","0.0986661720398207","2","0.07156045351061943"
"1","2142","1000","1","""HK""","0.03","false","""normal""","1","""constant""","0.1","""Scale-free""","3","0","1","""uniform""","""deterministic-normal""","50","0.9000000000000001","0.1","""normal""","0","1","false","""/home/ramaswamy.51/Documents/github/Spirals/Media/data/cluster/endsim/BehaviorSearch/Step6_Trial""","true","0.2","0.9","10","0.7000000000000002","true","true","0.0882846908207415","2","0.07156045351061943"
"1","2144","1000","1","""HK""","0.060000000000000005","false","""normal""","1","""constant""","0.1","""Scale-free""","3","0","1","""uniform""","""deterministic-normal""","50","0.9000000000000001","0","""normal""","0","1","false","""/home/ramaswamy.51/Documents/github/Spirals/Media/data/cluster/endsim/BehaviorSearch/Step6_Trial""","true","0.2","0.8","10","1","true","true","0.08891718117909417","2","0.07156045351061943"
"1","2146","1000","1","""HK""","0.04","false","""normal""","1","""constant""","0.2","""Scale-free""","3","0","1","""uniform""","""deterministic-normal""","50","0.9000000000000001","0","""normal""","0","1","false","""/home/ramaswamy.51/Documents/github/Spirals/Media/data/cluster/endsim/BehaviorSearch/Step6_Trial""","true","0.2","1","10","0.7000000000000002","true","true","0.149452386408642","2","0.07156045351061943"
"1","2148","1000","1","""HK""","0.05","false","""normal""","1","""constant""","0.1","""Scale-free""","4","0","1","""uniform""","""deterministic-normal""","50","0.9000000000000001","0.1","""normal""","0","1","false","""/home/ramaswamy.51/Documents/github/Spirals/Media/data/cluster/endsim/BehaviorSearch/Step6_Trial""","true","0.2","1","10","0.5","true","true","0.10501196259698474","2","0.07156045351061943"
"1","2150","1000","1","""HK""","0.05","false","""normal""","1","""constant""","0.1","""Scale-free""","3","0","1","""uniform""","""deterministic-normal""","50","0.7000000000000002","0","""normal""","0.10000000000000009","0.9","false","""/home/ramaswamy.51/Documents/github/Spirals/Media/data/cluster/endsim/BehaviorSearch/Step6_Trial""","true","0.2","1","10","0.7000000000000002","true","true","0.10622987570046992","2","0.07156045351061943"
"1","2152","1000","1","""HK""","0.09999999999999999","false","""normal""","1","""constant""","0.1","""Scale-free""","3","0","1","""uniform""","""deterministic-normal""","50","0.9000000000000001","0","""normal""","0","0.9","false","""/home/ramaswamy.51/Documents/github/Spirals/Media/data/cluster/endsim/BehaviorSearch/Step6_Trial""","true","0.2","1","10","0.7000000000000002","true","true","0.13868783985676567","2","0.07156045351061943"
"1","2154","1000","1","""HK""","0.05","false","""normal""","1","""constant""","0.2","""Scale-free""","3","0","1","""uniform""","""deterministic-normal""","50","0.9000000000000001","0","""normal""","0","0.8","false","""/home/ramaswamy.51/Documents/github/Spirals/Media/data/cluster/endsim/BehaviorSearch/Step6_Trial""","true","0.2","1","10","0.7000000000000002","true","true","0.15822457183818664","2","0.07156045351061943"
"1","2156","1000","1","""HK""","0.02","false","""normal""","1","""constant""","0.1","""Scale-free""","3","0","1","""uniform""","""deterministic-normal""","50","0.9000000000000001","0","""normal""","0","1","false","""/home/ramaswamy.51/Documents/github/Spirals/Media/data/cluster/endsim/BehaviorSearch/Step6_Trial""","true","0.2","0.9","10","0.30000000000000004","true","true","0.10950501578758284","2","0.07156045351061943"
"1","2158","1000","1","""HK""","0.060000000000000005","false","""normal""","1","""constant""","0.1","""Scale-free""","3","0","1","""uniform""","""deterministic-normal""","50","0.9000000000000001","0","""normal""","0","0.9","false","""/home/ramaswamy.51/Documents/github/Spirals/Media/data/cluster/endsim/BehaviorSearch/Step6_Trial""","true","0.30000000000000004","1","10","0.40000000000000013","true","true","0.10754639176558083","2","0.07156045351061943"
"1","2160","1000","1","""HK""","0.05","false","""normal""","1","""constant""","0.1","""Scale-free""","3","0","1","""uniform""","""deterministic-normal""","50","0.9000000000000001","0","""normal""","0","1","false","""/home/ramaswamy.51/Documents/github/Spirals/Media/data/cluster/endsim/BehaviorSearch/Step6_Trial""","true","0.2","1","10","1","true","true","0.09031444835305957","2","0.07156045351061943"
"1","2162","1000","1","""HK""","0.05","false","""normal""","1","""constant""","0.1","""Scale-free""","3","0","1","""uniform""","""deterministic-normal""","50","0.9000000000000001","0","""normal""","0","1","false","""/home/ramaswamy.51/Documents/github/Spirals/Media/data/cluster/endsim/BehaviorSearch/Step6_Trial""","true","0.2","1","10","0.40000000000000013","true","true","0.09725894066231283","2","0.07156045351061943"
"1","2164","1000","1","""HK""","0.05","false","""normal""","1","""constant""","0","""Scale-free""","3","0","1","""uniform""","""deterministic-normal""","45","0.9000000000000001","0","""normal""","0.40000000000000013","1","false","""/home/ramaswamy.51/Documents/github/Spirals/Media/data/cluster/endsim/BehaviorSearch/Step6_Trial""","true","0.2","1","10","0.7000000000000002","true","true","0.2525252364235203","2","0.07156045351061943"
"1","2166","1000","1","""HK""","0.05","false","""normal""","1","""constant""","0.1","""Scale-free""","3","0","1","""uniform""","""deterministic-normal""","50","0.9000000000000001","0","""normal""","0","1","false","""/home/ramaswamy.51/Documents/github/Spirals/Media/data/cluster/endsim/BehaviorSearch/Step6_Trial""","true","0.5","1","10","0.8","true","true","0.11200577820708138","2","0.07156045351061943"
"1","2168","1000","1","""HK""","0.05","false","""normal""","1","""constant""","0","""Scale-free""","3","0","1","""uniform""","""deterministic-normal""","50","0.8","0","""normal""","0","1","false","""/home/ramaswamy.51/Documents/github/Spirals/Media/data/cluster/endsim/BehaviorSearch/Step6_Trial""","true","0.2","1","10","0.6000000000000001","true","true","0.22645685891049322","2","0.07156045351061943"
"1","2170","1000","1","""HK""","0.05","false","""normal""","1","""constant""","0.1","""Scale-free""","3","0","1","""uniform""","""deterministic-normal""","50","1","0","""normal""","-0.09999999999999998","1","false","""/home/ramaswamy.51/Documents/github/Spirals/Media/data/cluster/endsim/BehaviorSearch/Step6_Trial""","true","0.2","1","10","0.7000000000000002","true","true","0.09676850402850386","2","0.07156045351061943"
"1","2172","1000","1","""HK""","0.06999999999999999","false","""normal""","1","""constant""","0.1","""Scale-free""","3","0","1","""uniform""","""deterministic-normal""","50","1","0","""normal""","0","1","false","""/home/ramaswamy.51/Documents/github/Spirals/Media/data/cluster/endsim/BehaviorSearch/Step6_Trial""","true","0.2","1","10","0.7000000000000002","true","true","0.10029802091020959","2","0.07156045351061943"
"1","2174","1000","1","""HK""","0.05","false","""normal""","1","""constant""","0.1","""Scale-free""","3","0","1","""uniform""","""deterministic-normal""","50","0.8","0.1","""normal""","0","1","false","""/home/ramaswamy.51/Documents/github/Spirals/Media/data/cluster/endsim/BehaviorSearch/Step6_Trial""","true","0.2","1","10","0.7000000000000002","true","true","0.09506863335303428","2","0.07156045351061943"
"1","2176","1000","1","""HK""","0.05","false","""normal""","1","""constant""","0.1","""Scale-free""","3","0","1","""uniform""","""deterministic-normal""","40","0.7000000000000002","0","""normal""","0","1","false","""/home/ramaswamy.51/Documents/github/Spirals/Media/data/cluster/endsim/BehaviorSearch/Step6_Trial""","true","0.30000000000000004","1","10","0.6000000000000001","true","true","0.09469639359771133","2","0.07156045351061943"
"1","2178","1000","1","""HK""","0.06999999999999999","false","""normal""","1","""constant""","0.2","""Scale-free""","3","0","1","""uniform""","""deterministic-normal""","50","0.9000000000000001","0","""normal""","0","0.9","false","""/home/ramaswamy.51/Documents/github/Spirals/Media/data/cluster/endsim/BehaviorSearch/Step6_Trial""","true","0.2","1","9","0.6000000000000001","true","true","0.1868773486479806","2","0.07156045351061943"
"1","2180","1000","1","""HK""","0.05","false","""normal""","1","""constant""","0.1","""Scale-free""","3","0","1","""uniform""","""deterministic-normal""","50","0.9000000000000001","0","""normal""","0","1","false","""/home/ramaswamy.51/Documents/github/Spirals/Media/data/cluster/endsim/BehaviorSearch/Step6_Trial""","true","0.30000000000000004","1","10","1","true","true","0.09742134558503973","2","0.07156045351061943"
"1","2182","1000","1","""HK""","0.04","false","""normal""","1","""constant""","0.1","""Scale-free""","3","0","1","""uniform""","""deterministic-normal""","45","0.9000000000000001","0","""normal""","0","1","false","""/home/ramaswamy.51/Documents/github/Spirals/Media/data/cluster/endsim/BehaviorSearch/Step6_Trial""","true","0.2","1","10","0.6000000000000001","true","true","0.09439946711463575","2","0.07156045351061943"
"1","2184","1000","1","""HK""","0.05","false","""normal""","1","""constant""","0.1","""Scale-free""","2","0","1","""uniform""","""deterministic-normal""","50","0.9000000000000001","0","""normal""","0","1","false","""/home/ramaswamy.51/Documents/github/Spirals/Media/data/cluster/endsim/BehaviorSearch/Step6_Trial""","true","0.1","1","10","0.7000000000000002","true","true","0.09504706246718184","2","0.07156045351061943"
"1","2186","1000","1","""HK""","0.02","false","""normal""","1","""constant""","0.1","""Scale-free""","3","0","1","""uniform""","""deterministic-normal""","50","0.6000000000000001","0","""normal""","0","1","false","""/home/ramaswamy.51/Documents/github/Spirals/Media/data/cluster/endsim/BehaviorSearch/Step6_Trial""","true","0.2","0.9","10","0.7000000000000002","true","true","0.09288403911572862","2","0.07156045351061943"
"1","2188","1000","1","""HK""","0.05","false","""normal""","1","""constant""","0","""Scale-free""","4","0","1","""uniform""","""deterministic-normal""","50","0.9000000000000001","0","""normal""","0","1","false","""/home/ramaswamy.51/Documents/github/Spirals/Media/data/cluster/endsim/BehaviorSearch/Step6_Trial""","true","0.2","1","10","0.7000000000000002","true","true","0.22763853021387445","2","0.07156045351061943"
"1","2190","1000","1","""HK""","0.05","false","""normal""","1","""constant""","0","""Scale-free""","3","0","1","""uniform""","""deterministic-normal""","50","0.8","0","""normal""","0","1","false","""/home/ramaswamy.51/Documents/github/Spirals/Media/data/cluster/endsim/BehaviorSearch/Step6_Trial""","true","0.2","1","10","0.7000000000000002","true","true","0.24366465349075872","2","0.07156045351061943"
"1","2192","1000","1","""HK""","0.05","false","""normal""","1","""constant""","0","""Scale-free""","3","0","1","""uniform""","""deterministic-normal""","50","1","0","""normal""","0","1","false","""/home/ramaswamy.51/Documents/github/Spirals/Media/data/cluster/endsim/BehaviorSearch/Step6_Trial""","true","0.2","1","10","0.7000000000000002","true","true","0.23615682631735144","2","0.07156045351061943"
"1","2194","1000","1","""HK""","0.08","false","""normal""","1","""constant""","0.1","""Scale-free""","3","0","1","""uniform""","""deterministic-normal""","50","0.9000000000000001","0.2","""normal""","0.10000000000000009","0.9","false","""/home/ramaswamy.51/Documents/github/Spirals/Media/data/cluster/endsim/BehaviorSearch/Step6_Trial""","true","0.2","1","10","0.7000000000000002","true","true","0.11154449202331013","2","0.07156045351061943"
"1","2196","1000","1","""HK""","0.05","false","""normal""","1","""constant""","0.1","""Scale-free""","3","0","1","""uniform""","""deterministic-normal""","50","0.9000000000000001","0","""normal""","-0.09999999999999998","1","false","""/home/ramaswamy.51/Documents/github/Spirals/Media/data/cluster/endsim/BehaviorSearch/Step6_Trial""","true","0.1","1","10","0.7000000000000002","true","true","0.10526179153209962","2","0.07156045351061943"
"1","2198","1000","1","""HK""","0.04","false","""normal""","1","""constant""","0.1","""Scale-free""","3","0","1","""uniform""","""deterministic-normal""","50","0.9000000000000001","0.2","""normal""","0","1","false","""/home/ramaswamy.51/Documents/github/Spirals/Media/data/cluster/endsim/BehaviorSearch/Step6_Trial""","true","0.2","1","10","0.7000000000000002","true","true","0.09100815409799975","2","0.07156045351061943"
"1","2200","1000","1","""HK""","0.060000000000000005","false","""normal""","1","""constant""","0.1","""Scale-free""","3","0","1","""uniform""","""deterministic-normal""","50","0.9000000000000001","0","""normal""","0","1","false","""/home/ramaswamy.51/Documents/github/Spirals/Media/data/cluster/endsim/BehaviorSearch/Step6_Trial""","true","0.2","1","10","0.7000000000000002","true","true","0.09157230222311438","2","0.07156045351061943"
"1","2202","1000","1","""HK""","0.05","false","""normal""","1","""constant""","0.1","""Scale-free""","3","0","1","""uniform""","""deterministic-normal""","40","1","0","""normal""","0","1","false","""/home/ramaswamy.51/Documents/github/Spirals/Media/data/cluster/endsim/BehaviorSearch/Step6_Trial""","true","0.2","1","10","0.7000000000000002","true","true","0.09687682181915194","2","0.07156045351061943"
"1","2204","1000","1","""HK""","0.05","false","""normal""","1","""constant""","0.1","""Scale-free""","3","0","1","""uniform""","""deterministic-normal""","50","0.9000000000000001","0","""normal""","-0.19999999999999996","1","false","""/home/ramaswamy.51/Documents/github/Spirals/Media/data/cluster/endsim/BehaviorSearch/Step6_Trial""","true","0.1","1","10","0.7000000000000002","true","true","0.11472575661587847","2","0.07156045351061943"
"1","2206","1000","1","""HK""","0.03","false","""normal""","1","""constant""","0.1","""Scale-free""","3","0","1","""uniform""","""deterministic-normal""","50","1","0","""normal""","0.30000000000000004","1","false","""/home/ramaswamy.51/Documents/github/Spirals/Media/data/cluster/endsim/BehaviorSearch/Step6_Trial""","true","0.2","1","10","0.7000000000000002","true","true","0.124393747246372","2","0.07156045351061943"
"1","2208","1000","1","""HK""","0.05","false","""normal""","1","""constant""","0.1","""Scale-free""","3","0","1","""uniform""","""deterministic-normal""","50","0.40000000000000013","0.1","""normal""","0","0.9","false","""/home/ramaswamy.51/Documents/github/Spirals/Media/data/cluster/endsim/BehaviorSearch/Step6_Trial""","true","0.2","0.8","10","0.7000000000000002","true","true","0.10044867615527386","2","0.07156045351061943"
"1","2210","1000","1","""HK""","0.060000000000000005","false","""normal""","1","""constant""","0.1","""Scale-free""","3","0","1","""uniform""","""deterministic-normal""","50","1","0","""normal""","-0.09999999999999998","1","false","""/home/ramaswamy.51/Documents/github/Spirals/Media/data/cluster/endsim/BehaviorSearch/Step6_Trial""","true","0.2","0.9","10","0.7000000000000002","true","true","0.09812730792017685","2","0.07156045351061943"
"1","2212","1000","1","""HK""","0.05","false","""normal""","1","""constant""","0.1","""Scale-free""","3","0","1","""uniform""","""deterministic-normal""","45","0.7000000000000002","0","""normal""","0","1","false","""/home/ramaswamy.51/Documents/github/Spirals/Media/data/cluster/endsim/BehaviorSearch/Step6_Trial""","true","0.30000000000000004","1","10","0.7000000000000002","true","true","0.08785270641692773","2","0.07156045351061943"
"1","2214","1000","1","""HK""","0.02","false","""normal""","1","""constant""","0.1","""Scale-free""","3","0","1","""uniform""","""deterministic-normal""","50","0.9000000000000001","0","""normal""","0","1","false","""/home/ramaswamy.51/Documents/github/Spirals/Media/data/cluster/endsim/BehaviorSearch/Step6_Trial""","true","0.30000000000000004","1","10","0.7000000000000002","true","true","0.11107315727328798","2","0.07156045351061943"
"1","2216","1000","1","""HK""","0.04","false","""normal""","1","""constant""","0.1","""Scale-free""","3","0","1","""uniform""","""deterministic-normal""","45","0.9000000000000001","0","""normal""","0","1","false","""/home/ramaswamy.51/Documents/github/Spirals/Media/data/cluster/endsim/BehaviorSearch/Step6_Trial""","true","0.2","1","9","0.6000000000000001","true","true","0.10244048916739426","2","0.07156045351061943"
"1","2218","1000","1","""HK""","0.02","false","""normal""","1","""constant""","0.1","""Scale-free""","2","0","1","""uniform""","""deterministic-normal""","50","1","0","""normal""","-0.19999999999999996","1","false","""/home/ramaswamy.51/Documents/github/Spirals/Media/data/cluster/endsim/BehaviorSearch/Step6_Trial""","true","0.30000000000000004","1","10","0.7000000000000002","true","true","0.11493326250303701","2","0.07156045351061943"
"1","2220","1000","1","""HK""","0.060000000000000005","false","""normal""","1","""constant""","0.1","""Scale-free""","3","0","1","""uniform""","""deterministic-normal""","45","0.9000000000000001","0","""normal""","0","1","false","""/home/ramaswamy.51/Documents/github/Spirals/Media/data/cluster/endsim/BehaviorSearch/Step6_Trial""","true","0.30000000000000004","0.9","10","0.7000000000000002","true","true","0.10624269696052674","2","0.07156045351061943"
"1","2222","1000","1","""HK""","0.05","false","""normal""","1","""constant""","0.1","""Scale-free""","2","0","1","""uniform""","""deterministic-normal""","50","0.9000000000000001","0","""normal""","0","1","false","""/home/ramaswamy.51/Documents/github/Spirals/Media/data/cluster/endsim/BehaviorSearch/Step6_Trial""","true","0.2","0.9","10","0.7000000000000002","true","true","0.09626729470920867","2","0.07156045351061943"
"1","2224","1000","1","""HK""","0.02","false","""normal""","1","""constant""","0.1","""Scale-free""","3","0","1","""uniform""","""deterministic-normal""","50","1","0","""normal""","0","1","false","""/home/ramaswamy.51/Documents/github/Spirals/Media/data/cluster/endsim/BehaviorSearch/Step6_Trial""","true","0.2","1","10","0.7000000000000002","true","true","0.09160874334983946","2","0.07156045351061943"
"1","2226","1000","1","""HK""","0.060000000000000005","false","""normal""","1","""constant""","0.1","""Scale-free""","3","0","1","""uniform""","""deterministic-normal""","50","0.9000000000000001","0","""normal""","0","1","false","""/home/ramaswamy.51/Documents/github/Spirals/Media/data/cluster/endsim/BehaviorSearch/Step6_Trial""","true","0.1","1","10","0.6000000000000001","true","true","0.1032369899246823","2","0.07156045351061943"
"1","2228","1000","1","""HK""","0.05","false","""normal""","1","""constant""","0.1","""Scale-free""","3","0","1","""uniform""","""deterministic-normal""","50","0.8","0","""normal""","-0.19999999999999996","0.9","false","""/home/ramaswamy.51/Documents/github/Spirals/Media/data/cluster/endsim/BehaviorSearch/Step6_Trial""","true","0.1","1","10","0.7000000000000002","true","true","0.09536878731791651","2","0.07156045351061943"
"1","2230","1000","1","""HK""","0.01","false","""normal""","1","""constant""","0.1","""Scale-free""","3","0","1","""uniform""","""deterministic-normal""","45","1","0","""normal""","0","1","false","""/home/ramaswamy.51/Documents/github/Spirals/Media/data/cluster/endsim/BehaviorSearch/Step6_Trial""","true","0.2","1","10","0.7000000000000002","true","true","0.0834371692590273","2","0.07156045351061943"
"1","2232","1000","1","""HK""","0.05","false","""normal""","1","""constant""","0.1","""Scale-free""","3","0","1","""uniform""","""deterministic-normal""","50","0.7000000000000002","0","""normal""","0","1","false","""/home/ramaswamy.51/Documents/github/Spirals/Media/data/cluster/endsim/BehaviorSearch/Step6_Trial""","true","0.2","0.9","10","0.7000000000000002","true","true","0.0936691978182797","2","0.07156045351061943"
"1","2234","1000","1","""HK""","0.05","false","""normal""","1","""constant""","0.1","""Scale-free""","2","0","1","""uniform""","""deterministic-normal""","50","0.9000000000000001","0","""normal""","0","1","false","""/home/ramaswamy.51/Documents/github/Spirals/Media/data/cluster/endsim/BehaviorSearch/Step6_Trial""","true","0.30000000000000004","1","10","0.7000000000000002","true","true","0.09726747184162071","2","0.07156045351061943"
"1","2236","1000","1","""HK""","0.02","false","""normal""","1","""constant""","0.1","""Scale-free""","3","0","1","""uniform""","""deterministic-normal""","50","0.9000000000000001","0","""normal""","0","1","false","""/home/ramaswamy.51/Documents/github/Spirals/Media/data/cluster/endsim/BehaviorSearch/Step6_Trial""","true","0.4","1","9","0.6000000000000001","true","true","0.11410036157261315","2","0.07156045351061943"
"1","2238","1000","1","""HK""","0.09","false","""normal""","1","""constant""","0.1","""Scale-free""","3","0","1","""uniform""","""deterministic-normal""","50","0.5","0","""normal""","0","0.8","false","""/home/ramaswamy.51/Documents/github/Spirals/Media/data/cluster/endsim/BehaviorSearch/Step6_Trial""","true","0.2","1","10","0.7000000000000002","true","true","0.11761120887943313","2","0.07156045351061943"
"1","2240","1000","1","""HK""","0.01","false","""normal""","1","""constant""","0.1","""Scale-free""","3","0","1","""uniform""","""deterministic-normal""","50","0.9000000000000001","0","""normal""","0","1","false","""/home/ramaswamy.51/Documents/github/Spirals/Media/data/cluster/endsim/BehaviorSearch/Step6_Trial""","true","0.2","1","10","0.6000000000000001","true","true","0.10748444831157732","2","0.07156045351061943"
"1","2242","1000","1","""HK""","0.05","false","""normal""","1","""constant""","0.1","""Scale-free""","3","0","1","""uniform""","""deterministic-normal""","50","0.9000000000000001","0","""normal""","-0.19999999999999996","1","false","""/home/ramaswamy.51/Documents/github/Spirals/Media/data/cluster/endsim/BehaviorSearch/Step6_Trial""","true","0.2","1","10","1","true","true","0.09111263454131709","2","0.07156045351061943"
"1","2244","1000","1","""HK""","0.05","false","""normal""","1","""constant""","0","""Scale-free""","3","0","1","""uniform""","""deterministic-normal""","45","0.8","0","""normal""","-0.09999999999999998","1","false","""/home/ramaswamy.51/Documents/github/Spirals/Media/data/cluster/endsim/BehaviorSearch/Step6_Trial""","true","0.2","1","10","0.7000000000000002","true","true","0.22069695156224262","2","0.07156045351061943"
"1","2246","1000","1","""HK""","0.06999999999999999","false","""normal""","1","""constant""","0.1","""Scale-free""","4","0","1","""uniform""","""deterministic-normal""","50","0.9000000000000001","0.1","""normal""","-0.09999999999999998","1","false","""/home/ramaswamy.51/Documents/github/Spirals/Media/data/cluster/endsim/BehaviorSearch/Step6_Trial""","true","0.2","1","10","0.7000000000000002","true","true","0.09756076495302791","2","0.07156045351061943"
"1","2248","1000","1","""HK""","0.05","false","""normal""","1","""constant""","0.2","""Scale-free""","3","0","1","""uniform""","""deterministic-normal""","50","0.9000000000000001","0","""normal""","0.30000000000000004","1","false","""/home/ramaswamy.51/Documents/github/Spirals/Media/data/cluster/endsim/BehaviorSearch/Step6_Trial""","true","0.1","1","10","0.6000000000000001","true","true","0.1815345167225555","2","0.07156045351061943"
"1","2250","1000","1","""HK""","0.02","false","""normal""","1","""constant""","0.1","""Scale-free""","3","0","1","""uniform""","""deterministic-normal""","50","0.9000000000000001","0","""normal""","0","1","false","""/home/ramaswamy.51/Documents/github/Spirals/Media/data/cluster/endsim/BehaviorSearch/Step6_Trial""","true","0.2","0.9","10","0.5","true","true","0.0863748209767419","2","0.07156045351061943"
"1","2252","1000","1","""HK""","0.05","false","""normal""","1","""constant""","0.1","""Scale-free""","3","0","1","""uniform""","""deterministic-normal""","40","0.9000000000000001","0","""normal""","0.30000000000000004","1","false","""/home/ramaswamy.51/Documents/github/Spirals/Media/data/cluster/endsim/BehaviorSearch/Step6_Trial""","true","0.2","1","10","0.7000000000000002","true","true","0.11923586863038427","2","0.07156045351061943"
"1","2254","1000","1","""HK""","0.05","false","""normal""","1","""constant""","0.1","""Scale-free""","3","0","1","""uniform""","""deterministic-normal""","50","0.9000000000000001","0.1","""normal""","0","1","false","""/home/ramaswamy.51/Documents/github/Spirals/Media/data/cluster/endsim/BehaviorSearch/Step6_Trial""","true","0.2","0.9","10","0.7000000000000002","true","true","0.10261905746216264","2","0.07156045351061943"
"1","2256","1000","1","""HK""","0.05","false","""normal""","1","""constant""","0.1","""Scale-free""","2","0","1","""uniform""","""deterministic-normal""","50","0.9000000000000001","0","""normal""","0","1","false","""/home/ramaswamy.51/Documents/github/Spirals/Media/data/cluster/endsim/BehaviorSearch/Step6_Trial""","true","0.2","1","10","0.7000000000000002","true","true","0.0922339934208865","2","0.07156045351061943"
"1","2258","1000","1","""HK""","0.05","false","""normal""","1","""constant""","0.1","""Scale-free""","3","0","1","""uniform""","""deterministic-normal""","50","0.9000000000000001","0","""normal""","0.20000000000000018","1","false","""/home/ramaswamy.51/Documents/github/Spirals/Media/data/cluster/endsim/BehaviorSearch/Step6_Trial""","true","0.2","1","9","0.7000000000000002","true","true","0.10840721921847071","2","0.07156045351061943"
"1","2260","1000","1","""HK""","0.060000000000000005","false","""normal""","1","""constant""","0.1","""Scale-free""","3","0","1","""uniform""","""deterministic-normal""","50","0.9000000000000001","0","""normal""","0","1","false","""/home/ramaswamy.51/Documents/github/Spirals/Media/data/cluster/endsim/BehaviorSearch/Step6_Trial""","true","0.2","1","10","0.5","true","true","0.09240561426579909","2","0.07156045351061943"
"1","2262","1000","1","""HK""","0.05","false","""normal""","1","""constant""","0.1","""Scale-free""","3","0","1","""uniform""","""deterministic-normal""","50","0.9000000000000001","0","""normal""","0.20000000000000018","1","false","""/home/ramaswamy.51/Documents/github/Spirals/Media/data/cluster/endsim/BehaviorSearch/Step6_Trial""","true","0.2","1","10","0.8","true","true","0.10745233694948932","2","0.07156045351061943"
"1","2264","1000","1","""HK""","0.04","false","""normal""","1","""constant""","0.1","""Scale-free""","3","0","1","""uniform""","""deterministic-normal""","50","1","0","""normal""","0","1","false","""/home/ramaswamy.51/Documents/github/Spirals/Media/data/cluster/endsim/BehaviorSearch/Step6_Trial""","true","0.2","0.9","10","0.7000000000000002","true","true","0.09098715907376514","2","0.07156045351061943"
"1","2266","1000","1","""HK""","0.05","false","""normal""","1","""constant""","0","""Scale-free""","3","0","1","""uniform""","""deterministic-normal""","50","1","0","""normal""","-0.09999999999999998","1","false","""/home/ramaswamy.51/Documents/github/Spirals/Media/data/cluster/endsim/BehaviorSearch/Step6_Trial""","true","0.2","1","10","0.7000000000000002","true","true","0.23686171888088586","2","0.07156045351061943"
"1","2268","1000","1","""HK""","0.05","false","""normal""","1","""constant""","0.1","""Scale-free""","3","0","1","""uniform""","""deterministic-normal""","45","0.9000000000000001","0","""normal""","0.20000000000000018","1","false","""/home/ramaswamy.51/Documents/github/Spirals/Media/data/cluster/endsim/BehaviorSearch/Step6_Trial""","true","0.2","1","10","0.7000000000000002","true","true","0.10848643114546849","2","0.07156045351061943"
"1","2270","1000","1","""HK""","0.06999999999999999","false","""normal""","1","""constant""","0.1","""Scale-free""","3","0","1","""uniform""","""deterministic-normal""","40","0.8","0.1","""normal""","-0.19999999999999996","1","false","""/home/ramaswamy.51/Documents/github/Spirals/Media/data/cluster/endsim/BehaviorSearch/Step6_Trial""","true","0.2","1","10","0.6000000000000001","true","true","0.11041536834475613","2","0.07156045351061943"
"1","2272","1000","1","""HK""","0.06999999999999999","false","""normal""","1","""constant""","0.1","""Scale-free""","4","0","1","""uniform""","""deterministic-normal""","50","0.9000000000000001","0","""normal""","0","0.9","false","""/home/ramaswamy.51/Documents/github/Spirals/Media/data/cluster/endsim/BehaviorSearch/Step6_Trial""","true","0.2","1","9","0.6000000000000001","true","true","0.10106080706854784","2","0.07156045351061943"
"1","2274","1000","1","""HK""","0.05","false","""normal""","1","""constant""","0.1","""Scale-free""","3","0","1","""uniform""","""deterministic-normal""","50","0.9000000000000001","0","""normal""","-0.09999999999999998","1","false","""/home/ramaswamy.51/Documents/github/Spirals/Media/data/cluster/endsim/BehaviorSearch/Step6_Trial""","true","0","1","10","0.7000000000000002","true","true","0.11131602844449198","2","0.07156045351061943"
"1","2276","1000","1","""HK""","0.05","false","""normal""","1","""constant""","0.1","""Scale-free""","3","0","1","""uniform""","""deterministic-normal""","50","0.9000000000000001","0","""normal""","0","1","false","""/home/ramaswamy.51/Documents/github/Spirals/Media/data/cluster/endsim/BehaviorSearch/Step6_Trial""","true","0.30000000000000004","1","10","0.8","true","true","0.09882299724755925","2","0.07156045351061943"
"1","2278","1000","1","""HK""","0.05","false","""normal""","1","""constant""","0.1","""Scale-free""","3","0","1","""uniform""","""deterministic-normal""","45","0.9000000000000001","0","""normal""","0","1","false","""/home/ramaswamy.51/Documents/github/Spirals/Media/data/cluster/endsim/BehaviorSearch/Step6_Trial""","true","0.1","0.9","10","0.7000000000000002","true","true","0.098823487197372","2","0.07156045351061943"
"1","2280","1000","1","""HK""","0.02","false","""normal""","1","""constant""","0.1","""Scale-free""","3","0","1","""uniform""","""deterministic-normal""","50","0.9000000000000001","0","""normal""","0.20000000000000018","1","false","""/home/ramaswamy.51/Documents/github/Spirals/Media/data/cluster/endsim/BehaviorSearch/Step6_Trial""","true","0.2","1","10","0.6000000000000001","true","true","0.1173805153259054","2","0.07156045351061943"
"1","2282","1000","1","""HK""","0.05","false","""normal""","1","""constant""","0.1","""Scale-free""","3","0","1","""uniform""","""deterministic-normal""","50","1","0","""normal""","0","1","false","""/home/ramaswamy.51/Documents/github/Spirals/Media/data/cluster/endsim/BehaviorSearch/Step6_Trial""","true","0.2","1","10","0.6000000000000001","true","true","0.08550500656288726","2","0.07156045351061943"
"1","2284","1000","1","""HK""","0.02","false","""normal""","1","""constant""","0.1","""Scale-free""","3","0","1","""uniform""","""deterministic-normal""","45","0.9000000000000001","0","""normal""","0","1","false","""/home/ramaswamy.51/Documents/github/Spirals/Media/data/cluster/endsim/BehaviorSearch/Step6_Trial""","true","0.2","1","10","0.6000000000000001","true","true","0.08963635694941295","2","0.07156045351061943"
"1","2286","1000","1","""HK""","0.05","false","""normal""","1","""constant""","0","""Scale-free""","3","0","1","""uniform""","""deterministic-normal""","50","0.9000000000000001","0","""normal""","0.10000000000000009","1","false","""/home/ramaswamy.51/Documents/github/Spirals/Media/data/cluster/endsim/BehaviorSearch/Step6_Trial""","true","0.1","1","10","0.5","true","true","0.22312731912696923","2","0.07156045351061943"
"1","2288","1000","1","""HK""","0.05","false","""normal""","1","""constant""","0.1","""Scale-free""","3","0","1","""uniform""","""deterministic-normal""","50","0.5","0","""normal""","0","1","false","""/home/ramaswamy.51/Documents/github/Spirals/Media/data/cluster/endsim/BehaviorSearch/Step6_Trial""","true","0.2","1","10","0.7000000000000002","true","true","0.10611689413251124","2","0.07156045351061943"
"1","2290","1000","1","""HK""","0.05","false","""normal""","1","""constant""","0.1","""Scale-free""","3","0","1","""uniform""","""deterministic-normal""","45","0.9000000000000001","0","""normal""","0","1","false","""/home/ramaswamy.51/Documents/github/Spirals/Media/data/cluster/endsim/BehaviorSearch/Step6_Trial""","true","0.2","1","10","0.6000000000000001","true","true","0.09038902576408833","2","0.07156045351061943"
"1","2292","1000","1","""HK""","0.06999999999999999","false","""normal""","1","""constant""","0.1","""Scale-free""","3","0","1","""uniform""","""deterministic-normal""","50","0.9000000000000001","0","""normal""","0.30000000000000004","1","false","""/home/ramaswamy.51/Documents/github/Spirals/Media/data/cluster/endsim/BehaviorSearch/Step6_Trial""","true","0.2","1","10","0.7000000000000002","true","true","0.10433213674608996","2","0.07156045351061943"
"1","2294","1000","1","""HK""","0.02","false","""normal""","1","""constant""","0.1","""Scale-free""","3","0","1","""uniform""","""deterministic-normal""","50","0.7000000000000002","0","""normal""","-0.29999999999999993","1","false","""/home/ramaswamy.51/Documents/github/Spirals/Media/data/cluster/endsim/BehaviorSearch/Step6_Trial""","true","0.2","1","10","0.7000000000000002","true","true","0.11460943176807845","2","0.07156045351061943"
"1","2296","1000","1","""HK""","0.05","false","""normal""","1","""constant""","0.1","""Scale-free""","3","0","1","""uniform""","""deterministic-normal""","50","0.8","0","""normal""","-0.19999999999999996","1","false","""/home/ramaswamy.51/Documents/github/Spirals/Media/data/cluster/endsim/BehaviorSearch/Step6_Trial""","true","0.2","1","10","0.7000000000000002","true","true","0.0915725723097764","2","0.07156045351061943"
"1","2298","1000","1","""HK""","0.02","false","""normal""","1","""constant""","0.1","""Scale-free""","3","0","1","""uniform""","""deterministic-normal""","50","0.9000000000000001","0","""normal""","-0.09999999999999998","1","false","""/home/ramaswamy.51/Documents/github/Spirals/Media/data/cluster/endsim/BehaviorSearch/Step6_Trial""","true","0.2","1","9","0.7000000000000002","true","true","0.09052633078595365","2","0.07156045351061943"
"1","2300","1000","1","""HK""","0.05","false","""normal""","1","""constant""","0.1","""Scale-free""","3","0","1","""uniform""","""deterministic-normal""","50","0.9000000000000001","0","""normal""","0","1","false","""/home/ramaswamy.51/Documents/github/Spirals/Media/data/cluster/endsim/BehaviorSearch/Step6_Trial""","true","0","1","8","0.7000000000000002","true","true","0.1087851487845591","2","0.07156045351061943"
"1","2302","1000","1","""HK""","0.05","false","""normal""","1","""constant""","0.1","""Scale-free""","3","0","1","""uniform""","""deterministic-normal""","50","0.9000000000000001","0","""normal""","0.10000000000000009","1","false","""/home/ramaswamy.51/Documents/github/Spirals/Media/data/cluster/endsim/BehaviorSearch/Step6_Trial""","true","0.2","1","10","0.6000000000000001","true","true","0.10616721665932616","2","0.07156045351061943"
"1","2304","1000","1","""HK""","0.02","false","""normal""","1","""constant""","0.1","""Scale-free""","3","0","1","""uniform""","""deterministic-normal""","50","0.9000000000000001","0","""normal""","0.30000000000000004","1","false","""/home/ramaswamy.51/Documents/github/Spirals/Media/data/cluster/endsim/BehaviorSearch/Step6_Trial""","true","0.1","1","10","0.6000000000000001","true","true","0.11685569435637073","2","0.07156045351061943"
"1","2306","1000","1","""HK""","0.02","false","""normal""","1","""constant""","0.1","""Scale-free""","3","0","1","""uniform""","""deterministic-normal""","50","0.30000000000000004","0","""normal""","0.5","1","false","""/home/ramaswamy.51/Documents/github/Spirals/Media/data/cluster/endsim/BehaviorSearch/Step6_Trial""","true","0.2","1","10","0.6000000000000001","true","true","0.1272574443753937","2","0.07156045351061943"
"1","2308","1000","1","""HK""","0.02","false","""normal""","1","""constant""","0.1","""Scale-free""","3","0","1","""uniform""","""deterministic-normal""","50","0.7000000000000002","0","""normal""","0","1","false","""/home/ramaswamy.51/Documents/github/Spirals/Media/data/cluster/endsim/BehaviorSearch/Step6_Trial""","true","0.2","1","10","0.6000000000000001","true","true","0.11721156108307879","2","0.07156045351061943"
"1","2310","1000","1","""HK""","0.02","false","""normal""","1","""constant""","0.1","""Scale-free""","3","0","1","""uniform""","""deterministic-normal""","50","0.7000000000000002","0","""normal""","0","1","false","""/home/ramaswamy.51/Documents/github/Spirals/Media/data/cluster/endsim/BehaviorSearch/Step6_Trial""","true","0.2","1","9","0.5","true","true","0.09913856652254636","2","0.07156045351061943"
"1","2312","1000","1","""HK""","0.05","false","""normal""","1","""constant""","0.1","""Scale-free""","3","0","1","""uniform""","""deterministic-normal""","40","0.9000000000000001","0","""normal""","0","1","false","""/home/ramaswamy.51/Documents/github/Spirals/Media/data/cluster/endsim/BehaviorSearch/Step6_Trial""","true","0.2","1","9","0.7000000000000002","true","true","0.08447077741692949","2","0.07156045351061943"
"1","2314","1000","1","""HK""","0.11","false","""normal""","1","""constant""","0.1","""Scale-free""","2","0","1","""uniform""","""deterministic-normal""","50","0.9000000000000001","0","""normal""","0","1","false","""/home/ramaswamy.51/Documents/github/Spirals/Media/data/cluster/endsim/BehaviorSearch/Step6_Trial""","true","0.2","1","10","0.8","true","true","0.1361058610241297","2","0.07156045351061943"
"1","2316","1000","1","""HK""","0.02","false","""normal""","1","""constant""","0.1","""Scale-free""","4","0","1","""uniform""","""deterministic-normal""","50","1","0","""normal""","-0.19999999999999996","1","false","""/home/ramaswamy.51/Documents/github/Spirals/Media/data/cluster/endsim/BehaviorSearch/Step6_Trial""","true","0.2","1","10","0.6000000000000001","true","true","0.1193511113710965","2","0.07156045351061943"
"1","2318","1000","1","""HK""","0.05","false","""normal""","1","""constant""","0.1","""Scale-free""","3","0","1","""uniform""","""deterministic-normal""","45","0.6000000000000001","0","""normal""","0","1","false","""/home/ramaswamy.51/Documents/github/Spirals/Media/data/cluster/endsim/BehaviorSearch/Step6_Trial""","true","0.2","1","8","0.7000000000000002","true","true","0.09925169654126398","2","0.07156045351061943"
"1","2320","1000","1","""HK""","0.05","false","""normal""","1","""constant""","0.1","""Scale-free""","3","0","1","""uniform""","""deterministic-normal""","50","1","0","""normal""","0","1","false","""/home/ramaswamy.51/Documents/github/Spirals/Media/data/cluster/endsim/BehaviorSearch/Step6_Trial""","true","0.2","1","10","0.5","true","true","0.07979703750859962","2","0.07156045351061943"
"1","2322","1000","1","""HK""","0.02","false","""normal""","1","""constant""","0.1","""Scale-free""","3","0","1","""uniform""","""deterministic-normal""","50","0.9000000000000001","0","""normal""","0","0.9","false","""/home/ramaswamy.51/Documents/github/Spirals/Media/data/cluster/endsim/BehaviorSearch/Step6_Trial""","true","0.2","1","10","0.7000000000000002","true","true","0.08922760758142007","2","0.07156045351061943"
"1","2324","1000","1","""HK""","0.05","false","""normal""","1","""constant""","0.1","""Scale-free""","3","0","1","""uniform""","""deterministic-normal""","50","0.9000000000000001","0","""normal""","0","1","false","""/home/ramaswamy.51/Documents/github/Spirals/Media/data/cluster/endsim/BehaviorSearch/Step6_Trial""","true","0.1","0.9","10","0.7000000000000002","true","true","0.09028446270574443","2","0.07156045351061943"
"1","2326","1000","1","""HK""","0.02","false","""normal""","1","""constant""","0","""Scale-free""","3","0","1","""uniform""","""deterministic-normal""","50","0.9000000000000001","0","""normal""","0","1","false","""/home/ramaswamy.51/Documents/github/Spirals/Media/data/cluster/endsim/BehaviorSearch/Step6_Trial""","true","0.2","1","10","0.6000000000000001","true","true","0.1632840405703675","2","0.07156045351061943"
"1","2328","1000","1","""HK""","0.01","false","""normal""","1","""constant""","0.1","""Scale-free""","3","0","1","""uniform""","""deterministic-normal""","50","0.9000000000000001","0","""normal""","0","0.8","false","""/home/ramaswamy.51/Documents/github/Spirals/Media/data/cluster/endsim/BehaviorSearch/Step6_Trial""","true","0.2","1","10","0.8","true","true","0.09569894429972176","2","0.07156045351061943"
"1","2330","1000","1","""HK""","0.05","false","""normal""","1","""constant""","0.1","""Scale-free""","3","0","1","""uniform""","""deterministic-normal""","50","0.8","0","""normal""","0.20000000000000018","1","false","""/home/ramaswamy.51/Documents/github/Spirals/Media/data/cluster/endsim/BehaviorSearch/Step6_Trial""","true","0.2","1","10","0.6000000000000001","true","true","0.10259037996595716","2","0.07156045351061943"
"1","2332","1000","1","""HK""","0.05","false","""normal""","1","""constant""","0","""Scale-free""","3","0","1","""uniform""","""deterministic-normal""","50","0.9000000000000001","0.1","""normal""","0","0.9","false","""/home/ramaswamy.51/Documents/github/Spirals/Media/data/cluster/endsim/BehaviorSearch/Step6_Trial""","true","0.2","1","10","0.6000000000000001","true","true","0.2262124269663798","2","0.07156045351061943"
"1","2334","1000","1","""HK""","0.05","false","""normal""","1","""constant""","0.1","""Scale-free""","3","0","1","""uniform""","""deterministic-normal""","50","0.9000000000000001","0.1","""normal""","-0.19999999999999996","1","false","""/home/ramaswamy.51/Documents/github/Spirals/Media/data/cluster/endsim/BehaviorSearch/Step6_Trial""","true","0.2","1","10","0.6000000000000001","true","true","0.10019580057251529","2","0.07156045351061943"
"1","2336","1000","1","""HK""","0.02","false","""normal""","1","""constant""","0.1","""Scale-free""","3","0","1","""uniform""","""deterministic-normal""","50","0.9000000000000001","0","""normal""","0","1","false","""/home/ramaswamy.51/Documents/github/Spirals/Media/data/cluster/endsim/BehaviorSearch/Step6_Trial""","true","0.2","1","10","0.40000000000000013","true","true","0.10182505328296151","2","0.07156045351061943"
"1","2338","1000","1","""HK""","0.05","false","""normal""","1","""constant""","0.1","""Scale-free""","4","0","1","""uniform""","""deterministic-normal""","50","0.9000000000000001","0","""normal""","0","1","false","""/home/ramaswamy.51/Documents/github/Spirals/Media/data/cluster/endsim/BehaviorSearch/Step6_Trial""","true","0.2","1","10","0.40000000000000013","true","true","0.10102782940137303","2","0.07156045351061943"
"1","2340","1000","1","""HK""","0.01","false","""normal""","1","""constant""","0.1","""Scale-free""","3","0","1","""uniform""","""deterministic-normal""","50","0.8","0","""normal""","0","1","false","""/home/ramaswamy.51/Documents/github/Spirals/Media/data/cluster/endsim/BehaviorSearch/Step6_Trial""","true","0.2","1","10","0.6000000000000001","true","true","0.10747224559818647","2","0.07156045351061943"
"1","2342","1000","1","""HK""","0.01","false","""normal""","1","""constant""","0.1","""Scale-free""","3","0","1","""uniform""","""deterministic-normal""","50","0.9000000000000001","0.1","""normal""","-0.19999999999999996","1","false","""/home/ramaswamy.51/Documents/github/Spirals/Media/data/cluster/endsim/BehaviorSearch/Step6_Trial""","true","0.2","1","10","0.7000000000000002","true","true","0.09476724416891333","2","0.07156045351061943"
"1","2344","1000","1","""HK""","0.02","false","""normal""","1","""constant""","0.1","""Scale-free""","3","0","1","""uniform""","""deterministic-normal""","50","0.9000000000000001","0","""normal""","0.10000000000000009","1","false","""/home/ramaswamy.51/Documents/github/Spirals/Media/data/cluster/endsim/BehaviorSearch/Step6_Trial""","true","0.2","1","10","0.6000000000000001","true","true","0.09432128724626265","2","0.07156045351061943"
"1","2346","1000","1","""HK""","0.05","false","""normal""","1","""constant""","0.1","""Scale-free""","3","0","1","""uniform""","""deterministic-normal""","50","0.9000000000000001","0","""normal""","-0.29999999999999993","1","false","""/home/ramaswamy.51/Documents/github/Spirals/Media/data/cluster/endsim/BehaviorSearch/Step6_Trial""","true","0.2","1","10","0.6000000000000001","true","true","0.09803029516931333","2","0.07156045351061943"
"1","2348","1000","1","""HK""","0.05","false","""normal""","1","""constant""","0.1","""Scale-free""","3","0","1","""uniform""","""deterministic-normal""","45","0.7000000000000002","0","""normal""","0.10000000000000009","1","false","""/home/ramaswamy.51/Documents/github/Spirals/Media/data/cluster/endsim/BehaviorSearch/Step6_Trial""","true","0.5","1","10","0.6000000000000001","true","true","0.11868484902616408","2","0.07156045351061943"
"1","2350","1000","1","""HK""","0.05","false","""normal""","1","""constant""","0.1","""Scale-free""","3","0","1","""uniform""","""deterministic-normal""","45","1","0","""normal""","0","1","false","""/home/ramaswamy.51/Documents/github/Spirals/Media/data/cluster/endsim/BehaviorSearch/Step6_Trial""","true","0.2","1","10","0.7000000000000002","true","true","0.09450015669452472","2","0.07156045351061943"
"1","2352","1000","1","""HK""","0.05","false","""normal""","1","""constant""","0.1","""Scale-free""","3","0","1","""uniform""","""deterministic-normal""","50","0.6000000000000001","0","""normal""","0.20000000000000018","1","false","""/home/ramaswamy.51/Documents/github/Spirals/Media/data/cluster/endsim/BehaviorSearch/Step6_Trial""","true","0.2","0.9","10","0.6000000000000001","true","true","0.10214678180504655","2","0.07156045351061943"
"1","2354","1000","1","""HK""","0.02","false","""normal""","1","""constant""","0.1","""Scale-free""","2","0","1","""uniform""","""deterministic-normal""","50","0.9000000000000001","0","""normal""","0","1","false","""/home/ramaswamy.51/Documents/github/Spirals/Media/data/cluster/endsim/BehaviorSearch/Step6_Trial""","true","0.2","0.9","10","0.6000000000000001","true","true","0.09493690801213867","2","0.07156045351061943"
"1","2356","1000","1","""HK""","0.02","false","""normal""","1","""constant""","0.1","""Scale-free""","3","0","1","""uniform""","""deterministic-normal""","50","0.9000000000000001","0","""normal""","0","1","false","""/home/ramaswamy.51/Documents/github/Spirals/Media/data/cluster/endsim/BehaviorSearch/Step6_Trial""","true","0.2","1","9","0.6000000000000001","true","true","0.08452381686378072","2","0.07156045351061943"
"1","2358","1000","1","""HK""","0.05","false","""normal""","1","""constant""","0.1","""Scale-free""","2","0","1","""uniform""","""deterministic-normal""","50","0.9000000000000001","0","""normal""","0","1","false","""/home/ramaswamy.51/Documents/github/Spirals/Media/data/cluster/endsim/BehaviorSearch/Step6_Trial""","true","0.2","1","9","0.7000000000000002","true","true","0.1042989761175721","2","0.07156045351061943"
"1","2360","1000","1","""HK""","0.02","false","""normal""","1","""constant""","0.1","""Scale-free""","3","0","1","""uniform""","""deterministic-normal""","50","0.9000000000000001","0","""normal""","0","1","false","""/home/ramaswamy.51/Documents/github/Spirals/Media/data/cluster/endsim/BehaviorSearch/Step6_Trial""","true","0.2","0.9","10","0.6000000000000001","true","true","0.09173874582542187","2","0.07156045351061943"
"1","2362","1000","1","""HK""","0.05","false","""normal""","1","""constant""","0.2","""Scale-free""","3","0","1","""uniform""","""deterministic-normal""","50","0.9000000000000001","0","""normal""","-0.19999999999999996","1","false","""/home/ramaswamy.51/Documents/github/Spirals/Media/data/cluster/endsim/BehaviorSearch/Step6_Trial""","true","0.2","1","10","0.6000000000000001","true","true","0.14330413005448916","2","0.07156045351061943"
"1","2364","1000","1","""HK""","0.05","false","""normal""","1","""constant""","0.1","""Scale-free""","3","0","1","""uniform""","""deterministic-normal""","50","0.9000000000000001","0","""normal""","0.40000000000000013","1","false","""/home/ramaswamy.51/Documents/github/Spirals/Media/data/cluster/endsim/BehaviorSearch/Step6_Trial""","true","0.2","1","10","0.7000000000000002","true","true","0.1198569973625191","2","0.07156045351061943"
"1","2366","1000","1","""HK""","0.05","false","""normal""","1","""constant""","0.1","""Scale-free""","3","0","1","""uniform""","""deterministic-normal""","50","1","0","""normal""","0","0.9","false","""/home/ramaswamy.51/Documents/github/Spirals/Media/data/cluster/endsim/BehaviorSearch/Step6_Trial""","true","0.2","1","10","0.8","true","true","0.09738444288278263","2","0.07156045351061943"
"1","2368","1000","1","""HK""","0.04","false","""normal""","1","""constant""","0.2","""Scale-free""","3","0","1","""uniform""","""deterministic-normal""","50","0.9000000000000001","0.1","""normal""","0.10000000000000009","1","false","""/home/ramaswamy.51/Documents/github/Spirals/Media/data/cluster/endsim/BehaviorSearch/Step6_Trial""","true","0.2","1","10","0.6000000000000001","true","true","0.16626009288729088","2","0.07156045351061943"
"1","2370","1000","1","""HK""","0.02","false","""normal""","1","""constant""","0.1","""Scale-free""","3","0","1","""uniform""","""deterministic-normal""","45","0.8","0","""normal""","0","1","false","""/home/ramaswamy.51/Documents/github/Spirals/Media/data/cluster/endsim/BehaviorSearch/Step6_Trial""","true","0.2","1","10","0.6000000000000001","true","true","0.09822686678254242","2","0.07156045351061943"
"1","2372","1000","1","""HK""","0.05","false","""normal""","1","""constant""","0.1","""Scale-free""","3","0","1","""uniform""","""deterministic-normal""","50","0.9000000000000001","0.1","""normal""","0.20000000000000018","1","false","""/home/ramaswamy.51/Documents/github/Spirals/Media/data/cluster/endsim/BehaviorSearch/Step6_Trial""","true","0.2","1","10","0.7000000000000002","true","true","0.11273326335859583","2","0.07156045351061943"
"1","2374","1000","1","""HK""","0.03","false","""normal""","1","""constant""","0.1","""Scale-free""","3","0","1","""uniform""","""deterministic-normal""","50","1","0","""normal""","0","1","false","""/home/ramaswamy.51/Documents/github/Spirals/Media/data/cluster/endsim/BehaviorSearch/Step6_Trial""","true","0.2","1","9","0.5","true","true","0.08974591411002039","2","0.07156045351061943"
"1","2376","1000","1","""HK""","0.05","false","""normal""","1","""constant""","0.2","""Scale-free""","3","0","1","""uniform""","""deterministic-normal""","45","0.6000000000000001","0","""normal""","0","1","false","""/home/ramaswamy.51/Documents/github/Spirals/Media/data/cluster/endsim/BehaviorSearch/Step6_Trial""","true","0.2","1","10","0.6000000000000001","true","true","0.15574395327587284","2","0.07156045351061943"
"1","2378","1000","1","""HK""","0.02","false","""normal""","1","""constant""","0.1","""Scale-free""","3","0","1","""uniform""","""deterministic-normal""","50","0.9000000000000001","0.2","""normal""","0","1","false","""/home/ramaswamy.51/Documents/github/Spirals/Media/data/cluster/endsim/BehaviorSearch/Step6_Trial""","true","0.1","1","10","0.7000000000000002","true","true","0.08939873303963124","2","0.07156045351061943"
"1","2380","1000","1","""HK""","0.01","false","""normal""","1","""constant""","0.1","""Scale-free""","3","0","1","""uniform""","""deterministic-normal""","50","0.9000000000000001","0","""normal""","-0.3999999999999999","1","false","""/home/ramaswamy.51/Documents/github/Spirals/Media/data/cluster/endsim/BehaviorSearch/Step6_Trial""","true","0.2","0.9","9","0.6000000000000001","true","true","0.11130318135757378","2","0.07156045351061943"
"1","2382","1000","1","""HK""","0.04","false","""normal""","1","""constant""","0.1","""Scale-free""","3","0","1","""uniform""","""deterministic-normal""","50","0.8","0","""normal""","-0.09999999999999998","1","false","""/home/ramaswamy.51/Documents/github/Spirals/Media/data/cluster/endsim/BehaviorSearch/Step6_Trial""","true","0.2","0.9","10","0.6000000000000001","true","true","0.08981504311632182","2","0.07156045351061943"
"1","2384","1000","1","""HK""","0.060000000000000005","false","""normal""","1","""constant""","0.1","""Scale-free""","3","0","1","""uniform""","""deterministic-normal""","50","0.9000000000000001","0","""normal""","0","1","false","""/home/ramaswamy.51/Documents/github/Spirals/Media/data/cluster/endsim/BehaviorSearch/Step6_Trial""","true","0.2","1","10","0.6000000000000001","true","true","0.10575429208193995","2","0.07156045351061943"
"1","2386","1000","1","""HK""","0.05","false","""normal""","1","""constant""","0.1","""Scale-free""","3","0","1","""uniform""","""deterministic-normal""","45","0.9000000000000001","0","""normal""","0.10000000000000009","1","false","""/home/ramaswamy.51/Documents/github/Spirals/Media/data/cluster/endsim/BehaviorSearch/Step6_Trial""","true","0.2","0.8","10","0.7000000000000002","true","true","0.09759277633419426","2","0.07156045351061943"
"1","2388","1000","1","""HK""","0.02","false","""normal""","1","""constant""","0.1","""Scale-free""","3","0","1","""uniform""","""deterministic-normal""","50","0.8","0","""normal""","0","1","false","""/home/ramaswamy.51/Documents/github/Spirals/Media/data/cluster/endsim/BehaviorSearch/Step6_Trial""","true","0.2","1","10","0.6000000000000001","true","true","0.09316239100597082","2","0.07156045351061943"
"1","2390","1000","1","""HK""","0.01","false","""normal""","1","""constant""","0.1","""Scale-free""","3","0","1","""uniform""","""deterministic-normal""","50","0.9000000000000001","0","""normal""","0","1","false","""/home/ramaswamy.51/Documents/github/Spirals/Media/data/cluster/endsim/BehaviorSearch/Step6_Trial""","true","0.1","1","10","0.6000000000000001","true","true","0.10238597794898482","2","0.07156045351061943"
"1","2392","1000","1","""HK""","0.02","false","""normal""","1","""constant""","0.1","""Scale-free""","3","0","1","""uniform""","""deterministic-normal""","40","0.9000000000000001","0","""normal""","0","1","false","""/home/ramaswamy.51/Documents/github/Spirals/Media/data/cluster/endsim/BehaviorSearch/Step6_Trial""","true","0.2","0.9","10","0.6000000000000001","true","true","0.08082571778376234","2","0.07156045351061943"
"1","2394","1000","1","""HK""","0.05","false","""normal""","1","""constant""","0.1","""Scale-free""","3","0","1","""uniform""","""deterministic-normal""","50","1","0","""normal""","0.20000000000000018","1","false","""/home/ramaswamy.51/Documents/github/Spirals/Media/data/cluster/endsim/BehaviorSearch/Step6_Trial""","true","0.2","1","10","0.6000000000000001","true","true","0.08920333135184653","2","0.07156045351061943"
"1","2396","1000","1","""HK""","0.02","false","""normal""","1","""constant""","0.1","""Scale-free""","3","0","1","""uniform""","""deterministic-normal""","50","0.9000000000000001","0","""normal""","-0.5","1","false","""/home/ramaswamy.51/Documents/github/Spirals/Media/data/cluster/endsim/BehaviorSearch/Step6_Trial""","true","0.2","1","10","0.6000000000000001","true","true","0.10949042494773359","2","0.07156045351061943"
"1","2398","1000","1","""HK""","0.01","false","""normal""","1","""constant""","0.2","""Scale-free""","4","0","1","""uniform""","""deterministic-normal""","50","0.9000000000000001","0","""normal""","0","1","false","""/home/ramaswamy.51/Documents/github/Spirals/Media/data/cluster/endsim/BehaviorSearch/Step6_Trial""","true","0.2","1","10","0.6000000000000001","true","true","0.1504471665242555","2","0.07156045351061943"
"1","2400","1000","1","""HK""","0.03","false","""normal""","1","""constant""","0.1","""Scale-free""","3","0","1","""uniform""","""deterministic-normal""","50","0.9000000000000001","0.2","""normal""","0","1","false","""/home/ramaswamy.51/Documents/github/Spirals/Media/data/cluster/endsim/BehaviorSearch/Step6_Trial""","true","0.2","1","10","0.7000000000000002","true","true","0.10140874298756744","2","0.07156045351061943"
"1","2402","1000","1","""HK""","0.02","false","""normal""","1","""constant""","0.1","""Scale-free""","3","0","1","""uniform""","""deterministic-normal""","50","0.9000000000000001","0","""normal""","0","0.9","false","""/home/ramaswamy.51/Documents/github/Spirals/Media/data/cluster/endsim/BehaviorSearch/Step6_Trial""","true","0.2","1","10","0.6000000000000001","true","true","0.1096285886595566","2","0.07156045351061943"
"1","2404","1000","1","""HK""","0.02","false","""normal""","1","""constant""","0.1","""Scale-free""","2","0","1","""uniform""","""deterministic-normal""","50","0.9000000000000001","0","""normal""","0","1","false","""/home/ramaswamy.51/Documents/github/Spirals/Media/data/cluster/endsim/BehaviorSearch/Step6_Trial""","true","0.2","1","8","0.6000000000000001","true","true","0.08969363262013913","2","0.07156045351061943"
"1","2406","1000","1","""HK""","0.05","false","""normal""","1","""constant""","0.1","""Scale-free""","3","0","1","""uniform""","""deterministic-normal""","50","0.8","0","""normal""","-0.09999999999999998","1","false","""/home/ramaswamy.51/Documents/github/Spirals/Media/data/cluster/endsim/BehaviorSearch/Step6_Trial""","true","0.30000000000000004","1","10","0.7000000000000002","true","true","0.09920446105832359","2","0.07156045351061943"
"1","2408","1000","1","""HK""","0.05","false","""normal""","1","""constant""","0.1","""Scale-free""","3","0","1","""uniform""","""deterministic-normal""","50","0.9000000000000001","0","""normal""","0","1","false","""/home/ramaswamy.51/Documents/github/Spirals/Media/data/cluster/endsim/BehaviorSearch/Step6_Trial""","true","0.2","0.9","10","0.6000000000000001","true","true","0.09203535060388968","2","0.07156045351061943"
"1","2410","1000","1","""HK""","0.05","false","""normal""","1","""constant""","0.1","""Scale-free""","3","0","1","""uniform""","""deterministic-normal""","50","0.9000000000000001","0","""normal""","0","1","false","""/home/ramaswamy.51/Documents/github/Spirals/Media/data/cluster/endsim/BehaviorSearch/Step6_Trial""","true","0.1","1","10","0.6000000000000001","true","true","0.09504705645179592","2","0.07156045351061943"
"1","2412","1000","1","""HK""","0.05","false","""normal""","1","""constant""","0.1","""Scale-free""","4","0","1","""uniform""","""deterministic-normal""","50","1","0","""normal""","0","1","false","""/home/ramaswamy.51/Documents/github/Spirals/Media/data/cluster/endsim/BehaviorSearch/Step6_Trial""","true","0.2","1","10","0.8","true","true","0.08691091871636528","2","0.07156045351061943"
"1","2414","1000","1","""HK""","0.01","false","""normal""","1","""constant""","0.1","""Scale-free""","3","0","1","""uniform""","""deterministic-normal""","50","0.9000000000000001","0","""normal""","0.30000000000000004","1","false","""/home/ramaswamy.51/Documents/github/Spirals/Media/data/cluster/endsim/BehaviorSearch/Step6_Trial""","true","0.30000000000000004","1","9","0.7000000000000002","true","true","0.12042830957264974","2","0.07156045351061943"
"1","2416","1000","1","""HK""","0.02","false","""normal""","1","""constant""","0","""Scale-free""","3","0","1","""uniform""","""deterministic-normal""","50","0.7000000000000002","0","""normal""","0","1","false","""/home/ramaswamy.51/Documents/github/Spirals/Media/data/cluster/endsim/BehaviorSearch/Step6_Trial""","true","0.4","1","10","0.6000000000000001","true","true","0.16883118831881705","2","0.07156045351061943"
"1","2418","1000","1","""HK""","0.02","false","""normal""","1","""constant""","0.1","""Scale-free""","3","0","1","""uniform""","""deterministic-normal""","50","0.9000000000000001","0","""normal""","0","1","false","""/home/ramaswamy.51/Documents/github/Spirals/Media/data/cluster/endsim/BehaviorSearch/Step6_Trial""","true","0.1","1","10","0.7000000000000002","true","true","0.09819846660084579","2","0.07156045351061943"
"1","2420","1000","1","""HK""","0.05","false","""normal""","1","""constant""","0.1","""Scale-free""","3","0","1","""uniform""","""deterministic-normal""","50","0.9000000000000001","0","""normal""","0.10000000000000009","1","false","""/home/ramaswamy.51/Documents/github/Spirals/Media/data/cluster/endsim/BehaviorSearch/Step6_Trial""","true","0.2","1","10","0.5","true","true","0.09039532807705775","2","0.07156045351061943"
"1","2422","1000","1","""HK""","0.02","false","""normal""","1","""constant""","0.1","""Scale-free""","3","0","1","""uniform""","""deterministic-normal""","50","0.9000000000000001","0","""normal""","0","1","false","""/home/ramaswamy.51/Documents/github/Spirals/Media/data/cluster/endsim/BehaviorSearch/Step6_Trial""","true","0.2","1","10","0.8","true","true","0.10544657688096315","2","0.07156045351061943"
"1","2424","1000","1","""HK""","0.05","false","""normal""","1","""constant""","0.1","""Scale-free""","3","0","1","""uniform""","""deterministic-normal""","50","0.9000000000000001","0","""normal""","0.30000000000000004","1","false","""/home/ramaswamy.51/Documents/github/Spirals/Media/data/cluster/endsim/BehaviorSearch/Step6_Trial""","true","0.30000000000000004","1","9","0.7000000000000002","true","true","0.10895531594003091","2","0.07156045351061943"
"1","2426","1000","1","""HK""","0.06999999999999999","false","""normal""","1","""constant""","0.2","""Scale-free""","3","0","1","""uniform""","""deterministic-normal""","50","0.9000000000000001","0","""normal""","0","1","false","""/home/ramaswamy.51/Documents/github/Spirals/Media/data/cluster/endsim/BehaviorSearch/Step6_Trial""","true","0.2","1","10","0.7000000000000002","true","true","0.16445886603867368","2","0.07156045351061943"
"1","2428","1000","1","""HK""","0.02","false","""normal""","1","""constant""","0.1","""Scale-free""","3","0","1","""uniform""","""deterministic-normal""","50","1","0","""normal""","0","1","false","""/home/ramaswamy.51/Documents/github/Spirals/Media/data/cluster/endsim/BehaviorSearch/Step6_Trial""","true","0.2","1","10","0.6000000000000001","true","true","0.08878539399972227","2","0.07156045351061943"
"1","2430","1000","1","""HK""","0.05","false","""normal""","1","""constant""","0.1","""Scale-free""","3","0","1","""uniform""","""deterministic-normal""","50","0.9000000000000001","0","""normal""","0","1","false","""/home/ramaswamy.51/Documents/github/Spirals/Media/data/cluster/endsim/BehaviorSearch/Step6_Trial""","true","0.2","0.8","10","0.6000000000000001","true","true","0.10420723453771276","2","0.07156045351061943"
"1","2432","1000","1","""HK""","0.02","false","""normal""","1","""constant""","0.1","""Scale-free""","3","0","1","""uniform""","""deterministic-normal""","50","0.9000000000000001","0","""normal""","0.20000000000000018","1","false","""/home/ramaswamy.51/Documents/github/Spirals/Media/data/cluster/endsim/BehaviorSearch/Step6_Trial""","true","0.2","1","10","0.5","true","true","0.10672449290091487","2","0.07156045351061943"
"1","2434","1000","1","""HK""","0.02","false","""normal""","1","""constant""","0.1","""Scale-free""","3","0","1","""uniform""","""deterministic-normal""","50","0.9000000000000001","0","""normal""","0","1","false","""/home/ramaswamy.51/Documents/github/Spirals/Media/data/cluster/endsim/BehaviorSearch/Step6_Trial""","true","0.30000000000000004","1","10","1","true","true","0.107042018233341","2","0.07156045351061943"
"1","2436","1000","1","""HK""","0.02","false","""normal""","1","""constant""","0.1","""Scale-free""","3","0","1","""uniform""","""deterministic-normal""","50","0.9000000000000001","0","""normal""","0","0.8","false","""/home/ramaswamy.51/Documents/github/Spirals/Media/data/cluster/endsim/BehaviorSearch/Step6_Trial""","true","0.2","1","10","0.6000000000000001","true","true","0.09397254377452355","2","0.07156045351061943"
"1","2438","1000","1","""HK""","0.04","false","""normal""","1","""constant""","0.1","""Scale-free""","3","0","1","""uniform""","""deterministic-normal""","40","1","0","""normal""","-0.19999999999999996","1","false","""/home/ramaswamy.51/Documents/github/Spirals/Media/data/cluster/endsim/BehaviorSearch/Step6_Trial""","true","0.2","1","9","0.6000000000000001","true","true","0.08756983760871354","2","0.07156045351061943"
"1","2440","1000","1","""HK""","0.05","false","""normal""","1","""constant""","0.1","""Scale-free""","3","0","1","""uniform""","""deterministic-normal""","50","1","0","""normal""","0","1","false","""/home/ramaswamy.51/Documents/github/Spirals/Media/data/cluster/endsim/BehaviorSearch/Step6_Trial""","true","0.2","1","10","0.30000000000000004","true","true","0.10653415823606847","2","0.07156045351061943"
"1","2442","1000","1","""HK""","0.05","false","""normal""","1","""constant""","0","""Scale-free""","3","0","1","""uniform""","""deterministic-normal""","45","0.9000000000000001","0","""normal""","-0.09999999999999998","1","false","""/home/ramaswamy.51/Documents/github/Spirals/Media/data/cluster/endsim/BehaviorSearch/Step6_Trial""","true","0.2","1","10","0.7000000000000002","true","true","0.2365706076724905","2","0.07156045351061943"
"1","2444","1000","1","""HK""","0.02","false","""normal""","1","""constant""","0.1","""Scale-free""","3","0","1","""uniform""","""deterministic-normal""","50","0.9000000000000001","0","""normal""","0","1","false","""/home/ramaswamy.51/Documents/github/Spirals/Media/data/cluster/endsim/BehaviorSearch/Step6_Trial""","true","0.2","1","10","1","true","true","0.08417611427622132","2","0.07156045351061943"
"1","2446","1000","1","""HK""","0.02","false","""normal""","1","""constant""","0.1","""Scale-free""","3","0","1","""uniform""","""deterministic-normal""","50","1","0","""normal""","0","1","false","""/home/ramaswamy.51/Documents/github/Spirals/Media/data/cluster/endsim/BehaviorSearch/Step6_Trial""","true","0.2","1","10","0.8","true","true","0.10954532363935067","2","0.07156045351061943"
"1","2448","1000","1","""HK""","0.03","false","""normal""","1","""constant""","0.1","""Scale-free""","3","0","1","""uniform""","""deterministic-normal""","50","0.9000000000000001","0","""normal""","-0.5","1","false","""/home/ramaswamy.51/Documents/github/Spirals/Media/data/cluster/endsim/BehaviorSearch/Step6_Trial""","true","0.2","1","10","0.30000000000000004","true","true","0.11984906979344259","2","0.07156045351061943"
"1","2450","1000","1","""HK""","0.05","false","""normal""","1","""constant""","0.1","""Scale-free""","2","0","1","""uniform""","""deterministic-normal""","45","1","0","""normal""","0","0.9","false","""/home/ramaswamy.51/Documents/github/Spirals/Media/data/cluster/endsim/BehaviorSearch/Step6_Trial""","true","0.2","1","9","0.6000000000000001","true","true","0.09515817766797457","2","0.07156045351061943"
"1","2452","1000","1","""HK""","0.06999999999999999","false","""normal""","1","""constant""","0.1","""Scale-free""","3","0","1","""uniform""","""deterministic-normal""","50","0.9000000000000001","0","""normal""","0","1","false","""/home/ramaswamy.51/Documents/github/Spirals/Media/data/cluster/endsim/BehaviorSearch/Step6_Trial""","true","0.30000000000000004","1","9","0.20000000000000018","true","true","0.10789323271307033","2","0.07156045351061943"
"1","2454","1000","1","""HK""","0.02","false","""normal""","1","""constant""","0.1","""Scale-free""","3","0","1","""uniform""","""deterministic-normal""","50","1","0.1","""normal""","0","1","false","""/home/ramaswamy.51/Documents/github/Spirals/Media/data/cluster/endsim/BehaviorSearch/Step6_Trial""","true","0.2","1","10","0.7000000000000002","true","true","0.09223158281902302","2","0.07156045351061943"
"1","2456","1000","1","""HK""","0.03","false","""normal""","1","""constant""","0.1","""Scale-free""","3","0","1","""uniform""","""deterministic-normal""","50","0.9000000000000001","0","""normal""","-0.19999999999999996","1","false","""/home/ramaswamy.51/Documents/github/Spirals/Media/data/cluster/endsim/BehaviorSearch/Step6_Trial""","true","0.2","1","10","0.6000000000000001","true","true","0.08698734210307532","2","0.07156045351061943"
"1","2458","1000","1","""HK""","0.05","false","""normal""","1","""constant""","0.1","""Scale-free""","3","0","1","""uniform""","""deterministic-normal""","50","0.9000000000000001","0","""normal""","0.10000000000000009","1","false","""/home/ramaswamy.51/Documents/github/Spirals/Media/data/cluster/endsim/BehaviorSearch/Step6_Trial""","true","0.30000000000000004","1","10","0.6000000000000001","true","true","0.09991549765562661","2","0.07156045351061943"
"1","2460","1000","1","""HK""","0.05","false","""normal""","1","""constant""","0.1","""Scale-free""","3","0","1","""uniform""","""deterministic-normal""","50","0.9000000000000001","0","""normal""","0","1","false","""/home/ramaswamy.51/Documents/github/Spirals/Media/data/cluster/endsim/BehaviorSearch/Step6_Trial""","true","0.2","0.9","10","0.5","true","true","0.08642321809647027","2","0.07156045351061943"
"1","2462","1000","1","""HK""","0.02","false","""normal""","1","""constant""","0.1","""Scale-free""","3","0","1","""uniform""","""deterministic-normal""","50","0.9000000000000001","0.1","""normal""","0","1","false","""/home/ramaswamy.51/Documents/github/Spirals/Media/data/cluster/endsim/BehaviorSearch/Step6_Trial""","true","0.30000000000000004","1","8","0.6000000000000001","true","true","0.08608249157575457","2","0.07156045351061943"
"1","2464","1000","1","""HK""","0.03","false","""normal""","1","""constant""","0.1","""Scale-free""","3","0","1","""uniform""","""deterministic-normal""","50","0.9000000000000001","0.1","""normal""","0.20000000000000018","1","false","""/home/ramaswamy.51/Documents/github/Spirals/Media/data/cluster/endsim/BehaviorSearch/Step6_Trial""","true","0.2","0.9","10","0.6000000000000001","true","true","0.1091318250026684","2","0.07156045351061943"
"1","2466","1000","1","""HK""","0.02","false","""normal""","1","""constant""","0.1","""Scale-free""","4","0","1","""uniform""","""deterministic-normal""","50","0.9000000000000001","0","""normal""","0","1","false","""/home/ramaswamy.51/Documents/github/Spirals/Media/data/cluster/endsim/BehaviorSearch/Step6_Trial""","true","0.1","1","9","0.6000000000000001","true","true","0.09431472909260709","2","0.07156045351061943"
"1","2468","1000","1","""HK""","0.02","false","""normal""","1","""constant""","0.1","""Scale-free""","3","0","1","""uniform""","""deterministic-normal""","50","0.9000000000000001","0.2","""normal""","0","1","false","""/home/ramaswamy.51/Documents/github/Spirals/Media/data/cluster/endsim/BehaviorSearch/Step6_Trial""","true","0.2","1","10","0.6000000000000001","true","true","0.08673246637382664","2","0.07156045351061943"
"1","2470","1000","1","""HK""","0.09","false","""normal""","1","""constant""","0.1","""Scale-free""","3","0","1","""uniform""","""deterministic-normal""","50","0.9000000000000001","0.1","""normal""","0","1","false","""/home/ramaswamy.51/Documents/github/Spirals/Media/data/cluster/endsim/BehaviorSearch/Step6_Trial""","true","0.2","1","9","0.6000000000000001","true","true","0.10752559103376257","2","0.07156045351061943"
"1","2472","1000","1","""HK""","0.04","false","""normal""","1","""constant""","0.1","""Scale-free""","3","0","1","""uniform""","""deterministic-normal""","50","0.9000000000000001","0","""normal""","0","1","false","""/home/ramaswamy.51/Documents/github/Spirals/Media/data/cluster/endsim/BehaviorSearch/Step6_Trial""","true","0.2","1","10","0.6000000000000001","true","true","0.09339277567819433","2","0.07156045351061943"
"1","2474","1000","1","""HK""","0.02","false","""normal""","1","""constant""","0.1","""Scale-free""","3","0","1","""uniform""","""deterministic-normal""","50","0.8","0.1","""normal""","0","1","false","""/home/ramaswamy.51/Documents/github/Spirals/Media/data/cluster/endsim/BehaviorSearch/Step6_Trial""","true","0.2","1","10","0.6000000000000001","true","true","0.09508993125618778","2","0.07156045351061943"
"1","2476","1000","1","""HK""","0.02","false","""normal""","1","""constant""","0.1","""Scale-free""","3","0","1","""uniform""","""deterministic-normal""","50","1","0","""normal""","-0.19999999999999996","1","false","""/home/ramaswamy.51/Documents/github/Spirals/Media/data/cluster/endsim/BehaviorSearch/Step6_Trial""","true","0.2","1","9","0.6000000000000001","true","true","0.09570183430929431","2","0.07156045351061943"
"1","2478","1000","1","""HK""","0.01","false","""normal""","1","""constant""","0.1","""Scale-free""","3","0","1","""uniform""","""deterministic-normal""","50","0.9000000000000001","0","""normal""","0.10000000000000009","1","false","""/home/ramaswamy.51/Documents/github/Spirals/Media/data/cluster/endsim/BehaviorSearch/Step6_Trial""","true","0.2","1","10","0.40000000000000013","true","true","0.09134453020291261","2","0.07156045351061943"
"1","2480","1000","1","""HK""","0.02","false","""normal""","1","""constant""","0.1","""Scale-free""","3","0","1","""uniform""","""deterministic-normal""","50","0.9000000000000001","0","""normal""","0.40000000000000013","1","false","""/home/ramaswamy.51/Documents/github/Spirals/Media/data/cluster/endsim/BehaviorSearch/Step6_Trial""","true","0.2","1","10","0.6000000000000001","true","true","0.1281059247796339","2","0.07156045351061943"
"1","2482","1000","1","""HK""","0.02","false","""normal""","1","""constant""","0.1","""Scale-free""","3","0","1","""uniform""","""deterministic-normal""","50","0.9000000000000001","0","""normal""","0.30000000000000004","1","false","""/home/ramaswamy.51/Documents/github/Spirals/Media/data/cluster/endsim/BehaviorSearch/Step6_Trial""","true","0.2","1","10","0.6000000000000001","true","true","0.11163684848977776","2","0.07156045351061943"
"1","2484","1000","1","""HK""","0.02","false","""normal""","1","""constant""","0.1","""Scale-free""","3","0","1","""uniform""","""deterministic-normal""","50","0.9000000000000001","0","""normal""","0.10000000000000009","1","false","""/home/ramaswamy.51/Documents/github/Spirals/Media/data/cluster/endsim/BehaviorSearch/Step6_Trial""","true","0.2","1","10","0.7000000000000002","true","true","0.10841299470198446","2","0.07156045351061943"
"1","2486","1000","1","""HK""","0.02","false","""normal""","1","""constant""","0.1","""Scale-free""","3","0","1","""uniform""","""deterministic-normal""","45","0.7000000000000002","0","""normal""","0","0.9","false","""/home/ramaswamy.51/Documents/github/Spirals/Media/data/cluster/endsim/BehaviorSearch/Step6_Trial""","true","0.2","1","10","0.7000000000000002","true","true","0.09423947446500358","2","0.07156045351061943"
"1","2488","1000","1","""HK""","0.01","false","""normal""","1","""constant""","0.1","""Scale-free""","3","0","1","""uniform""","""deterministic-normal""","45","0.9000000000000001","0","""normal""","0.10000000000000009","1","false","""/home/ramaswamy.51/Documents/github/Spirals/Media/data/cluster/endsim/BehaviorSearch/Step6_Trial""","true","0.2","1","10","0.6000000000000001","true","true","0.10298188403224406","2","0.07156045351061943"
"1","2490","1000","1","""HK""","0.02","false","""normal""","1","""constant""","0.1","""Scale-free""","3","0","1","""uniform""","""deterministic-normal""","50","0.9000000000000001","0","""normal""","0","1","false","""/home/ramaswamy.51/Documents/github/Spirals/Media/data/cluster/endsim/BehaviorSearch/Step6_Trial""","true","0.1","1","10","0.6000000000000001","true","true","0.09709686363736861","2","0.07156045351061943"
"1","2492","1000","1","""HK""","0.02","false","""normal""","1","""constant""","0.1","""Scale-free""","3","0","1","""uniform""","""deterministic-normal""","50","0.9000000000000001","0","""normal""","0","0.9","false","""/home/ramaswamy.51/Documents/github/Spirals/Media/data/cluster/endsim/BehaviorSearch/Step6_Trial""","true","0.30000000000000004","1","10","0.6000000000000001","true","true","0.09241778255281038","2","0.07156045351061943"
"1","2494","1000","1","""HK""","0.05","false","""normal""","1","""constant""","0.1","""Scale-free""","3","0","1","""uniform""","""deterministic-normal""","45","0.9000000000000001","0","""normal""","0.40000000000000013","1","false","""/home/ramaswamy.51/Documents/github/Spirals/Media/data/cluster/endsim/BehaviorSearch/Step6_Trial""","true","0.2","1","10","0.9000000000000001","true","true","0.12195581209145144","2","0.07156045351061943"
"1","2496","1000","1","""HK""","0.02","false","""normal""","1","""constant""","0.2","""Scale-free""","3","0","1","""uniform""","""deterministic-normal""","50","0.9000000000000001","0","""normal""","0","0.8","false","""/home/ramaswamy.51/Documents/github/Spirals/Media/data/cluster/endsim/BehaviorSearch/Step6_Trial""","true","0.2","1","10","0.6000000000000001","true","true","0.15854598759766012","2","0.07156045351061943"
"1","2498","1000","1","""HK""","0.03","false","""normal""","1","""constant""","0.1","""Scale-free""","3","0","1","""uniform""","""deterministic-normal""","50","0.9000000000000001","0","""normal""","0","1","false","""/home/ramaswamy.51/Documents/github/Spirals/Media/data/cluster/endsim/BehaviorSearch/Step6_Trial""","true","0.30000000000000004","1","10","0.6000000000000001","true","true","0.08318590675262887","2","0.07156045351061943"
"1","2500","1000","1","""HK""","0.08","false","""normal""","1","""constant""","0.1","""Scale-free""","3","0","1","""uniform""","""deterministic-normal""","50","0.9000000000000001","0","""normal""","0","1","false","""/home/ramaswamy.51/Documents/github/Spirals/Media/data/cluster/endsim/BehaviorSearch/Step6_Trial""","true","0.30000000000000004","1","10","0.7000000000000002","true","true","0.10712308891271552","2","0.07156045351061943"
