"search-number","evaluation","number_of_agents*","number_of_opinion_dimensions*","model*","boundary_mean*","set-seed?*","boundary_distribution*","conformity_mean*","conformity_distribution*","boundary_std*","network_type*","scale_free_degree*","scale_free_selection-mu*","scale_free_selection-sigma*","scale_free_selection-distribution*","media_house_distribution*","number_of_media_houses*","media_house_distribution_normal_mean*","media_house_distribution_normal_std*","opinion_distribution*","opinion_mean*","opinion_std*","save_end_sim_data*","endsimdirectory*","use_media_influence_factor?*","media_influence_factor*","silence_alpha*","silence_tau*","silence_delta0*","classify_proponents_by_boundary?*","use_silence?*","fitness","num-replicates","best-fitness-so-far"
"1","4","1000","1","""HK""","0.17","false","""normal""","1","""constant""","0.5","""Scale-free""","4","0","1","""uniform""","""deterministic-normal""","5","1","0.2","""normal""","-0.19999999999999996","0.6000000000000001","false","""/home/ramaswamy.51/Documents/github/Spirals/Media/data/cluster/endsim/BehaviorSearch/Step6_Trial""","true","0.8","0.30000000000000004","2","-1","true","true","0.3366839546366579","4","0.3366839546366579"
"1","8","1000","1","""HK""","0.060000000000000005","false","""normal""","1","""constant""","0.2","""Scale-free""","1","0","1","""uniform""","""deterministic-normal""","10","-0.7","0.6000000000000001","""normal""","-0.29999999999999993","0.9","false","""/home/ramaswamy.51/Documents/github/Spirals/Media/data/cluster/endsim/BehaviorSearch/Step6_Trial""","true","0.6000000000000001","1","4","-0.9","true","true","0.1464121140693792","4","0.1464121140693792"
"1","12","1000","1","""HK""","0.03","false","""normal""","1","""constant""","0.4","""Scale-free""","2","0","1","""uniform""","""deterministic-normal""","35","-0.7","0","""normal""","1","0.7000000000000001","false","""/home/ramaswamy.51/Documents/github/Spirals/Media/data/cluster/endsim/BehaviorSearch/Step6_Trial""","true","0.7000000000000001","0.4","0","-0.9","true","true","0.34022115667469194","4","0.1464121140693792"
"1","16","1000","1","""HK""","0.03","false","""normal""","1","""constant""","0.1","""Scale-free""","1","0","1","""uniform""","""deterministic-normal""","40","-0.3999999999999999","0.2","""normal""","0","0.6000000000000001","false","""/home/ramaswamy.51/Documents/github/Spirals/Media/data/cluster/endsim/BehaviorSearch/Step6_Trial""","true","0","1","7","0.10000000000000009","true","true","0.1262449436550611","4","0.1262449436550611"
"1","20","1000","1","""HK""","0.24000000000000002","false","""normal""","1","""constant""","0.2","""Scale-free""","2","0","1","""uniform""","""deterministic-normal""","25","0","0.30000000000000004","""normal""","-0.6","0.4","false","""/home/ramaswamy.51/Documents/github/Spirals/Media/data/cluster/endsim/BehaviorSearch/Step6_Trial""","true","0.5","0.8","7","-0.6","true","true","0.4228254444725619","4","0.1262449436550611"
"1","24","1000","1","""HK""","0.09","false","""normal""","1","""constant""","0.1","""Scale-free""","4","0","1","""uniform""","""deterministic-normal""","20","-0.3999999999999999","0.2","""normal""","0.30000000000000004","0.5","false","""/home/ramaswamy.51/Documents/github/Spirals/Media/data/cluster/endsim/BehaviorSearch/Step6_Trial""","true","0.7000000000000001","0.8","8","0.20000000000000018","true","true","0.24898149224050226","4","0.1262449436550611"
"1","28","1000","1","""HK""","0.05","false","""normal""","1","""constant""","0.30000000000000004","""Scale-free""","2","0","1","""uniform""","""deterministic-normal""","40","-0.19999999999999996","0.5","""normal""","-1","0.30000000000000004","false","""/home/ramaswamy.51/Documents/github/Spirals/Media/data/cluster/endsim/BehaviorSearch/Step6_Trial""","true","0.2","0.5","5","-0.19999999999999996","true","true","0.3780666517174039","4","0.1262449436550611"
"1","32","1000","1","""HK""","0.04","false","""normal""","1","""constant""","0","""Scale-free""","1","0","1","""uniform""","""deterministic-normal""","40","-0.7","0.8","""normal""","0.6000000000000001","1","false","""/home/ramaswamy.51/Documents/github/Spirals/Media/data/cluster/endsim/BehaviorSearch/Step6_Trial""","true","0.7000000000000001","0.4","0","-0.19999999999999996","true","true","0.22636675864823244","4","0.1262449436550611"
"1","36","1000","1","""HK""","0.01","false","""normal""","1","""constant""","0","""Scale-free""","5","0","1","""uniform""","""deterministic-normal""","45","-0.5","0","""normal""","-1","0.1","false","""/home/ramaswamy.51/Documents/github/Spirals/Media/data/cluster/endsim/BehaviorSearch/Step6_Trial""","true","0.30000000000000004","0","5","0.20000000000000018","true","true","0.7462549457570213","4","0.1262449436550611"
"1","40","1000","1","""HK""","0.18000000000000002","false","""normal""","1","""constant""","0.1","""Scale-free""","1","0","1","""uniform""","""deterministic-normal""","20","-0.29999999999999993","0.7000000000000001","""normal""","0.6000000000000001","0.8","false","""/home/ramaswamy.51/Documents/github/Spirals/Media/data/cluster/endsim/BehaviorSearch/Step6_Trial""","true","0.5","1","8","-0.29999999999999993","true","true","0.28359924938622916","4","0.1262449436550611"
"1","44","1000","1","""HK""","0.09","false","""normal""","1","""constant""","0.1","""Scale-free""","3","0","1","""uniform""","""deterministic-normal""","40","0.40000000000000013","0.30000000000000004","""normal""","-0.29999999999999993","0.5","false","""/home/ramaswamy.51/Documents/github/Spirals/Media/data/cluster/endsim/BehaviorSearch/Step6_Trial""","true","0.4","0.8","2","0.40000000000000013","true","true","0.2039189772724798","4","0.1262449436550611"
"1","48","1000","1","""HK""","0.24000000000000002","false","""normal""","1","""constant""","0.1","""Scale-free""","1","0","1","""uniform""","""deterministic-normal""","45","0.30000000000000004","0.8","""normal""","0.10000000000000009","0.5","false","""/home/ramaswamy.51/Documents/github/Spirals/Media/data/cluster/endsim/BehaviorSearch/Step6_Trial""","true","0","0.9","2","-0.5","true","true","0.3933131870485552","4","0.1262449436550611"
"1","52","1000","1","""HK""","0.01","false","""normal""","1","""constant""","0.1","""Scale-free""","1","0","1","""uniform""","""deterministic-normal""","10","-0.3999999999999999","0.30000000000000004","""normal""","-0.19999999999999996","0.6000000000000001","false","""/home/ramaswamy.51/Documents/github/Spirals/Media/data/cluster/endsim/BehaviorSearch/Step6_Trial""","true","1","0.2","10","0","true","true","0.22280180877397432","4","0.1262449436550611"
"1","56","1000","1","""HK""","0.21000000000000002","false","""normal""","1","""constant""","0.1","""Scale-free""","3","0","1","""uniform""","""deterministic-normal""","20","0.9000000000000001","0.2","""normal""","0","1","false","""/home/ramaswamy.51/Documents/github/Spirals/Media/data/cluster/endsim/BehaviorSearch/Step6_Trial""","true","0.7000000000000001","0.1","0","0.8","true","true","0.28319113146478436","4","0.1262449436550611"
"1","60","1000","1","""HK""","0.23","false","""normal""","1","""constant""","0.2","""Scale-free""","4","0","1","""uniform""","""deterministic-normal""","45","0.30000000000000004","0.2","""normal""","-0.9","0.7000000000000001","false","""/home/ramaswamy.51/Documents/github/Spirals/Media/data/cluster/endsim/BehaviorSearch/Step6_Trial""","true","0.9","0.5","1","0.8","true","true","0.36977907490036177","4","0.1262449436550611"
"1","64","1000","1","""HK""","0.21000000000000002","false","""normal""","1","""constant""","0.30000000000000004","""Scale-free""","3","0","1","""uniform""","""deterministic-normal""","45","-0.6","0","""normal""","-0.8","1","false","""/home/ramaswamy.51/Documents/github/Spirals/Media/data/cluster/endsim/BehaviorSearch/Step6_Trial""","true","0","0","4","1","true","true","0.3284197482495017","4","0.1262449436550611"
"1","68","1000","1","""HK""","0.09","false","""normal""","1","""constant""","0","""Scale-free""","2","0","1","""uniform""","""deterministic-normal""","50","0.40000000000000013","0.9","""normal""","0.9000000000000001","0.6000000000000001","false","""/home/ramaswamy.51/Documents/github/Spirals/Media/data/cluster/endsim/BehaviorSearch/Step6_Trial""","true","0.6000000000000001","0.2","6","0","true","true","0.44382529773451873","4","0.1262449436550611"
"1","72","1000","1","""HK""","0.060000000000000005","false","""normal""","1","""constant""","0.5","""Scale-free""","1","0","1","""uniform""","""deterministic-normal""","50","0.8","0.8","""normal""","1","0.9","false","""/home/ramaswamy.51/Documents/github/Spirals/Media/data/cluster/endsim/BehaviorSearch/Step6_Trial""","true","0","0","2","-0.5","true","true","0.3235056194298002","4","0.1262449436550611"
"1","76","1000","1","""HK""","0.27","false","""normal""","1","""constant""","0.2","""Scale-free""","2","0","1","""uniform""","""deterministic-normal""","25","-0.6","0.9","""normal""","0.40000000000000013","0","false","""/home/ramaswamy.51/Documents/github/Spirals/Media/data/cluster/endsim/BehaviorSearch/Step6_Trial""","true","0.7000000000000001","0.2","5","-0.5","true","true","0.46117447063681577","4","0.1262449436550611"
"1","80","1000","1","""HK""","0.29000000000000004","false","""normal""","1","""constant""","0.4","""Scale-free""","4","0","1","""uniform""","""deterministic-normal""","15","-0.8","0.9","""normal""","1","0.8","false","""/home/ramaswamy.51/Documents/github/Spirals/Media/data/cluster/endsim/BehaviorSearch/Step6_Trial""","true","0.8","0.8","7","0.20000000000000018","true","true","0.3815540704801726","4","0.1262449436550611"
"1","84","1000","1","""HK""","0.11","false","""normal""","1","""constant""","0.4","""Scale-free""","2","0","1","""uniform""","""deterministic-normal""","50","-0.9","0.1","""normal""","-0.19999999999999996","0.6000000000000001","false","""/home/ramaswamy.51/Documents/github/Spirals/Media/data/cluster/endsim/BehaviorSearch/Step6_Trial""","true","0.2","0.4","4","-0.5","true","true","0.3335210952470419","4","0.1262449436550611"
"1","88","1000","1","""HK""","0.12","false","""normal""","1","""constant""","0.4","""Scale-free""","3","0","1","""uniform""","""deterministic-normal""","45","-0.29999999999999993","0.5","""normal""","-0.3999999999999999","0.2","false","""/home/ramaswamy.51/Documents/github/Spirals/Media/data/cluster/endsim/BehaviorSearch/Step6_Trial""","true","1","0","4","0.10000000000000009","true","true","0.38983606704319607","4","0.1262449436550611"
"1","92","1000","1","""HK""","0.03","false","""normal""","1","""constant""","0.30000000000000004","""Scale-free""","1","0","1","""uniform""","""deterministic-normal""","20","-0.5","0.1","""normal""","-0.09999999999999998","0.7000000000000001","false","""/home/ramaswamy.51/Documents/github/Spirals/Media/data/cluster/endsim/BehaviorSearch/Step6_Trial""","true","0.2","1","5","0.5","true","true","0.24674713629135653","4","0.1262449436550611"
"1","96","1000","1","""HK""","0.19","false","""normal""","1","""constant""","0.30000000000000004","""Scale-free""","1","0","1","""uniform""","""deterministic-normal""","10","-0.7","1","""normal""","-1","0.9","false","""/home/ramaswamy.51/Documents/github/Spirals/Media/data/cluster/endsim/BehaviorSearch/Step6_Trial""","true","0.8","0.30000000000000004","10","0.5","true","true","0.234953988668133","4","0.1262449436550611"
"1","100","1000","1","""HK""","0.03","false","""normal""","1","""constant""","0.1","""Scale-free""","5","0","1","""uniform""","""deterministic-normal""","15","0.5","0.2","""normal""","0.7000000000000002","0","false","""/home/ramaswamy.51/Documents/github/Spirals/Media/data/cluster/endsim/BehaviorSearch/Step6_Trial""","true","0.9","0.4","9","0","true","true","0.7909249325517607","4","0.1262449436550611"
"1","104","1000","1","""HK""","0.28","false","""normal""","1","""constant""","0.30000000000000004","""Scale-free""","3","0","1","""uniform""","""deterministic-normal""","5","1","0","""normal""","-0.09999999999999998","0.8","false","""/home/ramaswamy.51/Documents/github/Spirals/Media/data/cluster/endsim/BehaviorSearch/Step6_Trial""","true","0.9","0.5","9","0.7000000000000002","true","true","0.26290799646082974","4","0.1262449436550611"
"1","108","1000","1","""HK""","0.26","false","""normal""","1","""constant""","0.30000000000000004","""Scale-free""","1","0","1","""uniform""","""deterministic-normal""","35","0.8","0.2","""normal""","-0.8","0.7000000000000001","false","""/home/ramaswamy.51/Documents/github/Spirals/Media/data/cluster/endsim/BehaviorSearch/Step6_Trial""","true","0.4","0","5","0.10000000000000009","true","true","0.3350890992344546","4","0.1262449436550611"
"1","112","1000","1","""HK""","0.19","false","""normal""","1","""constant""","0.4","""Scale-free""","3","0","1","""uniform""","""deterministic-normal""","30","-0.7","0.30000000000000004","""normal""","0.30000000000000004","0.2","false","""/home/ramaswamy.51/Documents/github/Spirals/Media/data/cluster/endsim/BehaviorSearch/Step6_Trial""","true","0.30000000000000004","0.8","7","-0.09999999999999998","true","true","0.4468088161341477","4","0.1262449436550611"
"1","116","1000","1","""HK""","0.26","false","""normal""","1","""constant""","0","""Scale-free""","5","0","1","""uniform""","""deterministic-normal""","30","0.10000000000000009","0.6000000000000001","""normal""","0.9000000000000001","0","false","""/home/ramaswamy.51/Documents/github/Spirals/Media/data/cluster/endsim/BehaviorSearch/Step6_Trial""","true","1","0.30000000000000004","1","-0.09999999999999998","true","true","0.7947160251998175","4","0.1262449436550611"
"1","120","1000","1","""HK""","0.13","false","""normal""","1","""constant""","0.4","""Scale-free""","2","0","1","""uniform""","""deterministic-normal""","45","0.30000000000000004","1","""normal""","0.9000000000000001","0.4","false","""/home/ramaswamy.51/Documents/github/Spirals/Media/data/cluster/endsim/BehaviorSearch/Step6_Trial""","true","0.9","0.7000000000000001","2","0.10000000000000009","true","true","0.4131570445184172","4","0.1262449436550611"
"1","124","1000","1","""HK""","0.03","false","""normal""","1","""constant""","0.1","""Scale-free""","1","0","1","""uniform""","""deterministic-normal""","20","-0.29999999999999993","0.2","""normal""","0.30000000000000004","0.4","false","""/home/ramaswamy.51/Documents/github/Spirals/Media/data/cluster/endsim/BehaviorSearch/Step6_Trial""","true","0.7000000000000001","0.8","8","0.20000000000000018","true","true","0.2728689224013729","4","0.1262449436550611"
"1","128","1000","1","""HK""","0.19","false","""normal""","1","""constant""","0.30000000000000004","""Scale-free""","1","0","1","""uniform""","""deterministic-normal""","15","-0.7","1","""normal""","0.40000000000000013","0","false","""/home/ramaswamy.51/Documents/github/Spirals/Media/data/cluster/endsim/BehaviorSearch/Step6_Trial""","true","0.7000000000000001","0.2","5","-0.5","true","true","0.4109113013791293","4","0.1262449436550611"
"1","132","1000","1","""HK""","0.15000000000000002","false","""normal""","1","""constant""","0.2","""Scale-free""","1","0","1","""uniform""","""deterministic-normal""","20","-0.5","0","""normal""","-0.09999999999999998","0.8","false","""/home/ramaswamy.51/Documents/github/Spirals/Media/data/cluster/endsim/BehaviorSearch/Step6_Trial""","true","0.30000000000000004","1","5","0.8","true","true","0.24129844905510434","4","0.1262449436550611"
"1","136","1000","1","""HK""","0.18000000000000002","false","""normal""","1","""constant""","0.1","""Scale-free""","1","0","1","""uniform""","""deterministic-normal""","20","-0.29999999999999993","0.7000000000000001","""normal""","0.40000000000000013","0.7000000000000001","false","""/home/ramaswamy.51/Documents/github/Spirals/Media/data/cluster/endsim/BehaviorSearch/Step6_Trial""","true","0.9","0.5","1","0.8","true","true","0.34907247682468256","4","0.1262449436550611"
"1","140","1000","1","""HK""","0.060000000000000005","false","""normal""","1","""constant""","0.1","""Scale-free""","4","0","1","""uniform""","""deterministic-normal""","20","-0.3999999999999999","0.2","""normal""","0.30000000000000004","0.5","false","""/home/ramaswamy.51/Documents/github/Spirals/Media/data/cluster/endsim/BehaviorSearch/Step6_Trial""","true","0.7000000000000001","0.8","9","0","true","true","0.23077525119465422","4","0.1262449436550611"
"1","144","1000","1","""HK""","0.09","false","""normal""","1","""constant""","0.2","""Scale-free""","1","0","1","""uniform""","""deterministic-normal""","10","-0.7","0.5","""normal""","-0.29999999999999993","0.9","false","""/home/ramaswamy.51/Documents/github/Spirals/Media/data/cluster/endsim/BehaviorSearch/Step6_Trial""","true","0.6000000000000001","1","4","-0.9","true","true","0.17549486710951814","4","0.1262449436550611"
"1","148","1000","1","""HK""","0.06999999999999999","false","""normal""","1","""constant""","0.2","""Scale-free""","1","0","1","""uniform""","""deterministic-normal""","10","-0.7","0.6000000000000001","""normal""","-0.29999999999999993","0.9","false","""/home/ramaswamy.51/Documents/github/Spirals/Media/data/cluster/endsim/BehaviorSearch/Step6_Trial""","true","0.6000000000000001","1","4","-0.9","true","true","0.15851863159033072","4","0.1262449436550611"
"1","152","1000","1","""HK""","0.13","false","""normal""","1","""constant""","0.2","""Scale-free""","1","0","1","""uniform""","""deterministic-normal""","15","-0.5","0","""normal""","-0.09999999999999998","0.9","false","""/home/ramaswamy.51/Documents/github/Spirals/Media/data/cluster/endsim/BehaviorSearch/Step6_Trial""","true","0.30000000000000004","0.9","5","0.8","true","true","0.21876530764896518","4","0.1262449436550611"
"1","156","1000","1","""HK""","0.09","false","""normal""","1","""constant""","0.2","""Scale-free""","1","0","1","""uniform""","""deterministic-normal""","10","-0.7","0.6000000000000001","""normal""","-0.29999999999999993","0.9","false","""/home/ramaswamy.51/Documents/github/Spirals/Media/data/cluster/endsim/BehaviorSearch/Step6_Trial""","true","0.6000000000000001","1","4","-1","true","true","0.16687332479287256","4","0.1262449436550611"
"1","160","1000","1","""HK""","0.06999999999999999","false","""normal""","1","""constant""","0.2","""Scale-free""","1","0","1","""uniform""","""deterministic-normal""","10","-0.7","0.5","""normal""","-0.29999999999999993","0.9","false","""/home/ramaswamy.51/Documents/github/Spirals/Media/data/cluster/endsim/BehaviorSearch/Step6_Trial""","true","0.6000000000000001","1","3","-0.9","true","true","0.14762732055050382","4","0.1262449436550611"
"1","164","1000","1","""HK""","0.060000000000000005","false","""normal""","1","""constant""","0.2","""Scale-free""","1","0","1","""uniform""","""deterministic-normal""","20","-0.5","0","""normal""","-0.29999999999999993","0.8","false","""/home/ramaswamy.51/Documents/github/Spirals/Media/data/cluster/endsim/BehaviorSearch/Step6_Trial""","true","0.30000000000000004","1","5","0.8","true","true","0.18120163889257754","4","0.1262449436550611"
"1","168","1000","1","""HK""","0.06999999999999999","false","""normal""","1","""constant""","0.2","""Scale-free""","1","0","1","""uniform""","""deterministic-normal""","10","-0.6","0.5","""normal""","-0.19999999999999996","0.9","false","""/home/ramaswamy.51/Documents/github/Spirals/Media/data/cluster/endsim/BehaviorSearch/Step6_Trial""","true","0.6000000000000001","1","3","-0.9","true","true","0.13774731119183892","4","0.1262449436550611"
"1","172","1000","1","""HK""","0.060000000000000005","false","""normal""","1","""constant""","0.1","""Scale-free""","4","0","1","""uniform""","""deterministic-normal""","20","-0.3999999999999999","0.1","""normal""","0.20000000000000018","0.5","false","""/home/ramaswamy.51/Documents/github/Spirals/Media/data/cluster/endsim/BehaviorSearch/Step6_Trial""","true","0.7000000000000001","0.8","9","0","true","true","0.19729837277262569","4","0.1262449436550611"
"1","176","1000","1","""HK""","0.08","false","""normal""","1","""constant""","0.1","""Scale-free""","4","0","1","""uniform""","""deterministic-normal""","20","-0.3999999999999999","0.30000000000000004","""normal""","-0.09999999999999998","0.9","false","""/home/ramaswamy.51/Documents/github/Spirals/Media/data/cluster/endsim/BehaviorSearch/Step6_Trial""","true","0.6000000000000001","1","4","-1","true","true","0.26370603543924265","4","0.1262449436550611"
"1","180","1000","1","""HK""","0.16","false","""normal""","1","""constant""","0.2","""Scale-free""","1","0","1","""uniform""","""deterministic-normal""","15","-0.3999999999999999","0","""normal""","-0.09999999999999998","1","false","""/home/ramaswamy.51/Documents/github/Spirals/Media/data/cluster/endsim/BehaviorSearch/Step6_Trial""","true","0.2","0.9","4","0.8","true","true","0.24053475496299723","4","0.1262449436550611"
"1","184","1000","1","""HK""","0.03","false","""normal""","1","""constant""","0","""Scale-free""","1","0","1","""uniform""","""deterministic-normal""","40","-0.6","0.1","""normal""","0","0.6000000000000001","false","""/home/ramaswamy.51/Documents/github/Spirals/Media/data/cluster/endsim/BehaviorSearch/Step6_Trial""","true","0.2","1","8","0.10000000000000009","true","true","0.10662100083765153","4","0.10662100083765153"
"1","188","1000","1","""HK""","0.060000000000000005","false","""normal""","1","""constant""","0.1","""Scale-free""","1","0","1","""uniform""","""deterministic-normal""","35","-0.3999999999999999","0.1","""normal""","0","0.6000000000000001","false","""/home/ramaswamy.51/Documents/github/Spirals/Media/data/cluster/endsim/BehaviorSearch/Step6_Trial""","true","0","1","6","0.10000000000000009","true","true","0.14715075621555374","4","0.10662100083765153"
"1","192","1000","1","""HK""","0.01","false","""normal""","1","""constant""","0","""Scale-free""","1","0","1","""uniform""","""deterministic-normal""","40","-0.6","0.2","""normal""","0","0.7000000000000001","false","""/home/ramaswamy.51/Documents/github/Spirals/Media/data/cluster/endsim/BehaviorSearch/Step6_Trial""","true","0","1","7","0.10000000000000009","true","true","0.13383765298817774","4","0.10662100083765153"
"1","196","1000","1","""HK""","0.06999999999999999","false","""normal""","1","""constant""","0.2","""Scale-free""","1","0","1","""uniform""","""deterministic-normal""","40","-0.6","0.1","""normal""","0","0.6000000000000001","false","""/home/ramaswamy.51/Documents/github/Spirals/Media/data/cluster/endsim/BehaviorSearch/Step6_Trial""","true","0.2","1","7","0.30000000000000004","true","true","0.2075693341093018","4","0.10662100083765153"
"1","200","1000","1","""HK""","0.13","false","""normal""","1","""constant""","0.2","""Scale-free""","1","0","1","""uniform""","""deterministic-normal""","15","-0.09999999999999998","0","""normal""","0.10000000000000009","0.9","false","""/home/ramaswamy.51/Documents/github/Spirals/Media/data/cluster/endsim/BehaviorSearch/Step6_Trial""","true","0.30000000000000004","0.9","5","0.9000000000000001","true","true","0.20800867113965396","4","0.10662100083765153"
"1","204","1000","1","""HK""","0.060000000000000005","false","""normal""","1","""constant""","0.2","""Scale-free""","1","0","1","""uniform""","""deterministic-normal""","10","-1","0.6000000000000001","""normal""","-0.29999999999999993","0.9","false","""/home/ramaswamy.51/Documents/github/Spirals/Media/data/cluster/endsim/BehaviorSearch/Step6_Trial""","true","0.6000000000000001","1","3","-0.9","true","true","0.15098699576571406","4","0.10662100083765153"
"1","208","1000","1","""HK""","0.08","false","""normal""","1","""constant""","0.2","""Scale-free""","1","0","1","""uniform""","""deterministic-normal""","20","-0.5","0","""normal""","-0.29999999999999993","0.8","false","""/home/ramaswamy.51/Documents/github/Spirals/Media/data/cluster/endsim/BehaviorSearch/Step6_Trial""","true","0.30000000000000004","1","5","0.8","true","true","0.18995251334601554","4","0.10662100083765153"
"1","212","1000","1","""HK""","0.060000000000000005","false","""normal""","1","""constant""","0.2","""Scale-free""","1","0","1","""uniform""","""deterministic-normal""","20","-0.3999999999999999","0","""normal""","-0.29999999999999993","0.8","false","""/home/ramaswamy.51/Documents/github/Spirals/Media/data/cluster/endsim/BehaviorSearch/Step6_Trial""","true","0.2","1","5","0.8","true","true","0.19440662214131227","4","0.10662100083765153"
"1","216","1000","1","""HK""","0.060000000000000005","false","""normal""","1","""constant""","0.2","""Scale-free""","1","0","1","""uniform""","""deterministic-normal""","40","-0.3999999999999999","0.2","""normal""","0.20000000000000018","0.6000000000000001","false","""/home/ramaswamy.51/Documents/github/Spirals/Media/data/cluster/endsim/BehaviorSearch/Step6_Trial""","true","0","1","7","-0.09999999999999998","true","true","0.23229496401802835","4","0.10662100083765153"
"1","220","1000","1","""HK""","0.03","false","""normal""","1","""constant""","0.1","""Scale-free""","1","0","1","""uniform""","""deterministic-normal""","40","-0.3999999999999999","0.2","""normal""","-0.19999999999999996","0.6000000000000001","false","""/home/ramaswamy.51/Documents/github/Spirals/Media/data/cluster/endsim/BehaviorSearch/Step6_Trial""","true","0","1","7","0.10000000000000009","true","true","0.13706774357352153","4","0.10662100083765153"
"1","224","1000","1","""HK""","0.03","false","""normal""","1","""constant""","0.1","""Scale-free""","1","0","1","""uniform""","""deterministic-normal""","40","-0.3999999999999999","0.2","""normal""","0","0.7000000000000001","false","""/home/ramaswamy.51/Documents/github/Spirals/Media/data/cluster/endsim/BehaviorSearch/Step6_Trial""","true","0","1","7","0.10000000000000009","true","true","0.11580907983072264","4","0.10662100083765153"
"1","228","1000","1","""HK""","0.03","false","""normal""","1","""constant""","0.1","""Scale-free""","1","0","1","""uniform""","""deterministic-normal""","10","-1","0.6000000000000001","""normal""","-0.09999999999999998","0.9","false","""/home/ramaswamy.51/Documents/github/Spirals/Media/data/cluster/endsim/BehaviorSearch/Step6_Trial""","true","0.7000000000000001","1","4","-0.9","true","true","0.1878559052919131","4","0.10662100083765153"
"1","232","1000","1","""HK""","0.03","false","""normal""","1","""constant""","0.1","""Scale-free""","1","0","1","""uniform""","""deterministic-normal""","40","-0.3999999999999999","0.2","""normal""","0","0.6000000000000001","false","""/home/ramaswamy.51/Documents/github/Spirals/Media/data/cluster/endsim/BehaviorSearch/Step6_Trial""","true","0.30000000000000004","1","5","0.8","true","true","0.11374818461756507","4","0.10662100083765153"
"1","236","1000","1","""HK""","0.01","false","""normal""","1","""constant""","0","""Scale-free""","1","0","1","""uniform""","""deterministic-normal""","40","-0.7","0.4","""normal""","0","0.7000000000000001","false","""/home/ramaswamy.51/Documents/github/Spirals/Media/data/cluster/endsim/BehaviorSearch/Step6_Trial""","true","0","1","7","0.10000000000000009","true","true","0.1344958754755831","4","0.10662100083765153"
"1","240","1000","1","""HK""","0.03","false","""normal""","1","""constant""","0.1","""Scale-free""","1","0","1","""uniform""","""deterministic-normal""","40","-0.3999999999999999","0.2","""normal""","0","0.6000000000000001","false","""/home/ramaswamy.51/Documents/github/Spirals/Media/data/cluster/endsim/BehaviorSearch/Step6_Trial""","true","0.30000000000000004","1","5","1","true","true","0.1033664899326534","4","0.1033664899326534"
"1","244","1000","1","""HK""","0.03","false","""normal""","1","""constant""","0.1","""Scale-free""","1","0","1","""uniform""","""deterministic-normal""","40","-0.5","0.2","""normal""","0","0.8","false","""/home/ramaswamy.51/Documents/github/Spirals/Media/data/cluster/endsim/BehaviorSearch/Step6_Trial""","true","0.30000000000000004","1","5","1","true","true","0.0981763785555633","4","0.0981763785555633"
"1","248","1000","1","""HK""","0.03","false","""normal""","1","""constant""","0.1","""Scale-free""","1","0","1","""uniform""","""deterministic-normal""","40","-0.3999999999999999","0.2","""normal""","-0.29999999999999993","0.7000000000000001","false","""/home/ramaswamy.51/Documents/github/Spirals/Media/data/cluster/endsim/BehaviorSearch/Step6_Trial""","true","0","1","7","0.10000000000000009","true","true","0.13895140812426932","4","0.0981763785555633"
"1","252","1000","1","""HK""","0.03","false","""normal""","1","""constant""","0.1","""Scale-free""","1","0","1","""uniform""","""deterministic-normal""","40","-0.3999999999999999","0.1","""normal""","-0.19999999999999996","0.7000000000000001","false","""/home/ramaswamy.51/Documents/github/Spirals/Media/data/cluster/endsim/BehaviorSearch/Step6_Trial""","true","0.4","1","5","0.8","true","true","0.11713795307711444","4","0.0981763785555633"
"1","256","1000","1","""HK""","0.06999999999999999","false","""normal""","1","""constant""","0.2","""Scale-free""","1","0","1","""uniform""","""deterministic-normal""","10","-0.8","0.5","""normal""","-0.19999999999999996","0.9","false","""/home/ramaswamy.51/Documents/github/Spirals/Media/data/cluster/endsim/BehaviorSearch/Step6_Trial""","true","0.5","0.9","4","-0.9","true","true","0.22235979304381473","4","0.0981763785555633"
"1","260","1000","1","""HK""","0.03","false","""normal""","1","""constant""","0.1","""Scale-free""","2","0","1","""uniform""","""deterministic-normal""","40","-0.3999999999999999","0.2","""normal""","0","0.7000000000000001","false","""/home/ramaswamy.51/Documents/github/Spirals/Media/data/cluster/endsim/BehaviorSearch/Step6_Trial""","true","0.30000000000000004","1","5","1","true","true","0.09519149353828732","4","0.09519149353828732"
"1","264","1000","1","""HK""","0.01","false","""normal""","1","""constant""","0.1","""Scale-free""","1","0","1","""uniform""","""deterministic-normal""","40","-0.3999999999999999","0.2","""normal""","0.20000000000000018","0.6000000000000001","false","""/home/ramaswamy.51/Documents/github/Spirals/Media/data/cluster/endsim/BehaviorSearch/Step6_Trial""","true","0.30000000000000004","1","5","0.8","true","true","0.14519920228144478","4","0.09519149353828732"
"1","268","1000","1","""HK""","0.060000000000000005","false","""normal""","1","""constant""","0.2","""Scale-free""","2","0","1","""uniform""","""deterministic-normal""","30","-0.3999999999999999","0.2","""normal""","0","0.7000000000000001","false","""/home/ramaswamy.51/Documents/github/Spirals/Media/data/cluster/endsim/BehaviorSearch/Step6_Trial""","true","0.30000000000000004","1","6","1","true","true","0.18081758921809618","4","0.09519149353828732"
"1","272","1000","1","""HK""","0.03","false","""normal""","1","""constant""","0.1","""Scale-free""","1","0","1","""uniform""","""deterministic-normal""","40","-0.7","0.5","""normal""","0.20000000000000018","0.7000000000000001","false","""/home/ramaswamy.51/Documents/github/Spirals/Media/data/cluster/endsim/BehaviorSearch/Step6_Trial""","true","0.1","1","7","0.10000000000000009","true","true","0.12981300166642662","4","0.09519149353828732"
"1","276","1000","1","""HK""","0.060000000000000005","false","""normal""","1","""constant""","0.2","""Scale-free""","1","0","1","""uniform""","""deterministic-normal""","10","-0.7","0.6000000000000001","""normal""","-0.29999999999999993","1","false","""/home/ramaswamy.51/Documents/github/Spirals/Media/data/cluster/endsim/BehaviorSearch/Step6_Trial""","true","0.7000000000000001","1","4","-0.9","true","true","0.11858295322624893","4","0.09519149353828732"
"1","280","1000","1","""HK""","0.05","false","""normal""","1","""constant""","0.2","""Scale-free""","2","0","1","""uniform""","""deterministic-normal""","40","-0.29999999999999993","0.2","""normal""","0","0.7000000000000001","false","""/home/ramaswamy.51/Documents/github/Spirals/Media/data/cluster/endsim/BehaviorSearch/Step6_Trial""","true","0.30000000000000004","1","5","0.8","true","true","0.1890620703844718","4","0.09519149353828732"
"1","284","1000","1","""HK""","0.01","false","""normal""","1","""constant""","0.1","""Scale-free""","1","0","1","""uniform""","""deterministic-normal""","40","-0.09999999999999998","0.2","""normal""","0","0.6000000000000001","false","""/home/ramaswamy.51/Documents/github/Spirals/Media/data/cluster/endsim/BehaviorSearch/Step6_Trial""","true","0.30000000000000004","1","5","0.8","true","true","0.10740982931449418","4","0.09519149353828732"
"1","288","1000","1","""HK""","0.03","false","""normal""","1","""constant""","0","""Scale-free""","1","0","1","""uniform""","""deterministic-normal""","45","-0.7","0.5","""normal""","-0.29999999999999993","1","false","""/home/ramaswamy.51/Documents/github/Spirals/Media/data/cluster/endsim/BehaviorSearch/Step6_Trial""","true","0.7000000000000001","1","3","-0.9","true","true","0.17335792951388174","4","0.09519149353828732"
"1","292","1000","1","""HK""","0.03","false","""normal""","1","""constant""","0","""Scale-free""","2","0","1","""uniform""","""deterministic-normal""","40","-0.3999999999999999","0.2","""normal""","0","0.7000000000000001","false","""/home/ramaswamy.51/Documents/github/Spirals/Media/data/cluster/endsim/BehaviorSearch/Step6_Trial""","true","0.30000000000000004","1","7","0.10000000000000009","true","true","0.13522550723480944","4","0.09519149353828732"
"1","296","1000","1","""HK""","0.03","false","""normal""","1","""constant""","0.2","""Scale-free""","1","0","1","""uniform""","""deterministic-normal""","40","-0.09999999999999998","0.2","""normal""","0","0.6000000000000001","false","""/home/ramaswamy.51/Documents/github/Spirals/Media/data/cluster/endsim/BehaviorSearch/Step6_Trial""","true","0.30000000000000004","1","5","0.8","true","true","0.17911817626816945","4","0.09519149353828732"
"1","300","1000","1","""HK""","0.06999999999999999","false","""normal""","1","""constant""","0.2","""Scale-free""","1","0","1","""uniform""","""deterministic-normal""","10","-0.5","0.5","""normal""","-0.19999999999999996","0.9","false","""/home/ramaswamy.51/Documents/github/Spirals/Media/data/cluster/endsim/BehaviorSearch/Step6_Trial""","true","0.8","1","5","-0.9","true","true","0.14273367057503736","4","0.09519149353828732"
"1","304","1000","1","""HK""","0.01","false","""normal""","1","""constant""","0.1","""Scale-free""","1","0","1","""uniform""","""deterministic-normal""","40","-0.3999999999999999","0.2","""normal""","0","0.7000000000000001","false","""/home/ramaswamy.51/Documents/github/Spirals/Media/data/cluster/endsim/BehaviorSearch/Step6_Trial""","true","0.30000000000000004","1","5","1","true","true","0.10927769747163243","4","0.09519149353828732"
"1","308","1000","1","""HK""","0.03","false","""normal""","1","""constant""","0.1","""Scale-free""","1","0","1","""uniform""","""deterministic-normal""","45","-0.3999999999999999","0.2","""normal""","0","0.7000000000000001","false","""/home/ramaswamy.51/Documents/github/Spirals/Media/data/cluster/endsim/BehaviorSearch/Step6_Trial""","true","0","1","7","0.10000000000000009","true","true","0.12267038678342448","4","0.09519149353828732"
"1","312","1000","1","""HK""","0.05","false","""normal""","1","""constant""","0.1","""Scale-free""","1","0","1","""uniform""","""deterministic-normal""","40","-0.3999999999999999","0.2","""normal""","0","0.7000000000000001","false","""/home/ramaswamy.51/Documents/github/Spirals/Media/data/cluster/endsim/BehaviorSearch/Step6_Trial""","true","0.30000000000000004","1","8","0","true","true","0.10698993532469595","4","0.09519149353828732"
"1","316","1000","1","""HK""","0.03","false","""normal""","1","""constant""","0.1","""Scale-free""","1","0","1","""uniform""","""deterministic-normal""","40","-0.5","0","""normal""","0","0.8","false","""/home/ramaswamy.51/Documents/github/Spirals/Media/data/cluster/endsim/BehaviorSearch/Step6_Trial""","true","0.30000000000000004","1","5","1","true","true","0.10755411846877906","4","0.09519149353828732"
"1","320","1000","1","""HK""","0.01","false","""normal""","1","""constant""","0","""Scale-free""","1","0","1","""uniform""","""deterministic-normal""","40","-0.8","0.4","""normal""","0.20000000000000018","0.5","false","""/home/ramaswamy.51/Documents/github/Spirals/Media/data/cluster/endsim/BehaviorSearch/Step6_Trial""","true","0","1","7","0.10000000000000009","true","true","0.16726057000908398","4","0.09519149353828732"
"1","324","1000","1","""HK""","0.03","false","""normal""","1","""constant""","0.1","""Scale-free""","1","0","1","""uniform""","""deterministic-normal""","40","-0.29999999999999993","0.2","""normal""","0","0.6000000000000001","false","""/home/ramaswamy.51/Documents/github/Spirals/Media/data/cluster/endsim/BehaviorSearch/Step6_Trial""","true","0.4","1","5","1","true","true","0.11504076371582786","4","0.09519149353828732"
"1","328","1000","1","""HK""","0.01","false","""normal""","1","""constant""","0","""Scale-free""","2","0","1","""uniform""","""deterministic-normal""","45","-0.3999999999999999","0.2","""normal""","-0.09999999999999998","0.7000000000000001","false","""/home/ramaswamy.51/Documents/github/Spirals/Media/data/cluster/endsim/BehaviorSearch/Step6_Trial""","true","0.30000000000000004","0.9","7","0.10000000000000009","true","true","0.13119382820795955","4","0.09519149353828732"
"1","332","1000","1","""HK""","0.03","false","""normal""","1","""constant""","0.1","""Scale-free""","1","0","1","""uniform""","""deterministic-normal""","45","-0.3999999999999999","0.2","""normal""","0.10000000000000009","0.5","false","""/home/ramaswamy.51/Documents/github/Spirals/Media/data/cluster/endsim/BehaviorSearch/Step6_Trial""","true","0","1","9","0","true","true","0.15447568301484169","4","0.09519149353828732"
"1","336","1000","1","""HK""","0.03","false","""normal""","1","""constant""","0","""Scale-free""","1","0","1","""uniform""","""deterministic-normal""","40","0","0.2","""normal""","0","0.5","false","""/home/ramaswamy.51/Documents/github/Spirals/Media/data/cluster/endsim/BehaviorSearch/Step6_Trial""","true","0.30000000000000004","1","5","0.8","true","true","0.11910762895317697","4","0.09519149353828732"
"1","340","1000","1","""HK""","0.03","false","""normal""","1","""constant""","0.1","""Scale-free""","1","0","1","""uniform""","""deterministic-normal""","40","-0.3999999999999999","0.2","""normal""","0","0.6000000000000001","false","""/home/ramaswamy.51/Documents/github/Spirals/Media/data/cluster/endsim/BehaviorSearch/Step6_Trial""","true","0","1","5","0.10000000000000009","true","true","0.13032035617878537","4","0.09519149353828732"
"1","344","1000","1","""HK""","0.03","false","""normal""","1","""constant""","0.1","""Scale-free""","1","0","1","""uniform""","""deterministic-normal""","45","-0.3999999999999999","0.2","""normal""","0","0.6000000000000001","false","""/home/ramaswamy.51/Documents/github/Spirals/Media/data/cluster/endsim/BehaviorSearch/Step6_Trial""","true","0.30000000000000004","1","5","0.8","true","true","0.1157454884206668","4","0.09519149353828732"
"1","348","1000","1","""HK""","0.03","false","""normal""","1","""constant""","0.1","""Scale-free""","2","0","1","""uniform""","""deterministic-normal""","40","-0.3999999999999999","0.2","""normal""","0","0.9","false","""/home/ramaswamy.51/Documents/github/Spirals/Media/data/cluster/endsim/BehaviorSearch/Step6_Trial""","true","0.30000000000000004","1","6","0.8","true","true","0.09254648230628278","4","0.09254648230628278"
"1","352","1000","1","""HK""","0.03","false","""normal""","1","""constant""","0.1","""Scale-free""","1","0","1","""uniform""","""deterministic-normal""","40","-0.3999999999999999","0.2","""normal""","0.20000000000000018","0.6000000000000001","false","""/home/ramaswamy.51/Documents/github/Spirals/Media/data/cluster/endsim/BehaviorSearch/Step6_Trial""","true","0","1","4","0.10000000000000009","true","true","0.154036080710318","4","0.09254648230628278"
"1","356","1000","1","""HK""","0.03","false","""normal""","1","""constant""","0.1","""Scale-free""","1","0","1","""uniform""","""deterministic-normal""","45","-0.5","0.2","""normal""","0","0.6000000000000001","false","""/home/ramaswamy.51/Documents/github/Spirals/Media/data/cluster/endsim/BehaviorSearch/Step6_Trial""","true","0.5","1","5","0.7000000000000002","true","true","0.11640768666826314","4","0.09254648230628278"
"1","360","1000","1","""HK""","0.09999999999999999","false","""normal""","1","""constant""","0.1","""Scale-free""","1","0","1","""uniform""","""deterministic-normal""","40","-0.3999999999999999","0.2","""normal""","0","0.7000000000000001","false","""/home/ramaswamy.51/Documents/github/Spirals/Media/data/cluster/endsim/BehaviorSearch/Step6_Trial""","true","0.2","1","8","0","true","true","0.15494049307810162","4","0.09254648230628278"
"1","364","1000","1","""HK""","0.03","false","""normal""","1","""constant""","0.1","""Scale-free""","1","0","1","""uniform""","""deterministic-normal""","40","-0.3999999999999999","0.2","""normal""","0","0.7000000000000001","false","""/home/ramaswamy.51/Documents/github/Spirals/Media/data/cluster/endsim/BehaviorSearch/Step6_Trial""","true","0.30000000000000004","1","5","0.8","true","true","0.11106280259790036","4","0.09254648230628278"
"1","368","1000","1","""HK""","0.01","false","""normal""","1","""constant""","0.1","""Scale-free""","2","0","1","""uniform""","""deterministic-normal""","40","-0.6","0.2","""normal""","0","0.9","false","""/home/ramaswamy.51/Documents/github/Spirals/Media/data/cluster/endsim/BehaviorSearch/Step6_Trial""","true","0.30000000000000004","1","8","0.8","true","true","0.10046992164832741","4","0.09254648230628278"
"1","372","1000","1","""HK""","0.02","false","""normal""","1","""constant""","0.1","""Scale-free""","1","0","1","""uniform""","""deterministic-normal""","40","-0.29999999999999993","0.2","""normal""","0.30000000000000004","0.5","false","""/home/ramaswamy.51/Documents/github/Spirals/Media/data/cluster/endsim/BehaviorSearch/Step6_Trial""","true","0.1","1","5","0.8","true","true","0.199574611778445","4","0.09254648230628278"
"1","376","1000","1","""HK""","0.03","false","""normal""","1","""constant""","0.1","""Scale-free""","1","0","1","""uniform""","""deterministic-normal""","40","-0.3999999999999999","0.30000000000000004","""normal""","-0.19999999999999996","0.9","false","""/home/ramaswamy.51/Documents/github/Spirals/Media/data/cluster/endsim/BehaviorSearch/Step6_Trial""","true","0.30000000000000004","1","6","0.9000000000000001","true","true","0.10079657050678005","4","0.09254648230628278"
"1","380","1000","1","""HK""","0.03","false","""normal""","1","""constant""","0.2","""Scale-free""","1","0","1","""uniform""","""deterministic-normal""","40","-0.5","0.1","""normal""","0","0.6000000000000001","false","""/home/ramaswamy.51/Documents/github/Spirals/Media/data/cluster/endsim/BehaviorSearch/Step6_Trial""","true","0.30000000000000004","1","5","0.8","true","true","0.17328653399528193","4","0.09254648230628278"
"1","384","1000","1","""HK""","0.03","false","""normal""","1","""constant""","0","""Scale-free""","1","0","1","""uniform""","""deterministic-normal""","40","-0.29999999999999993","0.1","""normal""","0","0.6000000000000001","false","""/home/ramaswamy.51/Documents/github/Spirals/Media/data/cluster/endsim/BehaviorSearch/Step6_Trial""","true","0.30000000000000004","1","3","0.8","true","true","0.13073206256248657","4","0.09254648230628278"
"1","388","1000","1","""HK""","0.03","false","""normal""","1","""constant""","0.1","""Scale-free""","2","0","1","""uniform""","""deterministic-normal""","40","-0.3999999999999999","0.2","""normal""","0","0.6000000000000001","false","""/home/ramaswamy.51/Documents/github/Spirals/Media/data/cluster/endsim/BehaviorSearch/Step6_Trial""","true","0.2","1","5","0.8","true","true","0.12002150178550808","4","0.09254648230628278"
"1","392","1000","1","""HK""","0.03","false","""normal""","1","""constant""","0.1","""Scale-free""","1","0","1","""uniform""","""deterministic-normal""","40","-0.09999999999999998","0.2","""normal""","0","0.6000000000000001","false","""/home/ramaswamy.51/Documents/github/Spirals/Media/data/cluster/endsim/BehaviorSearch/Step6_Trial""","true","0.30000000000000004","1","5","0.8","true","true","0.11352951279876446","4","0.09254648230628278"
"1","396","1000","1","""HK""","0.01","false","""normal""","1","""constant""","0.1","""Scale-free""","2","0","1","""uniform""","""deterministic-normal""","40","-0.3999999999999999","0.2","""normal""","0","1","false","""/home/ramaswamy.51/Documents/github/Spirals/Media/data/cluster/endsim/BehaviorSearch/Step6_Trial""","true","0.30000000000000004","1","8","1","true","true","0.10469524652876697","4","0.09254648230628278"
"1","400","1000","1","""HK""","0.03","false","""normal""","1","""constant""","0","""Scale-free""","1","0","1","""uniform""","""deterministic-normal""","40","-0.6","0.1","""normal""","0","0.9","false","""/home/ramaswamy.51/Documents/github/Spirals/Media/data/cluster/endsim/BehaviorSearch/Step6_Trial""","true","0.30000000000000004","0.9","6","1","true","true","0.15942716296692683","4","0.09254648230628278"
"1","404","1000","1","""HK""","0.01","false","""normal""","1","""constant""","0.1","""Scale-free""","2","0","1","""uniform""","""deterministic-normal""","40","-0.29999999999999993","0.2","""normal""","0.20000000000000018","0.9","false","""/home/ramaswamy.51/Documents/github/Spirals/Media/data/cluster/endsim/BehaviorSearch/Step6_Trial""","true","0.30000000000000004","1","8","0.8","true","true","0.10949306657128205","4","0.09254648230628278"
"1","408","1000","1","""HK""","0.01","false","""normal""","1","""constant""","0.1","""Scale-free""","3","0","1","""uniform""","""deterministic-normal""","40","-0.29999999999999993","0.2","""normal""","0.40000000000000013","0.9","false","""/home/ramaswamy.51/Documents/github/Spirals/Media/data/cluster/endsim/BehaviorSearch/Step6_Trial""","true","0.30000000000000004","1","8","0.10000000000000009","true","true","0.14053349942048848","4","0.09254648230628278"
"1","412","1000","1","""HK""","0.03","false","""normal""","1","""constant""","0.1","""Scale-free""","2","0","1","""uniform""","""deterministic-normal""","40","-0.3999999999999999","0.2","""normal""","0.10000000000000009","0.6000000000000001","false","""/home/ramaswamy.51/Documents/github/Spirals/Media/data/cluster/endsim/BehaviorSearch/Step6_Trial""","true","0.30000000000000004","1","5","1","true","true","0.12640852795308383","4","0.09254648230628278"
"1","416","1000","1","""HK""","0.01","false","""normal""","1","""constant""","0.1","""Scale-free""","1","0","1","""uniform""","""deterministic-normal""","40","-0.3999999999999999","0.30000000000000004","""normal""","-0.19999999999999996","0.9","false","""/home/ramaswamy.51/Documents/github/Spirals/Media/data/cluster/endsim/BehaviorSearch/Step6_Trial""","true","0.5","0.9","6","0.9000000000000001","true","true","0.13641173872690895","4","0.09254648230628278"
"1","420","1000","1","""HK""","0.01","false","""normal""","1","""constant""","0","""Scale-free""","1","0","1","""uniform""","""deterministic-normal""","40","-0.29999999999999993","0","""normal""","0","0.8","false","""/home/ramaswamy.51/Documents/github/Spirals/Media/data/cluster/endsim/BehaviorSearch/Step6_Trial""","true","0.30000000000000004","1","5","1","true","true","0.1518835281677369","4","0.09254648230628278"
"1","424","1000","1","""HK""","0.060000000000000005","false","""normal""","1","""constant""","0.1","""Scale-free""","1","0","1","""uniform""","""deterministic-normal""","40","-0.8","0.2","""normal""","0","0.7000000000000001","false","""/home/ramaswamy.51/Documents/github/Spirals/Media/data/cluster/endsim/BehaviorSearch/Step6_Trial""","true","0.30000000000000004","1","5","1","true","true","0.11895960266729771","4","0.09254648230628278"
"1","428","1000","1","""HK""","0.03","false","""normal""","1","""constant""","0.1","""Scale-free""","1","0","1","""uniform""","""deterministic-normal""","40","-0.3999999999999999","0.2","""normal""","-0.29999999999999993","0.7000000000000001","false","""/home/ramaswamy.51/Documents/github/Spirals/Media/data/cluster/endsim/BehaviorSearch/Step6_Trial""","true","0.30000000000000004","1","5","1","true","true","0.12481874888677079","4","0.09254648230628278"
"1","432","1000","1","""HK""","0.01","false","""normal""","1","""constant""","0.1","""Scale-free""","1","0","1","""uniform""","""deterministic-normal""","40","-0.3999999999999999","0.2","""normal""","0.10000000000000009","0.7000000000000001","false","""/home/ramaswamy.51/Documents/github/Spirals/Media/data/cluster/endsim/BehaviorSearch/Step6_Trial""","true","0.30000000000000004","1","8","0","true","true","0.11147441561788296","4","0.09254648230628278"
"1","436","1000","1","""HK""","0.01","false","""normal""","1","""constant""","0.1","""Scale-free""","1","0","1","""uniform""","""deterministic-normal""","40","-0.5","0","""normal""","0","0.8","false","""/home/ramaswamy.51/Documents/github/Spirals/Media/data/cluster/endsim/BehaviorSearch/Step6_Trial""","true","0.30000000000000004","1","5","1","true","true","0.09258361970313493","4","0.09254648230628278"
"1","440","1000","1","""HK""","0.03","false","""normal""","1","""constant""","0.2","""Scale-free""","1","0","1","""uniform""","""deterministic-normal""","40","-0.29999999999999993","0.2","""normal""","0","0.6000000000000001","false","""/home/ramaswamy.51/Documents/github/Spirals/Media/data/cluster/endsim/BehaviorSearch/Step6_Trial""","true","0.4","1","5","1","true","true","0.17593412716635848","4","0.09254648230628278"
"1","444","1000","1","""HK""","0.01","false","""normal""","1","""constant""","0.2","""Scale-free""","1","0","1","""uniform""","""deterministic-normal""","35","-0.3999999999999999","0.1","""normal""","0","0.7000000000000001","false","""/home/ramaswamy.51/Documents/github/Spirals/Media/data/cluster/endsim/BehaviorSearch/Step6_Trial""","true","0.30000000000000004","1","5","1","true","true","0.15750374127010597","4","0.09254648230628278"
"1","448","1000","1","""HK""","0.03","false","""normal""","1","""constant""","0.1","""Scale-free""","1","0","1","""uniform""","""deterministic-normal""","40","-0.3999999999999999","0.2","""normal""","0","0.6000000000000001","false","""/home/ramaswamy.51/Documents/github/Spirals/Media/data/cluster/endsim/BehaviorSearch/Step6_Trial""","true","0.4","1","6","1","true","true","0.11676039066275304","4","0.09254648230628278"
"1","452","1000","1","""HK""","0.01","false","""normal""","1","""constant""","0.1","""Scale-free""","1","0","1","""uniform""","""deterministic-normal""","40","-0.5","0.2","""normal""","0","0.8","false","""/home/ramaswamy.51/Documents/github/Spirals/Media/data/cluster/endsim/BehaviorSearch/Step6_Trial""","true","0.30000000000000004","1","5","1","true","true","0.10932082080287309","4","0.09254648230628278"
"1","456","1000","1","""HK""","0.05","false","""normal""","1","""constant""","0.1","""Scale-free""","1","0","1","""uniform""","""deterministic-normal""","40","-0.5","0","""normal""","-0.29999999999999993","1","false","""/home/ramaswamy.51/Documents/github/Spirals/Media/data/cluster/endsim/BehaviorSearch/Step6_Trial""","true","0.30000000000000004","1","4","1","true","true","0.10939156772729852","4","0.09254648230628278"
"1","460","1000","1","""HK""","0.03","false","""normal""","1","""constant""","0.1","""Scale-free""","1","0","1","""uniform""","""deterministic-normal""","40","-0.6","0.2","""normal""","-0.09999999999999998","0.9","false","""/home/ramaswamy.51/Documents/github/Spirals/Media/data/cluster/endsim/BehaviorSearch/Step6_Trial""","true","0.4","1","8","0.8","true","true","0.1081364038355642","4","0.09254648230628278"
"1","464","1000","1","""HK""","0.06999999999999999","false","""normal""","1","""constant""","0.1","""Scale-free""","1","0","1","""uniform""","""deterministic-normal""","40","-0.3999999999999999","0.2","""normal""","0","0.6000000000000001","false","""/home/ramaswamy.51/Documents/github/Spirals/Media/data/cluster/endsim/BehaviorSearch/Step6_Trial""","true","0.30000000000000004","1","5","1","true","true","0.12837712807605717","4","0.09254648230628278"
"1","468","1000","1","""HK""","0.03","false","""normal""","1","""constant""","0.1","""Scale-free""","1","0","1","""uniform""","""deterministic-normal""","40","-0.6","0.2","""normal""","0","0.9","false","""/home/ramaswamy.51/Documents/github/Spirals/Media/data/cluster/endsim/BehaviorSearch/Step6_Trial""","true","0.30000000000000004","1","6","0.8","true","true","0.10042123096669608","4","0.09254648230628278"
"1","472","1000","1","""HK""","0.03","false","""normal""","1","""constant""","0.1","""Scale-free""","1","0","1","""uniform""","""deterministic-normal""","40","-0.6","0.1","""normal""","0.10000000000000009","0.6000000000000001","false","""/home/ramaswamy.51/Documents/github/Spirals/Media/data/cluster/endsim/BehaviorSearch/Step6_Trial""","true","0.2","1","8","0.40000000000000013","true","true","0.11847888490443398","4","0.09254648230628278"
"1","476","1000","1","""HK""","0.03","false","""normal""","1","""constant""","0.1","""Scale-free""","2","0","1","""uniform""","""deterministic-normal""","40","-0.5","0.1","""normal""","0","0.8","false","""/home/ramaswamy.51/Documents/github/Spirals/Media/data/cluster/endsim/BehaviorSearch/Step6_Trial""","true","0.30000000000000004","1","5","1","true","true","0.0962977407004806","4","0.09254648230628278"
"1","480","1000","1","""HK""","0.01","false","""normal""","1","""constant""","0.1","""Scale-free""","1","0","1","""uniform""","""deterministic-normal""","40","-0.3999999999999999","0.2","""normal""","0","0.9","false","""/home/ramaswamy.51/Documents/github/Spirals/Media/data/cluster/endsim/BehaviorSearch/Step6_Trial""","true","0.30000000000000004","0.9","6","0.8","true","true","0.1099993829289132","4","0.09254648230628278"
"1","484","1000","1","""HK""","0.03","false","""normal""","1","""constant""","0.1","""Scale-free""","2","0","1","""uniform""","""deterministic-normal""","40","-0.5","0.1","""normal""","0","0.8","false","""/home/ramaswamy.51/Documents/github/Spirals/Media/data/cluster/endsim/BehaviorSearch/Step6_Trial""","true","0.30000000000000004","0.9","5","1","true","true","0.09426759877367458","4","0.09254648230628278"
"1","488","1000","1","""HK""","0.01","false","""normal""","1","""constant""","0.1","""Scale-free""","1","0","1","""uniform""","""deterministic-normal""","40","-0.5","0.2","""normal""","0.10000000000000009","0.8","false","""/home/ramaswamy.51/Documents/github/Spirals/Media/data/cluster/endsim/BehaviorSearch/Step6_Trial""","true","0.30000000000000004","1","4","1","true","true","0.11095944402472438","4","0.09254648230628278"
"1","492","1000","1","""HK""","0.03","false","""normal""","1","""constant""","0.1","""Scale-free""","2","0","1","""uniform""","""deterministic-normal""","40","-0.3999999999999999","0.2","""normal""","0","0.9","false","""/home/ramaswamy.51/Documents/github/Spirals/Media/data/cluster/endsim/BehaviorSearch/Step6_Trial""","true","0.4","1","6","0.8","true","true","0.10109920138633424","4","0.09254648230628278"
"1","496","1000","1","""HK""","0.01","false","""normal""","1","""constant""","0.1","""Scale-free""","1","0","1","""uniform""","""deterministic-normal""","40","-0.5","0.2","""normal""","0","0.8","false","""/home/ramaswamy.51/Documents/github/Spirals/Media/data/cluster/endsim/BehaviorSearch/Step6_Trial""","true","0.30000000000000004","1","6","0.8","true","true","0.10891044831556107","4","0.09254648230628278"
"1","500","1000","1","""HK""","0.01","false","""normal""","1","""constant""","0.1","""Scale-free""","2","0","1","""uniform""","""deterministic-normal""","40","-0.3999999999999999","0.2","""normal""","0","0.9","false","""/home/ramaswamy.51/Documents/github/Spirals/Media/data/cluster/endsim/BehaviorSearch/Step6_Trial""","true","0.4","1","5","0.8","true","true","0.12008137344447162","4","0.09254648230628278"
"1","504","1000","1","""HK""","0.02","false","""normal""","1","""constant""","0.1","""Scale-free""","1","0","1","""uniform""","""deterministic-normal""","40","-0.29999999999999993","0.2","""normal""","0","0.9","false","""/home/ramaswamy.51/Documents/github/Spirals/Media/data/cluster/endsim/BehaviorSearch/Step6_Trial""","true","0.4","1","6","0.8","true","true","0.1134316291607553","4","0.09254648230628278"
"1","508","1000","1","""HK""","0.03","false","""normal""","1","""constant""","0.1","""Scale-free""","3","0","1","""uniform""","""deterministic-normal""","40","-0.5","0.1","""normal""","0","0.9","false","""/home/ramaswamy.51/Documents/github/Spirals/Media/data/cluster/endsim/BehaviorSearch/Step6_Trial""","true","0.30000000000000004","0.9","5","0.9000000000000001","true","true","0.09411922301499741","4","0.09254648230628278"
"1","512","1000","1","""HK""","0.03","false","""normal""","1","""constant""","0.1","""Scale-free""","2","0","1","""uniform""","""deterministic-normal""","45","-0.5","0.1","""normal""","0","0.8","false","""/home/ramaswamy.51/Documents/github/Spirals/Media/data/cluster/endsim/BehaviorSearch/Step6_Trial""","true","0.2","1","5","1","true","true","0.10625111141242984","4","0.09254648230628278"
"1","516","1000","1","""HK""","0.05","false","""normal""","1","""constant""","0.1","""Scale-free""","2","0","1","""uniform""","""deterministic-normal""","40","-0.8","0","""normal""","0","0.9","false","""/home/ramaswamy.51/Documents/github/Spirals/Media/data/cluster/endsim/BehaviorSearch/Step6_Trial""","true","0.30000000000000004","0.9","4","0.9000000000000001","true","true","0.08752030828192739","4","0.08752030828192739"
"1","520","1000","1","""HK""","0.03","false","""normal""","1","""constant""","0.1","""Scale-free""","2","0","1","""uniform""","""deterministic-normal""","40","-0.6","0.2","""normal""","0","0.7000000000000001","false","""/home/ramaswamy.51/Documents/github/Spirals/Media/data/cluster/endsim/BehaviorSearch/Step6_Trial""","true","0.30000000000000004","1","4","0.8","true","true","0.10099211771902052","4","0.08752030828192739"
"1","524","1000","1","""HK""","0.03","false","""normal""","1","""constant""","0.1","""Scale-free""","2","0","1","""uniform""","""deterministic-normal""","40","-0.3999999999999999","0.2","""normal""","0","1","false","""/home/ramaswamy.51/Documents/github/Spirals/Media/data/cluster/endsim/BehaviorSearch/Step6_Trial""","true","0.5","1","6","0.7000000000000002","true","true","0.12404131646067093","4","0.08752030828192739"
"1","528","1000","1","""HK""","0.03","false","""normal""","1","""constant""","0.1","""Scale-free""","1","0","1","""uniform""","""deterministic-normal""","40","-0.6","0.2","""normal""","0","0.8","false","""/home/ramaswamy.51/Documents/github/Spirals/Media/data/cluster/endsim/BehaviorSearch/Step6_Trial""","true","0.30000000000000004","1","6","0.8","true","true","0.09959341126244174","4","0.08752030828192739"
"1","532","1000","1","""HK""","0.01","false","""normal""","1","""constant""","0.1","""Scale-free""","2","0","1","""uniform""","""deterministic-normal""","45","-0.5","0.1","""normal""","0.10000000000000009","1","false","""/home/ramaswamy.51/Documents/github/Spirals/Media/data/cluster/endsim/BehaviorSearch/Step6_Trial""","true","0.2","1","5","1","true","true","0.10907771821895085","4","0.08752030828192739"
"1","536","1000","1","""HK""","0.03","false","""normal""","1","""constant""","0.1","""Scale-free""","3","0","1","""uniform""","""deterministic-normal""","40","-0.29999999999999993","0.2","""normal""","0","0.9","false","""/home/ramaswamy.51/Documents/github/Spirals/Media/data/cluster/endsim/BehaviorSearch/Step6_Trial""","true","0.30000000000000004","1","6","0.8","true","true","0.10151751201881419","4","0.08752030828192739"
"1","540","1000","1","""HK""","0.03","false","""normal""","1","""constant""","0.1","""Scale-free""","2","0","1","""uniform""","""deterministic-normal""","40","-0.6","0.2","""normal""","0.40000000000000013","0.7000000000000001","false","""/home/ramaswamy.51/Documents/github/Spirals/Media/data/cluster/endsim/BehaviorSearch/Step6_Trial""","true","0.30000000000000004","1","4","1","true","true","0.1666661503590926","4","0.08752030828192739"
"1","544","1000","1","""HK""","0.03","false","""normal""","1","""constant""","0.1","""Scale-free""","3","0","1","""uniform""","""deterministic-normal""","50","-0.3999999999999999","0.1","""normal""","0","0.9","false","""/home/ramaswamy.51/Documents/github/Spirals/Media/data/cluster/endsim/BehaviorSearch/Step6_Trial""","true","0.30000000000000004","0.7000000000000001","5","0.9000000000000001","true","true","0.10530975582184694","4","0.08752030828192739"
"1","548","1000","1","""HK""","0.04","false","""normal""","1","""constant""","0.1","""Scale-free""","1","0","1","""uniform""","""deterministic-normal""","40","-1","0","""normal""","0","0.9","false","""/home/ramaswamy.51/Documents/github/Spirals/Media/data/cluster/endsim/BehaviorSearch/Step6_Trial""","true","0.1","0.9","4","0.9000000000000001","true","true","0.10169593507664783","4","0.08752030828192739"
"1","552","1000","1","""HK""","0.03","false","""normal""","1","""constant""","0.1","""Scale-free""","2","0","1","""uniform""","""deterministic-normal""","50","-0.7","0.2","""normal""","-0.09999999999999998","0.7000000000000001","false","""/home/ramaswamy.51/Documents/github/Spirals/Media/data/cluster/endsim/BehaviorSearch/Step6_Trial""","true","0.30000000000000004","0.9","6","0.8","true","true","0.10533163115844671","4","0.08752030828192739"
"1","556","1000","1","""HK""","0.03","false","""normal""","1","""constant""","0.1","""Scale-free""","2","0","1","""uniform""","""deterministic-normal""","40","-0.3999999999999999","0.2","""normal""","0","1","false","""/home/ramaswamy.51/Documents/github/Spirals/Media/data/cluster/endsim/BehaviorSearch/Step6_Trial""","true","0.4","1","6","0.8","true","true","0.11243747237023466","4","0.08752030828192739"
"1","560","1000","1","""HK""","0.01","false","""normal""","1","""constant""","0.1","""Scale-free""","2","0","1","""uniform""","""deterministic-normal""","35","-0.7","0.1","""normal""","0","0.7000000000000001","false","""/home/ramaswamy.51/Documents/github/Spirals/Media/data/cluster/endsim/BehaviorSearch/Step6_Trial""","true","0.30000000000000004","1","5","1","true","true","0.10715591251539068","4","0.08752030828192739"
"1","564","1000","1","""HK""","0.05","false","""normal""","1","""constant""","0","""Scale-free""","2","0","1","""uniform""","""deterministic-normal""","40","-0.3999999999999999","0.2","""normal""","0","0.9","false","""/home/ramaswamy.51/Documents/github/Spirals/Media/data/cluster/endsim/BehaviorSearch/Step6_Trial""","true","0.4","0.8","6","0.8","true","true","0.2414044349132753","4","0.08752030828192739"
"1","568","1000","1","""HK""","0.03","false","""normal""","1","""constant""","0.1","""Scale-free""","1","0","1","""uniform""","""deterministic-normal""","40","-0.09999999999999998","0.2","""normal""","0","0.9","false","""/home/ramaswamy.51/Documents/github/Spirals/Media/data/cluster/endsim/BehaviorSearch/Step6_Trial""","true","0.5","1","6","0.8","true","true","0.11782345262560648","4","0.08752030828192739"
"1","572","1000","1","""HK""","0.03","false","""normal""","1","""constant""","0.1","""Scale-free""","2","0","1","""uniform""","""deterministic-normal""","40","-0.8","0","""normal""","0","0.8","false","""/home/ramaswamy.51/Documents/github/Spirals/Media/data/cluster/endsim/BehaviorSearch/Step6_Trial""","true","0.30000000000000004","0.9","4","0.9000000000000001","true","true","0.08920863867380638","4","0.08752030828192739"
"1","576","1000","1","""HK""","0.01","false","""normal""","1","""constant""","0.1","""Scale-free""","1","0","1","""uniform""","""deterministic-normal""","40","-0.6","0","""normal""","0","0.8","false","""/home/ramaswamy.51/Documents/github/Spirals/Media/data/cluster/endsim/BehaviorSearch/Step6_Trial""","true","0.30000000000000004","0.9","6","1","true","true","0.09738611847579098","4","0.08752030828192739"
"1","580","1000","1","""HK""","0.02","false","""normal""","1","""constant""","0.1","""Scale-free""","2","0","1","""uniform""","""deterministic-normal""","40","-0.6","0","""normal""","0","0.9","false","""/home/ramaswamy.51/Documents/github/Spirals/Media/data/cluster/endsim/BehaviorSearch/Step6_Trial""","true","0.30000000000000004","0.9","4","1","true","true","0.10314213471419433","4","0.08752030828192739"
"1","584","1000","1","""HK""","0.04","false","""normal""","1","""constant""","0.2","""Scale-free""","1","0","1","""uniform""","""deterministic-normal""","40","-0.6","0","""normal""","0","0.8","false","""/home/ramaswamy.51/Documents/github/Spirals/Media/data/cluster/endsim/BehaviorSearch/Step6_Trial""","true","0.4","1","4","0.8","true","true","0.15379490606572038","4","0.08752030828192739"
"1","588","1000","1","""HK""","0.03","false","""normal""","1","""constant""","0.1","""Scale-free""","2","0","1","""uniform""","""deterministic-normal""","35","-0.29999999999999993","0.2","""normal""","-0.19999999999999996","0.9","false","""/home/ramaswamy.51/Documents/github/Spirals/Media/data/cluster/endsim/BehaviorSearch/Step6_Trial""","true","0.30000000000000004","0.9","5","1","true","true","0.10116970217077156","4","0.08752030828192739"
"1","592","1000","1","""HK""","0.01","false","""normal""","1","""constant""","0.1","""Scale-free""","1","0","1","""uniform""","""deterministic-normal""","40","-0.5","0.2","""normal""","0.40000000000000013","0.9","false","""/home/ramaswamy.51/Documents/github/Spirals/Media/data/cluster/endsim/BehaviorSearch/Step6_Trial""","true","0.30000000000000004","1","6","1","true","true","0.13463196048885478","4","0.08752030828192739"
"1","596","1000","1","""HK""","0.01","false","""normal""","1","""constant""","0.1","""Scale-free""","1","0","1","""uniform""","""deterministic-normal""","40","-0.5","0","""normal""","-0.19999999999999996","0.9","false","""/home/ramaswamy.51/Documents/github/Spirals/Media/data/cluster/endsim/BehaviorSearch/Step6_Trial""","true","0.30000000000000004","0.9","5","1","true","true","0.09281348729039597","4","0.08752030828192739"
"1","600","1000","1","""HK""","0.01","false","""normal""","1","""constant""","0.1","""Scale-free""","2","0","1","""uniform""","""deterministic-normal""","40","-0.3999999999999999","0.2","""normal""","-0.09999999999999998","0.9","false","""/home/ramaswamy.51/Documents/github/Spirals/Media/data/cluster/endsim/BehaviorSearch/Step6_Trial""","true","0.30000000000000004","1","6","0.8","true","true","0.09724707684449457","4","0.08752030828192739"
"1","604","1000","1","""HK""","0.03","false","""normal""","1","""constant""","0.1","""Scale-free""","2","0","1","""uniform""","""deterministic-normal""","40","-0.19999999999999996","0.2","""normal""","0","0.7000000000000001","false","""/home/ramaswamy.51/Documents/github/Spirals/Media/data/cluster/endsim/BehaviorSearch/Step6_Trial""","true","0.30000000000000004","1","4","0.8","true","true","0.10480531583849138","4","0.08752030828192739"
"1","608","1000","1","""HK""","0.060000000000000005","false","""normal""","1","""constant""","0.1","""Scale-free""","2","0","1","""uniform""","""deterministic-normal""","40","-0.3999999999999999","0.2","""normal""","0","1","false","""/home/ramaswamy.51/Documents/github/Spirals/Media/data/cluster/endsim/BehaviorSearch/Step6_Trial""","true","0.2","1","5","0.8","true","true","0.09951642094461277","4","0.08752030828192739"
"1","612","1000","1","""HK""","0.05","false","""normal""","1","""constant""","0.1","""Scale-free""","2","0","1","""uniform""","""deterministic-normal""","45","-0.3999999999999999","0.2","""normal""","0","0.8","false","""/home/ramaswamy.51/Documents/github/Spirals/Media/data/cluster/endsim/BehaviorSearch/Step6_Trial""","true","0.30000000000000004","1","6","0.8","true","true","0.10802914303822997","4","0.08752030828192739"
"1","616","1000","1","""HK""","0.03","false","""normal""","1","""constant""","0.1","""Scale-free""","2","0","1","""uniform""","""deterministic-normal""","35","-0.8","0.1","""normal""","0","0.9","false","""/home/ramaswamy.51/Documents/github/Spirals/Media/data/cluster/endsim/BehaviorSearch/Step6_Trial""","true","0.30000000000000004","0.9","4","0.9000000000000001","true","true","0.10038260205340063","4","0.08752030828192739"
"1","620","1000","1","""HK""","0.01","false","""normal""","1","""constant""","0.1","""Scale-free""","1","0","1","""uniform""","""deterministic-normal""","40","-0.5","0.2","""normal""","0","0.8","false","""/home/ramaswamy.51/Documents/github/Spirals/Media/data/cluster/endsim/BehaviorSearch/Step6_Trial""","true","0.4","0.9","4","0.9000000000000001","true","true","0.11067713662757656","4","0.08752030828192739"
"1","624","1000","1","""HK""","0.01","false","""normal""","1","""constant""","0","""Scale-free""","2","0","1","""uniform""","""deterministic-normal""","40","-0.5","0.1","""normal""","0","1","false","""/home/ramaswamy.51/Documents/github/Spirals/Media/data/cluster/endsim/BehaviorSearch/Step6_Trial""","true","0.30000000000000004","1","6","1","true","true","0.15977834889098097","4","0.08752030828192739"
"1","628","1000","1","""HK""","0.01","false","""normal""","1","""constant""","0.1","""Scale-free""","2","0","1","""uniform""","""deterministic-normal""","40","-0.3999999999999999","0.2","""normal""","0.10000000000000009","0.9","false","""/home/ramaswamy.51/Documents/github/Spirals/Media/data/cluster/endsim/BehaviorSearch/Step6_Trial""","true","0.30000000000000004","0.9","4","0.9000000000000001","true","true","0.09938415125523327","4","0.08752030828192739"
"1","632","1000","1","""HK""","0.01","false","""normal""","1","""constant""","0.1","""Scale-free""","1","0","1","""uniform""","""deterministic-normal""","40","-0.3999999999999999","0","""normal""","-0.19999999999999996","0.8","false","""/home/ramaswamy.51/Documents/github/Spirals/Media/data/cluster/endsim/BehaviorSearch/Step6_Trial""","true","0.30000000000000004","1","6","1","true","true","0.11347898073500683","4","0.08752030828192739"
"1","636","1000","1","""HK""","0.03","false","""normal""","1","""constant""","0.1","""Scale-free""","3","0","1","""uniform""","""deterministic-normal""","40","-0.3999999999999999","0.2","""normal""","0","0.9","false","""/home/ramaswamy.51/Documents/github/Spirals/Media/data/cluster/endsim/BehaviorSearch/Step6_Trial""","true","0.30000000000000004","0.9","5","1","true","true","0.09637904319276865","4","0.08752030828192739"
"1","640","1000","1","""HK""","0.03","false","""normal""","1","""constant""","0.1","""Scale-free""","2","0","1","""uniform""","""deterministic-normal""","40","-0.3999999999999999","0.2","""normal""","0","0.8","false","""/home/ramaswamy.51/Documents/github/Spirals/Media/data/cluster/endsim/BehaviorSearch/Step6_Trial""","true","0.30000000000000004","1","5","1","true","true","0.09697330625542201","4","0.08752030828192739"
"1","644","1000","1","""HK""","0.02","false","""normal""","1","""constant""","0","""Scale-free""","1","0","1","""uniform""","""deterministic-normal""","40","-0.5","0","""normal""","0","1","false","""/home/ramaswamy.51/Documents/github/Spirals/Media/data/cluster/endsim/BehaviorSearch/Step6_Trial""","true","0.30000000000000004","0.9","5","1","true","true","0.1619140704282715","4","0.08752030828192739"
"1","648","1000","1","""HK""","0.03","false","""normal""","1","""constant""","0.1","""Scale-free""","2","0","1","""uniform""","""deterministic-normal""","40","-0.8","0","""normal""","0.10000000000000009","0.9","false","""/home/ramaswamy.51/Documents/github/Spirals/Media/data/cluster/endsim/BehaviorSearch/Step6_Trial""","true","0.30000000000000004","0.9","4","0.9000000000000001","true","true","0.09971417345739231","4","0.08752030828192739"
"1","652","1000","1","""HK""","0.03","false","""normal""","1","""constant""","0.1","""Scale-free""","2","0","1","""uniform""","""deterministic-normal""","40","-0.8","0","""normal""","0","0.8","false","""/home/ramaswamy.51/Documents/github/Spirals/Media/data/cluster/endsim/BehaviorSearch/Step6_Trial""","true","0.30000000000000004","0.7000000000000001","4","0.9000000000000001","true","true","0.10302827773505689","4","0.08752030828192739"
"1","656","1000","1","""HK""","0.03","false","""normal""","1","""constant""","0.1","""Scale-free""","1","0","1","""uniform""","""deterministic-normal""","40","-0.5","0","""normal""","-0.19999999999999996","0.8","false","""/home/ramaswamy.51/Documents/github/Spirals/Media/data/cluster/endsim/BehaviorSearch/Step6_Trial""","true","0.30000000000000004","0.8","4","1","true","true","0.10735821263451346","4","0.08752030828192739"
"1","660","1000","1","""HK""","0.03","false","""normal""","1","""constant""","0.1","""Scale-free""","2","0","1","""uniform""","""deterministic-normal""","40","-0.8","0.2","""normal""","0","0.9","false","""/home/ramaswamy.51/Documents/github/Spirals/Media/data/cluster/endsim/BehaviorSearch/Step6_Trial""","true","0.30000000000000004","0.9","5","1","true","true","0.09634441370498868","4","0.08752030828192739"
"1","664","1000","1","""HK""","0.03","false","""normal""","1","""constant""","0.1","""Scale-free""","1","0","1","""uniform""","""deterministic-normal""","40","-0.5","0","""normal""","-0.19999999999999996","0.9","false","""/home/ramaswamy.51/Documents/github/Spirals/Media/data/cluster/endsim/BehaviorSearch/Step6_Trial""","true","0.30000000000000004","0.9","5","1","true","true","0.09654285339489313","4","0.08752030828192739"
"1","668","1000","1","""HK""","0.03","false","""normal""","1","""constant""","0.1","""Scale-free""","2","0","1","""uniform""","""deterministic-normal""","45","-0.3999999999999999","0.2","""normal""","-0.19999999999999996","0.9","false","""/home/ramaswamy.51/Documents/github/Spirals/Media/data/cluster/endsim/BehaviorSearch/Step6_Trial""","true","0.30000000000000004","0.9","4","0.9000000000000001","true","true","0.09881435562278931","4","0.08752030828192739"
"1","672","1000","1","""HK""","0.060000000000000005","false","""normal""","1","""constant""","0.1","""Scale-free""","2","0","1","""uniform""","""deterministic-normal""","40","-0.29999999999999993","0.2","""normal""","-0.09999999999999998","0.9","false","""/home/ramaswamy.51/Documents/github/Spirals/Media/data/cluster/endsim/BehaviorSearch/Step6_Trial""","true","0.2","0.9","7","0.7000000000000002","true","true","0.09111710047932534","4","0.08752030828192739"
"1","676","1000","1","""HK""","0.03","false","""normal""","1","""constant""","0.1","""Scale-free""","2","0","1","""uniform""","""deterministic-normal""","40","-0.3999999999999999","0","""normal""","0","0.9","false","""/home/ramaswamy.51/Documents/github/Spirals/Media/data/cluster/endsim/BehaviorSearch/Step6_Trial""","true","0.30000000000000004","0.9","4","0.9000000000000001","true","true","0.0943768129342782","4","0.08752030828192739"
"1","680","1000","1","""HK""","0.06999999999999999","false","""normal""","1","""constant""","0.1","""Scale-free""","2","0","1","""uniform""","""deterministic-normal""","40","-0.6","0.2","""normal""","-0.09999999999999998","0.9","false","""/home/ramaswamy.51/Documents/github/Spirals/Media/data/cluster/endsim/BehaviorSearch/Step6_Trial""","true","0.30000000000000004","0.9","4","0.9000000000000001","true","true","0.09759701061163539","4","0.08752030828192739"
"1","684","1000","1","""HK""","0.03","false","""normal""","1","""constant""","0.1","""Scale-free""","2","0","1","""uniform""","""deterministic-normal""","40","-0.3999999999999999","0","""normal""","0","0.9","false","""/home/ramaswamy.51/Documents/github/Spirals/Media/data/cluster/endsim/BehaviorSearch/Step6_Trial""","true","0.4","1","5","1","true","true","0.11179471442391467","4","0.08752030828192739"
"1","688","1000","1","""HK""","0.02","false","""normal""","1","""constant""","0.1","""Scale-free""","2","0","1","""uniform""","""deterministic-normal""","35","-0.8","0","""normal""","0.30000000000000004","0.9","false","""/home/ramaswamy.51/Documents/github/Spirals/Media/data/cluster/endsim/BehaviorSearch/Step6_Trial""","true","0.2","1","6","0.8","true","true","0.12482545091196173","4","0.08752030828192739"
"1","692","1000","1","""HK""","0.03","false","""normal""","1","""constant""","0.1","""Scale-free""","2","0","1","""uniform""","""deterministic-normal""","40","-0.3999999999999999","0.2","""normal""","0","0.9","false","""/home/ramaswamy.51/Documents/github/Spirals/Media/data/cluster/endsim/BehaviorSearch/Step6_Trial""","true","0.2","0.8","7","0.7000000000000002","true","true","0.09367187428323959","4","0.08752030828192739"
"1","696","1000","1","""HK""","0.05","false","""normal""","1","""constant""","0.1","""Scale-free""","1","0","1","""uniform""","""deterministic-normal""","40","-0.5","0","""normal""","-0.19999999999999996","0.8","false","""/home/ramaswamy.51/Documents/github/Spirals/Media/data/cluster/endsim/BehaviorSearch/Step6_Trial""","true","0.30000000000000004","0.9","5","1","true","true","0.09665127352589625","4","0.08752030828192739"
"1","700","1000","1","""HK""","0.01","false","""normal""","1","""constant""","0.1","""Scale-free""","1","0","1","""uniform""","""deterministic-normal""","45","-0.5","0","""normal""","0","0.8","false","""/home/ramaswamy.51/Documents/github/Spirals/Media/data/cluster/endsim/BehaviorSearch/Step6_Trial""","true","0.30000000000000004","1","6","1","true","true","0.10430997130059583","4","0.08752030828192739"
"1","704","1000","1","""HK""","0.01","false","""normal""","1","""constant""","0.2","""Scale-free""","1","0","1","""uniform""","""deterministic-normal""","40","-0.3999999999999999","0.1","""normal""","0","0.9","false","""/home/ramaswamy.51/Documents/github/Spirals/Media/data/cluster/endsim/BehaviorSearch/Step6_Trial""","true","0.30000000000000004","0.8","6","1","true","true","0.13966655785212123","4","0.08752030828192739"
"1","708","1000","1","""HK""","0.03","false","""normal""","1","""constant""","0.1","""Scale-free""","2","0","1","""uniform""","""deterministic-normal""","40","-0.3999999999999999","0.2","""normal""","0","0.7000000000000001","false","""/home/ramaswamy.51/Documents/github/Spirals/Media/data/cluster/endsim/BehaviorSearch/Step6_Trial""","true","0.30000000000000004","1","6","0.8","true","true","0.10067962251071813","4","0.08752030828192739"
"1","712","1000","1","""HK""","0.03","false","""normal""","1","""constant""","0.1","""Scale-free""","2","0","1","""uniform""","""deterministic-normal""","40","-0.8","0.1","""normal""","0","0.9","false","""/home/ramaswamy.51/Documents/github/Spirals/Media/data/cluster/endsim/BehaviorSearch/Step6_Trial""","true","0.1","0.9","5","1","true","true","0.09080141240425382","4","0.08752030828192739"
"1","716","1000","1","""HK""","0.01","false","""normal""","1","""constant""","0.1","""Scale-free""","1","0","1","""uniform""","""deterministic-normal""","40","-0.5","0","""normal""","-0.29999999999999993","0.9","false","""/home/ramaswamy.51/Documents/github/Spirals/Media/data/cluster/endsim/BehaviorSearch/Step6_Trial""","true","0.30000000000000004","0.9","5","1","true","true","0.11096135772648236","4","0.08752030828192739"
"1","720","1000","1","""HK""","0.08","false","""normal""","1","""constant""","0.1","""Scale-free""","1","0","1","""uniform""","""deterministic-normal""","40","-0.29999999999999993","0.2","""normal""","-0.09999999999999998","0.9","false","""/home/ramaswamy.51/Documents/github/Spirals/Media/data/cluster/endsim/BehaviorSearch/Step6_Trial""","true","0.1","1","6","0.8","true","true","0.1229023785719511","4","0.08752030828192739"
"1","724","1000","1","""HK""","0.04","false","""normal""","1","""constant""","0.1","""Scale-free""","2","0","1","""uniform""","""deterministic-normal""","40","-0.5","0","""normal""","0","0.8","false","""/home/ramaswamy.51/Documents/github/Spirals/Media/data/cluster/endsim/BehaviorSearch/Step6_Trial""","true","0.30000000000000004","1","5","1","true","true","0.10277954456518897","4","0.08752030828192739"
"1","728","1000","1","""HK""","0.03","false","""normal""","1","""constant""","0.1","""Scale-free""","2","0","1","""uniform""","""deterministic-normal""","40","-0.3999999999999999","0","""normal""","0","0.8","false","""/home/ramaswamy.51/Documents/github/Spirals/Media/data/cluster/endsim/BehaviorSearch/Step6_Trial""","true","0.30000000000000004","0.9","4","0.9000000000000001","true","true","0.10145895273950901","4","0.08752030828192739"
"1","732","1000","1","""HK""","0.03","false","""normal""","1","""constant""","0.1","""Scale-free""","2","0","1","""uniform""","""deterministic-normal""","40","-0.3999999999999999","0.2","""normal""","-0.19999999999999996","0.8","false","""/home/ramaswamy.51/Documents/github/Spirals/Media/data/cluster/endsim/BehaviorSearch/Step6_Trial""","true","0.1","0.9","5","0.8","true","true","0.10276562894619441","4","0.08752030828192739"
"1","736","1000","1","""HK""","0.01","false","""normal""","1","""constant""","0.1","""Scale-free""","1","0","1","""uniform""","""deterministic-normal""","40","-0.3999999999999999","0.2","""normal""","0","0.9","false","""/home/ramaswamy.51/Documents/github/Spirals/Media/data/cluster/endsim/BehaviorSearch/Step6_Trial""","true","0.30000000000000004","1","6","0.8","true","true","0.10695594656478867","4","0.08752030828192739"
"1","740","1000","1","""HK""","0.06999999999999999","false","""normal""","1","""constant""","0.1","""Scale-free""","2","0","1","""uniform""","""deterministic-normal""","40","-0.3999999999999999","0.2","""normal""","0","0.9","false","""/home/ramaswamy.51/Documents/github/Spirals/Media/data/cluster/endsim/BehaviorSearch/Step6_Trial""","true","0.30000000000000004","1","6","0.7000000000000002","true","true","0.1019030190742922","4","0.08752030828192739"
"1","744","1000","1","""HK""","0.05","false","""normal""","1","""constant""","0.1","""Scale-free""","2","0","1","""uniform""","""deterministic-normal""","40","-0.8","0.1","""normal""","0","0.9","false","""/home/ramaswamy.51/Documents/github/Spirals/Media/data/cluster/endsim/BehaviorSearch/Step6_Trial""","true","0.1","0.8","5","1","true","true","0.0983118125743395","4","0.08752030828192739"
"1","748","1000","1","""HK""","0.03","false","""normal""","1","""constant""","0.1","""Scale-free""","2","0","1","""uniform""","""deterministic-normal""","40","-0.29999999999999993","0.2","""normal""","0","0.9","false","""/home/ramaswamy.51/Documents/github/Spirals/Media/data/cluster/endsim/BehaviorSearch/Step6_Trial""","true","0.2","0.9","7","0.7000000000000002","true","true","0.08701604264130186","4","0.08701604264130186"
"1","752","1000","1","""HK""","0.03","false","""normal""","1","""constant""","0.1","""Scale-free""","3","0","1","""uniform""","""deterministic-normal""","35","-0.3999999999999999","0.2","""normal""","0","0.9","false","""/home/ramaswamy.51/Documents/github/Spirals/Media/data/cluster/endsim/BehaviorSearch/Step6_Trial""","true","0.30000000000000004","1","6","0.8","true","true","0.0993174558363345","4","0.08701604264130186"
"1","756","1000","1","""HK""","0.01","false","""normal""","1","""constant""","0.1","""Scale-free""","1","0","1","""uniform""","""deterministic-normal""","40","-0.5","0","""normal""","0","0.8","false","""/home/ramaswamy.51/Documents/github/Spirals/Media/data/cluster/endsim/BehaviorSearch/Step6_Trial""","true","0.4","0.9","5","1","true","true","0.10714230131866338","4","0.08701604264130186"
"1","760","1000","1","""HK""","0.01","false","""normal""","1","""constant""","0","""Scale-free""","1","0","1","""uniform""","""deterministic-normal""","40","-0.5","0","""normal""","0","0.9","false","""/home/ramaswamy.51/Documents/github/Spirals/Media/data/cluster/endsim/BehaviorSearch/Step6_Trial""","true","0.30000000000000004","1","6","0.8","true","true","0.16122478289482656","4","0.08701604264130186"
"1","764","1000","1","""HK""","0.03","false","""normal""","1","""constant""","0","""Scale-free""","2","0","1","""uniform""","""deterministic-normal""","40","-0.3999999999999999","0.2","""normal""","0","0.9","false","""/home/ramaswamy.51/Documents/github/Spirals/Media/data/cluster/endsim/BehaviorSearch/Step6_Trial""","true","0.30000000000000004","1","6","0.8","true","true","0.1656881598006482","4","0.08701604264130186"
"1","768","1000","1","""HK""","0.01","false","""normal""","1","""constant""","0.1","""Scale-free""","2","0","1","""uniform""","""deterministic-normal""","40","-0.8","0.2","""normal""","0","0.9","false","""/home/ramaswamy.51/Documents/github/Spirals/Media/data/cluster/endsim/BehaviorSearch/Step6_Trial""","true","0.30000000000000004","0.9","5","1","true","true","0.09486495320328331","4","0.08701604264130186"
"1","772","1000","1","""HK""","0.03","false","""normal""","1","""constant""","0.1","""Scale-free""","2","0","1","""uniform""","""deterministic-normal""","45","-0.29999999999999993","0.2","""normal""","0","0.9","false","""/home/ramaswamy.51/Documents/github/Spirals/Media/data/cluster/endsim/BehaviorSearch/Step6_Trial""","true","0.2","0.9","7","0.8","true","true","0.10552588861918755","4","0.08701604264130186"
"1","776","1000","1","""HK""","0.03","false","""normal""","1","""constant""","0.1","""Scale-free""","1","0","1","""uniform""","""deterministic-normal""","40","-0.5","0","""normal""","-0.29999999999999993","0.8","false","""/home/ramaswamy.51/Documents/github/Spirals/Media/data/cluster/endsim/BehaviorSearch/Step6_Trial""","true","0.30000000000000004","1","5","1","true","true","0.12227735069480218","4","0.08701604264130186"
"1","780","1000","1","""HK""","0.03","false","""normal""","1","""constant""","0.1","""Scale-free""","2","0","1","""uniform""","""deterministic-normal""","40","-0.5","0.1","""normal""","0","0.8","false","""/home/ramaswamy.51/Documents/github/Spirals/Media/data/cluster/endsim/BehaviorSearch/Step6_Trial""","true","0.4","1","5","1","true","true","0.11713897333023801","4","0.08701604264130186"
"1","784","1000","1","""HK""","0.01","false","""normal""","1","""constant""","0.1","""Scale-free""","1","0","1","""uniform""","""deterministic-normal""","40","-0.5","0.2","""normal""","0","0.9","false","""/home/ramaswamy.51/Documents/github/Spirals/Media/data/cluster/endsim/BehaviorSearch/Step6_Trial""","true","0.30000000000000004","1","6","0.7000000000000002","true","true","0.10948118170860666","4","0.08701604264130186"
"1","788","1000","1","""HK""","0.03","false","""normal""","1","""constant""","0.1","""Scale-free""","2","0","1","""uniform""","""deterministic-normal""","40","-0.3999999999999999","0.30000000000000004","""normal""","0","0.8","false","""/home/ramaswamy.51/Documents/github/Spirals/Media/data/cluster/endsim/BehaviorSearch/Step6_Trial""","true","0.30000000000000004","1","4","0.9000000000000001","true","true","0.09809429101640525","4","0.08701604264130186"
"1","792","1000","1","""HK""","0.03","false","""normal""","1","""constant""","0.1","""Scale-free""","2","0","1","""uniform""","""deterministic-normal""","40","-0.29999999999999993","0.30000000000000004","""normal""","0","0.9","false","""/home/ramaswamy.51/Documents/github/Spirals/Media/data/cluster/endsim/BehaviorSearch/Step6_Trial""","true","0.1","1","7","0.8","true","true","0.09718426668175141","4","0.08701604264130186"
"1","796","1000","1","""HK""","0.03","false","""normal""","1","""constant""","0.1","""Scale-free""","2","0","1","""uniform""","""deterministic-normal""","40","-0.19999999999999996","0.2","""normal""","0","0.9","false","""/home/ramaswamy.51/Documents/github/Spirals/Media/data/cluster/endsim/BehaviorSearch/Step6_Trial""","true","0.2","0.9","7","0.7000000000000002","true","true","0.10469307004932124","4","0.08701604264130186"
"1","800","1000","1","""HK""","0.03","false","""normal""","1","""constant""","0.1","""Scale-free""","2","0","1","""uniform""","""deterministic-normal""","40","-0.8","0.1","""normal""","0","0.9","false","""/home/ramaswamy.51/Documents/github/Spirals/Media/data/cluster/endsim/BehaviorSearch/Step6_Trial""","true","0","0.9","4","1","true","true","0.1155230241586741","4","0.08701604264130186"
"1","804","1000","1","""HK""","0.05","false","""normal""","1","""constant""","0.2","""Scale-free""","2","0","1","""uniform""","""deterministic-normal""","30","-0.8","0","""normal""","0","0.9","false","""/home/ramaswamy.51/Documents/github/Spirals/Media/data/cluster/endsim/BehaviorSearch/Step6_Trial""","true","0.30000000000000004","0.9","4","0.9000000000000001","true","true","0.17155514638228941","4","0.08701604264130186"
"1","808","1000","1","""HK""","0.06999999999999999","false","""normal""","1","""constant""","0.1","""Scale-free""","2","0","1","""uniform""","""deterministic-normal""","40","-0.3999999999999999","0.2","""normal""","0","0.9","false","""/home/ramaswamy.51/Documents/github/Spirals/Media/data/cluster/endsim/BehaviorSearch/Step6_Trial""","true","0.30000000000000004","0.9","6","0.8","true","true","0.10033542802560277","4","0.08701604264130186"
"1","812","1000","1","""HK""","0.03","false","""normal""","1","""constant""","0.1","""Scale-free""","2","0","1","""uniform""","""deterministic-normal""","35","-0.09999999999999998","0.2","""normal""","-0.09999999999999998","0.8","false","""/home/ramaswamy.51/Documents/github/Spirals/Media/data/cluster/endsim/BehaviorSearch/Step6_Trial""","true","0.2","0.9","6","0.7000000000000002","true","true","0.10709697300376651","4","0.08701604264130186"
"1","816","1000","1","""HK""","0.03","false","""normal""","1","""constant""","0.1","""Scale-free""","2","0","1","""uniform""","""deterministic-normal""","40","-0.3999999999999999","0.2","""normal""","0","0.9","false","""/home/ramaswamy.51/Documents/github/Spirals/Media/data/cluster/endsim/BehaviorSearch/Step6_Trial""","true","0.2","1","7","0.7000000000000002","true","true","0.09060784077473094","4","0.08701604264130186"
"1","820","1000","1","""HK""","0.03","false","""normal""","1","""constant""","0.1","""Scale-free""","2","0","1","""uniform""","""deterministic-normal""","45","-0.8","0","""normal""","-0.09999999999999998","0.9","false","""/home/ramaswamy.51/Documents/github/Spirals/Media/data/cluster/endsim/BehaviorSearch/Step6_Trial""","true","0","0.9","4","1","true","true","0.10874823105949971","4","0.08701604264130186"
"1","824","1000","1","""HK""","0.01","false","""normal""","1","""constant""","0.2","""Scale-free""","2","0","1","""uniform""","""deterministic-normal""","35","-0.8","0.1","""normal""","0","0.9","false","""/home/ramaswamy.51/Documents/github/Spirals/Media/data/cluster/endsim/BehaviorSearch/Step6_Trial""","true","0.2","0.9","5","1","true","true","0.1454169984010353","4","0.08701604264130186"
"1","828","1000","1","""HK""","0.02","false","""normal""","1","""constant""","0.1","""Scale-free""","2","0","1","""uniform""","""deterministic-normal""","40","-0.5","0","""normal""","-0.09999999999999998","0.8","false","""/home/ramaswamy.51/Documents/github/Spirals/Media/data/cluster/endsim/BehaviorSearch/Step6_Trial""","true","0.2","1","5","1","true","true","0.09640270962845965","4","0.08701604264130186"
"1","832","1000","1","""HK""","0.03","false","""normal""","1","""constant""","0.1","""Scale-free""","2","0","1","""uniform""","""deterministic-normal""","35","-0.3999999999999999","0.2","""normal""","0","0.9","false","""/home/ramaswamy.51/Documents/github/Spirals/Media/data/cluster/endsim/BehaviorSearch/Step6_Trial""","true","0.2","0.8","6","0.7000000000000002","true","true","0.09149718585417736","4","0.08701604264130186"
"1","836","1000","1","""HK""","0.03","false","""normal""","1","""constant""","0.1","""Scale-free""","2","0","1","""uniform""","""deterministic-normal""","30","-0.3999999999999999","0.1","""normal""","0.10000000000000009","1","false","""/home/ramaswamy.51/Documents/github/Spirals/Media/data/cluster/endsim/BehaviorSearch/Step6_Trial""","true","0.2","0.8","5","0.9000000000000001","true","true","0.09675770618379924","4","0.08701604264130186"
"1","840","1000","1","""HK""","0.060000000000000005","false","""normal""","1","""constant""","0.1","""Scale-free""","2","0","1","""uniform""","""deterministic-normal""","40","-0.8","0","""normal""","0","0.9","false","""/home/ramaswamy.51/Documents/github/Spirals/Media/data/cluster/endsim/BehaviorSearch/Step6_Trial""","true","0.30000000000000004","0.8","4","0.9000000000000001","true","true","0.10087819050976529","4","0.08701604264130186"
"1","844","1000","1","""HK""","0.03","false","""normal""","1","""constant""","0.1","""Scale-free""","2","0","1","""uniform""","""deterministic-normal""","40","-0.3999999999999999","0.2","""normal""","0","0.9","false","""/home/ramaswamy.51/Documents/github/Spirals/Media/data/cluster/endsim/BehaviorSearch/Step6_Trial""","true","0.4","1","5","0.8","true","true","0.11958882341325432","4","0.08701604264130186"
"1","848","1000","1","""HK""","0.03","false","""normal""","1","""constant""","0.1","""Scale-free""","2","0","1","""uniform""","""deterministic-normal""","40","-0.29999999999999993","0.2","""normal""","0","0.8","false","""/home/ramaswamy.51/Documents/github/Spirals/Media/data/cluster/endsim/BehaviorSearch/Step6_Trial""","true","0.30000000000000004","1","4","0.9000000000000001","true","true","0.10289898962126097","4","0.08701604264130186"
"1","852","1000","1","""HK""","0.05","false","""normal""","1","""constant""","0.1","""Scale-free""","2","0","1","""uniform""","""deterministic-normal""","40","-0.5","0.1","""normal""","-0.19999999999999996","1","false","""/home/ramaswamy.51/Documents/github/Spirals/Media/data/cluster/endsim/BehaviorSearch/Step6_Trial""","true","0.4","0.9","5","1","true","true","0.10018133494622802","4","0.08701604264130186"
"1","856","1000","1","""HK""","0.03","false","""normal""","1","""constant""","0.1","""Scale-free""","2","0","1","""uniform""","""deterministic-normal""","40","-0.9","0.1","""normal""","0","0.8","false","""/home/ramaswamy.51/Documents/github/Spirals/Media/data/cluster/endsim/BehaviorSearch/Step6_Trial""","true","0.5","0.9","7","1","true","true","0.12031935899256377","4","0.08701604264130186"
"1","860","1000","1","""HK""","0.03","false","""normal""","1","""constant""","0.1","""Scale-free""","2","0","1","""uniform""","""deterministic-normal""","40","-0.6","0","""normal""","0","1","false","""/home/ramaswamy.51/Documents/github/Spirals/Media/data/cluster/endsim/BehaviorSearch/Step6_Trial""","true","0.2","0.9","4","1","true","true","0.0965128628608044","4","0.08701604264130186"
"1","864","1000","1","""HK""","0.01","false","""normal""","1","""constant""","0.1","""Scale-free""","2","0","1","""uniform""","""deterministic-normal""","40","-0.3999999999999999","0.2","""normal""","0","1","false","""/home/ramaswamy.51/Documents/github/Spirals/Media/data/cluster/endsim/BehaviorSearch/Step6_Trial""","true","0.30000000000000004","1","6","0.8","true","true","0.09760127234748012","4","0.08701604264130186"
"1","868","1000","1","""HK""","0.03","false","""normal""","1","""constant""","0.1","""Scale-free""","2","0","1","""uniform""","""deterministic-normal""","40","-0.6","0.2","""normal""","0","0.7000000000000001","false","""/home/ramaswamy.51/Documents/github/Spirals/Media/data/cluster/endsim/BehaviorSearch/Step6_Trial""","true","0.30000000000000004","1","6","0.8","true","true","0.09608346329371674","4","0.08701604264130186"
"1","872","1000","1","""HK""","0.01","false","""normal""","1","""constant""","0.1","""Scale-free""","1","0","1","""uniform""","""deterministic-normal""","40","-0.5","0","""normal""","0","0.9","false","""/home/ramaswamy.51/Documents/github/Spirals/Media/data/cluster/endsim/BehaviorSearch/Step6_Trial""","true","0.30000000000000004","1","5","1","true","true","0.10577067414082478","4","0.08701604264130186"
"1","876","1000","1","""HK""","0.03","false","""normal""","1","""constant""","0.1","""Scale-free""","2","0","1","""uniform""","""deterministic-normal""","35","-0.3999999999999999","0.2","""normal""","0","0.9","false","""/home/ramaswamy.51/Documents/github/Spirals/Media/data/cluster/endsim/BehaviorSearch/Step6_Trial""","true","0.2","0.9","6","0.7000000000000002","true","true","0.09083338234700919","4","0.08701604264130186"
"1","880","1000","1","""HK""","0.03","false","""normal""","1","""constant""","0.1","""Scale-free""","2","0","1","""uniform""","""deterministic-normal""","40","-0.8","0","""normal""","-0.19999999999999996","0.8","false","""/home/ramaswamy.51/Documents/github/Spirals/Media/data/cluster/endsim/BehaviorSearch/Step6_Trial""","true","0.2","0.9","4","0.8","true","true","0.09783174796618284","4","0.08701604264130186"
"1","884","1000","1","""HK""","0.03","false","""normal""","1","""constant""","0.1","""Scale-free""","2","0","1","""uniform""","""deterministic-normal""","35","-0.29999999999999993","0.2","""normal""","-0.09999999999999998","0.9","false","""/home/ramaswamy.51/Documents/github/Spirals/Media/data/cluster/endsim/BehaviorSearch/Step6_Trial""","true","0.2","0.9","7","0.7000000000000002","true","true","0.099535325909407","4","0.08701604264130186"
"1","888","1000","1","""HK""","0.060000000000000005","false","""normal""","1","""constant""","0.1","""Scale-free""","2","0","1","""uniform""","""deterministic-normal""","40","-0.29999999999999993","0.2","""normal""","-0.09999999999999998","0.9","false","""/home/ramaswamy.51/Documents/github/Spirals/Media/data/cluster/endsim/BehaviorSearch/Step6_Trial""","true","0.2","0.9","6","0.7000000000000002","true","true","0.09326185382649599","4","0.08701604264130186"
"1","892","1000","1","""HK""","0.03","false","""normal""","1","""constant""","0.1","""Scale-free""","2","0","1","""uniform""","""deterministic-normal""","40","-0.3999999999999999","0.2","""normal""","0.10000000000000009","1","false","""/home/ramaswamy.51/Documents/github/Spirals/Media/data/cluster/endsim/BehaviorSearch/Step6_Trial""","true","0.2","0.9","7","0.8","true","true","0.09967988651402085","4","0.08701604264130186"
"1","896","1000","1","""HK""","0.03","false","""normal""","1","""constant""","0.1","""Scale-free""","2","0","1","""uniform""","""deterministic-normal""","40","-0.29999999999999993","0.2","""normal""","0.20000000000000018","0.9","false","""/home/ramaswamy.51/Documents/github/Spirals/Media/data/cluster/endsim/BehaviorSearch/Step6_Trial""","true","0.2","0.9","7","0.7000000000000002","true","true","0.10785900215527297","4","0.08701604264130186"
"1","900","1000","1","""HK""","0.01","false","""normal""","1","""constant""","0.1","""Scale-free""","2","0","1","""uniform""","""deterministic-normal""","40","-0.6","0.1","""normal""","0","0.9","false","""/home/ramaswamy.51/Documents/github/Spirals/Media/data/cluster/endsim/BehaviorSearch/Step6_Trial""","true","0.30000000000000004","0.9","5","0.9000000000000001","true","true","0.11091878878035667","4","0.08701604264130186"
"1","904","1000","1","""HK""","0.04","false","""normal""","1","""constant""","0.1","""Scale-free""","2","0","1","""uniform""","""deterministic-normal""","40","-0.8","0.1","""normal""","0.30000000000000004","0.9","false","""/home/ramaswamy.51/Documents/github/Spirals/Media/data/cluster/endsim/BehaviorSearch/Step6_Trial""","true","0.1","0.9","5","1","true","true","0.11940289004967368","4","0.08701604264130186"
"1","908","1000","1","""HK""","0.060000000000000005","false","""normal""","1","""constant""","0.1","""Scale-free""","2","0","1","""uniform""","""deterministic-normal""","40","-0.3999999999999999","0.30000000000000004","""normal""","0","0.8","false","""/home/ramaswamy.51/Documents/github/Spirals/Media/data/cluster/endsim/BehaviorSearch/Step6_Trial""","true","0.2","0.8","7","0.7000000000000002","true","true","0.10208066810199472","4","0.08701604264130186"
"1","912","1000","1","""HK""","0.05","false","""normal""","1","""constant""","0.1","""Scale-free""","3","0","1","""uniform""","""deterministic-normal""","40","-0.5","0.2","""normal""","0","0.9","false","""/home/ramaswamy.51/Documents/github/Spirals/Media/data/cluster/endsim/BehaviorSearch/Step6_Trial""","true","0.2","0.9","7","0.30000000000000004","true","true","0.09506757553937831","4","0.08701604264130186"
"1","916","1000","1","""HK""","0.01","false","""normal""","1","""constant""","0.1","""Scale-free""","3","0","1","""uniform""","""deterministic-normal""","40","-0.5","0.1","""normal""","-0.09999999999999998","0.9","false","""/home/ramaswamy.51/Documents/github/Spirals/Media/data/cluster/endsim/BehaviorSearch/Step6_Trial""","true","0.30000000000000004","0.9","5","0.9000000000000001","true","true","0.09362371108126548","4","0.08701604264130186"
"1","920","1000","1","""HK""","0.03","false","""normal""","1","""constant""","0.1","""Scale-free""","1","0","1","""uniform""","""deterministic-normal""","40","-0.5","0","""normal""","0","0.8","false","""/home/ramaswamy.51/Documents/github/Spirals/Media/data/cluster/endsim/BehaviorSearch/Step6_Trial""","true","0.2","1","5","1","true","true","0.10363113396544724","4","0.08701604264130186"
"1","924","1000","1","""HK""","0.03","false","""normal""","1","""constant""","0.1","""Scale-free""","2","0","1","""uniform""","""deterministic-normal""","40","-0.8","0.1","""normal""","0","0.7000000000000001","false","""/home/ramaswamy.51/Documents/github/Spirals/Media/data/cluster/endsim/BehaviorSearch/Step6_Trial""","true","0.1","0.9","5","1","true","true","0.11168909282271802","4","0.08701604264130186"
"1","928","1000","1","""HK""","0.03","false","""normal""","1","""constant""","0.1","""Scale-free""","1","0","1","""uniform""","""deterministic-normal""","40","-0.6","0.2","""normal""","0","0.8","false","""/home/ramaswamy.51/Documents/github/Spirals/Media/data/cluster/endsim/BehaviorSearch/Step6_Trial""","true","0.30000000000000004","1","5","1","true","true","0.10665882627529648","4","0.08701604264130186"
"1","932","1000","1","""HK""","0.03","false","""normal""","1","""constant""","0.1","""Scale-free""","2","0","1","""uniform""","""deterministic-normal""","40","-0.3999999999999999","0","""normal""","0","0.9","false","""/home/ramaswamy.51/Documents/github/Spirals/Media/data/cluster/endsim/BehaviorSearch/Step6_Trial""","true","0.1","1","7","0.8","true","true","0.09919337527939119","4","0.08701604264130186"
"1","936","1000","1","""HK""","0.03","false","""normal""","1","""constant""","0.1","""Scale-free""","2","0","1","""uniform""","""deterministic-normal""","40","-0.3999999999999999","0.2","""normal""","0","0.9","false","""/home/ramaswamy.51/Documents/github/Spirals/Media/data/cluster/endsim/BehaviorSearch/Step6_Trial""","true","0.2","1","6","0.8","true","true","0.09539021360004789","4","0.08701604264130186"
"1","940","1000","1","""HK""","0.03","false","""normal""","1","""constant""","0.1","""Scale-free""","2","0","1","""uniform""","""deterministic-normal""","40","-0.5","0.1","""normal""","-0.09999999999999998","0.7000000000000001","false","""/home/ramaswamy.51/Documents/github/Spirals/Media/data/cluster/endsim/BehaviorSearch/Step6_Trial""","true","0.30000000000000004","1","5","1","true","true","0.10393221737465308","4","0.08701604264130186"
"1","944","1000","1","""HK""","0.03","false","""normal""","1","""constant""","0.1","""Scale-free""","2","0","1","""uniform""","""deterministic-normal""","40","-0.5","0.1","""normal""","0","1","false","""/home/ramaswamy.51/Documents/github/Spirals/Media/data/cluster/endsim/BehaviorSearch/Step6_Trial""","true","0.5","1","6","0.8","true","true","0.12563384754157708","4","0.08701604264130186"
"1","948","1000","1","""HK""","0.060000000000000005","false","""normal""","1","""constant""","0.1","""Scale-free""","1","0","1","""uniform""","""deterministic-normal""","35","-0.19999999999999996","0","""normal""","0","0.8","false","""/home/ramaswamy.51/Documents/github/Spirals/Media/data/cluster/endsim/BehaviorSearch/Step6_Trial""","true","0.2","1","7","0.7000000000000002","true","true","0.09758891510359612","4","0.08701604264130186"
"1","952","1000","1","""HK""","0.05","false","""normal""","1","""constant""","0.1","""Scale-free""","2","0","1","""uniform""","""deterministic-normal""","40","-0.8","0.2","""normal""","0","0.9","false","""/home/ramaswamy.51/Documents/github/Spirals/Media/data/cluster/endsim/BehaviorSearch/Step6_Trial""","true","0.30000000000000004","0.9","5","1","true","true","0.09548393110666166","4","0.08701604264130186"
"1","956","1000","1","""HK""","0.03","false","""normal""","1","""constant""","0.1","""Scale-free""","2","0","1","""uniform""","""deterministic-normal""","40","-0.3999999999999999","0.2","""normal""","0.10000000000000009","0.9","false","""/home/ramaswamy.51/Documents/github/Spirals/Media/data/cluster/endsim/BehaviorSearch/Step6_Trial""","true","0.30000000000000004","1","6","0.6000000000000001","true","true","0.09767579756758513","4","0.08701604264130186"
"1","960","1000","1","""HK""","0.03","false","""normal""","1","""constant""","0.1","""Scale-free""","2","0","1","""uniform""","""deterministic-normal""","45","-0.8","0.1","""normal""","0","0.8","false","""/home/ramaswamy.51/Documents/github/Spirals/Media/data/cluster/endsim/BehaviorSearch/Step6_Trial""","true","0.30000000000000004","0.9","4","0.9000000000000001","true","true","0.1042857285426381","4","0.08701604264130186"
"1","964","1000","1","""HK""","0.03","false","""normal""","1","""constant""","0.1","""Scale-free""","2","0","1","""uniform""","""deterministic-normal""","40","-0.3999999999999999","0.2","""normal""","0","0.9","false","""/home/ramaswamy.51/Documents/github/Spirals/Media/data/cluster/endsim/BehaviorSearch/Step6_Trial""","true","0.30000000000000004","1","5","1","true","true","0.08943240413494404","4","0.08701604264130186"
"1","968","1000","1","""HK""","0.02","false","""normal""","1","""constant""","0.1","""Scale-free""","2","0","1","""uniform""","""deterministic-normal""","35","-0.19999999999999996","0.2","""normal""","0","0.9","false","""/home/ramaswamy.51/Documents/github/Spirals/Media/data/cluster/endsim/BehaviorSearch/Step6_Trial""","true","0.2","0.9","8","0.9000000000000001","true","true","0.09117094405406678","4","0.08701604264130186"
"1","972","1000","1","""HK""","0.01","false","""normal""","1","""constant""","0.1","""Scale-free""","2","0","1","""uniform""","""deterministic-normal""","40","-0.7","0.2","""normal""","0","0.9","false","""/home/ramaswamy.51/Documents/github/Spirals/Media/data/cluster/endsim/BehaviorSearch/Step6_Trial""","true","0.30000000000000004","1","5","1","true","true","0.1090459761600161","4","0.08701604264130186"
"1","976","1000","1","""HK""","0.03","false","""normal""","1","""constant""","0.1","""Scale-free""","2","0","1","""uniform""","""deterministic-normal""","35","-0.3999999999999999","0.2","""normal""","0","0.9","false","""/home/ramaswamy.51/Documents/github/Spirals/Media/data/cluster/endsim/BehaviorSearch/Step6_Trial""","true","0","0.9","5","1","true","true","0.10585005961594894","4","0.08701604264130186"
"1","980","1000","1","""HK""","0.02","false","""normal""","1","""constant""","0.1","""Scale-free""","2","0","1","""uniform""","""deterministic-normal""","40","-0.29999999999999993","0.2","""normal""","-0.6","0.9","false","""/home/ramaswamy.51/Documents/github/Spirals/Media/data/cluster/endsim/BehaviorSearch/Step6_Trial""","true","0.2","0.9","7","0.7000000000000002","true","true","0.1431572096578676","4","0.08701604264130186"
"1","984","1000","1","""HK""","0.04","false","""normal""","1","""constant""","0.1","""Scale-free""","2","0","1","""uniform""","""deterministic-normal""","40","-0.3999999999999999","0.2","""normal""","0","0.9","false","""/home/ramaswamy.51/Documents/github/Spirals/Media/data/cluster/endsim/BehaviorSearch/Step6_Trial""","true","0","1","7","0.7000000000000002","true","true","0.10400210619569272","4","0.08701604264130186"
"1","988","1000","1","""HK""","0.03","false","""normal""","1","""constant""","0.1","""Scale-free""","2","0","1","""uniform""","""deterministic-normal""","40","-0.5","0.2","""normal""","0.30000000000000004","0.9","false","""/home/ramaswamy.51/Documents/github/Spirals/Media/data/cluster/endsim/BehaviorSearch/Step6_Trial""","true","0.2","1","7","0.7000000000000002","true","true","0.1234544873492528","4","0.08701604264130186"
"1","992","1000","1","""HK""","0.03","false","""normal""","1","""constant""","0.1","""Scale-free""","2","0","1","""uniform""","""deterministic-normal""","40","-0.6","0.2","""normal""","0","0.9","false","""/home/ramaswamy.51/Documents/github/Spirals/Media/data/cluster/endsim/BehaviorSearch/Step6_Trial""","true","0.2","0.9","7","0.7000000000000002","true","true","0.09184896393996297","4","0.08701604264130186"
"1","996","1000","1","""HK""","0.05","false","""normal""","1","""constant""","0.1","""Scale-free""","2","0","1","""uniform""","""deterministic-normal""","40","-0.8","0","""normal""","-0.19999999999999996","0.9","false","""/home/ramaswamy.51/Documents/github/Spirals/Media/data/cluster/endsim/BehaviorSearch/Step6_Trial""","true","0.30000000000000004","0.8","4","0.9000000000000001","true","true","0.0984089738499317","4","0.08701604264130186"
"1","1000","1000","1","""HK""","0.01","false","""normal""","1","""constant""","0.1","""Scale-free""","2","0","1","""uniform""","""deterministic-normal""","40","-0.3999999999999999","0.1","""normal""","0","0.9","false","""/home/ramaswamy.51/Documents/github/Spirals/Media/data/cluster/endsim/BehaviorSearch/Step6_Trial""","true","0.30000000000000004","1","6","0.8","true","true","0.10587913196451307","4","0.08701604264130186"
"1","1004","1000","1","""HK""","0.03","false","""normal""","1","""constant""","0.1","""Scale-free""","2","0","1","""uniform""","""deterministic-normal""","40","-0.29999999999999993","0.2","""normal""","-0.09999999999999998","0.8","false","""/home/ramaswamy.51/Documents/github/Spirals/Media/data/cluster/endsim/BehaviorSearch/Step6_Trial""","true","0.2","0.9","6","0.7000000000000002","true","true","0.09585264996465462","4","0.08701604264130186"
"1","1008","1000","1","""HK""","0.03","false","""normal""","1","""constant""","0.1","""Scale-free""","2","0","1","""uniform""","""deterministic-normal""","40","-0.8","0","""normal""","0","0.8","false","""/home/ramaswamy.51/Documents/github/Spirals/Media/data/cluster/endsim/BehaviorSearch/Step6_Trial""","true","0.30000000000000004","1","6","0.8","true","true","0.10702289016933758","4","0.08701604264130186"
"1","1012","1000","1","""HK""","0.03","false","""normal""","1","""constant""","0.1","""Scale-free""","2","0","1","""uniform""","""deterministic-normal""","40","-0.3999999999999999","0.2","""normal""","0","0.9","false","""/home/ramaswamy.51/Documents/github/Spirals/Media/data/cluster/endsim/BehaviorSearch/Step6_Trial""","true","0.2","0.9","8","0.9000000000000001","true","true","0.0973421360642342","4","0.08701604264130186"
"1","1016","1000","1","""HK""","0.060000000000000005","false","""normal""","1","""constant""","0.1","""Scale-free""","2","0","1","""uniform""","""deterministic-normal""","40","-0.8","0","""normal""","-0.09999999999999998","0.9","false","""/home/ramaswamy.51/Documents/github/Spirals/Media/data/cluster/endsim/BehaviorSearch/Step6_Trial""","true","0.4","0.9","4","0.9000000000000001","true","true","0.10696738014041567","4","0.08701604264130186"
"1","1020","1000","1","""HK""","0.03","false","""normal""","1","""constant""","0.1","""Scale-free""","2","0","1","""uniform""","""deterministic-normal""","45","-0.29999999999999993","0.2","""normal""","0","0.9","false","""/home/ramaswamy.51/Documents/github/Spirals/Media/data/cluster/endsim/BehaviorSearch/Step6_Trial""","true","0.2","0.9","8","0.8","true","true","0.09605002256043649","4","0.08701604264130186"
"1","1024","1000","1","""HK""","0.03","false","""normal""","1","""constant""","0.1","""Scale-free""","2","0","1","""uniform""","""deterministic-normal""","30","-1","0.2","""normal""","0","0.9","false","""/home/ramaswamy.51/Documents/github/Spirals/Media/data/cluster/endsim/BehaviorSearch/Step6_Trial""","true","0.30000000000000004","1","6","0.8","true","true","0.0907740557883614","4","0.08701604264130186"
"1","1028","1000","1","""HK""","0.03","false","""normal""","1","""constant""","0.1","""Scale-free""","2","0","1","""uniform""","""deterministic-normal""","40","-0.3999999999999999","0.1","""normal""","0","0.9","false","""/home/ramaswamy.51/Documents/github/Spirals/Media/data/cluster/endsim/BehaviorSearch/Step6_Trial""","true","0.2","0.9","9","0.8","true","true","0.0861838245363641","4","0.0861838245363641"
"1","1032","1000","1","""HK""","0.03","false","""normal""","1","""constant""","0.1","""Scale-free""","2","0","1","""uniform""","""deterministic-normal""","40","-0.6","0.1","""normal""","0","0.9","false","""/home/ramaswamy.51/Documents/github/Spirals/Media/data/cluster/endsim/BehaviorSearch/Step6_Trial""","true","0.1","0.9","5","1","true","true","0.10089333512603679","4","0.0861838245363641"
"1","1036","1000","1","""HK""","0.01","false","""normal""","1","""constant""","0.1","""Scale-free""","2","0","1","""uniform""","""deterministic-normal""","40","-0.5","0.2","""normal""","0","1","false","""/home/ramaswamy.51/Documents/github/Spirals/Media/data/cluster/endsim/BehaviorSearch/Step6_Trial""","true","0.2","0.9","9","0.8","true","true","0.09954366613810577","4","0.0861838245363641"
"1","1040","1000","1","""HK""","0.03","false","""normal""","1","""constant""","0.1","""Scale-free""","1","0","1","""uniform""","""deterministic-normal""","40","-0.3999999999999999","0.1","""normal""","0","0.9","false","""/home/ramaswamy.51/Documents/github/Spirals/Media/data/cluster/endsim/BehaviorSearch/Step6_Trial""","true","0.2","0.9","9","0.8","true","true","0.10005505467441941","4","0.0861838245363641"
"1","1044","1000","1","""HK""","0.03","false","""normal""","1","""constant""","0.1","""Scale-free""","2","0","1","""uniform""","""deterministic-normal""","45","-0.3999999999999999","0.1","""normal""","-0.5","1","false","""/home/ramaswamy.51/Documents/github/Spirals/Media/data/cluster/endsim/BehaviorSearch/Step6_Trial""","true","0.2","0.9","9","0.8","true","true","0.11832980404296954","4","0.0861838245363641"
"1","1048","1000","1","""HK""","0.03","false","""normal""","1","""constant""","0.1","""Scale-free""","2","0","1","""uniform""","""deterministic-normal""","40","-0.29999999999999993","0","""normal""","0","0.8","false","""/home/ramaswamy.51/Documents/github/Spirals/Media/data/cluster/endsim/BehaviorSearch/Step6_Trial""","true","0.2","0.9","4","0.9000000000000001","true","true","0.09763672894440255","4","0.0861838245363641"
"1","1052","1000","1","""HK""","0.01","false","""normal""","1","""constant""","0.1","""Scale-free""","2","0","1","""uniform""","""deterministic-normal""","40","-0.29999999999999993","0.2","""normal""","-0.29999999999999993","0.9","false","""/home/ramaswamy.51/Documents/github/Spirals/Media/data/cluster/endsim/BehaviorSearch/Step6_Trial""","true","0.1","0.9","7","0.9000000000000001","true","true","0.10824959539495234","4","0.0861838245363641"
"1","1056","1000","1","""HK""","0.03","false","""normal""","1","""constant""","0.1","""Scale-free""","1","0","1","""uniform""","""deterministic-normal""","40","-0.3999999999999999","0.2","""normal""","-0.09999999999999998","0.9","false","""/home/ramaswamy.51/Documents/github/Spirals/Media/data/cluster/endsim/BehaviorSearch/Step6_Trial""","true","0.30000000000000004","1","6","0.8","true","true","0.09249377470586258","4","0.0861838245363641"
"1","1060","1000","1","""HK""","0.03","false","""normal""","1","""constant""","0.1","""Scale-free""","2","0","1","""uniform""","""deterministic-normal""","40","-0.3999999999999999","0.2","""normal""","0","0.9","false","""/home/ramaswamy.51/Documents/github/Spirals/Media/data/cluster/endsim/BehaviorSearch/Step6_Trial""","true","0.30000000000000004","1","7","0.6000000000000001","true","true","0.08975299277032969","4","0.0861838245363641"
"1","1064","1000","1","""HK""","0.03","false","""normal""","1","""constant""","0.1","""Scale-free""","2","0","1","""uniform""","""deterministic-normal""","35","-0.3999999999999999","0.2","""normal""","0.20000000000000018","0.9","false","""/home/ramaswamy.51/Documents/github/Spirals/Media/data/cluster/endsim/BehaviorSearch/Step6_Trial""","true","0.2","0.9","8","0.9000000000000001","true","true","0.11675395963883842","4","0.0861838245363641"
"1","1068","1000","1","""HK""","0.01","false","""normal""","1","""constant""","0.1","""Scale-free""","2","0","1","""uniform""","""deterministic-normal""","35","-0.5","0.2","""normal""","0.10000000000000009","0.9","false","""/home/ramaswamy.51/Documents/github/Spirals/Media/data/cluster/endsim/BehaviorSearch/Step6_Trial""","true","0.30000000000000004","1","7","0.6000000000000001","true","true","0.09588481539015534","4","0.0861838245363641"
"1","1072","1000","1","""HK""","0.03","false","""normal""","1","""constant""","0.1","""Scale-free""","2","0","1","""uniform""","""deterministic-normal""","35","-0.3999999999999999","0.2","""normal""","0.10000000000000009","0.9","false","""/home/ramaswamy.51/Documents/github/Spirals/Media/data/cluster/endsim/BehaviorSearch/Step6_Trial""","true","0.2","1","7","0.7000000000000002","true","true","0.09677063831289352","4","0.0861838245363641"
"1","1076","1000","1","""HK""","0.03","false","""normal""","1","""constant""","0.1","""Scale-free""","2","0","1","""uniform""","""deterministic-normal""","35","-0.3999999999999999","0.2","""normal""","0","0.7000000000000001","false","""/home/ramaswamy.51/Documents/github/Spirals/Media/data/cluster/endsim/BehaviorSearch/Step6_Trial""","true","0","0.9","6","0.7000000000000002","true","true","0.11931358806250728","4","0.0861838245363641"
"1","1080","1000","1","""HK""","0.03","false","""normal""","1","""constant""","0.2","""Scale-free""","2","0","1","""uniform""","""deterministic-normal""","40","-0.5","0.2","""normal""","0","0.9","false","""/home/ramaswamy.51/Documents/github/Spirals/Media/data/cluster/endsim/BehaviorSearch/Step6_Trial""","true","0.2","1","7","1","true","true","0.1619776891428096","4","0.0861838245363641"
"1","1084","1000","1","""HK""","0.03","false","""normal""","1","""constant""","0.1","""Scale-free""","2","0","1","""uniform""","""deterministic-normal""","40","-0.3999999999999999","0.2","""normal""","0.30000000000000004","1","false","""/home/ramaswamy.51/Documents/github/Spirals/Media/data/cluster/endsim/BehaviorSearch/Step6_Trial""","true","0.2","1","7","1","true","true","0.10559371287367589","4","0.0861838245363641"
"1","1088","1000","1","""HK""","0.03","false","""normal""","1","""constant""","0.1","""Scale-free""","3","0","1","""uniform""","""deterministic-normal""","40","-0.3999999999999999","0.1","""normal""","0","0.9","false","""/home/ramaswamy.51/Documents/github/Spirals/Media/data/cluster/endsim/BehaviorSearch/Step6_Trial""","true","0.1","0.9","5","1","true","true","0.10254941929856268","4","0.0861838245363641"
"1","1092","1000","1","""HK""","0.06999999999999999","false","""normal""","1","""constant""","0.1","""Scale-free""","2","0","1","""uniform""","""deterministic-normal""","40","-1","0.1","""normal""","0","1","false","""/home/ramaswamy.51/Documents/github/Spirals/Media/data/cluster/endsim/BehaviorSearch/Step6_Trial""","true","0.1","0.8","5","1","true","true","0.11567210604892128","4","0.0861838245363641"
"1","1096","1000","1","""HK""","0.03","false","""normal""","1","""constant""","0.1","""Scale-free""","2","0","1","""uniform""","""deterministic-normal""","40","-0.9","0.1","""normal""","0.10000000000000009","0.9","false","""/home/ramaswamy.51/Documents/github/Spirals/Media/data/cluster/endsim/BehaviorSearch/Step6_Trial""","true","0.2","0.9","5","0.8","true","true","0.10035751770013464","4","0.0861838245363641"
"1","1100","1000","1","""HK""","0.060000000000000005","false","""normal""","1","""constant""","0.1","""Scale-free""","2","0","1","""uniform""","""deterministic-normal""","40","-0.3999999999999999","0.2","""normal""","0","0.9","false","""/home/ramaswamy.51/Documents/github/Spirals/Media/data/cluster/endsim/BehaviorSearch/Step6_Trial""","true","0.30000000000000004","1","7","0.5","true","true","0.09364337391151405","4","0.0861838245363641"
"1","1104","1000","1","""HK""","0.03","false","""normal""","1","""constant""","0.1","""Scale-free""","2","0","1","""uniform""","""deterministic-normal""","40","-0.3999999999999999","0.1","""normal""","0","0.9","false","""/home/ramaswamy.51/Documents/github/Spirals/Media/data/cluster/endsim/BehaviorSearch/Step6_Trial""","true","0.2","0.8","7","0.7000000000000002","true","true","0.09149739921784232","4","0.0861838245363641"
"1","1108","1000","1","""HK""","0.060000000000000005","false","""normal""","1","""constant""","0.1","""Scale-free""","1","0","1","""uniform""","""deterministic-normal""","45","-0.29999999999999993","0.2","""normal""","-0.09999999999999998","0.8","false","""/home/ramaswamy.51/Documents/github/Spirals/Media/data/cluster/endsim/BehaviorSearch/Step6_Trial""","true","0.2","0.9","7","0.9000000000000001","true","true","0.10459178838593644","4","0.0861838245363641"
"1","1112","1000","1","""HK""","0.01","false","""normal""","1","""constant""","0.1","""Scale-free""","2","0","1","""uniform""","""deterministic-normal""","25","-0.3999999999999999","0.2","""normal""","-0.09999999999999998","1","false","""/home/ramaswamy.51/Documents/github/Spirals/Media/data/cluster/endsim/BehaviorSearch/Step6_Trial""","true","0.1","1","7","0.5","true","true","0.09808972560440998","4","0.0861838245363641"
"1","1116","1000","1","""HK""","0.03","false","""normal""","1","""constant""","0.1","""Scale-free""","2","0","1","""uniform""","""deterministic-normal""","40","-0.3999999999999999","0.2","""normal""","-0.09999999999999998","0.9","false","""/home/ramaswamy.51/Documents/github/Spirals/Media/data/cluster/endsim/BehaviorSearch/Step6_Trial""","true","0.30000000000000004","1","7","0.6000000000000001","true","true","0.0859771357102265","4","0.0859771357102265"
"1","1120","1000","1","""HK""","0.03","false","""normal""","1","""constant""","0.1","""Scale-free""","2","0","1","""uniform""","""deterministic-normal""","40","-0.29999999999999993","0.2","""normal""","-0.09999999999999998","0.9","false","""/home/ramaswamy.51/Documents/github/Spirals/Media/data/cluster/endsim/BehaviorSearch/Step6_Trial""","true","0.1","0.9","7","0.7000000000000002","true","true","0.10043753840952403","4","0.0859771357102265"
"1","1124","1000","1","""HK""","0.03","false","""normal""","1","""constant""","0.1","""Scale-free""","2","0","1","""uniform""","""deterministic-normal""","40","-0.8","0","""normal""","0","0.9","false","""/home/ramaswamy.51/Documents/github/Spirals/Media/data/cluster/endsim/BehaviorSearch/Step6_Trial""","true","0.30000000000000004","0.9","4","0.9000000000000001","true","true","0.09049647323323047","4","0.0859771357102265"
"1","1128","1000","1","""HK""","0.03","false","""normal""","1","""constant""","0.1","""Scale-free""","2","0","1","""uniform""","""deterministic-normal""","40","-0.8","0.1","""normal""","0","0.9","false","""/home/ramaswamy.51/Documents/github/Spirals/Media/data/cluster/endsim/BehaviorSearch/Step6_Trial""","true","0.30000000000000004","0.8","5","1","true","true","0.09589878528816145","4","0.0859771357102265"
"1","1132","1000","1","""HK""","0.06999999999999999","false","""normal""","1","""constant""","0.1","""Scale-free""","2","0","1","""uniform""","""deterministic-normal""","45","-0.3999999999999999","0.2","""normal""","0","0.8","false","""/home/ramaswamy.51/Documents/github/Spirals/Media/data/cluster/endsim/BehaviorSearch/Step6_Trial""","true","0.2","1","7","0.7000000000000002","true","true","0.1180023326636738","4","0.0859771357102265"
"1","1136","1000","1","""HK""","0.03","false","""normal""","1","""constant""","0.1","""Scale-free""","3","0","1","""uniform""","""deterministic-normal""","35","-0.7","0.2","""normal""","0","0.9","false","""/home/ramaswamy.51/Documents/github/Spirals/Media/data/cluster/endsim/BehaviorSearch/Step6_Trial""","true","0.2","0.8","6","0.7000000000000002","true","true","0.0907137407083801","4","0.0859771357102265"
"1","1140","1000","1","""HK""","0.08","false","""normal""","1","""constant""","0.1","""Scale-free""","2","0","1","""uniform""","""deterministic-normal""","40","-0.3999999999999999","0.2","""normal""","-0.09999999999999998","0.8","false","""/home/ramaswamy.51/Documents/github/Spirals/Media/data/cluster/endsim/BehaviorSearch/Step6_Trial""","true","0.30000000000000004","0.9","3","0.7000000000000002","true","true","0.10822235217314562","4","0.0859771357102265"
"1","1144","1000","1","""HK""","0.01","false","""normal""","1","""constant""","0.1","""Scale-free""","2","0","1","""uniform""","""deterministic-normal""","40","-0.29999999999999993","0.2","""normal""","0","0.9","false","""/home/ramaswamy.51/Documents/github/Spirals/Media/data/cluster/endsim/BehaviorSearch/Step6_Trial""","true","0.30000000000000004","0.9","4","0.9000000000000001","true","true","0.0984908827367206","4","0.0859771357102265"
"1","1148","1000","1","""HK""","0.03","false","""normal""","1","""constant""","0.1","""Scale-free""","3","0","1","""uniform""","""deterministic-normal""","45","-0.5","0.2","""normal""","0","0.9","false","""/home/ramaswamy.51/Documents/github/Spirals/Media/data/cluster/endsim/BehaviorSearch/Step6_Trial""","true","0.2","1","7","0.7000000000000002","true","true","0.0998443947970174","4","0.0859771357102265"
"1","1152","1000","1","""HK""","0.03","false","""normal""","1","""constant""","0.1","""Scale-free""","2","0","1","""uniform""","""deterministic-normal""","40","-0.29999999999999993","0.2","""normal""","0","1","false","""/home/ramaswamy.51/Documents/github/Spirals/Media/data/cluster/endsim/BehaviorSearch/Step6_Trial""","true","0.2","0.9","7","0.7000000000000002","true","true","0.09340273095666497","4","0.0859771357102265"
"1","1156","1000","1","""HK""","0.02","false","""normal""","1","""constant""","0.2","""Scale-free""","2","0","1","""uniform""","""deterministic-normal""","40","-0.3999999999999999","0","""normal""","-0.29999999999999993","0.8","false","""/home/ramaswamy.51/Documents/github/Spirals/Media/data/cluster/endsim/BehaviorSearch/Step6_Trial""","true","0.2","0.9","9","0.8","true","true","0.16650961991525282","4","0.0859771357102265"
"1","1160","1000","1","""HK""","0.03","false","""normal""","1","""constant""","0.1","""Scale-free""","2","0","1","""uniform""","""deterministic-normal""","40","-0.8","0.1","""normal""","-0.09999999999999998","0.9","false","""/home/ramaswamy.51/Documents/github/Spirals/Media/data/cluster/endsim/BehaviorSearch/Step6_Trial""","true","0.1","1","5","1","true","true","0.10324448320141262","4","0.0859771357102265"
"1","1164","1000","1","""HK""","0.03","false","""normal""","1","""constant""","0.1","""Scale-free""","2","0","1","""uniform""","""deterministic-normal""","40","-0.29999999999999993","0.2","""normal""","0.10000000000000009","0.9","false","""/home/ramaswamy.51/Documents/github/Spirals/Media/data/cluster/endsim/BehaviorSearch/Step6_Trial""","true","0.2","0.9","7","0.7000000000000002","true","true","0.09744573794274664","4","0.0859771357102265"
"1","1168","1000","1","""HK""","0.03","false","""normal""","1","""constant""","0.1","""Scale-free""","2","0","1","""uniform""","""deterministic-normal""","40","-0.6","0.2","""normal""","0","0.8","false","""/home/ramaswamy.51/Documents/github/Spirals/Media/data/cluster/endsim/BehaviorSearch/Step6_Trial""","true","0.2","0.9","7","1","true","true","0.09989339711015599","4","0.0859771357102265"
"1","1172","1000","1","""HK""","0.02","false","""normal""","1","""constant""","0.1","""Scale-free""","2","0","1","""uniform""","""deterministic-normal""","35","-0.8","0","""normal""","0","0.8","false","""/home/ramaswamy.51/Documents/github/Spirals/Media/data/cluster/endsim/BehaviorSearch/Step6_Trial""","true","0.30000000000000004","0.9","4","0.9000000000000001","true","true","0.09213473935194746","4","0.0859771357102265"
"1","1176","1000","1","""HK""","0.03","false","""normal""","1","""constant""","0.1","""Scale-free""","2","0","1","""uniform""","""deterministic-normal""","45","-0.7","0.30000000000000004","""normal""","0","0.9","false","""/home/ramaswamy.51/Documents/github/Spirals/Media/data/cluster/endsim/BehaviorSearch/Step6_Trial""","true","0.1","1","7","0.7000000000000002","true","true","0.08853182119283054","4","0.0859771357102265"
"1","1180","1000","1","""HK""","0.01","false","""normal""","1","""constant""","0.1","""Scale-free""","2","0","1","""uniform""","""deterministic-normal""","40","-0.3999999999999999","0.2","""normal""","0","0.9","false","""/home/ramaswamy.51/Documents/github/Spirals/Media/data/cluster/endsim/BehaviorSearch/Step6_Trial""","true","0.1","0.9","5","1","true","true","0.09770768204751756","4","0.0859771357102265"
"1","1184","1000","1","""HK""","0.05","false","""normal""","1","""constant""","0","""Scale-free""","2","0","1","""uniform""","""deterministic-normal""","40","-0.8","0","""normal""","0","0.9","false","""/home/ramaswamy.51/Documents/github/Spirals/Media/data/cluster/endsim/BehaviorSearch/Step6_Trial""","true","0.2","0.9","9","0.8","true","true","0.22837915707429737","4","0.0859771357102265"
"1","1188","1000","1","""HK""","0.03","false","""normal""","1","""constant""","0.1","""Scale-free""","2","0","1","""uniform""","""deterministic-normal""","40","-0.8","0.1","""normal""","0","0.9","false","""/home/ramaswamy.51/Documents/github/Spirals/Media/data/cluster/endsim/BehaviorSearch/Step6_Trial""","true","0.2","0.8","5","1","true","true","0.09141461128597042","4","0.0859771357102265"
"1","1192","1000","1","""HK""","0.03","false","""normal""","1","""constant""","0.1","""Scale-free""","2","0","1","""uniform""","""deterministic-normal""","40","-0.8","0","""normal""","0","0.9","false","""/home/ramaswamy.51/Documents/github/Spirals/Media/data/cluster/endsim/BehaviorSearch/Step6_Trial""","true","0.30000000000000004","0.8","4","0.9000000000000001","true","true","0.1056133707420128","4","0.0859771357102265"
"1","1196","1000","1","""HK""","0.04","false","""normal""","1","""constant""","0","""Scale-free""","2","0","1","""uniform""","""deterministic-normal""","35","-0.8","0","""normal""","0","0.9","false","""/home/ramaswamy.51/Documents/github/Spirals/Media/data/cluster/endsim/BehaviorSearch/Step6_Trial""","true","0.2","1","8","1","true","true","0.1672761168997039","4","0.0859771357102265"
"1","1200","1000","1","""HK""","0.03","false","""normal""","1","""constant""","0","""Scale-free""","2","0","1","""uniform""","""deterministic-normal""","40","-0.29999999999999993","0.2","""normal""","-0.09999999999999998","0.9","false","""/home/ramaswamy.51/Documents/github/Spirals/Media/data/cluster/endsim/BehaviorSearch/Step6_Trial""","true","0.4","1","7","0.6000000000000001","true","true","0.1557621645526082","4","0.0859771357102265"
"1","1204","1000","1","""HK""","0.03","false","""normal""","1","""constant""","0","""Scale-free""","2","0","1","""uniform""","""deterministic-normal""","35","-0.3999999999999999","0.2","""normal""","0.10000000000000009","0.9","false","""/home/ramaswamy.51/Documents/github/Spirals/Media/data/cluster/endsim/BehaviorSearch/Step6_Trial""","true","0","0.9","7","0.7000000000000002","true","true","0.16645037900480836","4","0.0859771357102265"
"1","1208","1000","1","""HK""","0.03","false","""normal""","1","""constant""","0.1","""Scale-free""","2","0","1","""uniform""","""deterministic-normal""","40","-0.3999999999999999","0.30000000000000004","""normal""","0","0.9","false","""/home/ramaswamy.51/Documents/github/Spirals/Media/data/cluster/endsim/BehaviorSearch/Step6_Trial""","true","0.2","0.9","7","0.7000000000000002","true","true","0.09650149026568199","4","0.0859771357102265"
"1","1212","1000","1","""HK""","0.05","false","""normal""","1","""constant""","0.1","""Scale-free""","2","0","1","""uniform""","""deterministic-normal""","40","-1","0.1","""normal""","0","1","false","""/home/ramaswamy.51/Documents/github/Spirals/Media/data/cluster/endsim/BehaviorSearch/Step6_Trial""","true","0.1","1","5","0.8","true","true","0.09584256628744325","4","0.0859771357102265"
"1","1216","1000","1","""HK""","0.03","false","""normal""","1","""constant""","0.2","""Scale-free""","3","0","1","""uniform""","""deterministic-normal""","35","-0.9","0.2","""normal""","0","0.9","false","""/home/ramaswamy.51/Documents/github/Spirals/Media/data/cluster/endsim/BehaviorSearch/Step6_Trial""","true","0.1","0.8","7","0.7000000000000002","true","true","0.16872124261341573","4","0.0859771357102265"
"1","1220","1000","1","""HK""","0.05","false","""normal""","1","""constant""","0.1","""Scale-free""","2","0","1","""uniform""","""deterministic-normal""","30","-0.8","0","""normal""","0","0.9","false","""/home/ramaswamy.51/Documents/github/Spirals/Media/data/cluster/endsim/BehaviorSearch/Step6_Trial""","true","0.30000000000000004","0.9","4","0.9000000000000001","true","true","0.09532853656840712","4","0.0859771357102265"
"1","1224","1000","1","""HK""","0.03","false","""normal""","1","""constant""","0.1","""Scale-free""","2","0","1","""uniform""","""deterministic-normal""","40","-0.3999999999999999","0.2","""normal""","0","0.9","false","""/home/ramaswamy.51/Documents/github/Spirals/Media/data/cluster/endsim/BehaviorSearch/Step6_Trial""","true","0.2","1","6","0.40000000000000013","true","true","0.09938729592950127","4","0.0859771357102265"
"1","1228","1000","1","""HK""","0.03","false","""normal""","1","""constant""","0","""Scale-free""","2","0","1","""uniform""","""deterministic-normal""","40","-0.3999999999999999","0.1","""normal""","0","0.9","false","""/home/ramaswamy.51/Documents/github/Spirals/Media/data/cluster/endsim/BehaviorSearch/Step6_Trial""","true","0.30000000000000004","0.9","5","1","true","true","0.17155925668242739","4","0.0859771357102265"
"1","1232","1000","1","""HK""","0.03","false","""normal""","1","""constant""","0.1","""Scale-free""","2","0","1","""uniform""","""deterministic-normal""","45","-0.3999999999999999","0.2","""normal""","-0.19999999999999996","0.9","false","""/home/ramaswamy.51/Documents/github/Spirals/Media/data/cluster/endsim/BehaviorSearch/Step6_Trial""","true","0.2","0.7000000000000001","7","0.7000000000000002","true","true","0.08969698077694253","4","0.0859771357102265"
"1","1236","1000","1","""HK""","0.05","false","""normal""","1","""constant""","0.1","""Scale-free""","2","0","1","""uniform""","""deterministic-normal""","40","-0.8","0","""normal""","0","0.7000000000000001","false","""/home/ramaswamy.51/Documents/github/Spirals/Media/data/cluster/endsim/BehaviorSearch/Step6_Trial""","true","0.1","0.7000000000000001","5","1","true","true","0.11204926926034828","4","0.0859771357102265"
"1","1240","1000","1","""HK""","0.03","false","""normal""","1","""constant""","0.1","""Scale-free""","2","0","1","""uniform""","""deterministic-normal""","50","-0.3999999999999999","0.2","""normal""","-0.19999999999999996","0.9","false","""/home/ramaswamy.51/Documents/github/Spirals/Media/data/cluster/endsim/BehaviorSearch/Step6_Trial""","true","0.30000000000000004","1","5","1","true","true","0.10946878218686197","4","0.0859771357102265"
"1","1244","1000","1","""HK""","0.060000000000000005","false","""normal""","1","""constant""","0.1","""Scale-free""","2","0","1","""uniform""","""deterministic-normal""","40","-0.3999999999999999","0.2","""normal""","0","0.9","false","""/home/ramaswamy.51/Documents/github/Spirals/Media/data/cluster/endsim/BehaviorSearch/Step6_Trial""","true","0.30000000000000004","1","4","1","true","true","0.09937635714086171","4","0.0859771357102265"
"1","1248","1000","1","""HK""","0.03","false","""normal""","1","""constant""","0.1","""Scale-free""","3","0","1","""uniform""","""deterministic-normal""","40","-0.3999999999999999","0.1","""normal""","0","0.9","false","""/home/ramaswamy.51/Documents/github/Spirals/Media/data/cluster/endsim/BehaviorSearch/Step6_Trial""","true","0.30000000000000004","0.9","4","0.6000000000000001","true","true","0.09954067922516724","4","0.0859771357102265"
"1","1252","1000","1","""HK""","0.03","false","""normal""","1","""constant""","0.1","""Scale-free""","2","0","1","""uniform""","""deterministic-normal""","40","-0.19999999999999996","0.2","""normal""","0","0.9","false","""/home/ramaswamy.51/Documents/github/Spirals/Media/data/cluster/endsim/BehaviorSearch/Step6_Trial""","true","0.30000000000000004","1","7","0.6000000000000001","true","true","0.10014057278001394","4","0.0859771357102265"
"1","1256","1000","1","""HK""","0.060000000000000005","false","""normal""","1","""constant""","0.1","""Scale-free""","2","0","1","""uniform""","""deterministic-normal""","40","-0.3999999999999999","0.2","""normal""","0","0.9","false","""/home/ramaswamy.51/Documents/github/Spirals/Media/data/cluster/endsim/BehaviorSearch/Step6_Trial""","true","0.30000000000000004","1","6","1","true","true","0.09253941549259709","4","0.0859771357102265"
"1","1260","1000","1","""HK""","0.03","false","""normal""","1","""constant""","0.1","""Scale-free""","2","0","1","""uniform""","""deterministic-normal""","40","-0.5","0.1","""normal""","-0.09999999999999998","0.9","false","""/home/ramaswamy.51/Documents/github/Spirals/Media/data/cluster/endsim/BehaviorSearch/Step6_Trial""","true","0.2","0.9","10","0.8","true","true","0.10084753543582109","4","0.0859771357102265"
"1","1264","1000","1","""HK""","0.03","false","""normal""","1","""constant""","0.1","""Scale-free""","2","0","1","""uniform""","""deterministic-normal""","45","-0.5","0.30000000000000004","""normal""","0.40000000000000013","0.7000000000000001","false","""/home/ramaswamy.51/Documents/github/Spirals/Media/data/cluster/endsim/BehaviorSearch/Step6_Trial""","true","0.1","1","7","0.7000000000000002","true","true","0.1707665001773572","4","0.0859771357102265"
"1","1268","1000","1","""HK""","0.05","false","""normal""","1","""constant""","0.1","""Scale-free""","2","0","1","""uniform""","""deterministic-normal""","45","-0.3999999999999999","0.2","""normal""","0","0.9","false","""/home/ramaswamy.51/Documents/github/Spirals/Media/data/cluster/endsim/BehaviorSearch/Step6_Trial""","true","0.30000000000000004","0.9","5","1","true","true","0.10591964696234747","4","0.0859771357102265"
"1","1272","1000","1","""HK""","0.02","false","""normal""","1","""constant""","0.1","""Scale-free""","2","0","1","""uniform""","""deterministic-normal""","45","-0.3999999999999999","0.1","""normal""","0","0.8","false","""/home/ramaswamy.51/Documents/github/Spirals/Media/data/cluster/endsim/BehaviorSearch/Step6_Trial""","true","0.30000000000000004","0.9","4","0.9000000000000001","true","true","0.09908043952405347","4","0.0859771357102265"
"1","1276","1000","1","""HK""","0.03","false","""normal""","1","""constant""","0.1","""Scale-free""","2","0","1","""uniform""","""deterministic-normal""","40","-0.6","0.1","""normal""","0","0.9","false","""/home/ramaswamy.51/Documents/github/Spirals/Media/data/cluster/endsim/BehaviorSearch/Step6_Trial""","true","0.30000000000000004","0.9","4","0.9000000000000001","true","true","0.09803803545528297","4","0.0859771357102265"
"1","1280","1000","1","""HK""","0.09","false","""normal""","1","""constant""","0.1","""Scale-free""","2","0","1","""uniform""","""deterministic-normal""","50","-0.3999999999999999","0.2","""normal""","0","0.9","false","""/home/ramaswamy.51/Documents/github/Spirals/Media/data/cluster/endsim/BehaviorSearch/Step6_Trial""","true","0.2","0.8","7","0.8","true","true","0.11909522583187693","4","0.0859771357102265"
"1","1284","1000","1","""HK""","0.02","false","""normal""","1","""constant""","0","""Scale-free""","2","0","1","""uniform""","""deterministic-normal""","40","-0.3999999999999999","0.2","""normal""","-0.09999999999999998","0.9","false","""/home/ramaswamy.51/Documents/github/Spirals/Media/data/cluster/endsim/BehaviorSearch/Step6_Trial""","true","0.1","1","7","0.7000000000000002","true","true","0.1521165571821897","4","0.0859771357102265"
"1","1288","1000","1","""HK""","0.03","false","""normal""","1","""constant""","0.1","""Scale-free""","2","0","1","""uniform""","""deterministic-normal""","45","-0.7","0.2","""normal""","0","0.9","false","""/home/ramaswamy.51/Documents/github/Spirals/Media/data/cluster/endsim/BehaviorSearch/Step6_Trial""","true","0.1","1","7","0.7000000000000002","true","true","0.09362785796583178","4","0.0859771357102265"
"1","1292","1000","1","""HK""","0.03","false","""normal""","1","""constant""","0.1","""Scale-free""","2","0","1","""uniform""","""deterministic-normal""","40","-0.6","0","""normal""","0","0.9","false","""/home/ramaswamy.51/Documents/github/Spirals/Media/data/cluster/endsim/BehaviorSearch/Step6_Trial""","true","0.2","1","7","0.8","true","true","0.08701391726513226","4","0.0859771357102265"
"1","1296","1000","1","""HK""","0.03","false","""normal""","1","""constant""","0.1","""Scale-free""","2","0","1","""uniform""","""deterministic-normal""","40","-0.3999999999999999","0.1","""normal""","0.10000000000000009","0.9","false","""/home/ramaswamy.51/Documents/github/Spirals/Media/data/cluster/endsim/BehaviorSearch/Step6_Trial""","true","0.30000000000000004","1","7","0.6000000000000001","true","true","0.10680195192292233","4","0.0859771357102265"
"1","1300","1000","1","""HK""","0.04","false","""normal""","1","""constant""","0.1","""Scale-free""","3","0","1","""uniform""","""deterministic-normal""","40","-0.8","0","""normal""","0.30000000000000004","0.9","false","""/home/ramaswamy.51/Documents/github/Spirals/Media/data/cluster/endsim/BehaviorSearch/Step6_Trial""","true","0.2","0.9","2","0.9000000000000001","true","true","0.12040015504469685","4","0.0859771357102265"
"1","1304","1000","1","""HK""","0.05","false","""normal""","1","""constant""","0.1","""Scale-free""","2","0","1","""uniform""","""deterministic-normal""","45","-0.3999999999999999","0.30000000000000004","""normal""","-0.19999999999999996","0.8","false","""/home/ramaswamy.51/Documents/github/Spirals/Media/data/cluster/endsim/BehaviorSearch/Step6_Trial""","true","0.30000000000000004","0.7000000000000001","7","0.7000000000000002","true","true","0.1060290505353742","4","0.0859771357102265"
"1","1308","1000","1","""HK""","0.03","false","""normal""","1","""constant""","0.1","""Scale-free""","2","0","1","""uniform""","""deterministic-normal""","40","-0.3999999999999999","0.1","""normal""","0","0.9","false","""/home/ramaswamy.51/Documents/github/Spirals/Media/data/cluster/endsim/BehaviorSearch/Step6_Trial""","true","0.4","0.8","9","0.8","true","true","0.10111147239329343","4","0.0859771357102265"
"1","1312","1000","1","""HK""","0.03","false","""normal""","1","""constant""","0.1","""Scale-free""","2","0","1","""uniform""","""deterministic-normal""","40","-0.3999999999999999","0.2","""normal""","0.10000000000000009","0.9","false","""/home/ramaswamy.51/Documents/github/Spirals/Media/data/cluster/endsim/BehaviorSearch/Step6_Trial""","true","0.2","0.9","10","0.8","true","true","0.09203008003832329","4","0.0859771357102265"
"1","1316","1000","1","""HK""","0.03","false","""normal""","1","""constant""","0.1","""Scale-free""","3","0","1","""uniform""","""deterministic-normal""","40","-0.3999999999999999","0.2","""normal""","-0.09999999999999998","1","false","""/home/ramaswamy.51/Documents/github/Spirals/Media/data/cluster/endsim/BehaviorSearch/Step6_Trial""","true","0.30000000000000004","1","7","0.6000000000000001","true","true","0.09543360161439625","4","0.0859771357102265"
"1","1320","1000","1","""HK""","0.03","false","""normal""","1","""constant""","0.1","""Scale-free""","2","0","1","""uniform""","""deterministic-normal""","35","-0.6","0.2","""normal""","0","0.9","false","""/home/ramaswamy.51/Documents/github/Spirals/Media/data/cluster/endsim/BehaviorSearch/Step6_Trial""","true","0.2","0.9","7","0.7000000000000002","true","true","0.09832359496266237","4","0.0859771357102265"
"1","1324","1000","1","""HK""","0.03","false","""normal""","1","""constant""","0","""Scale-free""","2","0","1","""uniform""","""deterministic-normal""","40","-0.3999999999999999","0.1","""normal""","0","0.9","false","""/home/ramaswamy.51/Documents/github/Spirals/Media/data/cluster/endsim/BehaviorSearch/Step6_Trial""","true","0.2","0.9","9","0.8","true","true","0.15473424821015277","4","0.0859771357102265"
"1","1328","1000","1","""HK""","0.03","false","""normal""","1","""constant""","0.1","""Scale-free""","2","0","1","""uniform""","""deterministic-normal""","35","-0.3999999999999999","0.4","""normal""","-0.19999999999999996","0.9","false","""/home/ramaswamy.51/Documents/github/Spirals/Media/data/cluster/endsim/BehaviorSearch/Step6_Trial""","true","0.30000000000000004","1","7","1","true","true","0.1072009903625","4","0.0859771357102265"
"1","1332","1000","1","""HK""","0.03","false","""normal""","1","""constant""","0.1","""Scale-free""","1","0","1","""uniform""","""deterministic-normal""","40","-0.3999999999999999","0.1","""normal""","-0.29999999999999993","0.7000000000000001","false","""/home/ramaswamy.51/Documents/github/Spirals/Media/data/cluster/endsim/BehaviorSearch/Step6_Trial""","true","0.2","0.9","10","0.8","true","true","0.12538931678295315","4","0.0859771357102265"
"1","1336","1000","1","""HK""","0.03","false","""normal""","1","""constant""","0.1","""Scale-free""","2","0","1","""uniform""","""deterministic-normal""","30","-0.3999999999999999","0.2","""normal""","-0.19999999999999996","0.9","false","""/home/ramaswamy.51/Documents/github/Spirals/Media/data/cluster/endsim/BehaviorSearch/Step6_Trial""","true","0.2","0.7000000000000001","4","0.9000000000000001","true","true","0.09798782175292242","4","0.0859771357102265"
"1","1340","1000","1","""HK""","0.01","false","""normal""","1","""constant""","0.1","""Scale-free""","2","0","1","""uniform""","""deterministic-normal""","40","-0.09999999999999998","0.1","""normal""","0.10000000000000009","0.9","false","""/home/ramaswamy.51/Documents/github/Spirals/Media/data/cluster/endsim/BehaviorSearch/Step6_Trial""","true","0.2","0.9","7","1","true","true","0.10548793596693248","4","0.0859771357102265"
"1","1344","1000","1","""HK""","0.03","false","""normal""","1","""constant""","0.1","""Scale-free""","3","0","1","""uniform""","""deterministic-normal""","40","-0.3999999999999999","0.30000000000000004","""normal""","0","0.8","false","""/home/ramaswamy.51/Documents/github/Spirals/Media/data/cluster/endsim/BehaviorSearch/Step6_Trial""","true","0.1","1","7","0.7000000000000002","true","true","0.09876839132669166","4","0.0859771357102265"
"1","1348","1000","1","""HK""","0.02","false","""normal""","1","""constant""","0.1","""Scale-free""","2","0","1","""uniform""","""deterministic-normal""","40","-0.3999999999999999","0.2","""normal""","0.20000000000000018","0.9","false","""/home/ramaswamy.51/Documents/github/Spirals/Media/data/cluster/endsim/BehaviorSearch/Step6_Trial""","true","0.5","1","6","1","true","true","0.13683807191498903","4","0.0859771357102265"
"1","1352","1000","1","""HK""","0.04","false","""normal""","1","""constant""","0.1","""Scale-free""","2","0","1","""uniform""","""deterministic-normal""","40","-0.3999999999999999","0.2","""normal""","0","0.8","false","""/home/ramaswamy.51/Documents/github/Spirals/Media/data/cluster/endsim/BehaviorSearch/Step6_Trial""","true","0.30000000000000004","1","7","0.6000000000000001","true","true","0.10249424115881987","4","0.0859771357102265"
"1","1356","1000","1","""HK""","0.03","false","""normal""","1","""constant""","0.1","""Scale-free""","2","0","1","""uniform""","""deterministic-normal""","45","-0.3999999999999999","0.2","""normal""","-0.19999999999999996","0.9","false","""/home/ramaswamy.51/Documents/github/Spirals/Media/data/cluster/endsim/BehaviorSearch/Step6_Trial""","true","0.2","0.7000000000000001","8","0.7000000000000002","true","true","0.09635858146970046","4","0.0859771357102265"
"1","1360","1000","1","""HK""","0.03","false","""normal""","1","""constant""","0.1","""Scale-free""","2","0","1","""uniform""","""deterministic-normal""","35","-0.3999999999999999","0.2","""normal""","0.20000000000000018","0.9","false","""/home/ramaswamy.51/Documents/github/Spirals/Media/data/cluster/endsim/BehaviorSearch/Step6_Trial""","true","0.2","1","7","0.7000000000000002","true","true","0.11090851889175224","4","0.0859771357102265"
"1","1364","1000","1","""HK""","0.05","false","""normal""","1","""constant""","0.1","""Scale-free""","2","0","1","""uniform""","""deterministic-normal""","40","-0.3999999999999999","0.2","""normal""","0","0.9","false","""/home/ramaswamy.51/Documents/github/Spirals/Media/data/cluster/endsim/BehaviorSearch/Step6_Trial""","true","0.30000000000000004","1","5","1","true","true","0.0972282295144374","4","0.0859771357102265"
"1","1368","1000","1","""HK""","0.01","false","""normal""","1","""constant""","0.1","""Scale-free""","2","0","1","""uniform""","""deterministic-normal""","40","-0.3999999999999999","0.2","""normal""","-0.09999999999999998","1","false","""/home/ramaswamy.51/Documents/github/Spirals/Media/data/cluster/endsim/BehaviorSearch/Step6_Trial""","true","0.2","0.8","8","0.8","true","true","0.09199711285480035","4","0.0859771357102265"
"1","1372","1000","1","""HK""","0.05","false","""normal""","1","""constant""","0.1","""Scale-free""","2","0","1","""uniform""","""deterministic-normal""","35","-0.8","0","""normal""","0.10000000000000009","0.9","false","""/home/ramaswamy.51/Documents/github/Spirals/Media/data/cluster/endsim/BehaviorSearch/Step6_Trial""","true","0.2","0.9","9","0.7000000000000002","true","true","0.10322497513409751","4","0.0859771357102265"
"1","1376","1000","1","""HK""","0.01","false","""normal""","1","""constant""","0.1","""Scale-free""","2","0","1","""uniform""","""deterministic-normal""","40","-0.3999999999999999","0.1","""normal""","-0.19999999999999996","0.9","false","""/home/ramaswamy.51/Documents/github/Spirals/Media/data/cluster/endsim/BehaviorSearch/Step6_Trial""","true","0.30000000000000004","0.9","2","0.9000000000000001","true","true","0.1050401295006723","4","0.0859771357102265"
"1","1380","1000","1","""HK""","0.03","false","""normal""","1","""constant""","0.1","""Scale-free""","2","0","1","""uniform""","""deterministic-normal""","45","-0.7","0.30000000000000004","""normal""","0","0.9","false","""/home/ramaswamy.51/Documents/github/Spirals/Media/data/cluster/endsim/BehaviorSearch/Step6_Trial""","true","0.1","0.9","7","0.7000000000000002","true","true","0.10051752983608665","4","0.0859771357102265"
"1","1384","1000","1","""HK""","0.03","false","""normal""","1","""constant""","0.1","""Scale-free""","2","0","1","""uniform""","""deterministic-normal""","40","-0.7","0.2","""normal""","0.30000000000000004","0.9","false","""/home/ramaswamy.51/Documents/github/Spirals/Media/data/cluster/endsim/BehaviorSearch/Step6_Trial""","true","0.30000000000000004","1","7","0.6000000000000001","true","true","0.11457083576607159","4","0.0859771357102265"
"1","1388","1000","1","""HK""","0.05","false","""normal""","1","""constant""","0.1","""Scale-free""","2","0","1","""uniform""","""deterministic-normal""","40","-0.8","0.1","""normal""","0","0.9","false","""/home/ramaswamy.51/Documents/github/Spirals/Media/data/cluster/endsim/BehaviorSearch/Step6_Trial""","true","0.30000000000000004","0.9","4","0.9000000000000001","true","true","0.09024707415398023","4","0.0859771357102265"
"1","1392","1000","1","""HK""","0.03","false","""normal""","1","""constant""","0.1","""Scale-free""","2","0","1","""uniform""","""deterministic-normal""","30","-0.3999999999999999","0.2","""normal""","0","1","false","""/home/ramaswamy.51/Documents/github/Spirals/Media/data/cluster/endsim/BehaviorSearch/Step6_Trial""","true","0.30000000000000004","0.9","4","1","true","true","0.09478602600276262","4","0.0859771357102265"
"1","1396","1000","1","""HK""","0.05","false","""normal""","1","""constant""","0.1","""Scale-free""","2","0","1","""uniform""","""deterministic-normal""","40","-0.8","0","""normal""","0","1","false","""/home/ramaswamy.51/Documents/github/Spirals/Media/data/cluster/endsim/BehaviorSearch/Step6_Trial""","true","0.4","0.9","4","1","true","true","0.09874633134187194","4","0.0859771357102265"
"1","1400","1000","1","""HK""","0.05","false","""normal""","1","""constant""","0.1","""Scale-free""","2","0","1","""uniform""","""deterministic-normal""","40","-1","0","""normal""","0","0.8","false","""/home/ramaswamy.51/Documents/github/Spirals/Media/data/cluster/endsim/BehaviorSearch/Step6_Trial""","true","0.30000000000000004","0.9","4","0.9000000000000001","true","true","0.08952741614163726","4","0.0859771357102265"
"1","1404","1000","1","""HK""","0.03","false","""normal""","1","""constant""","0.1","""Scale-free""","2","0","1","""uniform""","""deterministic-normal""","40","-1","0","""normal""","0","1","false","""/home/ramaswamy.51/Documents/github/Spirals/Media/data/cluster/endsim/BehaviorSearch/Step6_Trial""","true","0.30000000000000004","0.9","4","0.9000000000000001","true","true","0.1008154173615812","4","0.0859771357102265"
"1","1408","1000","1","""HK""","0.05","false","""normal""","1","""constant""","0.1","""Scale-free""","2","0","1","""uniform""","""deterministic-normal""","40","-0.29999999999999993","0.2","""normal""","0.20000000000000018","0.9","false","""/home/ramaswamy.51/Documents/github/Spirals/Media/data/cluster/endsim/BehaviorSearch/Step6_Trial""","true","0.4","0.9","7","0.7000000000000002","true","true","0.12461564329408745","4","0.0859771357102265"
"1","1412","1000","1","""HK""","0.05","false","""normal""","1","""constant""","0.1","""Scale-free""","2","0","1","""uniform""","""deterministic-normal""","40","-0.8","0","""normal""","0","0.9","false","""/home/ramaswamy.51/Documents/github/Spirals/Media/data/cluster/endsim/BehaviorSearch/Step6_Trial""","true","0.1","1","7","0.7000000000000002","true","true","0.10737474886306614","4","0.0859771357102265"
"1","1416","1000","1","""HK""","0.05","false","""normal""","1","""constant""","0.1","""Scale-free""","2","0","1","""uniform""","""deterministic-normal""","40","-0.8","0.1","""normal""","0","0.8","false","""/home/ramaswamy.51/Documents/github/Spirals/Media/data/cluster/endsim/BehaviorSearch/Step6_Trial""","true","0.30000000000000004","0.9","4","0.9000000000000001","true","true","0.0992242113274975","4","0.0859771357102265"
"1","1420","1000","1","""HK""","0.04","false","""normal""","1","""constant""","0.1","""Scale-free""","2","0","1","""uniform""","""deterministic-normal""","40","-0.9","0","""normal""","0","0.9","false","""/home/ramaswamy.51/Documents/github/Spirals/Media/data/cluster/endsim/BehaviorSearch/Step6_Trial""","true","0.2","0.9","7","0.7000000000000002","true","true","0.09555107291210285","4","0.0859771357102265"
"1","1424","1000","1","""HK""","0.03","false","""normal""","1","""constant""","0.2","""Scale-free""","2","0","1","""uniform""","""deterministic-normal""","40","-0.3999999999999999","0.2","""normal""","0","1","false","""/home/ramaswamy.51/Documents/github/Spirals/Media/data/cluster/endsim/BehaviorSearch/Step6_Trial""","true","0.30000000000000004","1","5","1","true","true","0.15334270837767525","4","0.0859771357102265"
"1","1428","1000","1","""HK""","0.04","false","""normal""","1","""constant""","0","""Scale-free""","2","0","1","""uniform""","""deterministic-normal""","40","-0.8","0","""normal""","0","0.8","false","""/home/ramaswamy.51/Documents/github/Spirals/Media/data/cluster/endsim/BehaviorSearch/Step6_Trial""","true","0.30000000000000004","0.8","5","0.7000000000000002","true","true","0.16585992261722313","4","0.0859771357102265"
"1","1432","1000","1","""HK""","0.03","false","""normal""","1","""constant""","0.1","""Scale-free""","2","0","1","""uniform""","""deterministic-normal""","40","-0.9","0","""normal""","0.10000000000000009","1","false","""/home/ramaswamy.51/Documents/github/Spirals/Media/data/cluster/endsim/BehaviorSearch/Step6_Trial""","true","0.30000000000000004","0.9","4","0.9000000000000001","true","true","0.09730890734311631","4","0.0859771357102265"
"1","1436","1000","1","""HK""","0.03","false","""normal""","1","""constant""","0.1","""Scale-free""","2","0","1","""uniform""","""deterministic-normal""","45","-0.7","0.30000000000000004","""normal""","0","1","false","""/home/ramaswamy.51/Documents/github/Spirals/Media/data/cluster/endsim/BehaviorSearch/Step6_Trial""","true","0.1","1","7","0.9000000000000001","true","true","0.09814768733768041","4","0.0859771357102265"
"1","1440","1000","1","""HK""","0.05","false","""normal""","1","""constant""","0.1","""Scale-free""","2","0","1","""uniform""","""deterministic-normal""","40","-1","0","""normal""","0","0.9","false","""/home/ramaswamy.51/Documents/github/Spirals/Media/data/cluster/endsim/BehaviorSearch/Step6_Trial""","true","0.30000000000000004","0.9","4","0.9000000000000001","true","true","0.09851157644112457","4","0.0859771357102265"
"1","1444","1000","1","""HK""","0.03","false","""normal""","1","""constant""","0","""Scale-free""","2","0","1","""uniform""","""deterministic-normal""","40","-0.3999999999999999","0.30000000000000004","""normal""","-0.09999999999999998","0.9","false","""/home/ramaswamy.51/Documents/github/Spirals/Media/data/cluster/endsim/BehaviorSearch/Step6_Trial""","true","0.30000000000000004","1","8","1","true","true","0.155502959636484","4","0.0859771357102265"
"1","1448","1000","1","""HK""","0.02","false","""normal""","1","""constant""","0.1","""Scale-free""","2","0","1","""uniform""","""deterministic-normal""","40","-0.5","0","""normal""","-0.5","0.9","false","""/home/ramaswamy.51/Documents/github/Spirals/Media/data/cluster/endsim/BehaviorSearch/Step6_Trial""","true","0.2","1","8","0.8","true","true","0.12954456851922297","4","0.0859771357102265"
"1","1452","1000","1","""HK""","0.04","false","""normal""","1","""constant""","0.1","""Scale-free""","2","0","1","""uniform""","""deterministic-normal""","40","-0.8","0","""normal""","0.10000000000000009","0.9","false","""/home/ramaswamy.51/Documents/github/Spirals/Media/data/cluster/endsim/BehaviorSearch/Step6_Trial""","true","0.30000000000000004","1","4","0.9000000000000001","true","true","0.10755900657934953","4","0.0859771357102265"
"1","1456","1000","1","""HK""","0.03","false","""normal""","1","""constant""","0.1","""Scale-free""","2","0","1","""uniform""","""deterministic-normal""","40","-0.8","0.1","""normal""","0","0.9","false","""/home/ramaswamy.51/Documents/github/Spirals/Media/data/cluster/endsim/BehaviorSearch/Step6_Trial""","true","0.30000000000000004","1","7","0.6000000000000001","true","true","0.10751659671229473","4","0.0859771357102265"
"1","1460","1000","1","""HK""","0.03","false","""normal""","1","""constant""","0.1","""Scale-free""","2","0","1","""uniform""","""deterministic-normal""","45","-0.3999999999999999","0","""normal""","0.10000000000000009","0.9","false","""/home/ramaswamy.51/Documents/github/Spirals/Media/data/cluster/endsim/BehaviorSearch/Step6_Trial""","true","0.2","1","5","0.40000000000000013","true","true","0.09099981015634376","4","0.0859771357102265"
"1","1464","1000","1","""HK""","0.03","false","""normal""","1","""constant""","0.2","""Scale-free""","1","0","1","""uniform""","""deterministic-normal""","40","-0.29999999999999993","0.2","""normal""","0","0.9","false","""/home/ramaswamy.51/Documents/github/Spirals/Media/data/cluster/endsim/BehaviorSearch/Step6_Trial""","true","0.30000000000000004","0.9","7","0.7000000000000002","true","true","0.16121940441744295","4","0.0859771357102265"
"1","1468","1000","1","""HK""","0.05","false","""normal""","1","""constant""","0.1","""Scale-free""","2","0","1","""uniform""","""deterministic-normal""","40","0","0.2","""normal""","-0.09999999999999998","0.9","false","""/home/ramaswamy.51/Documents/github/Spirals/Media/data/cluster/endsim/BehaviorSearch/Step6_Trial""","true","0.30000000000000004","0.9","4","0.9000000000000001","true","true","0.09708984069385182","4","0.0859771357102265"
"1","1472","1000","1","""HK""","0.03","false","""normal""","1","""constant""","0","""Scale-free""","2","0","1","""uniform""","""deterministic-normal""","45","-0.7","0.30000000000000004","""normal""","0","0.9","false","""/home/ramaswamy.51/Documents/github/Spirals/Media/data/cluster/endsim/BehaviorSearch/Step6_Trial""","true","0.1","1","7","0.7000000000000002","true","true","0.1505544606230923","4","0.0859771357102265"
"1","1476","1000","1","""HK""","0.03","false","""normal""","1","""constant""","0.1","""Scale-free""","2","0","1","""uniform""","""deterministic-normal""","45","-0.7","0.30000000000000004","""normal""","0","0.9","false","""/home/ramaswamy.51/Documents/github/Spirals/Media/data/cluster/endsim/BehaviorSearch/Step6_Trial""","true","0.2","1","7","0.7000000000000002","true","true","0.09296950869775454","4","0.0859771357102265"
"1","1480","1000","1","""HK""","0.05","false","""normal""","1","""constant""","0.2","""Scale-free""","2","0","1","""uniform""","""deterministic-normal""","40","-0.8","0","""normal""","0.20000000000000018","0.9","false","""/home/ramaswamy.51/Documents/github/Spirals/Media/data/cluster/endsim/BehaviorSearch/Step6_Trial""","true","0.30000000000000004","0.9","4","0.9000000000000001","true","true","0.17094127602254558","4","0.0859771357102265"
"1","1484","1000","1","""HK""","0.05","false","""normal""","1","""constant""","0.2","""Scale-free""","2","0","1","""uniform""","""deterministic-normal""","35","-0.8","0.1","""normal""","-0.19999999999999996","0.9","false","""/home/ramaswamy.51/Documents/github/Spirals/Media/data/cluster/endsim/BehaviorSearch/Step6_Trial""","true","0.30000000000000004","0.9","4","0.9000000000000001","true","true","0.15725194903011908","4","0.0859771357102265"
"1","1488","1000","1","""HK""","0.05","false","""normal""","1","""constant""","0.1","""Scale-free""","2","0","1","""uniform""","""deterministic-normal""","40","-1","0","""normal""","0","0.8","false","""/home/ramaswamy.51/Documents/github/Spirals/Media/data/cluster/endsim/BehaviorSearch/Step6_Trial""","true","0.30000000000000004","1","5","1","true","true","0.10122412419240033","4","0.0859771357102265"
"1","1492","1000","1","""HK""","0.03","false","""normal""","1","""constant""","0.1","""Scale-free""","2","0","1","""uniform""","""deterministic-normal""","40","-0.3999999999999999","0.2","""normal""","-0.09999999999999998","0.9","false","""/home/ramaswamy.51/Documents/github/Spirals/Media/data/cluster/endsim/BehaviorSearch/Step6_Trial""","true","0.2","1","5","1","true","true","0.08531905946246672","4","0.08531905946246672"
"1","1496","1000","1","""HK""","0.03","false","""normal""","1","""constant""","0.1","""Scale-free""","2","0","1","""uniform""","""deterministic-normal""","40","-0.3999999999999999","0.2","""normal""","-0.09999999999999998","0.9","false","""/home/ramaswamy.51/Documents/github/Spirals/Media/data/cluster/endsim/BehaviorSearch/Step6_Trial""","true","0.2","1","4","0.7000000000000002","true","true","0.0985983996398328","4","0.08531905946246672"
"1","1500","1000","1","""HK""","0.03","false","""normal""","1","""constant""","0.1","""Scale-free""","2","0","1","""uniform""","""deterministic-normal""","40","-0.29999999999999993","0.2","""normal""","0","0.9","false","""/home/ramaswamy.51/Documents/github/Spirals/Media/data/cluster/endsim/BehaviorSearch/Step6_Trial""","true","0.1","1","7","0.7000000000000002","true","true","0.09683292905292738","4","0.08531905946246672"
