"search-number","evaluation","evals-requested-so-far","number_of_agents*","number_of_opinion_dimensions*","model*","boundary_mean*","set-seed?*","boundary_distribution*","conformity_mean*","conformity_distribution*","boundary_std*","network_type*","scale_free_degree*","scale_free_selection-mu*","scale_free_selection-sigma*","scale_free_selection-distribution*","media_house_distribution*","number_of_media_houses*","media_house_distribution_normal_mean*","media_house_distribution_normal_std*","opinion_distribution*","opinion_mean*","opinion_std*","save_end_sim_data*","endsimdirectory*","use_media_influence_factor?*","media_influence_factor*","silence_alpha*","silence_tau*","silence_delta0*","classify_proponents_by_boundary?*","use_silence?*","random-seed","min-result","max-result","mean-result","stdev-result","final-step-result"
"1","1","200","100","1","""HK""","0.01","false","""normal""","1","""constant""","0","""Scale-free""","1","0","1","""uniform""","""deterministic-normal""","25","0.6000000000000001","0.87","""normal""","-0.19999999999999996","0.4","false","""/home/ramaswamy.51/Documents/github/Spirals/Media/data/cluster/endsim/BehaviorSearch/Step6""","true","0","1","4","-0.8","true","false","""-1964139504""","0.24979230570401992","0.24979230570401992","0.24979230570401992","0","0.24979230570401992"
"1","2","200","100","1","""HK""","0.01","false","""normal""","1","""constant""","0","""Scale-free""","1","0","1","""uniform""","""deterministic-normal""","25","0.6000000000000001","0.87","""normal""","-0.19999999999999996","0.4","false","""/home/ramaswamy.51/Documents/github/Spirals/Media/data/cluster/endsim/BehaviorSearch/Step6""","true","0","1","4","-0.8","true","false","""862835646""","0.24584304795153356","0.24584304795153356","0.24584304795153356","0","0.24584304795153356"
"1","3","200","100","1","""HK""","0.01","false","""normal""","1","""constant""","0","""Scale-free""","1","0","1","""uniform""","""deterministic-normal""","25","0.6000000000000001","0.87","""normal""","-0.19999999999999996","0.4","false","""/home/ramaswamy.51/Documents/github/Spirals/Media/data/cluster/endsim/BehaviorSearch/Step6""","true","0","1","4","-0.8","true","false","""-739904880""","0.19291776710723985","0.19291776710723985","0.19291776710723985","0","0.19291776710723985"
"1","4","200","100","1","""HK""","0.01","false","""normal""","1","""constant""","0","""Scale-free""","1","0","1","""uniform""","""deterministic-normal""","25","0.6000000000000001","0.87","""normal""","-0.19999999999999996","0.4","false","""/home/ramaswamy.51/Documents/github/Spirals/Media/data/cluster/endsim/BehaviorSearch/Step6""","true","0","1","4","-0.8","true","false","""-1019749338""","0.2247922608160196","0.2247922608160196","0.2247922608160196","0","0.2247922608160196"
"1","5","200","100","1","""HK""","0.01","false","""normal""","1","""constant""","0.30000000000000004","""Scale-free""","2","0","1","""uniform""","""deterministic-normal""","45","0.6000000000000001","0.6","""normal""","0.9000000000000001","0.6000000000000001","false","""/home/ramaswamy.51/Documents/github/Spirals/Media/data/cluster/endsim/BehaviorSearch/Step6""","true","0.30000000000000004","1","0","1","true","false","""-739338405""","0.4940776341343768","0.4940776341343768","0.4940776341343768","0","0.4940776341343768"
"1","6","200","100","1","""HK""","0.01","false","""normal""","1","""constant""","0.30000000000000004","""Scale-free""","2","0","1","""uniform""","""deterministic-normal""","45","0.6000000000000001","0.6","""normal""","0.9000000000000001","0.6000000000000001","false","""/home/ramaswamy.51/Documents/github/Spirals/Media/data/cluster/endsim/BehaviorSearch/Step6""","true","0.30000000000000004","1","0","1","true","false","""-905723191""","0.47849290943990047","0.47849290943990047","0.47849290943990047","0","0.47849290943990047"
"1","7","200","100","1","""HK""","0.01","false","""normal""","1","""constant""","0.30000000000000004","""Scale-free""","2","0","1","""uniform""","""deterministic-normal""","45","0.6000000000000001","0.6","""normal""","0.9000000000000001","0.6000000000000001","false","""/home/ramaswamy.51/Documents/github/Spirals/Media/data/cluster/endsim/BehaviorSearch/Step6""","true","0.30000000000000004","1","0","1","true","false","""384219527""","0.5095184510641297","0.5095184510641297","0.5095184510641297","0","0.5095184510641297"
"1","8","200","100","1","""HK""","0.01","false","""normal""","1","""constant""","0.30000000000000004","""Scale-free""","2","0","1","""uniform""","""deterministic-normal""","45","0.6000000000000001","0.6","""normal""","0.9000000000000001","0.6000000000000001","false","""/home/ramaswamy.51/Documents/github/Spirals/Media/data/cluster/endsim/BehaviorSearch/Step6""","true","0.30000000000000004","1","0","1","true","false","""-2079931247""","0.4954117363056413","0.4954117363056413","0.4954117363056413","0","0.4954117363056413"
"1","9","200","100","1","""HK""","0.01","false","""normal""","1","""constant""","0","""Scale-free""","1","0","1","""uniform""","""deterministic-normal""","45","0.7000000000000002","0.5","""normal""","0.8","0.30000000000000004","false","""/home/ramaswamy.51/Documents/github/Spirals/Media/data/cluster/endsim/BehaviorSearch/Step6""","true","0.5","1","5","0.9000000000000001","true","true","""-1518791305""","0.4938865143085464","0.4938865143085464","0.4938865143085464","0","0.4938865143085464"
"1","10","200","100","1","""HK""","0.01","false","""normal""","1","""constant""","0","""Scale-free""","1","0","1","""uniform""","""deterministic-normal""","45","0.7000000000000002","0.5","""normal""","0.8","0.30000000000000004","false","""/home/ramaswamy.51/Documents/github/Spirals/Media/data/cluster/endsim/BehaviorSearch/Step6""","true","0.5","1","5","0.9000000000000001","true","true","""-2023706230""","0.47160766132808585","0.47160766132808585","0.47160766132808585","0","0.47160766132808585"
"1","11","200","100","1","""HK""","0.01","false","""normal""","1","""constant""","0","""Scale-free""","1","0","1","""uniform""","""deterministic-normal""","45","0.7000000000000002","0.5","""normal""","0.8","0.30000000000000004","false","""/home/ramaswamy.51/Documents/github/Spirals/Media/data/cluster/endsim/BehaviorSearch/Step6""","true","0.5","1","5","0.9000000000000001","true","true","""1584411668""","0.47160766132808585","0.47160766132808585","0.47160766132808585","0","0.47160766132808585"
"1","12","200","100","1","""HK""","0.01","false","""normal""","1","""constant""","0","""Scale-free""","1","0","1","""uniform""","""deterministic-normal""","45","0.7000000000000002","0.5","""normal""","0.8","0.30000000000000004","false","""/home/ramaswamy.51/Documents/github/Spirals/Media/data/cluster/endsim/BehaviorSearch/Step6""","true","0.5","1","5","0.9000000000000001","true","true","""1275454999""","0.47160766132808585","0.47160766132808585","0.47160766132808585","0","0.47160766132808585"
"1","13","200","100","1","""HK""","0.43","false","""normal""","1","""constant""","0.4","""Scale-free""","5","0","1","""uniform""","""deterministic-normal""","40","0.20000000000000018","0.47000000000000003","""normal""","0.30000000000000004","0.4","false","""/home/ramaswamy.51/Documents/github/Spirals/Media/data/cluster/endsim/BehaviorSearch/Step6""","true","0.4","1","9","0.10000000000000009","true","false","""73496993""","0.5095184510641297","0.5095184510641297","0.5095184510641297","0","0.5095184510641297"
"1","14","200","100","1","""HK""","0.43","false","""normal""","1","""constant""","0.4","""Scale-free""","5","0","1","""uniform""","""deterministic-normal""","40","0.20000000000000018","0.47000000000000003","""normal""","0.30000000000000004","0.4","false","""/home/ramaswamy.51/Documents/github/Spirals/Media/data/cluster/endsim/BehaviorSearch/Step6""","true","0.4","1","9","0.10000000000000009","true","false","""1173503399""","0.5095184510641297","0.5095184510641297","0.5095184510641297","0","0.5095184510641297"
"1","15","200","100","1","""HK""","0.43","false","""normal""","1","""constant""","0.4","""Scale-free""","5","0","1","""uniform""","""deterministic-normal""","40","0.20000000000000018","0.47000000000000003","""normal""","0.30000000000000004","0.4","false","""/home/ramaswamy.51/Documents/github/Spirals/Media/data/cluster/endsim/BehaviorSearch/Step6""","true","0.4","1","9","0.10000000000000009","true","false","""-514672508""","0.5095184510641297","0.5095184510641297","0.5095184510641297","0","0.5095184510641297"
"1","16","200","100","1","""HK""","0.43","false","""normal""","1","""constant""","0.4","""Scale-free""","5","0","1","""uniform""","""deterministic-normal""","40","0.20000000000000018","0.47000000000000003","""normal""","0.30000000000000004","0.4","false","""/home/ramaswamy.51/Documents/github/Spirals/Media/data/cluster/endsim/BehaviorSearch/Step6""","true","0.4","1","9","0.10000000000000009","true","false","""167872851""","0.4938865143085464","0.4938865143085464","0.4938865143085464","0","0.4938865143085464"
"1","17","200","100","1","""HK""","0.01","false","""normal""","1","""constant""","0.1","""Scale-free""","3","0","1","""uniform""","""deterministic-normal""","45","-0.8","0.07","""normal""","0.9000000000000001","0.7000000000000001","false","""/home/ramaswamy.51/Documents/github/Spirals/Media/data/cluster/endsim/BehaviorSearch/Step6""","true","0.8","0.5","10","-0.9","true","false","""1267607687""","0.4863139680011776","0.4863139680011776","0.4863139680011776","0","0.4863139680011776"
"1","18","200","100","1","""HK""","0.01","false","""normal""","1","""constant""","0.1","""Scale-free""","3","0","1","""uniform""","""deterministic-normal""","45","-0.8","0.07","""normal""","0.9000000000000001","0.7000000000000001","false","""/home/ramaswamy.51/Documents/github/Spirals/Media/data/cluster/endsim/BehaviorSearch/Step6""","true","0.8","0.5","10","-0.9","true","false","""1019650345""","0.5485547032445618","0.5485547032445618","0.5485547032445618","0","0.5485547032445618"
"1","19","200","100","1","""HK""","0.01","false","""normal""","1","""constant""","0.1","""Scale-free""","3","0","1","""uniform""","""deterministic-normal""","45","-0.8","0.07","""normal""","0.9000000000000001","0.7000000000000001","false","""/home/ramaswamy.51/Documents/github/Spirals/Media/data/cluster/endsim/BehaviorSearch/Step6""","true","0.8","0.5","10","-0.9","true","false","""1727208759""","0.44953657203570097","0.44953657203570097","0.44953657203570097","0","0.44953657203570097"
"1","20","200","100","1","""HK""","0.01","false","""normal""","1","""constant""","0.1","""Scale-free""","3","0","1","""uniform""","""deterministic-normal""","45","-0.8","0.07","""normal""","0.9000000000000001","0.7000000000000001","false","""/home/ramaswamy.51/Documents/github/Spirals/Media/data/cluster/endsim/BehaviorSearch/Step6""","true","0.8","0.5","10","-0.9","true","false","""2137224413""","0.5319878172890218","0.5319878172890218","0.5319878172890218","0","0.5319878172890218"
"1","21","200","100","1","""HK""","0.01","false","""normal""","1","""constant""","0.5","""Scale-free""","2","0","1","""uniform""","""deterministic-normal""","20","-0.6","0.52","""normal""","0.7000000000000002","0.2","false","""/home/ramaswamy.51/Documents/github/Spirals/Media/data/cluster/endsim/BehaviorSearch/Step6""","true","0.5","0.4","9","-0.6","true","false","""-1153000087""","0.43857220212100567","0.43857220212100567","0.43857220212100567","0","0.43857220212100567"
"1","22","200","100","1","""HK""","0.01","false","""normal""","1","""constant""","0.5","""Scale-free""","2","0","1","""uniform""","""deterministic-normal""","20","-0.6","0.52","""normal""","0.7000000000000002","0.2","false","""/home/ramaswamy.51/Documents/github/Spirals/Media/data/cluster/endsim/BehaviorSearch/Step6""","true","0.5","0.4","9","-0.6","true","false","""-105856927""","0.42779366955676434","0.42779366955676434","0.42779366955676434","0","0.42779366955676434"
"1","23","200","100","1","""HK""","0.01","false","""normal""","1","""constant""","0.5","""Scale-free""","2","0","1","""uniform""","""deterministic-normal""","20","-0.6","0.52","""normal""","0.7000000000000002","0.2","false","""/home/ramaswamy.51/Documents/github/Spirals/Media/data/cluster/endsim/BehaviorSearch/Step6""","true","0.5","0.4","9","-0.6","true","false","""558773575""","0.39633159278272523","0.39633159278272523","0.39633159278272523","0","0.39633159278272523"
"1","24","200","100","1","""HK""","0.01","false","""normal""","1","""constant""","0.5","""Scale-free""","2","0","1","""uniform""","""deterministic-normal""","20","-0.6","0.52","""normal""","0.7000000000000002","0.2","false","""/home/ramaswamy.51/Documents/github/Spirals/Media/data/cluster/endsim/BehaviorSearch/Step6""","true","0.5","0.4","9","-0.6","true","false","""-14686396""","0.3940419823078919","0.3940419823078919","0.3940419823078919","0","0.3940419823078919"
"1","25","200","100","1","""HK""","0.01","false","""normal""","1","""constant""","0.4","""Scale-free""","4","0","1","""uniform""","""deterministic-normal""","15","0.8","0.51","""normal""","-0.09999999999999998","0.2","false","""/home/ramaswamy.51/Documents/github/Spirals/Media/data/cluster/endsim/BehaviorSearch/Step6""","true","0.5","0.7000000000000001","6","0","true","false","""2032794247""","0.5935885538607304","0.5935885538607304","0.5935885538607304","0","0.5935885538607304"
"1","26","200","100","1","""HK""","0.01","false","""normal""","1","""constant""","0.4","""Scale-free""","4","0","1","""uniform""","""deterministic-normal""","15","0.8","0.51","""normal""","-0.09999999999999998","0.2","false","""/home/ramaswamy.51/Documents/github/Spirals/Media/data/cluster/endsim/BehaviorSearch/Step6""","true","0.5","0.7000000000000001","6","0","true","false","""1029187795""","0.5457914441851857","0.5457914441851857","0.5457914441851857","0","0.5457914441851857"
"1","27","200","100","1","""HK""","0.01","false","""normal""","1","""constant""","0.4","""Scale-free""","4","0","1","""uniform""","""deterministic-normal""","15","0.8","0.51","""normal""","-0.09999999999999998","0.2","false","""/home/ramaswamy.51/Documents/github/Spirals/Media/data/cluster/endsim/BehaviorSearch/Step6""","true","0.5","0.7000000000000001","6","0","true","false","""405982160""","0.41910246693861275","0.41910246693861275","0.41910246693861275","0","0.41910246693861275"
"1","28","200","100","1","""HK""","0.01","false","""normal""","1","""constant""","0.4","""Scale-free""","4","0","1","""uniform""","""deterministic-normal""","15","0.8","0.51","""normal""","-0.09999999999999998","0.2","false","""/home/ramaswamy.51/Documents/github/Spirals/Media/data/cluster/endsim/BehaviorSearch/Step6""","true","0.5","0.7000000000000001","6","0","true","false","""-887860004""","0.41302406583414425","0.41302406583414425","0.41302406583414425","0","0.41302406583414425"
"1","29","200","100","1","""HK""","0.02","false","""normal""","1","""constant""","0","""Scale-free""","2","0","1","""uniform""","""deterministic-normal""","30","0.5","0.99","""normal""","-0.3999999999999999","0.7000000000000001","false","""/home/ramaswamy.51/Documents/github/Spirals/Media/data/cluster/endsim/BehaviorSearch/Step6""","true","0.9","0.2","7","-0.19999999999999996","true","false","""2136417827""","0.31905111482589565","0.31905111482589565","0.31905111482589565","0","0.31905111482589565"
"1","30","200","100","1","""HK""","0.02","false","""normal""","1","""constant""","0","""Scale-free""","2","0","1","""uniform""","""deterministic-normal""","30","0.5","0.99","""normal""","-0.3999999999999999","0.7000000000000001","false","""/home/ramaswamy.51/Documents/github/Spirals/Media/data/cluster/endsim/BehaviorSearch/Step6""","true","0.9","0.2","7","-0.19999999999999996","true","false","""1425224027""","0.31055254158457524","0.31055254158457524","0.31055254158457524","0","0.31055254158457524"
"1","31","200","100","1","""HK""","0.02","false","""normal""","1","""constant""","0","""Scale-free""","2","0","1","""uniform""","""deterministic-normal""","30","0.5","0.99","""normal""","-0.3999999999999999","0.7000000000000001","false","""/home/ramaswamy.51/Documents/github/Spirals/Media/data/cluster/endsim/BehaviorSearch/Step6""","true","0.9","0.2","7","-0.19999999999999996","true","false","""-1261121621""","0.30450428210147107","0.30450428210147107","0.30450428210147107","0","0.30450428210147107"
"1","32","200","100","1","""HK""","0.02","false","""normal""","1","""constant""","0","""Scale-free""","2","0","1","""uniform""","""deterministic-normal""","30","0.5","0.99","""normal""","-0.3999999999999999","0.7000000000000001","false","""/home/ramaswamy.51/Documents/github/Spirals/Media/data/cluster/endsim/BehaviorSearch/Step6""","true","0.9","0.2","7","-0.19999999999999996","true","false","""-510627407""","0.305754608195139","0.305754608195139","0.305754608195139","0","0.305754608195139"
"1","33","200","100","1","""HK""","0.01","false","""normal""","1","""constant""","0.2","""Scale-free""","4","0","1","""uniform""","""deterministic-normal""","20","0.40000000000000013","0.9","""normal""","0.20000000000000018","1","false","""/home/ramaswamy.51/Documents/github/Spirals/Media/data/cluster/endsim/BehaviorSearch/Step6""","true","0.7000000000000001","0.2","7","-1","true","true","""1611450732""","0.4129950281816722","0.4129950281816722","0.4129950281816722","0","0.4129950281816722"
"1","34","200","100","1","""HK""","0.01","false","""normal""","1","""constant""","0.2","""Scale-free""","4","0","1","""uniform""","""deterministic-normal""","20","0.40000000000000013","0.9","""normal""","0.20000000000000018","1","false","""/home/ramaswamy.51/Documents/github/Spirals/Media/data/cluster/endsim/BehaviorSearch/Step6""","true","0.7000000000000001","0.2","7","-1","true","true","""61988399""","0.35331411666649337","0.35331411666649337","0.35331411666649337","0","0.35331411666649337"
"1","35","200","100","1","""HK""","0.01","false","""normal""","1","""constant""","0.2","""Scale-free""","4","0","1","""uniform""","""deterministic-normal""","20","0.40000000000000013","0.9","""normal""","0.20000000000000018","1","false","""/home/ramaswamy.51/Documents/github/Spirals/Media/data/cluster/endsim/BehaviorSearch/Step6""","true","0.7000000000000001","0.2","7","-1","true","true","""-294915891""","0.3661573705864942","0.3661573705864942","0.3661573705864942","0","0.3661573705864942"
"1","36","200","100","1","""HK""","0.01","false","""normal""","1","""constant""","0.2","""Scale-free""","4","0","1","""uniform""","""deterministic-normal""","20","0.40000000000000013","0.9","""normal""","0.20000000000000018","1","false","""/home/ramaswamy.51/Documents/github/Spirals/Media/data/cluster/endsim/BehaviorSearch/Step6""","true","0.7000000000000001","0.2","7","-1","true","true","""1712260613""","0.39556800167032147","0.39556800167032147","0.39556800167032147","0","0.39556800167032147"
"1","37","200","100","1","""HK""","0.01","false","""normal""","1","""constant""","0.4","""Scale-free""","4","0","1","""uniform""","""deterministic-normal""","20","0.7000000000000002","0.56","""normal""","0.8","0.4","false","""/home/ramaswamy.51/Documents/github/Spirals/Media/data/cluster/endsim/BehaviorSearch/Step6""","true","0.7000000000000001","0.2","0","-0.8","true","false","""431753600""","0.5567990296455789","0.5567990296455789","0.5567990296455789","0","0.5567990296455789"
"1","38","200","100","1","""HK""","0.01","false","""normal""","1","""constant""","0.4","""Scale-free""","4","0","1","""uniform""","""deterministic-normal""","20","0.7000000000000002","0.56","""normal""","0.8","0.4","false","""/home/ramaswamy.51/Documents/github/Spirals/Media/data/cluster/endsim/BehaviorSearch/Step6""","true","0.7000000000000001","0.2","0","-0.8","true","false","""1521822021""","0.5928375143842369","0.5928375143842369","0.5928375143842369","0","0.5928375143842369"
"1","39","200","100","1","""HK""","0.01","false","""normal""","1","""constant""","0.4","""Scale-free""","4","0","1","""uniform""","""deterministic-normal""","20","0.7000000000000002","0.56","""normal""","0.8","0.4","false","""/home/ramaswamy.51/Documents/github/Spirals/Media/data/cluster/endsim/BehaviorSearch/Step6""","true","0.7000000000000001","0.2","0","-0.8","true","false","""-1286442620""","0.5666410477951721","0.5666410477951721","0.5666410477951721","0","0.5666410477951721"
"1","40","200","100","1","""HK""","0.01","false","""normal""","1","""constant""","0.4","""Scale-free""","4","0","1","""uniform""","""deterministic-normal""","20","0.7000000000000002","0.56","""normal""","0.8","0.4","false","""/home/ramaswamy.51/Documents/github/Spirals/Media/data/cluster/endsim/BehaviorSearch/Step6""","true","0.7000000000000001","0.2","0","-0.8","true","false","""106749413""","0.5810623958275776","0.5810623958275776","0.5810623958275776","0","0.5810623958275776"
"1","41","200","100","1","""HK""","0.02","false","""normal""","1","""constant""","0.30000000000000004","""Scale-free""","2","0","1","""uniform""","""deterministic-normal""","30","-1","0.92","""normal""","-0.6","0.9","false","""/home/ramaswamy.51/Documents/github/Spirals/Media/data/cluster/endsim/BehaviorSearch/Step6""","true","0.2","0.7000000000000001","10","0","true","true","""891531978""","0.46000622884452075","0.46000622884452075","0.46000622884452075","0","0.46000622884452075"
"1","42","200","100","1","""HK""","0.02","false","""normal""","1","""constant""","0.30000000000000004","""Scale-free""","2","0","1","""uniform""","""deterministic-normal""","30","-1","0.92","""normal""","-0.6","0.9","false","""/home/ramaswamy.51/Documents/github/Spirals/Media/data/cluster/endsim/BehaviorSearch/Step6""","true","0.2","0.7000000000000001","10","0","true","true","""145022945""","0.4130155573967385","0.4130155573967385","0.4130155573967385","0","0.4130155573967385"
"1","43","200","100","1","""HK""","0.02","false","""normal""","1","""constant""","0.30000000000000004","""Scale-free""","2","0","1","""uniform""","""deterministic-normal""","30","-1","0.92","""normal""","-0.6","0.9","false","""/home/ramaswamy.51/Documents/github/Spirals/Media/data/cluster/endsim/BehaviorSearch/Step6""","true","0.2","0.7000000000000001","10","0","true","true","""809093065""","0.4701116482536663","0.4701116482536663","0.4701116482536663","0","0.4701116482536663"
"1","44","200","100","1","""HK""","0.02","false","""normal""","1","""constant""","0.30000000000000004","""Scale-free""","2","0","1","""uniform""","""deterministic-normal""","30","-1","0.92","""normal""","-0.6","0.9","false","""/home/ramaswamy.51/Documents/github/Spirals/Media/data/cluster/endsim/BehaviorSearch/Step6""","true","0.2","0.7000000000000001","10","0","true","true","""1169379716""","0.47251759388628334","0.47251759388628334","0.47251759388628334","0","0.47251759388628334"
"1","45","200","100","1","""HK""","0.02","false","""normal""","1","""constant""","0.1","""Scale-free""","4","0","1","""uniform""","""deterministic-normal""","45","-1","0.99","""normal""","0.9000000000000001","0.7000000000000001","false","""/home/ramaswamy.51/Documents/github/Spirals/Media/data/cluster/endsim/BehaviorSearch/Step6""","true","0.30000000000000004","0.6000000000000001","2","-0.19999999999999996","true","true","""386548734""","0.3786961134900729","0.3786961134900729","0.3786961134900729","0","0.3786961134900729"
"1","46","200","100","1","""HK""","0.02","false","""normal""","1","""constant""","0.1","""Scale-free""","4","0","1","""uniform""","""deterministic-normal""","45","-1","0.99","""normal""","0.9000000000000001","0.7000000000000001","false","""/home/ramaswamy.51/Documents/github/Spirals/Media/data/cluster/endsim/BehaviorSearch/Step6""","true","0.30000000000000004","0.6000000000000001","2","-0.19999999999999996","true","true","""-971123941""","0.3799601758495073","0.3799601758495073","0.3799601758495073","0","0.3799601758495073"
"1","47","200","100","1","""HK""","0.02","false","""normal""","1","""constant""","0.1","""Scale-free""","4","0","1","""uniform""","""deterministic-normal""","45","-1","0.99","""normal""","0.9000000000000001","0.7000000000000001","false","""/home/ramaswamy.51/Documents/github/Spirals/Media/data/cluster/endsim/BehaviorSearch/Step6""","true","0.30000000000000004","0.6000000000000001","2","-0.19999999999999996","true","true","""-1652283440""","0.4070907641957057","0.4070907641957057","0.4070907641957057","0","0.4070907641957057"
"1","48","200","100","1","""HK""","0.02","false","""normal""","1","""constant""","0.1","""Scale-free""","4","0","1","""uniform""","""deterministic-normal""","45","-1","0.99","""normal""","0.9000000000000001","0.7000000000000001","false","""/home/ramaswamy.51/Documents/github/Spirals/Media/data/cluster/endsim/BehaviorSearch/Step6""","true","0.30000000000000004","0.6000000000000001","2","-0.19999999999999996","true","true","""-275598244""","0.38878273415039954","0.38878273415039954","0.38878273415039954","0","0.38878273415039954"
"1","49","200","100","1","""HK""","0.02","false","""normal""","1","""constant""","0.4","""Scale-free""","3","0","1","""uniform""","""deterministic-normal""","35","-0.19999999999999996","0.8","""normal""","-0.09999999999999998","1","false","""/home/ramaswamy.51/Documents/github/Spirals/Media/data/cluster/endsim/BehaviorSearch/Step6""","true","0.6000000000000001","0.7000000000000001","9","0.5","true","false","""-1791060447""","0.4940776341343768","0.4940776341343768","0.4940776341343768","0","0.4940776341343768"
"1","50","200","100","1","""HK""","0.02","false","""normal""","1","""constant""","0.4","""Scale-free""","3","0","1","""uniform""","""deterministic-normal""","35","-0.19999999999999996","0.8","""normal""","-0.09999999999999998","1","false","""/home/ramaswamy.51/Documents/github/Spirals/Media/data/cluster/endsim/BehaviorSearch/Step6""","true","0.6000000000000001","0.7000000000000001","9","0.5","true","false","""773492116""","0.49459628361939995","0.49459628361939995","0.49459628361939995","0","0.49459628361939995"
"1","51","200","100","1","""HK""","0.02","false","""normal""","1","""constant""","0.4","""Scale-free""","3","0","1","""uniform""","""deterministic-normal""","35","-0.19999999999999996","0.8","""normal""","-0.09999999999999998","1","false","""/home/ramaswamy.51/Documents/github/Spirals/Media/data/cluster/endsim/BehaviorSearch/Step6""","true","0.6000000000000001","0.7000000000000001","9","0.5","true","false","""-1772109825""","0.4890130124814763","0.4890130124814763","0.4890130124814763","0","0.4890130124814763"
"1","52","200","100","1","""HK""","0.02","false","""normal""","1","""constant""","0.4","""Scale-free""","3","0","1","""uniform""","""deterministic-normal""","35","-0.19999999999999996","0.8","""normal""","-0.09999999999999998","1","false","""/home/ramaswamy.51/Documents/github/Spirals/Media/data/cluster/endsim/BehaviorSearch/Step6""","true","0.6000000000000001","0.7000000000000001","9","0.5","true","false","""-1370300130""","0.45890873517020975","0.45890873517020975","0.45890873517020975","0","0.45890873517020975"
"1","53","200","100","1","""HK""","0.01","false","""normal""","1","""constant""","0.5","""Scale-free""","3","0","1","""uniform""","""deterministic-normal""","40","0.30000000000000004","0.34","""normal""","0.5","0.30000000000000004","false","""/home/ramaswamy.51/Documents/github/Spirals/Media/data/cluster/endsim/BehaviorSearch/Step6""","true","0.4","0.4","6","0.10000000000000009","true","false","""-1713676809""","0.5095184510641297","0.5095184510641297","0.5095184510641297","0","0.5095184510641297"
"1","54","200","100","1","""HK""","0.01","false","""normal""","1","""constant""","0.5","""Scale-free""","3","0","1","""uniform""","""deterministic-normal""","40","0.30000000000000004","0.34","""normal""","0.5","0.30000000000000004","false","""/home/ramaswamy.51/Documents/github/Spirals/Media/data/cluster/endsim/BehaviorSearch/Step6""","true","0.4","0.4","6","0.10000000000000009","true","false","""-1437235007""","0.4954117363056413","0.4954117363056413","0.4954117363056413","0","0.4954117363056413"
"1","55","200","100","1","""HK""","0.01","false","""normal""","1","""constant""","0.5","""Scale-free""","3","0","1","""uniform""","""deterministic-normal""","40","0.30000000000000004","0.34","""normal""","0.5","0.30000000000000004","false","""/home/ramaswamy.51/Documents/github/Spirals/Media/data/cluster/endsim/BehaviorSearch/Step6""","true","0.4","0.4","6","0.10000000000000009","true","false","""1564193658""","0.5095184510641297","0.5095184510641297","0.5095184510641297","0","0.5095184510641297"
"1","56","200","100","1","""HK""","0.01","false","""normal""","1","""constant""","0.5","""Scale-free""","3","0","1","""uniform""","""deterministic-normal""","40","0.30000000000000004","0.34","""normal""","0.5","0.30000000000000004","false","""/home/ramaswamy.51/Documents/github/Spirals/Media/data/cluster/endsim/BehaviorSearch/Step6""","true","0.4","0.4","6","0.10000000000000009","true","false","""-198374112""","0.4793357581940963","0.4793357581940963","0.4793357581940963","0","0.4793357581940963"
"1","57","200","100","1","""HK""","0.43","false","""normal""","1","""constant""","0.30000000000000004","""Scale-free""","2","0","1","""uniform""","""deterministic-normal""","40","-0.09999999999999998","0.41000000000000003","""normal""","1","0.8","false","""/home/ramaswamy.51/Documents/github/Spirals/Media/data/cluster/endsim/BehaviorSearch/Step6""","true","0.2","0","8","1","true","true","""-1862149175""","0.5095184510641297","0.5095184510641297","0.5095184510641297","0","0.5095184510641297"
"1","58","200","100","1","""HK""","0.43","false","""normal""","1","""constant""","0.30000000000000004","""Scale-free""","2","0","1","""uniform""","""deterministic-normal""","40","-0.09999999999999998","0.41000000000000003","""normal""","1","0.8","false","""/home/ramaswamy.51/Documents/github/Spirals/Media/data/cluster/endsim/BehaviorSearch/Step6""","true","0.2","0","8","1","true","true","""-1432357650""","0.49805988213790975","0.49805988213790975","0.49805988213790975","0","0.49805988213790975"
"1","59","200","100","1","""HK""","0.43","false","""normal""","1","""constant""","0.30000000000000004","""Scale-free""","2","0","1","""uniform""","""deterministic-normal""","40","-0.09999999999999998","0.41000000000000003","""normal""","1","0.8","false","""/home/ramaswamy.51/Documents/github/Spirals/Media/data/cluster/endsim/BehaviorSearch/Step6""","true","0.2","0","8","1","true","true","""460367643""","0.4925410649859387","0.4925410649859387","0.4925410649859387","0","0.4925410649859387"
"1","60","200","100","1","""HK""","0.43","false","""normal""","1","""constant""","0.30000000000000004","""Scale-free""","2","0","1","""uniform""","""deterministic-normal""","40","-0.09999999999999998","0.41000000000000003","""normal""","1","0.8","false","""/home/ramaswamy.51/Documents/github/Spirals/Media/data/cluster/endsim/BehaviorSearch/Step6""","true","0.2","0","8","1","true","true","""794763074""","0.4855554420100332","0.4855554420100332","0.4855554420100332","0","0.4855554420100332"
"1","61","200","100","1","""HK""","0.43","false","""normal""","1","""constant""","0.4","""Scale-free""","4","0","1","""uniform""","""deterministic-normal""","35","0.30000000000000004","0.6","""normal""","0.30000000000000004","1","false","""/home/ramaswamy.51/Documents/github/Spirals/Media/data/cluster/endsim/BehaviorSearch/Step6""","true","0.6000000000000001","0.2","0","-0.5","true","false","""177312168""","0.5095184510641297","0.5095184510641297","0.5095184510641297","0","0.5095184510641297"
"1","62","200","100","1","""HK""","0.43","false","""normal""","1","""constant""","0.4","""Scale-free""","4","0","1","""uniform""","""deterministic-normal""","35","0.30000000000000004","0.6","""normal""","0.30000000000000004","1","false","""/home/ramaswamy.51/Documents/github/Spirals/Media/data/cluster/endsim/BehaviorSearch/Step6""","true","0.6000000000000001","0.2","0","-0.5","true","false","""996677594""","0.5095184510641297","0.5095184510641297","0.5095184510641297","0","0.5095184510641297"
"1","63","200","100","1","""HK""","0.43","false","""normal""","1","""constant""","0.4","""Scale-free""","4","0","1","""uniform""","""deterministic-normal""","35","0.30000000000000004","0.6","""normal""","0.30000000000000004","1","false","""/home/ramaswamy.51/Documents/github/Spirals/Media/data/cluster/endsim/BehaviorSearch/Step6""","true","0.6000000000000001","0.2","0","-0.5","true","false","""-1000213366""","0.5095184510641297","0.5095184510641297","0.5095184510641297","0","0.5095184510641297"
"1","64","200","100","1","""HK""","0.43","false","""normal""","1","""constant""","0.4","""Scale-free""","4","0","1","""uniform""","""deterministic-normal""","35","0.30000000000000004","0.6","""normal""","0.30000000000000004","1","false","""/home/ramaswamy.51/Documents/github/Spirals/Media/data/cluster/endsim/BehaviorSearch/Step6""","true","0.6000000000000001","0.2","0","-0.5","true","false","""905024667""","0.5095184510641297","0.5095184510641297","0.5095184510641297","0","0.5095184510641297"
"1","65","200","100","1","""HK""","0.02","false","""normal""","1","""constant""","0.30000000000000004","""Scale-free""","2","0","1","""uniform""","""deterministic-normal""","45","0.30000000000000004","0.22","""normal""","0","0","false","""/home/ramaswamy.51/Documents/github/Spirals/Media/data/cluster/endsim/BehaviorSearch/Step6""","true","0.2","0.6000000000000001","2","-1","true","false","""-606362897""","0.5095184510641297","0.5095184510641297","0.5095184510641297","0","0.5095184510641297"
"1","66","200","100","1","""HK""","0.02","false","""normal""","1","""constant""","0.30000000000000004","""Scale-free""","2","0","1","""uniform""","""deterministic-normal""","45","0.30000000000000004","0.22","""normal""","0","0","false","""/home/ramaswamy.51/Documents/github/Spirals/Media/data/cluster/endsim/BehaviorSearch/Step6""","true","0.2","0.6000000000000001","2","-1","true","false","""-1551612022""","0.5095184510641297","0.5095184510641297","0.5095184510641297","0","0.5095184510641297"
"1","67","200","100","1","""HK""","0.02","false","""normal""","1","""constant""","0.30000000000000004","""Scale-free""","2","0","1","""uniform""","""deterministic-normal""","45","0.30000000000000004","0.22","""normal""","0","0","false","""/home/ramaswamy.51/Documents/github/Spirals/Media/data/cluster/endsim/BehaviorSearch/Step6""","true","0.2","0.6000000000000001","2","-1","true","false","""-822035848""","0.5095184510641297","0.5095184510641297","0.5095184510641297","0","0.5095184510641297"
"1","68","200","100","1","""HK""","0.02","false","""normal""","1","""constant""","0.30000000000000004","""Scale-free""","2","0","1","""uniform""","""deterministic-normal""","45","0.30000000000000004","0.22","""normal""","0","0","false","""/home/ramaswamy.51/Documents/github/Spirals/Media/data/cluster/endsim/BehaviorSearch/Step6""","true","0.2","0.6000000000000001","2","-1","true","false","""-1411402238""","0.5095184510641297","0.5095184510641297","0.5095184510641297","0","0.5095184510641297"
"1","69","200","100","1","""HK""","0.01","false","""normal""","1","""constant""","0.30000000000000004","""Scale-free""","2","0","1","""uniform""","""deterministic-normal""","50","-1","0.37","""normal""","-0.19999999999999996","0.9","false","""/home/ramaswamy.51/Documents/github/Spirals/Media/data/cluster/endsim/BehaviorSearch/Step6""","true","0.1","0.9","6","0.10000000000000009","true","true","""751288641""","0.3283085176411484","0.3283085176411484","0.3283085176411484","0","0.3283085176411484"
"1","70","200","100","1","""HK""","0.01","false","""normal""","1","""constant""","0.30000000000000004","""Scale-free""","2","0","1","""uniform""","""deterministic-normal""","50","-1","0.37","""normal""","-0.19999999999999996","0.9","false","""/home/ramaswamy.51/Documents/github/Spirals/Media/data/cluster/endsim/BehaviorSearch/Step6""","true","0.1","0.9","6","0.10000000000000009","true","true","""1754085408""","0.3402627347913466","0.3402627347913466","0.3402627347913466","0","0.3402627347913466"
"1","71","200","100","1","""HK""","0.01","false","""normal""","1","""constant""","0.30000000000000004","""Scale-free""","2","0","1","""uniform""","""deterministic-normal""","50","-1","0.37","""normal""","-0.19999999999999996","0.9","false","""/home/ramaswamy.51/Documents/github/Spirals/Media/data/cluster/endsim/BehaviorSearch/Step6""","true","0.1","0.9","6","0.10000000000000009","true","true","""-2097082717""","0.3527251603485597","0.3527251603485597","0.3527251603485597","0","0.3527251603485597"
"1","72","200","100","1","""HK""","0.01","false","""normal""","1","""constant""","0.30000000000000004","""Scale-free""","2","0","1","""uniform""","""deterministic-normal""","50","-1","0.37","""normal""","-0.19999999999999996","0.9","false","""/home/ramaswamy.51/Documents/github/Spirals/Media/data/cluster/endsim/BehaviorSearch/Step6""","true","0.1","0.9","6","0.10000000000000009","true","true","""-1688822494""","0.344598543300272","0.344598543300272","0.344598543300272","0","0.344598543300272"
"1","73","200","100","1","""HK""","0.01","false","""normal""","1","""constant""","0","""Scale-free""","2","0","1","""uniform""","""deterministic-normal""","30","-0.8","0.36","""normal""","-0.19999999999999996","0.1","false","""/home/ramaswamy.51/Documents/github/Spirals/Media/data/cluster/endsim/BehaviorSearch/Step6""","true","0.30000000000000004","0.1","5","0.5","true","false","""-1570525389""","0.44880550197823704","0.44880550197823704","0.44880550197823704","0","0.44880550197823704"
"1","74","200","100","1","""HK""","0.01","false","""normal""","1","""constant""","0","""Scale-free""","2","0","1","""uniform""","""deterministic-normal""","30","-0.8","0.36","""normal""","-0.19999999999999996","0.1","false","""/home/ramaswamy.51/Documents/github/Spirals/Media/data/cluster/endsim/BehaviorSearch/Step6""","true","0.30000000000000004","0.1","5","0.5","true","false","""1597204764""","0.4520115453074946","0.4520115453074946","0.4520115453074946","0","0.4520115453074946"
"1","75","200","100","1","""HK""","0.01","false","""normal""","1","""constant""","0","""Scale-free""","2","0","1","""uniform""","""deterministic-normal""","30","-0.8","0.36","""normal""","-0.19999999999999996","0.1","false","""/home/ramaswamy.51/Documents/github/Spirals/Media/data/cluster/endsim/BehaviorSearch/Step6""","true","0.30000000000000004","0.1","5","0.5","true","false","""2078378454""","0.44405995149160293","0.44405995149160293","0.44405995149160293","0","0.44405995149160293"
"1","76","200","100","1","""HK""","0.01","false","""normal""","1","""constant""","0","""Scale-free""","2","0","1","""uniform""","""deterministic-normal""","30","-0.8","0.36","""normal""","-0.19999999999999996","0.1","false","""/home/ramaswamy.51/Documents/github/Spirals/Media/data/cluster/endsim/BehaviorSearch/Step6""","true","0.30000000000000004","0.1","5","0.5","true","false","""-1925208840""","0.4470456729815967","0.4470456729815967","0.4470456729815967","0","0.4470456729815967"
"1","77","200","100","1","""HK""","0.01","false","""normal""","1","""constant""","0.4","""Scale-free""","4","0","1","""uniform""","""deterministic-normal""","50","-0.19999999999999996","0.96","""normal""","0.6000000000000001","0.4","false","""/home/ramaswamy.51/Documents/github/Spirals/Media/data/cluster/endsim/BehaviorSearch/Step6""","true","0.2","0.9","0","-0.3999999999999999","true","true","""-1356455792""","0.4817306337102418","0.4817306337102418","0.4817306337102418","0","0.4817306337102418"
"1","78","200","100","1","""HK""","0.01","false","""normal""","1","""constant""","0.4","""Scale-free""","4","0","1","""uniform""","""deterministic-normal""","50","-0.19999999999999996","0.96","""normal""","0.6000000000000001","0.4","false","""/home/ramaswamy.51/Documents/github/Spirals/Media/data/cluster/endsim/BehaviorSearch/Step6""","true","0.2","0.9","0","-0.3999999999999999","true","true","""129342589""","0.4890130124814763","0.4890130124814763","0.4890130124814763","0","0.4890130124814763"
"1","79","200","100","1","""HK""","0.01","false","""normal""","1","""constant""","0.4","""Scale-free""","4","0","1","""uniform""","""deterministic-normal""","50","-0.19999999999999996","0.96","""normal""","0.6000000000000001","0.4","false","""/home/ramaswamy.51/Documents/github/Spirals/Media/data/cluster/endsim/BehaviorSearch/Step6""","true","0.2","0.9","0","-0.3999999999999999","true","true","""-2137519749""","0.4793357581940963","0.4793357581940963","0.4793357581940963","0","0.4793357581940963"
"1","80","200","100","1","""HK""","0.01","false","""normal""","1","""constant""","0.4","""Scale-free""","4","0","1","""uniform""","""deterministic-normal""","50","-0.19999999999999996","0.96","""normal""","0.6000000000000001","0.4","false","""/home/ramaswamy.51/Documents/github/Spirals/Media/data/cluster/endsim/BehaviorSearch/Step6""","true","0.2","0.9","0","-0.3999999999999999","true","true","""26497565""","0.45651415914657584","0.45651415914657584","0.45651415914657584","0","0.45651415914657584"
"1","81","200","100","1","""HK""","0.43","false","""normal""","1","""constant""","0","""Scale-free""","1","0","1","""uniform""","""deterministic-normal""","30","1","0.81","""normal""","0.30000000000000004","0.7000000000000001","false","""/home/ramaswamy.51/Documents/github/Spirals/Media/data/cluster/endsim/BehaviorSearch/Step6""","true","0.7000000000000001","0","2","-0.6","true","false","""-33533920""","0.7381524161628567","0.7381524161628567","0.7381524161628567","0","0.7381524161628567"
"1","82","200","100","1","""HK""","0.43","false","""normal""","1","""constant""","0","""Scale-free""","1","0","1","""uniform""","""deterministic-normal""","30","1","0.81","""normal""","0.30000000000000004","0.7000000000000001","false","""/home/ramaswamy.51/Documents/github/Spirals/Media/data/cluster/endsim/BehaviorSearch/Step6""","true","0.7000000000000001","0","2","-0.6","true","false","""-1705503282""","0.7381524161628567","0.7381524161628567","0.7381524161628567","0","0.7381524161628567"
"1","83","200","100","1","""HK""","0.43","false","""normal""","1","""constant""","0","""Scale-free""","1","0","1","""uniform""","""deterministic-normal""","30","1","0.81","""normal""","0.30000000000000004","0.7000000000000001","false","""/home/ramaswamy.51/Documents/github/Spirals/Media/data/cluster/endsim/BehaviorSearch/Step6""","true","0.7000000000000001","0","2","-0.6","true","false","""35596744""","0.7381524161628567","0.7381524161628567","0.7381524161628567","0","0.7381524161628567"
"1","84","200","100","1","""HK""","0.43","false","""normal""","1","""constant""","0","""Scale-free""","1","0","1","""uniform""","""deterministic-normal""","30","1","0.81","""normal""","0.30000000000000004","0.7000000000000001","false","""/home/ramaswamy.51/Documents/github/Spirals/Media/data/cluster/endsim/BehaviorSearch/Step6""","true","0.7000000000000001","0","2","-0.6","true","false","""1813782162""","0.7381524161628567","0.7381524161628567","0.7381524161628567","0","0.7381524161628567"
"1","85","200","100","1","""HK""","0.01","false","""normal""","1","""constant""","0.5","""Scale-free""","5","0","1","""uniform""","""deterministic-normal""","40","0","0.45","""normal""","-1","0.2","false","""/home/ramaswamy.51/Documents/github/Spirals/Media/data/cluster/endsim/BehaviorSearch/Step6""","true","0.8","0.2","0","0.5","true","false","""-164312779""","0.4979131392788475","0.4979131392788475","0.4979131392788475","0","0.4979131392788475"
"1","86","200","100","1","""HK""","0.01","false","""normal""","1","""constant""","0.5","""Scale-free""","5","0","1","""uniform""","""deterministic-normal""","40","0","0.45","""normal""","-1","0.2","false","""/home/ramaswamy.51/Documents/github/Spirals/Media/data/cluster/endsim/BehaviorSearch/Step6""","true","0.8","0.2","0","0.5","true","false","""1103477969""","0.49882492042202853","0.49882492042202853","0.49882492042202853","0","0.49882492042202853"
"1","87","200","100","1","""HK""","0.01","false","""normal""","1","""constant""","0.5","""Scale-free""","5","0","1","""uniform""","""deterministic-normal""","40","0","0.45","""normal""","-1","0.2","false","""/home/ramaswamy.51/Documents/github/Spirals/Media/data/cluster/endsim/BehaviorSearch/Step6""","true","0.8","0.2","0","0.5","true","false","""-223827500""","0.49882492042202853","0.49882492042202853","0.49882492042202853","0","0.49882492042202853"
"1","88","200","100","1","""HK""","0.01","false","""normal""","1","""constant""","0.5","""Scale-free""","5","0","1","""uniform""","""deterministic-normal""","40","0","0.45","""normal""","-1","0.2","false","""/home/ramaswamy.51/Documents/github/Spirals/Media/data/cluster/endsim/BehaviorSearch/Step6""","true","0.8","0.2","0","0.5","true","false","""530375540""","0.4979131392788475","0.4979131392788475","0.4979131392788475","0","0.4979131392788475"
"1","89","200","100","1","""HK""","0.02","false","""normal""","1","""constant""","0.4","""Scale-free""","3","0","1","""uniform""","""deterministic-normal""","45","-0.19999999999999996","0.97","""normal""","0.9000000000000001","0.1","false","""/home/ramaswamy.51/Documents/github/Spirals/Media/data/cluster/endsim/BehaviorSearch/Step6""","true","0.1","0.7000000000000001","3","0.10000000000000009","true","true","""750176316""","0.49805988213790975","0.49805988213790975","0.49805988213790975","0","0.49805988213790975"
"1","90","200","100","1","""HK""","0.02","false","""normal""","1","""constant""","0.4","""Scale-free""","3","0","1","""uniform""","""deterministic-normal""","45","-0.19999999999999996","0.97","""normal""","0.9000000000000001","0.1","false","""/home/ramaswamy.51/Documents/github/Spirals/Media/data/cluster/endsim/BehaviorSearch/Step6""","true","0.1","0.7000000000000001","3","0.10000000000000009","true","true","""903531215""","0.4890130124814763","0.4890130124814763","0.4890130124814763","0","0.4890130124814763"
"1","91","200","100","1","""HK""","0.02","false","""normal""","1","""constant""","0.4","""Scale-free""","3","0","1","""uniform""","""deterministic-normal""","45","-0.19999999999999996","0.97","""normal""","0.9000000000000001","0.1","false","""/home/ramaswamy.51/Documents/github/Spirals/Media/data/cluster/endsim/BehaviorSearch/Step6""","true","0.1","0.7000000000000001","3","0.10000000000000009","true","true","""-806921895""","0.45663684420483025","0.45663684420483025","0.45663684420483025","0","0.45663684420483025"
"1","92","200","100","1","""HK""","0.02","false","""normal""","1","""constant""","0.4","""Scale-free""","3","0","1","""uniform""","""deterministic-normal""","45","-0.19999999999999996","0.97","""normal""","0.9000000000000001","0.1","false","""/home/ramaswamy.51/Documents/github/Spirals/Media/data/cluster/endsim/BehaviorSearch/Step6""","true","0.1","0.7000000000000001","3","0.10000000000000009","true","true","""820821187""","0.4925410649859387","0.4925410649859387","0.4925410649859387","0","0.4925410649859387"
"1","93","200","100","1","""HK""","0.01","false","""normal""","1","""constant""","0.4","""Scale-free""","1","0","1","""uniform""","""deterministic-normal""","20","0.10000000000000009","0.64","""normal""","0.9000000000000001","0.7000000000000001","false","""/home/ramaswamy.51/Documents/github/Spirals/Media/data/cluster/endsim/BehaviorSearch/Step6""","true","0.9","0","7","-0.19999999999999996","true","true","""995478360""","0.4048802122376118","0.4048802122376118","0.4048802122376118","0","0.4048802122376118"
"1","94","200","100","1","""HK""","0.01","false","""normal""","1","""constant""","0.4","""Scale-free""","1","0","1","""uniform""","""deterministic-normal""","20","0.10000000000000009","0.64","""normal""","0.9000000000000001","0.7000000000000001","false","""/home/ramaswamy.51/Documents/github/Spirals/Media/data/cluster/endsim/BehaviorSearch/Step6""","true","0.9","0","7","-0.19999999999999996","true","true","""-901860695""","0.42966440260867816","0.42966440260867816","0.42966440260867816","0","0.42966440260867816"
"1","95","200","100","1","""HK""","0.01","false","""normal""","1","""constant""","0.4","""Scale-free""","1","0","1","""uniform""","""deterministic-normal""","20","0.10000000000000009","0.64","""normal""","0.9000000000000001","0.7000000000000001","false","""/home/ramaswamy.51/Documents/github/Spirals/Media/data/cluster/endsim/BehaviorSearch/Step6""","true","0.9","0","7","-0.19999999999999996","true","true","""186574250""","0.42741329368625447","0.42741329368625447","0.42741329368625447","0","0.42741329368625447"
"1","96","200","100","1","""HK""","0.01","false","""normal""","1","""constant""","0.4","""Scale-free""","1","0","1","""uniform""","""deterministic-normal""","20","0.10000000000000009","0.64","""normal""","0.9000000000000001","0.7000000000000001","false","""/home/ramaswamy.51/Documents/github/Spirals/Media/data/cluster/endsim/BehaviorSearch/Step6""","true","0.9","0","7","-0.19999999999999996","true","true","""-1981159970""","0.4382725612140386","0.4382725612140386","0.4382725612140386","0","0.4382725612140386"
"1","97","200","100","1","""HK""","0.43","false","""normal""","1","""constant""","0","""Scale-free""","5","0","1","""uniform""","""deterministic-normal""","20","-0.29999999999999993","0.67","""normal""","0","0","false","""/home/ramaswamy.51/Documents/github/Spirals/Media/data/cluster/endsim/BehaviorSearch/Step6""","true","0.5","0.4","4","-0.3999999999999999","true","true","""-567625725""","0.5095184510641297","0.5095184510641297","0.5095184510641297","0","0.5095184510641297"
"1","98","200","100","1","""HK""","0.43","false","""normal""","1","""constant""","0","""Scale-free""","5","0","1","""uniform""","""deterministic-normal""","20","-0.29999999999999993","0.67","""normal""","0","0","false","""/home/ramaswamy.51/Documents/github/Spirals/Media/data/cluster/endsim/BehaviorSearch/Step6""","true","0.5","0.4","4","-0.3999999999999999","true","true","""-961743772""","0.5095184510641297","0.5095184510641297","0.5095184510641297","0","0.5095184510641297"
"1","99","200","100","1","""HK""","0.43","false","""normal""","1","""constant""","0","""Scale-free""","5","0","1","""uniform""","""deterministic-normal""","20","-0.29999999999999993","0.67","""normal""","0","0","false","""/home/ramaswamy.51/Documents/github/Spirals/Media/data/cluster/endsim/BehaviorSearch/Step6""","true","0.5","0.4","4","-0.3999999999999999","true","true","""1841693232""","0.5095184510641297","0.5095184510641297","0.5095184510641297","0","0.5095184510641297"
"1","100","200","100","1","""HK""","0.43","false","""normal""","1","""constant""","0","""Scale-free""","5","0","1","""uniform""","""deterministic-normal""","20","-0.29999999999999993","0.67","""normal""","0","0","false","""/home/ramaswamy.51/Documents/github/Spirals/Media/data/cluster/endsim/BehaviorSearch/Step6""","true","0.5","0.4","4","-0.3999999999999999","true","true","""-834771065""","0.5095184510641297","0.5095184510641297","0.5095184510641297","0","0.5095184510641297"
"1","101","200","100","1","""HK""","0.01","false","""normal""","1","""constant""","0","""Scale-free""","1","0","1","""uniform""","""deterministic-normal""","0","-0.8","0.96","""normal""","-0.3999999999999999","0.5","false","""/home/ramaswamy.51/Documents/github/Spirals/Media/data/cluster/endsim/BehaviorSearch/Step6""","true","0.4","0.1","0","1","true","true","""1957595078""","0.30752577656958235","0.30752577656958235","0.30752577656958235","0","0.30752577656958235"
"1","102","200","100","1","""HK""","0.01","false","""normal""","1","""constant""","0","""Scale-free""","1","0","1","""uniform""","""deterministic-normal""","0","-0.8","0.96","""normal""","-0.3999999999999999","0.5","false","""/home/ramaswamy.51/Documents/github/Spirals/Media/data/cluster/endsim/BehaviorSearch/Step6""","true","0.4","0.1","0","1","true","true","""-1821733235""","0.2913277167690135","0.2913277167690135","0.2913277167690135","0","0.2913277167690135"
"1","103","200","100","1","""HK""","0.01","false","""normal""","1","""constant""","0","""Scale-free""","1","0","1","""uniform""","""deterministic-normal""","0","-0.8","0.96","""normal""","-0.3999999999999999","0.5","false","""/home/ramaswamy.51/Documents/github/Spirals/Media/data/cluster/endsim/BehaviorSearch/Step6""","true","0.4","0.1","0","1","true","true","""481490593""","0.2590319925529688","0.2590319925529688","0.2590319925529688","0","0.2590319925529688"
"1","104","200","100","1","""HK""","0.01","false","""normal""","1","""constant""","0","""Scale-free""","1","0","1","""uniform""","""deterministic-normal""","0","-0.8","0.96","""normal""","-0.3999999999999999","0.5","false","""/home/ramaswamy.51/Documents/github/Spirals/Media/data/cluster/endsim/BehaviorSearch/Step6""","true","0.4","0.1","0","1","true","true","""-705571705""","0.2751178196640585","0.2751178196640585","0.2751178196640585","0","0.2751178196640585"
"1","105","200","100","1","""HK""","0.02","false","""normal""","1","""constant""","0","""Scale-free""","1","0","1","""uniform""","""deterministic-normal""","45","-0.3999999999999999","0.56","""normal""","-0.19999999999999996","0.7000000000000001","false","""/home/ramaswamy.51/Documents/github/Spirals/Media/data/cluster/endsim/BehaviorSearch/Step6""","true","0.2","0","2","-0.19999999999999996","true","false","""1213696412""","0.4533814603609173","0.4533814603609173","0.4533814603609173","0","0.4533814603609173"
"1","106","200","100","1","""HK""","0.02","false","""normal""","1","""constant""","0","""Scale-free""","1","0","1","""uniform""","""deterministic-normal""","45","-0.3999999999999999","0.56","""normal""","-0.19999999999999996","0.7000000000000001","false","""/home/ramaswamy.51/Documents/github/Spirals/Media/data/cluster/endsim/BehaviorSearch/Step6""","true","0.2","0","2","-0.19999999999999996","true","false","""-1839614194""","0.4419711872310085","0.4419711872310085","0.4419711872310085","0","0.4419711872310085"
"1","107","200","100","1","""HK""","0.02","false","""normal""","1","""constant""","0","""Scale-free""","1","0","1","""uniform""","""deterministic-normal""","45","-0.3999999999999999","0.56","""normal""","-0.19999999999999996","0.7000000000000001","false","""/home/ramaswamy.51/Documents/github/Spirals/Media/data/cluster/endsim/BehaviorSearch/Step6""","true","0.2","0","2","-0.19999999999999996","true","false","""341129379""","0.4585112557080393","0.4585112557080393","0.4585112557080393","0","0.4585112557080393"
"1","108","200","100","1","""HK""","0.02","false","""normal""","1","""constant""","0","""Scale-free""","1","0","1","""uniform""","""deterministic-normal""","45","-0.3999999999999999","0.56","""normal""","-0.19999999999999996","0.7000000000000001","false","""/home/ramaswamy.51/Documents/github/Spirals/Media/data/cluster/endsim/BehaviorSearch/Step6""","true","0.2","0","2","-0.19999999999999996","true","false","""-1229528152""","0.46890131185954886","0.46890131185954886","0.46890131185954886","0","0.46890131185954886"
"1","109","200","100","1","""HK""","0.02","false","""normal""","1","""constant""","0.4","""Scale-free""","2","0","1","""uniform""","""deterministic-normal""","0","0.10000000000000009","0.87","""normal""","-0.09999999999999998","0.6000000000000001","false","""/home/ramaswamy.51/Documents/github/Spirals/Media/data/cluster/endsim/BehaviorSearch/Step6""","true","0","0","1","0.7000000000000002","true","true","""-703780110""","0.29382585197771144","0.29382585197771144","0.29382585197771144","0","0.29382585197771144"
"1","110","200","100","1","""HK""","0.02","false","""normal""","1","""constant""","0.4","""Scale-free""","2","0","1","""uniform""","""deterministic-normal""","0","0.10000000000000009","0.87","""normal""","-0.09999999999999998","0.6000000000000001","false","""/home/ramaswamy.51/Documents/github/Spirals/Media/data/cluster/endsim/BehaviorSearch/Step6""","true","0","0","1","0.7000000000000002","true","true","""1146503245""","0.43852377489648914","0.43852377489648914","0.43852377489648914","0","0.43852377489648914"
"1","111","200","100","1","""HK""","0.02","false","""normal""","1","""constant""","0.4","""Scale-free""","2","0","1","""uniform""","""deterministic-normal""","0","0.10000000000000009","0.87","""normal""","-0.09999999999999998","0.6000000000000001","false","""/home/ramaswamy.51/Documents/github/Spirals/Media/data/cluster/endsim/BehaviorSearch/Step6""","true","0","0","1","0.7000000000000002","true","true","""770152624""","0.28311748758082794","0.28311748758082794","0.28311748758082794","0","0.28311748758082794"
"1","112","200","100","1","""HK""","0.02","false","""normal""","1","""constant""","0.4","""Scale-free""","2","0","1","""uniform""","""deterministic-normal""","0","0.10000000000000009","0.87","""normal""","-0.09999999999999998","0.6000000000000001","false","""/home/ramaswamy.51/Documents/github/Spirals/Media/data/cluster/endsim/BehaviorSearch/Step6""","true","0","0","1","0.7000000000000002","true","true","""1190213718""","0.2797155422813239","0.2797155422813239","0.2797155422813239","0","0.2797155422813239"
"1","113","200","100","1","""HK""","0.43","false","""normal""","1","""constant""","0.30000000000000004","""Scale-free""","4","0","1","""uniform""","""deterministic-normal""","45","-0.7","0.33","""normal""","0.10000000000000009","0.6000000000000001","false","""/home/ramaswamy.51/Documents/github/Spirals/Media/data/cluster/endsim/BehaviorSearch/Step6""","true","0.7000000000000001","0.2","2","0.10000000000000009","true","false","""-364728770""","0.6112127021796657","0.6112127021796657","0.6112127021796657","0","0.6112127021796657"
"1","114","200","100","1","""HK""","0.43","false","""normal""","1","""constant""","0.30000000000000004","""Scale-free""","4","0","1","""uniform""","""deterministic-normal""","45","-0.7","0.33","""normal""","0.10000000000000009","0.6000000000000001","false","""/home/ramaswamy.51/Documents/github/Spirals/Media/data/cluster/endsim/BehaviorSearch/Step6""","true","0.7000000000000001","0.2","2","0.10000000000000009","true","false","""908553027""","0.5634629718537308","0.5634629718537308","0.5634629718537308","0","0.5634629718537308"
"1","115","200","100","1","""HK""","0.43","false","""normal""","1","""constant""","0.30000000000000004","""Scale-free""","4","0","1","""uniform""","""deterministic-normal""","45","-0.7","0.33","""normal""","0.10000000000000009","0.6000000000000001","false","""/home/ramaswamy.51/Documents/github/Spirals/Media/data/cluster/endsim/BehaviorSearch/Step6""","true","0.7000000000000001","0.2","2","0.10000000000000009","true","false","""597126372""","0.5251584149820866","0.5251584149820866","0.5251584149820866","0","0.5251584149820866"
"1","116","200","100","1","""HK""","0.43","false","""normal""","1","""constant""","0.30000000000000004","""Scale-free""","4","0","1","""uniform""","""deterministic-normal""","45","-0.7","0.33","""normal""","0.10000000000000009","0.6000000000000001","false","""/home/ramaswamy.51/Documents/github/Spirals/Media/data/cluster/endsim/BehaviorSearch/Step6""","true","0.7000000000000001","0.2","2","0.10000000000000009","true","false","""1981813181""","0.5727543172140753","0.5727543172140753","0.5727543172140753","0","0.5727543172140753"
"1","117","200","100","1","""HK""","0.01","false","""normal""","1","""constant""","0.4","""Scale-free""","5","0","1","""uniform""","""deterministic-normal""","35","-0.9","0.1","""normal""","-0.8","0.6000000000000001","false","""/home/ramaswamy.51/Documents/github/Spirals/Media/data/cluster/endsim/BehaviorSearch/Step6""","true","0.7000000000000001","0.2","9","1","true","true","""52913671""","0.556191647424525","0.556191647424525","0.556191647424525","0","0.556191647424525"
"1","118","200","100","1","""HK""","0.01","false","""normal""","1","""constant""","0.4","""Scale-free""","5","0","1","""uniform""","""deterministic-normal""","35","-0.9","0.1","""normal""","-0.8","0.6000000000000001","false","""/home/ramaswamy.51/Documents/github/Spirals/Media/data/cluster/endsim/BehaviorSearch/Step6""","true","0.7000000000000001","0.2","9","1","true","true","""-154792031""","0.573237713715239","0.573237713715239","0.573237713715239","0","0.573237713715239"
"1","119","200","100","1","""HK""","0.01","false","""normal""","1","""constant""","0.4","""Scale-free""","5","0","1","""uniform""","""deterministic-normal""","35","-0.9","0.1","""normal""","-0.8","0.6000000000000001","false","""/home/ramaswamy.51/Documents/github/Spirals/Media/data/cluster/endsim/BehaviorSearch/Step6""","true","0.7000000000000001","0.2","9","1","true","true","""2065776131""","0.5160438532838404","0.5160438532838404","0.5160438532838404","0","0.5160438532838404"
"1","120","200","100","1","""HK""","0.01","false","""normal""","1","""constant""","0.4","""Scale-free""","5","0","1","""uniform""","""deterministic-normal""","35","-0.9","0.1","""normal""","-0.8","0.6000000000000001","false","""/home/ramaswamy.51/Documents/github/Spirals/Media/data/cluster/endsim/BehaviorSearch/Step6""","true","0.7000000000000001","0.2","9","1","true","true","""-1801353338""","0.5544828468557613","0.5544828468557613","0.5544828468557613","0","0.5544828468557613"
"1","121","200","100","1","""HK""","0.01","false","""normal""","1","""constant""","0.30000000000000004","""Scale-free""","5","0","1","""uniform""","""deterministic-normal""","35","-0.8","0.3","""normal""","-0.8","0.2","false","""/home/ramaswamy.51/Documents/github/Spirals/Media/data/cluster/endsim/BehaviorSearch/Step6""","true","0.4","0.2","6","-0.5","true","true","""-1762520157""","0.5964549717417537","0.5964549717417537","0.5964549717417537","0","0.5964549717417537"
"1","122","200","100","1","""HK""","0.01","false","""normal""","1","""constant""","0.30000000000000004","""Scale-free""","5","0","1","""uniform""","""deterministic-normal""","35","-0.8","0.3","""normal""","-0.8","0.2","false","""/home/ramaswamy.51/Documents/github/Spirals/Media/data/cluster/endsim/BehaviorSearch/Step6""","true","0.4","0.2","6","-0.5","true","true","""1476417058""","0.5965702075569322","0.5965702075569322","0.5965702075569322","0","0.5965702075569322"
"1","123","200","100","1","""HK""","0.01","false","""normal""","1","""constant""","0.30000000000000004","""Scale-free""","5","0","1","""uniform""","""deterministic-normal""","35","-0.8","0.3","""normal""","-0.8","0.2","false","""/home/ramaswamy.51/Documents/github/Spirals/Media/data/cluster/endsim/BehaviorSearch/Step6""","true","0.4","0.2","6","-0.5","true","true","""373560450""","0.5881955308122959","0.5881955308122959","0.5881955308122959","0","0.5881955308122959"
"1","124","200","100","1","""HK""","0.01","false","""normal""","1","""constant""","0.30000000000000004","""Scale-free""","5","0","1","""uniform""","""deterministic-normal""","35","-0.8","0.3","""normal""","-0.8","0.2","false","""/home/ramaswamy.51/Documents/github/Spirals/Media/data/cluster/endsim/BehaviorSearch/Step6""","true","0.4","0.2","6","-0.5","true","true","""1662737307""","0.5661581048269428","0.5661581048269428","0.5661581048269428","0","0.5661581048269428"
"1","125","200","100","1","""HK""","0.01","false","""normal""","1","""constant""","0.4","""Scale-free""","5","0","1","""uniform""","""deterministic-normal""","0","-0.3999999999999999","0.79","""normal""","0.5","0.4","false","""/home/ramaswamy.51/Documents/github/Spirals/Media/data/cluster/endsim/BehaviorSearch/Step6""","true","0.30000000000000004","0.5","0","-0.09999999999999998","true","false","""199915115""","0.5852389805986956","0.5852389805986956","0.5852389805986956","0","0.5852389805986956"
"1","126","200","100","1","""HK""","0.01","false","""normal""","1","""constant""","0.4","""Scale-free""","5","0","1","""uniform""","""deterministic-normal""","0","-0.3999999999999999","0.79","""normal""","0.5","0.4","false","""/home/ramaswamy.51/Documents/github/Spirals/Media/data/cluster/endsim/BehaviorSearch/Step6""","true","0.30000000000000004","0.5","0","-0.09999999999999998","true","false","""1829477857""","0.6161585907060578","0.6161585907060578","0.6161585907060578","0","0.6161585907060578"
"1","127","200","100","1","""HK""","0.01","false","""normal""","1","""constant""","0.4","""Scale-free""","5","0","1","""uniform""","""deterministic-normal""","0","-0.3999999999999999","0.79","""normal""","0.5","0.4","false","""/home/ramaswamy.51/Documents/github/Spirals/Media/data/cluster/endsim/BehaviorSearch/Step6""","true","0.30000000000000004","0.5","0","-0.09999999999999998","true","false","""-1620725666""","0.6323330263347117","0.6323330263347117","0.6323330263347117","0","0.6323330263347117"
"1","128","200","100","1","""HK""","0.01","false","""normal""","1","""constant""","0.4","""Scale-free""","5","0","1","""uniform""","""deterministic-normal""","0","-0.3999999999999999","0.79","""normal""","0.5","0.4","false","""/home/ramaswamy.51/Documents/github/Spirals/Media/data/cluster/endsim/BehaviorSearch/Step6""","true","0.30000000000000004","0.5","0","-0.09999999999999998","true","false","""1384087782""","0.5289739844089218","0.5289739844089218","0.5289739844089218","0","0.5289739844089218"
"1","129","200","100","1","""HK""","0.01","false","""normal""","1","""constant""","0","""Scale-free""","1","0","1","""uniform""","""deterministic-normal""","20","1","0.37","""normal""","0.9000000000000001","1","false","""/home/ramaswamy.51/Documents/github/Spirals/Media/data/cluster/endsim/BehaviorSearch/Step6""","true","0.2","0.4","9","-0.19999999999999996","true","true","""504732776""","0.2847658918953474","0.2847658918953474","0.2847658918953474","0","0.2847658918953474"
"1","130","200","100","1","""HK""","0.01","false","""normal""","1","""constant""","0","""Scale-free""","1","0","1","""uniform""","""deterministic-normal""","20","1","0.37","""normal""","0.9000000000000001","1","false","""/home/ramaswamy.51/Documents/github/Spirals/Media/data/cluster/endsim/BehaviorSearch/Step6""","true","0.2","0.4","9","-0.19999999999999996","true","true","""-1595168426""","0.29708631837856314","0.29708631837856314","0.29708631837856314","0","0.29708631837856314"
"1","131","200","100","1","""HK""","0.01","false","""normal""","1","""constant""","0","""Scale-free""","1","0","1","""uniform""","""deterministic-normal""","20","1","0.37","""normal""","0.9000000000000001","1","false","""/home/ramaswamy.51/Documents/github/Spirals/Media/data/cluster/endsim/BehaviorSearch/Step6""","true","0.2","0.4","9","-0.19999999999999996","true","true","""-1448015346""","0.31895774549654177","0.31895774549654177","0.31895774549654177","0","0.31895774549654177"
"1","132","200","100","1","""HK""","0.01","false","""normal""","1","""constant""","0","""Scale-free""","1","0","1","""uniform""","""deterministic-normal""","20","1","0.37","""normal""","0.9000000000000001","1","false","""/home/ramaswamy.51/Documents/github/Spirals/Media/data/cluster/endsim/BehaviorSearch/Step6""","true","0.2","0.4","9","-0.19999999999999996","true","true","""-1392850953""","0.32057557282756566","0.32057557282756566","0.32057557282756566","0","0.32057557282756566"
"1","133","200","100","1","""HK""","0.01","false","""normal""","1","""constant""","0.30000000000000004","""Scale-free""","4","0","1","""uniform""","""deterministic-normal""","20","-0.7","0.11","""normal""","-0.29999999999999993","0.7000000000000001","false","""/home/ramaswamy.51/Documents/github/Spirals/Media/data/cluster/endsim/BehaviorSearch/Step6""","true","0","0.6000000000000001","0","0.6000000000000001","true","false","""1504081149""","0.34583480798865746","0.34583480798865746","0.34583480798865746","0","0.34583480798865746"
"1","134","200","100","1","""HK""","0.01","false","""normal""","1","""constant""","0.30000000000000004","""Scale-free""","4","0","1","""uniform""","""deterministic-normal""","20","-0.7","0.11","""normal""","-0.29999999999999993","0.7000000000000001","false","""/home/ramaswamy.51/Documents/github/Spirals/Media/data/cluster/endsim/BehaviorSearch/Step6""","true","0","0.6000000000000001","0","0.6000000000000001","true","false","""566146459""","0.37300901051154384","0.37300901051154384","0.37300901051154384","0","0.37300901051154384"
"1","135","200","100","1","""HK""","0.01","false","""normal""","1","""constant""","0.30000000000000004","""Scale-free""","4","0","1","""uniform""","""deterministic-normal""","20","-0.7","0.11","""normal""","-0.29999999999999993","0.7000000000000001","false","""/home/ramaswamy.51/Documents/github/Spirals/Media/data/cluster/endsim/BehaviorSearch/Step6""","true","0","0.6000000000000001","0","0.6000000000000001","true","false","""-1456857542""","0.3651733173138481","0.3651733173138481","0.3651733173138481","0","0.3651733173138481"
"1","136","200","100","1","""HK""","0.01","false","""normal""","1","""constant""","0.30000000000000004","""Scale-free""","4","0","1","""uniform""","""deterministic-normal""","20","-0.7","0.11","""normal""","-0.29999999999999993","0.7000000000000001","false","""/home/ramaswamy.51/Documents/github/Spirals/Media/data/cluster/endsim/BehaviorSearch/Step6""","true","0","0.6000000000000001","0","0.6000000000000001","true","false","""-901942561""","0.3504672628744413","0.3504672628744413","0.3504672628744413","0","0.3504672628744413"
"1","137","200","100","1","""HK""","0.01","false","""normal""","1","""constant""","0.4","""Scale-free""","1","0","1","""uniform""","""deterministic-normal""","25","1","0.92","""normal""","-0.7","0.7000000000000001","false","""/home/ramaswamy.51/Documents/github/Spirals/Media/data/cluster/endsim/BehaviorSearch/Step6""","true","0.30000000000000004","0.9","0","-0.29999999999999993","true","false","""1701300898""","0.4455367999508757","0.4455367999508757","0.4455367999508757","0","0.4455367999508757"
"1","138","200","100","1","""HK""","0.01","false","""normal""","1","""constant""","0.4","""Scale-free""","1","0","1","""uniform""","""deterministic-normal""","25","1","0.92","""normal""","-0.7","0.7000000000000001","false","""/home/ramaswamy.51/Documents/github/Spirals/Media/data/cluster/endsim/BehaviorSearch/Step6""","true","0.30000000000000004","0.9","0","-0.29999999999999993","true","false","""926912861""","0.41252338731141425","0.41252338731141425","0.41252338731141425","0","0.41252338731141425"
"1","139","200","100","1","""HK""","0.01","false","""normal""","1","""constant""","0.4","""Scale-free""","1","0","1","""uniform""","""deterministic-normal""","25","1","0.92","""normal""","-0.7","0.7000000000000001","false","""/home/ramaswamy.51/Documents/github/Spirals/Media/data/cluster/endsim/BehaviorSearch/Step6""","true","0.30000000000000004","0.9","0","-0.29999999999999993","true","false","""-997328606""","0.43379397389083024","0.43379397389083024","0.43379397389083024","0","0.43379397389083024"
"1","140","200","100","1","""HK""","0.01","false","""normal""","1","""constant""","0.4","""Scale-free""","1","0","1","""uniform""","""deterministic-normal""","25","1","0.92","""normal""","-0.7","0.7000000000000001","false","""/home/ramaswamy.51/Documents/github/Spirals/Media/data/cluster/endsim/BehaviorSearch/Step6""","true","0.30000000000000004","0.9","0","-0.29999999999999993","true","false","""-247601616""","0.47297912634002026","0.47297912634002026","0.47297912634002026","0","0.47297912634002026"
"1","141","200","100","1","""HK""","0.43","false","""normal""","1","""constant""","0.30000000000000004","""Scale-free""","4","0","1","""uniform""","""deterministic-normal""","30","0.6000000000000001","0.64","""normal""","-0.19999999999999996","0","false","""/home/ramaswamy.51/Documents/github/Spirals/Media/data/cluster/endsim/BehaviorSearch/Step6""","true","0.2","0.4","6","-0.8","true","true","""-2026116110""","0.5095184510641297","0.5095184510641297","0.5095184510641297","0","0.5095184510641297"
"1","142","200","100","1","""HK""","0.43","false","""normal""","1","""constant""","0.30000000000000004","""Scale-free""","4","0","1","""uniform""","""deterministic-normal""","30","0.6000000000000001","0.64","""normal""","-0.19999999999999996","0","false","""/home/ramaswamy.51/Documents/github/Spirals/Media/data/cluster/endsim/BehaviorSearch/Step6""","true","0.2","0.4","6","-0.8","true","true","""-168101775""","0.5095184510641297","0.5095184510641297","0.5095184510641297","0","0.5095184510641297"
"1","143","200","100","1","""HK""","0.43","false","""normal""","1","""constant""","0.30000000000000004","""Scale-free""","4","0","1","""uniform""","""deterministic-normal""","30","0.6000000000000001","0.64","""normal""","-0.19999999999999996","0","false","""/home/ramaswamy.51/Documents/github/Spirals/Media/data/cluster/endsim/BehaviorSearch/Step6""","true","0.2","0.4","6","-0.8","true","true","""-1671377237""","0.5095184510641297","0.5095184510641297","0.5095184510641297","0","0.5095184510641297"
"1","144","200","100","1","""HK""","0.43","false","""normal""","1","""constant""","0.30000000000000004","""Scale-free""","4","0","1","""uniform""","""deterministic-normal""","30","0.6000000000000001","0.64","""normal""","-0.19999999999999996","0","false","""/home/ramaswamy.51/Documents/github/Spirals/Media/data/cluster/endsim/BehaviorSearch/Step6""","true","0.2","0.4","6","-0.8","true","true","""1912665897""","0.5095184510641297","0.5095184510641297","0.5095184510641297","0","0.5095184510641297"
"1","145","200","100","1","""HK""","0.01","false","""normal""","1","""constant""","0","""Scale-free""","1","0","1","""uniform""","""deterministic-normal""","10","0.5","0.64","""normal""","0.10000000000000009","0.2","false","""/home/ramaswamy.51/Documents/github/Spirals/Media/data/cluster/endsim/BehaviorSearch/Step6""","true","0.4","0.7000000000000001","0","0.30000000000000004","true","true","""-920806953""","0.36845188130796436","0.36845188130796436","0.36845188130796436","0","0.36845188130796436"
"1","146","200","100","1","""HK""","0.01","false","""normal""","1","""constant""","0","""Scale-free""","1","0","1","""uniform""","""deterministic-normal""","10","0.5","0.64","""normal""","0.10000000000000009","0.2","false","""/home/ramaswamy.51/Documents/github/Spirals/Media/data/cluster/endsim/BehaviorSearch/Step6""","true","0.4","0.7000000000000001","0","0.30000000000000004","true","true","""-670937073""","0.33528966528912013","0.33528966528912013","0.33528966528912013","0","0.33528966528912013"
"1","147","200","100","1","""HK""","0.01","false","""normal""","1","""constant""","0","""Scale-free""","1","0","1","""uniform""","""deterministic-normal""","10","0.5","0.64","""normal""","0.10000000000000009","0.2","false","""/home/ramaswamy.51/Documents/github/Spirals/Media/data/cluster/endsim/BehaviorSearch/Step6""","true","0.4","0.7000000000000001","0","0.30000000000000004","true","true","""-163570246""","0.3876610954475681","0.3876610954475681","0.3876610954475681","0","0.3876610954475681"
"1","148","200","100","1","""HK""","0.01","false","""normal""","1","""constant""","0","""Scale-free""","1","0","1","""uniform""","""deterministic-normal""","10","0.5","0.64","""normal""","0.10000000000000009","0.2","false","""/home/ramaswamy.51/Documents/github/Spirals/Media/data/cluster/endsim/BehaviorSearch/Step6""","true","0.4","0.7000000000000001","0","0.30000000000000004","true","true","""-1082674747""","0.3571157314890706","0.3571157314890706","0.3571157314890706","0","0.3571157314890706"
"1","149","200","100","1","""HK""","0.02","false","""normal""","1","""constant""","0.30000000000000004","""Scale-free""","3","0","1","""uniform""","""deterministic-normal""","35","0.6000000000000001","0.5700000000000001","""normal""","0.9000000000000001","0.2","false","""/home/ramaswamy.51/Documents/github/Spirals/Media/data/cluster/endsim/BehaviorSearch/Step6""","true","0.9","0.2","7","-0.19999999999999996","true","true","""-33473296""","0.5520406551613438","0.5520406551613438","0.5520406551613438","0","0.5520406551613438"
"1","150","200","100","1","""HK""","0.02","false","""normal""","1","""constant""","0.30000000000000004","""Scale-free""","3","0","1","""uniform""","""deterministic-normal""","35","0.6000000000000001","0.5700000000000001","""normal""","0.9000000000000001","0.2","false","""/home/ramaswamy.51/Documents/github/Spirals/Media/data/cluster/endsim/BehaviorSearch/Step6""","true","0.9","0.2","7","-0.19999999999999996","true","true","""440228980""","0.6569716466056028","0.6569716466056028","0.6569716466056028","0","0.6569716466056028"
"1","151","200","100","1","""HK""","0.02","false","""normal""","1","""constant""","0.30000000000000004","""Scale-free""","3","0","1","""uniform""","""deterministic-normal""","35","0.6000000000000001","0.5700000000000001","""normal""","0.9000000000000001","0.2","false","""/home/ramaswamy.51/Documents/github/Spirals/Media/data/cluster/endsim/BehaviorSearch/Step6""","true","0.9","0.2","7","-0.19999999999999996","true","true","""444829416""","0.5720846490167741","0.5720846490167741","0.5720846490167741","0","0.5720846490167741"
"1","152","200","100","1","""HK""","0.02","false","""normal""","1","""constant""","0.30000000000000004","""Scale-free""","3","0","1","""uniform""","""deterministic-normal""","35","0.6000000000000001","0.5700000000000001","""normal""","0.9000000000000001","0.2","false","""/home/ramaswamy.51/Documents/github/Spirals/Media/data/cluster/endsim/BehaviorSearch/Step6""","true","0.9","0.2","7","-0.19999999999999996","true","true","""1122353945""","0.6083431871476337","0.6083431871476337","0.6083431871476337","0","0.6083431871476337"
"1","153","200","100","1","""HK""","0.01","false","""normal""","1","""constant""","0","""Scale-free""","3","0","1","""uniform""","""deterministic-normal""","35","-0.7","0.5700000000000001","""normal""","0.9000000000000001","0.30000000000000004","false","""/home/ramaswamy.51/Documents/github/Spirals/Media/data/cluster/endsim/BehaviorSearch/Step6""","true","0","0.2","8","0.9000000000000001","true","false","""-426496121""","0.6331130570739576","0.6331130570739576","0.6331130570739576","0","0.6331130570739576"
"1","154","200","100","1","""HK""","0.01","false","""normal""","1","""constant""","0","""Scale-free""","3","0","1","""uniform""","""deterministic-normal""","35","-0.7","0.5700000000000001","""normal""","0.9000000000000001","0.30000000000000004","false","""/home/ramaswamy.51/Documents/github/Spirals/Media/data/cluster/endsim/BehaviorSearch/Step6""","true","0","0.2","8","0.9000000000000001","true","false","""1335301478""","0.5856602993777656","0.5856602993777656","0.5856602993777656","0","0.5856602993777656"
"1","155","200","100","1","""HK""","0.01","false","""normal""","1","""constant""","0","""Scale-free""","3","0","1","""uniform""","""deterministic-normal""","35","-0.7","0.5700000000000001","""normal""","0.9000000000000001","0.30000000000000004","false","""/home/ramaswamy.51/Documents/github/Spirals/Media/data/cluster/endsim/BehaviorSearch/Step6""","true","0","0.2","8","0.9000000000000001","true","false","""387904168""","0.6093089347924876","0.6093089347924876","0.6093089347924876","0","0.6093089347924876"
"1","156","200","100","1","""HK""","0.01","false","""normal""","1","""constant""","0","""Scale-free""","3","0","1","""uniform""","""deterministic-normal""","35","-0.7","0.5700000000000001","""normal""","0.9000000000000001","0.30000000000000004","false","""/home/ramaswamy.51/Documents/github/Spirals/Media/data/cluster/endsim/BehaviorSearch/Step6""","true","0","0.2","8","0.9000000000000001","true","false","""1958373944""","0.6583431093214157","0.6583431093214157","0.6583431093214157","0","0.6583431093214157"
"1","157","200","100","1","""HK""","0.01","false","""normal""","1","""constant""","0.5","""Scale-free""","3","0","1","""uniform""","""deterministic-normal""","0","0.20000000000000018","0.97","""normal""","0.7000000000000002","0.5","false","""/home/ramaswamy.51/Documents/github/Spirals/Media/data/cluster/endsim/BehaviorSearch/Step6""","true","0.8","0.8","8","0.9000000000000001","true","true","""492699869""","0.41167031410377153","0.41167031410377153","0.41167031410377153","0","0.41167031410377153"
"1","158","200","100","1","""HK""","0.01","false","""normal""","1","""constant""","0.5","""Scale-free""","3","0","1","""uniform""","""deterministic-normal""","0","0.20000000000000018","0.97","""normal""","0.7000000000000002","0.5","false","""/home/ramaswamy.51/Documents/github/Spirals/Media/data/cluster/endsim/BehaviorSearch/Step6""","true","0.8","0.8","8","0.9000000000000001","true","true","""1788441258""","0.5453311000656771","0.5453311000656771","0.5453311000656771","0","0.5453311000656771"
"1","159","200","100","1","""HK""","0.01","false","""normal""","1","""constant""","0.5","""Scale-free""","3","0","1","""uniform""","""deterministic-normal""","0","0.20000000000000018","0.97","""normal""","0.7000000000000002","0.5","false","""/home/ramaswamy.51/Documents/github/Spirals/Media/data/cluster/endsim/BehaviorSearch/Step6""","true","0.8","0.8","8","0.9000000000000001","true","true","""-851869380""","0.5588446256651872","0.5588446256651872","0.5588446256651872","0","0.5588446256651872"
"1","160","200","100","1","""HK""","0.01","false","""normal""","1","""constant""","0.5","""Scale-free""","3","0","1","""uniform""","""deterministic-normal""","0","0.20000000000000018","0.97","""normal""","0.7000000000000002","0.5","false","""/home/ramaswamy.51/Documents/github/Spirals/Media/data/cluster/endsim/BehaviorSearch/Step6""","true","0.8","0.8","8","0.9000000000000001","true","true","""879671219""","0.5878945223589156","0.5878945223589156","0.5878945223589156","0","0.5878945223589156"
"1","161","200","100","1","""HK""","0.43","false","""normal""","1","""constant""","0.5","""Scale-free""","2","0","1","""uniform""","""deterministic-normal""","0","0.8","0.28","""normal""","0.5","0.30000000000000004","false","""/home/ramaswamy.51/Documents/github/Spirals/Media/data/cluster/endsim/BehaviorSearch/Step6""","true","0.9","0.9","4","0.30000000000000004","true","true","""911440731""","0.6803776497819296","0.6803776497819296","0.6803776497819296","0","0.6803776497819296"
"1","162","200","100","1","""HK""","0.43","false","""normal""","1","""constant""","0.5","""Scale-free""","2","0","1","""uniform""","""deterministic-normal""","0","0.8","0.28","""normal""","0.5","0.30000000000000004","false","""/home/ramaswamy.51/Documents/github/Spirals/Media/data/cluster/endsim/BehaviorSearch/Step6""","true","0.9","0.9","4","0.30000000000000004","true","true","""2072544256""","0.6323049495571175","0.6323049495571175","0.6323049495571175","0","0.6323049495571175"
"1","163","200","100","1","""HK""","0.43","false","""normal""","1","""constant""","0.5","""Scale-free""","2","0","1","""uniform""","""deterministic-normal""","0","0.8","0.28","""normal""","0.5","0.30000000000000004","false","""/home/ramaswamy.51/Documents/github/Spirals/Media/data/cluster/endsim/BehaviorSearch/Step6""","true","0.9","0.9","4","0.30000000000000004","true","true","""-2069159753""","0.66755533335426","0.66755533335426","0.66755533335426","0","0.66755533335426"
"1","164","200","100","1","""HK""","0.43","false","""normal""","1","""constant""","0.5","""Scale-free""","2","0","1","""uniform""","""deterministic-normal""","0","0.8","0.28","""normal""","0.5","0.30000000000000004","false","""/home/ramaswamy.51/Documents/github/Spirals/Media/data/cluster/endsim/BehaviorSearch/Step6""","true","0.9","0.9","4","0.30000000000000004","true","true","""-1328624137""","0.7450514756254037","0.7450514756254037","0.7450514756254037","0","0.7450514756254037"
"1","165","200","100","1","""HK""","0.01","false","""normal""","1","""constant""","0.4","""Scale-free""","3","0","1","""uniform""","""deterministic-normal""","45","-0.6","0.64","""normal""","-0.8","1","false","""/home/ramaswamy.51/Documents/github/Spirals/Media/data/cluster/endsim/BehaviorSearch/Step6""","true","0","0.2","7","-0.7","true","false","""-1198358904""","0.49805988213790975","0.49805988213790975","0.49805988213790975","0","0.49805988213790975"
"1","166","200","100","1","""HK""","0.01","false","""normal""","1","""constant""","0.4","""Scale-free""","3","0","1","""uniform""","""deterministic-normal""","45","-0.6","0.64","""normal""","-0.8","1","false","""/home/ramaswamy.51/Documents/github/Spirals/Media/data/cluster/endsim/BehaviorSearch/Step6""","true","0","0.2","7","-0.7","true","false","""-1966188192""","0.4819206105580627","0.4819206105580627","0.4819206105580627","0","0.4819206105580627"
"1","167","200","100","1","""HK""","0.01","false","""normal""","1","""constant""","0.4","""Scale-free""","3","0","1","""uniform""","""deterministic-normal""","45","-0.6","0.64","""normal""","-0.8","1","false","""/home/ramaswamy.51/Documents/github/Spirals/Media/data/cluster/endsim/BehaviorSearch/Step6""","true","0","0.2","7","-0.7","true","false","""1295845230""","0.45754680503429296","0.45754680503429296","0.45754680503429296","0","0.45754680503429296"
"1","168","200","100","1","""HK""","0.01","false","""normal""","1","""constant""","0.4","""Scale-free""","3","0","1","""uniform""","""deterministic-normal""","45","-0.6","0.64","""normal""","-0.8","1","false","""/home/ramaswamy.51/Documents/github/Spirals/Media/data/cluster/endsim/BehaviorSearch/Step6""","true","0","0.2","7","-0.7","true","false","""1750048896""","0.4940776341343768","0.4940776341343768","0.4940776341343768","0","0.4940776341343768"
"1","169","200","100","1","""HK""","0.01","false","""normal""","1","""constant""","0.1","""Scale-free""","4","0","1","""uniform""","""deterministic-normal""","30","0","0.18","""normal""","0.9000000000000001","0.4","false","""/home/ramaswamy.51/Documents/github/Spirals/Media/data/cluster/endsim/BehaviorSearch/Step6""","true","0.1","0.1","2","0.9000000000000001","true","true","""365788267""","0.5203627780127712","0.5203627780127712","0.5203627780127712","0","0.5203627780127712"
"1","170","200","100","1","""HK""","0.01","false","""normal""","1","""constant""","0.1","""Scale-free""","4","0","1","""uniform""","""deterministic-normal""","30","0","0.18","""normal""","0.9000000000000001","0.4","false","""/home/ramaswamy.51/Documents/github/Spirals/Media/data/cluster/endsim/BehaviorSearch/Step6""","true","0.1","0.1","2","0.9000000000000001","true","true","""193047930""","0.5339202080285833","0.5339202080285833","0.5339202080285833","0","0.5339202080285833"
"1","171","200","100","1","""HK""","0.01","false","""normal""","1","""constant""","0.1","""Scale-free""","4","0","1","""uniform""","""deterministic-normal""","30","0","0.18","""normal""","0.9000000000000001","0.4","false","""/home/ramaswamy.51/Documents/github/Spirals/Media/data/cluster/endsim/BehaviorSearch/Step6""","true","0.1","0.1","2","0.9000000000000001","true","true","""-26677312""","0.5068252146804159","0.5068252146804159","0.5068252146804159","0","0.5068252146804159"
"1","172","200","100","1","""HK""","0.01","false","""normal""","1","""constant""","0.1","""Scale-free""","4","0","1","""uniform""","""deterministic-normal""","30","0","0.18","""normal""","0.9000000000000001","0.4","false","""/home/ramaswamy.51/Documents/github/Spirals/Media/data/cluster/endsim/BehaviorSearch/Step6""","true","0.1","0.1","2","0.9000000000000001","true","true","""-655833753""","0.52780591175332","0.52780591175332","0.52780591175332","0","0.52780591175332"
"1","173","200","100","1","""HK""","0.43","false","""normal""","1","""constant""","0","""Scale-free""","1","0","1","""uniform""","""deterministic-normal""","5","0.8","0.52","""normal""","-0.8","0","false","""/home/ramaswamy.51/Documents/github/Spirals/Media/data/cluster/endsim/BehaviorSearch/Step6""","true","0.9","0.2","10","-0.8","true","false","""1533134480""","0.7795393340692722","0.7795393340692722","0.7795393340692722","0","0.7795393340692722"
"1","174","200","100","1","""HK""","0.43","false","""normal""","1","""constant""","0","""Scale-free""","1","0","1","""uniform""","""deterministic-normal""","5","0.8","0.52","""normal""","-0.8","0","false","""/home/ramaswamy.51/Documents/github/Spirals/Media/data/cluster/endsim/BehaviorSearch/Step6""","true","0.9","0.2","10","-0.8","true","false","""-1787880631""","0.7795393340692722","0.7795393340692722","0.7795393340692722","0","0.7795393340692722"
"1","175","200","100","1","""HK""","0.43","false","""normal""","1","""constant""","0","""Scale-free""","1","0","1","""uniform""","""deterministic-normal""","5","0.8","0.52","""normal""","-0.8","0","false","""/home/ramaswamy.51/Documents/github/Spirals/Media/data/cluster/endsim/BehaviorSearch/Step6""","true","0.9","0.2","10","-0.8","true","false","""1535893829""","0.7795393340692722","0.7795393340692722","0.7795393340692722","0","0.7795393340692722"
"1","176","200","100","1","""HK""","0.43","false","""normal""","1","""constant""","0","""Scale-free""","1","0","1","""uniform""","""deterministic-normal""","5","0.8","0.52","""normal""","-0.8","0","false","""/home/ramaswamy.51/Documents/github/Spirals/Media/data/cluster/endsim/BehaviorSearch/Step6""","true","0.9","0.2","10","-0.8","true","false","""426541072""","0.7795393340692722","0.7795393340692722","0.7795393340692722","0","0.7795393340692722"
"1","177","200","100","1","""HK""","0.01","false","""normal""","1","""constant""","0.4","""Scale-free""","5","0","1","""uniform""","""deterministic-normal""","40","0.9000000000000001","0.87","""normal""","-1","0.7000000000000001","false","""/home/ramaswamy.51/Documents/github/Spirals/Media/data/cluster/endsim/BehaviorSearch/Step6""","true","0.9","0.9","4","-0.3999999999999999","true","false","""-810072970""","0.47725963087103546","0.47725963087103546","0.47725963087103546","0","0.47725963087103546"
"1","178","200","100","1","""HK""","0.01","false","""normal""","1","""constant""","0.4","""Scale-free""","5","0","1","""uniform""","""deterministic-normal""","40","0.9000000000000001","0.87","""normal""","-1","0.7000000000000001","false","""/home/ramaswamy.51/Documents/github/Spirals/Media/data/cluster/endsim/BehaviorSearch/Step6""","true","0.9","0.9","4","-0.3999999999999999","true","false","""2088620082""","0.5539913712344505","0.5539913712344505","0.5539913712344505","0","0.5539913712344505"
"1","179","200","100","1","""HK""","0.01","false","""normal""","1","""constant""","0.4","""Scale-free""","5","0","1","""uniform""","""deterministic-normal""","40","0.9000000000000001","0.87","""normal""","-1","0.7000000000000001","false","""/home/ramaswamy.51/Documents/github/Spirals/Media/data/cluster/endsim/BehaviorSearch/Step6""","true","0.9","0.9","4","-0.3999999999999999","true","false","""-607597700""","0.5297553817833446","0.5297553817833446","0.5297553817833446","0","0.5297553817833446"
"1","180","200","100","1","""HK""","0.01","false","""normal""","1","""constant""","0.4","""Scale-free""","5","0","1","""uniform""","""deterministic-normal""","40","0.9000000000000001","0.87","""normal""","-1","0.7000000000000001","false","""/home/ramaswamy.51/Documents/github/Spirals/Media/data/cluster/endsim/BehaviorSearch/Step6""","true","0.9","0.9","4","-0.3999999999999999","true","false","""-779494781""","0.44862951742881146","0.44862951742881146","0.44862951742881146","0","0.44862951742881146"
"1","181","200","100","1","""HK""","0.01","false","""normal""","1","""constant""","0.30000000000000004","""Scale-free""","3","0","1","""uniform""","""deterministic-normal""","35","-0.6","0.31","""normal""","0.5","0","false","""/home/ramaswamy.51/Documents/github/Spirals/Media/data/cluster/endsim/BehaviorSearch/Step6""","true","0.6000000000000001","0.1","9","0.8","true","false","""-376005775""","0.5765796891907919","0.5765796891907919","0.5765796891907919","0","0.5765796891907919"
"1","182","200","100","1","""HK""","0.01","false","""normal""","1","""constant""","0.30000000000000004","""Scale-free""","3","0","1","""uniform""","""deterministic-normal""","35","-0.6","0.31","""normal""","0.5","0","false","""/home/ramaswamy.51/Documents/github/Spirals/Media/data/cluster/endsim/BehaviorSearch/Step6""","true","0.6000000000000001","0.1","9","0.8","true","false","""461133894""","0.4851402624778774","0.4851402624778774","0.4851402624778774","0","0.4851402624778774"
"1","183","200","100","1","""HK""","0.01","false","""normal""","1","""constant""","0.30000000000000004","""Scale-free""","3","0","1","""uniform""","""deterministic-normal""","35","-0.6","0.31","""normal""","0.5","0","false","""/home/ramaswamy.51/Documents/github/Spirals/Media/data/cluster/endsim/BehaviorSearch/Step6""","true","0.6000000000000001","0.1","9","0.8","true","false","""-424174419""","0.5286309968515097","0.5286309968515097","0.5286309968515097","0","0.5286309968515097"
"1","184","200","100","1","""HK""","0.01","false","""normal""","1","""constant""","0.30000000000000004","""Scale-free""","3","0","1","""uniform""","""deterministic-normal""","35","-0.6","0.31","""normal""","0.5","0","false","""/home/ramaswamy.51/Documents/github/Spirals/Media/data/cluster/endsim/BehaviorSearch/Step6""","true","0.6000000000000001","0.1","9","0.8","true","false","""-1737779049""","0.47530381114455783","0.47530381114455783","0.47530381114455783","0","0.47530381114455783"
"1","185","200","100","1","""HK""","0.02","false","""normal""","1","""constant""","0.1","""Scale-free""","3","0","1","""uniform""","""deterministic-normal""","45","1","0.06","""normal""","-0.9","0.7000000000000001","false","""/home/ramaswamy.51/Documents/github/Spirals/Media/data/cluster/endsim/BehaviorSearch/Step6""","true","0.8","0.2","4","1","true","false","""1326647495""","0.4171757016945394","0.4171757016945394","0.4171757016945394","0","0.4171757016945394"
"1","186","200","100","1","""HK""","0.02","false","""normal""","1","""constant""","0.1","""Scale-free""","3","0","1","""uniform""","""deterministic-normal""","45","1","0.06","""normal""","-0.9","0.7000000000000001","false","""/home/ramaswamy.51/Documents/github/Spirals/Media/data/cluster/endsim/BehaviorSearch/Step6""","true","0.8","0.2","4","1","true","false","""-398060838""","0.3421027248583984","0.3421027248583984","0.3421027248583984","0","0.3421027248583984"
"1","187","200","100","1","""HK""","0.02","false","""normal""","1","""constant""","0.1","""Scale-free""","3","0","1","""uniform""","""deterministic-normal""","45","1","0.06","""normal""","-0.9","0.7000000000000001","false","""/home/ramaswamy.51/Documents/github/Spirals/Media/data/cluster/endsim/BehaviorSearch/Step6""","true","0.8","0.2","4","1","true","false","""1751462677""","0.321094711197146","0.321094711197146","0.321094711197146","0","0.321094711197146"
"1","188","200","100","1","""HK""","0.02","false","""normal""","1","""constant""","0.1","""Scale-free""","3","0","1","""uniform""","""deterministic-normal""","45","1","0.06","""normal""","-0.9","0.7000000000000001","false","""/home/ramaswamy.51/Documents/github/Spirals/Media/data/cluster/endsim/BehaviorSearch/Step6""","true","0.8","0.2","4","1","true","false","""-73910407""","0.32299990345875484","0.32299990345875484","0.32299990345875484","0","0.32299990345875484"
"1","189","200","100","1","""HK""","0.43","false","""normal""","1","""constant""","0.2","""Scale-free""","4","0","1","""uniform""","""deterministic-normal""","20","-0.19999999999999996","0.09","""normal""","-0.09999999999999998","0.2","false","""/home/ramaswamy.51/Documents/github/Spirals/Media/data/cluster/endsim/BehaviorSearch/Step6""","true","0","0.7000000000000001","9","-0.6","true","false","""1906151813""","0.5095184510641297","0.5095184510641297","0.5095184510641297","0","0.5095184510641297"
"1","190","200","100","1","""HK""","0.43","false","""normal""","1","""constant""","0.2","""Scale-free""","4","0","1","""uniform""","""deterministic-normal""","20","-0.19999999999999996","0.09","""normal""","-0.09999999999999998","0.2","false","""/home/ramaswamy.51/Documents/github/Spirals/Media/data/cluster/endsim/BehaviorSearch/Step6""","true","0","0.7000000000000001","9","-0.6","true","false","""312868399""","0.5095184510641297","0.5095184510641297","0.5095184510641297","0","0.5095184510641297"
"1","191","200","100","1","""HK""","0.43","false","""normal""","1","""constant""","0.2","""Scale-free""","4","0","1","""uniform""","""deterministic-normal""","20","-0.19999999999999996","0.09","""normal""","-0.09999999999999998","0.2","false","""/home/ramaswamy.51/Documents/github/Spirals/Media/data/cluster/endsim/BehaviorSearch/Step6""","true","0","0.7000000000000001","9","-0.6","true","false","""1483644241""","0.5095184510641297","0.5095184510641297","0.5095184510641297","0","0.5095184510641297"
"1","192","200","100","1","""HK""","0.43","false","""normal""","1","""constant""","0.2","""Scale-free""","4","0","1","""uniform""","""deterministic-normal""","20","-0.19999999999999996","0.09","""normal""","-0.09999999999999998","0.2","false","""/home/ramaswamy.51/Documents/github/Spirals/Media/data/cluster/endsim/BehaviorSearch/Step6""","true","0","0.7000000000000001","9","-0.6","true","false","""-1632702119""","0.5095184510641297","0.5095184510641297","0.5095184510641297","0","0.5095184510641297"
"1","193","200","100","1","""HK""","0.43","false","""normal""","1","""constant""","0","""Scale-free""","5","0","1","""uniform""","""deterministic-normal""","20","0","0.41000000000000003","""normal""","-0.09999999999999998","1","false","""/home/ramaswamy.51/Documents/github/Spirals/Media/data/cluster/endsim/BehaviorSearch/Step6""","true","0.30000000000000004","0.7000000000000001","5","-0.8","true","false","""550974383""","0.5095184510641297","0.5095184510641297","0.5095184510641297","0","0.5095184510641297"
"1","194","200","100","1","""HK""","0.43","false","""normal""","1","""constant""","0","""Scale-free""","5","0","1","""uniform""","""deterministic-normal""","20","0","0.41000000000000003","""normal""","-0.09999999999999998","1","false","""/home/ramaswamy.51/Documents/github/Spirals/Media/data/cluster/endsim/BehaviorSearch/Step6""","true","0.30000000000000004","0.7000000000000001","5","-0.8","true","false","""377338020""","0.5095184510641297","0.5095184510641297","0.5095184510641297","0","0.5095184510641297"
"1","195","200","100","1","""HK""","0.43","false","""normal""","1","""constant""","0","""Scale-free""","5","0","1","""uniform""","""deterministic-normal""","20","0","0.41000000000000003","""normal""","-0.09999999999999998","1","false","""/home/ramaswamy.51/Documents/github/Spirals/Media/data/cluster/endsim/BehaviorSearch/Step6""","true","0.30000000000000004","0.7000000000000001","5","-0.8","true","false","""-54106582""","0.5095184510641297","0.5095184510641297","0.5095184510641297","0","0.5095184510641297"
"1","196","200","100","1","""HK""","0.43","false","""normal""","1","""constant""","0","""Scale-free""","5","0","1","""uniform""","""deterministic-normal""","20","0","0.41000000000000003","""normal""","-0.09999999999999998","1","false","""/home/ramaswamy.51/Documents/github/Spirals/Media/data/cluster/endsim/BehaviorSearch/Step6""","true","0.30000000000000004","0.7000000000000001","5","-0.8","true","false","""80691225""","0.5095184510641297","0.5095184510641297","0.5095184510641297","0","0.5095184510641297"
"1","197","200","100","1","""HK""","0.02","false","""normal""","1","""constant""","0.5","""Scale-free""","4","0","1","""uniform""","""deterministic-normal""","0","-0.19999999999999996","0.67","""normal""","-0.9","0","false","""/home/ramaswamy.51/Documents/github/Spirals/Media/data/cluster/endsim/BehaviorSearch/Step6""","true","0.4","0","4","0","true","false","""-663621678""","0.7703776715679418","0.7703776715679418","0.7703776715679418","0","0.7703776715679418"
"1","198","200","100","1","""HK""","0.02","false","""normal""","1","""constant""","0.5","""Scale-free""","4","0","1","""uniform""","""deterministic-normal""","0","-0.19999999999999996","0.67","""normal""","-0.9","0","false","""/home/ramaswamy.51/Documents/github/Spirals/Media/data/cluster/endsim/BehaviorSearch/Step6""","true","0.4","0","4","0","true","false","""104327806""","0.7703776715679418","0.7703776715679418","0.7703776715679418","0","0.7703776715679418"
"1","199","200","100","1","""HK""","0.02","false","""normal""","1","""constant""","0.5","""Scale-free""","4","0","1","""uniform""","""deterministic-normal""","0","-0.19999999999999996","0.67","""normal""","-0.9","0","false","""/home/ramaswamy.51/Documents/github/Spirals/Media/data/cluster/endsim/BehaviorSearch/Step6""","true","0.4","0","4","0","true","false","""305177633""","0.7703776715679418","0.7703776715679418","0.7703776715679418","0","0.7703776715679418"
"1","200","200","100","1","""HK""","0.02","false","""normal""","1","""constant""","0.5","""Scale-free""","4","0","1","""uniform""","""deterministic-normal""","0","-0.19999999999999996","0.67","""normal""","-0.9","0","false","""/home/ramaswamy.51/Documents/github/Spirals/Media/data/cluster/endsim/BehaviorSearch/Step6""","true","0.4","0","4","0","true","false","""-1491431119""","0.7703776715679418","0.7703776715679418","0.7703776715679418","0","0.7703776715679418"
