triplet_id,eval_indices,mean,std,min,max,range,cv,results,params
0,"[1, 2, 3]",0.7505914561343007,0.002160444642583412,0.7475634899596163,0.752458776474457,0.004895286514840724,0.2878322987727762,[0.74756349 0.75245878 0.7517521 ],"{'model*': '""HK""', 'boundary_mean*': 0.21, 'boundary_distribution*': '""normal""', 'silence_tau*': 8, 'silence_delta0*': 0.4000000000000001, 'use_silence?*': True}"
1,"[4, 5, 6]",0.9097194706671545,0.005573376397599678,0.9043056770466142,0.9173874072554984,0.013081730208884146,0.6126478081767746,[0.91738741 0.90430568 0.90746533],"{'model*': '""HK""', 'boundary_mean*': 0.14, 'boundary_distribution*': '""normal""', 'silence_tau*': 7, 'silence_delta0*': -0.1999999999999999, 'use_silence?*': True}"
2,"[7, 8, 9]",0.8904435256182786,0.0037878773179703886,0.8866613652765574,0.8956199473583105,0.008958582081753153,0.42539220163797364,[0.88666137 0.88904926 0.89561995],"{'model*': '""HK""', 'boundary_mean*': 0.0999999999999999, 'boundary_distribution*': '""normal""', 'silence_tau*': 9, 'silence_delta0*': 0.5, 'use_silence?*': True}"
3,"[10, 11, 12]",0.6954706333779107,0.01249493543285186,0.6800444481109965,0.7106476206575854,0.03060317254658884,1.7966158214565844,[0.71064762 0.69571983 0.68004445],"{'model*': '""HK""', 'boundary_mean*': 0.13, 'boundary_distribution*': '""normal""', 'silence_tau*': 1, 'silence_delta0*': 0.8, 'use_silence?*': False}"
4,"[13, 14, 15]",0.7979069026583404,0.0,0.7979069026583404,0.7979069026583404,0.0,0.0,[0.7979069 0.7979069 0.7979069],"{'model*': '""HK""', 'boundary_mean*': 0.16, 'boundary_distribution*': '""normal""', 'silence_tau*': 5, 'silence_delta0*': 0.5, 'use_silence?*': False}"
5,"[16, 17, 18]",0.8504123493730713,0.007070098350538916,0.843815716188066,0.8602177973609205,0.016402081172854577,0.8313729634513224,[0.84720353 0.8602178  0.84381572],"{'model*': '""HK""', 'boundary_mean*': 0.16, 'boundary_distribution*': '""normal""', 'silence_tau*': 0, 'silence_delta0*': -0.8, 'use_silence?*': False}"
6,"[19, 20, 21]",0.8230271903219433,0.0020526720357284998,0.8214717962402022,0.82592756389664,0.004455767656437848,0.24940513021514593,[0.82168221 0.82592756 0.8214718 ],"{'model*': '""HK""', 'boundary_mean*': 0.02, 'boundary_distribution*': '""normal""', 'silence_tau*': 5, 'silence_delta0*': 0.1, 'use_silence?*': False}"
7,"[22, 23, 24]",0.7979069026583404,0.0,0.7979069026583404,0.7979069026583404,0.0,0.0,[0.7979069 0.7979069 0.7979069],"{'model*': '""HK""', 'boundary_mean*': 0.27, 'boundary_distribution*': '""normal""', 'silence_tau*': 10, 'silence_delta0*': -0.8, 'use_silence?*': False}"
8,"[25, 26, 27]",0.6871465796463475,0.018539432038352382,0.6615135575072183,0.7047356102253763,0.043222052718158044,2.6980316263662463,[0.70473561 0.66151356 0.69519057],"{'model*': '""HK""', 'boundary_mean*': 0.02, 'boundary_distribution*': '""normal""', 'silence_tau*': 10, 'silence_delta0*': 0.4000000000000001, 'use_silence?*': False}"
9,"[28, 29, 30]",0.7535413941390307,0.013219655640020965,0.7398457710833233,0.7714101572908636,0.03156438620754032,1.7543370202144328,[0.77141016 0.74936825 0.73984577],"{'model*': '""HK""', 'boundary_mean*': 0.12, 'boundary_distribution*': '""normal""', 'silence_tau*': 4, 'silence_delta0*': -1.0, 'use_silence?*': True}"
10,"[31, 32, 33]",0.8982154760087658,0.010758966189672729,0.8839045697127638,0.9098465856389008,0.025942015926136985,1.197815722067088,[0.88390457 0.90984659 0.90089527],"{'model*': '""HK""', 'boundary_mean*': 0.14, 'boundary_distribution*': '""normal""', 'silence_tau*': 2, 'silence_delta0*': 0.6000000000000001, 'use_silence?*': True}"
11,"[34, 35, 36]",0.8353377303576975,0.003255994685712451,0.8310159682566629,0.8388748495222879,0.00785888126562495,0.38978182923908045,[0.83612237 0.83887485 0.83101597],"{'model*': '""HK""', 'boundary_mean*': 0.0699999999999999, 'boundary_distribution*': '""normal""', 'silence_tau*': 6, 'silence_delta0*': -0.5, 'use_silence?*': True}"
12,"[37, 38, 39]",0.8261786246659218,0.0014607936242731756,0.8241546158948703,0.8275489841687619,0.0033943682738916126,0.17681329202433313,[0.82415462 0.82683227 0.82754898],"{'model*': '""HK""', 'boundary_mean*': 0.12, 'boundary_distribution*': '""normal""', 'silence_tau*': 4, 'silence_delta0*': -0.2999999999999999, 'use_silence?*': True}"
13,"[40, 41, 42]",0.8477948688277541,0.0023225308286541004,0.8445172198372157,0.8496180489472663,0.005100829110050609,0.2739496208399402,[0.84961805 0.84924934 0.84451722],"{'model*': '""HK""', 'boundary_mean*': 0.23, 'boundary_distribution*': '""normal""', 'silence_tau*': 9, 'silence_delta0*': -0.8, 'use_silence?*': False}"
14,"[43, 44, 45]",0.6177540938678265,0.0021013765126640096,0.614803848331027,0.6195385923405237,0.004734744009496694,0.34016391530601753,[0.61891984 0.61480385 0.61953859],"{'model*': '""HK""', 'boundary_mean*': 0.17, 'boundary_distribution*': '""normal""', 'silence_tau*': 1, 'silence_delta0*': 0.9000000000000001, 'use_silence?*': True}"
15,"[46, 47, 48]",0.6248651496700646,0.004027650810113646,0.6191712554058668,0.6278448848039404,0.00867362939807359,0.6445632009146756,[0.61917126 0.62757931 0.62784488],"{'model*': '""HK""', 'boundary_mean*': 0.28, 'boundary_distribution*': '""normal""', 'silence_tau*': 5, 'silence_delta0*': 0.2000000000000001, 'use_silence?*': False}"
16,"[49, 50, 51]",0.7245949053123456,0.030301065851277845,0.6873712534866225,0.7615923695375754,0.07422111605095283,4.181793941570179,[0.72482109 0.68737125 0.76159237],"{'model*': '""HK""', 'boundary_mean*': 0.23, 'boundary_distribution*': '""normal""', 'silence_tau*': 8, 'silence_delta0*': 1.0, 'use_silence?*': False}"
17,"[52, 53, 54]",0.7591679657780573,0.08926915048547499,0.6481758284418624,0.8667603964089157,0.21858456796705328,11.75881418995132,[0.76256767 0.8667604  0.64817583],"{'model*': '""HK""', 'boundary_mean*': 0.13, 'boundary_distribution*': '""normal""', 'silence_tau*': 4, 'silence_delta0*': -0.8, 'use_silence?*': False}"
18,"[55, 56, 57]",0.61452100785336,0.0017970786644371886,0.6122745605991007,0.6166734756884579,0.0043989150893571916,0.2924356761560894,[0.61667348 0.61461499 0.61227456],"{'model*': '""HK""', 'boundary_mean*': 0.25, 'boundary_distribution*': '""normal""', 'silence_tau*': 6, 'silence_delta0*': -0.3999999999999999, 'use_silence?*': False}"
19,"[58, 59, 60]",0.6389168690727677,0.004514897898700189,0.632617958916584,0.642971449935917,0.010353491019333028,0.7066487233702977,[0.64297145 0.6411612  0.63261796],"{'model*': '""HK""', 'boundary_mean*': 0.0999999999999999, 'boundary_distribution*': '""normal""', 'silence_tau*': 7, 'silence_delta0*': 0.2000000000000001, 'use_silence?*': False}"
20,"[61, 62, 63]",19.99937862595482,1.414988468017989,17.99828274486966,20.99998100773465,3.0016982628649913,7.07516215619641,[20.99987213 20.99998101 17.99828274],"{'model*': '""HK""', 'boundary_mean*': 0.01, 'boundary_distribution*': '""normal""', 'silence_tau*': 8, 'silence_delta0*': 0.5, 'use_silence?*': True}"
21,"[64, 65, 66]",0.6557220168530166,0.010978307827778918,0.6402407529720803,0.6644788749635973,0.02423812199151698,1.6742319985634646,[0.66244642 0.66447887 0.64024075],"{'model*': '""HK""', 'boundary_mean*': 0.12, 'boundary_distribution*': '""normal""', 'silence_tau*': 8, 'silence_delta0*': -0.2999999999999999, 'use_silence?*': True}"
22,"[67, 68, 69]",0.601089870242907,0.005503552689640764,0.5943348321835437,0.6078156326812871,0.013480800497743473,0.9155956475221778,[0.59433483 0.60781563 0.60111915],"{'model*': '""HK""', 'boundary_mean*': 0.13, 'boundary_distribution*': '""normal""', 'silence_tau*': 8, 'silence_delta0*': 0.0, 'use_silence?*': False}"
23,"[70, 71, 72]",0.6903913960054223,0.01409435256686441,0.6794013069179254,0.7102874689084678,0.030886161990542393,2.0415017696358593,[0.67940131 0.68148541 0.71028747],"{'model*': '""HK""', 'boundary_mean*': 0.2, 'boundary_distribution*': '""normal""', 'silence_tau*': 2, 'silence_delta0*': 0.7000000000000002, 'use_silence?*': False}"
24,"[73, 74, 75]",0.8302123598912322,0.005076113943425382,0.8262138661155929,0.837374884303511,0.011161018187918148,0.6114235572318405,[0.82704833 0.83737488 0.82621387],"{'model*': '""HK""', 'boundary_mean*': 0.03, 'boundary_distribution*': '""normal""', 'silence_tau*': 4, 'silence_delta0*': -0.7, 'use_silence?*': False}"
25,"[76, 77, 78]",0.9005950451947732,0.010940986566372057,0.891669300565812,0.9160035144633822,0.02433421389757029,1.2148619542988748,[0.89411232 0.91600351 0.8916693 ],"{'model*': '""HK""', 'boundary_mean*': 0.02, 'boundary_distribution*': '""normal""', 'silence_tau*': 4, 'silence_delta0*': 0.1, 'use_silence?*': False}"
26,"[79, 80, 81]",0.8319161346853119,0.0016116858722464834,0.8296369382502989,0.833071376884614,0.003434438634315029,0.19373177235661312,[0.83307138 0.82963694 0.83304009],"{'model*': '""HK""', 'boundary_mean*': 0.22, 'boundary_distribution*': '""normal""', 'silence_tau*': 0, 'silence_delta0*': 0.9000000000000001, 'use_silence?*': True}"
27,"[82, 83, 84]",0.9479240920072914,0.002005118689991975,0.9452804236297776,0.9501341911192176,0.004853767489439997,0.21152734769574272,[0.94528042 0.94835766 0.95013419],"{'model*': '""HK""', 'boundary_mean*': 0.22, 'boundary_distribution*': '""normal""', 'silence_tau*': 8, 'silence_delta0*': -0.0999999999999999, 'use_silence?*': True}"
28,"[85, 86, 87]",0.8262217954559615,0.0009990777575531033,0.824813343091196,0.8270231349772619,0.0022097918860658483,0.12092125420169397,[0.82481334 0.82702313 0.82682891],"{'model*': '""HK""', 'boundary_mean*': 0.08, 'boundary_distribution*': '""normal""', 'silence_tau*': 9, 'silence_delta0*': -0.1999999999999999, 'use_silence?*': False}"
29,"[88, 89, 90]",0.8731470267342377,0.0043101498684369344,0.8700893353667666,0.8792424882829821,0.009153152916215546,0.4936339169083407,[0.87008934 0.87924249 0.87010926],"{'model*': '""HK""', 'boundary_mean*': 0.05, 'boundary_distribution*': '""normal""', 'silence_tau*': 9, 'silence_delta0*': 1.0, 'use_silence?*': True}"
30,"[91, 92, 93]",0.8168333541552291,0.002885946206430449,0.8140137553372258,0.8207986232155378,0.0067848678783120064,0.3533090552374788,[0.81568768 0.81401376 0.82079862],"{'model*': '""HK""', 'boundary_mean*': 0.13, 'boundary_distribution*': '""normal""', 'silence_tau*': 8, 'silence_delta0*': 0.7000000000000002, 'use_silence?*': True}"
31,"[94, 95, 96]",0.8157501155217003,0.010096077005273209,0.8047655963737107,0.8291418314478878,0.024376235074177077,1.2376433436134324,[0.82914183 0.81334292 0.8047656 ],"{'model*': '""HK""', 'boundary_mean*': 0.06, 'boundary_distribution*': '""normal""', 'silence_tau*': 8, 'silence_delta0*': -0.1999999999999999, 'use_silence?*': True}"
32,"[97, 98, 99]",0.8981647479997914,0.00518093275333861,0.8922238850317512,0.904849032831502,0.012625147799750769,0.5768354597390426,[0.89742133 0.90484903 0.89222389],"{'model*': '""HK""', 'boundary_mean*': 0.22, 'boundary_distribution*': '""normal""', 'silence_tau*': 7, 'silence_delta0*': 0.7000000000000002, 'use_silence?*': False}"
33,"[100, 101, 102]",0.7192129791352855,0.006978703404639762,0.7097998832935396,0.7264883150622959,0.01668843176875634,0.9703250090161476,[0.72648832 0.70979988 0.72135074],"{'model*': '""HK""', 'boundary_mean*': 0.0699999999999999, 'boundary_distribution*': '""normal""', 'silence_tau*': 3, 'silence_delta0*': -0.2999999999999999, 'use_silence?*': False}"
34,"[103, 104, 105]",0.7979069026583404,0.0,0.7979069026583404,0.7979069026583404,0.0,0.0,[0.7979069 0.7979069 0.7979069],"{'model*': '""HK""', 'boundary_mean*': 0.22, 'boundary_distribution*': '""normal""', 'silence_tau*': 2, 'silence_delta0*': -0.3999999999999999, 'use_silence?*': False}"
35,"[106, 107, 108]",0.8432402817022413,0.00471446363835734,0.8368202690333116,0.8480081163629916,0.011187847329679923,0.5590889976034229,[0.83682027 0.84489246 0.84800812],"{'model*': '""HK""', 'boundary_mean*': 0.0699999999999999, 'boundary_distribution*': '""normal""', 'silence_tau*': 5, 'silence_delta0*': -0.7, 'use_silence?*': False}"
36,"[109, 110, 111]",0.8156920375172291,0.0036718269531842906,0.8109800544186183,0.8199378389035289,0.00895778448491058,0.45014868164711414,[0.81098005 0.81993784 0.81615822],"{'model*': '""HK""', 'boundary_mean*': 0.24, 'boundary_distribution*': '""normal""', 'silence_tau*': 2, 'silence_delta0*': -0.7, 'use_silence?*': True}"
37,"[112, 113, 114]",0.8350051681134493,0.006053738711280461,0.8299136810131916,0.8435115490378542,0.013597868024662563,0.7249941608095485,[0.84351155 0.82991368 0.83159027],"{'model*': '""HK""', 'boundary_mean*': 0.0699999999999999, 'boundary_distribution*': '""normal""', 'silence_tau*': 1, 'silence_delta0*': 0.6000000000000001, 'use_silence?*': False}"
38,"[115, 116, 117]",0.8614063879069346,0.0011942270200367637,0.8598309159550567,0.8627210805791147,0.0028901646240580003,0.13863688925485268,[0.85983092 0.86272108 0.86166717],"{'model*': '""HK""', 'boundary_mean*': 0.22, 'boundary_distribution*': '""normal""', 'silence_tau*': 6, 'silence_delta0*': 0.2000000000000001, 'use_silence?*': False}"
39,"[118, 119, 120]",0.7076333737180063,0.0032995043197940484,0.7036116156757325,0.7116934452195032,0.00808182954377068,0.4662731355444676,[0.70759506 0.70361162 0.71169345],"{'model*': '""HK""', 'boundary_mean*': 0.23, 'boundary_distribution*': '""normal""', 'silence_tau*': 5, 'silence_delta0*': 1.0, 'use_silence?*': True}"
40,"[121, 122, 123]",0.8492389533868918,0.0034780115400585986,0.8445168134079232,0.8527920350891713,0.008275221681248168,0.40954451349502624,[0.85040801 0.84451681 0.85279204],"{'model*': '""HK""', 'boundary_mean*': 0.08, 'boundary_distribution*': '""normal""', 'silence_tau*': 2, 'silence_delta0*': -0.6, 'use_silence?*': True}"
41,"[124, 125, 126]",0.8937866425517506,0.00509692306791043,0.8871528019984404,0.8995452951591985,0.012392493160758078,0.5702617185415495,[0.8995453  0.8871528  0.89466183],"{'model*': '""HK""', 'boundary_mean*': 0.21, 'boundary_distribution*': '""normal""', 'silence_tau*': 5, 'silence_delta0*': -0.1999999999999999, 'use_silence?*': False}"
42,"[127, 128, 129]",0.797769348405757,0.0050138386594752084,0.7921156108053374,0.8043021996012398,0.012186588795902398,0.6284822385686718,[0.8043022  0.79689023 0.79211561],"{'model*': '""HK""', 'boundary_mean*': 0.23, 'boundary_distribution*': '""normal""', 'silence_tau*': 9, 'silence_delta0*': 0.9000000000000001, 'use_silence?*': True}"
43,"[130, 131, 132]",0.9005364267598756,0.019683416364468465,0.8802498129029973,0.9271871651460544,0.04693735224305706,2.1857434946067946,[0.92718717 0.8941723  0.88024981],"{'model*': '""HK""', 'boundary_mean*': 0.0699999999999999, 'boundary_distribution*': '""normal""', 'silence_tau*': 2, 'silence_delta0*': -0.2999999999999999, 'use_silence?*': False}"
44,"[133, 134, 135]",0.5720511765068624,0.0077373838703949736,0.5625506213079196,0.5815030763711114,0.018952455063191875,1.352568474317639,[0.58150308 0.57209983 0.56255062],"{'model*': '""HK""', 'boundary_mean*': 0.19, 'boundary_distribution*': '""normal""', 'silence_tau*': 10, 'silence_delta0*': 0.4000000000000001, 'use_silence?*': True}"
45,"[136, 137, 138]",0.681344036010309,0.004177475872471994,0.6766847166546532,0.6868193298617395,0.010134613207086307,0.613122835408335,[0.67668472 0.68681933 0.68052806],"{'model*': '""HK""', 'boundary_mean*': 0.27, 'boundary_distribution*': '""normal""', 'silence_tau*': 4, 'silence_delta0*': -0.1999999999999999, 'use_silence?*': True}"
46,"[139, 140, 141]",0.772473500906123,0.009880302892216494,0.7594475690931091,0.7833653254727087,0.023917756379599586,1.279047485852492,[0.77460761 0.75944757 0.78336533],"{'model*': '""HK""', 'boundary_mean*': 0.0699999999999999, 'boundary_distribution*': '""normal""', 'silence_tau*': 0, 'silence_delta0*': -0.6, 'use_silence?*': False}"
47,"[142, 143, 144]",0.830385723526553,0.010546143738543866,0.8159203016401003,0.8407641297611644,0.024843828121064115,1.2700295103528034,[0.83447274 0.84076413 0.8159203 ],"{'model*': '""HK""', 'boundary_mean*': 0.17, 'boundary_distribution*': '""normal""', 'silence_tau*': 10, 'silence_delta0*': 0.0, 'use_silence?*': False}"
48,"[145, 146, 147]",0.8848892869468467,0.002171688662722334,0.8829274911510682,0.8879166123204713,0.004989121169403088,0.24541925128457143,[0.88382376 0.88791661 0.88292749],"{'model*': '""HK""', 'boundary_mean*': 0.13, 'boundary_distribution*': '""normal""', 'silence_tau*': 0, 'silence_delta0*': -0.9, 'use_silence?*': False}"
49,"[148, 149, 150]",0.8588369013150333,0.0062334766239378414,0.8503498405513537,0.8651448192396994,0.014794978688345783,0.7258044704871519,[0.85034984 0.86101604 0.86514482],"{'model*': '""HK""', 'boundary_mean*': 0.17, 'boundary_distribution*': '""normal""', 'silence_tau*': 4, 'silence_delta0*': -0.5, 'use_silence?*': False}"
50,"[151, 152, 153]",0.8188078201530736,0.006651596805843048,0.8105587510304884,0.8268477415483023,0.01628899051781396,0.8123514018954475,[0.81901697 0.82684774 0.81055875],"{'model*': '""HK""', 'boundary_mean*': 0.05, 'boundary_distribution*': '""normal""', 'silence_tau*': 0, 'silence_delta0*': 0.4000000000000001, 'use_silence?*': False}"
51,"[154, 155, 156]",0.8236930123469963,0.008097614291384512,0.8143848821552014,0.8341242800589961,0.019739397903794642,0.9830864375444328,[0.83412428 0.81438488 0.82256987],"{'model*': '""HK""', 'boundary_mean*': 0.29, 'boundary_distribution*': '""normal""', 'silence_tau*': 9, 'silence_delta0*': -1.0, 'use_silence?*': False}"
52,"[157, 158, 159]",0.8463314235829213,0.009029240310341365,0.8341456232407594,0.8557289377085459,0.021583314467786496,1.0668681392115065,[0.83414562 0.84911971 0.85572894],"{'model*': '""HK""', 'boundary_mean*': 0.15, 'boundary_distribution*': '""normal""', 'silence_tau*': 7, 'silence_delta0*': 0.0, 'use_silence?*': True}"
53,"[160, 161, 162]",0.8359775467781848,0.010358966038525248,0.821335872876749,0.843720645619192,0.022384772742442993,1.239144050991343,[0.84372065 0.84287612 0.82133587],"{'model*': '""HK""', 'boundary_mean*': 0.22, 'boundary_distribution*': '""normal""', 'silence_tau*': 10, 'silence_delta0*': -0.8, 'use_silence?*': True}"
54,"[163, 164, 165]",0.8750562221725503,0.0037098695376833087,0.8698200896787702,0.8779604446016755,0.008140354922905324,0.42395784907084155,[0.86982009 0.87738813 0.87796044],"{'model*': '""HK""', 'boundary_mean*': 0.09, 'boundary_distribution*': '""normal""', 'silence_tau*': 9, 'silence_delta0*': 0.9000000000000001, 'use_silence?*': True}"
55,"[166, 167, 168]",0.616041022034799,0.011703247393009023,0.5995071699879617,0.6249581800805979,0.025451010092636173,1.8997513110982287,[0.62365772 0.62495818 0.59950717],"{'model*': '""HK""', 'boundary_mean*': 0.22, 'boundary_distribution*': '""normal""', 'silence_tau*': 5, 'silence_delta0*': 0.9000000000000001, 'use_silence?*': False}"
56,"[169, 170, 171]",164.3330134099468,9.977495261297708,150.99993044034798,174.99921630893778,23.999285868589794,6.071509950595105,[150.99993044 166.99989348 174.99921631],"{'model*': '""HK""', 'boundary_mean*': 0.03, 'boundary_distribution*': '""normal""', 'silence_tau*': 2, 'silence_delta0*': 0.6000000000000001, 'use_silence?*': True}"
57,"[172, 173, 174]",0.8545279430459168,0.007495859080804092,0.8453991703335433,0.8637593398599104,0.0183601695263671,0.8771929744140986,[0.86375934 0.85442532 0.84539917],"{'model*': '""HK""', 'boundary_mean*': 0.01, 'boundary_distribution*': '""normal""', 'silence_tau*': 0, 'silence_delta0*': 0.4000000000000001, 'use_silence?*': True}"
58,"[175, 176, 177]",0.8243601596636422,0.004613317612197599,0.8199921252216832,0.8307411109348438,0.01074898571316063,0.5596240378816872,[0.81999213 0.83074111 0.82234724],"{'model*': '""HK""', 'boundary_mean*': 0.01, 'boundary_distribution*': '""normal""', 'silence_tau*': 1, 'silence_delta0*': -0.2999999999999999, 'use_silence?*': False}"
59,"[178, 179, 180]",0.5343556826506698,0.0001676467351455905,0.5341240940948052,0.5345154450682248,0.0003913509734195797,0.03137362258673462,[0.53442751 0.53451545 0.53412409],"{'model*': '""HK""', 'boundary_mean*': 0.12, 'boundary_distribution*': '""normal""', 'silence_tau*': 0, 'silence_delta0*': -0.0999999999999999, 'use_silence?*': False}"
60,"[181, 182, 183]",0.8650045330027766,0.025148542024391953,0.8297159214022155,0.8864840920420848,0.056768170639869275,2.9073306630071993,[0.82971592 0.87881359 0.88648409],"{'model*': '""HK""', 'boundary_mean*': 0.0699999999999999, 'boundary_distribution*': '""normal""', 'silence_tau*': 2, 'silence_delta0*': -0.2999999999999999, 'use_silence?*': True}"
61,"[184, 185, 186]",0.7128295557232741,0.008997667769627852,0.706395584298782,0.7255539094582967,0.019158325159514655,1.262246731688664,[0.70653917 0.72555391 0.70639558],"{'model*': '""HK""', 'boundary_mean*': 0.16, 'boundary_distribution*': '""normal""', 'silence_tau*': 7, 'silence_delta0*': 0.7000000000000002, 'use_silence?*': False}"
62,"[187, 188, 189]",0.7944138390055349,0.008054204319844598,0.7852167766490487,0.8048318069131258,0.019615030264077182,1.013854986454797,[0.80483181 0.78521678 0.79319293],"{'model*': '""HK""', 'boundary_mean*': 0.0699999999999999, 'boundary_distribution*': '""normal""', 'silence_tau*': 9, 'silence_delta0*': 0.5, 'use_silence?*': True}"
63,"[190, 191, 192]",0.8331303802521474,7.022153373081919e-05,0.8330330882897304,0.8331962686588251,0.00016318036909468425,0.008428636789066149,[0.83303309 0.83319627 0.83316178],"{'model*': '""HK""', 'boundary_mean*': 0.09, 'boundary_distribution*': '""normal""', 'silence_tau*': 0, 'silence_delta0*': 0.9000000000000001, 'use_silence?*': True}"
64,"[193, 194, 195]",0.8336641433949579,0.0034546332952600403,0.8287793515770457,0.8361829819544593,0.007403630377413539,0.4143914935805712,[0.8360301  0.83618298 0.82877935],"{'model*': '""HK""', 'boundary_mean*': 0.27, 'boundary_distribution*': '""normal""', 'silence_tau*': 0, 'silence_delta0*': 0.6000000000000001, 'use_silence?*': False}"
65,"[196, 197, 198]",0.823472803773993,0.0011137038535995658,0.8224969220743334,0.8250313732202492,0.0025344511459157726,0.1352447644288236,[0.82503137 0.82289012 0.82249692],"{'model*': '""HK""', 'boundary_mean*': 0.12, 'boundary_distribution*': '""normal""', 'silence_tau*': 4, 'silence_delta0*': -0.2999999999999999, 'use_silence?*': True}"
66,"[199, 200, 201]",0.6540668698354449,0.004293817254872982,0.648552184485795,0.6590256856643498,0.010473501178554834,0.6564798574728686,[0.65462274 0.65902569 0.64855218],"{'model*': '""HK""', 'boundary_mean*': 0.11, 'boundary_distribution*': '""normal""', 'silence_tau*': 1, 'silence_delta0*': 0.8, 'use_silence?*': False}"
67,"[202, 203, 204]",0.7201016899269765,0.006825351391830154,0.7106042605341111,0.7263428049144134,0.01573854438030231,0.947831603134037,[0.723358   0.71060426 0.7263428 ],"{'model*': '""HK""', 'boundary_mean*': 0.21, 'boundary_distribution*': '""normal""', 'silence_tau*': 8, 'silence_delta0*': 0.3, 'use_silence?*': True}"
68,"[205, 206, 207]",0.9079196330141396,0.0019955936439964113,0.9055502485440357,0.9104321444810756,0.004881895937039915,0.21979849002398794,[0.91043214 0.90555025 0.90777651],"{'model*': '""HK""', 'boundary_mean*': 0.22, 'boundary_distribution*': '""normal""', 'silence_tau*': 1, 'silence_delta0*': -0.9, 'use_silence?*': False}"
69,"[208, 209, 210]",0.826121948896582,0.0007477688995597955,0.8252395431795769,0.8270678869368094,0.001828343757232509,0.09051555893879352,[0.82605842 0.82523954 0.82706789],"{'model*': '""HK""', 'boundary_mean*': 0.13, 'boundary_distribution*': '""normal""', 'silence_tau*': 8, 'silence_delta0*': 0.7000000000000002, 'use_silence?*': True}"
70,"[211, 212, 213]",0.7979069026583404,0.0,0.7979069026583404,0.7979069026583404,0.0,0.0,[0.7979069 0.7979069 0.7979069],"{'model*': '""HK""', 'boundary_mean*': 0.0699999999999999, 'boundary_distribution*': '""normal""', 'silence_tau*': 1, 'silence_delta0*': -0.7, 'use_silence?*': True}"
71,"[214, 215, 216]",0.8119387679744543,0.0015944780179715304,0.8103547365068318,0.8141206302670186,0.003765893760186878,0.19637909665888706,[0.81134094 0.81035474 0.81412063],"{'model*': '""HK""', 'boundary_mean*': 0.27, 'boundary_distribution*': '""normal""', 'silence_tau*': 8, 'silence_delta0*': 1.0, 'use_silence?*': True}"
72,"[217, 218, 219]",100.66660688049404,16.131387677518745,82.9999754770953,121.9999267320303,38.999951254935,16.024566812576744,[121.99992673  96.99991843  82.99997548],"{'model*': '""HK""', 'boundary_mean*': 0.01, 'boundary_distribution*': '""normal""', 'silence_tau*': 2, 'silence_delta0*': 1.0, 'use_silence?*': True}"
73,"[220, 221, 222]",0.8764211779964576,0.002396537424932048,0.8730380400883494,0.8782884480167898,0.005250407928440448,0.27344585971902824,[0.87793705 0.87303804 0.87828845],"{'model*': '""HK""', 'boundary_mean*': 0.09, 'boundary_distribution*': '""normal""', 'silence_tau*': 9, 'silence_delta0*': 1.0, 'use_silence?*': True}"
74,"[223, 224, 225]",0.8109661762981414,0.003091947943815219,0.8072526993306757,0.8148223596398213,0.007569660309145632,0.38126718896331674,[0.81082347 0.81482236 0.8072527 ],"{'model*': '""HK""', 'boundary_mean*': 0.0699999999999999, 'boundary_distribution*': '""normal""', 'silence_tau*': 3, 'silence_delta0*': -0.5, 'use_silence?*': True}"
75,"[226, 227, 228]",0.8135561014302958,0.005074503093676427,0.8079226347873626,0.8202230182095753,0.012300383422212735,0.6237434744518602,[0.80792263 0.81252265 0.82022302],"{'model*': '""HK""', 'boundary_mean*': 0.15, 'boundary_distribution*': '""normal""', 'silence_tau*': 7, 'silence_delta0*': -0.0999999999999999, 'use_silence?*': True}"
76,"[229, 230, 231]",1.3164721206871237,0.47490826348799686,0.9642967336953636,1.987823542606235,1.0235268089108713,36.074312249022164,[1.98782354 0.96429673 0.99729609],"{'model*': '""HK""', 'boundary_mean*': 0.04, 'boundary_distribution*': '""normal""', 'silence_tau*': 8, 'silence_delta0*': 0.5, 'use_silence?*': True}"
77,"[232, 233, 234]",0.865215805058631,0.00018778654344668152,0.8649537438690125,0.8653840999597029,0.00043035609069042025,0.021704012149195106,[0.86495374 0.86530957 0.8653841 ],"{'model*': '""HK""', 'boundary_mean*': 0.22, 'boundary_distribution*': '""normal""', 'silence_tau*': 6, 'silence_delta0*': 0.3, 'use_silence?*': True}"
78,"[235, 236, 237]",0.8270884586199614,0.0026382599955743985,0.8242643109282353,0.8306121115119084,0.006347800583673124,0.3189815996195217,[0.83061211 0.82638895 0.82426431],"{'model*': '""HK""', 'boundary_mean*': 0.12, 'boundary_distribution*': '""normal""', 'silence_tau*': 3, 'silence_delta0*': -0.2999999999999999, 'use_silence?*': True}"
79,"[238, 239, 240]",0.9890067042788185,0.0049135271708450464,0.9849735010969902,0.9959237219702812,0.010950220873291006,0.49681434408758424,[0.98612289 0.99592372 0.9849735 ],"{'model*': '""HK""', 'boundary_mean*': 0.0699999999999999, 'boundary_distribution*': '""normal""', 'silence_tau*': 8, 'silence_delta0*': 0.5, 'use_silence?*': False}"
80,"[241, 242, 243]",0.8171583013193032,0.0013408162048366378,0.8155706707808525,0.8188500331201521,0.0032793623392995963,0.16408279799298228,[0.81557067 0.81885003 0.8170542 ],"{'model*': '""HK""', 'boundary_mean*': 0.01, 'boundary_distribution*': '""normal""', 'silence_tau*': 1, 'silence_delta0*': -0.2999999999999999, 'use_silence?*': False}"
81,"[244, 245, 246]",0.9229808211896985,0.0028525922347825377,0.918999951885347,0.9255373241886014,0.006537372303254352,0.30906300210069587,[0.92553732 0.91899995 0.92440519],"{'model*': '""HK""', 'boundary_mean*': 0.05, 'boundary_distribution*': '""normal""', 'silence_tau*': 9, 'silence_delta0*': 0.9000000000000001, 'use_silence?*': False}"
82,"[247, 248, 249]",0.6947122587239895,0.006300964295623206,0.6861499854153605,0.7011308783427582,0.014980892927397682,0.9069890759084175,[0.69685591 0.70113088 0.68614999],"{'model*': '""HK""', 'boundary_mean*': 0.0699999999999999, 'boundary_distribution*': '""normal""', 'silence_tau*': 8, 'silence_delta0*': 0.6000000000000001, 'use_silence?*': False}"
83,"[250, 251, 252]",0.6758893355592539,0.00393849485318014,0.6708056564300813,0.6804021564648226,0.009596500034741329,0.5827129747388743,[0.68040216 0.67646019 0.67080566],"{'model*': '""HK""', 'boundary_mean*': 0.21, 'boundary_distribution*': '""normal""', 'silence_tau*': 2, 'silence_delta0*': 0.6000000000000001, 'use_silence?*': False}"
84,"[253, 254, 255]",0.5674513793993116,0.006150218658557602,0.5605676303566436,0.5754974133075783,0.014929782950934722,1.0838318280357437,[0.56628909 0.57549741 0.56056763],"{'model*': '""HK""', 'boundary_mean*': 0.18, 'boundary_distribution*': '""normal""', 'silence_tau*': 10, 'silence_delta0*': 0.5, 'use_silence?*': False}"
85,"[256, 257, 258]",0.8916441134622581,0.010410276809446091,0.8804966650859759,0.905546198287255,0.025049533201279117,1.1675372104485655,[0.88049667 0.88888948 0.9055462 ],"{'model*': '""HK""', 'boundary_mean*': 0.01, 'boundary_distribution*': '""normal""', 'silence_tau*': 9, 'silence_delta0*': -0.6, 'use_silence?*': False}"
86,"[259, 260, 261]",0.8452583883046637,0.002921080970462428,0.8411849370125303,0.8478903592631515,0.006705422250621207,0.34558438116434964,[0.84669987 0.84789036 0.84118494],"{'model*': '""HK""', 'boundary_mean*': 0.25, 'boundary_distribution*': '""normal""', 'silence_tau*': 0, 'silence_delta0*': 0.6000000000000001, 'use_silence?*': False}"
87,"[262, 263, 264]",0.9422563394816349,0.020559008386596554,0.9222411310297136,0.9705273719654508,0.04828624093573719,2.181891224834499,[0.97052737 0.92224113 0.93400052],"{'model*': '""HK""', 'boundary_mean*': 0.05, 'boundary_distribution*': '""normal""', 'silence_tau*': 10, 'silence_delta0*': 0.9000000000000001, 'use_silence?*': False}"
88,"[265, 266, 267]",0.5553655099200601,0.0056878456599227,0.547585670563358,0.561025445718277,0.013439775154918898,1.0241625665125325,[0.54758567 0.56102545 0.55748541],"{'model*': '""HK""', 'boundary_mean*': 0.25, 'boundary_distribution*': '""normal""', 'silence_tau*': 0, 'silence_delta0*': 0.6000000000000001, 'use_silence?*': False}"
89,"[268, 269, 270]",1.6481856444406506,0.4733165346183208,0.9788424168631348,1.988105656721269,1.009263239858134,28.71742853815181,[1.97760886 0.97884242 1.98810566],"{'model*': '""HK""', 'boundary_mean*': 0.08, 'boundary_distribution*': '""normal""', 'silence_tau*': 2, 'silence_delta0*': -0.2999999999999999, 'use_silence?*': True}"
90,"[271, 272, 273]",0.9005766170159034,0.011305249990942153,0.8905354915309084,0.9163719124828116,0.025836420951903194,1.255334613106273,[0.91637191 0.89482245 0.89053549],"{'model*': '""HK""', 'boundary_mean*': 0.2, 'boundary_distribution*': '""normal""', 'silence_tau*': 0, 'silence_delta0*': 0.4000000000000001, 'use_silence?*': False}"
91,"[274, 275, 276]",0.8326615778421559,0.0006313175996593912,0.8319420262421466,0.8334790948230179,0.0015370685808712148,0.07581923034030849,[0.83256361 0.83347909 0.83194203],"{'model*': '""HK""', 'boundary_mean*': 0.14, 'boundary_distribution*': '""normal""', 'silence_tau*': 2, 'silence_delta0*': 0.6000000000000001, 'use_silence?*': False}"
92,"[277, 278, 279]",0.8812842338849455,0.0028584777214258174,0.8779233052481766,0.8849100674098668,0.006986762161690141,0.32435366610666055,[0.88491007 0.87792331 0.88101933],"{'model*': '""HK""', 'boundary_mean*': 0.09, 'boundary_distribution*': '""normal""', 'silence_tau*': 9, 'silence_delta0*': 1.0, 'use_silence?*': True}"
93,"[280, 281, 282]",0.6983729170385032,0.005952421743609425,0.6926984390379183,0.7065950619327134,0.013896622894795096,0.8523271161274503,[0.70659506 0.69582525 0.69269844],"{'model*': '""HK""', 'boundary_mean*': 0.22, 'boundary_distribution*': '""normal""', 'silence_tau*': 8, 'silence_delta0*': 0.5, 'use_silence?*': True}"
94,"[283, 284, 285]",0.8242029315138005,0.0042294411029897856,0.8187488439190436,0.8290564640713252,0.010307620152281594,0.5131553093631489,[0.82480349 0.82905646 0.81874884],"{'model*': '""HK""', 'boundary_mean*': 0.03, 'boundary_distribution*': '""normal""', 'silence_tau*': 4, 'silence_delta0*': -0.7, 'use_silence?*': True}"
95,"[286, 287, 288]",0.8116616802628408,0.004174852458861375,0.8069034461623081,0.8170679239644528,0.010164477802144689,0.5143586989975221,[0.80690345 0.81101367 0.81706792],"{'model*': '""HK""', 'boundary_mean*': 0.09, 'boundary_distribution*': '""normal""', 'silence_tau*': 8, 'silence_delta0*': 0.5, 'use_silence?*': True}"
96,"[289, 290, 291]",0.8302562252210733,0.004875645743816058,0.8237118442602352,0.8354088918402275,0.011697047579992237,0.5872459122505,[0.83164794 0.82371184 0.83540889],"{'model*': '""HK""', 'boundary_mean*': 0.22, 'boundary_distribution*': '""normal""', 'silence_tau*': 0, 'silence_delta0*': -0.8, 'use_silence?*': False}"
97,"[292, 293, 294]",0.7674429617789524,0.14005494229880402,0.5928358861871901,0.935724009776441,0.3428881235892509,18.2495572015089,[0.77376899 0.93572401 0.59283589],"{'model*': '""HK""', 'boundary_mean*': 0.02, 'boundary_distribution*': '""normal""', 'silence_tau*': 2, 'silence_delta0*': 0.4000000000000001, 'use_silence?*': False}"
98,"[295, 296, 297]",1.9916475253431587,0.8197870715884976,0.9881670264158036,2.996226148759985,2.0080591223441813,41.161252739600556,[1.9905494  0.98816703 2.99622615],"{'model*': '""HK""', 'boundary_mean*': 0.04, 'boundary_distribution*': '""normal""', 'silence_tau*': 7, 'silence_delta0*': 0.5, 'use_silence?*': True}"
99,"[298, 299, 300]",0.9283943983390893,0.00050452880778509,0.9280145473591936,0.9291074002112528,0.0010928528520591785,0.054344232223686305,[0.9291074  0.92801455 0.92806125],"{'model*': '""HK""', 'boundary_mean*': 0.01, 'boundary_distribution*': '""normal""', 'silence_tau*': 7, 'silence_delta0*': 0.8, 'use_silence?*': True}"
100,"[301, 302, 303]",0.9286234797389011,0.0038343796131270814,0.9237649140836518,0.9331382973556316,0.009373383271979785,0.412910043390803,[0.92896723 0.92376491 0.9331383 ],"{'model*': '""HK""', 'boundary_mean*': 0.22, 'boundary_distribution*': '""normal""', 'silence_tau*': 1, 'silence_delta0*': -0.9, 'use_silence?*': False}"
101,"[304, 305, 306]",0.8968334657251473,0.011829477716621545,0.8843415561069465,0.9127162748000388,0.02837471869309227,1.3190272406992143,[0.89344257 0.91271627 0.88434156],"{'model*': '""HK""', 'boundary_mean*': 0.05, 'boundary_distribution*': '""normal""', 'silence_tau*': 9, 'silence_delta0*': -0.8, 'use_silence?*': True}"
102,"[307, 308, 309]",0.9827936899860926,0.0048662288100587816,0.9786040614994744,0.9896166681548444,0.01101260665536996,0.49514245559794373,[0.98016034 0.97860406 0.98961667],"{'model*': '""HK""', 'boundary_mean*': 0.03, 'boundary_distribution*': '""normal""', 'silence_tau*': 0, 'silence_delta0*': -0.9, 'use_silence?*': False}"
103,"[310, 311, 312]",78.33263186549085,66.37972298354265,18.998569076098036,170.99968849618287,152.00111942008482,84.74083074028053,[ 44.99963802  18.99856908 170.9996885 ],"{'model*': '""HK""', 'boundary_mean*': 0.04, 'boundary_distribution*': '""normal""', 'silence_tau*': 2, 'silence_delta0*': 0.6000000000000001, 'use_silence?*': False}"
104,"[313, 314, 315]",12.3323014671457,5.312228256467556,5.999673180840682,18.999046700012112,12.999373519171431,43.07572492141701,[18.9990467   5.99967318 11.99818452],"{'model*': '""HK""', 'boundary_mean*': 0.05, 'boundary_distribution*': '""normal""', 'silence_tau*': 7, 'silence_delta0*': 0.7000000000000002, 'use_silence?*': False}"
105,"[316, 317, 318]",0.5278418103616872,0.010096426532530787,0.5203743638361327,0.5421152051032714,0.02174084126713871,1.9127750652439837,[0.52103586 0.52037436 0.54211521],"{'model*': '""HK""', 'boundary_mean*': 0.22, 'boundary_distribution*': '""normal""', 'silence_tau*': 7, 'silence_delta0*': 0.5, 'use_silence?*': False}"
106,"[319, 320, 321]",0.8874212385959545,0.0062206470381932855,0.8803307754259984,0.8954763120171055,0.015145536591107178,0.7009801847919896,[0.88033078 0.89547631 0.88645663],"{'model*': '""HK""', 'boundary_mean*': 0.01, 'boundary_distribution*': '""normal""', 'silence_tau*': 9, 'silence_delta0*': 0.9000000000000001, 'use_silence?*': False}"
107,"[322, 323, 324]",0.8579615825317849,0.019986799787554577,0.8388983317758569,0.8855667410890734,0.046668409313216475,2.329568152524373,[0.88556674 0.84941967 0.83889833],"{'model*': '""HK""', 'boundary_mean*': 0.06, 'boundary_distribution*': '""normal""', 'silence_tau*': 2, 'silence_delta0*': -0.2999999999999999, 'use_silence?*': True}"
108,"[325, 326, 327]",0.8662962058512274,0.006578499468052225,0.8581577871390246,0.8742692067649552,0.016111419625930656,0.759382232499582,[0.86646162 0.85815779 0.87426921],"{'model*': '""HK""', 'boundary_mean*': 0.06, 'boundary_distribution*': '""normal""', 'silence_tau*': 9, 'silence_delta0*': -0.8, 'use_silence?*': True}"
109,"[328, 329, 330]",5.644498808394527,3.428414461290154,0.935251839116497,8.998263581508027,8.06301174239153,60.739041280182384,[8.99826358 0.93525184 6.999981  ],"{'model*': '""HK""', 'boundary_mean*': 0.04, 'boundary_distribution*': '""normal""', 'silence_tau*': 8, 'silence_delta0*': 0.6000000000000001, 'use_silence?*': False}"
110,"[331, 332, 333]",0.8091696073228541,0.013150531357292173,0.7905996017600374,0.8193326092593879,0.028733007499350482,1.625188494263995,[0.81933261 0.7905996  0.81757661],"{'model*': '""HK""', 'boundary_mean*': 0.0999999999999999, 'boundary_distribution*': '""normal""', 'silence_tau*': 2, 'silence_delta0*': -0.2999999999999999, 'use_silence?*': False}"
111,"[334, 335, 336]",0.8098128490382779,0.012355653510677054,0.7927084925490382,0.8214592157598027,0.02875072321076455,1.5257418458290024,[0.82145922 0.79270849 0.81527084],"{'model*': '""HK""', 'boundary_mean*': 0.08, 'boundary_distribution*': '""normal""', 'silence_tau*': 2, 'silence_delta0*': -0.1999999999999999, 'use_silence?*': True}"
112,"[337, 338, 339]",208.6665102627122,9.463319900173436,200.9997835589646,221.99974790517848,20.999964346213886,4.535140731619592,[200.99978356 221.99974791 202.99999932],"{'model*': '""HK""', 'boundary_mean*': 0.04, 'boundary_distribution*': '""normal""', 'silence_tau*': 9, 'silence_delta0*': -0.6, 'use_silence?*': True}"
113,"[340, 341, 342]",27.999169727688056,18.833615323722817,1.9976985252299824,45.99992740124418,44.00222887601419,67.26490644863112,[ 1.99769853 45.9999274  35.99988326],"{'model*': '""HK""', 'boundary_mean*': 0.05, 'boundary_distribution*': '""normal""', 'silence_tau*': 9, 'silence_delta0*': -0.8, 'use_silence?*': False}"
114,"[343, 344, 345]",0.8924658489294964,0.054668075850464556,0.8475814251823621,0.969423555430316,0.12184213024795387,6.125508994662187,[0.86039257 0.84758143 0.96942356],"{'model*': '""HK""', 'boundary_mean*': 0.04, 'boundary_distribution*': '""normal""', 'silence_tau*': 7, 'silence_delta0*': 0.5, 'use_silence?*': False}"
115,"[346, 347, 348]",0.8096609118208921,0.0022777517891911293,0.8080502980848951,0.8128821392928857,0.004831841207990517,0.281321693555462,[0.8080503  0.8080503  0.81288214],"{'model*': '""HK""', 'boundary_mean*': 0.04, 'boundary_distribution*': '""normal""', 'silence_tau*': 4, 'silence_delta0*': 0.1, 'use_silence?*': True}"
116,"[349, 350, 351]",0.9746521612504209,0.005119561738557815,0.9690828048984108,0.9814432806103948,0.012360475711983954,0.5252706495812538,[0.98144328 0.9734304  0.9690828 ],"{'model*': '""HK""', 'boundary_mean*': 0.03, 'boundary_distribution*': '""normal""', 'silence_tau*': 0, 'silence_delta0*': -0.8, 'use_silence?*': True}"
117,"[352, 353, 354]",0.6310928338251464,0.005026894983678387,0.6258516116837011,0.6378729764336042,0.012021364749903118,0.796538118363607,[0.63787298 0.62585161 0.62955391],"{'model*': '""HK""', 'boundary_mean*': 0.12, 'boundary_distribution*': '""normal""', 'silence_tau*': 9, 'silence_delta0*': 0.5, 'use_silence?*': True}"
118,"[355, 356, 357]",0.8686233673075687,0.0019322274360974107,0.8658981675982439,0.8701598038828431,0.004261636284599191,0.22244709373714475,[0.8701598  0.86981213 0.86589817],"{'model*': '""HK""', 'boundary_mean*': 0.06, 'boundary_distribution*': '""normal""', 'silence_tau*': 9, 'silence_delta0*': 0.9000000000000001, 'use_silence?*': True}"
119,"[358, 359, 360]",0.8974643756159871,0.012852919851437813,0.8820557042822232,0.9135189183975015,0.031463214115278304,1.4321370519711196,[0.8968185  0.91351892 0.8820557 ],"{'model*': '""HK""', 'boundary_mean*': 0.02, 'boundary_distribution*': '""normal""', 'silence_tau*': 4, 'silence_delta0*': 0.1, 'use_silence?*': False}"
120,"[361, 362, 363]",88.66593567069657,36.41776055698899,37.99870974588703,121.9998041785514,84.00109443266437,41.0730009010944,[ 37.99870975 105.99929309 121.99980418],"{'model*': '""HK""', 'boundary_mean*': 0.01, 'boundary_distribution*': '""normal""', 'silence_tau*': 2, 'silence_delta0*': 1.0, 'use_silence?*': True}"
121,"[364, 365, 366]",0.7892365977508877,0.02347274739549097,0.768568897182671,0.822066879315439,0.05349798213276802,2.9741078229750104,[0.82206688 0.7685689  0.77707402],"{'model*': '""HK""', 'boundary_mean*': 0.22, 'boundary_distribution*': '""normal""', 'silence_tau*': 6, 'silence_delta0*': 0.4000000000000001, 'use_silence?*': True}"
122,"[367, 368, 369]",2.9984980209239747,1.4143228113917743,0.9983435309571708,3.998760829707705,3.000417298750534,47.1677086835614,[3.9983897  3.99876083 0.99834353],"{'model*': '""HK""', 'boundary_mean*': 0.01, 'boundary_distribution*': '""normal""', 'silence_tau*': 2, 'silence_delta0*': -0.2999999999999999, 'use_silence?*': False}"
123,"[370, 371, 372]",14.998475670089988,0.8167820810027886,13.998653468547086,15.999351965008994,2.000698496461908,5.445767283082096,[14.99742158 15.99935197 13.99865347],"{'model*': '""HK""', 'boundary_mean*': 0.02, 'boundary_distribution*': '""normal""', 'silence_tau*': 0, 'silence_delta0*': -0.7, 'use_silence?*': True}"
124,"[373, 374, 375]",0.914607497101022,0.00928833790424116,0.9043313773708456,0.926831518721818,0.022500141350972447,1.0155545339046381,[0.90433138 0.9126596  0.92683152],"{'model*': '""HK""', 'boundary_mean*': 0.01, 'boundary_distribution*': '""normal""', 'silence_tau*': 4, 'silence_delta0*': 0.3, 'use_silence?*': False}"
125,"[376, 377, 378]",27.66578126131485,11.440143145332014,13.999707076758847,41.998426681045,27.99871960428615,41.35123833039482,[13.99970708 41.99842668 26.99921003],"{'model*': '""HK""', 'boundary_mean*': 0.04, 'boundary_distribution*': '""normal""', 'silence_tau*': 8, 'silence_delta0*': 0.4000000000000001, 'use_silence?*': True}"
126,"[379, 380, 381]",0.9554797126729104,0.0058097737007755815,0.9487832332583438,0.9629508249551164,0.014167591696772619,0.6080478343724335,[0.96295082 0.95470508 0.94878323],"{'model*': '""HK""', 'boundary_mean*': 0.01, 'boundary_distribution*': '""normal""', 'silence_tau*': 4, 'silence_delta0*': -0.2999999999999999, 'use_silence?*': True}"
127,"[382, 383, 384]",0.6862116911997695,0.05902527937364984,0.6400264412084163,0.7695219832054963,0.1294955419970799,8.601613777586666,[0.64002644 0.64908665 0.76952198],"{'model*': '""HK""', 'boundary_mean*': 0.0699999999999999, 'boundary_distribution*': '""normal""', 'silence_tau*': 8, 'silence_delta0*': 0.5, 'use_silence?*': False}"
128,"[385, 386, 387]",0.8853446411107478,0.0039534576971232,0.8810008530585886,0.8905650381568117,0.0095641850982231,0.4465444882755733,[0.88446803 0.88100085 0.89056504],"{'model*': '""HK""', 'boundary_mean*': 0.05, 'boundary_distribution*': '""normal""', 'silence_tau*': 10, 'silence_delta0*': -0.6, 'use_silence?*': True}"
129,"[388, 389, 390]",0.8945132563221416,0.005407990542613658,0.888004680323883,0.901245815647615,0.013241135323731945,0.6045735492897015,[0.89428927 0.90124582 0.88800468],"{'model*': '""HK""', 'boundary_mean*': 0.08, 'boundary_distribution*': '""normal""', 'silence_tau*': 10, 'silence_delta0*': 0.9000000000000001, 'use_silence?*': False}"
130,"[391, 392, 393]",19.999423956792622,3.742043169679396,15.998651833503542,24.99975959113852,9.001107757634978,18.71075475855616,[24.99975959 15.99865183 18.99986045],"{'model*': '""HK""', 'boundary_mean*': 0.04, 'boundary_distribution*': '""normal""', 'silence_tau*': 8, 'silence_delta0*': 0.4000000000000001, 'use_silence?*': True}"
131,"[394, 395, 396]",0.9449063793821796,0.005263344947207,0.9400920759971564,0.9522299385270542,0.012137862529897792,0.5570229032264976,[0.94239712 0.94009208 0.95222994],"{'model*': '""HK""', 'boundary_mean*': 0.22, 'boundary_distribution*': '""normal""', 'silence_tau*': 8, 'silence_delta0*': 0.4000000000000001, 'use_silence?*': True}"
132,"[397, 398, 399]",0.9331118970983131,0.0037340648767683468,0.9281839081829292,0.9372193801301248,0.009035471947195672,0.40017332201851924,[0.9339324  0.93721938 0.92818391],"{'model*': '""HK""', 'boundary_mean*': 0.04, 'boundary_distribution*': '""normal""', 'silence_tau*': 4, 'silence_delta0*': 0.1, 'use_silence?*': True}"
133,"[400, 401, 402]",20.331779336513055,6.18293772770858,14.997451882152845,28.99909234303008,14.001640460877237,30.410214597425234,[28.99909234 14.99745188 16.99879378],"{'model*': '""HK""', 'boundary_mean*': 0.02, 'boundary_distribution*': '""normal""', 'silence_tau*': 8, 'silence_delta0*': 0.6000000000000001, 'use_silence?*': True}"
134,"[403, 404, 405]",13.331385328489342,3.299765659010787,8.998979789115236,16.999379291512128,8.000399502396892,24.751858698129034,[ 8.99897979 16.99937929 13.9957969 ],"{'model*': '""HK""', 'boundary_mean*': 0.02, 'boundary_distribution*': '""normal""', 'silence_tau*': 0, 'silence_delta0*': -0.8, 'use_silence?*': True}"
135,"[406, 407, 408]",38.332864003037585,24.566835193057443,18.99982383236229,72.99876918928442,53.99894535692213,64.08818081297215,[18.99982383 22.99999899 72.99876919],"{'model*': '""HK""', 'boundary_mean*': 0.05, 'boundary_distribution*': '""normal""', 'silence_tau*': 7, 'silence_delta0*': 0.7000000000000002, 'use_silence?*': True}"
136,"[409, 410, 411]",0.8792819135948134,0.12043243555259318,0.7103312626849824,0.9824043693263306,0.2720731066413482,13.696680631155377,[0.71033126 0.98240437 0.94511011],"{'model*': '""HK""', 'boundary_mean*': 0.02, 'boundary_distribution*': '""normal""', 'silence_tau*': 2, 'silence_delta0*': -0.2999999999999999, 'use_silence?*': False}"
137,"[412, 413, 414]",79.33309078926862,22.602812804684294,49.99984345531396,104.99976766789824,54.99992421258428,28.491027615101782,[ 82.99966124  49.99984346 104.99976767],"{'model*': '""HK""', 'boundary_mean*': 0.05, 'boundary_distribution*': '""normal""', 'silence_tau*': 7, 'silence_delta0*': 0.7000000000000002, 'use_silence?*': True}"
138,"[415, 416, 417]",121.66633493787519,64.97383569266556,29.999190119355745,172.9998989418275,143.00070882247175,53.40329823023128,[172.99989894 161.99991575  29.99919012],"{'model*': '""HK""', 'boundary_mean*': 0.2, 'boundary_distribution*': '""normal""', 'silence_tau*': 8, 'silence_delta0*': 0.5, 'use_silence?*': True}"
139,"[418, 419, 420]",3.998875023060331,0.0005009564402767425,3.998407872902612,3.999569861708302,0.001161988805690406,0.012527434275586875,[3.99864733 3.99840787 3.99956986],"{'model*': '""HK""', 'boundary_mean*': 0.04, 'boundary_distribution*': '""normal""', 'silence_tau*': 8, 'silence_delta0*': 0.6000000000000001, 'use_silence?*': False}"
140,"[421, 422, 423]",0.9572141100426491,0.01562408630297562,0.9356676764729588,0.9722277878312576,0.03656011135829884,1.6322457158805863,[0.96374687 0.93566768 0.97222779],"{'model*': '""HK""', 'boundary_mean*': 0.05, 'boundary_distribution*': '""normal""', 'silence_tau*': 8, 'silence_delta0*': 0.1, 'use_silence?*': False}"
141,"[424, 425, 426]",0.8727441223709231,0.0028195932659984685,0.8698344416407213,0.8765602077073718,0.006725766066650429,0.3230721575458653,[0.87183772 0.87656021 0.86983444],"{'model*': '""HK""', 'boundary_mean*': 0.0699999999999999, 'boundary_distribution*': '""normal""', 'silence_tau*': 2, 'silence_delta0*': 1.0, 'use_silence?*': False}"
142,"[427, 428, 429]",0.8941420638691345,0.011081554478951943,0.8791904542804927,0.905684599849137,0.026494145568644267,1.2393505379894336,[0.89755114 0.9056846  0.87919045],"{'model*': '""HK""', 'boundary_mean*': 0.04, 'boundary_distribution*': '""normal""', 'silence_tau*': 8, 'silence_delta0*': 0.6000000000000001, 'use_silence?*': True}"
143,"[430, 431, 432]",45.66640889253793,11.841697747715306,30.999480226719815,59.99984543655045,29.000365209830637,25.9308713667001,[59.99984544 30.99948023 45.99990101],"{'model*': '""HK""', 'boundary_mean*': 0.02, 'boundary_distribution*': '""normal""', 'silence_tau*': 8, 'silence_delta0*': 0.6000000000000001, 'use_silence?*': False}"
144,"[433, 434, 435]",43.66651825829029,3.0910823465471062,40.99995433693197,47.99967734140052,6.9997230044685494,7.078838592679072,[47.99967734 40.99995434 41.9999231 ],"{'model*': '""HK""', 'boundary_mean*': 0.04, 'boundary_distribution*': '""normal""', 'silence_tau*': 7, 'silence_delta0*': 0.7000000000000002, 'use_silence?*': False}"
145,"[436, 437, 438]",0.9464469998114478,0.007897999883612016,0.94005508897332,0.9575754964450514,0.017520407471731336,0.834489399320349,[0.94171041 0.94005509 0.9575755 ],"{'model*': '""HK""', 'boundary_mean*': 0.05, 'boundary_distribution*': '""normal""', 'silence_tau*': 8, 'silence_delta0*': -0.0999999999999999, 'use_silence?*': False}"
146,"[439, 440, 441]",0.9235249421692826,0.015592695634763946,0.9046649701424344,0.9428506003224584,0.038185630180023966,1.6883892272728458,[0.90466497 0.92305926 0.9428506 ],"{'model*': '""HK""', 'boundary_mean*': 0.04, 'boundary_distribution*': '""normal""', 'silence_tau*': 4, 'silence_delta0*': -0.2999999999999999, 'use_silence?*': False}"
147,"[442, 443, 444]",1.1506896357533278,0.5947263574064119,0.7279921065874928,1.9917560032493864,1.2637638966618936,51.6843411922329,[1.991756   0.7323208  0.72799211],"{'model*': '""HK""', 'boundary_mean*': 0.05, 'boundary_distribution*': '""normal""', 'silence_tau*': 8, 'silence_delta0*': 0.8, 'use_silence?*': False}"
148,"[445, 446, 447]",0.9566505435834434,0.005869106478784179,0.9519771904174784,0.9649277120592394,0.012950521641761026,0.6135057904006981,[0.95304673 0.96492771 0.95197719],"{'model*': '""HK""', 'boundary_mean*': 0.04, 'boundary_distribution*': '""normal""', 'silence_tau*': 9, 'silence_delta0*': 0.4000000000000001, 'use_silence?*': True}"
149,"[448, 449, 450]",14.998644491280972,8.165008345329609,4.999191411858025,24.99929549585566,20.000104083997634,54.43830840897722,[ 4.99919141 24.9992955  14.99744657],"{'model*': '""HK""', 'boundary_mean*': 0.04, 'boundary_distribution*': '""normal""', 'silence_tau*': 9, 'silence_delta0*': 0.4000000000000001, 'use_silence?*': True}"
150,"[451, 452, 453]",192.9995630117594,28.24884041690386,165.9994612912091,231.9994444138147,65.99998312260561,14.63673801954809,[180.99978333 165.99946129 231.99944441],"{'model*': '""HK""', 'boundary_mean*': 0.01, 'boundary_distribution*': '""normal""', 'silence_tau*': 2, 'silence_delta0*': 0.6000000000000001, 'use_silence?*': True}"
151,"[454, 455, 456]",4.66199887561992,0.9434851145541858,3.992799806645378,5.996286209692988,2.00348640304761,20.23778082590652,[3.99691061 5.99628621 3.99279981],"{'model*': '""HK""', 'boundary_mean*': 0.01, 'boundary_distribution*': '""normal""', 'silence_tau*': 2, 'silence_delta0*': -0.7, 'use_silence?*': True}"
152,"[457, 458, 459]",0.9353813519426432,0.0037856795563958943,0.9300738924419216,0.9386435303693282,0.008569637927406615,0.40472044354247816,[0.93864353 0.93742663 0.93007389],"{'model*': '""HK""', 'boundary_mean*': 0.02, 'boundary_distribution*': '""normal""', 'silence_tau*': 2, 'silence_delta0*': 1.0, 'use_silence?*': True}"
153,"[460, 461, 462]",58.33311895424595,20.2702871422454,37.999868054363,85.99962989311065,47.99976183874765,34.74919137813386,[37.99986805 50.99985892 85.99962989],"{'model*': '""HK""', 'boundary_mean*': 0.01, 'boundary_distribution*': '""normal""', 'silence_tau*': 8, 'silence_delta0*': 0.5, 'use_silence?*': True}"
154,"[463, 464, 465]",5.997291272758158,2.4507555773090317,2.996705461151061,8.999805180929075,6.003099719778014,40.86437469597717,[8.99980518 2.99670546 5.99536318],"{'model*': '""HK""', 'boundary_mean*': 0.0699999999999999, 'boundary_distribution*': '""normal""', 'silence_tau*': 9, 'silence_delta0*': 0.4000000000000001, 'use_silence?*': True}"
155,"[466, 467, 468]",0.9316703114777102,0.010040325071356866,0.9178819395887524,0.941500956479732,0.02361901689097956,1.0776693158153807,[0.91788194 0.93562804 0.94150096],"{'model*': '""HK""', 'boundary_mean*': 0.0699999999999999, 'boundary_distribution*': '""normal""', 'silence_tau*': 9, 'silence_delta0*': 0.4000000000000001, 'use_silence?*': True}"
156,"[469, 470, 471]",0.9819616027719663,0.00667405015129079,0.9727201180160086,0.9882438618552378,0.015523743839229276,0.6796650838943908,[0.98492083 0.97272012 0.98824386],"{'model*': '""HK""', 'boundary_mean*': 0.04, 'boundary_distribution*': '""normal""', 'silence_tau*': 1, 'silence_delta0*': 0.6000000000000001, 'use_silence?*': True}"
157,"[472, 473, 474]",0.9409673814874555,0.021115206270220007,0.911896463929672,0.9614137808016872,0.049517316872015105,2.243989184496668,[0.96141378 0.9495919  0.91189646],"{'model*': '""HK""', 'boundary_mean*': 0.05, 'boundary_distribution*': '""normal""', 'silence_tau*': 8, 'silence_delta0*': 0.3, 'use_silence?*': False}"
158,"[475, 476, 477]",1.2495654487766397,0.5276225519731573,0.7718547193569738,1.984830604157445,1.2129758848004712,42.22448311848851,[0.99201102 0.77185472 1.9848306 ],"{'model*': '""HK""', 'boundary_mean*': 0.04, 'boundary_distribution*': '""normal""', 'silence_tau*': 2, 'silence_delta0*': 0.6000000000000001, 'use_silence?*': False}"
159,"[478, 479, 480]",10.665598506905441,5.792296401372623,2.999554700779302,16.998595544634384,13.99904084385508,54.3082171865217,[ 2.9995547  16.99859554 11.99864528],"{'model*': '""HK""', 'boundary_mean*': 0.01, 'boundary_distribution*': '""normal""', 'silence_tau*': 2, 'silence_delta0*': 0.6000000000000001, 'use_silence?*': False}"
160,"[481, 482, 483]",0.8951752671455347,0.003614423412638604,0.8903932383250891,0.8991300063330331,0.008736768007943985,0.40376712195858544,[0.89913001 0.89039324 0.89600256],"{'model*': '""HK""', 'boundary_mean*': 0.01, 'boundary_distribution*': '""normal""', 'silence_tau*': 9, 'silence_delta0*': -0.7, 'use_silence?*': False}"
161,"[484, 485, 486]",107.3330307461141,39.55037205943801,52.99949671426874,145.99971970819314,93.00022299392441,36.84827660647223,[145.99971971 122.99987582  52.99949671],"{'model*': '""HK""', 'boundary_mean*': 0.02, 'boundary_distribution*': '""normal""', 'silence_tau*': 2, 'silence_delta0*': 0.6000000000000001, 'use_silence?*': False}"
162,"[487, 488, 489]",65.99963043793838,1.6331761074471094,63.99931163080095,67.99975974068575,4.000448109884793,2.47452310961474,[65.99981994 67.99975974 63.99931163],"{'model*': '""HK""', 'boundary_mean*': 0.01, 'boundary_distribution*': '""normal""', 'silence_tau*': 6, 'silence_delta0*': 0.7000000000000002, 'use_silence?*': True}"
163,"[490, 491, 492]",36.66581695420397,14.63625468653572,15.999219526041522,47.99848543489322,31.999265908851697,39.917983294403534,[47.99848543 45.9997459  15.99921953],"{'model*': '""HK""', 'boundary_mean*': 0.01, 'boundary_distribution*': '""normal""', 'silence_tau*': 7, 'silence_delta0*': 0.7000000000000002, 'use_silence?*': True}"
164,"[493, 494, 495]",3.9895307814948464,4.249679515895469,0.9822575820940092,9.99948460370151,9.017227021607502,106.5207852413949,[0.98685016 9.9994846  0.98225758],"{'model*': '""HK""', 'boundary_mean*': 0.01, 'boundary_distribution*': '""normal""', 'silence_tau*': 2, 'silence_delta0*': -0.2999999999999999, 'use_silence?*': True}"
165,"[496, 497, 498]",83.33299828608237,17.21109623006403,59.99960356446143,100.99946799545413,40.999864430992695,20.653398514449577,[ 59.99960356  88.9999233  100.999468  ],"{'model*': '""HK""', 'boundary_mean*': 0.03, 'boundary_distribution*': '""normal""', 'silence_tau*': 1, 'silence_delta0*': 0.7000000000000002, 'use_silence?*': True}"
166,"[499, 500, 501]",123.99982855389088,29.810316582635,87.9999968473735,160.9995220364326,72.99952518905911,24.04061112848983,[160.99952204 122.99996678  87.99999685],"{'model*': '""HK""', 'boundary_mean*': 0.01, 'boundary_distribution*': '""normal""', 'silence_tau*': 2, 'silence_delta0*': 0.9000000000000001, 'use_silence?*': True}"
167,"[502, 503, 504]",45.332884399576606,11.89774742902247,29.99960044849432,58.99972581212215,29.00012536362783,26.245290999249963,[46.99932694 29.99960045 58.99972581],"{'model*': '""HK""', 'boundary_mean*': 0.04, 'boundary_distribution*': '""normal""', 'silence_tau*': 7, 'silence_delta0*': 0.7000000000000002, 'use_silence?*': True}"
168,"[505, 506, 507]",15.999443837604339,2.9437535357879296,12.999655160967334,19.99923382191213,6.999578660944797,18.399099154116033,[14.99944253 19.99923382 12.99965516],"{'model*': '""HK""', 'boundary_mean*': 0.03, 'boundary_distribution*': '""normal""', 'silence_tau*': 2, 'silence_delta0*': 0.6000000000000001, 'use_silence?*': True}"
169,"[508, 509, 510]",51.332929526442705,13.960455739357378,39.99918615091856,70.9998434462538,31.000657295335245,27.19590693176014,[39.99918615 42.99975898 70.99984345],"{'model*': '""HK""', 'boundary_mean*': 0.01, 'boundary_distribution*': '""normal""', 'silence_tau*': 7, 'silence_delta0*': 0.7000000000000002, 'use_silence?*': True}"
170,"[511, 512, 513]",46.332700126352655,9.568975816065441,32.99865654996916,54.99982408193421,22.001167531965045,20.652748037498668,[54.99982408 50.99961975 32.99865655],"{'model*': '""HK""', 'boundary_mean*': 0.01, 'boundary_distribution*': '""normal""', 'silence_tau*': 7, 'silence_delta0*': 0.6000000000000001, 'use_silence?*': True}"
171,"[514, 515, 516]",122.33295637033802,28.452748590839732,84.99972021770128,153.9999768380784,69.00025662037712,23.258449264239843,[ 84.99972022 153.99997684 127.99917206],"{'model*': '""HK""', 'boundary_mean*': 0.04, 'boundary_distribution*': '""normal""', 'silence_tau*': 6, 'silence_delta0*': 0.7000000000000002, 'use_silence?*': True}"
172,"[517, 518, 519]",0.8969908742058429,0.008158552914618061,0.888516258303032,0.9080089374592633,0.019492679156231207,0.9095469250834121,[0.88851626 0.89444743 0.90800894],"{'model*': '""HK""', 'boundary_mean*': 0.02, 'boundary_distribution*': '""normal""', 'silence_tau*': 8, 'silence_delta0*': 0.6000000000000001, 'use_silence?*': False}"
173,"[520, 521, 522]",163.99948706340865,21.92367838610032,139.99978202137913,192.99881397004577,52.99903194866664,13.368138387910788,[192.99881397 158.9998652  139.99978202],"{'model*': '""HK""', 'boundary_mean*': 0.04, 'boundary_distribution*': '""normal""', 'silence_tau*': 8, 'silence_delta0*': 0.6000000000000001, 'use_silence?*': True}"
174,"[523, 524, 525]",87.99941013451142,20.607365463533508,70.99930684542763,116.99928209879788,45.99997525337025,23.41761772270307,[ 75.99964146  70.99930685 116.9992821 ],"{'model*': '""HK""', 'boundary_mean*': 0.01, 'boundary_distribution*': '""normal""', 'silence_tau*': 7, 'silence_delta0*': 0.6000000000000001, 'use_silence?*': True}"
175,"[526, 527, 528]",100.9997893497111,61.03013354294676,17.99966979678788,162.99987146897058,145.0002016721827,60.426000822269366,[ 17.9996698  121.99982678 162.99987147],"{'model*': '""HK""', 'boundary_mean*': 0.01, 'boundary_distribution*': '""normal""', 'silence_tau*': 7, 'silence_delta0*': 0.7000000000000002, 'use_silence?*': False}"
176,"[529, 530, 531]",49.99100572835379,59.6784171417335,0.9735583157854576,133.99962519657353,133.02606688078808,119.37830870220965,[133.9996252    0.97355832  14.99983367],"{'model*': '""HK""', 'boundary_mean*': 0.04, 'boundary_distribution*': '""normal""', 'silence_tau*': 6, 'silence_delta0*': 0.7000000000000002, 'use_silence?*': False}"
177,"[532, 533, 534]",15.999040376803002,7.256834714098342,8.999352051134174,25.998557424424448,16.999205373290273,45.35793737116897,[12.99921165 25.99855742  8.99935205],"{'model*': '""HK""', 'boundary_mean*': 0.01, 'boundary_distribution*': '""normal""', 'silence_tau*': 1, 'silence_delta0*': 1.0, 'use_silence?*': False}"
178,"[535, 536, 537]",1.6466931484078806,0.46529448439572435,0.988695834283665,1.980991500519062,0.9922956662353969,28.256295645949482,[0.98869583 1.9809915  1.97039211],"{'model*': '""HK""', 'boundary_mean*': 0.03, 'boundary_distribution*': '""normal""', 'silence_tau*': 10, 'silence_delta0*': -0.6, 'use_silence?*': True}"
179,"[538, 539, 540]",4.662935895755605,3.093907580818806,1.9911947026503531,8.999597292375858,7.008402589725505,66.35106400744235,[1.9911947  8.99959729 2.99801569],"{'model*': '""HK""', 'boundary_mean*': 0.04, 'boundary_distribution*': '""normal""', 'silence_tau*': 8, 'silence_delta0*': 0.6000000000000001, 'use_silence?*': True}"
180,"[541, 542, 543]",3.6603819362041055,0.4685423403008697,2.997765376828787,3.993225928474054,0.9954605516452668,12.800367515384423,[3.99322593 3.9901545  2.99776538],"{'model*': '""HK""', 'boundary_mean*': 0.04, 'boundary_distribution*': '""normal""', 'silence_tau*': 1, 'silence_delta0*': 0.6000000000000001, 'use_silence?*': True}"
181,"[544, 545, 546]",12.665601903779276,5.557273375019331,4.999966984264108,17.99957292249756,12.99960593823345,43.87689915756077,[14.9972658   4.99996698 17.99957292],"{'model*': '""HK""', 'boundary_mean*': 0.08, 'boundary_distribution*': '""normal""', 'silence_tau*': 7, 'silence_delta0*': 0.7000000000000002, 'use_silence?*': True}"
182,"[547, 548, 549]",18.665869713838408,8.957123317305651,5.998584440170263,24.99968194854064,19.00109750837038,47.98663793664576,[24.99934275 24.99968195  5.99858444],"{'model*': '""HK""', 'boundary_mean*': 0.05, 'boundary_distribution*': '""normal""', 'silence_tau*': 6, 'silence_delta0*': 0.3, 'use_silence?*': False}"
183,"[550, 551, 552]",16.330152426817396,1.2463944843798844,14.999215653686583,17.996472598356483,2.9972569446699,7.632473058445272,[14.99921565 17.9964726  15.99476903],"{'model*': '""HK""', 'boundary_mean*': 0.01, 'boundary_distribution*': '""normal""', 'silence_tau*': 2, 'silence_delta0*': 1.0, 'use_silence?*': True}"
184,"[553, 554, 555]",68.66618212711332,14.079360943186861,49.99933522239816,83.99995780494466,34.0006225825465,20.50406838860425,[71.99925335 83.9999578  49.99933522],"{'model*': '""HK""', 'boundary_mean*': 0.01, 'boundary_distribution*': '""normal""', 'silence_tau*': 1, 'silence_delta0*': 0.6000000000000001, 'use_silence?*': False}"
185,"[556, 557, 558]",94.33305114527998,56.10914668249475,45.99982145981049,172.9999292285286,127.00010776871811,59.47983872172485,[ 45.99982146 172.99992923  63.99940275],"{'model*': '""HK""', 'boundary_mean*': 0.01, 'boundary_distribution*': '""normal""', 'silence_tau*': 1, 'silence_delta0*': 0.7000000000000002, 'use_silence?*': True}"
186,"[559, 560, 561]",0.9756539573343296,0.023594006920130674,0.9426693809274852,0.996508473554092,0.0538390926266068,2.4182761462469693,[0.99650847 0.98778402 0.94266938],"{'model*': '""HK""', 'boundary_mean*': 0.01, 'boundary_distribution*': '""normal""', 'silence_tau*': 8, 'silence_delta0*': 0.6000000000000001, 'use_silence?*': False}"
187,"[562, 563, 564]",1.9953223313250463,0.816163418122741,0.9974260961201964,2.996601430896217,1.9991753347760206,40.903838207471274,[0.9974261  2.99660143 1.99193947],"{'model*': '""HK""', 'boundary_mean*': 0.05, 'boundary_distribution*': '""normal""', 'silence_tau*': 8, 'silence_delta0*': 0.5, 'use_silence?*': True}"
188,"[565, 566, 567]",153.66651064886256,27.18249803637001,131.99978606812306,191.99981991559343,60.00003384747038,17.68927915496415,[136.99992596 131.99978607 191.99981992],"{'model*': '""HK""', 'boundary_mean*': 0.01, 'boundary_distribution*': '""normal""', 'silence_tau*': 6, 'silence_delta0*': 0.7000000000000002, 'use_silence?*': True}"
189,"[568, 569, 570]",14.6662219325108,9.978049737138283,3.998890325653968,27.99977786813622,24.000887542482253,68.03422028559253,[ 3.99889033 27.99977787 11.9999976 ],"{'model*': '""HK""', 'boundary_mean*': 0.01, 'boundary_distribution*': '""normal""', 'silence_tau*': 2, 'silence_delta0*': 0.5, 'use_silence?*': False}"
190,"[571, 572, 573]",153.66613356287107,22.291094960208106,134.99892413641496,184.99953011509487,50.000605978679914,14.506185874122949,[140.99994644 184.99953012 134.99892414],"{'model*': '""HK""', 'boundary_mean*': 0.01, 'boundary_distribution*': '""normal""', 'silence_tau*': 2, 'silence_delta0*': 1.0, 'use_silence?*': True}"
191,"[574, 575, 576]",24.998302053077254,19.201769293648375,8.996300035510455,51.9996679157809,43.003367880270446,76.81229410252952,[ 8.99630004 13.99893821 51.99966792],"{'model*': '""HK""', 'boundary_mean*': 0.04, 'boundary_distribution*': '""normal""', 'silence_tau*': 8, 'silence_delta0*': 0.5, 'use_silence?*': True}"
192,"[577, 578, 579]",3.6642139028108613,3.091245050617871,0.9983493360923564,7.997740881957983,6.999391545865627,84.36311669050053,[7.99774088 1.99655149 0.99834934],"{'model*': '""HK""', 'boundary_mean*': 0.04, 'boundary_distribution*': '""normal""', 'silence_tau*': 9, 'silence_delta0*': 0.7000000000000002, 'use_silence?*': True}"
193,"[580, 581, 582]",166.33304575411924,15.106837183984998,144.99999568207724,177.99983351710716,32.99983783502992,9.082282546738538,[175.99930806 177.99983352 144.99999568],"{'model*': '""HK""', 'boundary_mean*': 0.01, 'boundary_distribution*': '""normal""', 'silence_tau*': 7, 'silence_delta0*': 0.7000000000000002, 'use_silence?*': False}"
194,"[583, 584, 585]",52.33316018944623,10.872990895800681,40.9999363282414,66.99985124270695,25.999914914465556,20.77648446308309,[48.999693   40.99993633 66.99985124],"{'model*': '""HK""', 'boundary_mean*': 0.04, 'boundary_distribution*': '""normal""', 'silence_tau*': 8, 'silence_delta0*': 0.6000000000000001, 'use_silence?*': True}"
195,"[586, 587, 588]",0.8996437336805895,0.0073144666056122265,0.8895472454893952,0.9066407792644688,0.01709353377507361,0.8130403549511259,[0.90274318 0.88954725 0.90664078],"{'model*': '""HK""', 'boundary_mean*': 0.01, 'boundary_distribution*': '""normal""', 'silence_tau*': 7, 'silence_delta0*': 0.6000000000000001, 'use_silence?*': True}"
196,"[589, 590, 591]",145.66633376435973,28.19347045343993,116.9998572333362,183.9992075851397,66.99935035180349,19.354829441267945,[135.99993647 116.99985723 183.99920759],"{'model*': '""HK""', 'boundary_mean*': 0.01, 'boundary_distribution*': '""normal""', 'silence_tau*': 0, 'silence_delta0*': 1.0, 'use_silence?*': True}"
197,"[592, 593, 594]",50.66601073850877,21.07723589017113,20.998430618797773,67.99996609995408,47.00153548115631,41.600346233991836,[62.9996355  20.99843062 67.9999661 ],"{'model*': '""HK""', 'boundary_mean*': 0.01, 'boundary_distribution*': '""normal""', 'silence_tau*': 7, 'silence_delta0*': 0.7000000000000002, 'use_silence?*': False}"
198,"[595, 596, 597]",1.321101270131799,0.47375904728024015,0.984432568896312,1.9910949588726647,1.0066623899763527,35.86091831044684,[0.98443257 0.98777628 1.99109496],"{'model*': '""HK""', 'boundary_mean*': 0.03, 'boundary_distribution*': '""normal""', 'silence_tau*': 8, 'silence_delta0*': 0.7000000000000002, 'use_silence?*': True}"
199,"[598, 599, 600]",31.328090593579358,25.307745998653033,3.9854147521119607,64.99959275538454,61.014178003272576,80.78291884102191,[24.99926427  3.98541475 64.99959276],"{'model*': '""HK""', 'boundary_mean*': 0.04, 'boundary_distribution*': '""normal""', 'silence_tau*': 6, 'silence_delta0*': 0.7000000000000002, 'use_silence?*': False}"
200,"[601, 602, 603]",119.66652267929153,62.060924821549726,42.99985861866941,194.99991620848195,152.00005758981254,51.861559467115235,[194.99991621  42.99985862 120.99979321],"{'model*': '""HK""', 'boundary_mean*': 0.01, 'boundary_distribution*': '""normal""', 'silence_tau*': 2, 'silence_delta0*': 1.0, 'use_silence?*': False}"
201,"[604, 605, 606]",0.9795273204308576,0.0038206153952629125,0.9753249867888796,0.9845697364709548,0.009244749682075226,0.3900468435716899,[0.97532499 0.98456974 0.97868724],"{'model*': '""HK""', 'boundary_mean*': 0.01, 'boundary_distribution*': '""normal""', 'silence_tau*': 6, 'silence_delta0*': 1.0, 'use_silence?*': False}"
202,"[607, 608, 609]",0.9413366831082461,0.025295000869853233,0.9056979085222824,0.9618326191149568,0.056134710592674386,2.6871364224679333,[0.96183262 0.90569791 0.95647952],"{'model*': '""HK""', 'boundary_mean*': 0.04, 'boundary_distribution*': '""normal""', 'silence_tau*': 8, 'silence_delta0*': 0.4000000000000001, 'use_silence?*': False}"
203,"[610, 611, 612]",8.998081850750202,2.160456509157731,5.997509325064441,10.997148506669882,4.999639181605441,24.010189560318416,[ 9.99958772 10.99714851  5.99750933],"{'model*': '""HK""', 'boundary_mean*': 0.01, 'boundary_distribution*': '""normal""', 'silence_tau*': 7, 'silence_delta0*': 0.8, 'use_silence?*': True}"
204,"[613, 614, 615]",130.33313135806878,10.403010453267834,121.99964306306288,144.9998121417591,23.000169078696217,7.981861821985446,[144.99981214 123.99993887 121.99964306],"{'model*': '""HK""', 'boundary_mean*': 0.05, 'boundary_distribution*': '""normal""', 'silence_tau*': 2, 'silence_delta0*': 1.0, 'use_silence?*': True}"
205,"[616, 617, 618]",38.332533796547864,7.717176137470569,30.99926570810452,48.9991389594515,17.99987325134698,20.132183743526916,[30.99926571 48.99913896 34.99919672],"{'model*': '""HK""', 'boundary_mean*': 0.01, 'boundary_distribution*': '""normal""', 'silence_tau*': 2, 'silence_delta0*': 0.6000000000000001, 'use_silence?*': True}"
206,"[619, 620, 621]",44.66652507593329,15.797380933911173,32.99993155010206,66.99993738947234,34.000005839370274,35.36738286010733,[66.99993739 32.99993155 33.99970629],"{'model*': '""HK""', 'boundary_mean*': 0.05, 'boundary_distribution*': '""normal""', 'silence_tau*': 7, 'silence_delta0*': 0.7000000000000002, 'use_silence?*': False}"
207,"[622, 623, 624]",0.9896686378206496,0.001834573446524175,0.9877280340823578,0.9921302587181168,0.004402224635759011,0.1853724950367318,[0.99213026 0.98772803 0.98914762],"{'model*': '""HK""', 'boundary_mean*': 0.05, 'boundary_distribution*': '""normal""', 'silence_tau*': 7, 'silence_delta0*': 0.7000000000000002, 'use_silence?*': False}"
208,"[625, 626, 627]",154.3331335581598,20.88581055117756,124.99997271969642,171.9996939753495,46.99972125565307,13.532940120927972,[124.99997272 165.99973398 171.99969398],"{'model*': '""HK""', 'boundary_mean*': 0.03, 'boundary_distribution*': '""normal""', 'silence_tau*': 2, 'silence_delta0*': 1.0, 'use_silence?*': False}"
209,"[628, 629, 630]",11.664314057973217,0.9431902491295058,10.996209556874105,12.998185817628192,2.0019762607540876,8.086118433040493,[10.99620956 10.9985468  12.99818582],"{'model*': '""HK""', 'boundary_mean*': 0.01, 'boundary_distribution*': '""normal""', 'silence_tau*': 2, 'silence_delta0*': 1.0, 'use_silence?*': False}"
210,"[631, 632, 633]",74.99992965667812,31.273005778058565,32.99990356128474,107.9999298535943,75.00002629230956,41.697380145841194,[ 83.99995556  32.99990356 107.99992985],"{'model*': '""HK""', 'boundary_mean*': 0.01, 'boundary_distribution*': '""normal""', 'silence_tau*': 2, 'silence_delta0*': 1.0, 'use_silence?*': True}"
211,"[634, 635, 636]",103.99981893180647,27.53185846067375,74.99991462725461,140.99997126525824,66.00005663800363,26.472986918108592,[ 74.99991463 140.99997127  95.9995709 ],"{'model*': '""HK""', 'boundary_mean*': 0.04, 'boundary_distribution*': '""normal""', 'silence_tau*': 6, 'silence_delta0*': 0.7000000000000002, 'use_silence?*': True}"
212,"[637, 638, 639]",30.332595730751752,13.224941324586545,19.999485308851018,48.99984467627518,29.000359367424164,43.59976786021927,[19.99948531 48.99984468 21.99845721],"{'model*': '""HK""', 'boundary_mean*': 0.01, 'boundary_distribution*': '""normal""', 'silence_tau*': 7, 'silence_delta0*': 1.0, 'use_silence?*': True}"
213,"[640, 641, 642]",171.3330271215144,6.018466747515861,162.99968734132162,176.99953002475715,13.999842683435531,3.5127300606481366,[176.99953002 162.99968734 173.999864  ],"{'model*': '""HK""', 'boundary_mean*': 0.05, 'boundary_distribution*': '""normal""', 'silence_tau*': 2, 'silence_delta0*': 1.0, 'use_silence?*': False}"
214,"[643, 644, 645]",117.66631539937093,11.556809988436381,108.99962024138397,133.99991638994402,25.000296148560054,9.821680868659346,[133.99991639 108.99962024 109.99940957],"{'model*': '""HK""', 'boundary_mean*': 0.01, 'boundary_distribution*': '""normal""', 'silence_tau*': 7, 'silence_delta0*': 0.7000000000000002, 'use_silence?*': False}"
215,"[646, 647, 648]",1.6253867524506314,0.9694988034666046,0.9018189080155374,2.995748423659019,2.0939295156434814,59.647268688813284,[0.90181891 2.99574842 0.97859293],"{'model*': '""HK""', 'boundary_mean*': 0.06, 'boundary_distribution*': '""normal""', 'silence_tau*': 5, 'silence_delta0*': 1.0, 'use_silence?*': False}"
216,"[649, 650, 651]",191.3329367812385,27.860340382569916,158.9999834938794,226.99897619276172,67.99899269888232,14.561183689154461,[158.99998349 187.99985066 226.99897619],"{'model*': '""HK""', 'boundary_mean*': 0.03, 'boundary_distribution*': '""normal""', 'silence_tau*': 8, 'silence_delta0*': 0.7000000000000002, 'use_silence?*': False}"
217,"[652, 653, 654]",187.66660149903475,41.35485067773906,148.9999020174313,244.99995486176616,96.00005284433485,22.036340162504494,[168.99994762 148.99990202 244.99995486],"{'model*': '""HK""', 'boundary_mean*': 0.01, 'boundary_distribution*': '""normal""', 'silence_tau*': 7, 'silence_delta0*': 0.7000000000000002, 'use_silence?*': True}"
218,"[655, 656, 657]",2.6566364580835757,0.4692859204334946,1.9929660661945643,2.98881932209166,0.9958532558970956,17.664664617755964,[2.98881932 1.99296607 2.98812399],"{'model*': '""HK""', 'boundary_mean*': 0.04, 'boundary_distribution*': '""normal""', 'silence_tau*': 7, 'silence_delta0*': 0.7000000000000002, 'use_silence?*': True}"
219,"[658, 659, 660]",304.66656206407885,17.15286106680597,283.9999744558896,325.99985957910474,41.99988512321511,5.630043858635954,[325.99985958 283.99997446 303.99985216],"{'model*': '""HK""', 'boundary_mean*': 0.04, 'boundary_distribution*': '""normal""', 'silence_tau*': 3, 'silence_delta0*': 1.0, 'use_silence?*': True}"
220,"[661, 662, 663]",2.997226914827808,0.8144338035994834,1.9996349962049256,3.99458220219562,1.9949472059906945,27.17291105222418,[3.9945822  2.99746355 1.999635  ],"{'model*': '""HK""', 'boundary_mean*': 0.01, 'boundary_distribution*': '""normal""', 'silence_tau*': 8, 'silence_delta0*': 0.9000000000000001, 'use_silence?*': True}"
221,"[664, 665, 666]",28.999837298419607,13.490744501295303,17.9999538147975,47.99986064401726,29.99990682921976,46.520069621323366,[17.99995381 20.99969744 47.99986064],"{'model*': '""HK""', 'boundary_mean*': 0.04, 'boundary_distribution*': '""normal""', 'silence_tau*': 2, 'silence_delta0*': 1.0, 'use_silence?*': True}"
222,"[667, 668, 669]",0.9741082685527487,0.0030080079598037573,0.9699874967362748,0.9770833115315756,0.007095814795300748,0.30879606065481946,[0.975254   0.9699875  0.97708331],"{'model*': '""HK""', 'boundary_mean*': 0.02, 'boundary_distribution*': '""normal""', 'silence_tau*': 7, 'silence_delta0*': 0.7000000000000002, 'use_silence?*': False}"
223,"[670, 671, 672]",41.33270342138922,29.397897179121475,4.999170350689378,76.99976477658626,72.00059442589688,71.12502871977252,[ 4.99917035 41.99917514 76.99976478],"{'model*': '""HK""', 'boundary_mean*': 0.01, 'boundary_distribution*': '""normal""', 'silence_tau*': 7, 'silence_delta0*': 0.9000000000000001, 'use_silence?*': False}"
224,"[673, 674, 675]",308.6665192856116,10.077452519337825,294.999925476513,318.9999210688885,23.999995592375512,3.264834988472811,[294.99992548 311.99971131 318.99992107],"{'model*': '""HK""', 'boundary_mean*': 0.05, 'boundary_distribution*': '""normal""', 'silence_tau*': 7, 'silence_delta0*': 0.8, 'use_silence?*': False}"
225,"[676, 677, 678]",19.665539831539075,12.392664283955689,5.997086232128414,35.99962053711131,30.0025343049829,63.01715788183277,[16.99991273 35.99962054  5.99708623],"{'model*': '""HK""', 'boundary_mean*': 0.04, 'boundary_distribution*': '""normal""', 'silence_tau*': 7, 'silence_delta0*': 0.9000000000000001, 'use_silence?*': False}"
226,"[679, 680, 681]",158.33293641326802,19.430601903914223,136.99998130615307,183.99945414413688,46.9994728379838,12.271989861413303,[136.99998131 183.99945414 153.99937379],"{'model*': '""HK""', 'boundary_mean*': 0.01, 'boundary_distribution*': '""normal""', 'silence_tau*': 2, 'silence_delta0*': 0.6000000000000001, 'use_silence?*': True}"
227,"[682, 683, 684]",223.6664792630055,24.11545871697423,194.9997577654266,253.99975665627528,58.99999889084867,10.781883273897867,[253.99975666 194.99975777 221.99992337],"{'model*': '""HK""', 'boundary_mean*': 0.01, 'boundary_distribution*': '""normal""', 'silence_tau*': 2, 'silence_delta0*': 1.0, 'use_silence?*': True}"
228,"[685, 686, 687]",3.9869532798681564,2.169405581205974,1.9675257029363051,6.99689582020143,5.029370117265125,54.41261607353757,[1.9675257  2.99643832 6.99689582],"{'model*': '""HK""', 'boundary_mean*': 0.01, 'boundary_distribution*': '""normal""', 'silence_tau*': 8, 'silence_delta0*': 0.6000000000000001, 'use_silence?*': False}"
229,"[688, 689, 690]",84.66658910342183,16.21382670099525,62.99998441576008,101.99996417117704,38.99997975541696,19.150206560452972,[ 88.99981872 101.99996417  62.99998442],"{'model*': '""HK""', 'boundary_mean*': 0.04, 'boundary_distribution*': '""normal""', 'silence_tau*': 2, 'silence_delta0*': 1.0, 'use_silence?*': True}"
230,"[691, 692, 693]",12.663738198073185,6.8478856439264835,2.996625425059518,17.99779899396983,15.001173568910312,54.07475689104505,[16.99679018  2.99662543 17.99779899],"{'model*': '""HK""', 'boundary_mean*': 0.04, 'boundary_distribution*': '""normal""', 'silence_tau*': 1, 'silence_delta0*': 0.7000000000000002, 'use_silence?*': False}"
231,"[694, 695, 696]",153.66652135393863,33.90518359065497,105.99973735611508,181.99996768059512,76.00023032448004,22.064131661158314,[181.99996768 172.99985903 105.99973736],"{'model*': '""HK""', 'boundary_mean*': 0.01, 'boundary_distribution*': '""normal""', 'silence_tau*': 2, 'silence_delta0*': 1.0, 'use_silence?*': False}"
232,"[697, 698, 699]",266.3332080974446,31.094881864099133,239.99988872206112,309.99994541157787,70.00005668951675,11.675180157302165,[248.99979016 309.99994541 239.99988872],"{'model*': '""HK""', 'boundary_mean*': 0.05, 'boundary_distribution*': '""normal""', 'silence_tau*': 7, 'silence_delta0*': 0.8, 'use_silence?*': True}"
233,"[700, 701, 702]",41.9998203076357,9.41615828813589,28.99997952246387,50.99957270077337,21.9995931783095,22.41952041500521,[28.99997952 50.9995727  45.9999087 ],"{'model*': '""HK""', 'boundary_mean*': 0.04, 'boundary_distribution*': '""normal""', 'silence_tau*': 7, 'silence_delta0*': 0.8, 'use_silence?*': True}"
234,"[703, 704, 705]",44.99968141727106,16.309601113474717,22.999631176425147,61.99995443017106,39.00032325374591,36.24381462224091,[49.99945865 61.99995443 22.99963118],"{'model*': '""HK""', 'boundary_mean*': 0.01, 'boundary_distribution*': '""normal""', 'silence_tau*': 3, 'silence_delta0*': 1.0, 'use_silence?*': False}"
235,"[706, 707, 708]",59.6662942955684,8.498620799254864,47.99921313037838,67.99968408320404,20.000470952825665,14.243587438420963,[67.99968408 47.99921313 62.99998567],"{'model*': '""HK""', 'boundary_mean*': 0.01, 'boundary_distribution*': '""normal""', 'silence_tau*': 2, 'silence_delta0*': 1.0, 'use_silence?*': True}"
236,"[709, 710, 711]",253.6665232332581,64.42738455923681,165.9998695812533,318.9998547060101,152.99998512475682,25.398457682960736,[318.99985471 165.99986958 275.99984541],"{'model*': '""HK""', 'boundary_mean*': 0.03, 'boundary_distribution*': '""normal""', 'silence_tau*': 1, 'silence_delta0*': 0.3, 'use_silence?*': False}"
237,"[712, 713, 714]",204.33321760087983,41.15280492235448,157.99990779213857,257.99984514608155,99.99993735394298,20.14004644254047,[157.99990779 196.99989986 257.99984515],"{'model*': '""HK""', 'boundary_mean*': 0.01, 'boundary_distribution*': '""normal""', 'silence_tau*': 2, 'silence_delta0*': 1.0, 'use_silence?*': True}"
238,"[715, 716, 717]",172.33326241616848,2.6246628763815147,169.99995642523382,175.99992444891632,5.999968023682499,1.5230158354706957,[169.99995643 175.99992445 170.99990637],"{'model*': '""HK""', 'boundary_mean*': 0.04, 'boundary_distribution*': '""normal""', 'silence_tau*': 3, 'silence_delta0*': 0.9000000000000001, 'use_silence?*': True}"
239,"[718, 719, 720]",11.332467683292705,4.190728422567296,6.997590918696786,16.99989744335074,10.002306524653953,36.97984004618541,[16.99989744  9.99991469  6.99759092],"{'model*': '""HK""', 'boundary_mean*': 0.03, 'boundary_distribution*': '""normal""', 'silence_tau*': 1, 'silence_delta0*': 0.7000000000000002, 'use_silence?*': True}"
240,"[721, 722, 723]",54.332974698645366,27.524085663075578,22.999036550688416,89.99997320978943,67.00093665910101,50.65816074996131,[49.99991434 89.99997321 22.99903655],"{'model*': '""HK""', 'boundary_mean*': 0.04, 'boundary_distribution*': '""normal""', 'silence_tau*': 2, 'silence_delta0*': 1.0, 'use_silence?*': True}"
241,"[724, 725, 726]",280.6664449999399,14.63631204671764,259.9998198181003,291.999956665221,32.0001368471207,5.214842140007429,[259.99981982 289.99955852 291.99995667],"{'model*': '""HK""', 'boundary_mean*': 0.04, 'boundary_distribution*': '""normal""', 'silence_tau*': 7, 'silence_delta0*': 0.7000000000000002, 'use_silence?*': False}"
242,"[727, 728, 729]",158.3332138236179,43.86607360151629,97.99970749903405,200.99995221616177,103.00024471712773,27.704909502047236,[ 97.9997075  200.99995222 175.99998176],"{'model*': '""HK""', 'boundary_mean*': 0.02, 'boundary_distribution*': '""normal""', 'silence_tau*': 8, 'silence_delta0*': 0.2000000000000001, 'use_silence?*': False}"
243,"[730, 731, 732]",144.66659255480218,22.881341779762952,115.99995523557548,171.9999739477037,56.00001871212821,15.816603803048107,[171.99997395 115.99995524 145.99984848],"{'model*': '""HK""', 'boundary_mean*': 0.01, 'boundary_distribution*': '""normal""', 'silence_tau*': 2, 'silence_delta0*': 1.0, 'use_silence?*': True}"
244,"[733, 734, 735]",72.66633837008558,4.9217499270836065,66.99969157853037,78.99998591113017,12.000294332599793,6.773080958087376,[78.99998591 66.99969158 71.99933762],"{'model*': '""HK""', 'boundary_mean*': 0.03, 'boundary_distribution*': '""normal""', 'silence_tau*': 8, 'silence_delta0*': 0.6000000000000001, 'use_silence?*': True}"
245,"[736, 737, 738]",28.99896512507711,14.353073547058992,8.998509262521205,41.99959375266077,33.00108449013957,49.495123309235076,[35.99879236 41.99959375  8.99850926],"{'model*': '""HK""', 'boundary_mean*': 0.01, 'boundary_distribution*': '""normal""', 'silence_tau*': 7, 'silence_delta0*': 0.7000000000000002, 'use_silence?*': True}"
246,"[739, 740, 741]",133.9991712599252,66.81833399559628,61.9984282028494,222.9991124691907,161.0006842663413,49.864736749740985,[116.99997311 222.99911247  61.9984282 ],"{'model*': '""HK""', 'boundary_mean*': 0.02, 'boundary_distribution*': '""normal""', 'silence_tau*': 2, 'silence_delta0*': 1.0, 'use_silence?*': False}"
247,"[742, 743, 744]",1.992665310815201,0.002077213203644938,1.9897454275800504,1.9944044180823637,0.0046589905023133316,0.1042429550196339,[1.99440442 1.98974543 1.99384609],"{'model*': '""HK""', 'boundary_mean*': 0.01, 'boundary_distribution*': '""normal""', 'silence_tau*': 7, 'silence_delta0*': 0.7000000000000002, 'use_silence?*': True}"
248,"[745, 746, 747]",188.66649255078457,37.606251521212116,137.99971177909617,227.99999811080693,90.00028633171075,19.932660544420415,[227.99999811 137.99971178 199.99976776],"{'model*': '""HK""', 'boundary_mean*': 0.03, 'boundary_distribution*': '""normal""', 'silence_tau*': 8, 'silence_delta0*': 0.7000000000000002, 'use_silence?*': True}"
249,"[748, 749, 750]",169.33255172771757,14.816926123426624,155.9997528355977,189.9985692006145,33.99881636501681,8.750193611475165,[189.9985692  161.99933315 155.99975284],"{'model*': '""HK""', 'boundary_mean*': 0.01, 'boundary_distribution*': '""normal""', 'silence_tau*': 2, 'silence_delta0*': 1.0, 'use_silence?*': True}"
250,"[751, 752, 753]",27.66592149723004,11.671639510174096,11.998950609196308,39.99943701651453,28.00048640731822,42.18778511080023,[39.99943702 11.99895061 30.99937687],"{'model*': '""HK""', 'boundary_mean*': 0.01, 'boundary_distribution*': '""normal""', 'silence_tau*': 6, 'silence_delta0*': 1.0, 'use_silence?*': False}"
251,"[754, 755, 756]",188.33319979877933,13.474260366336619,171.99998897401613,204.999993841134,33.000004867117866,7.1544796035605565,[171.99998897 204.99999384 187.99961658],"{'model*': '""HK""', 'boundary_mean*': 0.04, 'boundary_distribution*': '""normal""', 'silence_tau*': 3, 'silence_delta0*': 0.9000000000000001, 'use_silence?*': True}"
252,"[757, 758, 759]",118.66633241924829,18.838550477242194,101.99978595858155,144.99977642463907,42.99999046605751,15.875227702062597,[101.99978596 108.99943487 144.99977642],"{'model*': '""HK""', 'boundary_mean*': 0.01, 'boundary_distribution*': '""normal""', 'silence_tau*': 6, 'silence_delta0*': 0.7000000000000002, 'use_silence?*': True}"
253,"[760, 761, 762]",230.99971338134787,27.79676549298108,197.9998250259688,265.9995436183369,67.99971859236808,12.033246745675633,[197.99982503 265.99954362 228.9997715 ],"{'model*': '""HK""', 'boundary_mean*': 0.02, 'boundary_distribution*': '""normal""', 'silence_tau*': 2, 'silence_delta0*': 1.0, 'use_silence?*': False}"
254,"[763, 764, 765]",171.9997972816225,60.86595602025518,95.99975817615132,244.9997089108288,148.99995073467747,35.38722543992118,[ 95.99975818 174.99992476 244.99970891],"{'model*': '""HK""', 'boundary_mean*': 0.01, 'boundary_distribution*': '""normal""', 'silence_tau*': 2, 'silence_delta0*': 1.0, 'use_silence?*': False}"
255,"[766, 767, 768]",39.66609898257094,13.81661862230914,20.99891110883029,53.99974270882957,33.00083159999929,34.83231015074128,[53.99974271 20.99891111 43.99964313],"{'model*': '""HK""', 'boundary_mean*': 0.04, 'boundary_distribution*': '""normal""', 'silence_tau*': 1, 'silence_delta0*': 0.3, 'use_silence?*': False}"
256,"[769, 770, 771]",2.3303204458684097,0.4720621732237971,1.9950921172318776,2.997915128649975,1.0028230114180974,20.257393100624835,[1.99795409 1.99509212 2.99791513],"{'model*': '""HK""', 'boundary_mean*': 0.04, 'boundary_distribution*': '""normal""', 'silence_tau*': 2, 'silence_delta0*': 0.6000000000000001, 'use_silence?*': False}"
257,"[772, 773, 774]",200.33321732069626,34.26702507369528,152.99974185910875,232.99995986523103,80.00021800612228,17.105014101999938,[214.99995024 152.99974186 232.99995987],"{'model*': '""HK""', 'boundary_mean*': 0.04, 'boundary_distribution*': '""normal""', 'silence_tau*': 6, 'silence_delta0*': 0.7000000000000002, 'use_silence?*': True}"
258,"[775, 776, 777]",88.66653687661638,38.76716631791396,50.999871550828,141.9999640163014,91.00009246547339,43.72243202851182,[ 72.99977506 141.99996402  50.99987155],"{'model*': '""HK""', 'boundary_mean*': 0.04, 'boundary_distribution*': '""normal""', 'silence_tau*': 7, 'silence_delta0*': 0.5, 'use_silence?*': True}"
259,"[778, 779, 780]",168.99953298717693,18.4574046679124,149.9992066894951,193.9998374595293,44.00063077003418,10.92157140417239,[149.99920669 162.99955481 193.99983746],"{'model*': '""HK""', 'boundary_mean*': 0.02, 'boundary_distribution*': '""normal""', 'silence_tau*': 3, 'silence_delta0*': 1.0, 'use_silence?*': True}"
260,"[781, 782, 783]",0.9513743685813753,0.004724299972953525,0.9450511410188528,0.956404433658788,0.01135329263993523,0.4965763351390347,[0.95640443 0.95266753 0.94505114],"{'model*': '""HK""', 'boundary_mean*': 0.05, 'boundary_distribution*': '""normal""', 'silence_tau*': 2, 'silence_delta0*': 1.0, 'use_silence?*': False}"
261,"[784, 785, 786]",192.33314509458953,25.486267121530492,157.99993469826325,218.9996300602131,60.99969536194985,13.251105059918993,[199.99987053 157.9999347  218.99963006],"{'model*': '""HK""', 'boundary_mean*': 0.05, 'boundary_distribution*': '""normal""', 'silence_tau*': 6, 'silence_delta0*': 0.8, 'use_silence?*': False}"
262,"[787, 788, 789]",74.33261177392227,12.284176206598087,59.99837018617417,89.99965116682893,30.001280980654755,16.52595800610316,[89.99965117 72.99981397 59.99837019],"{'model*': '""HK""', 'boundary_mean*': 0.02, 'boundary_distribution*': '""normal""', 'silence_tau*': 8, 'silence_delta0*': 0.7000000000000002, 'use_silence?*': True}"
263,"[790, 791, 792]",167.666583491046,33.02854347022894,121.9999915862702,198.9998096489829,76.9998180627127,19.69894225941139,[198.99980965 121.99999159 181.99994924],"{'model*': '""HK""', 'boundary_mean*': 0.02, 'boundary_distribution*': '""normal""', 'silence_tau*': 6, 'silence_delta0*': 0.6000000000000001, 'use_silence?*': False}"
264,"[793, 794, 795]",1.993951440684665,0.00197292001711683,1.9918843549617091,1.9966079399692716,0.004723585007562425,0.09894523892915802,[1.99660794 1.99188435 1.99336203],"{'model*': '""HK""', 'boundary_mean*': 0.01, 'boundary_distribution*': '""normal""', 'silence_tau*': 1, 'silence_delta0*': 1.0, 'use_silence?*': True}"
265,"[796, 797, 798]",0.9793125985531826,0.006408826317362459,0.9720899251323796,0.9876656990326362,0.015575773900256662,0.6544208996014892,[0.97818217 0.97208993 0.9876657 ],"{'model*': '""HK""', 'boundary_mean*': 0.03, 'boundary_distribution*': '""normal""', 'silence_tau*': 2, 'silence_delta0*': 1.0, 'use_silence?*': True}"
266,"[799, 800, 801]",160.33316350445298,26.549728848838978,134.99973654325194,196.9997782707136,62.00004172746165,16.55909998189589,[134.99973654 148.9999757  196.99977827],"{'model*': '""HK""', 'boundary_mean*': 0.02, 'boundary_distribution*': '""normal""', 'silence_tau*': 6, 'silence_delta0*': 0.8, 'use_silence?*': False}"
267,"[802, 803, 804]",141.3327914691055,15.520867468206456,121.99904581825996,159.99970317109722,38.000657352837266,10.981787953717184,[141.99962542 159.99970317 121.99904582],"{'model*': '""HK""', 'boundary_mean*': 0.01, 'boundary_distribution*': '""normal""', 'silence_tau*': 0, 'silence_delta0*': 1.0, 'use_silence?*': True}"
268,"[805, 806, 807]",1.3202677019406657,0.4760417802808092,0.971164220012646,1.9933359762701024,1.0221717562574564,36.05645882127344,[0.99630291 0.97116422 1.99333598],"{'model*': '""HK""', 'boundary_mean*': 0.01, 'boundary_distribution*': '""normal""', 'silence_tau*': 2, 'silence_delta0*': 0.9000000000000001, 'use_silence?*': False}"
269,"[808, 809, 810]",55.666152039827494,13.597162438566132,36.99965433925167,68.99885551130173,31.999201172050057,24.42626612458817,[68.99885551 60.99994627 36.99965434],"{'model*': '""HK""', 'boundary_mean*': 0.03, 'boundary_distribution*': '""normal""', 'silence_tau*': 2, 'silence_delta0*': 1.0, 'use_silence?*': True}"
270,"[811, 812, 813]",107.66568551728358,19.01418454066175,80.99975482073003,123.99947170067584,42.99971687994581,17.66039425589261,[ 80.99975482 123.9994717  117.99783003],"{'model*': '""HK""', 'boundary_mean*': 0.0699999999999999, 'boundary_distribution*': '""normal""', 'silence_tau*': 3, 'silence_delta0*': 1.0, 'use_silence?*': True}"
271,"[814, 815, 816]",38.666444986427294,11.145565797207434,23.999640993023284,50.999757069733,27.000116076709716,28.824904387046065,[23.99964099 50.99975707 40.9999369 ],"{'model*': '""HK""', 'boundary_mean*': 0.06, 'boundary_distribution*': '""normal""', 'silence_tau*': 3, 'silence_delta0*': 0.7000000000000002, 'use_silence?*': True}"
272,"[817, 818, 819]",152.33309926067957,34.19861276789256,103.9999804745983,177.99962338007705,73.99964290547875,22.449889704778005,[177.99962338 103.99998047 174.99969393],"{'model*': '""HK""', 'boundary_mean*': 0.05, 'boundary_distribution*': '""normal""', 'silence_tau*': 2, 'silence_delta0*': 1.0, 'use_silence?*': False}"
273,"[820, 821, 822]",0.9605381211766183,0.007193358892524556,0.9514729494285148,0.969068658290747,0.017595708862232162,0.7488884338825613,[0.96906866 0.95147295 0.96107276],"{'model*': '""HK""', 'boundary_mean*': 0.05, 'boundary_distribution*': '""normal""', 'silence_tau*': 3, 'silence_delta0*': 0.9000000000000001, 'use_silence?*': True}"
274,"[823, 824, 825]",235.9997698088109,25.45581570443137,199.99980999835245,253.99978127496624,53.99997127661379,10.786373107505037,[253.99978127 253.99971815 199.99981   ],"{'model*': '""HK""', 'boundary_mean*': 0.03, 'boundary_distribution*': '""normal""', 'silence_tau*': 9, 'silence_delta0*': 0.8, 'use_silence?*': False}"
275,"[826, 827, 828]",187.6666026279329,12.283670313100508,171.99997044801583,201.99994269060187,29.99997224258604,6.545474869310692,[201.99994269 171.99997045 188.99989475],"{'model*': '""HK""', 'boundary_mean*': 0.04, 'boundary_distribution*': '""normal""', 'silence_tau*': 2, 'silence_delta0*': 1.0, 'use_silence?*': False}"
276,"[829, 830, 831]",176.66648673168368,16.21388073037907,160.99964433823786,198.99981929270925,38.00017495447139,9.177677685414256,[198.99981929 160.99964434 169.99999656],"{'model*': '""HK""', 'boundary_mean*': 0.01, 'boundary_distribution*': '""normal""', 'silence_tau*': 2, 'silence_delta0*': 1.0, 'use_silence?*': True}"
277,"[832, 833, 834]",174.6665129927441,17.326897469944072,150.99990577945047,191.99989306792205,40.99998728847157,9.919988195255183,[180.99974013 150.99990578 191.99989307],"{'model*': '""HK""', 'boundary_mean*': 0.03, 'boundary_distribution*': '""normal""', 'silence_tau*': 4, 'silence_delta0*': 1.0, 'use_silence?*': True}"
278,"[835, 836, 837]",146.33320457521177,6.128255168779256,141.999840701711,154.9998661484982,13.000025446787191,4.187877376545444,[141.9998407  141.99990688 154.99986615],"{'model*': '""HK""', 'boundary_mean*': 0.04, 'boundary_distribution*': '""normal""', 'silence_tau*': 5, 'silence_delta0*': 0.8, 'use_silence?*': True}"
279,"[838, 839, 840]",0.9208652924541374,0.006731333979203246,0.9130524488856528,0.929481904493577,0.016429455607924193,0.7309792251224945,[0.9294819  0.92006152 0.91305245],"{'model*': '""HK""', 'boundary_mean*': 0.05, 'boundary_distribution*': '""normal""', 'silence_tau*': 2, 'silence_delta0*': 1.0, 'use_silence?*': True}"
280,"[841, 842, 843]",62.66628850608945,15.326455465038721,45.99897946340732,82.99998313734339,37.00100367393607,24.457257371400587,[45.99897946 58.99990292 82.99998314],"{'model*': '""HK""', 'boundary_mean*': 0.02, 'boundary_distribution*': '""normal""', 'silence_tau*': 2, 'silence_delta0*': 1.0, 'use_silence?*': False}"
281,"[844, 845, 846]",181.66630152669322,28.405549851029846,141.9999538646645,206.99934270840924,64.99938884374475,15.6361139145314,[206.99934271 141.99995386 195.99960801],"{'model*': '""HK""', 'boundary_mean*': 0.01, 'boundary_distribution*': '""normal""', 'silence_tau*': 2, 'silence_delta0*': 1.0, 'use_silence?*': False}"
282,"[847, 848, 849]",210.3331431756172,29.578468727877457,171.99997615426153,243.9998973064524,71.99992115219086,14.062676134298519,[243.99989731 214.99955607 171.99997615],"{'model*': '""HK""', 'boundary_mean*': 0.05, 'boundary_distribution*': '""normal""', 'silence_tau*': 6, 'silence_delta0*': 1.0, 'use_silence?*': True}"
283,"[850, 851, 852]",178.66664383972395,21.312507819363887,153.99995283099923,205.9999976886088,52.000044857609566,11.928643960247356,[175.999981   153.99995283 205.99999769],"{'model*': '""HK""', 'boundary_mean*': 0.05, 'boundary_distribution*': '""normal""', 'silence_tau*': 7, 'silence_delta0*': 0.7000000000000002, 'use_silence?*': True}"
284,"[853, 854, 855]",187.33292555197525,2.0544353906808,184.99981545744023,189.9989822253862,4.999166767945951,1.0966760833032523,[186.99997897 184.99981546 189.99898223],"{'model*': '""HK""', 'boundary_mean*': 0.04, 'boundary_distribution*': '""normal""', 'silence_tau*': 2, 'silence_delta0*': 0.7000000000000002, 'use_silence?*': True}"
285,"[856, 857, 858]",232.99975235474528,66.31727100506386,139.99991454239,289.99935104153224,149.99943649914223,28.462378322228822,[268.99999148 139.99991454 289.99935104],"{'model*': '""HK""', 'boundary_mean*': 0.05, 'boundary_distribution*': '""normal""', 'silence_tau*': 6, 'silence_delta0*': 0.8, 'use_silence?*': True}"
286,"[859, 860, 861]",4.329607701805156,3.3005635102476054,1.9921776474052928,8.997307550829582,7.005129903424289,76.23239188325287,[8.99730755 1.99217765 1.99933791],"{'model*': '""HK""', 'boundary_mean*': 0.05, 'boundary_distribution*': '""normal""', 'silence_tau*': 9, 'silence_delta0*': 0.8, 'use_silence?*': True}"
287,"[862, 863, 864]",183.66657695795357,22.881325553279236,154.99992047649658,210.9998934003432,55.99997292384663,12.45807807400767,[210.9998934  184.999917   154.99992048],"{'model*': '""HK""', 'boundary_mean*': 0.05, 'boundary_distribution*': '""normal""', 'silence_tau*': 6, 'silence_delta0*': 0.8, 'use_silence?*': True}"
288,"[865, 866, 867]",95.99954542586477,24.26273207489874,74.99929474350445,129.99993363931932,55.00063889581487,25.273798919845436,[ 74.99929474  82.99940789 129.99993364],"{'model*': '""HK""', 'boundary_mean*': 0.05, 'boundary_distribution*': '""normal""', 'silence_tau*': 3, 'silence_delta0*': 1.0, 'use_silence?*': True}"
289,"[868, 869, 870]",0.7979069026583404,0.0,0.7979069026583404,0.7979069026583404,0.0,0.0,[0.7979069 0.7979069 0.7979069],"{'model*': '""HK""', 'boundary_mean*': 0.06, 'boundary_distribution*': '""normal""', 'silence_tau*': 9, 'silence_delta0*': -0.6, 'use_silence?*': True}"
290,"[871, 872, 873]",199.33320647776486,11.897809276335128,183.99971375283167,212.99993609061517,29.000222337783498,5.968804438844112,[200.99996959 183.99971375 212.99993609],"{'model*': '""HK""', 'boundary_mean*': 0.03, 'boundary_distribution*': '""normal""', 'silence_tau*': 2, 'silence_delta0*': 1.0, 'use_silence?*': False}"
291,"[874, 875, 876]",33.998734667194256,17.664588365789946,9.99730627491567,51.999873810530616,42.00256753561494,51.956605264003244,[ 9.99730627 51.99987381 39.99902392],"{'model*': '""HK""', 'boundary_mean*': 0.01, 'boundary_distribution*': '""normal""', 'silence_tau*': 7, 'silence_delta0*': 0.7000000000000002, 'use_silence?*': True}"
292,"[877, 878, 879]",185.99992404344138,36.85109804918837,133.99986016951368,214.9999824764423,81.00012230692863,19.81242639678798,[133.99986017 208.99992948 214.99998248],"{'model*': '""HK""', 'boundary_mean*': 0.05, 'boundary_distribution*': '""normal""', 'silence_tau*': 7, 'silence_delta0*': 0.9000000000000001, 'use_silence?*': True}"
293,"[880, 881, 882]",272.6664238947357,21.91408147037976,251.9994817155984,302.9998593782429,51.000377662644496,8.03695635031316,[251.99948172 302.99985938 262.99993059],"{'model*': '""HK""', 'boundary_mean*': 0.04, 'boundary_distribution*': '""normal""', 'silence_tau*': 2, 'silence_delta0*': 1.0, 'use_silence?*': True}"
294,"[883, 884, 885]",239.6665861855184,76.52591828844746,157.99997678258217,341.9998741089874,183.99989732640523,31.93015743513413,[341.99987411 218.99990766 157.99997678],"{'model*': '""HK""', 'boundary_mean*': 0.02, 'boundary_distribution*': '""normal""', 'silence_tau*': 7, 'silence_delta0*': 0.8, 'use_silence?*': False}"
295,"[886, 887, 888]",151.66655406202392,6.599705923474643,146.99973088960832,160.99994768553532,14.000216795927003,4.351457685770126,[146.99998361 160.99994769 146.99973089],"{'model*': '""HK""', 'boundary_mean*': 0.05, 'boundary_distribution*': '""normal""', 'silence_tau*': 2, 'silence_delta0*': 1.0, 'use_silence?*': False}"
296,"[889, 890, 891]",186.33319933670717,34.29605958231821,137.99991964230043,213.9998548692422,75.99993522694177,18.405769720265823,[213.99985487 137.99991964 206.9998235 ],"{'model*': '""HK""', 'boundary_mean*': 0.05, 'boundary_distribution*': '""normal""', 'silence_tau*': 7, 'silence_delta0*': 0.5, 'use_silence?*': True}"
297,"[892, 893, 894]",23.666392834584457,6.599701376651599,18.99955677261288,32.9997800276078,14.000223254994918,27.886384810646952,[32.99978003 18.9998417  18.99955677],"{'model*': '""HK""', 'boundary_mean*': 0.03, 'boundary_distribution*': '""normal""', 'silence_tau*': 2, 'silence_delta0*': 1.0, 'use_silence?*': False}"
298,"[895, 896, 897]",23.66584476072461,10.338487780631077,9.999706588962905,34.999357712284194,24.99965112332129,43.68526830611445,[ 9.99970659 34.99935771 25.99846998],"{'model*': '""HK""', 'boundary_mean*': 0.01, 'boundary_distribution*': '""normal""', 'silence_tau*': 2, 'silence_delta0*': 1.0, 'use_silence?*': False}"
299,"[898, 899, 900]",112.99976104240689,20.396122790945505,92.99964880565912,140.9997996675253,48.00015086186619,18.049704355827075,[104.99983465 140.99979967  92.99964881],"{'model*': '""HK""', 'boundary_mean*': 0.03, 'boundary_distribution*': '""normal""', 'silence_tau*': 2, 'silence_delta0*': 1.0, 'use_silence?*': False}"
300,"[901, 902, 903]",137.9997406865311,25.781094749469286,114.99975522965718,173.99968793450464,58.99993270484745,18.681987822014467,[124.9997789  114.99975523 173.99968793],"{'model*': '""HK""', 'boundary_mean*': 0.01, 'boundary_distribution*': '""normal""', 'silence_tau*': 7, 'silence_delta0*': 0.5, 'use_silence?*': False}"
301,"[904, 905, 906]",2.324519815193184,1.8851840176315433,0.9837982691795952,4.9905577846777325,4.006759515498137,81.0999332124373,[0.98379827 4.99055778 0.99920339],"{'model*': '""HK""', 'boundary_mean*': 0.01, 'boundary_distribution*': '""normal""', 'silence_tau*': 3, 'silence_delta0*': 1.0, 'use_silence?*': False}"
302,"[907, 908, 909]",153.9997543054874,21.969879022610506,123.99944884851476,175.999880660243,52.00043181172825,14.266177970017493,[123.99944885 175.99988066 161.99993341],"{'model*': '""HK""', 'boundary_mean*': 0.09, 'boundary_distribution*': '""normal""', 'silence_tau*': 6, 'silence_delta0*': 0.9000000000000001, 'use_silence?*': True}"
303,"[910, 911, 912]",238.99984068027848,33.50608734569836,196.99998544754885,278.99966182657306,81.99967637902421,14.019292753638718,[240.99987477 196.99998545 278.99966183],"{'model*': '""HK""', 'boundary_mean*': 0.04, 'boundary_distribution*': '""normal""', 'silence_tau*': 7, 'silence_delta0*': 0.7000000000000002, 'use_silence?*': False}"
304,"[913, 914, 915]",237.99980493616954,21.35406232667567,207.9999622541282,255.999900616608,47.99993836247978,8.972302448904415,[249.99955194 255.99990062 207.99996225],"{'model*': '""HK""', 'boundary_mean*': 0.04, 'boundary_distribution*': '""normal""', 'silence_tau*': 7, 'silence_delta0*': 0.8, 'use_silence?*': False}"
305,"[916, 917, 918]",158.3330733517674,29.67977417680406,128.99967488680804,198.9997205390232,70.00004565221516,18.745151312047565,[146.99982463 128.99967489 198.99972054],"{'model*': '""HK""', 'boundary_mean*': 0.03, 'boundary_distribution*': '""normal""', 'silence_tau*': 2, 'silence_delta0*': 0.6000000000000001, 'use_silence?*': True}"
306,"[919, 920, 921]",80.66591595687932,15.585190091924872,58.99889500107398,94.99976605797129,36.0008710568973,19.320663389300723,[94.99976606 87.99908681 58.998895  ],"{'model*': '""HK""', 'boundary_mean*': 0.03, 'boundary_distribution*': '""normal""', 'silence_tau*': 1, 'silence_delta0*': 0.3, 'use_silence?*': True}"
307,"[922, 923, 924]",73.99974210671532,17.378287592536626,50.99954480143092,92.99987492007038,42.00033011863946,23.48425426601532,[92.99987492 77.9998066  50.9995448 ],"{'model*': '""HK""', 'boundary_mean*': 0.05, 'boundary_distribution*': '""normal""', 'silence_tau*': 6, 'silence_delta0*': 0.8, 'use_silence?*': True}"
308,"[925, 926, 927]",248.99971679781234,19.815967242444717,228.99968850715905,275.9999658800528,47.00027737289375,7.958228827438899,[241.99949601 228.99968851 275.99996588],"{'model*': '""HK""', 'boundary_mean*': 0.09, 'boundary_distribution*': '""normal""', 'silence_tau*': 8, 'silence_delta0*': 0.7000000000000002, 'use_silence?*': False}"
309,"[928, 929, 930]",89.6664553336778,27.71688500953796,52.999770566768944,119.99997451170596,67.00020394493701,30.911097027750785,[ 52.99977057 119.99997451  95.99962092],"{'model*': '""HK""', 'boundary_mean*': 0.05, 'boundary_distribution*': '""normal""', 'silence_tau*': 1, 'silence_delta0*': 0.3, 'use_silence?*': True}"
310,"[931, 932, 933]",7.998947697768578,2.1596283118268347,4.999778077087528,9.99826029166126,4.998482214573732,26.99890527386864,[4.99977808 9.99826029 8.99880472],"{'model*': '""HK""', 'boundary_mean*': 0.02, 'boundary_distribution*': '""normal""', 'silence_tau*': 3, 'silence_delta0*': 1.0, 'use_silence?*': True}"
311,"[934, 935, 936]",200.99989281848954,71.86564758611364,118.9998600738672,293.9999373337534,175.0000772598862,35.75407259097945,[189.99988105 293.99993733 118.99986007],"{'model*': '""HK""', 'boundary_mean*': 0.01, 'boundary_distribution*': '""normal""', 'silence_tau*': 2, 'silence_delta0*': 0.6000000000000001, 'use_silence?*': True}"
312,"[937, 938, 939]",225.66612139149046,29.578836402250293,191.9988670889805,263.9997098255995,72.000842736619,13.107344700153856,[191.99886709 220.99978726 263.99970983],"{'model*': '""HK""', 'boundary_mean*': 0.0699999999999999, 'boundary_distribution*': '""normal""', 'silence_tau*': 7, 'silence_delta0*': 1.0, 'use_silence?*': True}"
313,"[940, 941, 942]",211.99990675582455,32.1351329654675,183.99991018668447,256.9999098816607,72.99999969497622,15.15808825448203,[194.9999002  256.99990988 183.99991019],"{'model*': '""HK""', 'boundary_mean*': 0.01, 'boundary_distribution*': '""normal""', 'silence_tau*': 2, 'silence_delta0*': 1.0, 'use_silence?*': False}"
314,"[943, 944, 945]",118.33296549352906,18.061610517629028,94.9998498067744,138.99990921736642,44.000059410592016,15.263380278099014,[ 94.99984981 120.99913746 138.99990922],"{'model*': '""HK""', 'boundary_mean*': 0.03, 'boundary_distribution*': '""normal""', 'silence_tau*': 1, 'silence_delta0*': 0.3, 'use_silence?*': True}"
315,"[946, 947, 948]",27.664643743474944,12.474588147091978,10.99435040482834,40.9996918280221,30.005341423193762,45.09216985682047,[40.99969183 30.999889   10.9943504 ],"{'model*': '""HK""', 'boundary_mean*': 0.01, 'boundary_distribution*': '""normal""', 'silence_tau*': 6, 'silence_delta0*': 0.8, 'use_silence?*': False}"
316,"[949, 950, 951]",184.9998024964976,14.165522823036458,165.99996664955876,199.9995143812881,33.999547731729336,7.6570475383640675,[199.99951438 188.99992646 165.99996665],"{'model*': '""HK""', 'boundary_mean*': 0.04, 'boundary_distribution*': '""normal""', 'silence_tau*': 2, 'silence_delta0*': 0.8, 'use_silence?*': False}"
317,"[952, 953, 954]",233.9999064919775,18.055519567455878,216.99986870346052,258.99997740639395,42.00010870293343,7.7160370865681935,[216.9998687  258.99997741 225.99987337],"{'model*': '""HK""', 'boundary_mean*': 0.03, 'boundary_distribution*': '""normal""', 'silence_tau*': 2, 'silence_delta0*': 0.6000000000000001, 'use_silence?*': False}"
318,"[955, 956, 957]",99.66621085282775,19.686502834928824,76.99937741457133,124.9995771153024,48.00019970073107,19.752434316981233,[124.99957712  76.99937741  96.99967803],"{'model*': '""HK""', 'boundary_mean*': 0.09, 'boundary_distribution*': '""normal""', 'silence_tau*': 8, 'silence_delta0*': 0.7000000000000002, 'use_silence?*': True}"
319,"[958, 959, 960]",150.6665018509589,91.36867767046581,63.99988764963657,276.99996784323656,213.00008019359998,60.64299399533999,[ 63.99988765 276.99996784 110.99965006],"{'model*': '""HK""', 'boundary_mean*': 0.03, 'boundary_distribution*': '""normal""', 'silence_tau*': 3, 'silence_delta0*': 1.0, 'use_silence?*': False}"
320,"[961, 962, 963]",12.332865327627951,4.784225091903107,7.99990808172136,18.99960235692328,10.99969427520192,38.792486294207215,[ 9.99908554 18.99960236  7.99990808],"{'model*': '""HK""', 'boundary_mean*': 0.04, 'boundary_distribution*': '""normal""', 'silence_tau*': 7, 'silence_delta0*': 0.5, 'use_silence?*': True}"
321,"[964, 965, 966]",223.33318524324773,19.48223494088327,195.999784037432,239.99990273429023,44.00011869685824,8.723394563895111,[195.99978404 239.99990273 233.99986896],"{'model*': '""HK""', 'boundary_mean*': 0.01, 'boundary_distribution*': '""normal""', 'silence_tau*': 2, 'silence_delta0*': 1.0, 'use_silence?*': True}"
322,"[967, 968, 969]",144.99985577395736,46.754756975798145,79.99976061595245,187.99998296630795,108.0002223503555,32.24469205589066,[187.99998297 166.99982374  79.99976062],"{'model*': '""HK""', 'boundary_mean*': 0.01, 'boundary_distribution*': '""normal""', 'silence_tau*': 6, 'silence_delta0*': 1.0, 'use_silence?*': False}"
323,"[970, 971, 972]",255.99986725138638,22.015198457560153,237.99985047543996,286.9999436332971,49.00009315785715,8.599691356848126,[242.99980765 286.99994363 237.99985048],"{'model*': '""HK""', 'boundary_mean*': 0.03, 'boundary_distribution*': '""normal""', 'silence_tau*': 2, 'silence_delta0*': 0.6000000000000001, 'use_silence?*': False}"
324,"[973, 974, 975]",0.9310179884433838,0.008638291141514116,0.9188078928934034,0.937462573791558,0.018654680898154585,0.9278328935359147,[0.93746257 0.91880789 0.9367835 ],"{'model*': '""HK""', 'boundary_mean*': 0.04, 'boundary_distribution*': '""normal""', 'silence_tau*': 2, 'silence_delta0*': 0.6000000000000001, 'use_silence?*': True}"
325,"[976, 977, 978]",10.665133013056058,2.8684518024365624,6.996610608733123,13.998887843442684,7.002277234709561,26.89560269829787,[13.99888784  6.99661061 10.99990059],"{'model*': '""HK""', 'boundary_mean*': 0.01, 'boundary_distribution*': '""normal""', 'silence_tau*': 7, 'silence_delta0*': 0.8, 'use_silence?*': False}"
326,"[979, 980, 981]",253.33320819120914,49.04644561803626,194.999885583582,314.9998440613259,119.99995847774392,19.360448623465626,[249.99989493 194.99988558 314.99984406],"{'model*': '""HK""', 'boundary_mean*': 0.03, 'boundary_distribution*': '""normal""', 'silence_tau*': 9, 'silence_delta0*': 0.8, 'use_silence?*': False}"
327,"[982, 983, 984]",59.33302743566937,3.299980863270133,56.99951696625052,63.99990512734485,7.000388161094335,5.5617941741605375,[56.99951697 56.99966021 63.99990513],"{'model*': '""HK""', 'boundary_mean*': 0.01, 'boundary_distribution*': '""normal""', 'silence_tau*': 0, 'silence_delta0*': 1.0, 'use_silence?*': True}"
328,"[985, 986, 987]",239.99977295097403,63.93767812114764,157.9994889615372,313.99999213535983,156.00050317382264,26.64072442027206,[313.99999214 157.99948896 247.99983776],"{'model*': '""HK""', 'boundary_mean*': 0.09, 'boundary_distribution*': '""normal""', 'silence_tau*': 6, 'silence_delta0*': 1.0, 'use_silence?*': True}"
329,"[988, 989, 990]",286.99981774772743,20.395963828804977,258.99997414740284,306.99970450836264,47.9997303609598,7.106612118734169,[258.99997415 306.99970451 294.99977459],"{'model*': '""HK""', 'boundary_mean*': 0.03, 'boundary_distribution*': '""normal""', 'silence_tau*': 2, 'silence_delta0*': 1.0, 'use_silence?*': False}"
330,"[991, 992, 993]",84.99956901438138,16.390996396979066,70.9995245822035,107.9994728316402,36.9999482494367,19.283622948965558,[ 75.99970963  70.99952458 107.99947283],"{'model*': '""HK""', 'boundary_mean*': 0.05, 'boundary_distribution*': '""normal""', 'silence_tau*': 8, 'silence_delta0*': 0.7000000000000002, 'use_silence?*': False}"
331,"[994, 995, 996]",143.3332070036826,5.3124809966852835,136.9998063819171,149.99986573337245,13.000059351455349,3.706385357406252,[149.99986573 142.9999489  136.99980638],"{'model*': '""HK""', 'boundary_mean*': 0.04, 'boundary_distribution*': '""normal""', 'silence_tau*': 6, 'silence_delta0*': 0.8, 'use_silence?*': False}"
332,"[997, 998, 999]",51.99938396522771,11.045872275294766,37.99867363434183,64.99990780797943,27.0012341736376,21.24231372179564,[52.99957045 37.99867363 64.99990781],"{'model*': '""HK""', 'boundary_mean*': 0.01, 'boundary_distribution*': '""normal""', 'silence_tau*': 6, 'silence_delta0*': 0.8, 'use_silence?*': False}"
333,"[1000, 1001, 1002]",8.33162717909129,3.4001717460104137,4.9969620343648975,12.999252759305794,8.002290724940895,40.81041641593547,[ 6.99866674  4.99696203 12.99925276],"{'model*': '""HK""', 'boundary_mean*': 0.03, 'boundary_distribution*': '""normal""', 'silence_tau*': 2, 'silence_delta0*': 0.8, 'use_silence?*': False}"
334,"[1003, 1004, 1005]",69.9999591115577,17.72006992083383,55.99989908444751,94.99999069252505,39.00009160807753,25.314400387854036,[94.99999069 58.99998756 55.99989908],"{'model*': '""HK""', 'boundary_mean*': 0.03, 'boundary_distribution*': '""normal""', 'silence_tau*': 2, 'silence_delta0*': 1.0, 'use_silence?*': True}"
335,"[1006, 1007, 1008]",118.3331897745952,26.948568053924916,90.99978431295396,154.99992923664027,64.0001449236863,22.77346542018972,[108.99985577 154.99992924  90.99978431],"{'model*': '""HK""', 'boundary_mean*': 0.03, 'boundary_distribution*': '""normal""', 'silence_tau*': 8, 'silence_delta0*': 0.8, 'use_silence?*': False}"
336,"[1009, 1010, 1011]",298.9997755872895,5.71523753576541,291.9999557626903,305.9993714787441,13.999415716053761,1.9114521154872617,[305.99937148 298.99999952 291.99995576],"{'model*': '""HK""', 'boundary_mean*': 0.0699999999999999, 'boundary_distribution*': '""normal""', 'silence_tau*': 8, 'silence_delta0*': 0.7000000000000002, 'use_silence?*': False}"
337,"[1012, 1013, 1014]",141.33324819170605,32.293865531802616,96.99980286932556,172.99996274051645,76.00015987119089,22.849446924193554,[ 96.99980287 172.99996274 153.99997897],"{'model*': '""HK""', 'boundary_mean*': 0.05, 'boundary_distribution*': '""normal""', 'silence_tau*': 7, 'silence_delta0*': 0.6000000000000001, 'use_silence?*': False}"
338,"[1015, 1016, 1017]",56.66612916959361,12.283857039757084,40.99945714775495,70.99994643038113,30.000489282626177,21.677600393337716,[40.99945715 70.99994643 57.99898393],"{'model*': '""HK""', 'boundary_mean*': 0.05, 'boundary_distribution*': '""normal""', 'silence_tau*': 7, 'silence_delta0*': 0.8, 'use_silence?*': True}"
339,"[1018, 1019, 1020]",222.33313531919012,24.63520298015775,201.99963972555364,256.99991488166194,55.0002751561083,11.08031105880394,[256.99991488 207.99985135 201.99963973],"{'model*': '""HK""', 'boundary_mean*': 0.06, 'boundary_distribution*': '""normal""', 'silence_tau*': 7, 'silence_delta0*': 0.5, 'use_silence?*': False}"
340,"[1021, 1022, 1023]",102.66638059032744,16.819332738115165,86.99960823442888,125.99973817452415,39.00012994009528,16.38251260189041,[ 94.99979536  86.99960823 125.99973817],"{'model*': '""HK""', 'boundary_mean*': 0.04, 'boundary_distribution*': '""normal""', 'silence_tau*': 7, 'silence_delta0*': 0.7000000000000002, 'use_silence?*': True}"
341,"[1024, 1025, 1026]",74.99976777049478,23.50903015873147,54.9995824330664,107.99999496832868,53.00041253526228,31.34547060288368,[ 54.99958243  61.99972591 107.99999497],"{'model*': '""HK""', 'boundary_mean*': 0.03, 'boundary_distribution*': '""normal""', 'silence_tau*': 7, 'silence_delta0*': 0.9000000000000001, 'use_silence?*': True}"
342,"[1027, 1028, 1029]",214.6664216261056,35.311175265404074,164.9999673820634,243.99977541906307,78.99980803699967,16.449324024652153,[164.99996738 243.99977542 234.99952208],"{'model*': '""HK""', 'boundary_mean*': 0.05, 'boundary_distribution*': '""normal""', 'silence_tau*': 2, 'silence_delta0*': 1.0, 'use_silence?*': True}"
343,"[1030, 1031, 1032]",152.33301901141286,33.87583346011193,114.99919183772744,196.99987779723435,82.00068595950691,22.23801095780419,[196.9998778  114.99919184 144.9999874 ],"{'model*': '""HK""', 'boundary_mean*': 0.03, 'boundary_distribution*': '""normal""', 'silence_tau*': 2, 'silence_delta0*': 0.6000000000000001, 'use_silence?*': True}"
344,"[1033, 1034, 1035]",239.6664348554841,53.63025879033223,163.99998156440415,281.99942501021246,117.99944344580831,22.377042001175763,[272.99989799 281.99942501 163.99998156],"{'model*': '""HK""', 'boundary_mean*': 0.03, 'boundary_distribution*': '""normal""', 'silence_tau*': 6, 'silence_delta0*': 1.0, 'use_silence?*': True}"
345,"[1036, 1037, 1038]",94.33313805910984,23.44250639692241,69.99985097416604,125.99965375464733,55.99980278048129,24.85076493716679,[125.99965375  86.99990945  69.99985097],"{'model*': '""HK""', 'boundary_mean*': 0.03, 'boundary_distribution*': '""normal""', 'silence_tau*': 8, 'silence_delta0*': 0.6000000000000001, 'use_silence?*': False}"
346,"[1039, 1040, 1041]",10.332086268972548,3.3990370215365933,6.999046439734451,14.998325025949809,7.9992785862153575,32.89787689582081,[ 8.99888734 14.99832503  6.99904644],"{'model*': '""HK""', 'boundary_mean*': 0.01, 'boundary_distribution*': '""normal""', 'silence_tau*': 2, 'silence_delta0*': 1.0, 'use_silence?*': True}"
347,"[1042, 1043, 1044]",228.99977401794243,50.6160882701942,177.9997725600024,297.9995733226728,119.99980076267039,22.103117126320114,[297.99957332 210.99997617 177.99977256],"{'model*': '""HK""', 'boundary_mean*': 0.05, 'boundary_distribution*': '""normal""', 'silence_tau*': 9, 'silence_delta0*': 0.9000000000000001, 'use_silence?*': False}"
348,"[1045, 1046, 1047]",132.66654284323644,28.859758867359048,91.99994129170712,155.9997038674176,63.99976257571048,21.753607389514006,[ 91.99994129 149.99998337 155.99970387],"{'model*': '""HK""', 'boundary_mean*': 0.04, 'boundary_distribution*': '""normal""', 'silence_tau*': 2, 'silence_delta0*': 1.0, 'use_silence?*': True}"
349,"[1048, 1049, 1050]",224.33321124267945,42.7109013393117,163.99990288679632,256.9999788080632,93.00007592126687,19.039045134118748,[163.99990289 251.99975203 256.99997881],"{'model*': '""HK""', 'boundary_mean*': 0.09, 'boundary_distribution*': '""normal""', 'silence_tau*': 8, 'silence_delta0*': 0.7000000000000002, 'use_silence?*': True}"
350,"[1051, 1052, 1053]",2.3155219470240485,0.9465454827827138,0.9769222363973464,2.990791517332544,2.0138692809351975,40.8782773145049,[2.97885209 2.99079152 0.97692224],"{'model*': '""HK""', 'boundary_mean*': 0.05, 'boundary_distribution*': '""normal""', 'silence_tau*': 2, 'silence_delta0*': 1.0, 'use_silence?*': False}"
351,"[1054, 1055, 1056]",273.6663808201658,43.08393534558916,231.99950450132147,332.9997123647255,101.00020786340403,15.743232769940011,[231.9995045  332.99971236 255.99992559],"{'model*': '""HK""', 'boundary_mean*': 0.05, 'boundary_distribution*': '""normal""', 'silence_tau*': 7, 'silence_delta0*': 0.8, 'use_silence?*': False}"
352,"[1057, 1058, 1059]",56.33283809528376,33.629236700869484,8.998736676826107,83.9999480297034,75.00121135287729,59.69739469541293,[75.99982958 83.99994803  8.99873668],"{'model*': '""HK""', 'boundary_mean*': 0.06, 'boundary_distribution*': '""normal""', 'silence_tau*': 9, 'silence_delta0*': 0.7000000000000002, 'use_silence?*': False}"
353,"[1060, 1061, 1062]",137.33319329023232,50.002261499774875,91.99974074654284,206.99989608323708,115.00015533669423,36.409450841285604,[112.99994304  91.99974075 206.99989608],"{'model*': '""HK""', 'boundary_mean*': 0.03, 'boundary_distribution*': '""normal""', 'silence_tau*': 2, 'silence_delta0*': 0.6000000000000001, 'use_silence?*': False}"
354,"[1063, 1064, 1065]",189.66648474606814,47.366243290329336,130.99966297613423,246.99979782227695,116.00013484614271,24.97343869358092,[246.99979782 190.99999344 130.99966298],"{'model*': '""HK""', 'boundary_mean*': 0.04, 'boundary_distribution*': '""normal""', 'silence_tau*': 2, 'silence_delta0*': 0.6000000000000001, 'use_silence?*': True}"
355,"[1066, 1067, 1068]",269.9997042180698,18.384699174887384,243.9998133058105,282.9998487228954,39.000035417084916,6.8091553019030995,[243.99981331 282.99984872 282.99945063],"{'model*': '""HK""', 'boundary_mean*': 0.04, 'boundary_distribution*': '""normal""', 'silence_tau*': 6, 'silence_delta0*': 0.8, 'use_silence?*': True}"
356,"[1069, 1070, 1071]",68.99977091982761,12.247473630063347,53.999635735957725,83.99969676561423,30.000061029656507,17.750020712813615,[53.99963574 83.99969677 68.99998026],"{'model*': '""HK""', 'boundary_mean*': 0.05, 'boundary_distribution*': '""normal""', 'silence_tau*': 2, 'silence_delta0*': 1.0, 'use_silence?*': False}"
357,"[1072, 1073, 1074]",30.666351570116632,14.88473207620629,10.999876135847632,46.999987849311545,36.00011171346391,48.537668532799906,[46.99998785 33.99919073 10.99987614],"{'model*': '""HK""', 'boundary_mean*': 0.03, 'boundary_distribution*': '""normal""', 'silence_tau*': 7, 'silence_delta0*': 0.8, 'use_silence?*': True}"
358,"[1075, 1076, 1077]",277.6664986358615,19.482075345652824,250.9999845929775,296.9997274289907,45.99974283601318,7.016357911871135,[250.99998459 284.99978389 296.99972743],"{'model*': '""HK""', 'boundary_mean*': 0.06, 'boundary_distribution*': '""normal""', 'silence_tau*': 2, 'silence_delta0*': 0.9000000000000001, 'use_silence?*': False}"
359,"[1078, 1079, 1080]",167.66652204475017,21.234185742037774,141.99974429468287,193.99985003585127,52.0001057411684,12.664535223299003,[166.9999718  193.99985004 141.99974429],"{'model*': '""HK""', 'boundary_mean*': 0.04, 'boundary_distribution*': '""normal""', 'silence_tau*': 6, 'silence_delta0*': 0.7000000000000002, 'use_silence?*': False}"
360,"[1081, 1082, 1083]",104.66639385626507,26.042480267542572,77.99987806646757,139.999398782718,61.99952071625043,24.881415426718394,[ 95.99990472  77.99987807 139.99939878],"{'model*': '""HK""', 'boundary_mean*': 0.03, 'boundary_distribution*': '""normal""', 'silence_tau*': 6, 'silence_delta0*': 0.8, 'use_silence?*': False}"
361,"[1084, 1085, 1086]",216.3332785112973,43.37689365945487,154.9999570591389,247.9999967607909,93.00003970165201,20.0509574661624,[245.99988171 247.99999676 154.99995706],"{'model*': '""HK""', 'boundary_mean*': 0.05, 'boundary_distribution*': '""normal""', 'silence_tau*': 3, 'silence_delta0*': 0.6000000000000001, 'use_silence?*': False}"
362,"[1087, 1088, 1089]",193.99980556243156,33.655093603808425,163.99993848913667,240.9998011288648,76.99986263972812,17.348003780848014,[163.99993849 240.99980113 176.99967707],"{'model*': '""HK""', 'boundary_mean*': 0.02, 'boundary_distribution*': '""normal""', 'silence_tau*': 7, 'silence_delta0*': 0.8, 'use_silence?*': True}"
363,"[1090, 1091, 1092]",20.999779556696538,4.242630957637099,14.999793318484612,23.999914102988484,9.000120784503872,20.20321663940602,[14.99979332 23.9999141  23.99963125],"{'model*': '""HK""', 'boundary_mean*': 0.06, 'boundary_distribution*': '""normal""', 'silence_tau*': 2, 'silence_delta0*': 0.9000000000000001, 'use_silence?*': False}"
364,"[1093, 1094, 1095]",5.330511211319181,3.681784397158247,0.997872605821936,9.997727664362682,8.999855058540746,69.07000569363943,[9.99772766 4.99593336 0.99787261],"{'model*': '""HK""', 'boundary_mean*': 0.05, 'boundary_distribution*': '""normal""', 'silence_tau*': 3, 'silence_delta0*': 1.0, 'use_silence?*': False}"
365,"[1096, 1097, 1098]",167.66652236333786,16.819225891599192,145.99996456499736,186.99978621939707,40.99982165439971,10.031356083805136,[186.99978622 169.99981631 145.99996456],"{'model*': '""HK""', 'boundary_mean*': 0.03, 'boundary_distribution*': '""normal""', 'silence_tau*': 7, 'silence_delta0*': 0.8, 'use_silence?*': True}"
366,"[1099, 1100, 1101]",278.6661464732883,16.680100412170614,263.9993814155289,301.99962671110427,38.00024529557538,5.985693139718892,[263.99938142 269.99943129 301.99962671],"{'model*': '""HK""', 'boundary_mean*': 0.0699999999999999, 'boundary_distribution*': '""normal""', 'silence_tau*': 8, 'silence_delta0*': 0.6000000000000001, 'use_silence?*': False}"
367,"[1102, 1103, 1104]",263.666491793907,34.836046081267575,218.99993089541977,303.9997420484196,84.99981115299983,13.21216277588163,[267.99980244 218.9999309  303.99974205],"{'model*': '""HK""', 'boundary_mean*': 0.03, 'boundary_distribution*': '""normal""', 'silence_tau*': 1, 'silence_delta0*': 0.6000000000000001, 'use_silence?*': False}"
368,"[1105, 1106, 1107]",268.666430948992,8.219375916191462,257.999595301176,277.9999954732553,20.00040017207931,3.05932374474873,[269.99970207 257.9995953  277.99999547],"{'model*': '""HK""', 'boundary_mean*': 0.05, 'boundary_distribution*': '""normal""', 'silence_tau*': 2, 'silence_delta0*': 0.7000000000000002, 'use_silence?*': True}"
369,"[1108, 1109, 1110]",4.995149207348267,4.968366879497456,0.9940049630738488,11.99773469675202,11.003729733678172,99.46383327626306,[ 1.99370796  0.99400496 11.9977347 ],"{'model*': '""HK""', 'boundary_mean*': 0.06, 'boundary_distribution*': '""normal""', 'silence_tau*': 7, 'silence_delta0*': 0.5, 'use_silence?*': False}"
370,"[1111, 1112, 1113]",0.9449364986302022,0.008992572064429246,0.936806112681428,0.9574705844923233,0.020664471810895257,0.9516588762805805,[0.93680611 0.9405328  0.95747058],"{'model*': '""HK""', 'boundary_mean*': 0.05, 'boundary_distribution*': '""normal""', 'silence_tau*': 7, 'silence_delta0*': 1.0, 'use_silence?*': False}"
371,"[1114, 1115, 1116]",206.99970199119215,47.46209250121107,141.99986359253012,253.99931404937848,111.99945045684836,22.92858011130402,[141.99986359 224.99992833 253.99931405],"{'model*': '""HK""', 'boundary_mean*': 0.05, 'boundary_distribution*': '""normal""', 'silence_tau*': 1, 'silence_delta0*': 0.6000000000000001, 'use_silence?*': False}"
372,"[1117, 1118, 1119]",280.9998767888899,18.457237852640795,254.9997687483774,295.99998834199147,41.00021959361408,6.568414927280336,[254.99976875 291.99987328 295.99998834],"{'model*': '""HK""', 'boundary_mean*': 0.05, 'boundary_distribution*': '""normal""', 'silence_tau*': 7, 'silence_delta0*': 0.8, 'use_silence?*': True}"
373,"[1120, 1121, 1122]",224.6665269793532,58.65910961336799,141.99983641479025,271.9999067846007,130.00007036981043,26.109412203963412,[141.99983641 271.99990678 259.99983774],"{'model*': '""HK""', 'boundary_mean*': 0.04, 'boundary_distribution*': '""normal""', 'silence_tau*': 7, 'silence_delta0*': 0.8, 'use_silence?*': False}"
374,"[1123, 1124, 1125]",0.878542109089976,0.012303274373551533,0.8622296458265525,0.891940811243868,0.029711165417315555,1.4004194273961081,[0.89194081 0.86222965 0.88145587],"{'model*': '""HK""', 'boundary_mean*': 0.0699999999999999, 'boundary_distribution*': '""normal""', 'silence_tau*': 8, 'silence_delta0*': 0.7000000000000002, 'use_silence?*': False}"
375,"[1126, 1127, 1128]",190.66627761832805,27.1949365241523,163.99934093405693,227.9998027257468,64.00046179168987,14.263107699931385,[179.9996892  163.99934093 227.99980273],"{'model*': '""HK""', 'boundary_mean*': 0.04, 'boundary_distribution*': '""normal""', 'silence_tau*': 2, 'silence_delta0*': 0.7000000000000002, 'use_silence?*': True}"
376,"[1129, 1130, 1131]",189.99979041737336,15.641772125807794,167.99985425216775,202.9996733478396,34.99981909567185,8.232520726179459,[198.99984365 167.99985425 202.99967335],"{'model*': '""HK""', 'boundary_mean*': 0.01, 'boundary_distribution*': '""normal""', 'silence_tau*': 7, 'silence_delta0*': 0.8, 'use_silence?*': True}"
377,"[1132, 1133, 1134]",107.33322098917294,26.144800996479848,75.99996584268774,139.99973886095114,63.9997730182634,24.358535740874824,[139.99973886 105.99995826  75.99996584],"{'model*': '""HK""', 'boundary_mean*': 0.06, 'boundary_distribution*': '""normal""', 'silence_tau*': 1, 'silence_delta0*': 1.0, 'use_silence?*': False}"
378,"[1135, 1136, 1137]",33.66558182467099,9.741452551091257,23.999547391870525,46.99975663669785,23.000209244827328,28.935939981148568,[46.99975664 23.99954739 29.99744145],"{'model*': '""HK""', 'boundary_mean*': 0.03, 'boundary_distribution*': '""normal""', 'silence_tau*': 2, 'silence_delta0*': 0.6000000000000001, 'use_silence?*': False}"
379,"[1138, 1139, 1140]",87.33317777540651,86.8421703371539,11.999835662065507,208.99990536674025,197.00006970467473,99.4377767410281,[ 11.99983566 208.99990537  40.9997923 ],"{'model*': '""HK""', 'boundary_mean*': 0.05, 'boundary_distribution*': '""normal""', 'silence_tau*': 7, 'silence_delta0*': 0.3, 'use_silence?*': False}"
380,"[1141, 1142, 1143]",274.6663899294226,16.048334353425,259.9998650970226,296.9994303534608,36.99956525643819,5.842846064110256,[266.99987434 259.9998651  296.99943035],"{'model*': '""HK""', 'boundary_mean*': 0.04, 'boundary_distribution*': '""normal""', 'silence_tau*': 6, 'silence_delta0*': 0.8, 'use_silence?*': True}"
381,"[1144, 1145, 1146]",59.332866179874564,14.522095770121506,38.99941890465509,71.99960777027458,33.00018886561949,24.475635014995,[38.9994189  71.99960777 66.99957186],"{'model*': '""HK""', 'boundary_mean*': 0.05, 'boundary_distribution*': '""normal""', 'silence_tau*': 8, 'silence_delta0*': 0.7000000000000002, 'use_silence?*': True}"
382,"[1147, 1148, 1149]",147.99975525057573,48.09001956621943,79.99999592434179,182.9993956349388,102.999399710597,32.49331019824937,[180.99987419 182.99939563  79.99999592],"{'model*': '""HK""', 'boundary_mean*': 0.04, 'boundary_distribution*': '""normal""', 'silence_tau*': 7, 'silence_delta0*': 1.0, 'use_silence?*': True}"
383,"[1150, 1151, 1152]",58.99954425287893,12.831828157608546,41.99996798143474,72.99883470636644,30.998866724931695,21.74902928505657,[72.99883471 41.99996798 61.99983007],"{'model*': '""HK""', 'boundary_mean*': 0.03, 'boundary_distribution*': '""normal""', 'silence_tau*': 2, 'silence_delta0*': 0.3, 'use_silence?*': True}"
384,"[1153, 1154, 1155]",289.9996817966176,12.027907161453815,280.99952790697023,306.9999086804951,26.000380773524853,4.147558744526216,[281.9996088  280.99952791 306.99990868],"{'model*': '""HK""', 'boundary_mean*': 0.03, 'boundary_distribution*': '""normal""', 'silence_tau*': 2, 'silence_delta0*': 1.0, 'use_silence?*': True}"
385,"[1156, 1157, 1158]",79.66657009621524,10.530275515889379,68.99996737838646,93.99974609346847,24.999778715082016,13.217935080136764,[68.99996738 75.99999682 93.99974609],"{'model*': '""HK""', 'boundary_mean*': 0.04, 'boundary_distribution*': '""normal""', 'silence_tau*': 6, 'silence_delta0*': 0.8, 'use_silence?*': False}"
386,"[1159, 1160, 1161]",254.99974935564592,33.25654150540257,207.99979641113237,279.9996080769409,71.99981166580852,13.041793801538198,[279.99960808 207.99979641 276.99984358],"{'model*': '""HK""', 'boundary_mean*': 0.03, 'boundary_distribution*': '""normal""', 'silence_tau*': 8, 'silence_delta0*': 0.8, 'use_silence?*': False}"
387,"[1162, 1163, 1164]",271.66660148462705,44.07818937990075,213.9999781650009,320.9999274054072,106.99994924040632,16.225104278191896,[213.99997817 279.99989888 320.99992741],"{'model*': '""HK""', 'boundary_mean*': 0.03, 'boundary_distribution*': '""normal""', 'silence_tau*': 1, 'silence_delta0*': 0.9000000000000001, 'use_silence?*': False}"
388,"[1165, 1166, 1167]",163.99983093578993,33.95085872170433,131.99993912787085,210.99971885780485,78.999779729934,20.701764464011518,[210.99971886 148.99983482 131.99993913],"{'model*': '""HK""', 'boundary_mean*': 0.05, 'boundary_distribution*': '""normal""', 'silence_tau*': 3, 'silence_delta0*': 0.8, 'use_silence?*': False}"
389,"[1168, 1169, 1170]",54.66655963142326,5.18543297340319,50.99983491648276,61.99986926874256,11.000034352259796,9.485566694455956,[50.99997471 50.99983492 61.99986927],"{'model*': '""HK""', 'boundary_mean*': 0.05, 'boundary_distribution*': '""normal""', 'silence_tau*': 8, 'silence_delta0*': 0.8, 'use_silence?*': True}"
390,"[1171, 1172, 1173]",9.332278093341897,3.300018159513878,4.998722044596145,12.99918903148154,8.000466986885396,35.36133542643004,[ 4.99872204  9.9989232  12.99918903],"{'model*': '""HK""', 'boundary_mean*': 0.01, 'boundary_distribution*': '""normal""', 'silence_tau*': 2, 'silence_delta0*': 1.0, 'use_silence?*': False}"
391,"[1174, 1175, 1176]",179.99983168158278,21.18172455847947,158.99988981363012,208.99980299566437,49.99991318203425,11.76763575865429,[171.99980224 158.99988981 208.999803  ],"{'model*': '""HK""', 'boundary_mean*': 0.01, 'boundary_distribution*': '""normal""', 'silence_tau*': 2, 'silence_delta0*': 0.7000000000000002, 'use_silence?*': True}"
392,"[1177, 1178, 1179]",174.66649673051586,19.293225802820928,147.99959559121365,192.99996035394636,45.000364762732715,11.045750710044567,[147.99959559 182.99993425 192.99996035],"{'model*': '""HK""', 'boundary_mean*': 0.05, 'boundary_distribution*': '""normal""', 'silence_tau*': 2, 'silence_delta0*': 0.7000000000000002, 'use_silence?*': False}"
393,"[1180, 1181, 1182]",75.66645799567367,23.753238760956318,47.99993246762228,105.99963140663188,57.9996989390096,31.39203207095334,[ 47.99993247 105.99963141  72.99981011],"{'model*': '""HK""', 'boundary_mean*': 0.06, 'boundary_distribution*': '""normal""', 'silence_tau*': 3, 'silence_delta0*': 1.0, 'use_silence?*': False}"
394,"[1183, 1184, 1185]",19.999714336626244,4.320472338825681,13.999693862383822,23.999493335682217,9.999799473298395,21.602670248711675,[23.99949334 21.99995581 13.99969386],"{'model*': '""HK""', 'boundary_mean*': 0.05, 'boundary_distribution*': '""normal""', 'silence_tau*': 7, 'silence_delta0*': 0.8, 'use_silence?*': False}"
395,"[1186, 1187, 1188]",298.333201562865,18.80300846131732,275.99998150577585,321.99981767963925,45.9998361738634,6.302687184267398,[296.9998055  275.99998151 321.99981768],"{'model*': '""HK""', 'boundary_mean*': 0.01, 'boundary_distribution*': '""normal""', 'silence_tau*': 0, 'silence_delta0*': 0.9000000000000001, 'use_silence?*': True}"
396,"[1189, 1190, 1191]",288.33312239486514,34.03262796984588,242.99980693677912,324.9996919802074,81.99988504342826,11.803232208347895,[242.99980694 296.99986827 324.99969198],"{'model*': '""HK""', 'boundary_mean*': 0.03, 'boundary_distribution*': '""normal""', 'silence_tau*': 2, 'silence_delta0*': 1.0, 'use_silence?*': False}"
397,"[1192, 1193, 1194]",152.6665873852227,3.858640675497089,148.99999451840935,157.9999887250109,8.999994206601542,2.527495204802478,[150.99977891 148.99999452 157.99998873],"{'model*': '""HK""', 'boundary_mean*': 0.04, 'boundary_distribution*': '""normal""', 'silence_tau*': 3, 'silence_delta0*': 1.0, 'use_silence?*': False}"
398,"[1195, 1196, 1197]",182.66581440691778,19.61872780244948,157.99872283452092,205.99902681984392,48.000303985323,10.740229564107478,[183.99969357 157.99872283 205.99902682],"{'model*': '""HK""', 'boundary_mean*': 0.06, 'boundary_distribution*': '""normal""', 'silence_tau*': 7, 'silence_delta0*': 0.8, 'use_silence?*': True}"
399,"[1198, 1199, 1200]",69.33291775142723,19.60144091297469,53.99969523628121,96.99937761525278,42.99968237897157,28.271478467486233,[53.99969524 96.99937762 56.9996804 ],"{'model*': '""HK""', 'boundary_mean*': 0.0699999999999999, 'boundary_distribution*': '""normal""', 'silence_tau*': 8, 'silence_delta0*': 0.7000000000000002, 'use_silence?*': False}"
400,"[1201, 1202, 1203]",6.9986167691895025,0.8170746894058857,5.998102311886875,7.999518270401592,2.001415958514717,11.674802555312795,[7.99951827 5.99810231 6.99822973],"{'model*': '""HK""', 'boundary_mean*': 0.0699999999999999, 'boundary_distribution*': '""normal""', 'silence_tau*': 8, 'silence_delta0*': 0.7000000000000002, 'use_silence?*': True}"
401,"[1204, 1205, 1206]",323.33311933639993,8.339963036308266,315.9999451813331,334.9997622124311,18.99981703109802,2.579371718376694,[315.99994518 318.99965062 334.99976221],"{'model*': '""HK""', 'boundary_mean*': 0.03, 'boundary_distribution*': '""normal""', 'silence_tau*': 2, 'silence_delta0*': 1.0, 'use_silence?*': False}"
402,"[1207, 1208, 1209]",221.99992572479755,25.508151215166922,201.9999790905624,257.9999042071943,55.999925116631886,11.490162049327948,[201.99997909 257.99990421 205.99989388],"{'model*': '""HK""', 'boundary_mean*': 0.06, 'boundary_distribution*': '""normal""', 'silence_tau*': 2, 'silence_delta0*': 0.9000000000000001, 'use_silence?*': True}"
403,"[1210, 1211, 1212]",61.666255686874585,5.734410544685742,54.99995614681036,68.99884720221431,13.998891055403945,9.299106100755667,[54.99995615 68.9988472  60.99996371],"{'model*': '""HK""', 'boundary_mean*': 0.02, 'boundary_distribution*': '""normal""', 'silence_tau*': 1, 'silence_delta0*': 1.0, 'use_silence?*': False}"
404,"[1213, 1214, 1215]",19.664635426079744,7.134703599861765,9.99650441783649,26.99898597243247,17.00248155459598,36.2819012164321,[21.99841589 26.99898597  9.99650442],"{'model*': '""HK""', 'boundary_mean*': 0.04, 'boundary_distribution*': '""normal""', 'silence_tau*': 3, 'silence_delta0*': 0.9000000000000001, 'use_silence?*': True}"
405,"[1216, 1217, 1218]",87.99975005067438,12.192946781531726,70.99970843361966,98.99994397114877,28.000235537529107,13.855660697343408,[98.99994397 70.99970843 93.99959775],"{'model*': '""HK""', 'boundary_mean*': 0.04, 'boundary_distribution*': '""normal""', 'silence_tau*': 5, 'silence_delta0*': 0.8, 'use_silence?*': True}"
406,"[1219, 1220, 1221]",7.326645009370456,6.131264988449352,2.990814258279121,15.997563099915965,13.006748841636844,83.68448287869461,[ 2.99081426 15.9975631   2.99155767],"{'model*': '""HK""', 'boundary_mean*': 0.01, 'boundary_distribution*': '""normal""', 'silence_tau*': 2, 'silence_delta0*': 1.0, 'use_silence?*': True}"
407,"[1222, 1223, 1224]",90.66621167251702,21.63802528046938,63.99996369007296,116.99893646381928,52.99897277374632,23.865588824451077,[ 63.99996369  90.99973486 116.99893646],"{'model*': '""HK""', 'boundary_mean*': 0.03, 'boundary_distribution*': '""normal""', 'silence_tau*': 2, 'silence_delta0*': 1.0, 'use_silence?*': True}"
408,"[1225, 1226, 1227]",259.33324806797884,37.007572745550554,206.99982125517863,285.99995077205216,79.00012951687353,14.270276958799277,[284.99997218 206.99982126 285.99995077],"{'model*': '""HK""', 'boundary_mean*': 0.04, 'boundary_distribution*': '""normal""', 'silence_tau*': 6, 'silence_delta0*': 0.8, 'use_silence?*': True}"
409,"[1228, 1229, 1230]",2.992943284568097,0.003420270510916239,2.9881227234892527,2.995698555999596,0.007575832510343439,0.1142778257293241,[2.98812272 2.99569856 2.99500857],"{'model*': '""HK""', 'boundary_mean*': 0.05, 'boundary_distribution*': '""normal""', 'silence_tau*': 6, 'silence_delta0*': 1.0, 'use_silence?*': False}"
410,"[1231, 1232, 1233]",65.66635283202537,40.36809550184643,8.999197840545673,99.99991870675446,91.00072086620878,61.474550909060056,[ 8.99919784 87.99994195 99.99991871],"{'model*': '""HK""', 'boundary_mean*': 0.03, 'boundary_distribution*': '""normal""', 'silence_tau*': 8, 'silence_delta0*': 0.8, 'use_silence?*': False}"
411,"[1234, 1235, 1236]",63.66653759730917,32.62234731787879,18.99999858524448,95.99988391830888,76.9998853330644,51.239392856911934,[18.99999859 95.99988392 75.99973029],"{'model*': '""HK""', 'boundary_mean*': 0.04, 'boundary_distribution*': '""normal""', 'silence_tau*': 4, 'silence_delta0*': 0.6000000000000001, 'use_silence?*': True}"
412,"[1237, 1238, 1239]",62.33281832338884,20.23789445914997,39.99866059931101,88.99982000060818,49.00115940129717,32.46747861480251,[88.99982    39.9986606  57.99997437],"{'model*': '""HK""', 'boundary_mean*': 0.0699999999999999, 'boundary_distribution*': '""normal""', 'silence_tau*': 9, 'silence_delta0*': 1.0, 'use_silence?*': False}"
413,"[1240, 1241, 1242]",217.66640598721244,41.90737982482859,175.99963376200623,274.9998303864155,99.00019662440928,19.253030634084425,[201.99975381 175.99963376 274.99983039],"{'model*': '""HK""', 'boundary_mean*': 0.05, 'boundary_distribution*': '""normal""', 'silence_tau*': 2, 'silence_delta0*': 1.0, 'use_silence?*': False}"
414,"[1243, 1244, 1245]",212.33305148466457,16.048671708076377,199.99942571447133,234.9998962458224,35.000470531351084,7.55825416526615,[201.99983249 234.99989625 199.99942571],"{'model*': '""HK""', 'boundary_mean*': 0.03, 'boundary_distribution*': '""normal""', 'silence_tau*': 2, 'silence_delta0*': 1.0, 'use_silence?*': False}"
415,"[1246, 1247, 1248]",255.33301546206488,11.26464622323981,244.99985831489943,270.9999644734519,26.000106158552455,4.411746832995599,[244.99985831 270.99996447 249.9992236 ],"{'model*': '""HK""', 'boundary_mean*': 0.02, 'boundary_distribution*': '""normal""', 'silence_tau*': 9, 'silence_delta0*': 0.8, 'use_silence?*': False}"
416,"[1249, 1250, 1251]",293.999808220671,30.80037273886209,251.99984083558957,324.9996167125934,72.99977587700386,10.47632409193406,[324.99961671 304.99996711 251.99984084],"{'model*': '""HK""', 'boundary_mean*': 0.06, 'boundary_distribution*': '""normal""', 'silence_tau*': 0, 'silence_delta0*': 0.9000000000000001, 'use_silence?*': False}"
417,"[1252, 1253, 1254]",299.9997639414771,10.801189271677064,289.9996973790834,314.99967402614806,24.99997664706467,3.6003992569087893,[289.99969738 314.99967403 294.99992042],"{'model*': '""HK""', 'boundary_mean*': 0.03, 'boundary_distribution*': '""normal""', 'silence_tau*': 1, 'silence_delta0*': 1.0, 'use_silence?*': False}"
418,"[1255, 1256, 1257]",74.99976737428106,2.4495902239913505,71.99965042226542,77.99989654991683,6.000246127651408,3.2661304291343236,[74.99975515 71.99965042 77.99989655],"{'model*': '""HK""', 'boundary_mean*': 0.04, 'boundary_distribution*': '""normal""', 'silence_tau*': 3, 'silence_delta0*': 1.0, 'use_silence?*': True}"
419,"[1258, 1259, 1260]",292.3332161916361,43.85830671078825,230.9999528778395,330.9998297089343,99.99987683109484,15.002847532056492,[330.99982971 230.99995288 314.99986599],"{'model*': '""HK""', 'boundary_mean*': 0.03, 'boundary_distribution*': '""normal""', 'silence_tau*': 2, 'silence_delta0*': 1.0, 'use_silence?*': False}"
420,"[1261, 1262, 1263]",135.66658371710596,43.92665311717075,73.99999163899822,172.99986800373117,98.99987636473294,32.3783881878881,[ 73.99999164 172.999868   159.99989151],"{'model*': '""HK""', 'boundary_mean*': 0.01, 'boundary_distribution*': '""normal""', 'silence_tau*': 7, 'silence_delta0*': 0.9000000000000001, 'use_silence?*': True}"
421,"[1264, 1265, 1266]",0.9798959388303649,0.001489276312975049,0.9783868122340362,0.9819228301490384,0.003536017915002132,0.15198310901795314,[0.97937817 0.97838681 0.98192283],"{'model*': '""HK""', 'boundary_mean*': 0.05, 'boundary_distribution*': '""normal""', 'silence_tau*': 1, 'silence_delta0*': 1.0, 'use_silence?*': False}"
422,"[1267, 1268, 1269]",178.99949544800884,65.91359288852442,115.99990034091876,269.99879596979923,153.99889562888046,36.823340045485935,[150.99979003 269.99879597 115.99990034],"{'model*': '""HK""', 'boundary_mean*': 0.03, 'boundary_distribution*': '""normal""', 'silence_tau*': 6, 'silence_delta0*': 0.6000000000000001, 'use_silence?*': False}"
423,"[1270, 1271, 1272]",272.99992107402926,48.83296102690258,216.99998420471195,335.9997813221898,118.99979711747784,17.887536683082253,[335.99978132 216.9999842  265.9999977 ],"{'model*': '""HK""', 'boundary_mean*': 0.03, 'boundary_distribution*': '""normal""', 'silence_tau*': 6, 'silence_delta0*': 0.8, 'use_silence?*': False}"
424,"[1273, 1274, 1275]",1.9950327998507695,0.8169015339694758,0.9954466885907158,2.996436141394599,2.000989452803883,40.946772104728346,[1.99321557 2.99643614 0.99544669],"{'model*': '""HK""', 'boundary_mean*': 0.09, 'boundary_distribution*': '""normal""', 'silence_tau*': 8, 'silence_delta0*': 0.8, 'use_silence?*': False}"
425,"[1276, 1277, 1278]",183.9997965498826,50.25923230799846,123.9998456042634,246.99962146441695,122.99977586015355,27.314830369593974,[180.99992258 246.99962146 123.9998456 ],"{'model*': '""HK""', 'boundary_mean*': 0.02, 'boundary_distribution*': '""normal""', 'silence_tau*': 8, 'silence_delta0*': 0.7000000000000002, 'use_silence?*': False}"
426,"[1279, 1280, 1281]",4.33093522253431,1.7007572740064902,1.9959149701710084,5.998068480104911,4.002153509933903,39.26997719008291,[4.99882222 5.99806848 1.99591497],"{'model*': '""HK""', 'boundary_mean*': 0.0699999999999999, 'boundary_distribution*': '""normal""', 'silence_tau*': 0, 'silence_delta0*': 0.9000000000000001, 'use_silence?*': False}"
427,"[1282, 1283, 1284]",129.99993374293743,19.252725581037108,109.99991285063584,155.999960960289,46.000048109653164,14.809796456594778,[155.99996096 109.99991285 123.99992742],"{'model*': '""HK""', 'boundary_mean*': 0.06, 'boundary_distribution*': '""normal""', 'silence_tau*': 8, 'silence_delta0*': 0.7000000000000002, 'use_silence?*': False}"
428,"[1285, 1286, 1287]",151.66641699472473,37.61488320861683,101.99991891389088,192.99961708012123,90.99969816623035,24.801062723018738,[101.99991891 192.99961708 159.99971499],"{'model*': '""HK""', 'boundary_mean*': 0.03, 'boundary_distribution*': '""normal""', 'silence_tau*': 9, 'silence_delta0*': 0.7000000000000002, 'use_silence?*': True}"
429,"[1288, 1289, 1290]",270.9999412887786,21.27599022879528,253.9999478318008,300.9999800444525,47.00003221265172,7.850920604489541,[300.99998004 257.99989599 253.99994783],"{'model*': '""HK""', 'boundary_mean*': 0.05, 'boundary_distribution*': '""normal""', 'silence_tau*': 2, 'silence_delta0*': 0.4000000000000001, 'use_silence?*': True}"
430,"[1291, 1292, 1293]",247.6665628713948,28.05154105494944,207.99989482846368,267.9999150077334,60.00002017926974,11.32633357112308,[266.99987878 207.99989483 267.99991501],"{'model*': '""HK""', 'boundary_mean*': 0.05, 'boundary_distribution*': '""normal""', 'silence_tau*': 7, 'silence_delta0*': 0.8, 'use_silence?*': False}"
431,"[1294, 1295, 1296]",154.33305312786982,24.79705929547498,128.99940371899137,187.99977974341277,59.0003760244214,16.067238218199336,[187.99977974 145.99997592 128.99940372],"{'model*': '""HK""', 'boundary_mean*': 0.02, 'boundary_distribution*': '""normal""', 'silence_tau*': 6, 'silence_delta0*': 0.9000000000000001, 'use_silence?*': True}"
432,"[1297, 1298, 1299]",6.6618181737033595,3.854757008158123,2.9992069559918138,11.989934713798682,8.99072775780687,57.8634376929449,[ 2.99920696  4.99631285 11.98993471],"{'model*': '""HK""', 'boundary_mean*': 0.09, 'boundary_distribution*': '""normal""', 'silence_tau*': 8, 'silence_delta0*': 0.9000000000000001, 'use_silence?*': True}"
433,"[1300, 1301, 1302]",223.9998933943979,18.055551497804835,198.99978540886184,240.99998742792948,42.00020201906764,8.060517897664496,[231.99990735 198.99978541 240.99998743],"{'model*': '""HK""', 'boundary_mean*': 0.02, 'boundary_distribution*': '""normal""', 'silence_tau*': 6, 'silence_delta0*': 0.8, 'use_silence?*': False}"
434,"[1303, 1304, 1305]",201.66654837286714,45.90093136168218,161.9997314656142,265.99996780558934,104.00023633997515,22.760805761803695,[161.99973147 265.99996781 176.99994585],"{'model*': '""HK""', 'boundary_mean*': 0.03, 'boundary_distribution*': '""normal""', 'silence_tau*': 2, 'silence_delta0*': 0.2000000000000001, 'use_silence?*': False}"
435,"[1306, 1307, 1308]",225.33302730838997,32.76508776388051,178.99979029392034,248.9994708679428,69.99968057402245,14.540739169601768,[247.99982076 248.99947087 178.99979029],"{'model*': '""HK""', 'boundary_mean*': 0.05, 'boundary_distribution*': '""normal""', 'silence_tau*': 2, 'silence_delta0*': 1.0, 'use_silence?*': True}"
436,"[1309, 1310, 1311]",254.66592549066868,20.981490604016923,230.9993168256043,281.9993313606328,51.00001453502853,8.23882918910002,[230.99931683 250.99912829 281.99933136],"{'model*': '""HK""', 'boundary_mean*': 0.01, 'boundary_distribution*': '""normal""', 'silence_tau*': 2, 'silence_delta0*': 1.0, 'use_silence?*': False}"
437,"[1312, 1313, 1314]",254.99985614631012,20.992080261456316,225.99984812996044,274.9999330488997,49.00008491893928,8.232192981870462,[274.99993305 263.99978726 225.99984813],"{'model*': '""HK""', 'boundary_mean*': 0.01, 'boundary_distribution*': '""normal""', 'silence_tau*': 7, 'silence_delta0*': 1.0, 'use_silence?*': False}"
438,"[1315, 1316, 1317]",234.99984334571613,18.239124371387003,216.99982656614472,259.9997902886259,42.99996372248117,7.761334693553314,[259.99979029 216.99982657 227.99991318],"{'model*': '""HK""', 'boundary_mean*': 0.03, 'boundary_distribution*': '""normal""', 'silence_tau*': 8, 'silence_delta0*': 0.7000000000000002, 'use_silence?*': False}"
439,"[1318, 1319, 1320]",201.66636794635266,16.740123480574624,180.99924062327776,221.99993097669943,41.000690353421675,8.300899972090455,[201.99993224 221.99993098 180.99924062],"{'model*': '""HK""', 'boundary_mean*': 0.03, 'boundary_distribution*': '""normal""', 'silence_tau*': 2, 'silence_delta0*': 1.0, 'use_silence?*': True}"
440,"[1321, 1322, 1323]",269.33300601898156,36.55422753555912,241.99991717566616,320.9994717141724,78.99955453850623,13.572130677880201,[244.99962917 320.99947171 241.99991718],"{'model*': '""HK""', 'boundary_mean*': 0.06, 'boundary_distribution*': '""normal""', 'silence_tau*': 2, 'silence_delta0*': 1.0, 'use_silence?*': False}"
441,"[1324, 1325, 1326]",61.99924162060366,32.6908870994928,34.999502764239935,107.99990681279412,73.00040404855419,52.72788222078659,[ 42.99831528 107.99990681  34.99950276],"{'model*': '""HK""', 'boundary_mean*': 0.0999999999999999, 'boundary_distribution*': '""normal""', 'silence_tau*': 2, 'silence_delta0*': 1.0, 'use_silence?*': False}"
442,"[1327, 1328, 1329]",214.33323126752222,5.249385944122764,206.99984072303656,218.9999848016012,12.000144078564631,2.4491703470707673,[216.99986828 218.9999848  206.99984072],"{'model*': '""HK""', 'boundary_mean*': 0.01, 'boundary_distribution*': '""normal""', 'silence_tau*': 8, 'silence_delta0*': 0.7000000000000002, 'use_silence?*': True}"
443,"[1330, 1331, 1332]",0.9272324603328911,0.01123029857674026,0.9124505599776273,0.9396534180253672,0.02720285804773992,1.2111632257469076,[0.9295934  0.93965342 0.91245056],"{'model*': '""HK""', 'boundary_mean*': 0.03, 'boundary_distribution*': '""normal""', 'silence_tau*': 8, 'silence_delta0*': 0.7000000000000002, 'use_silence?*': False}"
444,"[1333, 1334, 1335]",113.66647969259424,21.76145902077076,93.99959739158707,143.99996848908577,50.0003710974987,19.14501010291128,[143.99996849 102.9998732   93.99959739],"{'model*': '""HK""', 'boundary_mean*': 0.05, 'boundary_distribution*': '""normal""', 'silence_tau*': 5, 'silence_delta0*': 0.8, 'use_silence?*': True}"
445,"[1336, 1337, 1338]",56.66622380223789,31.084045967584547,19.999466003494387,95.9993294847984,75.999863481304,54.85462746920673,[53.99987592 95.99932948 19.999466  ],"{'model*': '""HK""', 'boundary_mean*': 0.04, 'boundary_distribution*': '""normal""', 'silence_tau*': 7, 'silence_delta0*': 0.5, 'use_silence?*': False}"
446,"[1339, 1340, 1341]",172.6665454283486,67.37132033884824,80.99984802285215,240.99999738366932,160.00014936081718,39.01816658908329,[195.99979088 240.99999738  80.99984802],"{'model*': '""HK""', 'boundary_mean*': 0.05, 'boundary_distribution*': '""normal""', 'silence_tau*': 6, 'silence_delta0*': 0.7000000000000002, 'use_silence?*': True}"
447,"[1342, 1343, 1344]",153.33308719771787,14.055311172001778,133.9999359160627,166.9996133823864,32.9996774663237,9.166522000485077,[133.99993592 158.99971229 166.99961338],"{'model*': '""HK""', 'boundary_mean*': 0.06, 'boundary_distribution*': '""normal""', 'silence_tau*': 3, 'silence_delta0*': 1.0, 'use_silence?*': True}"
448,"[1345, 1346, 1347]",215.6664696526112,25.616699575655797,179.99994642831257,238.9994845812312,58.99953815291863,11.877924100542089,[179.99994643 238.99948458 227.99997795],"{'model*': '""HK""', 'boundary_mean*': 0.0699999999999999, 'boundary_distribution*': '""normal""', 'silence_tau*': 6, 'silence_delta0*': 0.8, 'use_silence?*': False}"
449,"[1348, 1349, 1350]",113.66658766097957,45.84269146221861,69.9999137741267,176.99986116453448,106.99994739040778,40.33084163566905,[ 69.99991377 176.99986116  93.99998804],"{'model*': '""HK""', 'boundary_mean*': 0.03, 'boundary_distribution*': '""normal""', 'silence_tau*': 2, 'silence_delta0*': 1.0, 'use_silence?*': False}"
450,"[1351, 1352, 1353]",199.99976838858973,114.68526571824964,47.99952233942572,324.9999848829141,277.00046254348837,57.34269926524205,[226.99979794  47.99952234 324.99998488],"{'model*': '""HK""', 'boundary_mean*': 0.02, 'boundary_distribution*': '""normal""', 'silence_tau*': 0, 'silence_delta0*': 0.3, 'use_silence?*': False}"
451,"[1354, 1355, 1356]",181.33289765946608,21.69978050326759,164.99945813541888,211.99927910385077,46.99982096843189,11.966819470352627,[164.99945814 166.99995574 211.9992791 ],"{'model*': '""HK""', 'boundary_mean*': 0.03, 'boundary_distribution*': '""normal""', 'silence_tau*': 2, 'silence_delta0*': 1.0, 'use_silence?*': False}"
452,"[1357, 1358, 1359]",239.66651542944314,45.25731523851864,190.99991120446137,299.99993002515714,109.00001882069577,18.88345360111109,[227.99970506 299.99993003 190.9999112 ],"{'model*': '""HK""', 'boundary_mean*': 0.01, 'boundary_distribution*': '""normal""', 'silence_tau*': 0, 'silence_delta0*': 0.9000000000000001, 'use_silence?*': False}"
453,"[1360, 1361, 1362]",308.66647504508705,13.695196104676633,297.9998957651705,327.99996680384584,30.000071038675344,4.4368913412693,[299.99956257 297.99989577 327.9999668 ],"{'model*': '""HK""', 'boundary_mean*': 0.09, 'boundary_distribution*': '""normal""', 'silence_tau*': 2, 'silence_delta0*': 1.0, 'use_silence?*': False}"
454,"[1363, 1364, 1365]",193.99980072413084,54.448745387107216,154.99986592478038,270.9997909549307,115.99992503015031,28.066392431265296,[155.99974529 270.99979095 154.99986592],"{'model*': '""HK""', 'boundary_mean*': 0.03, 'boundary_distribution*': '""normal""', 'silence_tau*': 8, 'silence_delta0*': 0.6000000000000001, 'use_silence?*': False}"
455,"[1366, 1367, 1368]",238.6665106259618,41.50782677137689,180.9996647399009,276.9999698367612,96.00030509686027,17.39155890053966,[257.9998973  276.99996984 180.99966474],"{'model*': '""HK""', 'boundary_mean*': 0.03, 'boundary_distribution*': '""normal""', 'silence_tau*': 2, 'silence_delta0*': 0.6000000000000001, 'use_silence?*': False}"
456,"[1369, 1370, 1371]",100.33266005536005,14.055654093776257,80.99908925275123,113.999682702281,33.000593449529774,14.009051575051274,[ 80.99908925 105.99920821 113.9996827 ],"{'model*': '""HK""', 'boundary_mean*': 0.03, 'boundary_distribution*': '""normal""', 'silence_tau*': 2, 'silence_delta0*': 0.9000000000000001, 'use_silence?*': False}"
457,"[1372, 1373, 1374]",0.8178938623710854,0.013407368452757366,0.7989331656370547,0.8274468589457737,0.028513693308719,1.6392552957775257,[0.79893317 0.82744686 0.82730156],"{'model*': '""HK""', 'boundary_mean*': 0.03, 'boundary_distribution*': '""normal""', 'silence_tau*': 7, 'silence_delta0*': 0.8, 'use_silence?*': False}"
458,"[1375, 1376, 1377]",0.9060932537030068,0.02122431677568894,0.8768470060387566,0.9265644697080712,0.04971746366931451,2.342398719883385,[0.87684701 0.92656447 0.91486829],"{'model*': '""HK""', 'boundary_mean*': 0.05, 'boundary_distribution*': '""normal""', 'silence_tau*': 0, 'silence_delta0*': 0.9000000000000001, 'use_silence?*': False}"
459,"[1378, 1379, 1380]",211.66658005581021,37.72119559790773,159.99992564024183,248.9999295300985,89.00000388985669,17.821044582456885,[248.99992953 159.99992564 225.999885  ],"{'model*': '""HK""', 'boundary_mean*': 0.04, 'boundary_distribution*': '""normal""', 'silence_tau*': 2, 'silence_delta0*': 1.0, 'use_silence?*': True}"
460,"[1381, 1382, 1383]",205.9998018089833,9.416480683426729,193.99953108234484,216.9999661279748,23.000435045629956,4.571111525708319,[216.99996613 193.99953108 206.99990822],"{'model*': '""HK""', 'boundary_mean*': 0.05, 'boundary_distribution*': '""normal""', 'silence_tau*': 2, 'silence_delta0*': 1.0, 'use_silence?*': True}"
461,"[1384, 1385, 1386]",235.666469344607,33.038574418480565,188.99997229744423,260.9996277208012,71.99965542335696,14.01920880401929,[260.99962772 256.99980802 188.9999723 ],"{'model*': '""HK""', 'boundary_mean*': 0.0699999999999999, 'boundary_distribution*': '""normal""', 'silence_tau*': 7, 'silence_delta0*': 0.8, 'use_silence?*': True}"
462,"[1387, 1388, 1389]",296.9998602205842,23.338179721331286,264.99974954603005,319.99996103413866,55.00021148810862,7.85797666840578,[305.99987008 319.99996103 264.99974955],"{'model*': '""HK""', 'boundary_mean*': 0.05, 'boundary_distribution*': '""normal""', 'silence_tau*': 2, 'silence_delta0*': 0.7000000000000002, 'use_silence?*': True}"
463,"[1390, 1391, 1392]",214.33295653776494,46.226462254994985,148.99967014839422,248.99959625546347,99.99992610706926,21.56759417763642,[248.99959626 148.99967015 244.99960321],"{'model*': '""HK""', 'boundary_mean*': 0.03, 'boundary_distribution*': '""normal""', 'silence_tau*': 2, 'silence_delta0*': 0.9000000000000001, 'use_silence?*': False}"
464,"[1393, 1394, 1395]",21.66484186566841,4.188744134382258,15.999973638601784,25.997381679631165,9.99740804102938,19.334293600453314,[22.99717028 15.99997364 25.99738168],"{'model*': '""HK""', 'boundary_mean*': 0.05, 'boundary_distribution*': '""normal""', 'silence_tau*': 2, 'silence_delta0*': 0.7000000000000002, 'use_silence?*': False}"
465,"[1396, 1397, 1398]",299.9999225859781,12.328802346882037,285.999933554028,315.9998771736248,29.999943619596763,4.10960184276337,[315.99987717 297.99995703 285.99993355],"{'model*': '""HK""', 'boundary_mean*': 0.0699999999999999, 'boundary_distribution*': '""normal""', 'silence_tau*': 1, 'silence_delta0*': 1.0, 'use_silence?*': False}"
466,"[1399, 1400, 1401]",266.33319455905377,33.02852520191534,234.99989810942344,311.99973637901394,76.9998382695905,12.401204910487403,[234.99989811 251.99994919 311.99973638],"{'model*': '""HK""', 'boundary_mean*': 0.01, 'boundary_distribution*': '""normal""', 'silence_tau*': 2, 'silence_delta0*': 1.0, 'use_silence?*': False}"
467,"[1402, 1403, 1404]",0.9698649115000538,0.006464446864965104,0.9634753973590346,0.9787221937745888,0.015246796415554154,0.6665306465172336,[0.96739714 0.9634754  0.97872219],"{'model*': '""HK""', 'boundary_mean*': 0.03, 'boundary_distribution*': '""normal""', 'silence_tau*': 6, 'silence_delta0*': 0.8, 'use_silence?*': False}"
468,"[1405, 1406, 1407]",190.66660038549165,11.115591713931265,179.99994125475814,205.9999977490176,26.000056494259468,5.829857820644858,[205.99999775 185.99986215 179.99994125],"{'model*': '""HK""', 'boundary_mean*': 0.09, 'boundary_distribution*': '""normal""', 'silence_tau*': 3, 'silence_delta0*': 1.0, 'use_silence?*': False}"
469,"[1408, 1409, 1410]",192.6663136758849,11.085513962373001,176.999665680492,200.9996728286344,24.0000071481424,5.753737511696898,[199.99960252 176.99966568 200.99967283],"{'model*': '""HK""', 'boundary_mean*': 0.03, 'boundary_distribution*': '""normal""', 'silence_tau*': 9, 'silence_delta0*': 0.8, 'use_silence?*': False}"
470,"[1411, 1412, 1413]",50.33305726522471,27.047371620851404,18.999509276723245,84.99975350231274,66.0002442255895,53.73679464437884,[84.9997535  46.99990902 18.99950928],"{'model*': '""HK""', 'boundary_mean*': 0.06, 'boundary_distribution*': '""normal""', 'silence_tau*': 6, 'silence_delta0*': 0.7000000000000002, 'use_silence?*': False}"
471,"[1414, 1415, 1416]",212.66656393967992,11.61424099807366,202.9997579330962,228.99999029796157,26.000232364865383,5.461244486635843,[205.99994359 228.9999903  202.99975793],"{'model*': '""HK""', 'boundary_mean*': 0.01, 'boundary_distribution*': '""normal""', 'silence_tau*': 7, 'silence_delta0*': 0.8, 'use_silence?*': True}"
472,"[1417, 1418, 1419]",276.99986684491637,17.378112305648102,257.9999451318524,299.9998429656863,41.99989783383387,6.273689768731034,[299.99984297 272.99981244 257.99994513],"{'model*': '""HK""', 'boundary_mean*': 0.03, 'boundary_distribution*': '""normal""', 'silence_tau*': 3, 'silence_delta0*': 1.0, 'use_silence?*': True}"
473,"[1420, 1421, 1422]",208.66635295773415,48.17565502631945,165.99972837071195,275.9997735726937,110.00004520198175,23.08740932280421,[183.99955693 275.99977357 165.99972837],"{'model*': '""HK""', 'boundary_mean*': 0.05, 'boundary_distribution*': '""normal""', 'silence_tau*': 7, 'silence_delta0*': 0.8, 'use_silence?*': True}"
474,"[1423, 1424, 1425]",211.99980925471468,27.724796466829638,188.999818589976,250.99974696442624,61.999928374450235,13.077745949062955,[250.99974696 188.99981859 195.99986221],"{'model*': '""HK""', 'boundary_mean*': 0.09, 'boundary_distribution*': '""normal""', 'silence_tau*': 2, 'silence_delta0*': 1.0, 'use_silence?*': False}"
475,"[1426, 1427, 1428]",185.33304929496407,26.042884680963336,149.99944876628868,211.9998645047852,62.000415738496514,14.051937730498985,[193.99983461 149.99944877 211.9998645 ],"{'model*': '""HK""', 'boundary_mean*': 0.09, 'boundary_distribution*': '""normal""', 'silence_tau*': 3, 'silence_delta0*': 1.0, 'use_silence?*': True}"
476,"[1429, 1430, 1431]",250.3332947206504,19.344820370002346,222.99996787942055,264.99998092318765,42.0000130437671,7.727625840417847,[262.99993536 264.99998092 222.99996788],"{'model*': '""HK""', 'boundary_mean*': 0.05, 'boundary_distribution*': '""normal""', 'silence_tau*': 1, 'silence_delta0*': 1.0, 'use_silence?*': False}"
477,"[1432, 1433, 1434]",290.9997621189264,8.524432283910977,283.99969898168035,302.99969108107143,18.99999209939108,2.929360567802524,[285.99989629 283.99969898 302.99969108],"{'model*': '""HK""', 'boundary_mean*': 0.03, 'boundary_distribution*': '""normal""', 'silence_tau*': 0, 'silence_delta0*': 0.9000000000000001, 'use_silence?*': True}"
478,"[1435, 1436, 1437]",0.9259731799302627,0.012136858810069286,0.9157212027610582,0.9430209022711152,0.027299699510057063,1.3107138600907795,[0.9157212  0.91917743 0.9430209 ],"{'model*': '""HK""', 'boundary_mean*': 0.04, 'boundary_distribution*': '""normal""', 'silence_tau*': 6, 'silence_delta0*': 0.8, 'use_silence?*': True}"
479,"[1438, 1439, 1440]",45.665942257074676,4.921057133305,39.99966507369788,51.998392513181614,11.998727439483737,10.77620846100601,[39.99966507 51.99839251 44.99976918],"{'model*': '""HK""', 'boundary_mean*': 0.05, 'boundary_distribution*': '""normal""', 'silence_tau*': 6, 'silence_delta0*': 0.8, 'use_silence?*': False}"
480,"[1441, 1442, 1443]",2.9941845507439324,0.81880151650535,1.9919844513686675,3.997629208998581,2.0056447576299137,27.346394406514168,[3.99762921 1.99198445 2.99293999],"{'model*': '""HK""', 'boundary_mean*': 0.0699999999999999, 'boundary_distribution*': '""normal""', 'silence_tau*': 1, 'silence_delta0*': 0.9000000000000001, 'use_silence?*': False}"
481,"[1444, 1445, 1446]",282.3329981529348,8.80655560246632,269.99962652760576,289.9993808125129,19.99975428490717,3.1192087570635167,[269.99962653 289.99938081 286.99998712],"{'model*': '""HK""', 'boundary_mean*': 0.04, 'boundary_distribution*': '""normal""', 'silence_tau*': 2, 'silence_delta0*': 0.6000000000000001, 'use_silence?*': True}"
482,"[1447, 1448, 1449]",2.6413660931901903,2.3734817785188187,0.9559555618415672,5.997966172705297,5.04201061086373,89.85811488373328,[5.99796617 0.95595556 0.97017655],"{'model*': '""HK""', 'boundary_mean*': 0.05, 'boundary_distribution*': '""normal""', 'silence_tau*': 9, 'silence_delta0*': 0.8, 'use_silence?*': False}"
483,"[1450, 1451, 1452]",142.66652777189395,18.372677799824096,116.99988683340914,158.99993274088698,42.00004590747784,12.87805772437367,[158.99993274 151.99976374 116.99988683],"{'model*': '""HK""', 'boundary_mean*': 0.11, 'boundary_distribution*': '""normal""', 'silence_tau*': 2, 'silence_delta0*': 0.9000000000000001, 'use_silence?*': False}"
484,"[1453, 1454, 1455]",2.3235091617574453,1.8924450289661343,0.9851959954723992,4.999830581977138,4.014634586504739,81.44771107916507,[0.98550091 0.985196   4.99983058],"{'model*': '""HK""', 'boundary_mean*': 0.03, 'boundary_distribution*': '""normal""', 'silence_tau*': 6, 'silence_delta0*': 0.8, 'use_silence?*': True}"
485,"[1456, 1457, 1458]",71.3329661252853,25.940349246010403,51.9998343824253,107.99999664581723,56.000162263391935,36.36516277824506,[ 51.99983438  53.99906735 107.99999665],"{'model*': '""HK""', 'boundary_mean*': 0.03, 'boundary_distribution*': '""normal""', 'silence_tau*': 7, 'silence_delta0*': 0.8, 'use_silence?*': False}"
486,"[1459, 1460, 1461]",240.3328427124778,11.440835318162746,225.99918189938623,253.99957272881852,28.00039082943229,4.76041276299885,[240.99977351 225.9991819  253.99957273],"{'model*': '""HK""', 'boundary_mean*': 0.03, 'boundary_distribution*': '""normal""', 'silence_tau*': 9, 'silence_delta0*': 0.8, 'use_silence?*': True}"
487,"[1462, 1463, 1464]",235.33299847207505,23.907195107379387,203.99984110579297,261.99984551322945,58.00000440743648,10.158879231811705,[203.99984111 261.99984551 239.9993088 ],"{'model*': '""HK""', 'boundary_mean*': 0.05, 'boundary_distribution*': '""normal""', 'silence_tau*': 1, 'silence_delta0*': 1.0, 'use_silence?*': False}"
488,"[1465, 1466, 1467]",256.3331337099828,23.75343501876168,225.99968282419184,283.9998523850877,58.00016956089587,9.266626859731874,[283.99985239 225.99968282 258.99986592],"{'model*': '""HK""', 'boundary_mean*': 0.02, 'boundary_distribution*': '""normal""', 'silence_tau*': 7, 'silence_delta0*': 0.8, 'use_silence?*': False}"
489,"[1468, 1469, 1470]",145.99982574580588,49.80621739237927,84.99994014288895,206.99975877232345,121.9998186294345,34.11388824469884,[ 84.99994014 145.99977832 206.99975877],"{'model*': '""HK""', 'boundary_mean*': 0.05, 'boundary_distribution*': '""normal""', 'silence_tau*': 1, 'silence_delta0*': 1.0, 'use_silence?*': False}"
490,"[1471, 1472, 1473]",344.33289555693585,16.65970588074616,321.9999543780817,361.9992510511773,39.99929667309556,4.838255680974128,[321.99995438 348.99948124 361.99925105],"{'model*': '""HK""', 'boundary_mean*': 0.01, 'boundary_distribution*': '""normal""', 'silence_tau*': 6, 'silence_delta0*': 0.8, 'use_silence?*': True}"
491,"[1474, 1475, 1476]",218.66637989765852,19.601759539583515,190.9994585356956,233.99969468311164,43.00023614741605,8.964231057722564,[233.99969468 230.99998647 190.99945854],"{'model*': '""HK""', 'boundary_mean*': 0.0699999999999999, 'boundary_distribution*': '""normal""', 'silence_tau*': 1, 'silence_delta0*': 1.0, 'use_silence?*': True}"
492,"[1477, 1478, 1479]",3.327565086180973,0.9472531430558948,1.9879485702796809,3.999235677955029,2.011287107675348,28.466855449041017,[1.98794857 3.99551101 3.99923568],"{'model*': '""HK""', 'boundary_mean*': 0.06, 'boundary_distribution*': '""normal""', 'silence_tau*': 3, 'silence_delta0*': 1.0, 'use_silence?*': False}"
493,"[1480, 1481, 1482]",323.66660821503336,11.14549038634884,308.99995882083965,335.9999309710438,26.999972150204144,3.4435094950987795,[325.99993485 335.99993097 308.99995882],"{'model*': '""HK""', 'boundary_mean*': 0.01, 'boundary_distribution*': '""normal""', 'silence_tau*': 6, 'silence_delta0*': 0.8, 'use_silence?*': False}"
494,"[1483, 1484, 1485]",328.33306567195376,4.988907081729033,322.9995965538413,334.999721627712,12.00012507387072,1.5194653244926546,[326.99987883 322.99959655 334.99972163],"{'model*': '""HK""', 'boundary_mean*': 0.05, 'boundary_distribution*': '""normal""', 'silence_tau*': 0, 'silence_delta0*': 0.9000000000000001, 'use_silence?*': True}"
495,"[1486, 1487, 1488]",228.99957464090622,62.86994529376714,151.9998220368018,305.99910816275644,153.99928612595465,27.454175577554402,[305.99910816 228.99979372 151.99982204],"{'model*': '""HK""', 'boundary_mean*': 0.05, 'boundary_distribution*': '""normal""', 'silence_tau*': 7, 'silence_delta0*': 0.8, 'use_silence?*': False}"
496,"[1489, 1490, 1491]",147.33320168234496,5.734879060898109,139.99997017767927,153.99999135279077,14.000021175111499,3.892455329425807,[139.99997018 153.99999135 147.99964352],"{'model*': '""HK""', 'boundary_mean*': 0.01, 'boundary_distribution*': '""normal""', 'silence_tau*': 2, 'silence_delta0*': 1.0, 'use_silence?*': True}"
497,"[1492, 1493, 1494]",66.6625434378549,55.86298304289536,2.988969733426944,138.99953177668257,136.01056204325562,83.79965744177275,[138.99953178  57.9991288    2.98896973],"{'model*': '""HK""', 'boundary_mean*': 0.03, 'boundary_distribution*': '""normal""', 'silence_tau*': 5, 'silence_delta0*': 1.0, 'use_silence?*': False}"
498,"[1495, 1496, 1497]",281.3331314544575,30.87976642453654,258.9998586880889,324.9999010267248,66.00004233863586,10.976228169391913,[259.99963465 258.99985869 324.99990103],"{'model*': '""HK""', 'boundary_mean*': 0.04, 'boundary_distribution*': '""normal""', 'silence_tau*': 7, 'silence_delta0*': 1.0, 'use_silence?*': True}"
499,"[1498, 1499, 1500]",277.66651045107704,15.151123924893463,259.9997962183548,296.9998790172279,37.00008279887311,5.45659031774485,[296.99987902 275.99985612 259.99979622],"{'model*': '""HK""', 'boundary_mean*': 0.06, 'boundary_distribution*': '""normal""', 'silence_tau*': 2, 'silence_delta0*': 0.9000000000000001, 'use_silence?*': False}"
500,"[1501, 1502, 1503]",235.33322372947828,55.37944853294649,179.99998800689858,310.9998389665178,130.99985095961924,23.53235452917036,[179.99998801 214.99984422 310.99983897],"{'model*': '""HK""', 'boundary_mean*': 0.01, 'boundary_distribution*': '""normal""', 'silence_tau*': 0, 'silence_delta0*': 0.9000000000000001, 'use_silence?*': False}"
501,"[1504, 1505, 1506]",313.66639471830416,3.090845830607548,310.9999853648878,317.9992140024055,6.999228637517717,0.9853927238151726,[311.99998479 317.999214   310.99998536],"{'model*': '""HK""', 'boundary_mean*': 0.03, 'boundary_distribution*': '""normal""', 'silence_tau*': 0, 'silence_delta0*': 0.9000000000000001, 'use_silence?*': False}"
502,"[1507, 1508, 1509]",160.9997884068453,6.531833749234282,152.99989455410832,168.99955432288817,15.99965976877985,4.057044927741386,[160.99991634 168.99955432 152.99989455],"{'model*': '""HK""', 'boundary_mean*': 0.04, 'boundary_distribution*': '""normal""', 'silence_tau*': 2, 'silence_delta0*': 0.4000000000000001, 'use_silence?*': True}"
503,"[1510, 1511, 1512]",53.99950947240763,23.366892369700743,35.99975077082144,86.9998888917258,51.00013812090436,43.27241598674267,[35.99975077 86.99988889 38.99888875],"{'model*': '""HK""', 'boundary_mean*': 0.05, 'boundary_distribution*': '""normal""', 'silence_tau*': 2, 'silence_delta0*': 1.0, 'use_silence?*': False}"
504,"[1513, 1514, 1515]",0.9264991656875926,0.002903285717127937,0.9223956836195204,0.92867206001575,0.006276376396229577,0.31336085607516884,[0.92842975 0.92867206 0.92239568],"{'model*': '""HK""', 'boundary_mean*': 0.01, 'boundary_distribution*': '""normal""', 'silence_tau*': 6, 'silence_delta0*': 0.9000000000000001, 'use_silence?*': False}"
505,"[1516, 1517, 1518]",229.99967256679008,27.178374812584835,191.99970445765103,253.99944701279904,61.999742555148,11.8167015236478,[191.99970446 253.99944701 243.99986623],"{'model*': '""HK""', 'boundary_mean*': 0.06, 'boundary_distribution*': '""normal""', 'silence_tau*': 9, 'silence_delta0*': 0.5, 'use_silence?*': True}"
506,"[1519, 1520, 1521]",81.33321532716296,23.156542127776223,62.99983374964496,113.9999806886346,51.00014693898964,28.47119966255976,[ 62.99983375  66.99983154 113.99998069],"{'model*': '""HK""', 'boundary_mean*': 0.01, 'boundary_distribution*': '""normal""', 'silence_tau*': 2, 'silence_delta0*': 1.0, 'use_silence?*': True}"
507,"[1522, 1523, 1524]",0.9253758316316579,0.013147131313241146,0.9070795226888136,0.9373883188268408,0.030308796138027172,1.4207342426546437,[0.90707952 0.93165965 0.93738832],"{'model*': '""HK""', 'boundary_mean*': 0.01, 'boundary_distribution*': '""normal""', 'silence_tau*': 0, 'silence_delta0*': 0.9000000000000001, 'use_silence?*': True}"
508,"[1525, 1526, 1527]",52.33256642197949,16.78000112749665,38.99990792939054,75.99986093199297,36.99995300260243,32.06416630171057,[75.99986093 38.99990793 41.9979304 ],"{'model*': '""HK""', 'boundary_mean*': 0.03, 'boundary_distribution*': '""normal""', 'silence_tau*': 2, 'silence_delta0*': 0.9000000000000001, 'use_silence?*': False}"
509,"[1528, 1529, 1530]",333.9997833812847,8.602347834147325,323.9996491517839,344.9997312393052,21.00008208752132,2.5755549141560756,[323.99964915 344.99973124 332.99996975],"{'model*': '""HK""', 'boundary_mean*': 0.01, 'boundary_distribution*': '""normal""', 'silence_tau*': 6, 'silence_delta0*': 0.8, 'use_silence?*': True}"
510,"[1531, 1532, 1533]",60.33292092960548,25.30242806297361,32.999747951268525,93.99932091853351,60.99957296726499,41.93801273519589,[93.99932092 53.99969392 32.99974795],"{'model*': '""HK""', 'boundary_mean*': 0.05, 'boundary_distribution*': '""normal""', 'silence_tau*': 4, 'silence_delta0*': 1.0, 'use_silence?*': True}"
511,"[1534, 1535, 1536]",291.6663871840834,36.169434848601576,252.9995703991977,339.9997953298696,87.00022493067189,12.400960973872339,[252.9995704  339.99979533 281.99979582],"{'model*': '""HK""', 'boundary_mean*': 0.05, 'boundary_distribution*': '""normal""', 'silence_tau*': 8, 'silence_delta0*': 0.7000000000000002, 'use_silence?*': False}"
512,"[1537, 1538, 1539]",14.66390881922301,10.965939039967228,4.997964010360899,29.999493363328643,25.001529352967744,74.78182778654427,[29.99949336  4.99796401  8.99426908],"{'model*': '""HK""', 'boundary_mean*': 0.01, 'boundary_distribution*': '""normal""', 'silence_tau*': 3, 'silence_delta0*': 1.0, 'use_silence?*': True}"
513,"[1540, 1541, 1542]",227.3332198364138,12.684277746796127,209.999788021284,239.9999931272528,30.000205105968803,5.579597102404821,[209.99978802 231.99987836 239.99999313],"{'model*': '""HK""', 'boundary_mean*': 0.06, 'boundary_distribution*': '""normal""', 'silence_tau*': 6, 'silence_delta0*': 0.4000000000000001, 'use_silence?*': False}"
514,"[1543, 1544, 1545]",125.99995174763212,20.832633363550386,106.99995963558298,154.99990021633508,47.999940580752096,16.533842334540328,[115.99999539 106.99995964 154.99990022],"{'model*': '""HK""', 'boundary_mean*': 0.01, 'boundary_distribution*': '""normal""', 'silence_tau*': 0, 'silence_delta0*': 1.0, 'use_silence?*': True}"
515,"[1546, 1547, 1548]",287.6664341483199,23.29985304350048,259.99997178147,316.9996612301584,56.9996894486884,8.09960783658449,[259.99997178 316.99966123 285.99966943],"{'model*': '""HK""', 'boundary_mean*': 0.04, 'boundary_distribution*': '""normal""', 'silence_tau*': 7, 'silence_delta0*': 0.8, 'use_silence?*': True}"
516,"[1549, 1550, 1551]",118.33324570023858,4.642819516176438,111.9999043873263,122.99999983780576,11.000095450479463,3.9235123558916096,[122.99999984 111.99990439 119.99983288],"{'model*': '""HK""', 'boundary_mean*': 0.01, 'boundary_distribution*': '""normal""', 'silence_tau*': 0, 'silence_delta0*': 0.7000000000000002, 'use_silence?*': True}"
517,"[1552, 1553, 1554]",125.66639083118953,43.68331558413002,83.99952217635338,185.99985215871888,102.0003299823655,34.76133538585571,[ 83.99952218 106.99979816 185.99985216],"{'model*': '""HK""', 'boundary_mean*': 0.01, 'boundary_distribution*': '""normal""', 'silence_tau*': 2, 'silence_delta0*': 0.7000000000000002, 'use_silence?*': True}"
518,"[1555, 1556, 1557]",245.33324246297641,33.109219814802124,205.99995758335277,286.9998890062221,80.99993142286931,13.495610901485836,[205.99995758 286.99988901 242.9998808 ],"{'model*': '""HK""', 'boundary_mean*': 0.01, 'boundary_distribution*': '""normal""', 'silence_tau*': 6, 'silence_delta0*': 0.5, 'use_silence?*': True}"
519,"[1558, 1559, 1560]",189.6664401282259,17.594144118019802,172.99977378240615,213.9996962870853,40.99992250467915,9.276361229812245,[213.99969629 172.99977378 181.99985032],"{'model*': '""HK""', 'boundary_mean*': 0.09, 'boundary_distribution*': '""normal""', 'silence_tau*': 2, 'silence_delta0*': 1.0, 'use_silence?*': True}"
520,"[1561, 1562, 1563]",42.99986698837935,23.3381832189864,9.999743288866686,59.99999964023724,50.00025635137055,54.275012583861034,[59.99999964  9.99974329 58.99985804],"{'model*': '""HK""', 'boundary_mean*': 0.05, 'boundary_distribution*': '""normal""', 'silence_tau*': 1, 'silence_delta0*': 1.0, 'use_silence?*': False}"
521,"[1564, 1565, 1566]",204.6661353478371,48.70558110069234,162.99918585507572,272.9996041522167,110.00041829714098,23.797576974771882,[162.99918586 177.99961604 272.99960415],"{'model*': '""HK""', 'boundary_mean*': 0.01, 'boundary_distribution*': '""normal""', 'silence_tau*': 0, 'silence_delta0*': 0.9000000000000001, 'use_silence?*': True}"
522,"[1567, 1568, 1569]",12.332548838370897,8.25994881294561,5.998198583319585,23.99955553619669,18.001356952877106,66.97681818413727,[ 5.99819858 23.99955554  6.9998924 ],"{'model*': '""HK""', 'boundary_mean*': 0.05, 'boundary_distribution*': '""normal""', 'silence_tau*': 6, 'silence_delta0*': 0.8, 'use_silence?*': True}"
523,"[1570, 1571, 1572]",156.33326000659636,23.626722694498355,122.9999381676198,174.99999075198878,52.00005258436897,15.113049323925978,[170.9998511  174.99999075 122.99993817],"{'model*': '""HK""', 'boundary_mean*': 0.01, 'boundary_distribution*': '""normal""', 'silence_tau*': 2, 'silence_delta0*': 1.0, 'use_silence?*': False}"
524,"[1573, 1574, 1575]",276.6664844380406,20.72574094068399,255.99972920937984,304.999818373137,49.00008916375714,7.491236599468021,[304.99981837 255.99972921 268.99990573],"{'model*': '""HK""', 'boundary_mean*': 0.03, 'boundary_distribution*': '""normal""', 'silence_tau*': 2, 'silence_delta0*': 0.5, 'use_silence?*': True}"
525,"[1576, 1577, 1578]",334.6665797198752,9.10436205158836,321.9998654335752,342.9999054731629,21.000040039587702,2.720427614615404,[321.99986543 342.99990547 338.99996825],"{'model*': '""HK""', 'boundary_mean*': 0.03, 'boundary_distribution*': '""normal""', 'silence_tau*': 2, 'silence_delta0*': 1.0, 'use_silence?*': False}"
526,"[1579, 1580, 1581]",0.9327881567006756,0.005715880904447291,0.9275511670287288,0.9407393240516906,0.013188157022961833,0.6127737432542759,[0.93007398 0.94073932 0.92755117],"{'model*': '""HK""', 'boundary_mean*': 0.03, 'boundary_distribution*': '""normal""', 'silence_tau*': 6, 'silence_delta0*': 0.8, 'use_silence?*': False}"
527,"[1582, 1583, 1584]",252.3330742878933,18.372471143694565,235.9999074550844,277.9994374114129,41.99952995632847,7.281039632059069,[277.99943741 242.999878   235.99990746],"{'model*': '""HK""', 'boundary_mean*': 0.03, 'boundary_distribution*': '""normal""', 'silence_tau*': 2, 'silence_delta0*': 1.0, 'use_silence?*': False}"
528,"[1585, 1586, 1587]",0.9535072880693324,0.003946654983317386,0.9483936947618196,0.9580012220310864,0.009607527269266836,0.4139092624355916,[0.95800122 0.94839369 0.95412695],"{'model*': '""HK""', 'boundary_mean*': 0.04, 'boundary_distribution*': '""normal""', 'silence_tau*': 7, 'silence_delta0*': 0.8, 'use_silence?*': True}"
529,"[1588, 1589, 1590]",70.99964427601576,19.304732470780166,53.99915841249969,97.999796773928,44.00063836142831,27.18990027010805,[60.99997764 53.99915841 97.99979677],"{'model*': '""HK""', 'boundary_mean*': 0.02, 'boundary_distribution*': '""normal""', 'silence_tau*': 6, 'silence_delta0*': 0.8, 'use_silence?*': True}"
530,"[1591, 1592, 1593]",95.9993250849991,37.47948655476751,46.99847309099894,137.99990098164477,91.00142789064583,39.041406303203345,[102.99960118  46.99847309 137.99990098],"{'model*': '""HK""', 'boundary_mean*': 0.04, 'boundary_distribution*': '""normal""', 'silence_tau*': 7, 'silence_delta0*': 1.0, 'use_silence?*': True}"
531,"[1594, 1595, 1596]",19.998986999430972,5.354991418780184,13.997312759195358,26.99967778917012,13.002365029974763,26.776313314932143,[18.99997045 13.99731276 26.99967779],"{'model*': '""HK""', 'boundary_mean*': 0.03, 'boundary_distribution*': '""normal""', 'silence_tau*': 6, 'silence_delta0*': 0.8, 'use_silence?*': False}"
532,"[1597, 1598, 1599]",198.3331390398204,22.29109730322102,168.9996852648095,222.99991071194933,54.000225447139826,11.239219734602958,[168.99968526 202.99982114 222.99991071],"{'model*': '""HK""', 'boundary_mean*': 0.01, 'boundary_distribution*': '""normal""', 'silence_tau*': 2, 'silence_delta0*': 0.9000000000000001, 'use_silence?*': True}"
533,"[1600, 1601, 1602]",304.666258122691,11.897868749405593,290.99954144437754,319.9998848454433,29.000343401065777,3.905213797785985,[302.99934808 290.99954144 319.99988485],"{'model*': '""HK""', 'boundary_mean*': 0.05, 'boundary_distribution*': '""normal""', 'silence_tau*': 2, 'silence_delta0*': 1.0, 'use_silence?*': False}"
534,"[1603, 1604, 1605]",80.99966453354114,39.82449378141432,42.99960156376873,135.9994441861418,92.99984262237308,49.1662453304648,[ 63.99994785 135.99944419  42.99960156],"{'model*': '""HK""', 'boundary_mean*': 0.04, 'boundary_distribution*': '""normal""', 'silence_tau*': 6, 'silence_delta0*': 0.7000000000000002, 'use_silence?*': False}"
535,"[1606, 1607, 1608]",283.99990180432906,14.352666719561512,270.9999018716575,303.9998485948978,32.99994672324027,5.053757634553778,[303.99984859 276.99995495 270.99990187],"{'model*': '""HK""', 'boundary_mean*': 0.03, 'boundary_distribution*': '""normal""', 'silence_tau*': 0, 'silence_delta0*': 0.9000000000000001, 'use_silence?*': True}"
536,"[1609, 1610, 1611]",300.66640871919645,18.87381163447541,273.9998098476884,314.9999715652857,41.00016171759728,6.277326328164036,[312.99944474 314.99997157 273.99980985],"{'model*': '""HK""', 'boundary_mean*': 0.04, 'boundary_distribution*': '""normal""', 'silence_tau*': 3, 'silence_delta0*': 0.7000000000000002, 'use_silence?*': True}"
537,"[1612, 1613, 1614]",300.3331504889539,13.888321663423099,280.9999550480588,312.9995621158255,31.999607067766703,4.624305255950726,[306.9999343  312.99956212 280.99995505],"{'model*': '""HK""', 'boundary_mean*': 0.05, 'boundary_distribution*': '""normal""', 'silence_tau*': 7, 'silence_delta0*': 0.8, 'use_silence?*': False}"
538,"[1615, 1616, 1617]",205.33293812286897,35.97524165017123,175.9994991891003,255.99950533834064,80.00000614924033,17.52044361662231,[175.99949919 183.99980984 255.99950534],"{'model*': '""HK""', 'boundary_mean*': 0.05, 'boundary_distribution*': '""normal""', 'silence_tau*': 0, 'silence_delta0*': 0.9000000000000001, 'use_silence?*': True}"
539,"[1618, 1619, 1620]",17.999395511590674,3.7416863558254745,13.999886422250484,22.99969508362991,8.999808661379426,20.787844532979026,[13.99988642 22.99969508 16.99860503],"{'model*': '""HK""', 'boundary_mean*': 0.01, 'boundary_distribution*': '""normal""', 'silence_tau*': 0, 'silence_delta0*': 0.9000000000000001, 'use_silence?*': True}"
540,"[1621, 1622, 1623]",231.3330969416412,13.719290673963634,212.99997357917744,245.99973550666047,32.999761927483036,5.930535169995421,[212.99997358 245.99973551 234.99958174],"{'model*': '""HK""', 'boundary_mean*': 0.03, 'boundary_distribution*': '""normal""', 'silence_tau*': 2, 'silence_delta0*': 0.9000000000000001, 'use_silence?*': False}"
541,"[1624, 1625, 1626]",0.9770910103011636,0.008517000059048936,0.9704525680975076,0.9891140954207884,0.018661527323280858,0.8716690635014426,[0.9891141  0.97170637 0.97045257],"{'model*': '""HK""', 'boundary_mean*': 0.05, 'boundary_distribution*': '""normal""', 'silence_tau*': 7, 'silence_delta0*': 0.8, 'use_silence?*': False}"
542,"[1627, 1628, 1629]",320.6664363390061,4.497016366724957,314.9996007632696,325.9998471712774,11.000246408007797,1.4023969636693583,[325.99984717 314.99960076 320.99986108],"{'model*': '""HK""', 'boundary_mean*': 0.01, 'boundary_distribution*': '""normal""', 'silence_tau*': 2, 'silence_delta0*': 1.0, 'use_silence?*': False}"
543,"[1630, 1631, 1632]",214.9995218226234,18.991351952252828,189.99954544659485,235.9999840774187,46.00043863082385,8.83320660030159,[189.99954545 235.99998408 218.99903594],"{'model*': '""HK""', 'boundary_mean*': 0.01, 'boundary_distribution*': '""normal""', 'silence_tau*': 2, 'silence_delta0*': 1.0, 'use_silence?*': False}"
544,"[1633, 1634, 1635]",70.66628504584428,25.694719961895707,51.999933684248106,106.99952454164917,54.99959085740106,36.36064913448674,[ 51.99993368  52.99939691 106.99952454],"{'model*': '""HK""', 'boundary_mean*': 0.03, 'boundary_distribution*': '""normal""', 'silence_tau*': 7, 'silence_delta0*': 0.7000000000000002, 'use_silence?*': False}"
545,"[1636, 1637, 1638]",126.99974959669476,25.50807978582468,106.99994471528925,162.9996338656465,55.999689150357256,20.085141795026455,[106.99994472 110.99967021 162.99963387],"{'model*': '""HK""', 'boundary_mean*': 0.04, 'boundary_distribution*': '""normal""', 'silence_tau*': 8, 'silence_delta0*': 0.7000000000000002, 'use_silence?*': False}"
546,"[1639, 1640, 1641]",132.33314974396083,6.599633711741231,124.99988523536926,140.99979914112728,15.99991390575802,4.987135668205776,[124.99988524 130.99976486 140.99979914],"{'model*': '""HK""', 'boundary_mean*': 0.0699999999999999, 'boundary_distribution*': '""normal""', 'silence_tau*': 1, 'silence_delta0*': 0.9000000000000001, 'use_silence?*': True}"
547,"[1642, 1643, 1644]",257.66637527757865,23.696941856773915,227.9998784043277,285.9993200995688,57.99944169524113,9.196753682449133,[227.9998784  258.99992733 285.9993201 ],"{'model*': '""HK""', 'boundary_mean*': 0.03, 'boundary_distribution*': '""normal""', 'silence_tau*': 3, 'silence_delta0*': 1.0, 'use_silence?*': False}"
548,"[1645, 1646, 1647]",180.9998509244914,38.609259410925944,146.99973755667824,234.99999661669835,88.00025906002011,21.331100116227585,[160.9998186  234.99999662 146.99973756],"{'model*': '""HK""', 'boundary_mean*': 0.05, 'boundary_distribution*': '""normal""', 'silence_tau*': 8, 'silence_delta0*': 1.0, 'use_silence?*': False}"
549,"[1648, 1649, 1650]",268.33323747089236,25.69472839540201,231.99999070859425,286.9998466045212,54.99985589592697,9.57567859933463,[285.9998751  231.99999071 286.9998466 ],"{'model*': '""HK""', 'boundary_mean*': 0.05, 'boundary_distribution*': '""normal""', 'silence_tau*': 7, 'silence_delta0*': 0.9000000000000001, 'use_silence?*': False}"
550,"[1651, 1652, 1653]",28.33236189271283,21.853702756939924,3.997721902600999,56.99954427194526,53.00182236934426,77.13336021788132,[23.9998195  56.99954427  3.9977219 ],"{'model*': '""HK""', 'boundary_mean*': 0.01, 'boundary_distribution*': '""normal""', 'silence_tau*': 3, 'silence_delta0*': 1.0, 'use_silence?*': True}"
551,"[1654, 1655, 1656]",203.66654702686722,64.89141005441748,117.99977974581904,274.99986726358185,157.0000875177628,31.861594847904577,[217.99999407 274.99986726 117.99977975],"{'model*': '""HK""', 'boundary_mean*': 0.05, 'boundary_distribution*': '""normal""', 'silence_tau*': 2, 'silence_delta0*': 1.0, 'use_silence?*': False}"
552,"[1657, 1658, 1659]",2.6499291214608287,2.3660321480834323,0.964394710796272,5.995972680193929,5.031577969397657,89.28662011831878,[5.99597268 0.96439471 0.98941997],"{'model*': '""HK""', 'boundary_mean*': 0.01, 'boundary_distribution*': '""normal""', 'silence_tau*': 0, 'silence_delta0*': 0.9000000000000001, 'use_silence?*': True}"
553,"[1660, 1661, 1662]",205.66653538191176,54.87772271298777,146.9997019688881,278.9999369544637,132.0002349855756,26.682864380966386,[146.99970197 278.99993695 190.99996722],"{'model*': '""HK""', 'boundary_mean*': 0.03, 'boundary_distribution*': '""normal""', 'silence_tau*': 7, 'silence_delta0*': 0.8, 'use_silence?*': False}"
554,"[1663, 1664, 1665]",353.66646188189515,0.9427916755777056,352.9998074135285,354.99977065598955,1.9999632424610354,0.26657649994885446,[352.99980758 352.99980741 354.99977066],"{'model*': '""HK""', 'boundary_mean*': 0.01, 'boundary_distribution*': '""normal""', 'silence_tau*': 6, 'silence_delta0*': 0.8, 'use_silence?*': True}"
555,"[1666, 1667, 1668]",143.6661850514972,40.87630251537609,87.99966454224061,184.99896499340323,96.99930045116263,28.452278106169498,[184.99896499  87.99966454 157.99992562],"{'model*': '""HK""', 'boundary_mean*': 0.01, 'boundary_distribution*': '""normal""', 'silence_tau*': 2, 'silence_delta0*': 0.8, 'use_silence?*': True}"
556,"[1669, 1670, 1671]",148.33294337013467,45.762799162979,102.99976735487412,210.99988194027603,108.0001145854019,30.851406385692254,[210.99988194 102.99976735 130.99918082],"{'model*': '""HK""', 'boundary_mean*': 0.0699999999999999, 'boundary_distribution*': '""normal""', 'silence_tau*': 1, 'silence_delta0*': 1.0, 'use_silence?*': True}"
557,"[1672, 1673, 1674]",296.3330931247876,9.672252394415644,288.9998161797658,309.9995309206663,20.999714740900515,3.2639798317572994,[288.99981618 289.99993227 309.99953092],"{'model*': '""HK""', 'boundary_mean*': 0.01, 'boundary_distribution*': '""normal""', 'silence_tau*': 6, 'silence_delta0*': 0.8, 'use_silence?*': False}"
558,"[1675, 1676, 1677]",206.99964028025002,23.366752369054186,173.99949829353568,224.99992661067373,51.000428317138045,11.288305785178519,[224.99992661 221.99949594 173.99949829],"{'model*': '""HK""', 'boundary_mean*': 0.04, 'boundary_distribution*': '""normal""', 'silence_tau*': 0, 'silence_delta0*': 0.9000000000000001, 'use_silence?*': False}"
559,"[1678, 1679, 1680]",227.99971296894535,41.30378598967893,169.99968327266473,262.9998546528051,93.00017138014036,18.11571841553358,[169.99968327 250.99960098 262.99985465],"{'model*': '""HK""', 'boundary_mean*': 0.04, 'boundary_distribution*': '""normal""', 'silence_tau*': 2, 'silence_delta0*': 1.0, 'use_silence?*': True}"
560,"[1681, 1682, 1683]",298.33319208748844,6.5997384786286135,290.99974687471024,306.9999404900932,16.000193615382955,2.212203889365817,[290.99974687 306.99994049 296.9998889 ],"{'model*': '""HK""', 'boundary_mean*': 0.04, 'boundary_distribution*': '""normal""', 'silence_tau*': 6, 'silence_delta0*': 0.8, 'use_silence?*': False}"
561,"[1684, 1685, 1686]",0.9586879376921108,0.01254045602062304,0.9423029517005942,0.972757822230988,0.03045487053039375,1.3080853036298963,[0.96100304 0.94230295 0.97275782],"{'model*': '""HK""', 'boundary_mean*': 0.01, 'boundary_distribution*': '""normal""', 'silence_tau*': 9, 'silence_delta0*': 0.2000000000000001, 'use_silence?*': False}"
562,"[1687, 1688, 1689]",57.666119482662054,17.461311204392533,32.99908923863726,70.99928337811484,38.00019413947758,30.280017731455754,[68.99998583 32.99908924 70.99928338],"{'model*': '""HK""', 'boundary_mean*': 0.08, 'boundary_distribution*': '""normal""', 'silence_tau*': 9, 'silence_delta0*': 0.7000000000000002, 'use_silence?*': False}"
563,"[1690, 1691, 1692]",190.33302859980577,38.58619320164133,136.99958994272322,226.9997329008356,90.00014295811238,20.27298860607775,[226.9997329  136.99958994 206.99976296],"{'model*': '""HK""', 'boundary_mean*': 0.05, 'boundary_distribution*': '""normal""', 'silence_tau*': 1, 'silence_delta0*': 1.0, 'use_silence?*': False}"
564,"[1693, 1694, 1695]",59.99958376698749,3.7414899746313455,55.99984908658951,64.9994032251738,8.99955413858428,6.2358598838979935,[55.99984909 64.99940323 58.99949899],"{'model*': '""HK""', 'boundary_mean*': 0.05, 'boundary_distribution*': '""normal""', 'silence_tau*': 0, 'silence_delta0*': 0.9000000000000001, 'use_silence?*': False}"
565,"[1696, 1697, 1698]",0.9739230156209019,0.0035733995092764965,0.970919253148477,0.9789443903343472,0.008025137185870168,0.3669077998940562,[0.97894439 0.9719054  0.97091925],"{'model*': '""HK""', 'boundary_mean*': 0.01, 'boundary_distribution*': '""normal""', 'silence_tau*': 6, 'silence_delta0*': 0.8, 'use_silence?*': False}"
566,"[1699, 1700, 1701]",309.33297405361117,29.272579182597376,267.99977229695946,331.99974052760484,63.99996823064538,9.463129261326044,[267.9997723  331.99974053 327.99940934],"{'model*': '""HK""', 'boundary_mean*': 0.03, 'boundary_distribution*': '""normal""', 'silence_tau*': 2, 'silence_delta0*': 0.9000000000000001, 'use_silence?*': False}"
567,"[1702, 1703, 1704]",25.666061239145076,16.357736814685982,2.998504690266476,40.99980709162083,38.00130240135435,63.73294547329168,[40.99980709 32.99987194  2.99850469],"{'model*': '""HK""', 'boundary_mean*': 0.05, 'boundary_distribution*': '""normal""', 'silence_tau*': 6, 'silence_delta0*': 0.4000000000000001, 'use_silence?*': False}"
568,"[1705, 1706, 1707]",153.99965060071912,39.90824304703071,108.99955697174455,205.99962071491947,97.00006374317492,25.914502332542533,[146.99977412 205.99962071 108.99955697],"{'model*': '""HK""', 'boundary_mean*': 0.02, 'boundary_distribution*': '""normal""', 'silence_tau*': 1, 'silence_delta0*': 1.0, 'use_silence?*': True}"
569,"[1708, 1709, 1710]",183.99993053336425,25.57348187033427,147.99985001940527,204.9999899069205,57.00013988751522,13.898636698505218,[204.99998991 147.99985002 198.99995167],"{'model*': '""HK""', 'boundary_mean*': 0.03, 'boundary_distribution*': '""normal""', 'silence_tau*': 1, 'silence_delta0*': 0.9000000000000001, 'use_silence?*': True}"
570,"[1711, 1712, 1713]",0.9813655590316636,0.0049446222573467456,0.9756809147322988,0.9877345720232044,0.012053657290905573,0.5038512113901491,[0.98068119 0.97568091 0.98773457],"{'model*': '""HK""', 'boundary_mean*': 0.06, 'boundary_distribution*': '""normal""', 'silence_tau*': 2, 'silence_delta0*': 1.0, 'use_silence?*': False}"
571,"[1714, 1715, 1716]",0.9266528081193716,0.011374699321748599,0.9136141219156833,0.9413312059183968,0.027717084002713555,1.2275038959665363,[0.94133121 0.91361412 0.9250131 ],"{'model*': '""HK""', 'boundary_mean*': 0.05, 'boundary_distribution*': '""normal""', 'silence_tau*': 7, 'silence_delta0*': 0.8, 'use_silence?*': False}"
572,"[1717, 1718, 1719]",318.666437917032,10.338746275878764,308.99965459445883,332.9998025772966,24.000147982837746,3.244378775329506,[332.99980258 313.99985658 308.99965459],"{'model*': '""HK""', 'boundary_mean*': 0.05, 'boundary_distribution*': '""normal""', 'silence_tau*': 0, 'silence_delta0*': 1.0, 'use_silence?*': True}"
573,"[1720, 1721, 1722]",159.6663258881962,20.75777983887239,131.99965187471463,181.9993392142125,49.99968733949788,13.00072493269977,[131.99965187 164.99998658 181.99933921],"{'model*': '""HK""', 'boundary_mean*': 0.05, 'boundary_distribution*': '""normal""', 'silence_tau*': 0, 'silence_delta0*': 0.9000000000000001, 'use_silence?*': False}"
574,"[1723, 1724, 1725]",245.6664768467393,26.712512095541424,221.9995982466992,282.9998494149052,61.000251168206006,10.873486866588724,[221.99959825 282.99984941 231.99998288],"{'model*': '""HK""', 'boundary_mean*': 0.05, 'boundary_distribution*': '""normal""', 'silence_tau*': 2, 'silence_delta0*': 0.2000000000000001, 'use_silence?*': False}"
575,"[1726, 1727, 1728]",5.998645744978671,2.15904233191887,3.9992923176583695,8.99685569354472,4.997563375886351,35.9921626264754,[8.99685569 3.99929232 4.99978922],"{'model*': '""HK""', 'boundary_mean*': 0.03, 'boundary_distribution*': '""normal""', 'silence_tau*': 3, 'silence_delta0*': 0.7000000000000002, 'use_silence?*': False}"
576,"[1729, 1730, 1731]",339.666146522261,14.839522951905376,324.99998498240944,359.9990327301702,34.999047747760756,4.368855449341292,[359.99903273 324.99998498 333.99942185],"{'model*': '""HK""', 'boundary_mean*': 0.01, 'boundary_distribution*': '""normal""', 'silence_tau*': 3, 'silence_delta0*': 1.0, 'use_silence?*': True}"
577,"[1732, 1733, 1734]",13.666025488695686,5.792687646401642,5.999457692610481,19.99943916820629,13.99998147559581,42.38750799340495,[ 5.99945769 19.99943917 14.99917961],"{'model*': '""HK""', 'boundary_mean*': 0.01, 'boundary_distribution*': '""normal""', 'silence_tau*': 7, 'silence_delta0*': 0.8, 'use_silence?*': False}"
578,"[1735, 1736, 1737]",236.33314945217595,15.5205896731621,216.99982193752555,254.99980716019053,37.999985222664975,6.5672503874886266,[236.99981926 216.99982194 254.99980716],"{'model*': '""HK""', 'boundary_mean*': 0.0699999999999999, 'boundary_distribution*': '""normal""', 'silence_tau*': 1, 'silence_delta0*': 1.0, 'use_silence?*': False}"
579,"[1738, 1739, 1740]",269.9999240773825,26.280492893058167,235.9999995952809,299.9998982977225,63.999898702441584,9.733518623333437,[273.99987434 299.9998983  235.9999996 ],"{'model*': '""HK""', 'boundary_mean*': 0.03, 'boundary_distribution*': '""normal""', 'silence_tau*': 2, 'silence_delta0*': 1.0, 'use_silence?*': True}"
580,"[1741, 1742, 1743]",80.66656662184528,40.7949136638541,22.999852461100243,110.99993359857216,88.00008113747191,50.57226974230294,[107.99991381 110.9999336   22.99985246],"{'model*': '""HK""', 'boundary_mean*': 0.03, 'boundary_distribution*': '""normal""', 'silence_tau*': 0, 'silence_delta0*': 1.0, 'use_silence?*': False}"
581,"[1744, 1745, 1746]",22.33196103168643,14.97495150089298,7.99663482171622,42.99953434087109,35.002899519154866,67.05614200045076,[ 7.99663482 42.99953434 15.99971393],"{'model*': '""HK""', 'boundary_mean*': 0.01, 'boundary_distribution*': '""normal""', 'silence_tau*': 6, 'silence_delta0*': 0.8, 'use_silence?*': False}"
582,"[1747, 1748, 1749]",0.9908815799193378,0.0048786536176734134,0.9857377362232612,0.9974356551678124,0.011697918944551189,0.49235486021150554,[0.98573774 0.98947135 0.99743566],"{'model*': '""HK""', 'boundary_mean*': 0.08, 'boundary_distribution*': '""normal""', 'silence_tau*': 2, 'silence_delta0*': 1.0, 'use_silence?*': True}"
583,"[1750, 1751, 1752]",104.66636674462738,22.454864214267616,76.99970568630377,131.99963393048037,54.9999282441766,21.453753400129603,[104.99976062 131.99963393  76.99970569],"{'model*': '""HK""', 'boundary_mean*': 0.05, 'boundary_distribution*': '""normal""', 'silence_tau*': 6, 'silence_delta0*': 1.0, 'use_silence?*': False}"
584,"[1753, 1754, 1755]",3.6660246562537373,0.47161100199014444,2.9990661908820413,3.999962036291597,1.0008958454095556,12.864370706990213,[3.99904574 2.99906619 3.99996204],"{'model*': '""HK""', 'boundary_mean*': 0.03, 'boundary_distribution*': '""normal""', 'silence_tau*': 0, 'silence_delta0*': 0.9000000000000001, 'use_silence?*': False}"
585,"[1756, 1757, 1758]",67.33301941727187,8.993861413873098,55.99976298877772,77.99987650052385,22.000113511746136,13.3572821948425,[55.99976299 67.99941876 77.9998765 ],"{'model*': '""HK""', 'boundary_mean*': 0.05, 'boundary_distribution*': '""normal""', 'silence_tau*': 0, 'silence_delta0*': 1.0, 'use_silence?*': False}"
586,"[1759, 1760, 1761]",322.9998330057606,16.67340336729492,299.9997246328366,338.99986840308304,39.00014377024644,5.162047054989516,[338.9998684  329.99990598 299.99972463],"{'model*': '""HK""', 'boundary_mean*': 0.01, 'boundary_distribution*': '""normal""', 'silence_tau*': 6, 'silence_delta0*': 0.9000000000000001, 'use_silence?*': False}"
587,"[1762, 1763, 1764]",303.9999518891716,13.735583944114728,284.9999809364902,316.999969833459,31.999988896968773,4.518284907203627,[309.9999049  316.99996983 284.99998094],"{'model*': '""HK""', 'boundary_mean*': 0.04, 'boundary_distribution*': '""normal""', 'silence_tau*': 0, 'silence_delta0*': 1.0, 'use_silence?*': True}"
588,"[1765, 1766, 1767]",233.9998876783642,50.24604983615274,162.99990710214956,271.99994893317967,109.0000418310301,21.47268117718782,[162.9999071  271.99994893 266.999807  ],"{'model*': '""HK""', 'boundary_mean*': 0.01, 'boundary_distribution*': '""normal""', 'silence_tau*': 8, 'silence_delta0*': 0.8, 'use_silence?*': False}"
589,"[1768, 1769, 1770]",256.66646268801037,21.3125774010938,235.99983994270605,285.9999572556708,50.00011731296473,8.303608183902156,[235.99983994 285.99995726 247.99959087],"{'model*': '""HK""', 'boundary_mean*': 0.03, 'boundary_distribution*': '""normal""', 'silence_tau*': 0, 'silence_delta0*': 1.0, 'use_silence?*': False}"
590,"[1771, 1772, 1773]",144.99966092765533,30.735634350854177,117.99946657830526,187.9999438177984,70.00047723949314,21.197038775276244,[187.99994382 117.99946658 128.99957239],"{'model*': '""HK""', 'boundary_mean*': 0.04, 'boundary_distribution*': '""normal""', 'silence_tau*': 8, 'silence_delta0*': 0.9000000000000001, 'use_silence?*': True}"
591,"[1774, 1775, 1776]",86.33299693584472,26.91137188802137,56.99993523120491,121.99980215820382,64.99986692699892,31.171594689362625,[121.99980216  56.99993523  79.99925342],"{'model*': '""HK""', 'boundary_mean*': 0.01, 'boundary_distribution*': '""normal""', 'silence_tau*': 6, 'silence_delta0*': 0.7000000000000002, 'use_silence?*': True}"
592,"[1777, 1778, 1779]",259.3331782018067,10.656343887626589,246.9997040630052,272.99995255962614,26.00024849662094,4.109132491845716,[246.99970406 257.99987798 272.99995256],"{'model*': '""HK""', 'boundary_mean*': 0.04, 'boundary_distribution*': '""normal""', 'silence_tau*': 2, 'silence_delta0*': 1.0, 'use_silence?*': False}"
593,"[1780, 1781, 1782]",0.9568364296232098,0.024494536178654505,0.9379507847880924,0.991428263319196,0.05347747853110363,2.559950208866958,[0.94113024 0.99142826 0.93795078],"{'model*': '""HK""', 'boundary_mean*': 0.06, 'boundary_distribution*': '""normal""', 'silence_tau*': 5, 'silence_delta0*': 0.6000000000000001, 'use_silence?*': False}"
594,"[1783, 1784, 1785]",234.33319318164934,5.312384166146592,227.99991718602053,240.99973827329944,12.999821087278917,2.2670216259241442,[227.99991719 240.99973827 233.99992409],"{'model*': '""HK""', 'boundary_mean*': 0.01, 'boundary_distribution*': '""normal""', 'silence_tau*': 2, 'silence_delta0*': 1.0, 'use_silence?*': False}"
595,"[1786, 1787, 1788]",42.99836574019415,8.525281194851402,35.99776536784376,54.99950853148304,19.001743163639276,19.826988882235845,[35.99776537 54.99950853 37.99782332],"{'model*': '""HK""', 'boundary_mean*': 0.01, 'boundary_distribution*': '""normal""', 'silence_tau*': 3, 'silence_delta0*': 1.0, 'use_silence?*': False}"
596,"[1789, 1790, 1791]",0.9699186350320109,0.01081990686646989,0.9546521805096416,0.9784502506479422,0.023798070138300598,1.115547889861173,[0.95465218 0.97845025 0.97665347],"{'model*': '""HK""', 'boundary_mean*': 0.05, 'boundary_distribution*': '""normal""', 'silence_tau*': 6, 'silence_delta0*': 0.8, 'use_silence?*': True}"
597,"[1792, 1793, 1794]",270.99971545173383,12.08294389885765,253.99987269251997,280.9997399997643,26.99986730724433,4.458655566747144,[253.99987269 280.99974    277.99953366],"{'model*': '""HK""', 'boundary_mean*': 0.05, 'boundary_distribution*': '""normal""', 'silence_tau*': 5, 'silence_delta0*': 1.0, 'use_silence?*': False}"
598,"[1795, 1796, 1797]",145.66652680989014,11.145678332867126,129.9996092132723,154.99998161326204,25.000372399989743,7.651502769344798,[154.99998161 129.99960921 151.9999896 ],"{'model*': '""HK""', 'boundary_mean*': 0.03, 'boundary_distribution*': '""normal""', 'silence_tau*': 3, 'silence_delta0*': 1.0, 'use_silence?*': False}"
599,"[1798, 1799, 1800]",142.33303759396782,30.02572262148888,101.99987772472193,173.99932142196442,71.9994436972425,21.09539930366904,[150.99991364 101.99987772 173.99932142],"{'model*': '""HK""', 'boundary_mean*': 0.05, 'boundary_distribution*': '""normal""', 'silence_tau*': 1, 'silence_delta0*': 1.0, 'use_silence?*': False}"
600,"[1801, 1802, 1803]",0.9515234721429623,0.007259125035655443,0.9438991756427028,0.9612891841646508,0.017390008521948053,0.7628950045033457,[0.94389918 0.96128918 0.94938206],"{'model*': '""HK""', 'boundary_mean*': 0.05, 'boundary_distribution*': '""normal""', 'silence_tau*': 0, 'silence_delta0*': 0.9000000000000001, 'use_silence?*': False}"
601,"[1804, 1805, 1806]",90.66649987281524,11.025088694907854,76.99996652829913,103.99963353242768,26.999667004128554,12.160046665938996,[ 90.99989956  76.99996653 103.99963353],"{'model*': '""HK""', 'boundary_mean*': 0.09, 'boundary_distribution*': '""normal""', 'silence_tau*': 6, 'silence_delta0*': 1.0, 'use_silence?*': False}"
602,"[1807, 1808, 1809]",224.66642386685155,7.586762348700525,213.99943395793017,230.99988837870745,17.000454420777288,3.376900837303938,[230.99988838 228.99994926 213.99943396],"{'model*': '""HK""', 'boundary_mean*': 0.03, 'boundary_distribution*': '""normal""', 'silence_tau*': 1, 'silence_delta0*': 1.0, 'use_silence?*': True}"
603,"[1810, 1811, 1812]",0.8879735646514962,0.008157897105990883,0.8764441320312079,0.8941003104888521,0.017656178457644223,0.9187094560852858,[0.89337625 0.87644413 0.89410031],"{'model*': '""HK""', 'boundary_mean*': 0.05, 'boundary_distribution*': '""normal""', 'silence_tau*': 0, 'silence_delta0*': 1.0, 'use_silence?*': True}"
604,"[1813, 1814, 1815]",107.999865494531,9.933047849538074,93.9999549957942,115.99984018987962,21.999885194085422,9.197277981833295,[115.99984019  93.999955   113.9998013 ],"{'model*': '""HK""', 'boundary_mean*': 0.01, 'boundary_distribution*': '""normal""', 'silence_tau*': 2, 'silence_delta0*': 1.0, 'use_silence?*': True}"
605,"[1816, 1817, 1818]",47.99974376009982,10.800906047998652,37.99996744484999,62.999267532099246,24.999300087249253,22.502007723168294,[62.99926753 42.9999963  37.99996744],"{'model*': '""HK""', 'boundary_mean*': 0.03, 'boundary_distribution*': '""normal""', 'silence_tau*': 0, 'silence_delta0*': 1.0, 'use_silence?*': True}"
606,"[1819, 1820, 1821]",257.33302112339214,25.03781497579761,222.99965865590767,281.99993131368353,59.00027265777587,9.729732650125724,[222.99965866 281.99993131 266.9994734 ],"{'model*': '""HK""', 'boundary_mean*': 0.03, 'boundary_distribution*': '""normal""', 'silence_tau*': 2, 'silence_delta0*': 1.0, 'use_silence?*': True}"
607,"[1822, 1823, 1824]",265.6662102712405,22.09536546039189,243.99982136862016,295.99898051749364,51.999159148873474,8.316964900366107,[256.99982893 243.99982137 295.99898052],"{'model*': '""HK""', 'boundary_mean*': 0.02, 'boundary_distribution*': '""normal""', 'silence_tau*': 6, 'silence_delta0*': 0.8, 'use_silence?*': True}"
608,"[1825, 1826, 1827]",19.332451473119633,3.090911278184957,14.99941946178498,21.998190861631084,6.998771399846104,15.98820140571745,[20.9997441  14.99941946 21.99819086],"{'model*': '""HK""', 'boundary_mean*': 0.03, 'boundary_distribution*': '""normal""', 'silence_tau*': 6, 'silence_delta0*': 0.8, 'use_silence?*': True}"
609,"[1828, 1829, 1830]",99.9984167314351,78.38498520127449,3.996203124961162,195.9994203522564,192.00321722729524,78.38622626575416,[  3.99620312 195.99942035  99.99962672],"{'model*': '""HK""', 'boundary_mean*': 0.03, 'boundary_distribution*': '""normal""', 'silence_tau*': 2, 'silence_delta0*': 1.0, 'use_silence?*': False}"
610,"[1831, 1832, 1833]",292.3327752947064,31.329620234325347,248.99982206876587,321.99981623648574,72.99999416771988,10.717108337490158,[248.99982207 321.99981624 305.99868758],"{'model*': '""HK""', 'boundary_mean*': 0.01, 'boundary_distribution*': '""normal""', 'silence_tau*': 2, 'silence_delta0*': 1.0, 'use_silence?*': False}"
611,"[1834, 1835, 1836]",110.33318781051231,21.2341551951801,83.99983411264051,135.99985996131042,52.00002584866991,19.245483264426223,[135.99985996  83.99983411 110.99986936],"{'model*': '""HK""', 'boundary_mean*': 0.03, 'boundary_distribution*': '""normal""', 'silence_tau*': 7, 'silence_delta0*': 0.8, 'use_silence?*': False}"
612,"[1837, 1838, 1839]",0.9041241765378624,0.005148222878315573,0.8981384637698243,0.9107065635598796,0.012568099790055243,0.5694154643701178,[0.91070656 0.9035275  0.89813846],"{'model*': '""HK""', 'boundary_mean*': 0.01, 'boundary_distribution*': '""normal""', 'silence_tau*': 6, 'silence_delta0*': 0.8, 'use_silence?*': False}"
613,"[1840, 1841, 1842]",2.9924867182144723,2.164119050659113,0.9834603548536714,5.996494011321437,5.0130336564677656,72.31841790597414,[0.98346035 1.99750579 5.99649401],"{'model*': '""HK""', 'boundary_mean*': 0.08, 'boundary_distribution*': '""normal""', 'silence_tau*': 6, 'silence_delta0*': 0.8, 'use_silence?*': False}"
614,"[1843, 1844, 1845]",96.66652737773478,34.72114414356808,54.99976629243486,139.99985328594175,85.0000869935069,35.91847673175587,[ 54.99976629  94.99996255 139.99985329],"{'model*': '""HK""', 'boundary_mean*': 0.05, 'boundary_distribution*': '""normal""', 'silence_tau*': 0, 'silence_delta0*': 0.9000000000000001, 'use_silence?*': False}"
615,"[1846, 1847, 1848]",61.332360186056654,12.970038369175418,42.999009835588375,70.9980760831386,27.999066247550225,21.14713722059572,[69.99999464 70.99807608 42.99900984],"{'model*': '""HK""', 'boundary_mean*': 0.06, 'boundary_distribution*': '""normal""', 'silence_tau*': 0, 'silence_delta0*': 0.9000000000000001, 'use_silence?*': True}"
616,"[1849, 1850, 1851]",180.99989425297179,32.78209273441098,134.99991791873077,208.999886320914,73.99996840218321,18.11166402594334,[208.99988632 134.99991792 198.99987852],"{'model*': '""HK""', 'boundary_mean*': 0.0699999999999999, 'boundary_distribution*': '""normal""', 'silence_tau*': 6, 'silence_delta0*': 1.0, 'use_silence?*': False}"
617,"[1852, 1853, 1854]",72.99964311270725,11.431045811236837,58.99952773236419,86.99975719627335,28.000229463909157,15.659043419688997,[72.99964441 58.99952773 86.9997572 ],"{'model*': '""HK""', 'boundary_mean*': 0.02, 'boundary_distribution*': '""normal""', 'silence_tau*': 2, 'silence_delta0*': 1.0, 'use_silence?*': False}"
618,"[1855, 1856, 1857]",287.3330715333088,2.357121313730393,283.9995986039786,288.9998674132306,5.00026880925202,0.820344592132043,[288.99974858 283.9995986  288.99986741],"{'model*': '""HK""', 'boundary_mean*': 0.01, 'boundary_distribution*': '""normal""', 'silence_tau*': 0, 'silence_delta0*': 1.0, 'use_silence?*': True}"
619,"[1858, 1859, 1860]",200.66630870025344,23.4141696305051,173.99985333177767,230.99983425805573,56.999980926278056,11.668211660523523,[173.99985333 196.99923851 230.99983426],"{'model*': '""HK""', 'boundary_mean*': 0.01, 'boundary_distribution*': '""normal""', 'silence_tau*': 8, 'silence_delta0*': 0.8, 'use_silence?*': True}"
620,"[1861, 1862, 1863]",3.663928646471638,1.6995590909193443,1.996542632930574,5.99682796548729,4.000285332556716,46.38624970374407,[2.99841534 5.99682797 1.99654263],"{'model*': '""HK""', 'boundary_mean*': 0.0699999999999999, 'boundary_distribution*': '""normal""', 'silence_tau*': 7, 'silence_delta0*': 0.5, 'use_silence?*': True}"
621,"[1864, 1865, 1866]",170.3332320163347,64.09533943619633,113.9999554361844,259.9997911882293,145.99983575204493,37.629380172889384,[259.99979119 113.99995544 136.99994942],"{'model*': '""HK""', 'boundary_mean*': 0.04, 'boundary_distribution*': '""normal""', 'silence_tau*': 2, 'silence_delta0*': 1.0, 'use_silence?*': True}"
622,"[1867, 1868, 1869]",0.9488868625641026,0.011119976141293597,0.933874461745178,0.9604491288400632,0.026574667094885207,1.1718969436719735,[0.96044913 0.93387446 0.952337  ],"{'model*': '""HK""', 'boundary_mean*': 0.01, 'boundary_distribution*': '""normal""', 'silence_tau*': 7, 'silence_delta0*': 0.8, 'use_silence?*': True}"
623,"[1870, 1871, 1872]",5.329998113910554,2.87015647098791,1.9918041766956724,8.998855863233283,7.0070516865376105,53.84910856717193,[1.99180418 8.99885586 4.9993343 ],"{'model*': '""HK""', 'boundary_mean*': 0.03, 'boundary_distribution*': '""normal""', 'silence_tau*': 2, 'silence_delta0*': 1.0, 'use_silence?*': False}"
624,"[1873, 1874, 1875]",282.9998810408541,64.56523475797765,191.99984459966603,334.99984809247576,143.00000349280973,22.814580175974335,[321.99995043 191.9998446  334.99984809],"{'model*': '""HK""', 'boundary_mean*': 0.04, 'boundary_distribution*': '""normal""', 'silence_tau*': 2, 'silence_delta0*': 0.8, 'use_silence?*': False}"
625,"[1876, 1877, 1878]",0.9140839041642392,0.007348281464278417,0.9037043274504408,0.9197143183818944,0.01600999093145361,0.8038957289152863,[0.91971432 0.91883307 0.90370433],"{'model*': '""HK""', 'boundary_mean*': 0.04, 'boundary_distribution*': '""normal""', 'silence_tau*': 1, 'silence_delta0*': 1.0, 'use_silence?*': True}"
626,"[1879, 1880, 1881]",274.66651321988576,12.472271115524514,257.9997466460819,287.9999454214956,30.000198775413708,4.54087794296925,[257.99974665 287.99994542 277.99984759],"{'model*': '""HK""', 'boundary_mean*': 0.01, 'boundary_distribution*': '""normal""', 'silence_tau*': 2, 'silence_delta0*': 1.0, 'use_silence?*': False}"
627,"[1882, 1883, 1884]",107.99983518563697,12.569779708116618,90.99982294850092,120.99970028186074,29.99987733335982,11.638702676268796,[ 90.99982295 120.99970028 111.99998233],"{'model*': '""HK""', 'boundary_mean*': 0.05, 'boundary_distribution*': '""normal""', 'silence_tau*': 1, 'silence_delta0*': 1.0, 'use_silence?*': False}"
628,"[1885, 1886, 1887]",191.33308561262456,16.819342840995688,171.999599121811,212.99973158624445,41.00013246443345,8.790608684923603,[212.99973159 188.99992613 171.99959912],"{'model*': '""HK""', 'boundary_mean*': 0.03, 'boundary_distribution*': '""normal""', 'silence_tau*': 2, 'silence_delta0*': 1.0, 'use_silence?*': False}"
629,"[1888, 1889, 1890]",8.3321861653426,5.557856857635247,2.998599797581284,15.998909510552286,13.000309712971003,66.70346470117211,[ 5.99904919 15.99890951  2.9985998 ],"{'model*': '""HK""', 'boundary_mean*': 0.03, 'boundary_distribution*': '""normal""', 'silence_tau*': 2, 'silence_delta0*': 1.0, 'use_silence?*': False}"
630,"[1891, 1892, 1893]",50.666236558445924,38.05571297878333,10.999047503812376,101.9996964801303,91.00064897631792,75.11059743875835,[ 10.9990475   38.99996569 101.99969648],"{'model*': '""HK""', 'boundary_mean*': 0.0999999999999999, 'boundary_distribution*': '""normal""', 'silence_tau*': 2, 'silence_delta0*': 1.0, 'use_silence?*': False}"
631,"[1894, 1895, 1896]",243.99990001963297,50.219534770419315,182.99987278327157,305.9999139030265,123.00004111975491,20.581784978755525,[242.99991337 182.99987278 305.9999139 ],"{'model*': '""HK""', 'boundary_mean*': 0.03, 'boundary_distribution*': '""normal""', 'silence_tau*': 1, 'silence_delta0*': 1.0, 'use_silence?*': False}"
632,"[1897, 1898, 1899]",333.66625921364954,2.8673960608493716,329.9997241272493,336.9996369527382,6.999912825488877,0.8593605081937133,[336.99963695 333.99941656 329.99972413],"{'model*': '""HK""', 'boundary_mean*': 0.01, 'boundary_distribution*': '""normal""', 'silence_tau*': 2, 'silence_delta0*': 1.0, 'use_silence?*': True}"
633,"[1900, 1901, 1902]",257.66640296200785,15.797499102863716,245.9998050632578,279.9999848471125,34.00017978385469,6.130989108887825,[246.99941898 279.99998485 245.99980506],"{'model*': '""HK""', 'boundary_mean*': 0.04, 'boundary_distribution*': '""normal""', 'silence_tau*': 2, 'silence_delta0*': 1.0, 'use_silence?*': True}"
634,"[1903, 1904, 1905]",103.66655274859043,25.978737614912188,66.99972446189761,123.9999643025145,57.000239840616885,25.059903050808664,[ 66.99972446 123.9999643  119.99996948],"{'model*': '""HK""', 'boundary_mean*': 0.01, 'boundary_distribution*': '""normal""', 'silence_tau*': 7, 'silence_delta0*': 0.8, 'use_silence?*': True}"
635,"[1906, 1907, 1908]",0.8618913363972913,0.00415277588936786,0.8567357600700154,0.8669049706010551,0.010169210531039696,0.48182128233548294,[0.86690497 0.85673576 0.86203328],"{'model*': '""HK""', 'boundary_mean*': 0.0999999999999999, 'boundary_distribution*': '""normal""', 'silence_tau*': 2, 'silence_delta0*': 1.0, 'use_silence?*': False}"
636,"[1909, 1910, 1911]",83.66653176929191,26.132165954235735,51.99989673349868,115.99994975118511,64.00005301768644,31.23371484585311,[ 51.99989673 115.99994975  82.99974882],"{'model*': '""HK""', 'boundary_mean*': 0.03, 'boundary_distribution*': '""normal""', 'silence_tau*': 1, 'silence_delta0*': 0.9000000000000001, 'use_silence?*': True}"
637,"[1912, 1913, 1914]",316.6666135677024,6.2361055976751505,309.99998766120973,324.9999859011155,14.999998239905779,1.9692968347425386,[324.9999859  309.99998766 314.99986714],"{'model*': '""HK""', 'boundary_mean*': 0.05, 'boundary_distribution*': '""normal""', 'silence_tau*': 2, 'silence_delta0*': 0.9000000000000001, 'use_silence?*': False}"
638,"[1915, 1916, 1917]",319.33321582289574,21.761388758621848,288.99981399203017,338.99998463573195,50.00017064370178,6.814633642962733,[329.99984884 338.99998464 288.99981399],"{'model*': '""HK""', 'boundary_mean*': 0.01, 'boundary_distribution*': '""normal""', 'silence_tau*': 6, 'silence_delta0*': 0.7000000000000002, 'use_silence?*': False}"
639,"[1918, 1919, 1920]",41.332389833117425,2.624822139829282,38.99927963415589,44.99934180074397,6.00006216658808,6.350521105668448,[44.9993418  38.99927963 39.99854806],"{'model*': '""HK""', 'boundary_mean*': 0.05, 'boundary_distribution*': '""normal""', 'silence_tau*': 0, 'silence_delta0*': 0.8, 'use_silence?*': False}"
640,"[1921, 1922, 1923]",236.33286810140407,21.250228427093802,210.9989034588778,262.9998857413341,52.00098228245628,8.991651731648219,[234.9998151  262.99988574 210.99890346],"{'model*': '""HK""', 'boundary_mean*': 0.01, 'boundary_distribution*': '""normal""', 'silence_tau*': 6, 'silence_delta0*': 0.8, 'use_silence?*': False}"
641,"[1924, 1925, 1926]",0.9345139806356428,0.007277075910861471,0.9290779312722324,0.9447997510984631,0.015721819826230776,0.778701663287232,[0.94479975 0.92907793 0.92966426],"{'model*': '""HK""', 'boundary_mean*': 0.03, 'boundary_distribution*': '""normal""', 'silence_tau*': 6, 'silence_delta0*': 1.0, 'use_silence?*': False}"
642,"[1927, 1928, 1929]",243.66655654916062,8.219210492356092,232.99992487329965,252.99991716123105,19.999992287931406,3.3731385253510724,[244.99982761 252.99991716 232.99992487],"{'model*': '""HK""', 'boundary_mean*': 0.01, 'boundary_distribution*': '""normal""', 'silence_tau*': 2, 'silence_delta0*': 0.9000000000000001, 'use_silence?*': True}"
643,"[1930, 1931, 1932]",291.99973839518503,37.211193491311555,244.9995955943626,335.9997930662837,91.0001974719211,12.74357083188577,[294.99982652 244.99959559 335.99979307],"{'model*': '""HK""', 'boundary_mean*': 0.01, 'boundary_distribution*': '""normal""', 'silence_tau*': 6, 'silence_delta0*': 1.0, 'use_silence?*': False}"
644,"[1933, 1934, 1935]",256.9997995810348,21.64857978943154,230.99988033423887,283.9995684788173,52.99968814457844,8.423578471548772,[255.99994993 230.99988033 283.99956848],"{'model*': '""HK""', 'boundary_mean*': 0.01, 'boundary_distribution*': '""normal""', 'silence_tau*': 6, 'silence_delta0*': 0.8, 'use_silence?*': True}"
645,"[1936, 1937, 1938]",190.99979717272268,44.21158554901695,152.9998069486165,252.9997574285168,99.99995047990029,23.147451569823424,[166.99982714 152.99980695 252.99975743],"{'model*': '""HK""', 'boundary_mean*': 0.05, 'boundary_distribution*': '""normal""', 'silence_tau*': 5, 'silence_delta0*': 0.8, 'use_silence?*': True}"
646,"[1939, 1940, 1941]",335.66630724216185,13.670620340941197,325.9995632745018,354.9994839335393,28.999920659037514,4.072681721695325,[325.99987452 325.99956327 354.99948393],"{'model*': '""HK""', 'boundary_mean*': 0.01, 'boundary_distribution*': '""normal""', 'silence_tau*': 6, 'silence_delta0*': 0.8, 'use_silence?*': False}"
647,"[1942, 1943, 1944]",231.3331600728352,10.498766774209189,221.99974170644947,245.9999508490636,24.000209142614125,4.538375203495969,[245.99995085 225.99978766 221.99974171],"{'model*': '""HK""', 'boundary_mean*': 0.04, 'boundary_distribution*': '""normal""', 'silence_tau*': 7, 'silence_delta0*': 1.0, 'use_silence?*': True}"
648,"[1945, 1946, 1947]",213.3330100663094,33.905080360664726,170.99968094830066,253.99963990052552,82.99995895222486,15.89303050199599,[253.9996399  170.99968095 214.99970935],"{'model*': '""HK""', 'boundary_mean*': 0.03, 'boundary_distribution*': '""normal""', 'silence_tau*': 6, 'silence_delta0*': 0.8, 'use_silence?*': False}"
649,"[1948, 1949, 1950]",344.6663236484456,18.372746230413195,321.9996447378825,366.9997974867617,45.0001527488792,5.3305893177869965,[344.99952872 321.99964474 366.99979749],"{'model*': '""HK""', 'boundary_mean*': 0.03, 'boundary_distribution*': '""normal""', 'silence_tau*': 1, 'silence_delta0*': 1.0, 'use_silence?*': True}"
650,"[1951, 1952, 1953]",344.99974630192287,7.2572321297415625,337.99958560290406,354.99978356808674,17.00019796518268,2.1035470917101695,[354.99978357 337.9995856  341.99986973],"{'model*': '""HK""', 'boundary_mean*': 0.01, 'boundary_distribution*': '""normal""', 'silence_tau*': 0, 'silence_delta0*': 1.0, 'use_silence?*': True}"
651,"[1954, 1955, 1956]",264.6658434674495,26.911048455228602,228.99983721337156,293.9992288425943,64.99939162922271,10.167934064577667,[293.99922884 270.99846435 228.99983721],"{'model*': '""HK""', 'boundary_mean*': 0.04, 'boundary_distribution*': '""normal""', 'silence_tau*': 3, 'silence_delta0*': 0.8, 'use_silence?*': True}"
652,"[1957, 1958, 1959]",318.6665586295762,48.609548299479684,250.99991474542523,362.9999404719948,112.00002572656959,15.254047524950465,[250.99991475 341.99982067 362.99994047],"{'model*': '""HK""', 'boundary_mean*': 0.01, 'boundary_distribution*': '""normal""', 'silence_tau*': 5, 'silence_delta0*': 0.8, 'use_silence?*': False}"
653,"[1960, 1961, 1962]",199.99990429973525,33.94115527581418,151.99986218608237,223.9999578557696,72.00009566968723,16.970585758354844,[223.99989286 223.99995786 151.99986219],"{'model*': '""HK""', 'boundary_mean*': 0.03, 'boundary_distribution*': '""normal""', 'silence_tau*': 3, 'silence_delta0*': 0.9000000000000001, 'use_silence?*': True}"
654,"[1963, 1964, 1965]",133.33312771289735,10.143547749045924,118.99960854046608,140.99989980487766,22.000291264411572,7.607672543981532,[118.99960854 140.9998998  139.99987479],"{'model*': '""HK""', 'boundary_mean*': 0.04, 'boundary_distribution*': '""normal""', 'silence_tau*': 2, 'silence_delta0*': 0.9000000000000001, 'use_silence?*': False}"
655,"[1966, 1967, 1968]",299.66630506775056,26.08097527013928,275.9995700436009,335.99947148787646,59.999901444275565,8.70333929076301,[275.99957004 335.99947149 286.99987367],"{'model*': '""HK""', 'boundary_mean*': 0.03, 'boundary_distribution*': '""normal""', 'silence_tau*': 6, 'silence_delta0*': 0.8, 'use_silence?*': False}"
656,"[1969, 1970, 1971]",19.665387376836687,8.731140623536916,12.998943362864424,31.999615885231144,19.00067252236672,44.398518352204356,[12.99894336 13.99760288 31.99961589],"{'model*': '""HK""', 'boundary_mean*': 0.03, 'boundary_distribution*': '""normal""', 'silence_tau*': 0, 'silence_delta0*': 1.0, 'use_silence?*': True}"
657,"[1972, 1973, 1974]",338.66633839715854,13.199431086003797,319.9995239415633,347.99997263097964,28.000448689416316,3.8974735866794794,[347.99997263 319.99952394 347.99951862],"{'model*': '""HK""', 'boundary_mean*': 0.04, 'boundary_distribution*': '""normal""', 'silence_tau*': 6, 'silence_delta0*': 0.7000000000000002, 'use_silence?*': True}"
658,"[1975, 1976, 1977]",25.331918493618343,3.681496450798852,20.99838925406899,29.997786437256384,8.999397183187394,14.533034486615376,[29.99778644 20.99838925 24.99957979],"{'model*': '""HK""', 'boundary_mean*': 0.01, 'boundary_distribution*': '""normal""', 'silence_tau*': 6, 'silence_delta0*': 0.8, 'use_silence?*': True}"
659,"[1978, 1979, 1980]",3.3275408884307374,1.8863711060517536,1.9886555160889103,5.995266185849918,4.006610669761008,56.68964467455013,[5.99526619 1.98865552 1.99870096],"{'model*': '""HK""', 'boundary_mean*': 0.04, 'boundary_distribution*': '""normal""', 'silence_tau*': 3, 'silence_delta0*': 0.8, 'use_silence?*': True}"
660,"[1981, 1982, 1983]",353.9997414556251,12.961540047579975,335.99963034608174,365.9996771147677,30.000046768685934,3.661454664990128,[365.99967711 335.99963035 359.99991691],"{'model*': '""HK""', 'boundary_mean*': 0.01, 'boundary_distribution*': '""normal""', 'silence_tau*': 8, 'silence_delta0*': 0.7000000000000002, 'use_silence?*': False}"
661,"[1984, 1985, 1986]",224.66659171822025,4.921621973220992,218.99988290023748,230.99992507716044,12.00004217692296,2.19063365655796,[223.99996718 230.99992508 218.9998829 ],"{'model*': '""HK""', 'boundary_mean*': 0.03, 'boundary_distribution*': '""normal""', 'silence_tau*': 1, 'silence_delta0*': 1.0, 'use_silence?*': True}"
662,"[1987, 1988, 1989]",242.66656191924633,31.47836604867989,199.99995078321845,274.99993631737493,74.99998553415648,12.97185974026168,[199.99995078 274.99993632 252.99979866],"{'model*': '""HK""', 'boundary_mean*': 0.04, 'boundary_distribution*': '""normal""', 'silence_tau*': 5, 'silence_delta0*': 0.8, 'use_silence?*': False}"
663,"[1990, 1991, 1992]",164.9996858830065,33.53605469038379,131.9996225711834,210.999671985601,79.00004941441759,20.32492032388633,[210.99967199 151.99976309 131.99962257],"{'model*': '""HK""', 'boundary_mean*': 0.02, 'boundary_distribution*': '""normal""', 'silence_tau*': 0, 'silence_delta0*': 0.9000000000000001, 'use_silence?*': False}"
664,"[1993, 1994, 1995]",4.995630707960578,2.831308988331375,0.9915551913036812,6.998237492347908,6.0066823010442265,56.6757063091085,[0.99155519 6.99709944 6.99823749],"{'model*': '""HK""', 'boundary_mean*': 0.05, 'boundary_distribution*': '""normal""', 'silence_tau*': 2, 'silence_delta0*': 0.7000000000000002, 'use_silence?*': False}"
665,"[1996, 1997, 1998]",294.33308681533435,21.483711060744604,263.99996473720154,310.99999453339177,47.00002979619023,7.29911519401268,[310.99999453 263.99996474 307.99930118],"{'model*': '""HK""', 'boundary_mean*': 0.01, 'boundary_distribution*': '""normal""', 'silence_tau*': 6, 'silence_delta0*': 0.7000000000000002, 'use_silence?*': True}"
666,"[1999, 2000, 2001]",161.66642764225105,25.48619344186822,134.99986027421232,195.9994666305324,60.99960635632007,15.76467904534032,[153.99995602 134.99986027 195.99946663],"{'model*': '""HK""', 'boundary_mean*': 0.05, 'boundary_distribution*': '""normal""', 'silence_tau*': 6, 'silence_delta0*': 0.9000000000000001, 'use_silence?*': False}"
